loss,mae,mse,rmse,r2
0.0008481549448333681,0.014509472942864454,0.0005666962263979211,0.023805382298923938,0.905032789636952
