loss,mae,mse,rmse,r2
0.04721693112514913,1.1013570953573,3.3618414564173382,1.833532507597653,0.9191089742724009
