loss,mae,mse,rmse,r2
0.000908919086214155,0.016002532783975284,0.0006213520260015893,0.024926933746483727,0.8958735459774089
