loss,mae,mse,rmse,r2
0.04243230796419084,1.0224172815212833,2.8926794830634863,1.700787900669418,0.9303977259131226
