loss,mae,mse,rmse,r2
0.0012602499919012189,0.02043828680923831,0.0008921620183675149,0.029869081311073412,0.833539538145063
