loss,mae,mse,rmse,r2
0.06908595678396523,1.173918961313749,3.1094214594639626,1.7633551711053457,0.9261252110702862
