loss,mae,mse,rmse,r2
0.036257863393984735,1.046802047735331,2.264463281915714,1.50481337112471,0.9455135645236958
