loss,mae,mse,rmse,r2
4.44029166828799,97.28926280383901,26995.081781639998,164.30180090809,0.9327616721520888
