loss,mae,mse,rmse,r2
0.00044402916682884097,0.009728926280383935,0.00026995081781641813,0.01643018009080905,0.9327616721520887
