loss,mae,mse,rmse,r2
0.0004457225149963051,0.010429566155478957,0.00027448188005973356,0.016567494682652943,0.9316330923201042
