loss,mae,mse,rmse,r2
0.03987272211816162,1.063985124081694,2.6573192009387063,1.6301285841732567,0.9360608527688726
