loss,mae,mse,rmse,r2
0.0007263691513799131,0.012270067705410928,0.0004942176042702035,0.022231005471417695,0.8937072941698169
