loss,mae,mse,rmse,r2
0.04069249262101948,1.019418133791787,2.70274186468609,1.6440017836626848,0.934967914297669
