loss,mae,mse,rmse,r2
4.52615233371,97.419605061033,27578.843980190002,166.06879291485498,0.9313076593652716
