loss,mae,mse,rmse,r2
0.00045261523337103426,0.00974196050610337,0.0002757884398019713,0.016606879291485542,0.9313076593652716
