loss,mae,mse,rmse,r2
0.000999522628262639,0.016042241216986552,0.0007207363589982902,0.026846533463341038,0.8792186744274763
