loss,mae,mse,rmse,r2
0.03830938367173076,0.9822710812932105,2.499726962893354,1.5810524858123318,0.9398527620386754
