huber_weight,mse,rmse,mae,bias,r2,spearman_r,pctl_obs_mm,pctl_pred_mm,pctl_rel_bias,csi_50mm,mse_objective,mae_objective,balanced_objective
0.0,1351.817374381251,36.76706915680459,25.1792481496278,3.567930640726938,0.7703318014304381,0.8521795136075251,299.1713659667969,273.9461877441406,-0.0843168200310181,0.7525176233635448,1351.817374381251,25.1792481496278,0.3098463575706342
0.001,1351.7020370664889,36.76550063669049,25.179271905331714,3.56750461217152,0.770351396764698,0.8521716827710243,299.1713659667969,273.9514500344849,-0.08429923047886542,0.7525176233635448,1351.7020370664889,25.179271905331714,0.30983943207228615
0.002,1351.5871009225395,36.763937505693534,25.17929871372233,3.5670785836161025,0.7703709239416907,0.8521705557290783,299.1713659667969,273.9567123248291,-0.08428164092671293,0.7525176233635448,1351.5871009225395,25.17929871372233,0.30983254659605525
0.003,1351.4725659494038,36.762379764501155,25.179335232338847,3.5666525550606845,0.7703903829614162,0.8521643706267747,299.1713659667969,273.96197461517335,-0.08426405137456025,0.7525176233635448,1351.4725659494038,25.179335232338847,0.3098257435311663
0.004,1351.3584321470814,36.76082741379853,25.179376379042996,3.566226526505267,0.7704097738238744,0.8521636046305356,299.1713659667969,273.9672369055176,-0.08424646182240757,0.7525176233635448,1351.3584321470814,25.179376379042996,0.3098189905237535
0.005,1351.2446995155726,36.75928045426859,25.179419729350506,3.5658004979498488,0.7704290965290654,0.8521622697421306,299.1713659667969,273.9724991958618,-0.08422887227025506,0.7525176233635448,1351.2446995155726,25.179419729350506,0.30981227214044554
0.006,1351.131368054877,36.75773888659199,25.179467390616146,3.5653744693944307,0.7704483510769892,0.8521579292571094,299.1713659667969,273.9777614862061,-0.08421128271810238,0.7525176233635448,1351.131368054877,25.179467390616146,0.3098056018007522
0.007,1351.0184377649946,36.756202711447145,25.179525835869654,3.5649484408390126,0.7704675374676457,0.8521495028709207,299.1713659667969,273.98302377655034,-0.0841936931659497,0.7525176233635448,1351.0184377649946,25.179525835869654,0.30979902071914595
0.008,1350.9059086459258,36.75467192951021,25.179586468773596,3.5645224122835955,0.770486655701035,0.8521444278685917,299.1713659667969,273.98828606689455,-0.08417610361379721,0.7525176233635448,1350.9059086459258,25.179586468773596,0.3097924741678518
0.009000000000000001,1350.7937806976706,36.75314654145507,25.179647101677535,3.5640963837281774,0.7705057057771572,0.852137759839931,299.1713659667969,273.9935483572388,-0.08415851406164453,0.7525176233635448,1350.7937806976706,25.179647101677535,0.30978594822131517
0.01,1350.6820539202286,36.751626547953336,25.179707734581473,3.5636703551727593,0.7705246876960119,0.852134833207867,299.1713659667969,273.998810647583,-0.08414092450949204,0.7525176233635448,1350.6820539202286,25.179707734581473,0.30977944288210185
0.011,1350.5707283135996,36.75011194967438,25.17976836748541,3.5632443266173413,0.7705436014575996,0.8521287798200399,299.1713659667969,274.0040729379273,-0.08412333495733935,0.7525176233635448,1350.5707283135996,25.17976836748541,0.30977295815276884
0.012,1350.4598038777845,36.7486027472853,25.179829000389354,3.5628182980619223,0.77056244706192,0.8521228656289478,299.1713659667969,274.00933522827154,-0.08410574540518667,0.7525176233635448,1350.4598038777845,25.179829000389354,0.3097664940358644
0.013000000000000001,1350.3492806127826,36.74709894145091,25.179889633293293,3.562392269506505,0.7705812245089732,0.8521136842828517,299.1713659667969,274.01459751861574,-0.08408815585303417,0.7518872672370408,1350.3492806127826,25.179889633293293,0.30976005053392824
0.014,1350.239158518594,36.74560053283378,25.179950266197228,3.5619662409510866,0.7705999337987591,0.8521078032007545,299.1713659667969,274.01985980896,-0.08407056630088149,0.7518872672370408,1350.239158518594,25.179950266197228,0.3097536276494913
0.015,1350.1294375952189,36.74410752209419,25.1800137902124,3.5615402123956685,0.7706185749312778,0.852103691378905,299.1713659667969,274.02512209930427,-0.0840529767487288,0.7518872672370408,1350.1294375952189,25.1800137902124,0.3097472437919329
0.016,1350.0201178426573,36.742619909890166,25.180078888217608,3.561114183840251,0.7706371479065294,0.8520969820374871,299.1713659667969,274.0303843896485,-0.08403538719657631,0.7518872672370408,1350.0201178426573,25.180078888217608,0.3097408905780425
0.017,1349.911199260909,36.741137696877445,25.180144005262722,3.5606881552848337,0.7706556527245136,0.8520876014495294,299.1713659667969,274.03564667999274,-0.08401779764442363,0.7518872672370408,1349.911199260909,25.180144005262722,0.3097345581104137
0.018000000000000002,1349.8026818499739,36.7396608837095,25.180212799972235,3.560262126729416,0.7706740893852306,0.8520740685286357,299.1713659667969,274.0454195556641,-0.08398513116365998,0.7521389028686462,1349.8026818499739,25.180212799972235,0.3097282696849315
0.019,1349.6945656098524,36.73818947103752,25.18028221558744,3.559836098173998,0.7706924578886805,0.8520654175677953,299.1713659667969,274.05529858398444,-0.08395210986067403,0.7521389028686462,1349.6945656098524,25.18028221558744,0.30972200584259774
0.02,1349.586850540544,36.73672345951043,25.180351631202637,3.5594100696185795,0.7707107582348631,0.8520598539205255,299.1713659667969,274.06517761230475,-0.08391908855768807,0.7521389028686462,1349.586850540544,25.180351631202637,0.30971576263276673
0.021,1349.4795366420492,36.73526284977486,25.18042452221542,3.5589840410631615,0.7707289904237784,0.8520496149037109,299.1713659667969,274.07505664062506,-0.0838860672547021,0.7521389028686462,1349.4795366420492,25.18042452221542,0.30970956218474555
0.022,1349.3726239143675,36.73380764247518,25.180502124145853,3.5585580125077434,0.7707471544554266,0.8520388716628237,299.1713659667969,274.0849356689454,-0.08385304595171615,0.7521389028686462,1349.3726239143675,25.180502124145853,0.3097034123671894
0.023,1349.2661123574997,36.73235783825345,25.180591041371517,3.5581319839523258,0.7707652503298075,0.8520321864516902,299.1713659667969,274.0948146972657,-0.08382002464873019,0.7521389028686462,1349.2661123574997,25.180591041371517,0.3096973552306853
0.024,1349.160001971445,36.73091343774947,25.180692664097272,3.5577059553969077,0.7707832780469211,0.8520217111558333,299.1713659667969,274.104693725586,-0.08378700334574422,0.7521389028686462,1349.160001971445,25.180692664097272,0.30969139962870385
0.025,1349.0542927562037,36.729474441600765,25.18079428682303,3.557279926841489,0.7708012376067677,0.8520152188533636,299.1713659667969,274.1145727539063,-0.08375398204275827,0.7523282154543166,1349.0542927562037,25.18079428682303,0.309685464671489
0.026000000000000002,1348.9489847117757,36.72804085044253,25.18089590954879,3.5568538982860725,0.7708191290093469,0.8520083114458676,299.1713659667969,274.12445178222663,-0.08372096073977231,0.7525799144223508,1348.9489847117757,25.18089590954879,0.30967955036146727
0.027,1348.8440778381612,36.726612664907734,25.181017164844363,3.5564278697306544,0.7708369522546588,0.8520027813885951,299.1713659667969,274.13433081054694,-0.08368793943678635,0.7525799144223508,1348.8440778381612,25.181017164844363,0.30967378169586846
0.028,1348.73957213536,36.725189885627,25.181145690506053,3.5560018411752363,0.7708547073427037,0.852002670223608,299.1713659667969,274.14420983886725,-0.0836549181338004,0.7523282154543166,1348.73957213536,25.181145690506053,0.30966807997057766
0.029,1348.6354676033723,36.72377251322871,25.181281649640727,3.5555758126198187,0.7708723942734812,0.851994321091741,299.1713659667969,274.15408886718757,-0.08362189683081443,0.7523282154543166,1348.6354676033723,25.181281649640727,0.30966244622644884
0.03,1348.5317642421978,36.722360548338905,25.1814220046799,3.5551497840644,0.7708900130469915,0.851984505544049,299.1713659667969,274.1639678955079,-0.08358887552782847,0.7523282154543166,1348.5317642421978,25.1814220046799,0.30965686112656615
0.031,1348.428462051837,36.72095399158139,25.181568277436718,3.554723755508982,0.7709075636632345,0.8519783483933265,299.1713659667969,274.1738469238282,-0.0835558542248425,0.7523282154543166,1348.428462051837,25.181568277436718,0.30965133436225045
0.032,1348.3255610322892,36.71955284357762,25.18172378987484,3.554297726953565,0.7709250461222104,0.8519721044751248,299.1713659667969,274.1837259521485,-0.08352283292185655,0.7523282154543166,1348.3255610322892,25.18172378987484,0.30964588708584356
0.033,1348.2230611835548,36.7181571049468,25.181887321125448,3.553871698398147,0.770942460423919,0.8519619220829755,299.1713659667969,274.17522909790046,-0.08355123421694906,0.7523282154543166,1348.2230611835548,25.181887321125448,0.30964051152679734
0.034,1348.120962505634,36.71676677630581,25.1820553613432,3.553445669842729,0.7709598065683605,0.8519560629399298,299.1713659667969,274.17952945556647,-0.08353685998814506,0.7523282154543166,1348.120962505634,25.1820553613432,0.3096351853413128
0.035,1348.0192649985265,36.71538185826925,25.182224596173754,3.5530196412873107,0.7709770845555346,0.8519466750300476,299.1713659667969,274.1855896911622,-0.08351660325142114,0.7523282154543166,1348.0192649985265,25.182224596173754,0.3096298874302161
0.036000000000000004,1347.9179686622326,36.71400235144941,25.182403497407023,3.5525936127318936,0.7709942943854415,0.8519422901591985,299.1713659667969,274.1916499267579,-0.08349634651469721,0.7523282154543166,1347.9179686622326,25.182403497407023,0.30962467173324676
0.037,1347.8170734967518,36.71262825645628,25.182584805458188,3.5521675841764755,0.7710114360580813,0.8519345678802803,299.1713659667969,274.1977101623536,-0.08347608977797348,0.7523282154543166,1347.8170734967518,25.182584805458188,0.3096194920330886
0.038,1347.7165795020844,36.71125957389755,25.18277290688894,3.551741555621057,0.7710285095734538,0.8519277165362803,299.1713659667969,274.20377039794926,-0.08345583304124975,0.7523282154543166,1347.7165795020844,25.18277290688894,0.3096143762600141
0.039,1347.6164866782308,36.70989630437862,25.182972057563337,3.55131552706564,0.771045514931559,0.8519200525655357,299.1713659667969,274.209830633545,-0.08343557630452582,0.7523282154543166,1347.6164866782308,25.182972057563337,0.3096093515121739
0.04,1347.51679502519,36.70853844850255,25.183183812986627,3.5508894985102204,0.7710624521323971,0.8519154264452867,299.1713659667969,274.21589086914065,-0.0834153195678021,0.7523282154543166,1347.51679502519,25.183183812986627,0.30960442769531715
0.041,1347.417504542963,36.70718600687014,25.18340418813765,3.5504634699548037,0.7710793211759679,0.8519116086762061,299.1713659667969,274.2219511047364,-0.08339506283107817,0.7520765164862824,1347.417504542963,25.18340418813765,0.30959957944027827
0.042,1347.318615231549,36.70583898007985,25.183629401890105,3.5500374413993847,0.7710961220622715,0.8518996652275713,299.1713659667969,274.2280113403321,-0.08337480609435424,0.7520765164862824,1347.318615231549,25.183629401890105,0.30959478267602164
0.043000000000000003,1347.2201270909486,36.704497368727836,25.183855709541195,3.549611412843968,0.7711128547913079,0.8518934417519696,299.1713659667969,274.23407157592777,-0.08335454935763051,0.7521389028686462,1347.2201270909486,25.183855709541195,0.30959001356340077
0.044,1347.1220401211617,36.70316117340796,25.184082017192285,3.549185384288549,0.7711295193630769,0.851884841937712,299.1713659667969,274.2401318115235,-0.0833342926209066,0.7521389028686462,1347.1220401211617,25.184082017192285,0.30958526514015244
0.045,1347.024354322188,36.70183039471176,25.184317990677773,3.5487593557331314,0.7711461157775789,0.8518798146080602,299.1713659667969,274.24619204711917,-0.08331403588418286,0.7521389028686462,1347.024354322188,25.184317990677773,0.30958059894806794
0.046,1346.9270696940278,36.70050503322846,25.184559673015244,3.5483333271777133,0.7711626440348136,0.851870587940854,299.1713659667969,274.25225228271484,-0.08329377914745913,0.7521389028686462,1346.9270696940278,25.184559673015244,0.3095759897964521
0.047,1346.8301862366807,36.69918508954498,25.18480442343126,3.5479072986222957,0.7711791041347811,0.8518608094303428,299.1713659667969,274.2583125183106,-0.08327352241073502,0.7519496855345912,1346.8301862366807,25.18480442343126,0.3095714208745175
0.048,1346.7337039501472,36.69787056424592,25.185050815716078,3.5474812700668785,0.7711954960774812,0.8518505657103943,299.1713659667969,274.2643727539063,-0.08325326567401128,0.7519496855345912,1346.7337039501472,25.185050815716078,0.30956688310423797
0.049,1346.6376228344272,36.69656145791356,25.18529720800089,3.54705524151146,0.7712118198629142,0.8518430809664688,299.1713659667969,274.270432989502,-0.08323300893728736,0.7519496855345912,1346.6376228344272,25.18529720800089,0.30956236603454107
0.05,1346.5419428895204,36.69525777112787,25.185543600285705,3.546629212956042,0.77122807549108,0.8518386767753588,299.1713659667969,274.2764932250977,-0.08321275220056362,0.7519496855345912,1346.5419428895204,25.185543600285705,0.3095578696676423
0.051000000000000004,1346.4466641154272,36.6939595044665,25.18579140286875,3.546203184400624,0.7712442629619785,0.8518300779498285,299.1713659667969,274.2825534606934,-0.08319249546383971,0.7519496855345912,1346.4466641154272,25.18579140286875,0.3095534029847034
0.052000000000000005,1346.351786512147,36.69266665850476,25.18604020575855,3.5457771558452063,0.7712603822756099,0.8518199776487465,299.1713659667969,274.28861369628913,-0.08317223872711578,0.7519496855345912,1346.351786512147,25.18604020575855,0.30954896337762666
0.053,1346.2573100796806,36.69137923381568,25.18628900864835,3.545351127289788,0.7712764334319739,0.8518122268036333,299.1713659667969,274.2946739318848,-0.08315198199039205,0.7519496855345912,1346.2573100796806,25.18628900864835,0.3095445444799413
0.054,1346.1632348180274,36.69009723096993,25.18653781153815,3.5449250987343706,0.7712924164310708,0.8518061848262508,299.1713659667969,274.3007341674805,-0.08313172525366812,0.7515090543259557,1346.1632348180274,25.18653781153815,0.3095401462938273
0.055,1346.0695607271875,36.688820650535874,25.186788093024827,3.5444990701789525,0.7713083312729004,0.8518009005344557,299.1713659667969,274.3067944030762,-0.08311146851694438,0.7515090543259557,1346.0695607271875,25.186788093024827,0.3095357782352485
0.056,1345.976287807161,36.687549493079544,25.1870423588266,3.5440730416235344,0.7713241779574628,0.8517956248472583,299.1713659667969,274.3128546386719,-0.08309121178022047,0.7515090543259557,1345.976287807161,25.1870423588266,0.3095314562595397
0.057,1345.8834160579484,36.68628375916465,25.18729977151511,3.543647013068117,0.771339956484758,0.8517873691367362,299.1713659667969,274.3189148742676,-0.08307095504349674,0.7513200905204929,1345.8834160579484,25.18729977151511,0.30952717503719374
0.058,1345.7909454795486,36.68502344935258,25.187559164241137,3.5432209845127,0.7713556668547858,0.8517808890196592,299.1713659667969,274.3249751098633,-0.08305069830677281,0.7513200905204929,1345.7909454795486,25.187559164241137,0.3095229271413685
0.059000000000000004,1345.698876071962,36.683768564202374,25.187823810388988,3.542794955957281,0.7713713090675467,0.8517759923088674,299.1713659667969,274.33103534545904,-0.0830304415700489,0.7513200905204929,1345.698876071962,25.187823810388988,0.3095187334148769
0.06,1345.6072078351892,36.68251910427076,25.18809228053549,3.5423689274018626,0.7713868831230402,0.8517696601534571,299.1713659667969,274.3370955810547,-0.08301018483332516,0.7513200905204929,1345.6072078351892,25.18809228053549,0.3095145847591278
0.061,1345.51594076923,36.681275070112136,25.18837073871677,3.5419428988464534,0.7714023890212663,0.8517593580986126,299.1713659667969,274.34315581665044,-0.08298992809660123,0.7513200905204929,1345.51594076923,25.18837073871677,0.30951052042084853
0.062,1345.4250748740837,36.68003646227855,25.188653190312436,3.541516870291027,0.7714178267622254,0.8517532457078307,299.1713659667969,274.3492160522461,-0.0829696713598775,0.7513200905204929,1345.4250748740837,25.188653190312436,0.30950650223615855
0.063,1345.334610149751,36.67880328131973,25.188945182425797,3.541090841735618,0.7714331963459172,0.8517414998442716,299.1713659667969,274.35527628784183,-0.08294941462315358,0.7513200905204929,1345.334610149751,25.188945182425797,0.30950256552393723
0.064,1345.2445465962317,36.67757552778307,25.189238972957412,3.5406648131801917,0.7714484977723418,0.8517314394129399,299.1713659667969,274.36133652343756,-0.08292915788642966,0.75157153633392,1345.2445465962317,25.189238972957412,0.30949866099459994
0.065,1345.1548842135257,36.676353202213626,25.189541442101035,3.5402387846247825,0.7714637310414991,0.8517259214074484,299.1713659667969,274.3673967590332,-0.08290890114970592,0.75157153633392,1345.1548842135257,25.189541442101035,0.3094948324544039
0.066,1345.0656230016332,36.67513630515411,25.18984604982496,3.5398127560693555,0.7714788961533893,0.8517161045503612,299.1713659667969,274.3734569946289,-0.08288864441298219,0.75157153633392,1345.0656230016332,25.18984604982496,0.3094910382669592
0.067,1344.976762960554,36.6739248371449,25.190150657548877,3.5393867275139463,0.7714939931080121,0.8517056536252898,299.1713659667969,274.3795172302246,-0.08286838767625826,0.75157153633392,1344.976762960554,25.190150657548877,0.30948726481861666
0.068,1344.8883040902879,36.67271879872404,25.190455794979723,3.53896069895852,0.7715090219053679,0.8516980060353475,299.1713659667969,274.3855774658203,-0.08284813093953454,0.75157153633392,1344.8883040902879,25.190455794979723,0.3094835154839203
0.069,1344.8002463908354,36.67151819042723,25.190761951328263,3.5385346704031106,0.7715239825454563,0.8516865401151548,299.1713659667969,274.3916377014161,-0.08282787420281042,0.7513826043237808,1344.8002463908354,25.190761951328263,0.309479793379578
0.07,1344.7125898621964,36.670323012787826,25.191068315671316,3.538108641847684,0.7715388750282776,0.8516746844227261,299.1713659667969,274.3976979370117,-0.08280761746608688,0.7513826043237808,1344.7125898621964,25.191068315671316,0.30947609334471704
0.07100000000000001,1344.6253345043708,36.669133266336836,25.191379785185195,3.537682613292275,0.7715536993538316,0.8516672617013813,299.1713659667969,274.40375817260747,-0.08278736072936277,0.7513826043237808,1344.6253345043708,25.191379785185195,0.3094724465602508
0.07200000000000001,1344.5384803173586,36.66794895160293,25.191693141951184,3.5372565847368476,0.7715684555221183,0.851657621318711,299.1713659667969,274.4098184082031,-0.08276710399263922,0.7513826043237808,1344.5384803173586,25.191693141951184,0.30946883254065444
0.073,1344.4520273011597,36.66677006911244,25.19200721452459,3.536830556181439,0.7715831435331377,0.8516502206967519,299.1713659667969,274.41587864379886,-0.0827468472559151,0.7511937672782106,1344.4520273011597,25.19200721452459,0.30946524382969387
0.074,1344.365975455774,36.665596619389326,25.19232277114201,3.536404527626021,0.7715977633868901,0.8516384502219061,299.1713659667969,274.42193887939453,-0.08272659051919137,0.7511937672782106,1344.365975455774,25.19232277114201,0.3094616853205077
0.075,1344.280324781202,36.66442860295523,25.192638327759436,3.535978499070603,0.7716123150833751,0.8516307858770484,299.1713659667969,274.42799911499026,-0.08270633378246746,0.7509424478512189,1344.280324781202,25.192638327759436,0.3094581475666158
0.076,1344.1950752774433,36.66326602032944,25.19295435653069,3.5355524705151855,0.7716267986225931,0.8516185316741745,299.1713659667969,274.4340593505859,-0.08268607704574372,0.7509424478512189,1344.1950752774433,25.19295435653069,0.30945463357606673
0.077,1344.1102269444978,36.66210887202887,25.193273739545543,3.5351264419597674,0.7716412140045437,0.851613731003518,299.1713659667969,274.44011958618165,-0.0826658203090198,0.7509424478512189,1344.1102269444978,25.193273739545543,0.30945116170025505
0.078,1344.0257797823656,36.6609571585681,25.193597054276864,3.534700413404349,0.7716555612292271,0.85159919134471,299.1713659667969,274.4461798217774,-0.08264556357229587,0.7509424478512189,1344.0257797823656,25.193597054276864,0.30944773561774686
0.079,1343.9417337910472,36.65981088045937,25.19392036900818,3.5342743848489317,0.7716698402966432,0.85158878325557,299.1713659667969,274.45224005737305,-0.08262530683557215,0.7509424478512189,1343.9417337910472,25.19392036900818,0.3094443302984136
0.08,1343.858088970542,36.65867003821254,25.194243683739487,3.5338483562935123,0.7716840512067922,0.8515751669342135,299.1713659667969,274.4583002929688,-0.08260505009884822,0.7507537688442211,1343.858088970542,25.194243683739487,0.30944094574420306
0.081,1343.77484532085,36.657534632335135,25.19456956117445,3.533422327738096,0.7716981939596739,0.8515664146689342,299.1713659667969,274.46436052856444,-0.08258479336212449,0.7505651846269782,1343.77484532085,25.19456956117445,0.30943759827303624
0.082,1343.6920028419713,36.65640466333232,25.194896682898637,3.5329962991826775,0.7717122685552884,0.8515537926863206,299.1713659667969,274.47042076416017,-0.08256453662540056,0.7503139914594323,1343.6920028419713,25.194896682898637,0.30943427949288504
0.083,1343.6095615339066,36.6552801317069,25.195224373547447,3.5325702706272604,0.7717262749936357,0.8515404039057971,299.1713659667969,274.47648099975584,-0.08254427988867682,0.7503139914594323,1343.6095615339066,25.195224373547447,0.3094309851058219
0.084,1343.527521396655,36.65416103795932,25.195555695378843,3.5321442420718427,0.7717402132747156,0.8515319135462962,299.1713659667969,274.4825412353516,-0.08252402315195272,0.7503139914594323,1343.527521396655,25.195555695378843,0.3094277346102566
0.085,1343.4458824302164,36.653047382587665,25.195890488151697,3.5317182135164247,0.7717540833985285,0.8515217260769,299.1713659667969,274.4775962753296,-0.08254055200659782,0.7503139914594323,1343.4458824302164,25.195890488151697,0.3094245269878835
0.08600000000000001,1343.3646446345917,36.65193916608767,25.196226183160704,3.531292184961006,0.771767885365074,0.8515069288146122,299.1713659667969,274.4462485015869,-0.08264533400550789,0.7505025125628141,1343.3646446345917,25.196226183160704,0.30942134588640324
0.08700000000000001,1343.2838080097802,36.65083638895271,25.19657109699193,3.530866156405588,0.7717816191743524,0.8514937493235548,299.1713659667969,274.4127415176392,-0.08275733330677612,0.7505025125628141,1343.2838080097802,25.19657109699193,0.3094182442569642
0.088,1343.203372555782,36.64973905167378,25.19693084766893,3.5304401278501696,0.7717952848263635,0.8514869806050691,299.1713659667969,274.402371015625,-0.08279199739296178,0.7505025125628141,1343.203372555782,25.19693084766893,0.30941525786974927
0.089,1343.1233382725973,36.64864715473952,25.19729906788579,3.5300140992947515,0.7718088823211073,0.8514762324472692,299.1713659667969,274.40562058044435,-0.08278113550847352,0.7505025125628141,1343.1233382725973,25.19729906788579,0.3094123461878568
0.09,1343.0437051602257,36.64756069863621,25.197668544020495,3.529588070739333,0.7718224116585841,0.8514668820822924,299.1713659667969,274.40735338745117,-0.08277534348689679,0.7500627982918865,1343.0437051602257,25.197668544020495,0.3094094632861293
0.091,1342.9644732186675,36.64647968384777,25.19804003112451,3.529162042183916,0.7718358728387935,0.8514529550066968,299.1713659667969,274.40908619445804,-0.08276955146531988,0.7498744349573079,1342.9644732186675,25.19804003112451,0.30940661397360664
0.092,1342.8856424479231,36.64540411085574,25.198417323364286,3.528736013628498,0.7718492658617357,0.8514327304880274,299.1713659667969,274.41081900146486,-0.08276375944374316,0.7498744349573079,1342.8856424479231,25.198417323364286,0.30940382240847275
0.093,1342.8072128479919,36.6443339801393,25.198795373021046,3.52830998507308,0.7718625907274107,0.8514227980300425,299.1713659667969,274.4125518084717,-0.08275796742216643,0.7498744349573079,1342.8072128479919,25.198795373021046,0.30940105645521376
0.094,1342.729184418874,36.643269292175255,25.199173422677806,3.527883956517662,0.7718758474358185,0.8514141593882066,299.1713659667969,274.41428461547855,-0.08275217540058952,0.7498744349573079,1342.729184418874,25.199173422677806,0.3093983112933993
0.095,1342.6515571605694,36.64221004743804,25.199551472334573,3.5274579279622444,0.771889035986959,0.8514068860715357,299.1713659667969,274.4160174224854,-0.0827463833790126,0.7498744349573079,1342.6515571605694,25.199551472334573,0.3093955869248418
0.096,1342.5743310730784,36.64115624639974,25.19992952199134,3.527031899406827,0.7719021563808324,0.8513963057301103,299.1713659667969,274.41775022949224,-0.08274059135743589,0.7498744349573079,1342.5743310730784,25.19992952199134,0.3093928833513446
0.097,1342.4975061564007,36.64010788953003,25.200307571648104,3.5266058708514088,0.7719152086174383,0.8513857678505035,299.1713659667969,274.41948303649906,-0.08273479933585916,0.7498744349573079,1342.4975061564007,25.200307571648104,0.30939020057470185
0.098,1342.4210824105364,36.63906497729624,25.200685621304864,3.526179842295991,0.7719281926967773,0.8513750006129438,299.1713659667969,274.4212158435059,-0.08272900731428244,0.7498744349573079,1342.4210824105364,25.200685621304864,0.30938753859669876
0.099,1342.3450598354852,36.63802751016333,25.20107652266825,3.525753813740573,0.7719411086188489,0.8513654082503412,299.1713659667969,274.4229486505127,-0.08272321529270571,0.7498744349573079,1342.3450598354852,25.20107652266825,0.3093849792421569
0.1,1342.2694384312479,36.636995488593875,25.201472246135957,3.5253277851851554,0.7719539563836533,0.8513558738217992,299.1713659667969,274.42468145751957,-0.0827174232711288,0.7498744349573079,1342.2694384312479,25.201472246135957,0.30938247139072134
0.101,1342.1942181978236,36.63596891304805,25.201872904187596,3.5249017566297374,0.7719667359911904,0.8513447161973894,299.1713659667969,274.4264142645264,-0.08271163124955208,0.7498744349573079,1342.1942181978236,25.201872904187596,0.3093800157602746
0.10200000000000001,1342.1193991352127,36.634947783983705,25.202278103222735,3.5244757280743193,0.7719794474414603,0.8513317048968198,299.1713659667969,274.42814707153326,-0.08270583922797517,0.7498744349573079,1342.1193991352127,25.202278103222735,0.30937760984662727
0.10300000000000001,1342.0449812434154,36.63393210185627,25.202683302257874,3.5240496995189017,0.7719920907344631,0.8513205070819915,299.1713659667969,274.42987987854,-0.08270004720639863,0.7498744349573079,1342.0449812434154,25.202683302257874,0.30937522474040935
0.10400000000000001,1341.9709645224314,36.63292186711881,25.203088501293003,3.5236236709634836,0.7720046658701986,0.851304673045865,299.1713659667969,274.4316126855469,-0.08269425518482172,0.7494979919678715,1341.9709645224314,25.203088501293003,0.3093728604433517
0.105,1341.897348972261,36.63191708022201,25.203494133306947,3.523197642408065,0.7720171728486668,0.8512915716909669,299.1713659667969,274.4333454925537,-0.08268846316324499,0.7494979919678715,1341.897348972261,25.203494133306947,0.309370519713825
0.106,1341.8241345929034,36.63091774161416,25.203901638039753,3.522771613852647,0.7720296116698678,0.8512816042534224,299.1713659667969,274.4350782995606,-0.08268267114166808,0.7494979919678715,1341.8241345929034,25.203901638039753,0.3093682117199441
0.107,1341.7513213843597,36.62992385174121,25.20431037365637,3.522345585297229,0.7720419823338016,0.8512660773907397,299.1713659667969,274.4368111065674,-0.08267687912009136,0.7497489959839357,1341.7513213843597,25.20431037365637,0.3093659323770372
0.108,1341.6789093466293,36.628935411046676,25.204724480664233,3.5219195567418113,0.7720542848404681,0.8512567619518779,299.1713659667969,274.4385439135742,-0.08267108709851463,0.75,1341.6789093466293,25.204724480664233,0.3093637080481946
0.109,1341.6068984797118,36.62795241997171,25.20514086479531,3.521493528186394,0.7720665191898676,0.8512447770034295,299.1713659667969,274.41580408325194,-0.0827470964794552,0.75,1341.6068984797118,25.20514086479531,0.3093615190348046
0.11,1341.5352887836082,36.6269748789551,25.20556209989326,3.5210674996309765,0.7720786853819996,0.8512326785651494,299.1713659667969,274.3821880493164,-0.08285946028749172,0.7499372332412754,1341.5352887836082,25.20556209989326,0.3093593817254509
0.111,1341.4640802583178,36.62600278843322,25.20598822854612,3.5206414710755585,0.7720907834168645,0.851219896275142,299.1713659667969,274.3485720153809,-0.08297182409552824,0.7499372332412754,1341.4640802583178,25.20598822854612,0.309357296392946
0.112,1341.3932729038409,36.62503614884005,25.206418113956527,3.52021544252014,0.7721028132944623,0.8512078286744567,299.1713659667969,274.31495598144534,-0.08308418790356495,0.7499372332412754,1341.3932729038409,25.206418113956527,0.30935525580129264
0.113,1341.3228667201772,36.624074960607224,25.206852625949516,3.5197894139647214,0.7721147750147926,0.8511894002185545,299.1713659667969,274.2813399475098,-0.08319655171160147,0.7501883002761738,1341.3228667201772,25.206852625949516,0.30935326549006015
0.114,1341.2528617073272,36.62311922416395,25.207287439181837,3.5193633854093043,0.7721266685778558,0.8511769417500169,299.1713659667969,274.24772391357425,-0.08330891551963818,0.7501883002761738,1341.2528617073272,25.207287439181837,0.3093512979226968
0.115,1341.1832578652902,36.622168939937055,25.20772260537721,3.5189373568538858,0.7721384939836519,0.8511614094626968,299.1713659667969,274.2141078796387,-0.08342127932767487,0.7501883002761738,1341.1832578652902,25.20772260537721,0.3093493534301429
0.116,1341.1140551940666,36.62122410835097,25.208159349564347,3.518511328298468,0.7721502512321806,0.8511545718539858,299.1713659667969,274.18049184570316,-0.08353364313571139,0.7504393673110721,1341.1140551940666,25.208159349564347,0.30934743981341806
0.117,1341.0452536936566,36.620284729827766,25.20859933178803,3.5180852997430505,0.7721619403234421,0.8511409458056931,299.1713659667969,274.1468758117676,-0.0836460069437481,0.7504393673110721,1341.0452536936566,25.20859933178803,0.30934556764315274
0.11800000000000001,1340.9768533640602,36.61935080478708,25.209041602579024,3.517659271187633,0.7721735612574364,0.8511298419199343,299.1713659667969,274.11325977783207,-0.08375837075178462,0.7504393673110721,1340.9768533640602,25.209041602579024,0.309343730875958
0.11900000000000001,1340.9088542052768,36.61842233364617,25.209486221728532,3.517233242632215,0.7721851140341636,0.8511176098431684,299.1713659667969,274.0796437438965,-0.08387073455982133,0.7502510040160643,1340.9088542052768,25.209486221728532,0.3093419298941007
0.12,1340.8412562173069,36.61749931681992,25.209938216228043,3.5168072140767963,0.7721965986536233,0.8511054850299261,299.1713659667969,274.046027709961,-0.08398309836785785,0.7502510040160643,1340.8412562173069,25.209938216228043,0.3093401967045456
0.121,1340.7740594001502,36.61658175472078,25.21039205496485,3.5163811855213782,0.7722080151158159,0.8510961362148458,299.1713659667969,274.0124116760254,-0.08409546217589456,0.7500627352572146,1340.7740594001502,25.21039205496485,0.3093384960938965
0.122,1340.7072637538074,36.615669647758835,25.210845893701666,3.5159551569659597,0.7722193634207414,0.8510822157129491,299.1713659667969,273.97879564208984,-0.08420782598393127,0.7498745609633718,1340.7072637538074,25.210845893701666,0.3093368163220024
0.123,1340.6408692782775,36.61476299634175,25.211301065683166,3.5155291284105425,0.7722306435683995,0.8510665198848307,299.1713659667969,273.9451796081543,-0.08432018979196779,0.7498745609633718,1340.6408692782775,25.211301065683166,0.309335165878798
0.124,1340.574875973561,36.61386180087483,25.211776798973,3.515103099855125,0.7722418555587904,0.8510579769891843,299.1713659667969,273.91156357421875,-0.0844325536000045,0.7498745609633718,1340.574875973561,25.211776798973,0.3093336671852714
0.125,1340.509283839658,36.612966061760936,25.21226053804836,3.514677071299707,0.7722529993919142,0.8510452009522075,299.1713659667969,273.87794754028323,-0.08454491740804101,0.7498745609633718,1340.509283839658,25.21226053804836,0.3093322403056318
0.126,1340.4440928765684,36.61207577940055,25.212744446685065,3.5142510427442883,0.7722640750677706,0.8510329223518257,299.1713659667969,273.84433150634766,-0.08465728121607771,0.7498745609633718,1340.4440928765684,25.212744446685065,0.3093308353504685
0.127,1340.3793030842921,36.611190954191756,25.213228355321768,3.513825014188871,0.7722750825863599,0.8510257621508734,299.1713659667969,273.81071547241214,-0.08476964502411424,0.7496864810634563,1340.3793030842921,25.213228355321768,0.3093294512417552
0.128,1340.3149144628296,36.61031158653023,25.213712263958474,3.5133989856334535,0.7722860219476819,0.8510106185134505,299.1713659667969,273.77709943847657,-0.08488200883215094,0.7496864810634563,1340.3149144628296,25.213712263958474,0.3093280879810032
0.129,1340.25092701218,36.60943767680924,25.214196172595177,3.5129729570780355,0.7722968931517367,0.8510021727802785,299.1713659667969,273.74348340454105,-0.08499437264018746,0.7494356659142212,1340.25092701218,25.214196172595177,0.30932674556971473
0.13,1340.187340732344,36.608569225419664,25.214680081231883,3.512546928522617,0.7723076961985242,0.8509890432332984,299.1713659667969,273.7098673706055,-0.08510673644822417,0.7494356659142212,1340.187340732344,25.214680081231883,0.3093254240093832
0.131,1340.1241556233213,36.607706232749976,25.215165592038932,3.5121208999672,0.7723184310880447,0.8509730152730585,299.1713659667969,273.67625133666996,-0.08521910025626069,0.7494356659142212,1340.1241556233213,25.215165592038932,0.3093241335020408
0.132,1340.061371685112,36.60684869918622,25.21565252726574,3.5116948714117817,0.7723290978202978,0.8509589017288861,299.1713659667969,273.6426353027344,-0.0853314640642974,0.7492477432296891,1340.061371685112,25.21565252726574,0.3093228729174766
0.133,1339.998988917716,36.60599662511206,25.21614569726093,3.511268842856364,0.7723396963952837,0.8509429735499112,299.1713659667969,273.6064080383301,-0.08545255608220241,0.7492477432296891,1339.998988917716,25.21614569726093,0.3093216728832345
0.134,1339.9370073211335,36.60515001090876,25.21664548264349,3.510842814300946,0.7723502268130022,0.8509300622443852,299.1713659667969,273.56999337158203,-0.08557427450478729,0.7490599147656054,1339.9370073211335,25.21664548264349,0.30932053582406027
0.135,1339.8754268953642,36.604308856955136,25.21715362478162,3.5104167857455284,0.7723606890734538,0.850918681675387,299.1713659667969,273.533578704834,-0.08569599292737218,0.7490599147656054,1339.8754268953642,25.21715362478162,0.30931947282818156
0.136,1339.8142476404087,36.60347316362764,25.217665829503286,3.5099907571901103,0.7723710831766379,0.8509069520055735,299.1713659667969,273.49716403808594,-0.08581771134995707,0.7488721804511278,1339.8142476404087,25.217665829503286,0.30931845655730295
0.137,1339.7534695562663,36.60264293130028,25.218183795090958,3.5095647286346927,0.7723814091225549,0.8508977823638679,299.1713659667969,273.4607493713379,-0.08593942977254194,0.7491228070175439,1339.7534695562663,25.218183795090958,0.3093174978253192
0.138,1339.693092642937,36.60181816034467,25.218711523195633,3.5091387000792746,0.7723916669112048,0.8508854626377852,299.1713659667969,273.437463125,-0.08601726558501224,0.7491228070175439,1339.693092642937,25.218711523195633,0.309316622110988
0.139,1339.6331169004216,36.60099885113003,25.219244505972366,3.508712671523857,0.7724018565425872,0.8508723054064478,299.1713659667969,273.45411990478516,-0.08596158920124032,0.7491228070175439,1339.6331169004216,25.219244505972366,0.3093158007155933
0.14,1339.5735423287194,36.600185004023125,25.219777488749095,3.5082866429684394,0.7724119780167025,0.8508570441372283,299.1713659667969,273.4707766845703,-0.0859059128174684,0.7489351039839639,1339.5735423287194,25.219777488749095,0.3093150001855811
0.14100000000000001,1339.5143689278304,36.599376619388345,25.220312309586046,3.5078606144130213,0.7724220313335506,0.8508437963171153,299.1713659667969,273.48690149658205,-0.08585201457102479,0.7486845402154848,1339.5143689278304,25.220312309586046,0.3093142322247335
0.14200000000000002,1339.455596697755,36.59857369758765,25.220858420696764,3.5074345858576024,0.7724320164931314,0.8508265649958902,299.1713659667969,273.49849447265626,-0.08581326428475743,0.7486845402154848,1339.455596697755,25.220858420696764,0.3093135570139034
0.14300000000000002,1339.397225638493,36.5977762389806,25.221404637544513,3.5070085573021856,0.772441933495445,0.8508120481846937,299.1713659667969,273.5100874487305,-0.08577451399849005,0.7486845402154848,1339.397225638493,25.221404637544513,0.3093129033458006
0.14400000000000002,1339.3392557500442,36.59698424392431,25.221952877118227,3.5065825287467667,0.7724517823404914,0.8507966613204165,299.1713659667969,273.5216804248047,-0.08573576371222269,0.7486845402154848,1339.3392557500442,25.221952877118227,0.30931228342669537
0.145,1339.281687032409,36.59619771277351,25.222501116691944,3.5061565001913473,0.7724615630282705,0.8507854361151768,299.1713659667969,273.5332734008789,-0.08569701342595533,0.7488092253697669,1339.281687032409,25.222501116691944,0.3093116843798401
0.146,1339.2245194855868,36.59541664588049,25.22304989046888,3.50573047163593,0.7724712755587825,0.8507707361222526,299.1713659667969,273.5448663769531,-0.08565826313968795,0.7488092253697669,1339.2245194855868,25.22304989046888,0.3093111096076956
0.147,1339.1677531095784,36.594641043595146,25.223599068284894,3.5053044430805116,0.7724809199320272,0.850757312388892,299.1713659667969,273.5564593530274,-0.0856195128534204,0.7488092253697669,1339.1677531095784,25.223599068284894,0.3093105582828816
0.148,1339.111387904383,36.59387090626493,25.224150515713987,3.5048784145250944,0.7724904961480047,0.8507456402255815,299.1713659667969,273.5466007580566,-0.08565246585658931,0.7489969909729187,1339.111387904383,25.224150515713987,0.30931004228428777
0.149,1339.0554238700015,36.5931062342349,25.224707381450447,3.504452385969676,0.7725000042067149,0.8507268967933085,299.1713659667969,273.52044056915287,-0.08573990801141994,0.7491848507649862,1339.0554238700015,25.224707381450447,0.30930958166004485
0.15,1338.9998610064329,36.59234702784768,25.225266593966328,3.504026357414258,0.7725094441081579,0.8507127497660282,299.1713659667969,273.494280380249,-0.08582735016625095,0.7491848507649862,1338.9998610064329,25.225266593966328,0.30930915685594446
0.151,1338.9446993136778,36.591593287443466,25.225832386652353,3.50360032885884,0.7725188158523337,0.850701187110919,299.1713659667969,273.46812019134524,-0.08591479232108158,0.7491848507649862,1338.9446993136778,25.225832386652353,0.3093087948260428
0.152,1338.8899387917363,36.59084501336005,25.22639817933838,3.503174300303422,0.7725281194392423,0.8506865468691754,299.1713659667969,273.4419600024414,-0.0860022344759124,0.7491848507649862,1338.8899387917363,25.22639817933838,0.3093084536776175
0.153,1338.835579440608,36.590102205932794,25.226964849849132,3.5027482717480045,0.7725373548688836,0.8506752618593104,299.1713659667969,273.4157998135376,-0.08608967663074323,0.7491848507649862,1338.835579440608,25.226964849849132,0.3093081390008023
0.154,1338.7816212602932,36.58936486549463,25.227533413745142,3.5023222431925873,0.7725465221412577,0.8506691923044598,299.1713659667969,273.3896396246338,-0.08617711878557403,0.7491848507649862,1338.7816212602932,25.227533413745142,0.30930785726264487
0.155,1338.7280642507917,36.588632992376084,25.22811297669247,3.5018962146371693,0.7725556212563647,0.8506548001263162,299.1713659667969,273.36347943572997,-0.08626456094040486,0.7491848507649862,1338.7280642507917,25.22811297669247,0.3093076664375119
0.156,1338.6749084121034,36.587906586905234,25.228692539639795,3.5014701860817508,0.7725646522142043,0.8506420501436331,299.1713659667969,273.33731924682615,-0.08635200309523568,0.7489340356157512,1338.6749084121034,25.228692539639795,0.3093074964989242
0.157,1338.6221537442289,36.58718564940776,25.229272102587117,3.5010441575263327,0.7725736150147767,0.850630885063687,299.1713659667969,273.3111590579224,-0.0864394452500663,0.7489340356157512,1338.6221537442289,25.229272102587117,0.30930734744812566
0.158,1338.5698002471674,36.58647018020688,25.229851665534444,3.500618128970915,0.772582509658082,0.8506201724733384,299.1713659667969,273.2849988690186,-0.08652688740489713,0.7489340356157512,1338.5698002471674,25.229851665534444,0.30930721928635135
0.159,1338.5178479209194,36.58576017962343,25.230433726484623,3.500192100415498,0.7725913361441199,0.8506075179428991,299.1713659667969,273.25883868011476,-0.08661432955972793,0.7489340356157512,1338.5178479209194,25.230433726484623,0.3093071279188778
0.16,1338.4662967654851,36.585055647975786,25.23101871495323,3.4997660718600803,0.7726000944728906,0.8505923846470268,299.1713659667969,273.23267849121095,-0.08670177171455876,0.7489340356157512,1338.4662967654851,25.23101871495323,0.309307076081521
0.161,1338.4151467808638,36.584356585579904,25.23160863492539,3.499340043304662,0.7726087846443941,0.8505743478072029,299.1713659667969,273.20651830230713,-0.08678921386938958,0.7489340356157512,1338.4151467808638,25.23160863492539,0.30930707653427325
0.162,1338.364397967056,36.58366299274932,25.23220068690537,3.4989140147492437,0.7726174066586304,0.8505547925498557,299.1713659667969,273.1803581134033,-0.0868766560242204,0.7489340356157512,1338.364397967056,25.23220068690537,0.3093071114547641
0.163,1338.3140503240616,36.58297486979512,25.232796942747004,3.4984879861938256,0.7726259605155995,0.85054202720182,299.1713659667969,273.1541979244995,-0.08696409817905121,0.7489340356157512,1338.3140503240616,25.232796942747004,0.3093071940350677
0.164,1338.2641038518805,36.582292217025994,25.233396071609246,3.498061957638408,0.7726344462153013,0.8505323150963552,299.1713659667969,273.1280377355957,-0.08705154033388203,0.7489340356157512,1338.2641038518805,25.233396071609246,0.3093073158032885
0.165,1338.214558550513,36.58161503474816,25.233995255884388,3.497635929082991,0.7726428637577359,0.8505167552850119,299.1713659667969,273.10187754669187,-0.08713898248871285,0.7489340356157512,1338.214558550513,25.233995255884388,0.30930745882171484
0.166,1338.1654144199583,36.58094332326544,25.234597792257915,3.497209900527572,0.7726512131429033,0.8505006935744407,299.1713659667969,273.07571735778805,-0.08722642464354367,0.7489340356157512,1338.1654144199583,25.234597792257915,0.3093076440805365
0.167,1338.1166714602175,36.580277082879206,25.23520122661544,3.496783871972155,0.7726594943708035,0.8504803631016428,299.1713659667969,273.0495571688843,-0.0873138667983743,0.7489340356157512,1338.1166714602175,25.23520122661544,0.30930785595627863
0.168,1338.06832967129,36.579616313888394,25.23580596394251,3.4963578434167366,0.7726677074414364,0.8504703314235624,299.1713659667969,273.0233969799805,-0.08740130895320511,0.7489340356157512,1338.06832967129,25.23580596394251,0.309308097028507
0.169,1338.020389053176,36.578961016589524,25.236410701269573,3.4959318148613194,0.7726758523548021,0.8504557784837451,299.1713659667969,272.99723679107666,-0.08748875110803593,0.7489340356157512,1338.020389053176,25.236410701269573,0.3093083590027297
0.17,1337.9728496058751,36.578311191276654,25.2370188410204,3.495505786305901,0.7726839291109007,0.850437689107776,299.1713659667969,272.9702812774658,-0.08757885168809562,0.7489340356157512,1337.9728496058751,25.2370188410204,0.3093086635423038
0.171,1337.9257113293877,36.57766683824144,25.237632409587707,3.495079757750483,0.7726919377097319,0.8504191715862724,299.1713659667969,272.94261912445063,-0.08767131425691727,0.7485585359739283,1337.9257113293877,25.237632409587707,0.30930902354979145
0.17200000000000001,1337.8789742237138,36.57702795777308,25.23824800577047,3.494653729195066,0.7726998781512959,0.8504068056305195,299.1713659667969,272.9149569714356,-0.08776377682573853,0.7485585359739283,1337.8789742237138,25.23824800577047,0.3093094173718483
0.17300000000000001,1337.8326382888533,36.57639455015835,25.238869179512605,3.494227700639647,0.7727077504355926,0.8503915400590014,299.1713659667969,272.8872948184204,-0.08785623939456019,0.7483709273182957,1337.8326382888533,25.238869179512605,0.30930986761102125
0.17400000000000002,1337.786703524806,36.575766615681566,25.23949772213018,3.493801672084229,0.7727155545626222,0.8503821883044622,299.1713659667969,272.8596326654053,-0.08794870196338164,0.7483709273182957,1337.786703524806,25.23949772213018,0.30931038567318025
0.17500000000000002,1337.7411699315721,36.57514415462463,25.240129172159637,3.4933756435288124,0.7727232905323845,0.8503672161176541,299.1713659667969,272.8319705123901,-0.0880411645322033,0.7484339764470057,1337.7411699315721,25.240129172159637,0.3093109431545725
0.176,1337.696037509152,36.574527167267,25.240766875330223,3.4929496149734005,0.7727309583448796,0.8503538357279493,299.1713659667969,272.80430835937506,-0.08813362710102457,0.7484339764470057,1337.696037509152,25.240766875330223,0.3093115613575422
0.177,1337.6513062575445,36.573915653885685,25.241404578500806,3.4925235864179736,0.7727385580001076,0.8503357209390228,299.1713659667969,272.7766462063598,-0.08822608966984641,0.7484339764470057,1337.6513062575445,25.241404578500806,0.30931220047123265
0.178,1337.606976176751,36.57330961475528,25.24204566278984,3.492097557862565,0.7727460894980682,0.8503237834227503,299.1713659667969,272.74898405334477,-0.08831855223866766,0.7484339764470057,1337.606976176751,25.24204566278984,0.30931288202328183
0.179,1337.5630472667708,36.57270905014791,25.242689393280017,3.4916715293071383,0.7727535528387616,0.8503037322252601,299.1713659667969,272.74893708801267,-0.08831870922338428,0.7484339764470057,1337.5630472667708,25.242689393280017,0.30931360133572644
0.18,1337.519519527604,36.572113960333276,25.243334805032422,3.4912455007517287,0.7727609480221878,0.8502870892233514,299.1713659667969,272.7607363891602,-0.08827926928196685,0.7484339764470057,1337.519519527604,25.243334805032422,0.30931435226611387
0.181,1337.4763929592505,36.57152434557863,25.243992251970806,3.4908194721963026,0.7727682750483468,0.8502699581911158,299.1713659667969,272.7725356903076,-0.0882398293405496,0.7484339764470057,1337.4763929592505,25.243992251970806,0.3093152007358596
0.182,1337.4336675617103,36.57094020614879,25.24465424872963,3.4903934436408934,0.7727755339172385,0.8502584098591877,299.1713659667969,272.78152432250977,-0.08820978424524745,0.7481834126785267,1337.4336675617103,25.24465424872963,0.30931609908884916
0.183,1337.3913433349835,36.57036154230613,25.245316245488446,3.489967415085467,0.772782724628863,0.8502451178135809,299.1713659667969,272.78897944641113,-0.08818486500246739,0.7479328489100476,1337.3913433349835,25.245316245488446,0.3093170183587129
0.184,1337.3494202790698,36.56978835431058,25.245978242247272,3.4895413865300586,0.7727898471832204,0.8502301119298857,299.1713659667969,272.7964345703125,-0.08815994575968734,0.7474949899799599,1337.3494202790698,25.245978242247272,0.30931795854644384
0.185,1337.3078983939702,36.56922064241963,25.246640730611233,3.4891153579746303,0.7727969015803104,0.8502156097892608,299.1713659667969,272.80388969421386,-0.08813502651690729,0.7474949899799599,1337.3078983939702,25.246640730611233,0.30931892278293116
0.186,1337.2667776796834,36.56865840688832,25.24730957151185,3.488689329419222,0.7728038878201332,0.8502052840584118,299.1713659667969,272.81134481811523,-0.08811010727412724,0.747745490981964,1337.2667776796834,25.24730957151185,0.3093199483839807
0.187,1337.2260581362102,36.568101647969236,25.247981858318003,3.488263300863795,0.7728108059026888,0.8501872054782731,299.1713659667969,272.8187999420166,-0.0880851880313472,0.7473710565848773,1337.2260581362102,25.247981858318003,0.3093210168448896
0.188,1337.1857397635504,36.56755036591254,25.248656816858297,3.4878372723083864,0.7728176558279772,0.8501676892355611,299.1713659667969,272.826255065918,-0.08806026878856694,0.7471839799749687,1337.1857397635504,25.248656816858297,0.30932212323769154
0.189,1337.1458225617039,36.56700456096594,25.249333745920055,3.4874112437529594,0.7728244375959983,0.8501537200989825,299.1713659667969,272.8337101898193,-0.0880353495457871,0.7473710565848773,1337.1458225617039,25.249333745920055,0.30932326309891717
0.19,1337.106306530671,36.566464233374695,25.25001067498182,3.4869852151975516,0.7728311512067523,0.8501397118943241,299.1713659667969,272.84116531372075,-0.08801043030300686,0.7473710565848773,1337.106306530671,25.25001067498182,0.3093244238837716
0.191,1337.0671916704512,36.565929383381615,25.25068760404358,3.4865591866421233,0.772837796660239,0.8501286256185959,299.1713659667969,272.84862043762206,-0.08798551106022699,0.7473710565848773,1337.0671916704512,25.25068760404358,0.30932560559318223
0.192,1337.028477981045,36.56540001122708,25.25136453310535,3.4861331580867145,0.7728443739564584,0.8501147753430419,299.1713659667969,272.8560755615235,-0.08796059181744675,0.7473710565848773,1337.028477981045,25.25136453310535,0.3093268082280674
0.193,1336.9901654624518,36.56487611714898,25.25204534534064,3.485707129531288,0.7728508830954107,0.8500990917804834,299.1713659667969,272.8635306854248,-0.08793567257466689,0.7473710565848773,1336.9901654624518,25.25204534534064,0.30932805651236234
0.194,1336.9522541146723,36.56435770138281,25.252734665279718,3.485281100975879,0.7728573240770957,0.8500845752632327,299.1713659667969,272.8709858093262,-0.08791075333188665,0.7473710565848773,1336.9522541146723,25.252734665279718,0.309329379889994
0.195,1336.9147439377061,36.56384476416158,25.253425295030688,3.4848550724204532,0.7728636969015135,0.8500693382311871,299.1713659667969,272.89435328369143,-0.0878326460093837,0.7473710565848773,1336.9147439377061,25.253425295030688,0.3093307325349866
0.196,1336.8776349315533,36.56333730571586,25.254116706158193,3.484429043865043,0.772870001568664,0.8500519037131924,299.1713659667969,272.92897984375,-0.08771690445120785,0.7473710565848773,1336.8776349315533,25.254116706158193,0.3093321110838281
0.197,1336.840927096214,36.562835326273785,25.25480916640903,3.4840030153096166,0.7728762380785474,0.8500405171851095,299.1713659667969,272.9636064038086,-0.08760116289303198,0.7473710565848773,1336.840927096214,25.25480916640903,0.3093335172420551
0.198,1336.804620431688,36.562338826061,25.255501626659868,3.4835769867542083,0.7728824064311635,0.8500235235859339,299.1713659667969,272.9982329638672,-0.08748542133485612,0.7471206810215323,1336.804620431688,25.255501626659868,0.3093349443310694
0.199,1336.7687149379751,36.56184780530075,25.256194086910707,3.483150958198781,0.7728885066265123,0.8500050731375354,299.1713659667969,273.0328595239258,-0.08736967977668025,0.7471206810215323,1336.7687149379751,25.256194086910707,0.30933639235172367
0.2,1336.733210615076,36.561362264213784,25.25690047965606,3.4827249296433727,0.772894538664594,0.8499889917325901,299.1713659667969,273.0674860839844,-0.0872539382185044,0.7473710565848773,1336.733210615076,25.25690047965606,0.3093379500089659
0.201,1336.6981074629903,36.56088220301844,25.257617780279077,3.482298901087946,0.7729005025454084,0.8499771352652133,299.1713659667969,273.10211264404296,-0.08713819666032872,0.7471206810215323,1336.6981074629903,25.257617780279077,0.30933959804678224
0.202,1336.6634054817177,36.56040762193055,25.25833771469668,3.4818728725325374,0.7729063982689557,0.8499617094931909,299.1713659667969,273.1367392041016,-0.08702245510215267,0.7471206810215323,1336.6634054817177,25.25833771469668,0.3093412837873377
0.203,1336.6291046712586,36.55993852116355,25.259066451332256,3.4814468439771096,0.7729122258352357,0.8499430675791356,299.1713659667969,273.17136576416016,-0.086906713543977,0.7471206810215323,1336.6291046712586,25.259066451332256,0.3093430465039896
0.20400000000000001,1336.595205031613,36.55947490092839,25.25979527848153,3.4810208154217004,0.7729179852442483,0.8499272215446729,299.1713659667969,273.2059923242188,-0.08679097198580095,0.7471206810215323,1336.595205031613,25.25979527848153,0.30934483073267854
0.20500000000000002,1336.5617065627805,36.55901676143357,25.26052724213281,3.4805947868662734,0.7729236764959938,0.8499122288350978,299.1713659667969,273.24061888427735,-0.08667523042762527,0.7473710565848773,1336.5617065627805,25.26052724213281,0.30934665586711496
0.20600000000000002,1336.5286092647616,36.558564102885136,25.261263475744574,3.4801687583108647,0.7729292995904722,0.8498926204537135,299.1713659667969,273.275245444336,-0.08655948886944922,0.7473710565848773,1336.5286092647616,25.261263475744574,0.3093485291244835
0.20700000000000002,1336.495913137556,36.55811692548669,25.262006909526505,3.4797427297554377,0.7729348545276832,0.8498726796462623,299.1713659667969,273.30987200439455,-0.08644374731127355,0.7476214321482223,1336.495913137556,25.262006909526505,0.30935046916134723
0.20800000000000002,1336.4636181811638,36.557675229439354,25.262751902396175,3.479316701200029,0.772940341307627,0.8498558016747064,299.1713659667969,273.34449856445315,-0.0863280057530977,0.7476214321482223,1336.4636181811638,25.262751902396175,0.30935244006335777
0.209,1336.4317243955848,36.55723901494183,25.263504612036897,3.478890672644609,0.7729457599303037,0.8498369253254512,299.1713659667969,273.37912512451175,-0.08621226419492183,0.7476214321482223,1336.4317243955848,25.263504612036897,0.3093544810354371
0.21,1336.4002317808197,36.55680828219033,25.264263337828016,3.478464644089191,0.772951110395713,0.8498192747037906,299.1713659667969,273.41375168457034,-0.08609652263674597,0.7474342928660827,1336.4002317808197,25.264263337828016,0.30935658125098203
0.211,1336.3691403368675,36.55638303137863,25.265022063619135,3.4780386155337735,0.7729563927038552,0.8498013279984622,299.1713659667969,273.44837824462894,-0.08598078107857011,0.7474342928660827,1336.3691403368675,25.265022063619135,0.30935870240766844
0.212,1336.3384500637287,36.55596326269804,25.265785305087956,3.477612586978356,0.77296160685473,0.84978656510112,299.1713659667969,273.48300480468754,-0.08586503952039425,0.7474342928660827,1336.3384500637287,25.265785305087956,0.3093608732562219
0.213,1336.3081609614037,36.55554897633742,25.266555032899053,3.477186558422938,0.7729667528483377,0.8497747608224978,299.1713659667969,273.50700450561527,-0.08578481893895533,0.7474342928660827,1336.3081609614037,25.266555032899053,0.3093631063440073
0.214,1336.2782730298918,36.555140172483156,25.267397908309725,3.4767605298675197,0.7729718306846782,0.8497571553348908,299.1713659667969,273.5192465795899,-0.08574389900019362,0.7474342928660827,1336.2782730298918,25.267397908309725,0.30936582608440344
0.215,1336.2487862691933,36.55473685131919,25.268260675320587,3.4763345013121016,0.7729768403637515,0.8497392285644376,299.1713659667969,273.53148865356445,-0.0857029790614321,0.7474342928660827,1336.2487862691933,25.268260675320587,0.3093686934127901
0.216,1336.2197006793083,36.554339013027004,25.269127854837837,3.475908472756684,0.7729817818855574,0.8497208689987608,299.1713659667969,273.5437307275391,-0.08566205912267019,0.7474342928660827,1336.2197006793083,25.269127854837837,0.3093716097790119
0.217,1336.1910162602364,36.553946657785616,25.269995107694175,3.4754824442012664,0.7729866552500962,0.8497013946299751,299.1713659667969,273.5559728015137,-0.08562113918390868,0.7474342928660827,1336.1910162602364,25.269995107694175,0.30937454755754745
0.218,1336.1627330119782,36.55355978577159,25.27086336207237,3.4750564156458488,0.7729914604573678,0.8496866660174114,299.1713659667969,273.5682148754883,-0.08558021924514696,0.7472472472472472,1336.1627330119782,25.27086336207237,0.30937751265853886
0.219,1336.134850934533,36.55317839715902,25.27173685820862,3.4746303870904307,0.7729961975073721,0.8496669874364068,299.1713659667969,273.5804569494629,-0.08553929930638525,0.7472472472472472,1336.134850934533,25.27173685820862,0.30938053207899086
0.22,1336.1073700279017,36.552802492119554,25.272612517312112,3.4742043585350126,0.7730008664001092,0.8496492094827357,299.1713659667969,273.5926990234375,-0.08549837936762372,0.7468734367183592,1336.1073700279017,25.272612517312112,0.30938358621780115
0.221,1336.0802902920834,36.55243207082236,25.27348840292126,3.4737783299795946,0.773005467135579,0.8496289901482025,299.1713659667969,273.6049410974121,-0.08545745942886201,0.7468734367183592,1336.0802902920834,25.27348840292126,0.3093866627467335
0.222,1336.0536117270785,36.55206713343417,25.274368930561323,3.473352301424177,0.7730099997137817,0.8496105273807996,299.1713659667969,273.6171831713867,-0.08541653949010031,0.7468734367183592,1336.0536117270785,25.274368930561323,0.3093897897787785
0.223,1336.027334332887,36.55170768011923,25.27525755655765,3.4729262728687593,0.7730144641347172,0.8495929076501786,299.1713659667969,273.62942524536135,-0.0853756195513386,0.7468734367183592,1336.027334332887,25.27525755655765,0.30939298931997294
0.224,1336.001458109509,36.55135371103933,25.2761462184616,3.4725002443133413,0.7730188603983854,0.84957756097632,299.1713659667969,273.64166731933597,-0.08533469961257688,0.7468734367183592,1336.001458109509,25.2761462184616,0.30939621003969003
0.225,1335.9759830569442,36.551005226353816,25.27704000968355,3.4720742157579245,0.7730231885047864,0.8495603068342056,299.1713659667969,273.6539093933106,-0.08529377967381517,0.7471235617808905,1335.9759830569442,25.27704000968355,0.30939948436678777
0.226,1335.9509091751931,36.55066222621956,25.27793469008269,3.4716481872025056,0.77302744845392,0.849540633250281,299.1713659667969,273.66615146728515,-0.08525285973505364,0.7469367341835459,1335.9509091751931,25.27793469008269,0.3094027853061331
0.227,1335.9262364642552,36.550324710790946,25.27883117007656,3.4712221586470875,0.7730316402457865,0.8495243455220509,299.1713659667969,273.67839354125977,-0.08521193979629194,0.7469367341835459,1335.9262364642552,25.27883117007656,0.309406118654677
0.228,1335.9019649241307,36.54999268021993,25.279727966988425,3.47079613009167,0.7730357638803859,0.8495065367842295,299.1713659667969,273.6906356152344,-0.08517101985753023,0.7469367341835459,1335.9019649241307,25.279727966988425,0.3094094749732322
0.229,1335.8780945548197,36.549666134656,25.280629638197194,3.470370101536252,0.7730398193577179,0.8494934977993024,299.1713659667969,273.702877689209,-0.0851300999187685,0.7469367341835459,1335.8780945548197,25.280629638197194,0.3094128832778642
0.23,1335.8546253563218,36.549345074246155,25.281534267444485,3.469944072980834,0.7730438066777827,0.8494774510799711,299.1713659667969,273.7151197631836,-0.0850891799800068,0.7469367341835459,1335.8546253563218,25.281534267444485,0.3094163313688796
0.231,1335.8315573286372,36.54902949913495,25.28245023980769,3.4695180444254166,0.7730477258405803,0.8494588953455032,299.1713659667969,273.7238441564942,-0.0850600181206077,0.7473736868434218,1335.8315573286372,25.28245023980769,0.30941987263215825
0.232,1335.8088904717663,36.54871940946449,25.2833668206898,3.4690920158699985,0.7730515768461107,0.8494430418020594,299.1713659667969,273.7325120556641,-0.08503104509659559,0.747623811905953,1335.8088904717663,25.2833668206898,0.3094234387242133
0.233,1335.786624785709,36.54841480537438,25.28428457667942,3.468665987314581,0.7730553596943739,0.8494286339378945,299.1713659667969,273.741179954834,-0.08500207207258328,0.747623811905953,1335.786624785709,25.28428457667942,0.3094270332528814
0.234,1335.7647602704646,36.54811568700177,25.2852032600158,3.468239958759163,0.7730590743853697,0.8494073653769064,299.1713659667969,273.7498478540039,-0.08497309904857117,0.747623811905953,1335.7647602704646,25.2852032600158,0.30943065464126657
0.23500000000000001,1335.7432969260337,36.54782205448136,25.286123378093833,3.4678139302037447,0.7730627209190984,0.8493892283817047,299.1713659667969,273.75851575317387,-0.08494412602455886,0.7478739369684843,1335.7432969260337,25.286123378093833,0.30943430612031775
0.23600000000000002,1335.7222347524164,36.547533907945365,25.287047264045892,3.467387901648327,0.7730662992955599,0.8493723978156025,299.1713659667969,273.76718365234376,-0.08491515300054675,0.7478739369684843,1335.7222347524164,25.287047264045892,0.3094380025449093
0.23700000000000002,1335.7015737496122,36.547251247523555,25.287984037586128,3.466961873092909,0.7730698095147541,0.8493552389119532,299.1713659667969,273.7758515515137,-0.08488617997653444,0.7478739369684843,1335.7015737496122,25.287984037586128,0.3094418019780812
0.23800000000000002,1335.6813139176215,36.54697407334322,25.288930099373193,3.4665358445374914,0.7730732515766812,0.8493373941256781,299.1713659667969,273.78451945068366,-0.08485720695252215,0.7481240620310156,1335.6813139176215,25.288930099373193,0.3094456815043693
0.23900000000000002,1335.661455256444,36.54670238552918,25.289883905687038,3.4661098159820733,0.7730766254813409,0.8493178754245095,299.1713659667969,273.79318734985355,-0.08482823392851004,0.7481240620310156,1335.661455256444,25.289883905687038,0.30944963129583797
0.24,1335.6419977660803,36.54643618420379,25.290843830916508,3.4656837874266535,0.7730799312287335,0.8492980078363045,299.1713659667969,273.80185524902345,-0.08479926090449791,0.7483112334250688,1335.6419977660803,25.290843830916508,0.3094536410031652
0.241,1335.62294144653,36.546175469486954,25.291816101002155,3.465257758871236,0.7730831688188587,0.8492791223747269,299.1713659667969,273.8105231481934,-0.08477028788048561,0.7481240620310156,1335.62294144653,25.291816101002155,0.30945775026554595
0.242,1335.604286297793,36.54592024149608,25.2927965202703,3.464831730315818,0.7730863382517168,0.8492558261483408,299.1713659667969,273.8191910473633,-0.0847413148564735,0.7481240620310156,1335.604286297793,25.2927965202703,0.30946193237080527
0.243,1335.5860323198688,36.54567050034612,25.293785277293015,3.4644057017603997,0.7730894395273078,0.849232298933938,299.1713659667969,273.80470679473876,-0.0847897294250861,0.7479369842460615,1335.5860323198688,25.293785277293015,0.3094661885199654
0.244,1335.5681795127584,36.545426246149574,25.294776206057143,3.4639796732049826,0.7730924726456314,0.8492128499246654,299.1713659667969,273.78432260131837,-0.08485786493449397,0.74775,1335.5681795127584,25.294776206057143,0.30947047945625944
0.245,1335.5507278764612,36.545187479016455,25.295767134821272,3.4635536446495645,0.7730954376066879,0.849193174924456,299.1713659667969,273.76393840789797,-0.08492600044390186,0.7475631092226943,1335.5507278764612,25.295767134821272,0.3094747913532673
0.246,1335.5336774109778,36.54495419905432,25.2967580635854,3.4631276160941464,0.773098334410477,0.8491727546378308,299.1713659667969,273.7435542144775,-0.08499413595330992,0.7475631092226943,1335.5336774109778,25.2967580635854,0.3094791242113997
0.247,1335.5170281163075,36.544726406368234,25.297749815646302,3.4627015875387284,0.7731011630569989,0.8491567493915908,299.1713659667969,273.7231700210572,-0.08506227146271761,0.7475631092226943,1335.5170281163075,25.297749815646302,0.3094834832727472
0.248,1335.5007799924506,36.54450410106082,25.298744573382372,3.4622755589833107,0.7731039235462537,0.849138812279587,299.1713659667969,273.7027858276367,-0.08513040697212568,0.7473763118440779,1335.5007799924506,25.298744573382372,0.30948788243226455
0.249,1335.4849330394072,36.54428728323221,25.29973933111845,3.461849530427893,0.7731066158782411,0.8491165058758661,299.1713659667969,273.6824016342163,-0.08519854248153355,0.7471896077941543,1335.4849330394072,25.29973933111845,0.30949230255408255
0.25,1335.469487257177,36.54407595298008,25.300734088854515,3.461423501872475,0.7731092400529616,0.8491027796989179,299.1713659667969,273.6620174407959,-0.08526667799094143,0.7471896077941543,1335.469487257177,25.300734088854515,0.3094967436385741
0.251,1335.4544426457603,36.543870110399645,25.301728846590585,3.460997473317057,0.7731117960704146,0.8490823640085373,299.1713659667969,273.64163324737547,-0.0853348135003495,0.7471896077941543,1335.4544426457603,25.301728846590585,0.309501205686103
0.252,1335.439799205157,36.54366975558362,25.302727723396345,3.4605714447616394,0.7731142839306003,0.849066006027242,299.1713659667969,273.62124905395507,-0.08540294900975737,0.747002997002997,1335.439799205157,25.302727723396345,0.3095057149219316
0.253,1335.425556935367,36.54347488862228,25.30373168595738,3.4601454162062217,0.7731167036335189,0.8490427856388927,299.1713659667969,273.60086486053467,-0.08547108451916524,0.747002997002997,1335.425556935367,25.30373168595738,0.3095102775010083
0.254,1335.4117158363904,36.54328550960341,25.304743506915283,3.4597193876508037,0.7731190551791703,0.8490219905445491,299.1713659667969,273.5804806671143,-0.08553922002857312,0.747002997002997,1335.4117158363904,25.304743506915283,0.30951491107626394
0.255,1335.3982759082273,36.54310161861233,25.30576879131182,3.4592933590953856,0.7731213385675545,0.8490040114784517,299.1713659667969,273.5600964736939,-0.085607355537981,0.747002997002997,1335.3982759082273,25.30576879131182,0.30951965133368087
0.256,1335.3852371508776,36.5429232157319,25.306794075708357,3.4588673305399675,0.7731235537986714,0.8489800598863664,299.1713659667969,273.5397122802734,-0.08567549104738907,0.7471896077941543,1335.3852371508776,25.306794075708357,0.309524412555812
0.257,1335.3725995643413,36.542750301042496,25.307820196242854,3.4584413019845504,0.7731257008725211,0.8489595535003209,299.1713659667969,273.519328086853,-0.08574362655679695,0.7471896077941543,1335.3725995643413,25.307820196242854,0.3095292000664094
0.258,1335.3603631486183,36.54258287462201,25.308854034112645,3.4580152734291323,0.7731277797891035,0.8489407888505,299.1713659667969,273.4989438934326,-0.08581176206620482,0.7471896077941543,1335.3603631486183,25.308854034112645,0.30953405767633513
0.259,1335.3485279037084,36.5424209365459,25.30988999477767,3.457589244873714,0.7731297905484188,0.84892082148103,299.1713659667969,273.4785597000122,-0.0858798975756127,0.7471896077941543,1335.3485279037084,25.30988999477767,0.3095389497670823
0.26,1335.3370938296123,36.54226448688713,25.31092734747456,3.4571632163182966,0.7731317331504668,0.8488992115419864,299.1713659667969,273.45817550659183,-0.08594803308502057,0.7471896077941543,1335.3370938296123,25.31092734747456,0.30954387168637365
0.261,1335.3260609263295,36.54211352571618,25.31197381904522,3.456737187762879,0.7731336075952475,0.8488775098116615,299.1713659667969,273.4377913131714,-0.08601616859442864,0.7471896077941543,1335.3260609263295,25.31197381904522,0.3095488726290138
0.262,1335.31542919386,36.54196805310108,25.31302029061588,3.4563111592074605,0.7731354138827611,0.8488605591018618,299.1713659667969,273.417407119751,-0.08608430410383651,0.7471896077941543,1335.31542919386,25.31302029061588,0.3095538945380689
0.263,1335.3051986322039,36.54182806910738,25.314069033185405,3.4558851306520433,0.7731371520130074,0.8488408846895444,299.1713659667969,273.4174245706177,-0.08608424577316484,0.7471896077941543,1335.3051986322039,25.314069033185405,0.30955895187257265
0.264,1335.295369241361,36.54169357379815,25.31512630623644,3.455459102096625,0.7731388219859865,0.8488218942091208,299.1713659667969,273.43309180419925,-0.0860318770127692,0.7471896077941543,1335.295369241361,25.31512630623644,0.3095640844850555
0.265,1335.2859410213316,36.541564567234005,25.316190347586584,3.4550330735412076,0.7731404238016983,0.8488016885029877,299.1713659667969,273.4449119979858,-0.08599236723632936,0.747002997002997,1335.2859410213316,25.316190347586584,0.30956928115645077
0.266,1335.2769139721158,36.54144104947307,25.317254388936732,3.454607044985789,0.773141957460143,0.8487827730054858,299.1713659667969,273.45375991638184,-0.08596279248619426,0.747002997002997,1335.2769139721158,25.317254388936732,0.3095744987952058
0.267,1335.2682880937132,36.541323020571014,25.318322381232473,3.4541810164303715,0.7731434229613203,0.8487632136863412,299.1713659667969,273.4626078347778,-0.08593321773605936,0.747002997002997,1335.2682880937132,25.318322381232473,0.30957976255604475
0.268,1335.260063386124,36.54121048058102,25.319392655425144,3.453754987874954,0.7731448203052306,0.8487431486199498,299.1713659667969,273.4714557531738,-0.08590364298592446,0.746816479400749,1335.260063386124,25.319392655425144,0.3095850618128274
0.269,1335.2522398493481,36.54110342955379,25.32046292961781,3.4533289593195353,0.7731461494918735,0.8487235053391732,299.1713659667969,273.48030367156986,-0.08587406823578936,0.7465667915106118,1335.2522398493481,25.32046292961781,0.3095903820375794
0.27,1335.2448174833858,36.541001867537595,25.321533203810482,3.452902930764118,0.7731474105212492,0.8486994274305268,299.1713659667969,273.48915158996584,-0.08584449348565446,0.7465667915106118,1335.2448174833858,25.321533203810482,0.30959572323048506
0.271,1335.2377962882367,36.54090579457817,25.322610361823642,3.4524769022087,0.7731486033933578,0.8486759784324505,299.1713659667969,273.46507844207764,-0.0859249595683974,0.746380429355966,1335.2377962882367,25.322610361823642,0.30960112921898447
0.272,1335.231176263901,36.54081521071883,25.32369305306522,3.4520508736532824,0.773149728108199,0.8486534204912237,299.1713659667969,273.4434962304688,-0.08599709953252503,0.746380429355966,1335.231176263901,25.32369305306522,0.3096065914044196
0.273,1335.224957410379,36.540730116000404,25.324783079357708,3.451624845097865,0.773150784665773,0.8486356890878908,299.1713659667969,273.42857729553225,-0.08604696705540216,0.746380429355966,1335.224957410379,25.324783079357708,0.30961212125862164
0.274,1335.2191397276697,36.54065051046122,25.32589663743937,3.4511988165424468,0.77315177306608,0.8486224245930296,299.1713659667969,273.4136583605957,-0.08609683457827928,0.7466300549176236,1335.2191397276697,25.32589663743937,0.3096178219016173
0.275,1335.2137232157743,36.54057639413717,25.327017922787224,3.4507727879870282,0.7731526933091195,0.8486017092649087,299.1713659667969,273.3987394256592,-0.08614670210115642,0.7468796804792811,1335.2137232157743,25.327017922787224,0.309623592710783
0.276,1335.2087078746922,36.54050776706164,25.328149253519598,3.4503467594316106,0.7731535453948919,0.8485755847447163,299.1713659667969,273.38382049072266,-0.08619656962403355,0.7469428500124782,1335.2087078746922,25.328149253519598,0.30962944844502555
0.277,1335.2040937044237,36.54044462926558,25.329280584251972,3.449920730876193,0.773154329323397,0.8485550175653185,299.1713659667969,273.3689015557862,-0.08624643714691049,0.7465702170117237,1335.2040937044237,25.329280584251972,0.3096353251484471
0.278,1335.1998807049683,36.54038698077743,25.33041191498435,3.4494947023207754,0.7731550450946348,0.8485319144346527,299.1713659667969,273.3539826208496,-0.08629630466978781,0.7465702170117237,1335.1998807049683,25.33041191498435,0.30964122282115647
0.279,1335.196068876326,36.54033482162316,25.331543245716723,3.449068673765357,0.7731556927086056,0.8485079013009892,299.1713659667969,273.3390636859131,-0.08634617219266474,0.7467564870259481,1335.196068876326,25.331543245716723,0.3096471414632528
0.28,1335.1926582184976,36.5402881518263,25.332676193007085,3.4486426452099392,0.773156272165309,0.848484652426612,299.1713659667969,273.3241447509766,-0.08639603971554188,0.7465069860279441,1335.1926582184976,25.332676193007085,0.3096530913669764
0.281,1335.1896487314823,36.540246971407875,25.3338099032846,3.4482166166545216,0.7731567834647453,0.8484646118111734,299.1713659667969,273.30922581604005,-0.08644590723841901,0.7463207782489398,1335.1896487314823,25.3338099032846,0.3096590670979724
0.28200000000000003,1335.1870404152805,36.540211280386444,25.33494548820025,3.447790588099104,0.7731572266069142,0.8484423523853483,299.1713659667969,273.2943068811035,-0.08649577476129613,0.7463207782489398,1335.1870404152805,25.33494548820025,0.3096650757338675
0.28300000000000003,1335.1848332698921,36.54018107877809,25.33608227496459,3.447364559543686,0.773157601591816,0.8484240785717011,299.1713659667969,273.27938794616705,-0.08654564228417308,0.7463207782489398,1335.1848332698921,25.33608227496459,0.3096711129912701
0.28400000000000003,1335.183027295317,36.54015636659642,25.337226187929858,3.4469385309882683,0.7731579084194505,0.8484081350273733,299.1713659667969,273.2644690112305,-0.0865955098070502,0.7463207782489398,1335.183027295317,25.337226187929858,0.3096772165888446
0.28500000000000003,1335.1816224915553,36.54013714385258,25.33837584926859,3.4465125024328502,0.7731581470898179,0.8483875613277215,299.1713659667969,273.249550076294,-0.08664537732992734,0.7463207782489398,1335.1816224915553,25.33837584926859,0.3096833777544104
0.28600000000000003,1335.180618858607,36.54012341055524,25.33953012034198,3.4460864738774326,0.773158317602918,0.8483633263450862,299.1713659667969,273.23463114135745,-0.08669524485280447,0.7459486412365993,1335.180618858607,25.33953012034198,0.3096895892386215
0.28700000000000003,1335.180016396472,36.54011516671057,25.34068806035768,3.4456604453220145,0.7731584199587509,0.8483413169335925,299.1713659667969,273.2197122064209,-0.0867451123756816,0.7459486412365993,1335.180016396472,25.34068806035768,0.30969584505175246
0.28800000000000003,1335.1798151051505,36.5401124123223,25.34185933852325,3.4452344167665965,0.7731584541573164,0.8483159422158936,299.1713659667969,273.2047932714844,-0.08679497989855874,0.7461979556220394,1335.1798151051505,25.34185933852325,0.3097022067548253
0.289,1335.1800149846424,36.540115147391674,25.34303428557716,3.4448083882111833,0.7731584201986149,0.8482968893654992,299.1713659667969,273.1898743365479,-0.08684484742143567,0.7461979556220394,1335.1800149846424,25.34303428557716,0.3097086127864935
0.29,1335.1806160349477,36.540123371917446,25.34421104875333,3.444382359655756,0.773158318082646,0.8482783225412548,299.1713659667969,273.1749554016113,-0.08689471494431299,0.7461979556220394,1335.1806160349477,25.34421104875333,0.3097150513507342
0.291,1335.1816182560663,36.54013708589592,25.345394084777396,3.4439563311003476,0.7731581478094101,0.8482572002049805,299.1713659667969,273.17671353149416,-0.08688883827935494,0.7461979556220394,1335.1816182560663,25.345394084777396,0.3097215508221979
0.292,1335.1830216479982,36.540156289320905,25.34657919559384,3.443530302544921,0.7731579093789067,0.8482318563248764,299.1713659667969,273.17891809082033,-0.08688146939457196,0.7459486412365993,1335.1830216479982,25.34657919559384,0.30972808447307304
0.293,1335.1848262107437,36.54018098218376,25.34776430641028,3.4431042739895124,0.7731576027911362,0.848209739249024,299.1713659667969,273.1811226501465,-0.086874100509789,0.7459486412365993,1335.1848262107437,25.34776430641028,0.3097346390937325
0.294,1335.1870319443024,36.54021116447334,25.34895390250421,3.4426782454340854,0.7731572280460985,0.8481863300405307,299.1713659667969,273.1833272094726,-0.08686673162500622,0.7459486412365993,1335.1870319443024,25.34895390250421,0.3097412432405792
0.295,1335.1896388486748,36.54024683617607,25.350157866796287,3.4422522168786767,0.7731567851437935,0.848163644206124,299.1713659667969,273.18553176879885,-0.08685936274022305,0.7459486412365993,1335.1896388486748,25.350157866796287,0.3097479598352178
0.296,1335.1926469238601,36.54028799727583,25.351373798271943,3.4418261883232497,0.7731562740842214,0.8481401626602223,299.1713659667969,273.1860929736328,-0.08685748687609365,0.7459486412365993,1335.1926469238601,25.351373798271943,0.30975477359103126
0.297,1335.1960561698593,36.54033464775411,25.3525909050321,3.4414001597678405,0.7731556948673819,0.8481192704568489,299.1713659667969,273.1856263098145,-0.08685904673064995,0.7459486412365993,1335.1960561698593,25.3525909050321,0.3097616157990937
0.298,1335.1998665866713,36.54038678758985,25.353814793149077,3.4409741312124127,0.7731550474932753,0.8481000679880017,299.1713659667969,273.18515964599607,-0.08686060658520663,0.7459486412365993,1335.1998665866713,25.353814793149077,0.3097685221515425
0.299,1335.204078174297,36.540444416759584,25.355042110297315,3.440548102657004,0.7731543319619014,0.8480785869575876,299.1713659667969,273.18469298217775,-0.08686216643976291,0.7461346633416459,1335.204078174297,25.355042110297315,0.3097754713050146
0.3,1335.208690932736,36.54050753523733,25.356273821000205,3.4401220741015774,0.7731535482732603,0.8480628078091735,299.1713659667969,273.1781271972656,-0.08688411300838228,0.7461346633416459,1335.208690932736,25.356273821000205,0.3097824694002482
0.301,1335.2137048619886,36.54057614299463,25.357516929711625,3.439696045546169,0.7731526964273521,0.8480412776363526,299.1713659667969,273.1565092663575,-0.08695637236662086,0.7461346633416459,1335.2137048619886,25.357516929711625,0.30978956103243743
0.302,1335.2191199620545,36.54065024000058,25.35876474012215,3.4392700169907426,0.7731517764241764,0.8480177834240554,299.1713659667969,273.1348913354492,-0.08702863172486003,0.7463207782489398,1335.2191199620545,25.35876474012215,0.3097967035680267
0.303,1335.2249362329337,36.54072982622178,25.3600142247285,3.4388439884353335,0.7731507882637337,0.8480010475085265,299.1713659667969,273.1132734045411,-0.08710089108309861,0.7463207782489398,1335.2249362329337,25.3600142247285,0.30980387773166335
0.304,1335.2311536746263,36.540814901622355,25.36126370933484,3.438417959879907,0.7731497319460237,0.8479793446291404,299.1713659667969,273.0916554736328,-0.08717315044133776,0.7463207782489398,1335.2311536746263,25.36126370933484,0.3098110728640968
0.305,1335.2377722871322,36.54090546616398,25.362515557465603,3.437991931324497,0.7731486074710465,0.8479588778456216,299.1713659667969,273.07003754272466,-0.08724540979957635,0.7465702170117237,1335.2377722871322,25.362515557465603,0.30981830401304705
0.306,1335.2447920704515,36.541001519805825,25.36377038290293,3.4375659027690713,0.773147414838802,0.8479396981442189,299.1713659667969,273.04841961181637,-0.0873176691578155,0.7463840399002494,1335.2447920704515,25.36377038290293,0.309825575086129
0.307,1335.2522130245843,36.54110306250462,25.365025208340263,3.437139874213661,0.7731461540492903,0.8479150164707363,299.1713659667969,273.0268016809082,-0.08738992851605427,0.7463840399002494,1335.2522130245843,25.365025208340263,0.3098328671275401
0.308,1335.2600351495305,36.54121009421459,25.366280388974992,3.4367138456582356,0.7731448251025114,0.8478919336490585,299.1713659667969,273.00518375,-0.08746218787429305,0.7466334164588528,1335.2600351495305,25.366280388974992,0.30984018239854294
0.309,1335.26825844529,36.54132261488752,25.36753793036569,3.4362878171028264,0.7731434279984652,0.8478674467013599,299.1713659667969,272.9835658190918,-0.08753444723253201,0.7466334164588528,1335.26825844529,25.36753793036569,0.30984753366775647
0.31,1335.276882911863,36.541440624472685,25.368799415638705,3.435861788547399,0.7731419627371519,0.8478458151172108,299.1713659667969,272.9619478881836,-0.08760670659077079,0.7466334164588528,1335.276882911863,25.368799415638705,0.3098549310142878
0.311,1335.2859085492491,36.541564122916924,25.37006310461677,3.43543575999199,0.7731404293185713,0.8478284232480909,299.1713659667969,272.9403299572754,-0.08767896594900956,0.7465104685942173,1335.2859085492491,25.37006310461677,0.30986236335873585
0.312,1335.295335357449,36.54169311016457,25.371329992166395,3.4350097314365633,0.7731388277427235,0.8478070759630516,299.1713659667969,272.9187120263672,-0.08775122530724852,0.7463244455519561,1335.295335357449,25.371329992166395,0.30986983703491106
0.313,1335.3051633364619,36.54182758615751,25.372600958668,3.434583702881155,0.7731371580096085,0.8477905648893981,299.1713659667969,272.897094095459,-0.0878234846654873,0.7463244455519561,1335.3051633364619,25.372600958668,0.30987735764771535
0.314,1335.3153924862884,36.54196755083514,25.373871925169606,3.4341576743257285,0.7731354201192262,0.8477701962838029,299.1713659667969,272.8754761645508,-0.08789574402372625,0.7458893871449925,1335.3153924862884,25.373871925169606,0.3098848992274266
0.315,1335.3260228069282,36.5421130041344,25.375143338216105,3.433731645770319,0.7731336140715767,0.8477476200110422,299.1713659667969,272.8538582336426,-0.08796800338196503,0.7458893871449925,1335.3260228069282,25.375143338216105,0.3098924646168244
0.316,1335.3370542983812,36.54226394598973,25.37641839062815,3.433305617214892,0.77313173986666,0.8477310343553024,299.1713659667969,272.83224030273436,-0.08804026274020399,0.7458893871449925,1335.3370542983812,25.37641839062815,0.3099000741434104
0.317,1335.3484869606477,36.54242037633314,25.377704575681225,3.432879588659483,0.773129797504476,0.8477076442800136,299.1713659667969,272.8106223718262,-0.08811252209844277,0.7458893871449925,1335.3484869606477,25.377704575681225,0.3099077755144116
0.318,1335.3603207937276,36.54258229509414,25.378992628417112,3.432453560104057,0.7731277869850248,0.8476833704965221,299.1713659667969,272.789004440918,-0.08818478145668154,0.7458893871449925,1335.3603207937276,25.378992628417112,0.309915509742288
0.319,1335.372555797621,36.542749702199764,25.38028461824694,3.4320275315486475,0.7731257083083063,0.8476600950066816,299.1713659667969,272.76738651000977,-0.0882570408149205,0.7458893871449925,1335.372555797621,25.38028461824694,0.30992329000209434
0.32,1335.385191972328,36.542922597574595,25.38157660807677,3.4316015029932214,0.7731235614743207,0.8476410070431157,299.1713659667969,272.74576857910154,-0.08832930017315947,0.7460752554198854,1335.385191972328,25.38157660807677,0.30993109122722057
0.321,1335.398229317848,36.543100981140725,25.382870133609707,3.431175474437812,0.7731213464830679,0.8476217077057401,299.1713659667969,272.72415064819336,-0.08840155953139825,0.7460752554198854,1335.398229317848,25.382870133609707,0.30993892319474015
0.322,1335.4116678341813,36.54328485281778,25.384165702836256,3.4307494458823853,0.7731190633345477,0.8475979041554885,299.1713659667969,272.7025327172851,-0.0884738188896372,0.7458893871449925,1335.4116678341813,25.384165702836256,0.3099467891385726
0.323,1335.4255075213284,36.54347421252293,25.385461272062813,3.4303234173269765,0.7731167120287604,0.8475748654524149,299.1713659667969,272.6826305487061,-0.08854034319925734,0.7458893871449925,1335.4255075213284,25.385461272062813,0.30995467604680393
0.324,1335.4397483792889,36.543669060170856,25.386761981558156,3.4298973887715496,0.7731142925657059,0.8475508850536335,299.1713659667969,272.6677116137695,-0.08859021072213466,0.7458893871449925,1335.4397483792889,25.386761981558156,0.30996261664569136
0.325,1335.4543904080624,36.543869395673774,25.388063488954106,3.429471360216141,0.773111804945384,0.8475209254215536,299.1713659667969,272.65279267883307,-0.08864007824501141,0.7458893871449925,1335.4543904080624,25.388063488954106,0.3099705832883154
0.326,1335.4694336076493,36.54407521894143,25.389364996350054,3.429045331660714,0.7731092491677951,0.8474989159566154,299.1713659667969,272.6378737438965,-0.08868994576788873,0.7458893871449925,1335.4694336076493,25.389364996350054,0.3099785708943322
0.327,1335.4848779780498,36.544286529881106,25.39066650374601,3.4286193031053056,0.7731066252329388,0.847475125687373,299.1713659667969,272.62295480896,-0.08873981329076566,0.7458893871449925,1335.4848779780498,25.39066650374601,0.30998657946338765
0.328,1335.5007235192636,36.5445033283976,25.391971306839558,3.4281932745498787,0.7731039331408154,0.8474515564119873,299.1713659667969,272.6080358740234,-0.08878968081364298,0.7458893871449925,1335.5007235192636,25.391971306839558,0.30999462997785765
0.329,1335.5169702312908,36.54472561439326,25.393280314088496,3.427767245994469,0.7731011728914247,0.8474279476676867,299.1713659667969,272.59311693908694,-0.08883954833651993,0.7461385151968112,1335.5169702312908,25.393280314088496,0.31000272822125347
0.33,1335.5336181141315,36.54495338776794,25.394591482351508,3.4273412174390425,0.7730983444847668,0.8474027931421737,299.1713659667969,272.5937665100098,-0.08883737710291686,0.7458893871449925,1335.5336181141315,25.394591482351508,0.3100108611851112
0.331,1335.5506671677852,36.54518664841904,25.395903935929315,3.4269151888836333,0.7730954479208416,0.8473750033918526,299.1713659667969,272.6115706390381,-0.08877786562871283,0.7458893871449925,1335.5506671677852,25.395903935929315,0.31001902329371844
0.332,1335.5681173922526,36.54542539624149,25.397224273130078,3.426489160328206,0.7730924831996493,0.8473492825395197,299.1713659667969,272.62519639892577,-0.0887323206286303,0.7456402590931739,1335.5681173922526,25.397224273130078,0.3100272565561661
0.333,1335.5859687875334,36.54566963112775,25.398547613821243,3.4260631317727976,0.7730894503211896,0.847324241557283,299.1713659667969,272.63762478332524,-0.08869077793499949,0.7456402590931739,1335.5859687875334,25.398547613821243,0.31003552990167116
0.334,1335.6042213536275,36.545919352967815,25.399870954512412,3.425637103217371,0.7730863492854628,0.8472974251686579,299.1713659667969,272.65005316772465,-0.08864923524136888,0.7456402590931739,1335.6042213536275,25.399870954512412,0.3100438242074711
0.335,1335.622875090535,36.546174561649195,25.401200225049433,3.4252110746619624,0.7730831800924687,0.8472732870812734,299.1713659667969,272.66248155212406,-0.08860769254773825,0.7456402590931739,1335.622875090535,25.401200225049433,0.31005217722672523
0.336,1335.6419299982556,36.546435257056956,25.40253191994895,3.4247850461065354,0.7730799427422075,0.847250723180962,299.1713659667969,272.6749099365234,-0.08856614985410782,0.7458260652878146,1335.6419299982556,25.40253191994895,0.31006056664061027
0.337,1335.6613860767902,36.54670143907368,25.403863614848472,3.4243590175511267,0.7730766372346789,0.8472279696053913,299.1713659667969,272.6873383209229,-0.088524607160477,0.746011964107677,1335.6613860767902,25.403863614848472,0.310068977013473
0.338,1335.6812433261373,36.546973107579475,25.40519543642255,3.423932988995699,0.7730732635698833,0.8472044826615741,299.1713659667969,272.69976670532225,-0.08848306446684658,0.746011964107677,1335.6812433261373,25.40519543642255,0.3100774091513552
0.339,1335.7015017462986,36.54725026245201,25.406527615197398,3.423506960440291,0.7730698217478202,0.8471810307774836,299.1713659667969,272.7121950897217,-0.08844152177321576,0.746011964107677,1335.7015017462986,25.406527615197398,0.31008586452148235
0.34,1335.722161337273,36.54753290356646,25.407862190892526,3.423080931884864,0.77306631176849,0.8471553705848913,299.1713659667969,272.7246234741211,-0.08839997907958533,0.746011964107677,1335.722161337273,25.407862190892526,0.3100943561096732
0.341,1335.7432220990609,36.54782103079554,25.40920294480054,3.422654903329455,0.7730627336318927,0.8471304432260984,299.1713659667969,272.73705185852054,-0.08835843638595452,0.746011964107677,1335.7432220990609,25.40920294480054,0.31010290798982215
0.342,1335.7646840316618,36.5481146440095,25.41054369870857,3.4222288747740275,0.773059087338028,0.8471083100633895,299.1713659667969,272.74948024291996,-0.08831689369232389,0.746011964107677,1335.7646840316618,25.41054369870857,0.31011148082656487
0.343,1335.7865471350765,36.54841374307613,25.411884452616594,3.421802846218619,0.7730553728868961,0.8470861994543465,299.1713659667969,272.7619086273194,-0.08827535099869327,0.7458260652878146,1335.7865471350765,25.411884452616594,0.3101200746193962
0.34400000000000003,1335.8088114093043,36.54871832786075,25.41322520652461,3.421376817663192,0.773051590278497,0.8470644214049823,299.1713659667969,272.7743370117188,-0.08823380830506264,0.7458260652878146,1335.8088114093043,25.41322520652461,0.3101286893678017
0.34500000000000003,1335.8314768543457,36.549028398226206,25.41456989952493,3.420950789107784,0.7730477395128307,0.8470359027223251,299.1713659667969,272.7630456634522,-0.08827155038051192,0.7458260652878146,1335.8314768543457,25.41456989952493,0.31013735015030236
0.34600000000000003,1335.8545434702003,36.549343954032885,25.41592320343298,3.420524760552357,0.7730438205898972,0.8470091994226964,299.1713659667969,272.7462904675293,-0.08832755572670786,0.7458260652878146,1335.8545434702003,25.41592320343298,0.31014608671044297
0.34700000000000003,1335.8780112568686,36.54966499513872,25.41728124733146,3.420098731996948,0.7730398335096964,0.8469813329792232,299.1713659667969,272.73017281372074,-0.0883814300463858,0.7460752554198854,1335.8780112568686,25.41728124733146,0.3101548744026862
0.34800000000000003,1335.9018802143498,36.54999152139915,25.41864172933991,3.4196727034415204,0.7730357782722284,0.8469617163940768,299.1713659667969,272.7169808300781,-0.08842552512079238,0.7460752554198854,1335.9018802143498,25.41864172933991,0.3101636985710823
0.34900000000000003,1335.9261503426449,36.550323532667186,25.420013434882502,3.4192466748861126,0.7730316548774931,0.846937594366826,299.1713659667969,272.69474285827636,-0.08849985700656593,0.7460752554198854,1335.9261503426449,25.420013434882502,0.31017261514928773
0.35000000000000003,1335.9508216417532,36.55066102879336,25.421386320156934,3.4188206463306847,0.7730274633254905,0.8469142350756876,299.1713659667969,272.67192129516604,-0.08857613958473501,0.7460752554198854,1335.9508216417532,25.421386320156934,0.31018156019078913
0.35100000000000003,1335.9758941116747,36.55100400962571,25.422759698790095,3.4183946177752764,0.7730232036162209,0.8468882910115428,299.1713659667969,272.64909973205573,-0.08865242216290409,0.7460752554198854,1335.9758941116747,25.422759698790095,0.31019052932506985
0.352,1336.0013677524096,36.551352475009864,25.424146525500163,3.4179685892198535,0.773018875749684,0.8468646582972919,299.1713659667969,272.6262781689453,-0.08872870474107354,0.7460752554198854,1336.0013677524096,25.424146525500163,0.31019960503042987
0.353,1336.027242563958,36.551706424788954,25.42553818413124,3.417542560664436,0.7730144797258799,0.8468366140967285,299.1713659667969,272.603456605835,-0.08880498731924262,0.7460752554198854,1336.027242563958,25.42553818413124,0.31020873244973335
0.354,1336.0535185463198,36.55206585880366,25.42693155230904,3.4171165321090182,0.7730100155448085,0.84681074143471,299.1713659667969,272.5806350427246,-0.0888812698974119,0.7462612163509471,1336.0535185463198,25.42693155230904,0.3102178917031307
0.355,1336.0801956994949,36.55243077689218,25.42832582577136,3.4166905035536,0.7730054832064699,0.846787748239803,299.1713659667969,272.55781347961425,-0.08895755247558117,0.7462612163509471,1336.0801956994949,25.42832582577136,0.31022707766950236
0.356,1336.1072740234836,36.55280117889029,25.42972283587416,3.4162644749981834,0.7730008827108641,0.8467662808377886,299.1713659667969,272.53499191650394,-0.08903383505375025,0.7462612163509471,1336.1072740234836,25.42972283587416,0.31023630200792707
0.357,1336.1347535182852,36.553177064631264,25.43113035484908,3.4158384464427645,0.772996214057991,0.8467448251401647,299.1713659667969,272.51217035339357,-0.08911011763191952,0.7462612163509471,1336.1347535182852,25.43113035484908,0.3102456142012864
0.358,1336.1626341839005,36.553558433945945,25.432550895736853,3.4154124178873477,0.7729914772478508,0.8467220693733611,299.1713659667969,272.48934879028326,-0.0891864002100886,0.7462612163509471,1336.1626341839005,25.432550895736853,0.3102550302487272
0.359,1336.1909160203295,36.55394528666269,25.433974200448734,3.4149863893319288,0.7729866722804432,0.846696021172208,299.1713659667969,272.4665272271729,-0.08926268278825786,0.7462612163509471,1336.1909160203295,25.433974200448734,0.31026448483935243
0.36,1336.2195990275713,36.554337622607406,25.43539750516062,3.414560360776511,0.7729817991557685,0.8466730244499506,299.1713659667969,272.4437056640625,-0.08933896536642713,0.7462612163509471,1336.2195990275713,25.43539750516062,0.31027396037603994
0.361,1336.2486832056268,36.554735441603555,25.436820809872497,3.414134332221093,0.7729768578738265,0.8466477210274885,299.1713659667969,272.42088410095215,-0.0894152479445964,0.7462612163509471,1336.2486832056268,25.436820809872497,0.3102834568581153
0.362,1336.2781685544956,36.55513874347211,25.438244114584382,3.413708303665675,0.7729718484346173,0.8466241855826013,299.1713659667969,272.39806253784184,-0.08949153052276548,0.7460752554198854,1336.2781685544956,25.438244114584382,0.3102929742848946
0.363,1336.308055074178,36.55554752803161,25.43966741929626,3.4132822751102574,0.7729667708381409,0.8466052298946809,299.1713659667969,272.37524097473147,-0.08956781310093476,0.7458893871449925,1336.308055074178,25.43966741929626,0.31030251265568465
0.364,1336.3383427646734,36.55596179509812,25.441090724008145,3.4128562465548398,0.7729616250843973,0.8465837168241658,299.1713659667969,272.3524194116211,-0.08964409567910402,0.7458893871449925,1336.3383427646734,25.441090724008145,0.31031207196978294
0.365,1336.3690316259824,36.556381544485255,25.442515404797692,3.4124302179994217,0.7729564111733863,0.8465597580437676,299.1713659667969,272.32959784851073,-0.08972037825727329,0.7458893871449925,1336.3690316259824,25.442515404797692,0.31032166098756003
0.366,1336.4001216581048,36.55680677600417,25.44395581302046,3.412004189444004,0.7729511291051082,0.8465311765101371,299.1713659667969,272.3067762854004,-0.08979666083544237,0.7463244455519561,1336.4001216581048,25.44395581302046,0.31033137107916486
0.367,1336.4316128610405,36.55723748946357,25.445412810933593,3.411578160888586,0.7729457788795628,0.8465042443068354,299.1713659667969,272.28395472229005,-0.08987294341361164,0.7465104685942173,1336.4316128610405,25.445412810933593,0.3103412077336048
0.368,1336.4635052347896,36.55767368466967,25.446870693243934,3.411152132333168,0.7729403604967503,0.8464769768716194,299.1713659667969,272.2611331591797,-0.08994922599178092,0.7468827930174564,1336.4635052347896,25.446870693243934,0.3103510709591461
0.369,1336.495798779352,36.55811536142628,25.448330071157862,3.4107261037777503,0.7729348739566706,0.8464492917125866,299.1713659667969,272.23831159606937,-0.09002550856995,0.7466334164588528,1336.495798779352,25.448330071157862,0.31036096464641083
0.37,1336.5284934947279,36.5585625195347,25.449798321431903,3.4103000752223327,0.7729293192593235,0.8464232740818048,299.1713659667969,272.215490032959,-0.09010179114811927,0.7466334164588528,1336.5284934947279,25.449798321431903,0.3103709357602845
0.371,1336.5615893809172,36.559015158793834,25.45127107151636,3.4098740466669146,0.7729236964047093,0.8464006124845722,299.1713659667969,272.1926684698486,-0.09017807372628853,0.7466334164588528,1336.5615893809172,25.45127107151636,0.3103809564612579
0.372,1336.59508643792,36.559473279000066,25.452744018378443,3.409448018111497,0.7729180053928278,0.8463816141210547,299.1713659667969,272.1698469067383,-0.0902543563044576,0.7466334164588528,1336.59508643792,25.452744018378443,0.3103909993524061
0.373,1336.6289846657362,36.55993687994737,25.45421878274608,3.409021989556079,0.772912246223679,0.8463566419755988,299.1713659667969,272.14702534362794,-0.09033063888262688,0.7466334164588528,1336.6289846657362,25.45421878274608,0.31040107475164097
0.374,1336.6632840643654,36.56040596142725,25.455695359861863,3.4085959610006613,0.7729064188972632,0.8463309929529497,299.1713659667969,272.1242037805176,-0.09040692146079615,0.7468196557745074,1336.6632840643654,25.455695359861863,0.31041118262787726
0.375,1336.6979846338081,36.56088052322876,25.45718671730589,3.4081699324452432,0.7729005234135801,0.8463020010174268,299.1713659667969,272.10138221740726,-0.09048320403896523,0.7466334164588528,1336.6979846338081,25.45718671730589,0.3104214055410868
0.376,1336.7330863740644,36.5613605651385,25.458679519340258,3.407743903889825,0.7728945597726297,0.8462767014162613,299.1713659667969,272.0785606542969,-0.0905594866171345,0.7464472700074795,1336.7330863740644,25.458679519340258,0.3104316585857241
0.377,1336.7685892851339,36.561846086940605,25.46017232137461,3.4073178753344076,0.772888527974412,0.8462474021736828,299.1713659667969,272.0557390911865,-0.09063576919530376,0.7464472700074795,1336.7685892851339,25.46017232137461,0.3104419325636813
0.378,1336.804493367017,36.562337088416776,25.461666697308633,3.4068918467789904,0.7728824280189273,0.846220798735486,299.1713659667969,272.03291752807615,-0.09071205177347304,0.7464472700074795,1336.804493367017,25.461666697308633,0.31045223749468215
0.379,1336.8407986197133,36.56283356934625,25.463165597218794,3.406465818223572,0.7728762599061751,0.846195643007467,299.1713659667969,272.01009596496584,-0.09078833435164212,0.7464472700074795,1336.8407986197133,25.463165597218794,0.3104625921601547
0.38,1336.877505043223,36.56333552950583,25.464664630423687,3.406039789668154,0.7728700236361559,0.846170059828695,299.1713659667969,271.9872744018555,-0.09086461692981139,0.7466334164588528,1336.877505043223,25.464664630423687,0.310472968605066
0.381,1336.914612637546,36.56384296866983,25.46616366362858,3.405613761112736,0.7728637192088693,0.8461479617791576,299.1713659667969,271.9644528387451,-0.09094089950798066,0.7466334164588528,1336.914612637546,25.46616366362858,0.3104833659799055
0.382,1336.9521214026827,36.56435588661015,25.467663263005345,3.405187732557319,0.7728573466243156,0.8461204000239494,299.1713659667969,271.9416312756348,-0.09101718208614974,0.7466334164588528,1336.9521214026827,25.467663263005345,0.31049378788845194
0.383,1336.9900313386324,36.56487428309624,25.469162997946334,3.4047617040019005,0.7728509058824946,0.846092752543434,299.1713659667969,271.9188097125244,-0.09109346466431902,0.7466334164588528,1336.9900313386324,25.469162997946334,0.3105042315882721
0.384,1337.0283424453958,36.56539815789507,25.470663920492076,3.4043356754464833,0.7728443969834065,0.846065653779708,299.1713659667969,271.89598814941405,-0.09116974724248827,0.7466334164588528,1337.0283424453958,25.470663920492076,0.3105147037765093
0.385,1337.0670547229724,36.565927510771175,25.472172327396038,3.403909646891065,0.7728378199270509,0.8460461850493389,299.1713659667969,271.87310126647947,-0.09124624815647323,0.7466334164588528,1337.0670547229724,25.472172327396038,0.3105252445418458
0.386,1337.1061681713625,36.56646234148666,25.473680734299993,3.4034836183356467,0.7728311747134283,0.8460175803741509,299.1713659667969,271.84837744995116,-0.09132888914201144,0.7466965843929195,1337.1061681713625,25.473680734299993,0.3105358062326599
0.387,1337.1456827905658,36.56700264980117,25.47518914120395,3.403057589780229,0.7728244613425385,0.8459910505025908,299.1713659667969,271.82365363342285,-0.09141153012754964,0.7466965843929195,1337.1456827905658,25.47518914120395,0.3105463888480336
0.388,1337.1855985805826,36.56754843547189,25.476700042842094,3.402631561224812,0.7728176798143813,0.8459681702096239,299.1713659667969,271.79892981689454,-0.09149417111308786,0.7466965843929195,1337.1855985805826,25.476700042842094,0.3105570082702798
0.389,1337.2259155414126,36.56809969825357,25.478222868647727,3.4022055326693934,0.772810830128957,0.8459447839289093,299.1713659667969,271.77420600036623,-0.09157681209862606,0.7465104685942173,1337.2259155414126,25.478222868647727,0.31056772453289705
0.39,1337.2666336730563,36.56865643789851,25.479751509447834,3.4017795041139762,0.7728039122862654,0.8459178830709273,299.1713659667969,271.7494821838379,-0.09165945308416426,0.7465104685942173,1337.2666336730563,25.479751509447834,0.3105784987396269
0.391,1337.3077529755133,36.56921865415658,25.481288534691434,3.4013534755585577,0.7727969262863067,0.8458896752226763,299.1713659667969,271.72475836730956,-0.09174209406970267,0.7465104685942173,1337.3077529755133,25.481288534691434,0.3105893472484418
0.392,1337.3492734487836,36.56978634677517,25.48282555993504,3.4009274470031396,0.7727898721290807,0.8458655355052282,299.1713659667969,271.70003455078125,-0.09182473505524087,0.7465104685942173,1337.3492734487836,25.48282555993504,0.31060021667708515
0.393,1337.3911950928673,36.57035951549926,25.484362585178644,3.400501418447722,0.7727827498145874,0.845838332684661,299.1713659667969,271.67531073425295,-0.09190737604077909,0.7465104685942173,1337.3911950928673,25.484362585178644,0.3106111070245827
0.394,1337.4335179077643,36.57093816007137,25.485903803481243,3.400075389892304,0.7727755593428269,0.8458103574277677,299.1713659667969,271.64833602294925,-0.09199754079039181,0.7465104685942173,1337.4335179077643,25.485903803481243,0.3106220449859273
0.395,1337.476241893475,36.571522280231584,25.48745694988905,3.3996493613368863,0.7727683007137992,0.8457842433025704,299.1713659667969,271.60590115356445,-0.09213938213689793,0.7465104685942173,1337.476241893475,25.48745694988905,0.3106330798068958
0.396,1337.5193670499987,36.572111875717525,25.48901296285043,3.3992233327814683,0.7727609739275043,0.8457569678506489,299.1713659667969,271.5634662841797,-0.09228122348340387,0.7462612163509471,1337.5193670499987,25.48901296285043,0.3106441537942453
0.397,1337.5628933773357,36.57270694626439,25.49057512487911,3.398797304226051,0.7727535789839421,0.8457327317991193,299.1713659667969,271.52103141479495,-0.09242306482990979,0.7462612163509471,1337.5628933773357,25.49057512487911,0.3106552878457662
0.398,1337.6068208754866,36.57330749160495,25.49214559536613,3.3983712756706335,0.7727461158831127,0.8457058067574081,299.1713659667969,271.4785965454102,-0.09256490617641572,0.746011964107677,1337.6068208754866,25.49214559536613,0.3106664957086466
0.399,1337.6511495444504,36.57391351146949,25.493756525230275,3.3979452471152154,0.7727385846250161,0.8456816867610563,299.1713659667969,271.4361616760254,-0.09270674752292185,0.746011964107677,1337.6511495444504,25.493756525230275,0.3106779820773233
0.4,1337.695879384228,36.5745250055859,25.495369143809057,3.3975192185597978,0.7727309852096523,0.8456511968238877,299.1713659667969,271.3972830810547,-0.09283670178791327,0.746011964107677,1337.695879384228,25.495369143809057,0.3106895001093239
0.401,1337.7410103948187,36.57514197367959,25.49698732758804,3.397093190004379,0.7727233176370212,0.8456240758271644,299.1713659667969,271.36412520996095,-0.09294753415646766,0.746011964107677,1337.7410103948187,25.49698732758804,0.3107010744840457
0.402,1337.786542576223,36.57576441547357,25.49860819543522,3.396667161448961,0.772715581907123,0.8455971992063562,299.1713659667969,271.3309673388672,-0.09305836652502203,0.746011964107677,1337.786542576223,25.49860819543522,0.3107126868571085
0.403,1337.8324759284403,36.576392330688385,25.500239508567457,3.396241132893544,0.7727077780199574,0.8455717398055216,299.1713659667969,271.29780946777345,-0.09316919889357642,0.746011964107677,1337.8324759284403,25.500239508567457,0.3107243866408354
0.404,1337.8788104514715,36.57702571904216,25.501879134400774,3.3958151043381255,0.7726999059755246,0.845546856565333,299.1713659667969,271.2636421044922,-0.09328340555627236,0.746011964107677,1337.8788104514715,25.501879134400774,0.31073616025661305
0.405,1337.9255461453154,36.57766458025055,25.50353179120731,3.3953890757827074,0.7726919657738247,0.8455238454130051,299.1713659667969,271.2279319335937,-0.09340276915506826,0.746011964107677,1337.9255461453154,25.50353179120731,0.3107480377432097
0.406,1337.9726830099733,36.57830891402681,25.505191475858616,3.39496304722729,0.7726839574148575,0.8454957238779531,299.1713659667969,271.19222176269534,-0.09352213275386378,0.746011964107677,1337.9726830099733,25.505191475858616,0.3107599808793724
0.40700000000000003,1338.0202210454443,36.578958720081744,25.50686156331112,3.3945370186718726,0.772675880898623,0.8454661226995118,299.1713659667969,271.15651159179686,-0.09364149635265968,0.746011964107677,1338.0202210454443,25.50686156331112,0.3107720111513538
0.40800000000000003,1338.0681602517286,36.57961399812372,25.508533636384474,3.394110990116455,0.7726677362251214,0.8454414313525377,299.1713659667969,271.12080142089843,-0.0937608599514554,0.746011964107677,1338.0681602517286,25.508533636384474,0.3107840749683223
0.40900000000000003,1338.1165006288265,36.58027474785867,25.510208125528166,3.393684961561037,0.7726595233943525,0.8454159367316423,299.1713659667969,271.0909961816406,-0.09386048592722854,0.7458260652878146,1338.1165006288265,25.510208125528166,0.3107961750696998
0.41000000000000003,1338.1652421767376,36.58094096899009,25.51188261467185,3.3932589330056184,0.7726512424063164,0.845389988685867,299.1713659667969,271.0632370361328,-0.09395327269984657,0.7456402590931739,1338.1652421767376,25.51188261467185,0.3108082960719431
0.41100000000000003,1338.2143848954622,36.581612661219054,25.513557690528277,3.3928329044502012,0.7726428932610131,0.8453613309133642,299.1713659667969,271.03547789062503,-0.0940460594724646,0.7456402590931739,1338.2143848954622,25.513557690528277,0.31082044170933787
0.41200000000000003,1338.2639287850004,36.58228982424419,25.515239494531592,3.3924068758947823,0.7726344759584425,0.8453386200668357,299.1713659667969,271.00771874511724,-0.09413884624508263,0.7458260652878146,1338.2639287850004,25.515239494531592,0.3108326510814424
0.41300000000000003,1338.313873845352,36.58297245776171,25.516929755584428,3.3919808473393647,0.7726259904986047,0.8453151750503896,299.1713659667969,270.97995959960934,-0.09423163301770104,0.7458260652878146,1338.313873845352,25.516929755584428,0.3108449351945119
0.41400000000000003,1338.3642200765166,36.58366056146537,25.518621980025173,3.3915548187839466,0.7726174368814996,0.8452916030493239,299.1713659667969,270.95220045410156,-0.09432441979031908,0.7456402590931739,1338.3642200765166,25.518621980025173,0.31085725270413817
0.41500000000000004,1338.4149674784946,36.58435413504651,25.520320039308356,3.391128790228529,0.7726088151071274,0.8452632953129187,299.1713659667969,270.9279873657227,-0.09440535363337128,0.7456402590931739,1338.4149674784946,25.520320039308356,0.3108696282575575
0.41600000000000004,1338.4661160512862,36.585053178194045,25.522024353520145,3.390702761673111,0.7726001251754879,0.8452365186069871,299.1713659667969,270.9166828613281,-0.09444313968404504,0.7456402590931739,1338.4661160512862,25.522024353520145,0.3108820645281466
0.417,1338.517665794891,36.58575769059445,25.523737301620734,3.3902767331176893,0.7725913670865813,0.8452069445517338,299.1713659667969,270.90537835693357,-0.09448092573471881,0.7456402590931739,1338.517665794891,25.523737301620734,0.31089457666084963
0.418,1338.5696167093092,36.58646767193178,25.52545065826925,3.38985070456228,0.7725825408404073,0.8451744479796587,299.1713659667969,270.89407385253907,-0.09451871178539237,0.7453911310413552,1338.5696167093092,25.52545065826925,0.31090711228612755
0.419,1338.6219687945409,36.587183121887655,25.52716663799065,3.3894246760068536,0.7725736464369661,0.8451473479867047,299.1713659667969,270.8827693481445,-0.09455649783606612,0.7453911310413552,1338.6219687945409,25.52716663799065,0.3109196855019947
0.42,1338.6747220505863,36.587904040141275,25.52888982610724,3.3889986474514444,0.7725646838762577,0.8451186014692686,299.1713659667969,270.87146484375,-0.0945942838867397,0.7453911310413552,1338.6747220505863,25.52888982610724,0.3109323255006276
0.421,1338.7278764774446,36.5886304263694,25.53062515516723,3.388572618896018,0.7725556531582821,0.8450887505437193,299.1713659667969,270.86016033935545,-0.09463206993741345,0.7453911310413552,1338.7278764774446,25.53062515516723,0.3109450636848785
0.422,1338.7814320751165,36.58936228024638,25.53236700270258,3.388146590340609,0.7725465542830393,0.8450588483379753,299.1713659667969,270.84885583496094,-0.09466985598808703,0.7453911310413552,1338.7814320751165,25.53236700270258,0.31095786425689925
0.423,1338.8353888436013,36.59009960144412,25.53410885023792,3.387720561785181,0.7725373872505292,0.8450296024064903,299.1713659667969,270.8375513305664,-0.09470764203876078,0.7453911310413552,1338.8353888436013,25.53410885023792,0.31097068571421627
0.424,1338.8897467829001,36.59084238963214,25.53585069777327,3.3872945332297735,0.7725281520607519,0.8449971770762075,299.1713659667969,270.8262468261719,-0.09474542808943436,0.7455768751557438,1338.8897467829001,25.53585069777327,0.3109835280555671
0.425,1338.944505893012,36.591590644477485,25.537592545308616,3.3868685046743465,0.7725188487137074,0.844968098560262,299.1713659667969,270.8149423217773,-0.09478321414010811,0.7455768751557438,1338.944505893012,25.537592545308616,0.31099639127967993
0.426,1338.9996661739374,36.592344365644806,25.53933439284397,3.3864424761189373,0.7725094772093957,0.8449399100857168,299.1713659667969,270.8036378173829,-0.09482100019078149,0.7455768751557438,1338.9996661739374,25.53933439284397,0.31100927538527373
0.427,1339.055227625676,36.593103552796336,25.5410778602091,3.386016447563511,0.7725000375478167,0.8449085739318062,299.1713659667969,270.79233331298826,-0.09485878624145544,0.7455768751557438,1339.055227625676,25.5410778602091,0.3110221906840391
0.428,1339.1111902482285,36.59386820559188,25.542822769060347,3.3855904190081016,0.7724905297289705,0.8448887697290217,299.1713659667969,270.78102880859376,-0.094896572292129,0.7455768751557438,1339.1111902482285,25.542822769060347,0.31103513603921473
0.429,1339.1675540415938,36.59463832368881,25.544568558362606,3.385164390452675,0.772480953752857,0.8448569583180688,299.1713659667969,270.7697243041992,-0.09493435834280277,0.7453911310413552,1339.1675540415938,25.544568558362606,0.31104810787754583
0.43,1339.2243190057727,36.595413906742095,25.546314347664868,3.3847383618972655,0.7724713096194764,0.8448314921030345,299.1713659667969,270.7584197998047,-0.09497214439347633,0.7453911310413552,1339.2243190057727,25.546314347664868,0.31106110059214126
0.431,1339.281485140765,36.596194954404275,25.548060136967127,3.3843123333418395,0.7724615973288285,0.8448005161664379,299.1713659667969,270.74711529541014,-0.0950099304441501,0.7453911310413552,1339.281485140765,25.548060136967127,0.3110741141816735
0.432,1339.3390524465706,36.59698146632548,25.549805926269393,3.38388630478643,0.7724518168809134,0.8447741149897285,299.1713659667969,270.73581079101564,-0.09504771649482366,0.7453911310413552,1339.3390524465706,25.549805926269393,0.3110871486448063
0.433,1339.3970209231895,36.59777344215341,25.551551715571655,3.3834602762310038,0.7724419682757311,0.8447404581063783,299.1713659667969,270.7245062866211,-0.09508550254549741,0.7450199203187251,1339.3970209231895,25.551551715571655,0.31110020398019356
0.434,1339.455390570622,36.59857088153337,25.55329750487392,3.383034247675594,0.7724320515132814,0.8447123178924019,299.1713659667969,270.7132017822266,-0.09512328859617099,0.7450199203187251,1339.455390570622,25.55329750487392,0.31111328018648066
0.435,1339.514161388868,36.59937378410822,25.55504329417618,3.3826082191201667,0.7724220665935646,0.844682374854903,299.1713659667969,270.70124725341793,-0.0951632473962721,0.7450199203187251,1339.514161388868,25.55504329417618,0.3111263772623029
0.436,1339.573333377927,36.600182149518425,25.556789083478442,3.3821821905647584,0.7724120135165806,0.8446545379129069,299.1713659667969,270.6888793945313,-0.09520458777938892,0.7450199203187251,1339.573333377927,25.556789083478442,0.3111394952062872
0.437,1339.6329065377993,36.60099597740203,25.558538842312753,3.381756162009332,0.7724018922823295,0.8446272146279741,299.1713659667969,270.6765115356445,-0.09524592816250611,0.7450199203187251,1339.6329065377993,25.558538842312753,0.3111526592898967
0.438,1339.6928808684856,36.60181526739467,25.560306409635096,3.381330133453923,0.7723917028908108,0.8445966427066274,299.1713659667969,270.6641436767578,-0.09528726854562311,0.7450199203187251,1339.6928808684856,25.560306409635096,0.3111659576203119
0.439,1339.7532563699847,36.60264001912956,25.562081316471378,3.3809041048984967,0.7723814453420252,0.8445709380747625,299.1713659667969,270.65177581787106,-0.09532860892874032,0.7450199203187251,1339.7532563699847,25.562081316471378,0.3111793235432452
0.44,1339.8140330422975,36.60347023223751,25.563861949413024,3.3804780763430884,0.7723711196359723,0.8445419913267379,299.1713659667969,270.6394079589844,-0.09536994931185713,0.7449564134495641,1339.8140330422975,25.563861949413024,0.31119274678518727
0.441,1339.8752108854235,36.604305906346916,25.56564946572798,3.380052047787661,0.7723607257726521,0.8445099369294324,299.1713659667969,270.62704010009764,-0.09541128969497432,0.7449564134495641,1339.8752108854235,25.56564946572798,0.311206234712704
0.442,1339.9367898993632,36.60514704108376,25.56743698204293,3.3796260192322514,0.7723502637520647,0.8444839355191188,299.1713659667969,270.61467224121094,-0.09545263007809132,0.7449564134495641,1339.9367898993632,25.56743698204293,0.3112197434999484
0.443,1339.998770084116,36.60599363607162,25.569224547546018,3.3791999906768253,0.77233973357421,0.8444473613030834,299.1713659667969,270.60230438232423,-0.09549397046120833,0.7452054794520548,1339.998770084116,25.569224547546018,0.3112332734586489
0.444,1340.0611514396824,36.606845690931664,25.57101942681415,3.3787739621214157,0.7723291352390882,0.8444167298443349,299.1713659667969,270.58993652343753,-0.09553531084432534,0.7452054794520548,1340.0611514396824,25.57101942681415,0.3112468708387882
0.445,1340.1239339660617,36.607703205282654,25.57282104121085,3.3783479335659896,0.7723184687466992,0.8443846275872958,299.1713659667969,270.57756866455077,-0.09557665122744254,0.7449564134495641,1340.1239339660617,25.57282104121085,0.31126053195490117
0.446,1340.187117663255,36.60856617874094,25.574624768605588,3.37792190501058,0.7723077340970428,0.8443592955451942,299.1713659667969,270.5652008056641,-0.09561799161055935,0.7449564134495641,1340.187117663255,25.574624768605588,0.31127422737777344
0.447,1340.2507025312611,36.60943461092047,25.576434497141573,3.3774958764551535,0.7722969312901193,0.8443281921964201,299.1713659667969,270.5528329467773,-0.09565933199367674,0.7449564134495641,1340.2507025312611,25.576434497141573,0.31128798186059714
0.448,1340.314688570081,36.610308501432776,25.578247226040514,3.3770698478997443,0.7722860603259286,0.8443018492209946,299.1713659667969,270.54046508789065,-0.09570067237679354,0.7443365695792881,1340.314688570081,25.578247226040514,0.3113017762968136
0.449,1340.3790757797142,36.61118784988701,25.5800659225149,3.376643819344318,0.7722751212044706,0.8442737931824293,299.1713659667969,270.5334218518066,-0.0957242148574092,0.7443365695792881,1340.3790757797142,25.5800659225149,0.31131562957630093
0.45,1340.4438641601607,36.6120726558899,25.58188512913194,3.376217790788909,0.7722641139257453,0.8442433573313023,299.1713659667969,270.54526556396485,-0.09568462646926265,0.7443365695792881,1340.4438641601607,25.58188512913194,0.3113295069516835
0.451,1340.5090537114206,36.61296291904577,25.583705470553,3.3757917622334817,0.7722530384897529,0.8442062457287548,299.1713659667969,270.557109276123,-0.0956450380811163,0.7443365695792881,1340.5090537114206,25.583705470553,0.31134341239848545
0.452,1340.5746444334939,36.61385863895656,25.58552674049824,3.3753657336780742,0.7722418948964933,0.8441781319699075,299.1713659667969,270.56895298828124,-0.09560544969296976,0.7441513190642111,1340.5746444334939,25.58552674049824,0.311357344601863
0.453,1340.6406363263807,36.614759815221795,25.587354143744236,3.374939705122646,0.7722306831459664,0.8441472252174821,299.1713659667969,270.5807967004394,-0.0955658613048234,0.7439661607365016,1340.6406363263807,25.587354143744236,0.3113713366975716
0.454,1340.7070293900808,36.6156664474386,25.58918592284341,3.3745136765672377,0.7722194032381722,0.8441135000585208,299.1713659667969,270.5926404125977,-0.09552627291667667,0.7439661607365016,1340.7070293900808,25.58918592284341,0.3113853774949193
0.455,1340.7738236245941,36.616578535201704,25.591022341814472,3.3740876480118103,0.772208055173111,0.8440881047646103,299.1713659667969,270.6040910095215,-0.09548799854209945,0.7442149788504603,1340.7738236245941,25.591022341814472,0.3113994686732875
0.456,1340.841019029921,36.61749607810344,25.59286661071199,3.3736616194564015,0.7721966389507824,0.8440523589415074,299.1713659667969,270.61341117675784,-0.0954568452691041,0.7442149788504603,1340.841019029921,25.59286661071199,0.3114136306685947
0.457,1340.9086156060614,36.61841907573375,25.594716576974108,3.373235590900975,0.7721851545711865,0.8440232529282612,299.1713659667969,270.62273134399413,-0.09542569199610895,0.7442786069651741,1340.9086156060614,25.594716576974108,0.3114278497745444
0.458,1340.976613353015,36.61934752768016,25.596567883358578,3.372809562345566,0.7721736020343235,0.8439895182026975,299.1713659667969,270.63205151123043,-0.09539453872311379,0.744463796964419,1340.976613353015,25.596567883358578,0.3114420982482782
0.459,1341.0450122707819,36.620281433527815,25.598421417270185,3.3723835337901393,0.7721619813401932,0.8439584553917325,299.1713659667969,270.6413716784668,-0.09536338545011845,0.744463796964419,1341.0450122707819,25.598421417270185,0.3114563817380572
0.46,1341.113812359362,36.62122079285946,25.600277273098513,3.3719575052347306,0.7721502924887957,0.8439300689579988,299.1713659667969,270.65069184570314,-0.09533223217712311,0.744463796964419,1341.113812359362,25.600277273098513,0.31147070084323814
0.461,1341.183013618756,36.62216560525546,25.60213724685927,3.371531476679304,0.7721385354801311,0.8438972834905689,299.1713659667969,270.66001201293943,-0.09530107890412796,0.7445273631840796,1341.183013618756,25.60213724685927,0.31148506699692313
0.462,1341.252616048963,36.623115870293766,25.60399982947631,3.3711054481238945,0.7721267103141991,0.843869775474012,299.1713659667969,270.6693321801758,-0.09526992563113261,0.7445273631840796,1341.252616048963,25.60399982947631,0.311499470589655
0.463,1341.3226196499836,36.62407158754995,25.6058644666141,3.3706794195684675,0.7721148169909999,0.8438361044545373,299.1713659667969,270.6786523474121,-0.09523877235813746,0.7443422034319821,1341.3226196499836,25.6058644666141,0.31151390809052054
0.464,1341.3930244218177,36.6250327565972,25.607731529057084,3.3702533910130588,0.7721028555105335,0.8438084427042855,299.1713659667969,270.6879725146485,-0.09520761908514193,0.7443422034319821,1341.3930244218177,25.607731529057084,0.31152838185856524
0.465,1341.4638303644647,36.62599937700628,25.609598591500067,3.3698273624576323,0.7720908258727999,0.8437790891084416,299.1713659667969,270.6972926818848,-0.09517646581214677,0.7443422034319821,1341.4638303644647,25.609598591500067,0.31154287645094264
0.466,1341.5350374779255,36.62697144834562,25.611466158612814,3.369401333902223,0.7720787280777991,0.8437494979776048,299.1713659667969,270.7066128491211,-0.09514531253915162,0.744093509077344,1341.5350374779255,25.611466158612814,0.31155739507908864
0.467,1341.6066457621996,36.62794897018122,25.61333476159097,3.368975305346796,0.7720665621255309,0.8437143373740255,299.1713659667969,270.7134705505371,-0.09512239022038667,0.744093509077344,1341.6066457621996,25.61333476159097,0.3115719411233121
0.468,1341.6786552172869,36.628931942076704,25.615214729771136,3.3685492767913874,0.7720543280159957,0.8436801874899909,299.1713659667969,270.7158688964844,-0.09511437359105616,0.744093509077344,1341.6786552172869,25.615214729771136,0.3115865803458015
0.46900000000000003,1341.7510658431877,36.62992036359331,25.617097311672897,3.368123248235961,0.7720420257491931,0.8436519531064438,299.1713659667969,270.71826724243164,-0.09510635696172566,0.7434750186428039,1341.7510658431877,25.617097311672897,0.3116012570267727
0.47000000000000003,1341.823877639902,36.6309142342899,25.618979893574668,3.367697219680552,0.7720296553251234,0.8436233170592137,299.1713659667969,270.72066558837895,-0.09509834033239496,0.7434750186428039,1341.823877639902,25.618979893574668,0.31161595452374213
0.47100000000000003,1341.8970906074296,36.63191355372293,25.620862475476443,3.367271191125125,0.7720172167437864,0.8435926637683032,299.1713659667969,270.72306393432615,-0.09509032370306465,0.7434750186428039,1341.8970906074296,25.620862475476443,0.31163067283501533
0.47200000000000003,1341.9707047457707,36.6329183214465,25.622747488647082,3.366845162569716,0.7720047100051821,0.8435599957990582,299.1713659667969,270.72546228027346,-0.09508230707373395,0.7434750186428039,1341.9707047457707,25.622747488647082,0.3116454274380645
0.47300000000000003,1342.0447200549247,36.63392853701231,25.624633713383272,3.366419134014289,0.7719921351093108,0.8435258529697247,299.1713659667969,270.7278606262207,-0.09507429044440345,0.7434750186428039,1342.0447200549247,25.624633713383272,0.31166021056568377
0.47400000000000003,1342.1191365348927,36.63494419996969,25.62651993811946,3.3659931054588803,0.7719794920561721,0.8434970879336984,299.1713659667969,270.730258972168,-0.09506627381507296,0.7434750186428039,1342.1191365348927,25.62651993811946,0.3116750145024695
0.47500000000000003,1342.1939541856739,36.635965309865576,25.628406162855654,3.3655670769034534,0.7719667808457662,0.8434645624747601,299.1713659667969,270.73265731811523,-0.09505825718574246,0.7432902584493042,1342.1939541856739,25.628406162855654,0.31168983924669086
0.47600000000000003,1342.2691730072684,36.636991866244536,25.630295360992086,3.3651410483480446,0.771954001478093,0.8434323772715383,299.1713659667969,270.73505566406254,-0.09505024055641176,0.7431055900621119,1342.2691730072684,25.630295360992086,0.311704703727375
0.47700000000000004,1342.3447929996762,36.63802386864876,25.632189009169327,3.3647150197926177,0.7719411539531527,0.8434081972835046,299.1713659667969,270.73745401000974,-0.09504222392708145,0.7431055900621119,1342.3447929996762,25.632189009169327,0.31171961734411024
0.47800000000000004,1342.4208141628976,36.639061316618054,25.634090223461556,3.364288991237209,0.7719282382709451,0.8433782255461989,299.1713659667969,270.73985235595705,-0.09503420729775075,0.7433540372670807,1342.4208141628976,25.634090223461556,0.3117345999342689
0.47900000000000004,1342.4972364969321,36.64010420968985,25.636001683910138,3.363862962681782,0.7719152544314702,0.8433430959939933,299.1713659667969,270.7422507019043,-0.09502619066842025,0.7433540372670807,1342.4972364969321,25.636001683910138,0.3117496685591208
0.48,1342.57406000178,36.641152547399216,25.637914677467855,3.3634369341263683,0.7719022024347283,0.8433178494634203,299.1713659667969,270.7446417236328,-0.09501819852077345,0.7433540372670807,1342.57406000178,25.637914677467855,0.3117647677434747
0.481,1342.6512846774415,36.64220632927883,25.639839740430222,3.3630109055709503,0.7718890822807191,0.8432888075838201,299.1713659667969,270.7449242248535,-0.0950172542418323,0.7433540372670807,1342.6512846774415,25.639839740430222,0.3117799645670477
0.482,1342.7289105239163,36.643265554859006,25.64177224046312,3.3625848770155327,0.7718758939694426,0.843255776270746,299.1713659667969,270.7512738818359,-0.0949960300950564,0.7435387673956262,1342.7289105239163,25.64177224046312,0.3117952295353333
0.483,1342.8069375412047,36.64433022366768,25.64370534809607,3.3621588484601155,0.7718626375008988,0.8432205395619061,299.1713659667969,270.77237166259766,-0.09492550937294929,0.7435387673956262,1342.8069375412047,25.64370534809607,0.31181051916529345
0.484,1342.8853657293062,36.64540033523043,25.645638456924022,3.361732819904697,0.7718493128750878,0.8431917886620043,299.1713659667969,270.7934694433594,-0.09485498865084219,0.7435387673956262,1342.8853657293062,25.645638456924022,0.3118258295943128
0.485,1342.964195088221,36.64647588907044,25.647574983698124,3.36130679134928,0.7718359200920097,0.8431600529554767,299.1713659667969,270.8145672241211,-0.09478446792873525,0.7433540372670807,1342.964195088221,25.647574983698124,0.311841182574022
0.486,1343.0434256179494,36.64755688470856,25.64951452762538,3.3608807627938617,0.7718224591516643,0.8431260966214424,299.1713659667969,270.8351335791016,-0.09471572353231211,0.7431693989071039,1343.0434256179494,25.64951452762538,0.3118565755508593
0.487,1343.1230573184912,36.648643321663236,25.65145984322788,3.360454734238444,0.7718089300540517,0.8430990111120036,299.1713659667969,270.85526345947267,-0.09464843808102558,0.7431693989071039,1343.1230573184912,25.65145984322788,0.311872026060219
0.488,1343.2030901898463,36.649735199450575,25.653407389863418,3.360028705683026,0.7717953327991718,0.8430702029193775,299.1713659667969,270.87539333984375,-0.09458115262973904,0.7427365284330767,1343.2030901898463,25.653407389863418,0.31188751155802275
0.489,1343.283524232015,36.650832517584305,25.655355676261525,3.3596026771276084,0.7717816673870247,0.8430383376094396,299.1713659667969,270.89552322021484,-0.09451386717845249,0.7427365284330767,1343.283524232015,25.655355676261525,0.3119030225479312
0.49,1343.3643594449968,36.65193527557579,25.657305756518817,3.3591766485721903,0.7717679338176104,0.8430057717195818,299.1713659667969,270.9156531005859,-0.09444658172716595,0.7429848522473306,1343.3643594449968,25.657305756518817,0.31191856573920174
0.491,1343.4455958287922,36.65304347293404,25.659257756493325,3.3587506200167727,0.7717541320909289,0.8429774303931793,299.1713659667969,270.935782980957,-0.0943792962758794,0.7429848522473306,1343.4455958287922,25.659257756493325,0.31193414193126
0.492,1343.5272333834005,36.65415710916567,25.66120989910789,3.3583245914613546,0.7717402622069801,0.8429427108687529,299.1713659667969,270.9559128613281,-0.09431201082459287,0.7427365284330767,1343.5272333834005,25.66120989910789,0.3119497398080922
0.493,1343.6092721088226,36.655276183774994,25.663163987904518,3.357898562905937,0.7717263241657641,0.8429148919109002,299.1713659667969,270.97604274169925,-0.09424472537330614,0.7425521350546177,1343.6092721088226,25.663163987904518,0.31196537085042775
0.494,1343.6917120050578,36.656400696263916,25.665118470412683,3.357472534350519,0.7717123179672809,0.8428848907522842,299.1713659667969,270.9909479833985,-0.09419490362097677,0.7423038728897716,1343.6917120050578,25.665118470412683,0.3119810251722394
0.495,1343.7745530721068,36.657530646132,25.667073979638012,3.3570465057951013,0.7716982436115305,0.8428503975929075,299.1713659667969,270.99203795166017,-0.09419126033025554,0.7423038728897716,1343.7745530721068,25.667073979638012,0.31199670680177677
0.496,1343.8577953099689,36.65866603287644,25.669046103179163,3.3566204772396833,0.7716841010985128,0.8428193726475162,299.1713659667969,270.9931279199219,-0.09418761703953414,0.7423038728897716,1343.8577953099689,25.669046103179163,0.31201251497878635
0.497,1343.9414387186443,36.65980685599209,25.671021655304685,3.3561944486842648,0.771669890428228,0.8427862084441818,299.1713659667969,270.9942178881836,-0.09418397374881292,0.7423038728897716,1343.9414387186443,25.671021655304685,0.3120283657516548
0.498,1344.0254832981336,36.660953114971434,25.67300331274335,3.3557684201288476,0.7716556116006758,0.8427536740065332,299.1713659667969,270.9933002978516,-0.09418704085494799,0.7423038728897716,1344.0254832981336,25.67300331274335,0.31204427616039043
0.499,1344.1099290484358,36.6621048093046,25.674992701452435,3.35534239157343,0.7716412646158565,0.8427212758261606,299.1713659667969,270.9920468774414,-0.09419123049524375,0.7423038728897716,1344.1099290484358,25.674992701452435,0.31206025655503833
0.5,1344.1947759695513,36.66326193847939,25.67698209016152,3.354916363018012,0.7716268494737699,0.8426906126057941,299.1713659667969,270.99079345703126,-0.09419542013553933,0.7418714321171507,1344.1947759695513,25.67698209016152,0.3120762577109113
0.501,1344.2800240614806,36.664424501981216,25.6789734666668,3.3544903344625934,0.7716123661744161,0.842656785008796,299.1713659667969,270.9895400366211,-0.0941996097758349,0.7418714321171507,1344.2800240614806,25.6789734666668,0.31209229228175905
0.502,1344.365673324223,36.66559249929316,25.680966894874178,3.354064305907176,0.771597814717795,0.84262345427176,299.1713659667969,270.9882866162109,-0.09420379941613068,0.7418714321171507,1344.365673324223,25.680966894874178,0.3121083606724769
0.503,1344.4517237577788,36.66676592989596,25.68296582697547,3.353638277351758,0.7715831951039067,0.8425926966835071,299.1713659667969,270.974106182251,-0.09425119845084151,0.7416873449131514,1344.4517237577788,25.68296582697547,0.3121244848601737
0.504,1344.5381753621482,36.66794479326798,25.68497103150854,3.3532122487963405,0.7715685073327512,0.8425620046451852,299.1713659667969,270.95809240234377,-0.09430472556516097,0.741503349044902,1344.5381753621482,25.68497103150854,0.3121406697359119
0.505,1344.6250281373307,36.669129088885256,25.686984797984646,3.3527862202409224,0.7715537514043285,0.8425302746305188,299.1713659667969,270.94207862243655,-0.09435825267948042,0.7413194444444444,1344.6250281373307,25.686984797984646,0.31215692987433635
0.506,1344.7122820833267,36.670318816221474,25.68899875785799,3.352360191685505,0.7715389273186386,0.842495048530453,299.1713659667969,270.9260648425293,-0.09441177979380007,0.7413194444444444,1344.7122820833267,25.68899875785799,0.3121732119933609
0.507,1344.7999372001361,36.671513974747974,25.691019311057733,3.3519341631300867,0.7715240350756813,0.8424601052330455,299.1713659667969,270.9100510626221,-0.09446530690811952,0.7413194444444444,1344.7999372001361,25.691019311057733,0.3121895568374371
0.508,1344.887993487759,36.67271456393376,25.693045917718848,3.351508134574669,0.7715090746754569,0.8424273621739895,299.1713659667969,270.89403728271486,-0.09451883402243898,0.7413194444444444,1344.887993487759,25.693045917718848,0.31220596096737435
0.509,1344.976450946195,36.67392058324546,25.695076930262417,3.351082106019251,0.7714940461179653,0.8423974525661537,299.1713659667969,270.89031861297605,-0.09453126392102502,0.7411356310438879,1344.976450946195,25.695076930262417,0.31222241389148364
0.51,1345.0653095754446,36.6751320321474,25.69710863086239,3.3506560774638334,0.7714789494032065,0.8423628685240554,299.1713659667969,270.9051175201416,-0.09448179759887984,0.7411356310438879,1345.0653095754446,25.69710863086239,0.31223889193741095
0.511,1345.1545693755074,36.67634891010155,25.699147229844034,3.3502300489084154,0.7714637845311805,0.84232760789871,299.1713659667969,270.91865252716065,-0.09443655594623927,0.7411356310438879,1345.1545693755074,25.699147229844034,0.31225543464241995
0.512,1345.2442303463838,36.67757121656754,25.701188821153803,3.3498040203529977,0.7714485515018871,0.8422955568149761,299.1713659667969,270.9286629614258,-0.09440309541022572,0.7411356310438879,1345.2442303463838,25.701188821153803,0.3122720171357494
0.513,1345.3342924880735,36.678798951002655,25.703232130854758,3.3493779917975797,0.7714332503153265,0.8422610460455688,299.1713659667969,270.93867339569096,-0.09436963487421218,0.7413835854202827,1345.3342924880735,25.703232130854758,0.31228863130454354
0.514,1345.4247558005763,36.680032112861845,25.705279404471796,3.348951963242161,0.7714178809714989,0.842224891049802,299.1713659667969,270.94868382995605,-0.09433617433819881,0.7413835854202827,1345.4247558005763,25.705279404471796,0.3123052914433184
0.515,1345.5156202838928,36.68127070159774,25.707331314885366,3.348525934686744,0.7714024434704039,0.8421869854727122,299.1713659667969,270.9453476593018,-0.09434732570839595,0.7415674603174603,1345.5156202838928,25.707331314885366,0.3123220018340153
0.516,1345.6068859380227,36.68251471666062,25.70938322529894,3.3480999061313264,0.7713869378120416,0.8421563304448486,299.1713659667969,270.9279122387695,-0.09440560475016156,0.7415674603174603,1345.6068859380227,25.70938322529894,0.31233873295341147
0.517,1345.6985527629658,36.68376415749842,25.711435135712513,3.3476738775759083,0.7713713639964122,0.842125150215866,299.1713659667969,270.9104768182373,-0.09446388379192697,0.7415674603174603,1345.6985527629658,25.711435135712513,0.31235548479939773
0.518,1345.7906207587228,36.68501902355678,25.71348704612608,3.3472478490204907,0.7713557220235154,0.8420871082746103,299.1713659667969,270.8930413977051,-0.09452216283369258,0.7415674603174603,1345.7906207587228,25.71348704612608,0.31237225736985647
0.519,1345.8830899252926,36.68627931427896,25.71553902371925,3.346821820465073,0.7713400118933516,0.8420543820506364,299.1713659667969,270.8756059771728,-0.09458044187545818,0.7415674603174603,1345.8830899252926,25.71553902371925,0.3123890510903739
0.52,1345.975960262676,36.68754502910594,25.717605262357925,3.346395791909655,0.7713242336059204,0.8420205558811821,299.1713659667969,270.8581705566407,-0.0946387209172234,0.7415674603174603,1345.975960262676,25.717605262357925,0.3124059563269941
0.521,1346.0692317708729,36.68881616747633,25.719685245726488,3.3459697633542373,0.7713083871612221,0.8419883443297207,299.1713659667969,270.8407351361084,-0.0946969999589892,0.7413835854202827,1346.0692317708729,25.719685245726488,0.3124229697903426
0.522,1346.1629044498827,36.690092728826436,25.721766023114427,3.3455437347988193,0.7712924725592565,0.8419536383802495,299.1713659667969,270.8313205151367,-0.09472846894981735,0.7411356310438879,1346.1629044498827,25.721766023114427,0.312440009024892
0.523,1346.2569782997064,36.69137471259024,25.723851611140642,3.345117706243401,0.7712764898000237,0.8419183245239775,299.1713659667969,270.833384239502,-0.09472157081516937,0.7411356310438879,1346.2569782997064,25.723851611140642,0.312457099601114
0.524,1346.3514533203431,36.69266211819937,25.725947821468182,3.3446916776879836,0.7712604388835236,0.841885014576932,299.1713659667969,270.8354479638672,-0.09471467268052158,0.7411356310438879,1346.3514533203431,25.725947821468182,0.3124742785179912
0.525,1346.4463295117937,36.69395494508317,25.72804576620513,3.344265649132566,0.7712443198097563,0.8418502111443185,299.1713659667969,270.8375116882324,-0.0947077745458738,0.7411356310438879,1346.4463295117937,25.72804576620513,0.31249148918674324
0.526,1346.5416068740572,36.69525319266863,25.730147625388852,3.343839620577148,0.7712281325787218,0.8418183755763589,299.1713659667969,270.83957541259764,-0.09470087641122583,0.7411356310438879,1346.5416068740572,25.730147625388852,0.31250874548483965
0.527,1346.6372854071342,36.69655686038043,25.732254064625643,3.34341359202173,0.7712118771904202,0.8417809575218709,299.1713659667969,270.8416391369629,-0.09469397827657786,0.7411356310438879,1346.6372854071342,25.732254064625643,0.31252605164780267
0.528,1346.7333651110246,36.69786594764094,25.73436050386243,3.342987563466312,0.7711955536448512,0.8417460864549826,299.1713659667969,270.84347731445314,-0.09468783404721853,0.7411356310438879,1346.7333651110246,25.73436050386243,0.31254337851357156
0.529,1346.8298459857283,36.6991804538702,25.736466943099213,3.342561534910894,0.771179161942015,0.8417166899697628,299.1713659667969,270.84266755737303,-0.09469054071360516,0.7406397222910984,1346.8298459857283,25.736466943099213,0.3125607260799309
0.53,1346.9267280312456,36.70050037848593,25.738575862290908,3.342135506355476,0.7711627020819116,0.8416828534053132,299.1713659667969,270.841857800293,-0.0946932473799916,0.7404561229548835,1346.9267280312456,25.738575862290908,0.31257811013380166
0.531,1347.0240112475763,36.701825720903535,25.740691033996104,3.3417094778000584,0.771146174064541,0.8416418931426453,299.1713659667969,270.8262757653809,-0.09474533135822172,0.7404561229548835,1347.0240112475763,25.740691033996104,0.31259555469172445
0.532,1347.1216956347203,36.703156480536116,25.742808096694056,3.341283449244641,0.7711295778899031,0.8416009009734883,299.1713659667969,270.8094724169922,-0.09480149765720688,0.7406397222910984,1347.1216956347203,25.742808096694056,0.3126130319829343
0.533,1347.2197811926776,36.70449265679445,25.74492889129566,3.340857420689223,0.771112913557998,0.8415692907551288,299.1713659667969,270.7926690686035,-0.09485766395619205,0.7404561229548835,1347.2197811926776,25.74492889129566,0.3126305537257199
0.534,1347.3182679214485,36.705834249087005,25.74705348577759,3.340431392133805,0.7710961810688257,0.8415328343846684,299.1713659667969,270.7758657202148,-0.09491383025517722,0.7404561229548835,1347.3182679214485,25.74705348577759,0.3126481203506091
0.535,1347.4171558210326,36.70718125681993,25.749182154293436,3.340005363578387,0.7710793804223861,0.8415008173986568,299.1713659667969,270.7590623718262,-0.09496999655416219,0.7404561229548835,1347.4171558210326,25.749182154293436,0.31266573360078903
0.536,1347.51644489143,36.708533679397085,25.75131887075857,3.339579335022969,0.7710625116186793,0.8414691444629356,299.1713659667969,270.74225902343744,-0.09502616285314754,0.7395936570862239,1347.51644489143,25.75131887075857,0.3126834187747354
0.537,1347.6161351326407,36.70989151622,25.75345757209015,3.3391533064675514,0.7710455746577054,0.8414372153667417,299.1713659667969,270.72545567504886,-0.09508232915213233,0.7395936570862239,1347.6161351326407,25.75345757209015,0.3127011372682927
0.538,1347.7162265446652,36.7112547666879,25.75559627342173,3.3387272779121338,0.7710285695394642,0.8414035609952928,299.1713659667969,270.7086523266602,-0.0951384954511175,0.7395936570862239,1347.7162265446652,25.75559627342173,0.31271887644210344
0.539,1347.816719127503,36.71262343019772,25.757739007591262,3.3383012493567157,0.7710114962639557,0.8413664127563997,299.1713659667969,270.6918489782715,-0.09519466175010266,0.7395936570862239,1347.816719127503,25.757739007591262,0.31273666196976013
0.54,1347.9176128811537,36.71399750614408,25.75988289886554,3.3378752208012976,0.7709943548311801,0.8413282248309314,299.1713659667969,270.6750456298828,-0.09525082804908783,0.739410453306911,1347.9176128811537,25.75988289886554,0.3127544755400005
0.541,1348.0189078056183,36.71537699391929,25.762026790139824,3.33744919224588,0.7709771452411371,0.8412950173641084,299.1713659667969,270.65824228149415,-0.0953069943480728,0.739410453306911,1348.0189078056183,25.762026790139824,0.3127723097835567
0.542,1348.120603900896,36.716761892913375,25.764172849613217,3.3370231636904624,0.770959867493827,0.8412642797908976,299.1713659667969,270.64143893310546,-0.09536316064705797,0.739410453306911,1348.120603900896,25.764172849613217,0.31279017850238633
0.543,1348.2227011669872,36.71815220251405,25.76632728142074,3.3365971351350443,0.7709425215892496,0.8412263182839235,299.1713659667969,270.62463558471677,-0.09541932694604313,0.739410453306911,1348.2227011669872,25.76632728142074,0.31280812119405765
0.544,1348.3251996038916,36.71954792210671,25.76849220093692,3.3361711065796267,0.7709251075274051,0.8411942852645001,299.1713659667969,270.60783223632814,-0.0954754932450281,0.739410453306911,1348.3251996038916,25.76849220093692,0.312826151324192
0.545,1348.4280992116096,36.720949051074506,25.77066420001531,3.3357450780242086,0.7709076253082932,0.8411563581491939,299.1713659667969,270.59102888793944,-0.09553165954401327,0.739410453306911,1348.4280992116096,25.77066420001531,0.31284424719176446
0.546,1348.531399990141,36.72235558879824,25.7728412587028,3.3353190494687905,0.7708900749319142,0.8411235467076373,299.1713659667969,270.5742255395508,-0.09558782584299826,0.739410453306911,1348.531399990141,25.7728412587028,0.3128623959339608
0.547,1348.6351019394856,36.72376753465643,25.775019335640817,3.334893020913373,0.7708724563982678,0.8410858967565731,299.1713659667969,270.5574221911621,-0.09564399214198342,0.739410453306911,1348.6351019394856,25.775019335640817,0.31288057181826273
0.548,1348.7392050596438,36.725184888025325,25.777198910616345,3.334466992357955,0.7708547697073544,0.8410471605418727,299.1713659667969,270.5406188427735,-0.0957001584409684,0.739410453306911,1348.7392050596438,25.777198910616345,0.3128987778969504
0.549,1348.843709350615,36.72660764827886,25.77938072902676,3.334040963802536,0.7708370148591737,0.84101632492435,299.1713659667969,270.52381549438473,-0.09575632473995375,0.7391627446123359,1348.843709350615,25.77938072902676,0.3129170189133586
0.55,1348.9486148124,36.728035814788676,25.78156372423175,3.333614935247119,0.7708191918537257,0.8409807453410032,299.1713659667969,270.5070121459961,-0.09581249103893873,0.7389796929172858,1348.9486148124,25.78156372423175,0.3129352880741012
0.551,1349.0539214449982,36.72946938692415,25.783749543178818,3.333188906691702,0.7708013006910106,0.8409428488227907,299.1713659667969,270.49020879760747,-0.0958686573379237,0.7389796929172858,1349.0539214449982,25.783749543178818,0.3129535958624006
0.552,1349.1596292484098,36.73090836405233,25.785935362125905,3.3327628781362835,0.7707833413710281,0.8409042621998206,299.1713659667969,270.4734054492188,-0.09592482363690887,0.7389796929172858,1349.1596292484098,25.785935362125905,0.3129719242979019
0.553,1349.265738222635,36.73235274553803,25.788121181072988,3.332336849580866,0.7707653138937784,0.8408650589585628,299.1713659667969,270.45660210083,-0.09598098993589423,0.7389796929172858,1349.265738222635,25.788121181072988,0.3129902733781783
0.554,1349.3722483676734,36.733802530743716,25.790307000020057,3.3319108210254478,0.7707472182592616,0.8408281133819925,299.1713659667969,270.4397987524414,-0.0960371562348792,0.7387320455671125,1349.3722483676734,25.790307000020057,0.3130086431007944
0.555,1349.479159683525,36.73525771902962,25.792496881877053,3.33148479247003,0.7707290544674775,0.840793287315546,299.1713659667969,270.42299540405276,-0.09609332253386417,0.7385491458281753,1349.479159683525,25.792496881877053,0.3130270593306619
0.556,1349.5864721701903,36.73671830975367,25.794686805317887,3.3310587639146125,0.7707108225184263,0.8407585877794395,299.1713659667969,270.40619205566406,-0.09614948883284934,0.7385491458281753,1349.5864721701903,25.794686805317887,0.3130454964627246
0.557,1349.6941858276691,36.73818430227151,25.79687672875872,3.330632735359194,0.7706925224121076,0.8407233747733266,299.1713659667969,270.3893887072754,-0.0962056551318345,0.7385491458281753,1349.6941858276691,25.79687672875872,0.313063954229769
0.558,1349.8023006559606,36.73965569593652,25.799066730504403,3.330206706803775,0.7706741541485219,0.8406832351541088,299.1713659667969,270.37258535888674,-0.09626182143081947,0.7386138613861386,1349.8023006559606,25.799066730504403,0.3130824331278691
0.559,1349.910816655066,36.74113249009978,25.801265356676833,3.3297806782483583,0.7706557177276689,0.840650684789938,299.1713659667969,270.35578201049805,-0.09631798772980464,0.7386138613861386,1349.910816655066,25.801265356676833,0.31310098756519655
0.56,1350.0197338249848,36.74261468411012,25.80346980445888,3.329354649692941,0.7706372131495487,0.8406119351071718,299.1713659667969,270.33897866210935,-0.09637415402878981,0.7382483918852053,1350.0197338249848,25.80346980445888,0.31311959969454967
0.561,1350.129052165717,36.74410227731407,25.805684124802987,3.3289286211375217,0.7706186404141612,0.8405744152137978,299.1713659667969,270.3221753137207,-0.0964303203277748,0.7382483918852053,1350.129052165717,25.805684124802987,0.31313829530465775
0.562,1350.2387716772623,36.74559526905588,25.80790075415736,3.328502592582105,0.7705999995215065,0.8405404246751523,299.1713659667969,270.30537196533203,-0.09648648662675996,0.7382483918852053,1350.2387716772623,25.80790075415736,0.31315702623810066
0.5630000000000001,1350.3488923596212,36.74709365867757,25.810127180586957,3.328076564026687,0.7705812904715846,0.840504575596879,299.1713659667969,270.28856861694334,-0.09654265292574513,0.7382483918852053,1350.3488923596212,25.810127180586957,0.3131758401666776
0.5640000000000001,1350.4594142127935,36.74859744551883,25.812373091024057,3.3276505354712693,0.7705625132643954,0.8404675889480523,299.1713659667969,270.27176526855465,-0.09659881922473028,0.7380009896091044,1350.4594142127935,25.812373091024057,0.3131947987617218
0.5650000000000001,1350.5703372367789,36.75010662891713,25.814625167215723,3.3272245069158517,0.7705436678999391,0.8404289724494921,299.1713659667969,270.25496192016607,-0.09665498552371507,0.7380009896091044,1350.5703372367789,25.814625167215723,0.31321381722729347
0.5660000000000001,1350.681661431578,36.751621208207645,25.81688302067916,3.3267984783604323,0.7705247543782154,0.8403985562660168,299.1713659667969,270.2381585717774,-0.09671115182270024,0.7378184516448182,1350.681661431578,25.81688302067916,0.3132328930874971
0.5670000000000001,1350.7933867971901,36.75314118272328,25.81914087414259,3.3263724498050165,0.7705057726992247,0.840361901776034,299.1713659667969,270.2213552233887,-0.0967673181216854,0.7378184516448182,1350.7933867971901,25.81914087414259,0.31325198955758976
0.5680000000000001,1350.9055133336162,36.7546665517947,25.821398727606024,3.3259464212495984,0.7704867228629666,0.8403263458152468,299.1713659667969,270.204551875,-0.09682348442067057,0.7378184516448182,1350.9055133336162,25.821398727606024,0.3132711066350149
0.5690000000000001,1351.0180410408552,36.756197314750274,25.823666486638242,3.325520392694179,0.7704676048694413,0.8402941723965826,299.1713659667969,270.1877485266113,-0.09687965071965574,0.7378832838773491,1351.0180410408552,25.823666486638242,0.31329030738305685
0.5700000000000001,1351.1309699189078,36.75773347091613,25.825947044997786,3.325094364138762,0.7704484187186489,0.8402630365267052,299.1713659667969,270.17094517822267,-0.09693581701864071,0.7378832838773491,1351.1309699189078,25.825947044997786,0.31330961022285314
0.5710000000000001,1351.244299967774,36.759275019616126,25.828229425019007,3.324668335583344,0.7704291644105891,0.8402242146668646,299.1713659667969,270.154141829834,-0.09699198331762587,0.7378832838773491,1351.244299967774,25.828229425019007,0.3133289452602445
0.5720000000000001,1351.3580311874532,36.76082196017185,25.83051963742084,3.324242307027926,0.7704098419452621,0.8401861924734276,299.1713659667969,270.13733848144534,-0.09704814961661085,0.7377008652657602,1351.3580311874532,25.83051963742084,0.3133483507611232
0.5730000000000001,1351.4721635779456,36.76237429190266,25.832811980176068,3.3238162784725085,0.770390451322668,0.8401481965213409,299.1713659667969,270.12053513305665,-0.09710431591559601,0.7375185368264953,1351.4721635779456,25.832811980176068,0.313367790419755
0.5740000000000001,1351.5866971392518,36.763932014125636,25.835106500143088,3.3233902499170904,0.7703709925428066,0.8401056892482324,299.1713659667969,270.10373178466796,-0.09716048221458118,0.7375185368264953,1351.5866971392518,25.835106500143088,0.3133872645318647
0.5750000000000001,1351.701631871371,36.7654951261556,25.837401020110104,3.3229642213616732,0.7703514656056779,0.8400659571448928,299.1713659667969,270.0869284362793,-0.09721664851356616,0.7373362984927107,1351.701631871371,25.837401020110104,0.3134067592331662
0.5760000000000001,1351.816967774304,36.767063627305134,25.839695540077123,3.3225381928062547,0.770331870511282,0.8400284505325283,299.1713659667969,270.07012508789063,-0.09727281481255133,0.7373362984927107,1351.816967774304,25.839695540077123,0.3134262745210336
0.577,1351.9327048480502,36.76863751688455,25.84199168840648,3.322112164250837,0.7703122072596189,0.8399883111538118,299.1713659667969,270.05332173950194,-0.0973289811115365,0.7373362984927107,1351.9327048480502,25.84199168840648,0.3134458207601375
0.578,1352.0488430926096,36.77021679420193,25.844289078085268,3.321686135695419,0.7702924758506886,0.8399533693261337,299.1713659667969,270.0365183911133,-0.09738514741052147,0.7373362984927107,1352.0488430926096,25.844289078085268,0.3134653954838371
0.579,1352.165382507983,36.7718014585631,25.846586467764062,3.321260107140001,0.770272676284491,0.8399138875577941,299.1713659667969,270.0197201348877,-0.09744129668861612,0.7373362984927107,1352.165382507983,25.846586467764062,0.31348499078617315
0.58,1352.2823230941692,36.77339150927161,25.848883857442857,3.3208340785845833,0.7702528085610263,0.8398707123594807,299.1713659667969,270.00947349853516,-0.09747554674566755,0.7373362984927107,1352.2823230941692,25.848883857442857,0.3135046066644851
0.581,1352.3996648511688,36.774986945628804,25.851190533287284,3.3204080500291653,0.7702328726802943,0.8398331281454039,299.1713659667969,269.99922686218264,-0.097509796802719,0.7370892018779343,1352.3996648511688,25.851190533287284,0.3135243022383961
0.582,1352.517407778982,36.776587766933766,25.853510821437673,3.3199820214737477,0.7702128686422951,0.8397949187618864,299.1713659667969,269.9889802258301,-0.09754404685977043,0.7370892018779343,1352.517407778982,25.853510821437673,0.3135441050484948
0.583,1352.6355518776086,36.77819397248332,25.855832294317047,3.31955599291833,0.7701927964470286,0.8397570240875164,299.1713659667969,269.97873358947754,-0.09757829691682206,0.7372713791398913,1352.6355518776086,25.855832294317047,0.3135639359693587
0.584,1352.7540971470482,36.779805561572076,25.85815606712875,3.319129964362912,0.7701726560944949,0.8397211928063296,299.1713659667969,269.968486953125,-0.0976125469738735,0.7372713791398913,1352.7540971470482,25.85815606712875,0.3135838020984657
0.585,1352.8730435873017,36.78142253349239,25.860495197070634,3.3187039358074943,0.770152447584694,0.839678615654269,299.1713659667969,269.95824031677245,-0.09764679703092513,0.7372713791398913,1352.8730435873017,25.860495197070634,0.3136037865644603
0.586,1352.992391198368,36.783044887534366,25.862838560610978,3.3182779072520767,0.7701321709176259,0.839637502566466,299.1713659667969,269.9479936804199,-0.09768104708797656,0.7370892018779343,1352.992391198368,25.862838560610978,0.31362381854436794
0.587,1353.1121399802485,36.7846726229859,25.86518192415133,3.3178518786966587,0.7701118260932904,0.8396022320805725,299.1713659667969,269.93774704406735,-0.09771529714502819,0.7372713791398913,1353.1121399802485,25.86518192415133,0.313643871081389
0.588,1353.232289932942,36.78630573913263,25.86752528769168,3.3174258501412406,0.7700914131116878,0.8395692233746086,299.1713659667969,269.92750040771483,-0.09774954720207964,0.7370892018779343,1353.232289932942,25.86752528769168,0.31366394417279464
0.589,1353.3528410564484,36.787944235257946,25.86986865123203,3.3169998215858225,0.7700709319728181,0.8395342793824199,299.1713659667969,269.9172537713623,-0.09778379725913107,0.7370892018779343,1353.3528410564484,25.86986865123203,0.31368403781584747
0.59,1353.4737933507688,36.78958811064305,25.872212138411125,3.316573793030405,0.770050382676681,0.8395000593522097,299.1713659667969,269.90700713500974,-0.0978180473161827,0.7370892018779343,1353.4737933507688,25.872212138411125,0.31370415279497305
0.591,1353.5951468159024,36.79123736456688,25.874556951128795,3.316147764474987,0.7700297652232767,0.8394633983152504,299.1713659667969,269.8967604986572,-0.09785229737323414,0.7370892018779343,1353.5951468159024,25.874556951128795,0.31372429675956076
0.592,1353.7169014518495,36.79289199630615,25.876909437199764,3.3157217359195683,0.7700090796126052,0.8394231494016103,299.1713659667969,269.88577349121095,-0.09788902216944168,0.7370892018779343,1353.7169014518495,25.876909437199764,0.3137445101215213
0.593,1353.8390572586097,36.79455200513535,25.879270572444682,3.315295707364151,0.7699883258446665,0.8393820451856285,299.1713659667969,269.874647477417,-0.09792621160352405,0.7368421052631579,1353.8390572586097,25.879270572444682,0.31376479909084715
0.594,1353.9616142361836,36.79621739032673,25.881633175937587,3.3148696788087335,0.7699675039194604,0.8393471764970296,299.1713659667969,269.86352146362304,-0.09796340103760642,0.7368421052631579,1353.9616142361836,25.881633175937587,0.3137851179459095
0.595,1354.0845723845705,36.79788815115034,25.883995779430485,3.314443650253316,0.7699466138369874,0.8393100569312211,299.1713659667969,269.8523954498291,-0.0980005904716888,0.7366600790513834,1354.0845723845705,25.883995779430485,0.3138054573360157
0.596,1354.207931703771,36.79956428687398,25.886358382923387,3.314017621697898,0.7699256555972469,0.8392740840215652,299.1713659667969,269.84126943603513,-0.09803777990577116,0.7364781427512966,1354.207931703771,25.886358382923387,0.3138258172583689
0.597,1354.3316921937849,36.801245796763254,25.888720986416285,3.3135915931424798,0.7699046292002393,0.8392362890215705,299.1713659667969,269.8301434222412,-0.09807496933985353,0.7364781427512966,1354.3316921937849,25.888720986416285,0.3138461977101635
0.598,1354.455853854612,36.80293268008152,25.891083599462874,3.313165564587062,0.7698835346459644,0.8392001915055844,299.1713659667969,269.8190174084473,-0.09811215877393571,0.7362962962962963,1354.455853854612,25.891083599462874,0.3138665987494111
0.599,1354.5804166862529,36.80462493608993,25.893448439363787,3.3127395360316445,0.7698623719344223,0.8391624945231793,299.1713659667969,269.8078913946533,-0.09814934820801809,0.7362962962962963,1354.5804166862529,25.893448439363787,0.313887034490192
0.6,1354.7053806887068,36.80632256404743,25.89582033644836,3.3123135074762264,0.769841141065613,0.8391229862195434,299.1713659667969,269.79676538085937,-0.09818653764210046,0.7362962962962963,1354.7053806887068,25.89582033644836,0.31390753568296487
0.601,1354.830745861974,36.80802556321072,25.89819612921375,3.3118874789208084,0.7698198420395365,0.8390902760557034,299.1713659667969,269.7856393670654,-0.09822372707618283,0.7364781427512966,1354.830745861974,25.89819612921375,0.31392808219652935
0.602,1354.956512206055,36.80973393283433,25.900573148318323,3.3114614503653903,0.7697984748561926,0.8390515711061559,299.1713659667969,269.7745133532715,-0.09826091651026501,0.7364781427512966,1354.956512206055,25.900573148318323,0.31394865703312275
0.603,1355.082679720949,36.81144767217053,25.90295679128507,3.3110354218099727,0.7697770395155816,0.8390140631576736,299.1713659667969,269.76338733947756,-0.09829810594434739,0.7364781427512966,1355.082679720949,25.90295679128507,0.31396929455433387
0.604,1355.2092484066568,36.813166780469416,25.905349041172883,3.310609393254555,0.7697555360177034,0.8389772898333885,299.1713659667969,269.7522613256836,-0.09833529537842976,0.7366600790513834,1355.2092484066568,25.905349041172883,0.3139900073828523
0.605,1355.3362182631777,36.81489125697885,25.907741291060695,3.310183364699137,0.7697339643625579,0.8389343300706823,299.1713659667969,269.74113531188965,-0.09837248481251212,0.7364781427512966,1355.3362182631777,25.907741291060695,0.3140107407180636
0.606,1355.463589290512,36.8166211009445,25.91013354094851,3.30975733614372,0.7697123245501453,0.8388949097637536,299.1713659667969,269.7514648553467,-0.09833795763300197,0.7362962962962963,1355.463589290512,25.91013354094851,0.3140314945570863
0.607,1355.5913614886597,36.81835631160983,25.912525790836316,3.3093313075883017,0.7696906165804653,0.8388622968959999,299.1713659667969,269.7699276461792,-0.09827624453832506,0.736114539619847,1355.5913614886597,25.912525790836316,0.3140522688970303
0.608,1355.7195348576208,36.8200968882161,25.914918040724128,3.3089052790328837,0.7696688404535181,0.838820516791552,299.1713659667969,269.78839043701174,-0.09821453144364815,0.736114539619847,1355.7195348576208,25.914918040724128,0.3140730637349973
0.609,1355.848109397395,36.821842830002346,25.917310290611937,3.308479250477466,0.7696469961693038,0.8387838323190896,299.1713659667969,269.8062138345337,-0.09815495556323471,0.7359328726554788,1355.848109397395,25.917310290611937,0.31409387906808034
0.61,1355.977085107983,36.82359413620543,25.919705529030743,3.308053221922048,0.7696250837278222,0.8387488409214472,299.1713659667969,269.82117247619624,-0.09810495531801007,0.7359328726554788,1355.977085107983,25.919705529030743,0.3141147339204643
0.611,1356.1064619893843,36.82535080606001,25.922112653795807,3.3076271933666295,0.7696031031290733,0.8387066930907043,299.1713659667969,269.8361311178589,-0.09805495507278504,0.7359328726554788,1356.1064619893843,25.922112653795807,0.3141356849390047
0.612,1356.2362400415989,36.82711283879852,25.92453044657705,3.3072011648112123,0.7695810543730572,0.8386642868815336,299.1713659667969,269.85108975952147,-0.0980049548275602,0.7361796643632774,1356.2362400415989,25.92453044657705,0.31415672436401915
0.613,1356.3664192646268,36.82888023365123,25.926954846326712,3.3067751362557942,0.769558937459774,0.8386246333686334,299.1713659667969,269.86604840118406,-0.09795495458233537,0.7361796643632774,1356.3664192646268,25.926954846326712,0.31417782633706776
0.614,1356.4969996584682,36.83065298984622,25.9293847540599,3.3063491077003766,0.7695367523892236,0.8385835714006912,299.1713659667969,269.8810070428467,-0.09790495433711036,0.7361796643632774,1356.4969996584682,25.9293847540599,0.3141989838582875
0.615,1356.627981223123,36.832431106609334,25.931814661793076,3.3059230791449585,0.7695144991614058,0.8385461954873534,299.1713659667969,269.8959656845093,-0.09785495409188552,0.7361796643632774,1356.627981223123,25.931814661793076,0.3142201618570058
0.616,1356.7593639585912,36.83421458316427,25.934248299660005,3.3054970505895405,0.7694921777763208,0.8385035868029165,299.1713659667969,269.9109243261719,-0.09780495384666069,0.7361796643632774,1356.7593639585912,25.934248299660005,0.31424138407892444
0.617,1356.8911478648727,36.8360034187325,25.9366864292043,3.305071022034123,0.7694697882339686,0.8384665994593088,299.1713659667969,269.92588296783447,-0.09775495360143585,0.736114539619847,1356.8911478648727,25.9366864292043,0.31426265536959425
0.618,1357.0233329419677,36.83779761253335,25.939125346541953,3.3046449934787048,0.7694473305343492,0.8384346214344872,299.1713659667969,269.94084160949706,-0.09770495335621103,0.736114539619847,1357.0233329419677,25.939125346541953,0.31428395214449023
0.619,1357.155919189876,36.839597163783914,25.941565453939628,3.304218964923287,0.7694248046774625,0.8383941199144475,299.1713659667969,269.9558002511597,-0.097654953110986,0.736114539619847,1357.155919189876,25.941565453939628,0.31430527696173544
0.62,1357.2889066085975,36.841402071699136,25.94403314402618,3.3037929363678695,0.7694022106633087,0.8383553818559049,299.1713659667969,269.9707588928223,-0.09760495286576117,0.736114539619847,1357.2889066085975,25.94403314402618,0.3143267978524554
0.621,1357.4222951981328,36.84321233549177,25.94650355281572,3.3033669078124515,0.7693795484918875,0.838317785215934,299.1713659667969,269.9857175344849,-0.09755495262053633,0.7359328726554788,1357.4222951981328,25.94650355281572,0.3143483565119396
0.622,1357.5560849584813,36.84502795437237,25.94897396160525,3.3029408792570334,0.7693568181631992,0.8382801789826385,299.1713659667969,270.00067617614746,-0.09750495237531151,0.7359328726554788,1357.5560849584813,25.94897396160525,0.31436993562798815
0.623,1357.690275889643,36.84684892754933,25.951444865267348,3.3025148507016158,0.7693340196772437,0.8382365113982551,299.1713659667969,270.01563481781005,-0.09745495213008668,0.7357512953367875,1357.690275889643,25.951444865267348,0.3143915383482855
0.624,1357.824867991618,36.84867525422886,25.953921926794767,3.302088822146198,0.7693111530340209,0.8381973987724951,299.1713659667969,270.0305934594727,-0.09740495188486165,0.7359328726554788,1357.824867991618,25.953921926794767,0.31441320072441264
0.625,1357.9598612644065,36.850506933614994,25.956399099411602,3.30166279359078,0.7692882182335309,0.8381527284318275,299.1713659667969,270.0455521011353,-0.09735495163963681,0.736114539619847,1357.9598612644065,25.956399099411602,0.3144348842552811
0.626,1358.0952557080088,36.8523439649096,25.95888548244615,3.301236765035362,0.7692652152757736,0.8381123130913752,299.1713659667969,270.05399826416016,-0.09732671978329731,0.736114539619847,1358.0952557080088,25.95888548244615,0.3144566468705953
0.627,1358.231051322424,36.85418634731235,25.96137576592706,3.3008107364799444,0.7692421441607492,0.8380736554938364,299.1713659667969,270.0396492077637,-0.09737468244961087,0.736114539619847,1358.231051322424,25.96137576592706,0.3144784547602686
0.628,1358.3672481076528,36.85603408002078,25.963866049407972,3.3003847079245268,0.7692190048884575,0.8380354898013657,299.1713659667969,270.0253001513672,-0.09742264511592463,0.7358676869908665,1358.3672481076528,25.963866049407972,0.3145002830882377
0.629,1358.5038460636952,36.85788716223022,25.96636064105361,3.2999586793691087,0.7691957974588985,0.8379989820170989,299.1713659667969,270.0109510949707,-0.0974706077822384,0.735620834361886,1358.5038460636952,25.96636064105361,0.31452215928024957
0.63,1358.6408451905506,36.85974559313385,25.968857382130533,3.2995326508136906,0.7691725218720724,0.8379556609147398,299.1713659667969,269.9966020385743,-0.09751857044855196,0.7358676869908665,1358.6408451905506,25.968857382130533,0.31454406958919984
0.631,1358.7782454882195,36.861609371922704,25.971355330780685,3.299106622258273,0.769149178127979,0.8379120829036825,299.1713659667969,269.9822529821777,-0.09756653311486592,0.7356860809476802,1358.7782454882195,25.971355330780685,0.3145660080154642
0.632,1358.9160469567018,36.86347849778561,25.97385633749501,3.2986805937028554,0.7691257662266184,0.8378722658767063,299.1713659667969,269.9679039257813,-0.09761449578117948,0.7353231376418352,1358.9160469567018,25.97385633749501,0.31458798633747703
0.633,1359.0542495959976,36.86535296990926,25.976369140537404,3.2982545651474373,0.7691022861679906,0.83783554081299,299.1713659667969,269.9535548693848,-0.09766245844749324,0.7353231376418352,1359.0542495959976,25.976369140537404,0.3146100601860937
0.634,1359.1928534061065,36.86723278747819,25.97888277140049,3.2978285365920197,0.7690787379520956,0.8377981049346928,299.1713659667969,269.9392058129883,-0.09771042111380701,0.7353231376418352,1359.1928534061065,25.97888277140049,0.31463215972493086
0.635,1359.3318583870287,36.869117949674745,25.98139640226357,3.2974025080366016,0.7690551215789333,0.8377593865972465,299.1713659667969,269.9248567565918,-0.09775838378012076,0.7353231376418352,1359.3318583870287,25.98139640226357,0.31465427968037357
0.636,1359.4712645387647,36.87100845567917,25.983910033126655,3.2969764794811836,0.7690314370485037,0.8377191839934437,299.1713659667969,269.91050770019535,-0.09780634644643434,0.7353231376418352,1359.4712645387647,25.983910033126655,0.31467642004929053
0.637,1359.6110718613138,36.87290430466949,25.986423663989733,3.296550450925766,0.769007684360807,0.8376799982286044,299.1713659667969,269.89615864379886,-0.0978543091127481,0.7350764676862358,1359.6110718613138,25.986423663989733,0.3146985808285414
0.638,1359.7512803546763,36.87480549582162,25.988937294852818,3.296124422370348,0.768983863515843,0.837639277986108,299.1713659667969,269.88180958740236,-0.09790227177906186,0.7350764676862358,1359.7512803546763,25.988937294852818,0.3147207620149786
0.639,1359.8918900188526,36.87671202830931,25.991459521221113,3.2956983938149302,0.7689599745136118,0.8376019607550568,299.1713659667969,269.8674605310059,-0.09795023444537543,0.7350764676862358,1359.8918900188526,25.991459521221113,0.3147430183305053
0.64,1360.0329008538417,36.87862390130415,25.993982880305957,3.295272365259512,0.7689360173541134,0.8375607457749232,299.1713659667969,269.8531114746094,-0.0979981971116892,0.7350764676862358,1360.0329008538417,25.993982880305957,0.31476530225857124
0.641,1360.1743128596447,36.8805411139756,25.996506239390797,3.2948463367040945,0.7689119920373477,0.8375158197013407,299.1713659667969,269.8387624182129,-0.09804615977800295,0.7350764676862358,1360.1743128596447,25.996506239390797,0.31478760658432975
0.642,1360.3161260362606,36.88246366549096,25.999029598475644,3.2944203081486765,0.7688878985633149,0.8374768100635279,299.1713659667969,269.8244133618164,-0.09809412244431671,0.7348297977306364,1360.3161260362606,25.999029598475644,0.3148099313045999
0.643,1360.4583403836903,36.884391555015384,26.00155642794335,3.293994279593259,0.7688637369320147,0.8374355536370254,299.1713659667969,269.81006430542,-0.09814208511063029,0.7348297977306364,1360.4583403836903,26.00155642794335,0.31483229851110206
0.644,1360.6009559019328,36.88632478171189,26.00408991250756,3.2935682510378403,0.7688395071434475,0.8374009225903087,299.1713659667969,269.79571524902343,-0.09819004777694423,0.7348297977306364,1360.6009559019328,26.00408991250756,0.3148547284767763
0.645,1360.7439725909894,36.88826334474137,26.00662535931865,3.293142222482423,0.7688152091976128,0.8373597348402527,299.1713659667969,269.78136619262693,-0.09823801044325799,0.7343364578194376,1360.7439725909894,26.00662535931865,0.3148771913204205
0.646,1360.887390450859,36.89020724326252,26.009165918200647,3.292716193927005,0.7687908430945111,0.8373214988145494,299.1713659667969,269.7670171362305,-0.09828597310957156,0.7343364578194376,1360.887390450859,26.009165918200647,0.31489970709282644
0.647,1361.031209481542,36.89215647643198,26.0117179447731,3.2922901653715875,0.768766408834142,0.8372798967611376,299.1713659667969,269.752668079834,-0.09833393577588533,0.7343364578194376,1361.031209481542,26.0117179447731,0.3149223162551371
0.648,1361.1754296830384,36.89411104340418,26.014269971345556,3.2918641368161694,0.7687419064165059,0.837240344846622,299.1713659667969,269.7383190234375,-0.09838189844219908,0.7339087546239211,1361.1754296830384,26.014269971345556,0.3149449457927022
0.649,1361.3200510553481,36.89607094333146,26.016830146037304,3.291438108260752,0.7687173358416023,0.8372030674585986,299.1713659667969,269.723969967041,-0.09842986110851284,0.7333004683263495,1361.3200510553481,26.016830146037304,0.3149676475789683
0.65,1361.4650735984712,36.89803617536401,26.019391458686265,3.2910120797053337,0.7686926971094317,0.8371682763984343,299.1713659667969,269.70962091064456,-0.09847782377482642,0.7330539807739709,1361.4650735984712,26.019391458686265,0.314990376979044
0.651,1361.610497312408,36.9000067386499,26.021958367404476,3.2905860511499156,0.7686679902199938,0.8371323987539657,299.1713659667969,269.69527185424806,-0.09852578644114017,0.7330539807739709,1361.610497312408,26.021958367404476,0.3150131623731662
0.652,1361.756322197158,36.901982632335056,26.024525996295864,3.2901600225944976,0.7686432151732885,0.8370856585533056,299.1713659667969,269.68092279785157,-0.09857374910745394,0.7328733366190241,1361.756322197158,26.024525996295864,0.3150359727146726
0.653,1361.9025482527213,36.90396385556328,26.02709634182221,3.2897339940390804,0.7686183719693161,0.8370436581765048,299.1713659667969,269.66657374145507,-0.09862171177376769,0.7326269098077871,1361.9025482527213,26.02709634182221,0.315058820711179
0.654,1362.0491754790978,36.90595040747627,26.029674333447918,3.2893079654836623,0.7685934606080767,0.8370011577443185,299.1713659667969,269.6522246850586,-0.09866967444008126,0.7326269098077871,1362.0491754790978,26.029674333447918,0.3150817377438602
0.655,1362.1962038762879,36.90794228721357,26.032254552753905,3.2888819369282447,0.7685684810895698,0.8369587935694085,299.1713659667969,269.63787562866213,-0.09871763710639503,0.7326269098077871,1362.1962038762879,26.032254552753905,0.31510468931194463
0.656,1362.3436334442913,36.90993949391263,26.034834772059895,3.2884559083728266,0.7685434334137957,0.8369150072041671,299.1713659667969,269.62352657226563,-0.09876559977270878,0.7326269098077871,1362.3436334442913,26.034834772059895,0.3151276612291506
0.657,1362.4914641831083,36.91194202670876,26.03741947795196,3.288029879817409,0.7685183175807544,0.8368728947538193,299.1713659667969,269.60917751586913,-0.09881356243902255,0.7328074932215923,1362.4914641831083,26.03741947795196,0.3151506820569522
0.658,1362.6396960927384,36.91394988473515,26.04001461007066,3.2876038512619914,0.7684931335904459,0.8368321085071119,299.1713659667969,269.59482845947264,-0.09886152510533631,0.7328074932215923,1362.6396960927384,26.04001461007066,0.315173789607987
0.659,1362.7883291731823,36.9159630671229,26.042620913355197,3.2871778227065733,0.7684678814428701,0.8367898622044996,299.1713659667969,269.5804794030762,-0.09890948777164987,0.7328074932215923,1362.7883291731823,26.042620913355197,0.31519698862174494
0.66,1362.9373634244391,36.91798157300097,26.04523179513504,3.2867517941511553,0.7684425611380271,0.8367465403539148,299.1713659667969,269.5661303466797,-0.09895745043796364,0.7326269098077871,1362.9373634244391,26.04523179513504,0.31522023712129976
0.661,1363.0867988465095,36.92000540149621,26.04784705429569,3.2863257655957376,0.7684171726759169,0.8367078818210937,299.1713659667969,269.5517812902832,-0.0990054131042774,0.7326269098077871,1363.0867988465095,26.04784705429569,0.315243533822879
0.662,1363.2366354393932,36.922034551733375,26.05046231345634,3.2858997370403196,0.7683917160565396,0.8366628485641546,299.1713659667969,269.5374322338867,-0.09905337577059116,0.7326269098077871,1363.2366354393932,26.05046231345634,0.3152668508536399
0.663,1363.3868732030903,36.9240690228351,26.05307757261699,3.2854737084849015,0.7683661912798949,0.836620329613378,299.1713659667969,269.52308317749026,-0.09910133843690473,0.7326269098077871,1363.3868732030903,26.05307757261699,0.3152901882102309
0.664,1363.537512137601,36.92610881392191,26.05569305679833,3.285047679929484,0.768340598345983,0.8365781175955441,299.1713659667969,269.50728345703124,-0.0991541500434165,0.7326269098077871,1363.537512137601,26.05569305679833,0.3153135473219332
0.665,1363.688552242925,36.92815392411222,26.05831208753974,3.284621651374066,0.7683149372548039,0.8365380876181394,299.1713659667969,269.4913415588379,-0.09920743688837175,0.7326269098077871,1363.688552242925,26.05831208753974,0.3153369493326456
0.666,1363.8399935190625,36.930204352522374,26.06094012145876,3.2841956228186477,0.7682892080063575,0.8364961114250677,299.1713659667969,269.47539966064454,-0.09926072373332717,0.7324464153732446,1363.8399935190625,26.06094012145876,0.31536042897967564
0.667,1363.991835966013,36.93226009826657,26.063571132096897,3.28376959426323,0.768263410600644,0.8364511672337301,299.1713659667969,269.45945776245117,-0.0993140105782826,0.7324464153732446,1363.991835966013,26.063571132096897,0.31538394789094637
0.668,1364.144079583777,36.93432116045694,26.06620214273503,3.2833435657078125,0.7682375450376632,0.8364118082278788,299.1713659667969,269.4435158642578,-0.09936729742323802,0.7324464153732446,1364.144079583777,26.06620214273503,0.3154074871111688
0.669,1364.2967243723544,36.9363875382035,26.068833153373166,3.2829175371523944,0.7682116113174151,0.8363683827480103,299.1713659667969,269.4275739660645,-0.09942058426819325,0.7322660098522168,1364.2967243723544,26.068833153373166,0.3154310466369433
0.67,1364.4497703317452,36.93845923061417,26.071465791282822,3.282491508596977,0.7681856094398999,0.8363243877346394,299.1713659667969,269.4116320678711,-0.09947387111314868,0.7322660098522168,1364.4497703317452,26.071465791282822,0.31545463682522235
0.671,1364.6032174619497,36.9405362367948,26.074099319963207,3.282065480041559,0.7681595394051174,0.8362848982168175,299.1713659667969,269.3956901696778,-0.0995271579581039,0.7320197044334975,1364.6032174619497,26.074099319963207,0.3154782529835058
0.672,1364.7570657629672,36.942618555849116,26.076734877324448,3.2816394514861407,0.7681334012130677,0.8362453718755936,299.1713659667969,269.3797482714844,-0.09958044480305933,0.7320197044334975,1364.7570657629672,26.076734877324448,0.31550190235310993
0.673,1364.9113152347982,36.94470618687877,26.07937431292359,3.2812134229307226,0.7681071948637508,0.8361990102772259,299.1713659667969,269.363806373291,-0.09963373164801476,0.7320197044334975,1364.9113152347982,26.07937431292359,0.3155255967061899
0.674,1365.0659658774425,36.94679912898332,26.082015084911976,3.2807873943753045,0.7680809203571666,0.8361537616648467,299.1713659667969,269.34786447509765,-0.09968701849297018,0.7320197044334975,1365.0659658774425,26.082015084911976,0.3155493198561015
0.675,1365.2210176909,36.948897381260245,26.084659094235224,3.2803613658198874,0.7680545776933153,0.8361046976883986,299.1713659667969,269.33192257690433,-0.09974030533792543,0.7322660098522168,1365.2210176909,26.084659094235224,0.31557308390216
0.676,1365.3764706751715,36.95100094280494,26.087314535258475,3.2799353372644697,0.7680281668721967,0.8360638681514798,299.1713659667969,269.31598067871096,-0.09979359218288085,0.7322660098522168,1365.3764706751715,26.087314535258475,0.3155969410120285
0.677,1365.5323248302561,36.95310981271071,26.08998473755342,3.2795093087090517,0.7680016878938107,0.8360243407413619,299.1713659667969,269.28246009979244,-0.0999056369262345,0.7322660098522168,1365.5323248302561,26.08998473755342,0.31562091238064943
0.678,1365.6885801561539,36.95522399006877,26.092655774276675,3.279083280153634,0.7679751407581578,0.8359874666470848,299.1713659667969,269.24537157287597,-0.10002960777082594,0.7322660098522168,1365.6885801561539,26.092655774276675,0.31564490933642547
0.679,1365.8452366528652,36.95734347396827,26.09532855633628,3.278657251598216,0.7679485254652374,0.8359444139173138,299.1713659667969,269.2082830459595,-0.10015357861541738,0.7322660098522168,1365.8452366528652,26.09532855633628,0.3156689376753614
0.68,1366.0022943203899,36.9594682634963,26.09800133839588,3.278231223042798,0.7679218420150499,0.8358974779486977,299.1713659667969,269.17119451904296,-0.100277549460009,0.7322660098522168,1366.0022943203899,26.09800133839588,0.3156929862819255
0.681,1366.1597531587279,36.96159835773783,26.100674120455476,3.277805194487381,0.7678950904075952,0.8358583458156205,299.1713659667969,269.1341059921265,-0.10040152030460044,0.7322660098522168,1366.1597531587279,26.100674120455476,0.3157170551526222
0.682,1366.3176131678792,36.9637337557758,26.103348824063072,3.2773791659319627,0.7678682706428732,0.8358123542149477,299.1713659667969,269.09701746520994,-0.10052549114919206,0.7322660098522168,1366.3176131678792,26.103348824063072,0.3157411565178807
0.683,1366.4758743478442,36.965874456691054,26.106030191553902,3.2769531373765446,0.767841382720884,0.8357665962478044,299.1713659667969,269.05992893829347,-0.1006494619937835,0.7322660098522168,1366.4758743478442,26.106030191553902,0.3157653205672469
0.684,1366.6345366986225,36.968020459562375,26.108716608825226,3.276527108821128,0.7678144266416276,0.8357171690611387,299.1713659667969,269.02284041137693,-0.10077343283837513,0.7322660098522168,1366.6345366986225,26.108716608825226,0.3157895370206831
0.685,1366.793600220214,36.97017176346648,26.111404358347258,3.276101080265709,0.7677874024051039,0.8356723527095363,299.1713659667969,268.98575188446046,-0.10089740368296655,0.7322660098522168,1366.793600220214,26.111404358347258,0.31581378220624096
0.686,1366.953064912619,36.972328367478006,26.114095760500287,3.275675051710291,0.767760310011313,0.8356277170277604,299.1713659667969,268.9486633575439,-0.10102137452755819,0.7322660098522168,1366.953064912619,26.114095760500287,0.31583807089356597
0.687,1367.1129307758374,36.974490270669556,26.116788766179948,3.275249023154873,0.7677331494602548,0.8355851025178506,299.1713659667969,268.9098269485474,-0.10115118778315177,0.7322660098522168,1367.1129307758374,26.116788766179948,0.3158623900330693
0.6880000000000001,1367.2731978098689,36.97665747211163,26.11948264984502,3.274822994599455,0.7677059207519296,0.8355420037187435,299.1713659667969,268.89693382080077,-0.1011942839120375,0.7322660098522168,1367.2731978098689,26.11948264984502,0.315886735001892
0.6890000000000001,1367.433866014714,36.97882997087272,26.122182976847576,3.2743969660440375,0.767678623886337,0.8355009287370154,299.1713659667969,268.91392825531005,-0.10113747889510559,0.7320197044334975,1367.433866014714,26.122182976847576,0.31591114122943964
0.6900000000000001,1367.5949353903727,36.981007766019204,26.12489465169645,3.27397093748862,0.7676512588634772,0.8354568898455415,299.1713659667969,268.93092268981934,-0.10108067387817368,0.7320197044334975,1367.5949353903727,26.12489465169645,0.3159356399377145
0.6910000000000001,1367.7564059368444,36.983190856615444,26.127631150302115,3.273544908933201,0.7676238256833502,0.8354091898314181,299.1713659667969,268.9479171243286,-0.10102386886124178,0.73220004927322,1367.7564059368444,26.127631150302115,0.3159603169203104
0.6920000000000001,1367.91827765413,36.98537924172375,26.130382550218652,3.2731188803777838,0.7675963243459558,0.8353619973014943,299.1713659667969,268.9649115588379,-0.10096706384430987,0.73220004927322,1367.91827765413,26.130382550218652,0.31598510900034366
0.6930000000000001,1368.0805505422284,36.98757292040434,26.133153827946174,3.272692851822366,0.7675687548512944,0.8353181158848446,299.1713659667969,268.9819059933472,-0.10091025882737796,0.73220004927322,1368.0805505422284,26.133153827946174,0.3160100478581403
0.6940000000000001,1368.2432246011404,36.98977189171542,26.135931171243193,3.2722668232669476,0.7675411171993658,0.8352670297478033,299.1713659667969,268.9989004278565,-0.10085345381044605,0.7320197044334975,1368.2432246011404,26.135931171243193,0.3160350455516135
0.6950000000000001,1368.406299830866,36.99197615471314,26.1387085145402,3.2718407947115296,0.7675134113901698,0.8352187704882832,299.1713659667969,269.0130846130371,-0.10080604223703298,0.7318394484117212,1368.406299830866,26.1387085145402,0.3160600634594564
0.6960000000000001,1368.5697762314046,36.9941857084516,26.141485857837214,3.2714147661561137,0.7674856374237067,0.8351740758569973,299.1713659667969,268.9971427148438,-0.1008593290819882,0.7318394484117212,1368.5697762314046,26.141485857837214,0.3160851015780558
0.6970000000000001,1368.7336538027569,36.99640055198285,26.14427074001034,3.2709887376006943,0.7674577952999763,0.8351277651112666,299.1713659667969,268.9812008166504,-0.10091261592694363,0.7318394484117212,1368.7336538027569,26.14427074001034,0.31611020790160266
0.6980000000000001,1368.8979325449225,36.9986206843569,26.147069138106527,3.2705627090452767,0.7674298850189787,0.8350887731102067,299.1713659667969,268.9652589184571,-0.10096590277189887,0.7318394484117212,1368.8979325449225,26.147069138106527,0.3161354204805723
0.6990000000000001,1369.0626124579014,37.000846104621736,26.14987497614273,3.270136680489858,0.7674019065807138,0.8350483664010743,299.1713659667969,268.9493170202637,-0.1010191896168543,0.7318394484117212,1369.0626124579014,26.14987497614273,0.3161607006273267
0.7000000000000001,1369.2276935416937,37.00307681182328,26.152683155592158,3.269710651934441,0.7673738599851817,0.8349976964379532,299.1713659667969,268.9333751220703,-0.1010724764618099,0.7314130969965534,1369.2276935416937,26.152683155592158,0.316186015877397
0.7010000000000001,1369.3931757962996,37.00531280500544,26.155492446767887,3.2692846233790243,0.7673457452323824,0.8349517784840844,299.1713659667969,268.91743322387697,-0.10112576330676515,0.7314130969965534,1369.3931757962996,26.155492446767887,0.3162113583980751
0.7020000000000001,1369.5590592217186,37.007554083210074,26.15830887322753,3.268858594823605,0.7673175623223158,0.8349021960672723,299.1713659667969,268.90149132568365,-0.10117905015172038,0.7310531496062992,1369.5590592217186,26.15830887322753,0.3162367665359249
0.7030000000000001,1369.725343817951,37.009800645477014,26.161133169948638,3.2684325662681872,0.7672893112549821,0.8348618538124544,299.1713659667969,268.8855494274903,-0.1012323369966758,0.7310531496062992,1369.725343817951,26.161133169948638,0.31626224496666494
0.704,1369.892029584997,37.01205249084408,26.163981300361023,3.268006537712769,0.7672609920303811,0.8348191129058167,299.1713659667969,268.8696075292969,-0.10128562384163123,0.7310531496062992,1369.892029584997,26.163981300361023,0.3162878953210935
0.705,1370.0591165228564,37.01430961834701,26.16683399235802,3.2675805091573515,0.767232604648513,0.8347735290348007,299.1713659667969,268.8536656311035,-0.10133891068658665,0.7312330790056608,1370.0591165228564,26.16683399235802,0.3163135948956787
0.706,1370.226604631529,37.016572027019585,26.169702416146457,3.267154480601934,0.7672041491093775,0.8347280242352267,299.1713659667969,268.8377237329102,-0.10139219753154188,0.7312330790056608,1370.226604631529,26.169702416146457,0.3163394148041588
0.707,1370.3944939110147,37.01883971589351,26.172573295738832,3.266728452046516,0.7671756254129749,0.8346843494358078,299.1713659667969,268.82178183471683,-0.10144548437649731,0.7309869554516367,1370.3944939110147,26.172573295738832,0.31636527051851765
0.708,1370.5627843613145,37.021112683998496,26.17544443505698,3.266302423491098,0.7671470335593049,0.8346398530843786,299.1713659667969,268.80583993652345,-0.10149877122145273,0.7307408318976126,1370.5627843613145,26.17544443505698,0.3163911480532635
0.709,1370.7314759824271,37.02339093036222,26.178324150808745,3.2658763949356806,0.7671183735483679,0.8345970245017016,299.1713659667969,268.78989803833014,-0.10155205806640798,0.7307408318976126,1370.7314759824271,26.178324150808745,0.3164171003547207
0.71,1370.9005687743531,37.02567445401033,26.181211109823323,3.2654503663802625,0.7670896453801636,0.8345536663087171,299.1713659667969,268.77395614013676,-0.1016053449113634,0.7309869554516367,1370.9005687743531,26.181211109823323,0.3164431189312599
0.711,1371.0700627370927,37.02796325396649,26.184104850670465,3.2650243378248445,0.767060849054692,0.8345116035352229,299.1713659667969,268.7580142419434,-0.10165863175631883,0.7308070866141733,1371.0700627370927,26.184104850670465,0.31646920084136043
0.712,1371.2399578706459,37.03025732925233,26.187003508814268,3.2645983092694277,0.7670319845719531,0.834464364935963,299.1713659667969,268.74207234375,-0.10171191860127425,0.7308070866141733,1371.2399578706459,26.187003508814268,0.3164953342103318
0.713,1371.4102541750121,37.03255667888746,26.189905529241532,3.264172280714009,0.7670030519319471,0.8344213025594225,299.1713659667969,268.7261304455567,-0.10176520544622948,0.7306273062730627,1371.4102541750121,26.189905529241532,0.3165215091341162
0.714,1371.5809516501918,37.03486130188949,26.19280885357977,3.263746252158591,0.7669740511346739,0.8343722350289017,299.1713659667969,268.7101885473633,-0.1018184922911849,0.7308070866141733,1371.5809516501918,26.19280885357977,0.31654771250390706
0.715,1371.7520502961847,37.03717119727403,26.195712177918,3.263320223603173,0.7669449821801333,0.8343259019432842,299.1713659667969,268.69424664916994,-0.10187177913614033,0.7308070866141733,1371.7520502961847,26.195712177918,0.3165739360143254
0.716,1371.9235501129913,37.03948636405466,26.19861847861384,3.262894195047755,0.7669158450683257,0.8342797567692507,299.1713659667969,268.67830475097657,-0.10192506598109576,0.7306273062730627,1371.9235501129913,26.19861847861384,0.3166001986111988
0.717,1372.0954511006112,37.041806801242984,26.201526834815805,3.2624681664923374,0.7668866397992508,0.8342361950053837,299.1713659667969,268.66236285278325,-0.101978352826051,0.7308070866141733,1372.0954511006112,26.201526834815805,0.31662649442796026
0.718,1372.2677532590444,37.04413250784859,26.204435788262046,3.2620421379369193,0.7668573663729086,0.8341906294659018,299.1713659667969,268.64642095458987,-0.10203163967100642,0.7306273062730627,1372.2677532590444,26.204435788262046,0.31665281417650104
0.719,1372.440456588291,37.04646348287905,26.2073487622812,3.2616161093815017,0.7668280247892991,0.8341431268230753,299.1713659667969,268.6304790563965,-0.10208492651596185,0.7303813038130381,1372.440456588291,26.2073487622812,0.3166791796483592
0.72,1372.6135610883512,37.04879972533997,26.21026173630036,3.2611900808260836,0.7667986150484225,0.8340946035734333,299.1713659667969,268.6145371582031,-0.10213821336091727,0.7301353013530135,1372.6135610883512,26.21026173630036,0.3167055652419278
0.721,1372.7870667592242,37.05114123423493,26.21317471031952,3.260764052270666,0.7667691371502787,0.8340488524472124,299.1713659667969,268.5985952600098,-0.1021915002058725,0.7301353013530135,1372.7870667592242,26.21317471031952,0.3167319709534008
0.722,1372.9609736009113,37.05348800856555,26.216087684338685,3.260338023715248,0.7667395910948676,0.8340062922371231,299.1713659667969,268.5826533618165,-0.10224478705082773,0.7301353013530135,1372.9609736009113,26.216087684338685,0.3167583967789641
0.723,1373.1352816134115,37.05584004733143,26.21900461537507,3.25991199515983,0.7667099768821892,0.833964609776152,299.1713659667969,268.5667114636231,-0.10229807389578316,0.7301353013530135,1373.1352816134115,26.21900461537507,0.3167848679079639
0.724,1373.3099907967248,37.05819734953017,26.221928524970185,3.2594859666044127,0.7666802945122437,0.8339212194361775,299.1713659667969,268.55076956542973,-0.10235136074073858,0.7296432964329643,1373.3099907967248,26.221928524970185,0.3168114035738393
0.725,1373.4851011508517,37.060559914157416,26.224853431757797,3.2590599380489946,0.7666505439850311,0.8338774639886981,299.1713659667969,268.53482766723636,-0.10240464758569402,0.7296432964329643,1373.4851011508517,26.224853431757797,0.3168379656911497
0.726,1373.6606126757922,37.06292774020682,26.227778338545402,3.2586339094935766,0.766620725300551,0.8338304553620054,299.1713659667969,268.51888576904304,-0.10245793443064925,0.7298228346456693,1373.6606126757922,26.227778338545402,0.3168645479072188
0.727,1373.8365253715458,37.065300826670025,26.230703245333014,3.2582078809381585,0.7665908384588038,0.8337843973028416,299.1713659667969,268.50294387084966,-0.10251122127560468,0.7298228346456693,1373.8365253715458,26.230703245333014,0.3168911502181947
0.728,1374.0128392381127,37.06767917253672,26.233628555466797,3.2577818523827413,0.7665608834597895,0.8337430082265803,299.1713659667969,268.4870019726563,-0.1025645081205601,0.7298228346456693,1374.0128392381127,26.233628555466797,0.3169177751882047
0.729,1374.1895542754933,37.07006277679461,26.23655867803638,3.2573558238273232,0.7665308603035077,0.8336974220574423,299.1713659667969,268.4710600744629,-0.10261779496551553,0.7298228346456693,1374.1895542754933,26.23655867803638,0.3169444508847618
0.73,1374.366670483687,37.0724516384294,26.239492150043215,3.256929795271905,0.7665007689899588,0.8336546283474356,299.1713659667969,268.4551181762696,-0.10267108181047076,0.7298228346456693,1374.366670483687,26.239492150043215,0.3169711679895089
0.731,1374.5441878626941,37.07484575642486,26.242426219821525,3.2565037667164876,0.7664706095191427,0.8336009527609761,299.1713659667969,268.4391762780762,-0.10272436865542618,0.7300688976377953,1374.5441878626941,26.242426219821525,0.3169979089795153
0.732,1374.722106412515,37.077245129762744,26.24536191475878,3.2560777381610704,0.7664403818910593,0.8335555892959252,299.1713659667969,268.42323437988284,-0.1027776555003816,0.7299557304476144,1374.722106412515,26.24536191475878,0.3170246803919659
0.733,1374.9004261331488,37.07964975742286,26.248307024319924,3.2556517096056528,0.7664100861057088,0.833503825693799,299.1713659667969,268.4072924816895,-0.10283094234533685,0.7299557304476144,1374.9004261331488,26.248307024319924,0.3170515318162013
0.734,1375.0791470245963,37.082059638383036,26.251265951886975,3.2552256810502347,0.766379722163091,0.833449264822518,299.1713659667969,268.39135058349615,-0.10288422919029228,0.7299557304476144,1375.0791470245963,26.251265951886975,0.3170784912833583
0.735,1375.258269086857,37.08447477161915,26.254228383281706,3.2547996524948157,0.766349290063206,0.8334026722094116,299.1713659667969,268.38515898284913,-0.10290492502335438,0.7297097884899164,1375.258269086857,26.254228383281706,0.317105493122178
0.736,1375.437792319931,37.086895156105086,26.257191423948484,3.254373623939398,0.7663187898060537,0.8333512713097779,299.1713659667969,268.4235433374024,-0.1027766227895185,0.7297097884899164,1375.437792319931,26.257191423948484,0.31713251889995425
0.737,1375.6177167238188,37.089320790812806,26.260157822575017,3.2539475953839805,0.7662882213916342,0.8333063432052968,299.1713659667969,268.4619276919556,-0.1026483205556828,0.7294638465322184,1375.6177167238188,26.260157822575017,0.3171595861128481
0.738,1375.7980422985195,37.091751674712256,26.263124221201554,3.2535215668285624,0.7662575848199475,0.833253165349378,299.1713659667969,268.49928934387214,-0.10252343677278543,0.7294638465322184,1375.7980422985195,26.263124221201554,0.31718667337778006
0.739,1375.978769044034,37.09418780677148,26.26609061982809,3.2530955382731443,0.7662268800909935,0.8332075340729087,299.1713659667969,268.53082235443117,-0.10241803560761331,0.7292844848782887,1375.978769044034,26.26609061982809,0.31721378069080813
0.74,1376.1598969603615,37.09662918595652,26.269057018454625,3.2526695097177267,0.7661961072047724,0.8331508355737486,299.1713659667969,268.56235536499025,-0.10231263444244103,0.7294638465322184,1376.1598969603615,26.269057018454625,0.3172409080479825
0.741,1376.3414260475024,37.0990758112315,26.272023417081158,3.2522434811623087,0.766165266161284,0.833104624849784,299.1713659667969,268.59388837554934,-0.10220723327726873,0.7296432964329643,1376.3414260475024,26.272023417081158,0.3172680554453462
0.742,1376.523356305457,37.10152768155857,26.2749898157077,3.251817452606891,0.7661343569605283,0.8330607592260447,299.1713659667969,268.6254213861084,-0.10210183211209643,0.7297097884899164,1376.523356305457,26.2749898157077,0.3172952228789346
0.743,1376.705687734225,37.10398479589793,26.277958498821995,3.251391424051473,0.7661033796025055,0.8330123884808696,299.1713659667969,268.6569543966675,-0.10199643094692414,0.7297097884899164,1376.705687734225,26.277958498821995,0.3173224248894388
0.744,1376.888420333806,37.10644715320784,26.280935681302715,3.2509653954960553,0.7660723340872154,0.8329708169711065,299.1713659667969,268.6884874072266,-0.10189102978175184,0.7297097884899164,1376.888420333806,26.280935681302715,0.3173497010411885
0.745,1377.0715541042005,37.1089147524446,26.283917505970003,3.2505393669406377,0.7660412204146582,0.8329207088187279,299.1713659667969,268.72002041778563,-0.10178562861657973,0.7297097884899164,1377.0715541042005,26.283917505970003,0.3173770267726642
0.746,1377.2550890454088,37.11138759256259,26.286905977102712,3.2501133383852197,0.7660100385848335,0.8328770602339371,299.1713659667969,268.7515534283447,-0.10168022745140744,0.7297097884899164,1377.2550890454088,26.286905977102712,0.3174044148405271
0.747,1377.4390251574298,37.11386567251422,26.289896179020932,3.2496873098298016,0.7659787885977418,0.8328267424179795,299.1713659667969,268.7830864389038,-0.10157482628623515,0.7297097884899164,1377.4390251574298,26.289896179020932,0.3174318339440836
0.748,1377.6233624402646,37.11634899124999,26.292886380939162,3.249261281274384,0.7659474704533829,0.8327769697914611,299.1713659667969,268.8146194494629,-0.10146942512106286,0.7297097884899164,1377.6233624402646,26.292886380939162,0.317459273059921
0.749,1377.8081008939128,37.11883754771845,26.295878443208288,3.2488352527189663,0.7659160841517566,0.8327268198720453,299.1713659667969,268.846152460022,-0.10136402395589056,0.7297097884899164,1377.8081008939128,26.295878443208288,0.31748674402833116
0.75,1377.993240518374,37.121331340866185,26.29887248265798,3.2484092241635483,0.7658846296928632,0.8326807409694466,299.1713659667969,268.87768547058107,-0.10125862279071826,0.7297097884899164,1377.993240518374,26.29887248265798,0.3175142475891102
0.751,1378.178781313649,37.1238303696379,26.3018665423385,3.24798319560813,0.7658531070767025,0.8326290474066066,299.1713659667969,268.90336069671633,-0.10117280165589043,0.7295303663634128,1378.178781313649,26.3018665423385,0.31754177127890204
0.752,1378.3647232797373,37.126334632976324,26.30486134481175,3.2475571670527126,0.7658215163032747,0.8325815129374581,299.1713659667969,268.9272466772461,-0.10109296119237354,0.7291052114060964,1378.3647232797373,26.30486134481175,0.3175693196940075
0.753,1378.551066416639,37.12884412982229,26.30785855034846,3.2471311384972945,0.7657898573725794,0.8325354958436609,299.1713659667969,268.9333024145508,-0.10107271949148379,0.7291052114060964,1378.551066416639,26.30785855034846,0.31759690340083707
0.754,1378.7378107243542,37.13135885911468,26.31086512282346,3.246705109941877,0.7657581302846171,0.8324897636101432,299.1713659667969,268.9102056237793,-0.10114992203624222,0.7291052114060964,1378.7378107243542,26.31086512282346,0.31762456673228534
0.755,1378.9249562028824,37.13387881979046,26.313872961181097,3.246279081386459,0.7657263350393876,0.8324404158957546,299.1713659667969,268.88227679748536,-0.10124327597806641,0.7291052114060964,1378.9249562028824,26.313872961181097,0.3176522581072468
0.756,1379.1125028522242,37.13640401078467,26.316881514272907,3.245853052831041,0.7656944716368907,0.8323968031990832,299.1713659667969,268.85434797119143,-0.10133662991989062,0.7291052114060964,1379.1125028522242,26.316881514272907,0.31767997401265274
0.757,1379.3004506723796,37.13893443103046,26.319894773376852,3.245427024275624,0.7656625400771266,0.8323541538699478,299.1713659667969,268.82641914489744,-0.101429983861715,0.7286802654214795,1379.3004506723796,26.319894773376852,0.31770773985572354
0.758,1379.488799663348,37.141470079459,26.32292544557088,3.2450009957202055,0.7656305403600955,0.8323058358746969,299.1713659667969,268.7984903186035,-0.1015233378035392,0.7286802654214795,1379.488799663348,26.32292544557088,0.3177356365346133
0.759,1379.67754982513,37.144010954999594,26.32595778420392,3.2445749671647883,0.7655984724857969,0.8322584526540644,299.1713659667969,268.7705614923095,-0.10161669174536359,0.7286802654214795,1379.67754982513,26.32595778420392,0.3177635637909246
0.76,1379.8667011577252,37.14655705657962,26.328994625023256,3.24414893860937,0.7655663364542312,0.83220490263594,299.1713659667969,268.7426326660156,-0.10171004568718779,0.7288593903638152,1379.8667011577252,26.328994625023256,0.317791539674931
0.761,1380.0562536611337,37.149108383124535,26.33203340398496,3.2437229100539526,0.7655341322653983,0.8321605732190479,299.1713659667969,268.7147038397217,-0.1018033996290118,0.7288593903638152,1380.0562536611337,26.33203340398496,0.31781954785801225
0.762,1380.2462073353558,37.1516649335579,26.3350828037668,3.243296881498534,0.7655018599192982,0.832109714890063,299.1713659667969,268.68677501342773,-0.10189675357083619,0.7288593903638152,1380.2462073353558,26.3350828037668,0.3178476436161182
0.763,1380.4365621803915,37.15422670680136,26.338139506945332,3.242870852943116,0.7654695194159307,0.8320604299197583,299.1713659667969,268.65884618713375,-0.10199010751266058,0.7286802654214795,1380.4365621803915,26.338139506945332,0.3178758058240678
0.764,1380.6273181962404,37.15679370177465,26.341196210123865,3.2424448243876984,0.7654371107552961,0.8320080861486334,299.1713659667969,268.6309173608399,-0.10208346145448459,0.7286802654214795,1380.6273181962404,26.341196210123865,0.3179039879791505
0.765,1380.8184753829028,37.15936591739561,26.3442534604397,3.2420187958322813,0.7654046339373942,0.8319572464985729,299.1713659667969,268.6029885345459,-0.10217681539630898,0.7286802654214795,1380.8184753829028,26.3442534604397,0.317932193560695
0.766,1381.0100337403783,37.16194335258018,26.34731373666905,3.2415927672768623,0.7653720889622252,0.8318991153606416,299.1713659667969,268.57505970825196,-0.10227016933813317,0.7286802654214795,1381.0100337403783,26.34731373666905,0.31796043834620114
0.767,1381.2019932686671,37.16452600624239,26.350374557647587,3.2411667387214442,0.7653394758297889,0.8318504743990361,299.1713659667969,268.5469227984619,-0.10236421881275168,0.7286802654214795,1381.2019932686671,26.350374557647587,0.31798870653467515
0.768,1381.3943539677696,37.1671138772944,26.3534358511013,3.2407407101660275,0.7653067945400853,0.8317954852753313,299.1713659667969,268.5176297314453,-0.10246213281906677,0.7286802654214795,1381.3943539677696,26.3534358511013,0.31801699766181407
0.769,1381.5871158376856,37.16970696464644,26.356500755462847,3.240314681610609,0.7652740450931146,0.8317469424916497,299.1713659667969,268.4883366644287,-0.10256004682538204,0.7286802654214795,1381.5871158376856,26.356500755462847,0.3180453317049347
0.77,1381.7802788784145,37.17230526720685,26.359565659824383,3.239888653055192,0.7652412274888766,0.8316954383902903,299.1713659667969,268.4590435974121,-0.10265796083169713,0.7286802654214795,1381.7802788784145,26.359565659824383,0.3180736856702764
0.771,1381.9738430899572,37.17490878388214,26.362631607665985,3.2394626244997733,0.7652083417273713,0.831649608753797,299.1713659667969,268.4297505303955,-0.10275587483801242,0.7286802654214795,1381.9738430899572,26.362631607665985,0.31810206619719306
0.772,1382.167808472313,37.177517513576845,26.365700119040014,3.239036595944356,0.765175387808599,0.8315963567166272,299.1713659667969,268.4004574633789,-0.10285378884432751,0.7286802654214795,1382.167808472313,26.365700119040014,0.3181304829592278
0.773,1382.3621750254822,37.180131455193674,26.368768630414035,3.2386105673889385,0.7651423657325592,0.8315486794966708,299.1713659667969,268.3711643963623,-0.1029517028506428,0.7286802654214795,1382.3621750254822,26.368768630414035,0.31815891963092985
0.774,1382.5569427494652,37.182750607633444,26.371837896219446,3.2381845388335204,0.7651092754992523,0.8315025441564631,299.1713659667969,268.3418713293457,-0.10304961685695807,0.7286802654214795,1382.5569427494652,26.371837896219446,0.3181873810113436
0.775,1382.752111644261,37.18537496979506,26.37490776113065,3.237758510278102,0.7650761171086782,0.8314448471765955,299.1713659667969,268.3125782623291,-0.10314753086327316,0.7286802654214795,1382.752111644261,26.37490776113065,0.31821586610735053
0.776,1382.947681709871,37.18800454057559,26.377978354748198,3.2373324817226847,0.7650428905608369,0.8313931588246144,299.1713659667969,268.2832851953125,-0.10324544486958845,0.7285012285012284,1382.947681709871,26.377978354748198,0.318244375739866
0.777,1383.1436529462935,37.19063931887019,26.38105022831719,3.236906453167267,0.7650095958557283,0.8313393739170102,299.1713659667969,268.2539921282959,-0.10334335887590354,0.7285012285012284,1383.1436529462935,26.38105022831719,0.31827291341428526
0.778,1383.3400253535299,37.19327930357217,26.38412438800324,3.236480424611849,0.7649762329933524,0.8312914187578637,299.1713659667969,268.2246990612793,-0.10344127288221881,0.7287469287469287,1383.3400253535299,26.38412438800324,0.31830148553234205
0.779,1383.5367989315791,37.19592449357294,26.387202290099363,3.23605439605643,0.7649428019737095,0.8312352805997164,299.1713659667969,268.1954059942627,-0.1035391868885339,0.7287469287469287,1383.5367989315791,26.387202290099363,0.31833010136159184
0.78,1383.7339736804422,37.198574887762064,26.390280192195487,3.2356283675010125,0.7649093027967991,0.8311839488308094,299.1713659667969,268.16611292724605,-0.10363710089484938,0.7287469287469287,1383.7339736804422,26.390280192195487,0.31835873707096585
0.781,1383.9315496001186,37.20123048502722,26.3933581052926,3.235202338945595,0.7648757354626217,0.8311342770010052,299.1713659667969,268.13681986022954,-0.10373501490116428,0.7287469287469287,1383.9315496001186,26.3933581052926,0.3183873927262551
0.782,1384.1295266906084,37.20389128425424,26.39643866656034,3.2347763103901768,0.7648420999711769,0.8310779629563328,299.1713659667969,268.1075267932129,-0.10383292890747957,0.7288135593220338,1384.1295266906084,26.39643866656034,0.3184160851132886
0.783,1384.3279049519117,37.20655728432707,26.399519227828073,3.234350281834759,0.764808396322465,0.8310281796141509,299.1713659667969,268.0782337261963,-0.10393084291379484,0.7288135593220338,1384.3279049519117,26.399519227828073,0.31844479736767783
0.784,1384.5266843840282,37.209228484127806,26.402599789095817,3.233924253279342,0.7647746245164858,0.8309785099488572,299.1713659667969,268.0489406591797,-0.10402875692010993,0.7288135593220338,1384.5266843840282,26.402599789095817,0.3184735294851522
0.785,1384.725864986958,37.21190488253669,26.40568276835943,3.2334982247239243,0.7647407845532393,0.8309282643901412,299.1713659667969,268.0196475921631,-0.10412667092642522,0.7288135593220338,1384.725864986958,26.40568276835943,0.31850229685610454
0.786,1384.9254467607013,37.2145864784321,26.408772427272194,3.2330721961685063,0.7647068764327257,0.8308791986767403,299.1713659667969,267.9903545251465,-0.1042245849327405,0.7288135593220338,1384.9254467607013,26.408772427272194,0.31853112660894634
0.787,1385.1254297052578,37.217273270690555,26.411864494138857,3.232646167613088,0.7646729001549449,0.8308303351179371,299.1713659667969,267.96106145812985,-0.10432249893905578,0.7286345776031434,1385.1254297052578,26.411864494138857,0.3185599915427553
0.788,1385.325813820628,37.21996525818674,26.414957541153004,3.2322201390576697,0.7646388557198969,0.8307807573240918,299.1713659667969,267.9317683911133,-0.10442041294537087,0.7286345776031434,1385.325813820628,26.414957541153004,0.31858888256280854
0.789,1385.5265991068115,37.22266243979347,26.418052920843866,3.2317941105022525,0.7646047431275815,0.8307237626343748,299.1713659667969,267.9024753240967,-0.10451832695168596,0.7286345776031434,1385.5265991068115,26.418052920843866,0.31861780827595665
0.79,1385.727785563808,37.22536481438171,26.42114830053472,3.231368081946834,0.764570562377999,0.8306718334071067,299.1713659667969,267.8731822570801,-0.10461624095800125,0.7286345776031434,1385.727785563808,26.42114830053472,0.3186467538264185
0.791,1385.9293731916184,37.22807238082061,26.424243680225587,3.230942053391416,0.7645363134711491,0.8306260791543704,299.1713659667969,267.84388919006346,-0.10471415496431652,0.7286345776031434,1385.9293731916184,26.424243680225587,0.3186757192098744
0.792,1386.131361990242,37.23078513797744,26.427347582464787,3.230516024835999,0.7645019964070322,0.8305719871802116,299.1713659667969,267.8145961230469,-0.10481206897063161,0.7288801571709234,1386.131361990242,26.427347582464787,0.3187047586825618
0.793,1386.333751959679,37.233503084717654,26.430452620793385,3.2300899962805802,0.764467611185648,0.830518274075569,299.1713659667969,267.7853030560303,-0.1049099829769469,0.7288801571709234,1386.333751959679,26.430452620793385,0.31873382521273
0.794,1386.5365430999295,37.23622621990485,26.433560564101196,3.2296639677251635,0.7644331578069965,0.830465336239822,299.1713659667969,267.7560099890137,-0.10500789698326199,0.7288801571709234,1386.5365430999295,26.433560564101196,0.31876293005804035
0.795,1386.739735410993,37.2389545424008,26.436669504017807,3.2292379391697454,0.7643986362710778,0.8304154286119778,299.1713659667969,267.7267169219971,-0.10510581098957728,0.7288801571709234,1386.739735410993,26.436669504017807,0.31879206106411023
0.796,1386.9433288928703,37.24168805106544,26.439781430057845,3.228811910614328,0.7643640465778919,0.830363394980478,299.1713659667969,267.69742385498046,-0.10520372499589255,0.7290591992139523,1386.9433288928703,26.439781430057845,0.3188212308932405
0.797,1387.1473235455608,37.24442674475687,26.442893780697922,3.228385882058909,0.7643293887274388,0.8303124792518795,299.1713659667969,267.6681307879639,-0.10530163900220764,0.7288801571709234,1387.1473235455608,26.442893780697922,0.3188504232326012
0.798,1387.3517193690648,37.24717062233137,26.44600834490175,3.227959853503491,0.7642946627197185,0.8302639732648773,299.1713659667969,267.6388377209473,-0.10539955300852273,0.7288801571709234,1387.3517193690648,26.44600834490175,0.3188796494676304
0.799,1387.5565163633821,37.24991968264337,26.449132558479594,3.2275338249480727,0.7642598685547308,0.8302184230907483,299.1713659667969,267.6095446539307,-0.10549746701483802,0.7288801571709234,1387.5565163633821,26.449132558479594,0.3189089569355743
0.8,1387.7617145285124,37.252673924545505,26.45225688151503,3.227107796392655,0.764225006232476,0.8301726277390336,299.1713659667969,267.5802515869141,-0.10559538102115329,0.7288801571709234,1387.7617145285124,26.45225688151503,0.318938284894201
0.801,1387.9673138644569,37.25543334688857,26.45538287787576,3.226681767837239,0.764190075752954,0.8301235245608941,299.1713659667969,267.5509585198975,-0.10569329502746838,0.7290591992139523,1387.9673138644569,26.45538287787576,0.31896764329580746
0.802,1388.173314371214,37.258197948521534,26.458508874236504,3.2262557392818194,0.7641550771161647,0.8300715116124951,299.1713659667969,267.5216654528809,-0.10579120903378367,0.7288801571709234,1388.173314371214,26.458508874236504,0.3189970214824254
0.803,1388.3797160487848,37.260967728291554,26.461634870597234,3.225829710726402,0.7641200103221082,0.8300143145811237,299.1713659667969,267.49237238586426,-0.10588912304009895,0.728701203044439,1388.3797160487848,26.461634870597234,0.31902641944965093
0.804,1388.586518897169,37.26374268504399,26.464760866957967,3.225403682170985,0.7640848753707845,0.8299603693394035,299.1713659667969,267.4630793188477,-0.10598703704641405,0.728701203044439,1388.586518897169,26.464760866957967,0.31905583719307334
0.805,1388.7937229163665,37.26652281762234,26.46789045495534,3.2249776536155674,0.7640496722621936,0.8299054446700134,299.1713659667969,267.43378625183107,-0.10608495105272932,0.7288801571709234,1388.7937229163665,26.46789045495534,0.3190852975751715
0.806,1389.0013281063775,37.269308124868346,26.47102260610417,3.224551625060149,0.7640144009963354,0.8298582845810256,299.1713659667969,267.4044931848145,-0.10618286505904441,0.7288801571709234,1389.0013281063775,26.47102260610417,0.31911479404345744
0.807,1389.2093344672019,37.2720986056219,26.474155593690337,3.22412559650473,0.76397906157321,0.8298121341694111,299.1713659667969,267.3752001177979,-0.1062807790653597,0.728701203044439,1389.2093344672019,26.474155593690337,0.3191443156000172
0.808,1389.4177419988396,37.274894258721105,26.477288581276497,3.2236995679493123,0.7639436539928174,0.8297587080895583,299.1713659667969,267.3459070507813,-0.10637869307167479,0.7288801571709234,1389.4177419988396,26.477288581276497,0.3191738569150612
0.809,1389.6265507012906,37.27769508300226,26.48042156886266,3.2232735393938956,0.7639081782551576,0.829706374366038,299.1713659667969,267.3166139837647,-0.10647660707799007,0.7288801571709234,1389.6265507012906,26.48042156886266,0.31920341798414426
0.81,1389.8357605745553,37.28050107729985,26.483554556448826,3.2228475108384775,0.7638726343602303,0.829652799148735,299.1713659667969,267.2989048461915,-0.1065358010369974,0.728701203044439,1389.8357605745553,26.483554556448826,0.31923299880281397
0.811,1390.045371618633,37.28331224044657,26.48668762441288,3.222421482283059,0.7638370223080361,0.8296020457317067,299.1713659667969,267.2961116760254,-0.10654513739229006,0.728701203044439,1390.045371618633,26.48668762441288,0.31926259987835365
0.812,1390.2553838335245,37.286128571273316,26.489822361081668,3.221995453727642,0.7638013420985745,0.8295504482090023,299.1713659667969,267.2933185058594,-0.10655447374758253,0.728767795778105,1390.2553838335245,26.489822361081668,0.3192922313187083
0.8130000000000001,1390.465797219229,37.28895006860918,26.492965848699882,3.2215694251722233,0.7637655937318457,0.8294983855035827,299.1713659667969,267.2905253356934,-0.10656381010287501,0.728767795778105,1390.465797219229,26.492965848699882,0.319321938209979
0.8140000000000001,1390.6766117757472,37.29177673128149,26.496114930795695,3.2211433966168066,0.7637297772078497,0.8294481610822477,299.1713659667969,267.28773216552736,-0.10657314645816768,0.728767795778105,1390.6766117757472,26.496114930795695,0.3193517004513562
0.8150000000000001,1390.8878275030784,37.29460855811572,26.499266510583062,3.2207173680613885,0.7636938925265865,0.8293966516096953,299.1713659667969,267.2849389953613,-0.10658248281346035,0.728767795778105,1390.8878275030784,26.499266510583062,0.3193814983220249
0.8160000000000001,1391.099444401223,37.297445547935624,26.50242132127716,3.2202913395059705,0.7636579396880561,0.8293463557327891,299.1713659667969,267.28214582519536,-0.10659181916875263,0.7285889570552148,1391.099444401223,26.50242132127716,0.3194113364856579
0.8170000000000001,1391.3114624701814,37.30028769956314,26.50557744134006,3.219865310950553,0.7636219186922584,0.829291447497646,299.1713659667969,267.2793526550293,-0.1066011555240453,0.7288343558282209,1391.3114624701814,26.50557744134006,0.3194412027038866
0.8180000000000001,1391.5238817099528,37.30313501181841,26.508741808384293,3.2194392823951348,0.7635858295391935,0.829241559350397,299.1713659667969,267.2765594848633,-0.10661049187933776,0.7288343558282209,1391.5238817099528,26.508741808384293,0.3194711411419474
0.8190000000000001,1391.736702120538,37.30598748351983,26.51191305433315,3.2190132538397163,0.7635496722288613,0.8291897553173511,299.1713659667969,267.27376631469724,-0.10661982823463043,0.7288343558282209,1391.736702120538,26.51191305433315,0.3195011430851837
0.8200000000000001,1391.949923701936,37.30884511348396,26.51508749991802,3.2185872252842977,0.763513446761262,0.8291375953692902,299.1713659667969,267.27097314453124,-0.1066291645899229,0.7288343558282209,1391.949923701936,26.51508749991802,0.3195311851042508
0.8210000000000001,1392.163546454148,37.31170790052565,26.5182619455029,3.218161196728881,0.7634771531363954,0.8290868415514263,299.1713659667969,267.26817997436524,-0.10663850094521538,0.7285889570552148,1392.163546454148,26.5182619455029,0.3195612468234778
0.8220000000000001,1392.377570377173,37.31457584345792,26.52144054703161,3.2177351681734625,0.7634407913542616,0.8290325313358134,299.1713659667969,267.26538680419924,-0.10664783730050785,0.7285889570552148,1392.377570377173,26.52144054703161,0.3195913546980055
0.8230000000000001,1392.5919954710116,37.317448941092046,26.524625516295515,3.2173091396180458,0.7634043614148605,0.828980102587607,299.1713659667969,267.26259363403324,-0.10665717365580032,0.7284102060843964,1392.5919954710116,26.524625516295515,0.31962152280511935
0.8240000000000001,1392.8068217356633,37.32032719223752,26.527812141582388,3.2168831110626277,0.7633678633181922,0.8289358484475824,299.1713659667969,267.2598004638672,-0.106666510011093,0.7282315428010793,1392.8068217356633,26.527812141582388,0.3196517211421825
0.8250000000000001,1393.0220491711284,37.323210595702086,26.531000010673647,3.2164570825072096,0.7633312970642567,0.8288773999817132,299.1713659667969,267.2570072937012,-0.10667584636638547,0.7282315428010793,1393.0220491711284,26.531000010673647,0.3196819470801656
0.8260000000000001,1393.2376777774073,37.326099150291704,26.53418970229395,3.2160310539517925,0.763294662653054,0.828826352351582,299.1713659667969,267.2542141235351,-0.10668518272167812,0.7282315428010793,1393.2376777774073,26.53418970229395,0.3197122042990775
0.8270000000000001,1393.453707554499,37.32899285481058,26.537379393914257,3.2156050253963744,0.7632579600845841,0.8287791069648445,299.1713659667969,267.2514209533691,-0.1066945190769706,0.7280529671407553,1393.453707554499,26.537379393914257,0.3197424811908426
0.8280000000000001,1393.6701385024046,37.33189170806115,26.540569085534564,3.2151789968409563,0.7632211893588469,0.8287203958449709,299.1713659667969,267.2486277832031,-0.10670385543226307,0.7282315428010793,1393.6701385024046,26.540569085534564,0.31977277775088603
0.8290000000000001,1393.8869706211233,37.33479570884409,26.543759792724188,3.2147529682855374,0.7631843504758424,0.8286689413937427,299.1713659667969,267.2458346130371,-0.10671319178755555,0.7280529671407553,1393.8869706211233,26.543759792724188,0.31980310044045845
0.8300000000000001,1394.1042039106555,37.33770485595835,26.546953669177853,3.2143269397301206,0.7631474434355708,0.8286162978779877,299.1713659667969,267.2430414428711,-0.10672252814284802,0.7280529671407553,1394.1042039106555,26.546953669177853,0.3198334629669141
0.8310000000000001,1394.321838371001,37.34061914820108,26.550152146933424,3.2139009111747017,0.763110468238032,0.8285663982668496,299.1713659667969,267.24024827270506,-0.10673186449814069,0.7280529671407553,1394.321838371001,26.550152146933424,0.31986387444302294
0.8320000000000001,1394.53987400216,37.343538584367714,26.553369690279816,3.213474882619285,0.7630734248832258,0.8285130495482078,299.1713659667969,267.23745510253906,-0.10674120085343317,0.7280529671407553,1394.53987400216,26.553369690279816,0.3198944269540674
0.833,1394.758310804132,37.34646316325191,26.55658864328174,3.213048854063867,0.7630363133711526,0.8284559793678444,299.1713659667969,267.2328978210449,-0.10675643386705876,0.7280529671407553,1394.758310804132,26.55658864328174,0.31992500808527924
0.834,1394.9771487769178,37.34939288364561,26.559807652719595,3.2126228255084492,0.762999133701812,0.8284026668847129,299.1713659667969,267.227542980957,-0.1067743327728266,0.7276960784313725,1394.9771487769178,26.559807652719595,0.31995560921649163
0.835,1395.196387920517,37.352327744339,26.56302666215745,3.212196796953031,0.7629618858752042,0.8283497630665209,299.1713659667969,267.22218814086915,-0.10679223167859443,0.7275177652536143,1395.196387920517,26.56302666215745,0.319986229983772
0.836,1395.4160282349294,37.355267744120496,26.566245671595304,3.2117707683976136,0.7629245698913292,0.8282905707572428,299.1713659667969,267.2168333007813,-0.10681013058436227,0.7275177652536143,1395.4160282349294,26.566245671595304,0.32001687038249205
0.837,1395.6360697201553,37.358212881776815,26.569464977281623,3.2113447398421946,0.762887185750187,0.8282333729242006,299.1713659667969,267.21147846069334,-0.1068280294901303,0.7277628032345014,1395.6360697201553,26.569464977281623,0.3200475322941441
0.838,1395.8565123761946,37.361163156092914,26.572689478206534,3.210918711286777,0.7628497334517775,0.8281822167211506,299.1713659667969,267.20612362060547,-0.10684592839589814,0.7277628032345014,1395.8565123761946,26.572689478206534,0.32007824690451947
0.839,1396.077356203047,37.36411856585201,26.575918628116426,3.21049268273136,0.7628122129961008,0.828129349085024,299.1713659667969,267.2007687805176,-0.10686382730166598,0.7277628032345014,1396.077356203047,26.575918628116426,0.32010901073113346
0.84,1396.2986012007127,37.36707910983561,26.57914777802633,3.210066654175941,0.762774624383157,0.8280758044915372,299.1713659667969,267.19541394042966,-0.10688172620743401,0.7275845173934345,1396.2986012007127,26.57914777802633,0.32013979417060817
0.841,1396.5202473691922,37.37004478682347,26.582377966698747,3.209640625620523,0.7627369676129458,0.8280269933352679,299.1713659667969,267.1900591003418,-0.10689962511320185,0.7275845173934345,1396.5202473691922,26.582377966698747,0.32017060383177826
0.842,1396.7422947084851,37.373015595593635,26.58561133536507,3.209214597065106,0.7626992426854675,0.8279712396583307,299.1713659667969,267.1847042602539,-0.10691752401896969,0.7275845173934345,1396.7422947084851,26.58561133536507,0.32020145334256794
0.843,1396.9647432185911,37.375991534922406,26.588845472452515,3.2087885685096884,0.7626614496007218,0.8279110388207407,299.1713659667969,267.16966455871585,-0.10696779521216845,0.7273395394414502,1396.9647432185911,26.588845472452515,0.3202323273445263
0.844,1397.1875928995107,37.378972603584366,26.592082142893087,3.2083625399542703,0.762623588358709,0.8278581616714565,299.1713659667969,267.1428792749023,-0.10705732678791591,0.7271614009306883,1397.1875928995107,26.592082142893087,0.3202632370697763
0.845,1397.4108437512436,37.38195880035239,26.59532462734088,3.2079365113988527,0.762585658959429,0.8278035218890681,299.1713659667969,267.1160939910889,-0.10714685836366297,0.7268053855569155,1397.4108437512436,26.59532462734088,0.32029420340059256
0.846,1397.63449577379,37.384950123997626,26.59857510340999,3.2075104828434347,0.7625476614028817,0.8277483524963724,299.1713659667969,267.0893087072754,-0.10723638993941043,0.7266275085658346,1397.63449577379,26.59857510340999,0.32032524019651076
0.847,1397.8585489671495,37.38794657328949,26.601825579479087,3.207084454288016,0.7625095956890672,0.8276858169001073,299.1713659667969,267.0625234234619,-0.10732592151515769,0.7266275085658346,1397.8585489671495,26.601825579479087,0.32035629657252185
0.848,1398.0830033313227,37.39094814699572,26.605076055548192,3.206658425732599,0.7624714618179854,0.827630793999349,299.1713659667969,267.03573813964846,-0.10741545309090494,0.7266275085658346,1398.0830033313227,26.605076055548192,0.3203873725239187
0.849,1398.307858866309,37.393954843882305,26.60833243604376,3.2062323971771804,0.7624332597896365,0.8275772070509331,299.1713659667969,267.008952855835,-0.1075049846666522,0.7266275085658346,1398.307858866309,26.60833243604376,0.3204185056377381
0.85,1398.5331155721087,37.39696666271355,26.61159327811083,3.2058063686217624,0.7623949896040203,0.8275239688292196,299.1713659667969,266.9821675720215,-0.10759451624239946,0.7266275085658346,1398.5331155721087,26.61159327811083,0.3204496867230256
0.851,1398.7587734487222,37.39998360225205,26.614855460491057,3.2053803400663448,0.7623566512611368,0.8274647309583305,299.1713659667969,266.955382288208,-0.1076840478181469,0.7266275085658346,1398.7587734487222,26.614855460491057,0.3204808959029182
0.852,1398.9848324961488,37.40300566125868,26.618122113144178,3.2049543115109267,0.7623182447609862,0.8274121917933628,299.1713659667969,266.92859700439453,-0.10777357939389416,0.7264497186200147,1398.9848324961488,26.618122113144178,0.3205121531002175
0.853,1399.2112927143887,37.40603283849263,26.62139054120811,3.204528282955509,0.7622797701035684,0.8273547517489162,299.1713659667969,266.90181172058107,-0.10786311096964142,0.7264497186200147,1399.2112927143887,26.62139054120811,0.3205434411527877
0.854,1399.4381541034418,37.409065132711376,26.62466104219787,3.204102254400092,0.7622412272888833,0.8272959114531897,299.1713659667969,266.8750264367676,-0.10795264254538868,0.7262720156555773,1399.4381541034418,26.62466104219787,0.3205747619500729
0.855,1399.6654166633084,37.41210254267071,26.62793884356169,3.2036762258446734,0.762202616316931,0.827236427362543,299.1713659667969,266.84824115295413,-0.10804217412113594,0.7262720156555773,1399.6654166633084,26.62793884356169,0.32060614876894944
0.856,1399.8930803939888,37.41514506712474,26.63122065410582,3.203250197289256,0.7621639371877114,0.8271817472561245,299.1713659667969,266.82145586914066,-0.1081317056968832,0.726027397260274,1399.8930803939888,26.63122065410582,0.32063758065059306
0.857,1400.1211452954824,37.41819270482585,26.634508581169932,3.202824168733838,0.7621251899012246,0.8271269481283471,299.1713659667969,266.79467058532714,-0.10822123727263065,0.7257827788649707,1400.1211452954824,26.634508581169932,0.32066907100705105
0.858,1400.3496113677895,37.42124545452475,26.637809536126895,3.2023981401784205,0.7620863744574706,0.8270704619917236,299.1713659667969,266.7678853015137,-0.10831076884837791,0.725293542074364,1400.3496113677895,26.637809536126895,0.32070066383623463
0.859,1400.5784786109095,37.424303314970466,26.64111127478259,3.201972111623003,0.7620474908564494,0.827016986822909,299.1713659667969,266.7411000177002,-0.10840030042412517,0.725226327379496,1400.5784786109095,26.64111127478259,0.32073228117817343
0.86,1400.807747024843,37.427366284910335,26.644415425938693,3.201546083067584,0.762008539098161,0.8269587915246089,299.1713659667969,266.71431473388674,-0.10848983199987243,0.725226327379496,1400.807747024843,26.644415425938693,0.3207639333981845
0.861,1401.03741660959,37.43043436309002,26.6477195770948,3.2011200545121667,0.7619695191826052,0.8269062439688227,299.1713659667969,266.68752945007327,-0.10857936357561969,0.7249816491313922,1401.03741660959,26.6477195770948,0.32079560513179417
0.862,1401.2674873651506,37.43350754825349,26.65102875446289,3.200694025956749,0.7619304311097823,0.8268534439936929,299.1713659667969,266.6607441662598,-0.10866889515136695,0.7247369708832885,1401.2674873651506,26.65102875446289,0.32082732837462113
0.863,1401.4979592915245,37.43658583914303,26.65434536897179,3.200267997401331,0.7618912748796922,0.8267986391206097,299.1713659667969,266.6339588824463,-0.1087584267271144,0.7249143416544298,1401.4979592915245,26.65434536897179,0.32085911847153764
0.864,1401.7288323887115,37.43966923449928,26.65766498894498,3.1998419688459134,0.7618520504923348,0.8267405760177884,299.1713659667969,266.6071735986328,-0.10884795830286166,0.7249143416544298,1401.7288323887115,26.65766498894498,0.32089094720254857
0.865,1401.9601066567122,37.44275773306117,26.66098607215394,3.199415940290496,0.7618127579477102,0.8266856677826451,299.1713659667969,266.58038831481934,-0.10893748987860892,0.724669603524229,1401.9601066567122,26.66098607215394,0.32092280474392015
0.866,1402.191782095526,37.44585133356599,26.66430876239105,3.1989899117350777,0.7617733972458184,0.8266274569052134,299.1713659667969,266.5524961511231,-0.1090307212732851,0.7244922926351848,1402.191782095526,26.66430876239105,0.3209546920063127
0.867,1402.4238587051532,37.448950034749345,26.66763382563849,3.1985638831796597,0.7617339683866593,0.8265660577571629,299.1713659667969,266.52454550354,-0.10912414815420578,0.7244922926351848,1402.4238587051532,26.66763382563849,0.32098661386168
0.868,1402.6563364855942,37.45205383534519,26.67096059519913,3.198137854624241,0.761694471370233,0.8265099653476834,299.1713659667969,266.496594855957,-0.10921757503512626,0.724247614387081,1402.6563364855942,26.67096059519913,0.32101856606052076
0.869,1402.889215436848,37.455162734085775,26.674287364759774,3.197711826068824,0.7616549061965395,0.8264570740622748,299.1713659667969,266.46864420837403,-0.10931100191604674,0.7240704500978473,1402.889215436848,26.674287364759774,0.32105053773439657
0.87,1403.1224955589157,37.45827672970175,26.677614134320425,3.1972857975134055,0.7616152728655787,0.8263964313171387,299.1713659667969,266.44069356079103,-0.10940442879696721,0.724247614387081,1403.1224955589157,26.677614134320425,0.32108252887845856
0.871,1403.3561768517966,37.46139582092206,26.680943412385318,3.1968597689579883,0.7615755713773509,0.8263394176011064,299.1713659667969,266.412742913208,-0.10949785567788789,0.7240029361389773,1403.3561768517966,26.680943412385318,0.32111455545876166
0.872,1403.5902593154908,37.464520006474004,26.684273314835444,3.1964337404025707,0.7615358017318556,0.8262846488031994,299.1713659667969,266.38479226562504,-0.10959128255880818,0.7240029361389773,1403.5902593154908,26.684273314835444,0.3211466054748112
0.873,1403.8247429499984,37.46764928508323,26.687612679406783,3.1960077118471526,0.7614959639290932,0.8262290260925128,299.1713659667969,266.356841618042,-0.10968470943972886,0.723825831702544,1403.8247429499984,26.687612679406783,0.32117873518901136
0.874,1404.0596277553193,37.47078365547376,26.690958299368646,3.195581683291735,0.7614560579690637,0.8261776729190012,299.1713659667969,266.328890970459,-0.10977813632064934,0.723825831702544,1404.0596277553193,26.690958299368646,0.32121092418017416
0.875,1404.2949137314536,37.473923116367914,26.694309460696086,3.195155654736317,0.7614160838517667,0.8261284459629242,299.1713659667969,266.300940322876,-0.10987156320156981,0.723404255319149,1404.2949137314536,26.694309460696086,0.32124316789743157
0.876,1404.5306008784014,37.47706766648641,26.697660622023527,3.194729626180899,0.7613760415772026,0.8260741544262357,299.1713659667969,266.27298967529293,-0.10996499008249049,0.723159696747371,1404.5306008784014,26.697660622023527,0.3212754310556479
0.877,1404.7666891961628,37.48021730454831,26.70101178335096,3.194303597625481,0.7613359311453712,0.8260168663518087,299.1713659667969,266.3463637421417,-0.10971973243020261,0.723159696747371,1404.7666891961628,26.70101178335096,0.32130771364992994
0.878,1405.0031786847371,37.483372029271024,26.7043629446784,3.193877569070063,0.7612957525562727,0.8259628147818471,299.1713659667969,266.4477444895935,-0.1093808606029334,0.723404255319149,1405.0031786847371,26.7043629446784,0.3213400156753781
0.879,1405.2400693441252,37.48653183937033,26.707714106005835,3.1934515405146455,0.761255505809907,0.8259020191848538,299.1713659667969,266.5491252370453,-0.10904198877566416,0.723404255319149,1405.2400693441252,26.707714106005835,0.32137233712708685
0.88,1405.4773611743267,37.489696733560365,26.711068866190725,3.1930255119592275,0.7612151909062739,0.8258452400910782,299.1713659667969,266.6505059844971,-0.10870311694839493,0.723404255319149,1405.4773611743267,26.711068866190725,0.3214047009130133
0.881,1405.7150541753413,37.49286671055364,26.71443025528671,3.19259948340381,0.7611748078453737,0.825782236506251,299.1713659667969,266.7518867319489,-0.1083642451211257,0.723404255319149,1405.7150541753413,26.71443025528671,0.3214371263197021
0.882,1405.953148347169,37.49604176906102,26.717795834956295,3.192173454848392,0.7611343566272063,0.8257205107576061,299.1713659667969,266.8532674794007,-0.10802537329385649,0.723159696747371,1405.953148347169,26.717795834956295,0.32146959781804907
0.883,1406.191643689811,37.49922190779178,26.721164155682324,3.191747426292974,0.7610938372517715,0.8256682311201275,299.1713659667969,266.95464822685244,-0.10768650146658745,0.7228061598631141,1406.191643689811,26.721164155682324,0.3215021061744732
0.884,1406.4305402032655,37.5024071254535,26.724538321877713,3.191321397737556,0.7610532497190696,0.8256124066824008,299.1713659667969,266.9598009765626,-0.10766927806122081,0.7228061598631141,1406.4305402032655,26.724538321877713,0.32153467114892376
0.885,1406.6698378875337,37.505597420752196,26.727919792578817,3.1908953691821385,0.7610125940291005,0.8255605245933628,299.1713659667969,266.9544461364747,-0.10768717696698865,0.7228061598631141,1406.6698378875337,26.727919792578817,0.3215673020257139
0.886,1406.9095367426153,37.50879279239223,26.73130126327992,3.1904693406267204,0.7609718701818641,0.8254964020367401,299.1713659667969,266.94909129638677,-0.10770507587275668,0.7228061598631141,1406.9095367426153,26.73130126327992,0.3215999522942496
0.887,1407.1496367685104,37.51199323907636,26.73468273398103,3.1900433120713028,0.7609310781773605,0.8254457017971937,299.1713659667969,266.9437364562989,-0.10772297477852452,0.7228061598631141,1407.1496367685104,26.73468273398103,0.32163262194957537
0.888,1407.3901379652189,37.51519875950571,26.73806483753777,3.1896172835158847,0.7608902180155896,0.8253883770329764,299.1713659667969,266.938381616211,-0.10774087368429236,0.7228061598631141,1407.3901379652189,26.73806483753777,0.32166531501593554
0.889,1407.6310403327404,37.518409352379805,26.741448523496906,3.189191254960467,0.7608492896965516,0.8253257238049151,299.1713659667969,266.9330267761231,-0.10775877259006039,0.7228061598631141,1407.6310403327404,26.741448523496906,0.32169803753384807
0.89,1407.8723438710756,37.521625016396555,26.744833466767204,3.1887652264050494,0.7608082932202463,0.825259956941766,299.1713659667969,266.9276719360352,-0.10777667149582823,0.7226295210166178,1407.8723438710756,26.744833466767204,0.3217307874285783
0.891,1408.114048580224,37.52484575025225,26.748218410037502,3.1883391978496305,0.7607672285866738,0.8252019439700781,299.1713659667969,266.92231709594734,-0.10779457040159607,0.7226295210166178,1408.114048580224,26.748218410037502,0.32176355669021467
0.892,1408.356154460186,37.52807155264158,26.7516033533078,3.1879131692942133,0.7607260957958341,0.8251478992944837,299.1713659667969,266.91696225585946,-0.1078124693073639,0.7228061598631141,1408.356154460186,26.7516033533078,0.32179634531377105
0.893,1408.5986615109614,37.53130242225763,26.754988296578098,3.1874871407387952,0.7606848948477271,0.8250852388781097,299.1713659667969,266.9116074157715,-0.10783036821313194,0.7228061598631141,1408.5986615109614,26.754988296578098,0.3218291532942549
0.894,1408.8415697325502,37.53453835779188,26.758375786138117,3.1870611121833767,0.7606436257423529,0.8250291839868134,299.1713659667969,266.90625257568365,-0.10784826711889978,0.7228061598631141,1408.8415697325502,26.758375786138117,0.3218619968381472
0.895,1409.084879124952,37.53777935793421,26.761778979570355,3.18663508362796,0.7606022884797115,0.8249701928701286,299.1713659667969,266.9008977355958,-0.10786616602466761,0.7228061598631141,1409.084879124952,26.761778979570355,0.3218949597109107
0.896,1409.3285896881678,37.54102542137292,26.765184358057162,3.186209055072542,0.7605608830598029,0.824904833950415,299.1713659667969,266.8955428955079,-0.10788406493043545,0.7228061598631141,1409.3285896881678,26.765184358057162,0.321927955837189
0.897,1409.5727014221961,37.54427654679467,26.768592319291102,3.1857830265171243,0.7605194094826271,0.8248502565379978,299.1713659667969,266.89018805541997,-0.10790196383620348,0.7225617208506477,1409.5727014221961,26.768592319291102,0.3219609877439571
0.898,1409.8172143270385,37.54753273288458,26.772000280525035,3.1853569979617067,0.7604778677481838,0.8247944281453627,299.1713659667969,266.8848332153321,-0.10791986274197132,0.7225617208506477,1409.8172143270385,26.772000280525035,0.3219940389825986
0.899,1410.0621284026943,37.55079397832613,26.775408241758967,3.1849309694062886,0.7604362578564735,0.8247288840664677,299.1713659667969,266.8794783752442,-0.10793776164773916,0.7225617208506477,1410.0621284026943,26.775408241758967,0.3220271095480847
0.9,1410.307443649163,37.55406028180126,26.778816202992907,3.184504940850871,0.760394579807496,0.8246729361180271,299.1713659667969,266.8741235351563,-0.1079556605535072,0.7225617208506477,1410.307443649163,26.778816202992907,0.3220601994353804
0.901,1410.5531600664456,37.557331641990295,26.78222416422684,3.1840789122954525,0.7603528336012512,0.8246190274324852,299.1713659667969,266.88469623138434,-0.10792032061984112,0.7226295210166178,1410.5531600664456,26.78222416422684,0.3220933086394442
0.902,1410.7992776545414,37.56060805757198,26.78563212546078,3.183652883740035,0.7603110192377391,0.8245644142388378,299.1713659667969,266.90068491271984,-0.1078668773991511,0.7224529684827755,1410.7992776545414,26.78563212546078,0.32212643715522915
0.903,1411.0457964134503,37.56388952722349,26.789040086694712,3.1832268551846172,0.76026913671696,0.8245013420577313,299.1713659667969,266.9166735940552,-0.10781343417846145,0.722276502198339,1411.0457964134503,26.789040086694712,0.3221595849776818
0.904,1411.2927163431727,37.5671760496204,26.792448047928644,3.182800826629199,0.7602271860389135,0.8244379583207153,299.1713659667969,266.9326622753907,-0.10775999095777143,0.722697288052773,1411.2927163431727,26.792448047928644,0.32219275210174314
0.905,1411.5400374437088,37.57046762343675,26.795856009162588,3.182374798073781,0.7601851672035997,0.8243778609253524,299.1713659667969,266.94865095672617,-0.10770654773708159,0.722697288052773,1411.5400374437088,26.795856009162588,0.3222259385223477
0.906,1411.787759715058,37.573764247344954,26.79926690541129,3.1819487695183635,0.7601430802110188,0.8243204887289592,299.1713659667969,266.9646396380616,-0.10765310451639175,0.7224529684827755,1411.787759715058,26.79926690541129,0.322259162920802
0.907,1412.0358831572207,37.577065920015905,26.802678363094564,3.1815227409629454,0.7601009250611707,0.8242610567469001,299.1713659667969,266.98062831939706,-0.10759966129570192,0.722276502198339,1412.0358831572207,26.802678363094564,0.3222924101801402
0.908,1412.2844077701968,37.580372640118895,26.806089820777828,3.181096712407527,0.7600587017540553,0.824201541872103,299.1713659667969,266.9966170007325,-0.10754621807501208,0.722276502198339,1412.2844077701968,26.806089820777828,0.32232567672078966
0.909,1412.5333335539863,37.583684406321666,26.80950154356938,3.1806706838521097,0.7600164102896727,0.8241423994534575,299.1713659667969,267.01260568206794,-0.10749277485432225,0.722276502198339,1412.5333335539863,26.80950154356938,0.32235896422552784
0.91,1412.782660508589,37.587001217290386,26.81291919436785,3.180244655296692,0.7599740506680228,0.8240833125371384,299.1713659667969,267.02859436340344,-0.10743933163363222,0.722276502198339,1412.782660508589,26.81291919436785,0.3223923087432736
0.911,1413.0323886340052,37.590323071689674,26.81633787157972,3.1798186267412745,0.7599316228891058,0.8240194909810962,299.1713659667969,267.0445830447389,-0.10738588841294239,0.7218559218559218,1413.0323886340052,26.81633787157972,0.32242567906191794
0.912,1413.2825179302347,37.59364996818259,26.819756654332803,3.1793925981858564,0.7598891269529215,0.8239611516760377,299.1713659667969,267.0605717260743,-0.10733244519225274,0.7218559218559218,1413.2825179302347,26.819756654332803,0.32245906931343077
0.913,1413.5330483972775,37.596981905430624,26.823182830907477,3.1789665696304383,0.75984656285947,0.8239067008474049,299.1713659667969,267.0765604074097,-0.1072790019715629,0.7218559218559218,1413.5330483972775,26.823182830907477,0.3224925258950416
0.914,1413.783980035134,37.600318882093724,26.826616430177584,3.1785405410750203,0.7598039306087513,0.8238488023008311,299.1713659667969,267.09254908874516,-0.10722555875087306,0.7218559218559218,1413.783980035134,26.826616430177584,0.32252604898546267
0.915,1414.0353128438035,37.60366089683029,26.830050029447694,3.178114512519603,0.7597612302007654,0.8237863033943565,299.1713659667969,267.10427735137944,-0.10718635626036607,0.7216796875,1414.0353128438035,26.830050029447694,0.32255959132144524
0.916,1414.2870468232868,37.60700794829717,26.83348398132687,3.1776884839641846,0.7597184616355122,0.8237252884335703,299.1713659667969,267.11238777465826,-0.10715924663624608,0.7216796875,1414.2870468232868,26.83348398132687,0.32259315514281667
0.917,1414.5391819735833,37.61036003514967,26.836924581165217,3.1772624554087674,0.7596756249129917,0.8236632238454936,299.1713659667969,267.1204981979371,-0.1071321370121261,0.7216796875,1414.5391819735833,26.836924581165217,0.3226267805250874
0.918,1414.7917182946933,37.61371715604154,26.84036585922385,3.1768364268533493,0.759632720033204,0.8236051284887924,299.1713659667969,267.1286086212159,-0.10710502738800612,0.7216796875,1414.7917182946933,26.84036585922385,0.32266042945553874
0.919,1415.0446557866164,37.61707930962499,26.843807427967683,3.1764103982979317,0.7595897469961491,0.8235465579284938,299.1713659667969,267.13671904449467,-0.10707791776388632,0.7216796875,1415.0446557866164,26.843807427967683,0.32269409946169986
0.92,1415.2979944493532,37.62044649455071,26.84724985408073,3.1759843697425136,0.759546705801827,0.8234920253294621,299.1713659667969,267.1448294677735,-0.10705080813976633,0.7216796875,1415.2979944493532,26.84724985408073,0.32272779414632724
0.921,1415.5517342829032,37.623818709467855,26.850692774562983,3.175558341187096,0.7595035964502377,0.8234334030881335,299.1713659667969,267.1529398910523,-0.10702369851564635,0.7216796875,1415.5517342829032,26.850692774562983,0.32276151119314606
0.922,1415.8058752872664,37.62719595302401,26.854136448394588,3.175132312631678,0.7594604189413812,0.8233737990141232,299.1713659667969,267.16105031433113,-0.10699658889152637,0.7216796875,1415.8058752872664,26.854136448394588,0.3227952522458406
0.923,1416.0604174624434,37.63057822386528,26.857580122226196,3.174706284076259,0.7594171732752573,0.8233064697217359,299.1713659667969,267.1691607376099,-0.10696947926740658,0.721923828125,1416.0604174624434,26.857580122226196,0.32282901250288487
0.924,1416.3153608084338,37.633965520636195,26.86102460417613,3.1742802555208423,0.7593738594518663,0.8232475494994528,299.1713659667969,267.1772711608887,-0.10694236964328659,0.721923828125,1416.3153608084338,26.86102460417613,0.322862797104153
0.925,1416.570705325237,37.637357841979785,26.864471766350693,3.173854226965424,0.7593304774712081,0.8231978373990632,299.1713659667969,267.18538158416754,-0.10691526001916661,0.721923828125,1416.570705325237,26.864471766350693,0.3228966179636131
0.926,1416.8264510128542,37.64075518653756,26.867919438316424,3.1734281984100066,0.7592870273332826,0.8231399493009293,299.1713659667969,267.19349200744637,-0.10688815039504662,0.721923828125,1416.8264510128542,26.867919438316424,0.32293046125756253
0.927,1417.0825978712844,37.644157552949494,26.87136711028215,3.1730021698545885,0.7592435090380899,0.8230787980828668,299.1713659667969,267.2016024307252,-0.10686104077092663,0.721923828125,1417.0825978712844,26.87136711028215,0.322964323735115
0.928,1417.3391459005277,37.64756493985405,26.874814782247885,3.1725761412991704,0.7591999225856301,0.8230151974405141,299.1713659667969,267.20971285400395,-0.10683393114680684,0.721923828125,1417.3391459005277,26.874814782247885,0.32299820539106977
0.929,1417.5960951005852,37.65097734588819,26.87826245421362,3.172150112743753,0.7591562679759027,0.8229587739410852,299.1713659667969,267.2178232772828,-0.10680682152268686,0.721923828125,1417.5960951005852,26.87826245421362,0.3230321062202197
0.93,1417.8534454714554,37.654394769687315,26.881710126179343,3.1717240841883347,0.7591125452089085,0.8229021603655619,299.1713659667969,267.2259337005616,-0.10677971189856687,0.721923828125,1417.8534454714554,26.881710126179343,0.32306602621735214
0.931,1418.1111970131394,37.65781720988538,26.885157798145077,3.1712980556329176,0.7590687542846468,0.8228417788314231,299.1713659667969,267.2340441238404,-0.1067526022744469,0.721923828125,1418.1111970131394,26.885157798145077,0.3230999653772488
0.932,1418.3693497256368,37.661244665114786,26.888605470110804,3.170872027077499,0.759024895203118,0.8227790779039623,299.1713659667969,267.2421545471192,-0.1067254926503271,0.72216796875,1418.3693497256368,26.888605470110804,0.3231339236946852
0.933,1418.6279036089472,37.66467713400644,26.892064164175764,3.170445998522081,0.7589809679643219,0.8227187426529383,299.1713659667969,267.250264970398,-0.10669838302620711,0.72216796875,1418.6279036089472,26.892064164175764,0.3231679713389035
0.934,1418.8868586630713,37.668114615189744,26.895528281011757,3.170019969966664,0.7589369725682586,0.8226627262151076,299.1713659667969,267.25837539367683,-0.10667127340208712,0.7215714982918496,1418.8868586630713,26.895528281011757,0.3232020726553882
0.935,1419.1462148880084,37.671557107292614,26.898992397847753,3.1695939414112457,0.7588929090149281,0.8226016294571998,299.1713659667969,267.26648581695565,-0.10664416377796715,0.72139546230788,1419.1462148880084,26.898992397847753,0.3232361931137056
0.936,1419.4059722837594,37.67500460894145,26.902457252729132,3.169167912855828,0.7588487773043303,0.8225431535474744,299.1713659667969,267.2745962402344,-0.10661705415384735,0.72139546230788,1419.4059722837594,26.902457252729132,0.32327033740752714
0.937,1419.6661308503235,37.67845711876116,26.905922498111746,3.16874188430041,0.7588045774364653,0.8224793053225242,299.1713659667969,267.28270666351324,-0.10658994452972737,0.72139546230788,1419.6661308503235,26.905922498111746,0.32330450331888816
0.9380000000000001,1419.926690587701,37.681914635375165,26.90938774349435,3.168315855744992,0.7587603094113332,0.8224205214644069,299.1713659667969,267.29081708679206,-0.10656283490560739,0.7209756097560975,1419.926690587701,26.90938774349435,0.32333868835632334
0.9390000000000001,1420.1876514958922,37.68537715740539,26.912852988876963,3.1678898271895743,0.7587159732289337,0.8223636406119119,299.1713659667969,267.2989275100709,-0.1065357252814874,0.7207317073170731,1420.1876514958922,26.912852988876963,0.32337289251456847
0.9400000000000001,1420.4490135748963,37.688844683472276,26.916318234259577,3.1674637986341567,0.7586715688892671,0.822305817368928,299.1713659667969,267.3070379333497,-0.10650861565736741,0.7207317073170731,1420.4490135748963,26.916318234259577,0.32340711578835346
0.9410000000000001,1420.7107768247138,37.692317212194766,26.919787367942146,3.1670377700787373,0.7586270963923333,0.8222423164543956,299.1713659667969,267.31514835662847,-0.10648150603324762,0.7207317073170731,1420.7107768247138,26.919787367942146,0.3234413829280678
0.9420000000000001,1420.972941245345,37.695794742190344,26.923265688058418,3.166611741523321,0.7585825557381322,0.8221817111739981,299.1713659667969,267.3232587799073,-0.10645439640912764,0.7207317073170731,1420.972941245345,26.923265688058418,0.3234757276600932
0.9430000000000001,1421.2355068367895,37.69927727207499,26.92674518425126,3.1661857129679025,0.7585379469266638,0.8221234405721082,299.1713659667969,267.3313692031861,-0.10642728678500765,0.7205559619604974,1421.2355068367895,26.92674518425126,0.32351009897954913
0.9440000000000001,1421.4984735990474,37.70276480046321,26.93022964781007,3.165759684412484,0.7584932699579282,0.8220622086792628,299.1713659667969,267.3394796264649,-0.10640017716088786,0.7205559619604974,1421.4984735990474,26.93022964781007,0.32354452101917025
0.9450000000000001,1421.7618415321185,37.70625732596804,26.93372047025207,3.165333655857066,0.7584485248319255,0.8220015178873367,299.1713659667969,267.3475900497437,-0.10637306753676788,0.720312118995367,1421.7618415321185,26.93372047025207,0.32357900263304
0.9460000000000001,1422.0256106360032,37.709754847201054,26.937211292694066,3.164907627301649,0.7584037115486554,0.821931148713555,299.1713659667969,267.3557004730225,-0.10634595791264789,0.720312118995367,1422.0256106360032,26.937211292694066,0.3236135033307112
0.9470000000000001,1422.2897809107012,37.713257362772325,26.94070781008116,3.1644815987462303,0.7583588301081181,0.8218662286015946,299.1713659667969,267.36381089630135,-0.1063188482885279,0.720312118995367,1422.2897809107012,26.94070781008116,0.3236480593649187
0.9480000000000001,1422.5543523562123,37.71676487129049,26.944204388498395,3.1640555701908135,0.7583138805103137,0.8218020677518406,299.1713659667969,267.3719213195801,-0.10629173866440811,0.720312118995367,1422.5543523562123,26.944204388498395,0.323682634860864
0.9490000000000001,1422.819324972537,37.7202773713627,26.947700966915633,3.163629541635396,0.758268862755242,0.8217399855002887,299.1713659667969,267.38003174285893,-0.10626462904028813,0.7204878048780488,1422.819324972537,26.947700966915633,0.3237172294246654
0.9500000000000001,1423.0846987596751,37.723794861594655,26.951197545332874,3.163203513079978,0.7582237768429031,0.8216769962119205,299.1713659667969,267.38814216613775,-0.10623751941616814,0.7204878048780488,1423.0846987596751,26.951197545332874,0.3237518430509965
0.9510000000000001,1423.3504737176268,37.72731734059058,26.95469668136717,3.16277748452456,0.758178622773297,0.8216186189076763,299.1713659667969,267.3962525894166,-0.10621040979204815,0.7204878048780488,1423.3504737176268,26.95469668136717,0.323786492018123
0.9520000000000001,1423.6166498463915,37.73084480695326,26.958199664735172,3.162351455969142,0.7581334005464235,0.8215573784636783,299.1713659667969,267.4043630126954,-0.10618330016792818,0.7202439024390244,1423.6166498463915,26.958199664735172,0.32382118453195485
0.9530000000000001,1423.8832271459698,37.734377259284,26.96170264810318,3.161925427413724,0.758088110162283,0.8214964544657805,299.1713659667969,267.41247343597416,-0.10615619054380838,0.72,1423.8832271459698,26.96170264810318,0.32385589609230425
0.9540000000000001,1424.1502056163615,37.73791469618269,26.965205631471186,3.161499398858306,0.7580427516208751,0.8214351027499057,299.1713659667969,267.420583859253,-0.1061290809196884,0.719824433065106,1424.1502056163615,26.965205631471186,0.32389062669382257
0.9550000000000001,1424.4175852575668,37.74145711624774,26.9687093322006,3.1610733703028884,0.7579973249222,0.8213783526231603,299.1713659667969,267.42869428253175,-0.1061019712955686,0.719648951730863,1424.4175852575668,26.9687093322006,0.3239253808983854
0.9560000000000001,1424.6853660695851,37.7450045180761,26.972217613062178,3.1606473417474703,0.7579518300662577,0.8213122288562689,299.1713659667969,267.4368047058106,-0.10607486167144863,0.7194051682106289,1424.6853660695851,26.972217613062178,0.3239601832937612
0.9570000000000001,1424.953548052417,37.74855690026332,26.97572589392374,3.1602213131920527,0.7579062670530481,0.8212593937679677,299.1713659667969,267.4449151290894,-0.10604775204732864,0.719229831830368,1424.953548052417,26.97572589392374,0.32399500471422704
0.9580000000000001,1425.2221312060622,37.752114261403456,26.97923417478531,3.1597952846366346,0.7578606358825714,0.8211938872339782,299.1713659667969,267.4530255523682,-0.10602064242320865,0.719229831830368,1425.2221312060622,26.97923417478531,0.3240298451544123
0.9590000000000001,1425.4911155305208,37.75567660008917,26.982742455646882,3.1593692560812174,0.7578149365548275,0.8211283028043307,299.1713659667969,267.46113597564704,-0.10599353279908867,0.719229831830368,1425.4911155305208,26.982742455646882,0.32406470460894105
0.96,1425.7605010257928,37.75924391491166,26.986250736508445,3.1589432275257994,0.7577691690698162,0.8210685852939333,299.1713659667969,267.4692463989258,-0.10596642317496888,0.7190545808966862,1425.7605010257928,26.986250736508445,0.32409958307243136
0.961,1426.0302876918777,37.76281620446068,26.989759017370023,3.1585171989703817,0.7577233334275378,0.8210043374896437,299.1713659667969,267.4773568222046,-0.10593931355084889,0.7188794153471376,1426.0302876918777,26.989759017370023,0.3241344805394964
0.962,1426.3004755287768,37.76639346732458,26.993267298231586,3.1580911704149637,0.7576774296279921,0.8209378762194383,299.1713659667969,267.4854672454834,-0.10591220392672909,0.7187043351193375,1426.3004755287768,26.993267298231586,0.32416939700474334
0.963,1426.5710645364888,37.769975702090264,26.996777982928595,3.1576651418595456,0.7576314576711792,0.8208741628889243,299.1713659667969,267.4935776687622,-0.10588509430260912,0.7187043351193375,1426.5710645364888,26.996777982928595,0.3242043477672891
0.964,1426.8420547150145,37.773562907343205,27.000291743928525,3.1572391133041275,0.7575854175570991,0.8208090896846056,299.1713659667969,267.5016880920411,-0.10585798467848893,0.7187043351193375,1426.8420547150145,27.000291743928525,0.3242393371031335
0.965,1427.1134460643534,37.77715508166746,27.003814784010096,3.1568130847487113,0.7575393092857517,0.8207526903421836,299.1713659667969,267.50979851531986,-0.10583087505436914,0.7188794153471376,1427.1134460643534,27.003814784010096,0.32427440449813977
0.966,1427.3852385845055,37.78075222364565,27.007341730570122,3.156387056193292,0.7574931328571373,0.8206937088188234,299.1713659667969,267.5179089385987,-0.10580376543024916,0.7188794153471376,1427.3852385845055,27.007341730570122,0.32430951574110517
0.967,1427.6574322754711,37.78435433185899,27.010870934861043,3.1559610276378747,0.7574468882712554,0.8206273044405065,299.1713659667969,267.52601936187745,-0.10577665580612937,0.7184607890891378,1427.6574322754711,27.010870934861043,0.3243446603295181
0.968,1427.9300271372504,37.78796140488728,27.01440196019982,3.1555349990824566,0.7574005755281064,0.8205688126309814,299.1713659667969,267.53412978515627,-0.10574954618200938,0.7182858534209886,1427.9300271372504,27.01440196019982,0.32437983547772037
0.969,1428.2030231698425,37.79157344130888,27.017945538867536,3.155108970527038,0.7573541946276902,0.8205090282612577,299.1713659667969,267.5422402084351,-0.1057224365578894,0.7182858534209886,1428.2030231698425,27.017945538867536,0.32441510950956637
0.97,1428.4764203732486,37.795190439700775,27.021489117535253,3.154682941971621,0.7573077455700066,0.8204441486336617,299.1713659667969,267.5503506317139,-0.10569532693376942,0.7178675754625121,1428.4764203732486,27.021489117535253,0.3244504024962578
0.971,1428.7502187474674,37.798812398638496,27.02503770624611,3.154256913416203,0.7572612283550559,0.8203756944905614,299.1713659667969,267.5584610549927,-0.10566821730964962,0.7178675754625121,1428.7502187474674,27.02503770624611,0.3244857463298278
0.972,1429.0244182925003,37.80243931669622,27.028587141583763,3.1538308848607848,0.7572146429828379,0.8203148085185712,299.1713659667969,267.5665714782715,-0.10564110768552963,0.717692869311268,1429.0244182925003,27.028587141583763,0.3245211144975795
0.973,1429.299019008346,37.80607119244667,27.032136576921424,3.153404856305367,0.7571679894533528,0.8202509476806706,299.1713659667969,267.5746819015503,-0.10561399806140966,0.717692869311268,1429.299019008346,27.032136576921424,0.3245565016038362
0.974,1429.5740208950056,37.8097080244612,27.0356861800907,3.1529788277499495,0.7571212677666004,0.820187868124195,299.1713659667969,267.5827923248291,-0.10558688843728986,0.7171004621746534,1429.5740208950056,27.0356861800907,0.32459190871167515
0.975,1429.849423952478,37.813349811309735,27.03924346624353,3.152552799194531,0.7570744779225809,0.820130788510841,299.1713659667969,267.5909027481079,-0.10555977881316987,0.7171004621746534,1429.849423952478,27.03924346624353,0.32462738366240074
0.976,1430.1252281807642,37.816996551560834,27.04280075239637,3.1521267706391134,0.757027619921294,0.8200624425665466,299.1713659667969,267.59901317138673,-0.10553266918904988,0.7171004621746534,1430.1252281807642,27.04280075239637,0.3246628775352429
0.977,1430.4014335798636,37.82064824378165,27.046365418975427,3.1517007420836958,0.7569806937627399,0.820002535140389,299.1713659667969,267.60712359466555,-0.10550555956492991,0.7171004621746534,1430.4014335798636,27.046365418975427,0.32469843731373643
0.978,1430.6780401497765,37.824304886537924,27.04993216687541,3.1512747135282777,0.7569336994469187,0.8199368896768878,299.1713659667969,267.6152340179444,-0.10547844994080992,0.7171004621746534,1430.6780401497765,27.04993216687541,0.3247340292545537
0.979,1430.9550478905028,37.82796647839403,27.053498914775396,3.15084868497286,0.7568866369738301,0.8198709238925456,299.1713659667969,267.62334444122314,-0.10545134031669012,0.7171004621746534,1430.9550478905028,27.053498914775396,0.3247696401010508
0.98,1431.2324568020424,37.831633017912964,27.05706566267537,3.150422656417442,0.7568395063434743,0.8198041775215592,299.1713659667969,267.63145486450196,-0.10542423069257015,0.7168572123570908,1431.2324568020424,27.05706566267537,0.3248052698477385
0.981,1431.5102668843952,37.8353045036563,27.060632410575348,3.1499966278620244,0.7567923075558514,0.8197399877582198,299.1713659667969,267.6395652877808,-0.10539712106845016,0.7166139625395281,1431.5102668843952,27.060632410575348,0.3248409184891219
0.982,1431.7884781375617,37.838980934184285,27.064199158475326,3.1495705993066063,0.7567450406109612,0.8196795394181994,299.1713659667969,267.6476757110596,-0.10537001144433017,0.7166139625395281,1431.7884781375617,27.064199158475326,0.32487658601970115
0.983,1432.0670905615418,37.84266230805573,27.06776590637531,3.1491445707511887,0.7566977055088037,0.8196163482691788,299.1713659667969,267.6557861343384,-0.1053429018202102,0.7166139625395281,1432.0670905615418,27.06776590637531,0.32491227243397097
0.984,1432.3461041563346,37.84634862382809,27.07133446440249,3.1487185421957706,0.7566503022493791,0.8195514768987899,299.1713659667969,267.6638965576172,-0.1053157921960904,0.7164396887159533,1432.3461041563346,27.07133446440249,0.32494798925096935
0.985,1432.625518921941,37.85003988005747,27.07490762113446,3.1482925136403526,0.7566028308326872,0.8194902841809136,299.1713659667969,267.672006980896,-0.10528868257197041,0.7164396887159533,1432.625518921941,27.07490762113446,0.32498375421923614
0.986,1432.9053348583611,37.85373607529858,27.07848191017001,3.147866485084935,0.7565552912587281,0.8194288263772989,299.1713659667969,267.6801174041748,-0.10526157294785062,0.7162654996353027,1432.9053348583611,27.07848191017001,0.32501954526369065
0.987,1433.1855519655944,37.857437208104756,27.08205687164668,3.1474404565295173,0.7565076835275018,0.81936404383201,299.1713659667969,267.6882278274536,-0.10523446332373064,0.7162654996353027,1433.1855519655944,27.08205687164668,0.32505535945099745
0.988,1433.4661702436413,37.861143277027985,27.085634525739778,3.1470144279740992,0.7564600076390081,0.8192963936308897,299.1713659667969,267.6963382507325,-0.10520735369961046,0.7160913952357802,1433.4661702436413,27.085634525739778,0.32509120963748844
0.989,1433.7471896925015,37.86485428061887,27.08921220438725,3.1465883994186816,0.7564122635932473,0.8192347914464037,299.1713659667969,267.70444867401125,-0.10518024407549066,0.7162654996353027,1433.7471896925015,27.08921220438725,0.32512707883085856
0.99,1434.0286103121748,37.86857021742668,27.09279578794947,3.1461623708632636,0.7563644513902192,0.819168513625149,299.1713659667969,267.71255909729007,-0.10515313445137069,0.7162654996353027,1434.0286103121748,27.09279578794947,0.3251630044640953
0.991,1434.3104321026615,37.872291085999294,27.09638032468705,3.145736342307846,0.756316571029924,0.8191009357614374,299.1713659667969,267.7206695205689,-0.1051260248272507,0.7160913952357802,1434.3104321026615,27.09638032468705,0.32519895500537965
0.992,1434.592655063962,37.87601688488326,27.099969149031384,3.145310313752428,0.7562686225123616,0.8190342212702177,299.1713659667969,267.72877994384766,-0.1050989152031309,0.71591737545565,1434.592655063962,27.099969149031384,0.3252349516785056
0.993,1434.8752791960756,37.87974761262376,27.103563998031674,3.1448842851970102,0.7562206058375318,0.8189716775503578,299.1713659667969,267.7368903671265,-0.10507180557901093,0.71591737545565,1434.8752791960756,27.103563998031674,0.3252710055371985
0.994,1435.1583044990025,37.883483267764625,27.10716499962776,3.144458256641592,0.7561725210054349,0.818914659318248,299.1713659667969,267.7324256976318,-0.10508672903092697,0.71591737545565,1435.1583044990025,27.10716499962776,0.3253071173904511
0.995,1435.441730972743,37.88722384884835,27.110769243735984,3.1440322280861746,0.7561243680160707,0.8188519691598953,299.1713659667969,267.72592898712156,-0.10510844471380744,0.71591737545565,1435.441730972743,27.110769243735984,0.325343268705047
0.996,1435.7255586172967,37.89096935441606,27.114377860111134,3.1436061995307565,0.7560761468694394,0.8187856981528407,299.1713659667969,267.71700931274415,-0.1051382593130375,0.715674362089915,1435.7255586172967,27.114377860111134,0.3253794666682303
0.997,1436.0097874326636,37.894719783007545,27.11799792409277,3.1431801709753384,0.7560278575655407,0.81871991798196,299.1713659667969,267.7060017660523,-0.1051750527630266,0.715674362089915,1436.0097874326636,27.11799792409277,0.3254157563210342
0.998,1436.2944174188442,37.898475133161284,27.1216179880744,3.142754142419921,0.7559795001043749,0.8186503088453326,299.1713659667969,267.69499421936035,-0.1052118462130159,0.715674362089915,1436.2944174188442,27.1216179880744,0.32545206477432387
0.999,1436.579448575838,37.90223540341437,27.125238052056044,3.142328113864503,0.7559310744859418,0.8185860307913397,299.1713659667969,267.67785346801753,-0.10526914030360317,0.715674362089915,1436.579448575838,27.125238052056044,0.3254883920225109
1.0,1436.8648809036451,37.906000592302604,27.128858116037676,3.141902085309085,0.7558825807102416,0.8185205076603445,299.1713659667969,267.6555157470703,-0.1053438056074669,0.7155004859086491,1436.8648809036451,27.128858116037676,0.325524738060002
