loss,mae,mse,rmse,r2
0.04819787864107,1.0412355978269199,3.067333367521,1.7513804177051802,0.9236000215696756
