huber_weight,mse,rmse,mae,bias,r2,spearman_r,pctl_obs_mm,pctl_pred_mm,pctl_rel_bias,csi_50mm,mse_objective,mae_objective,balanced_objective
0.0,1394.3480019808599,37.3409694836765,25.364254721064,5.264046952230931,0.7549568867891839,0.8443056105026258,292.25240478515633,270.42062072753913,-0.07470181151688524,0.7370396434435843,1394.3480019808599,25.364254721064,0.33246691048121313
0.001,1394.2478603717161,37.339628551603404,25.364813632147683,5.2642396754319,0.7549744857039682,0.8442999868164507,292.25240478515633,270.3962394851685,-0.07478523680944545,0.7370396434435843,1394.2478603717161,25.364813632147683,0.3324657868549042
0.002,1394.148133311837,37.338293122635335,25.365372543231373,5.264432398632868,0.7549920117657473,0.8442914000495803,292.25240478515633,270.37185824279794,-0.07486866210200545,0.7370396434435843,1394.148133311837,25.365372543231373,0.3324646852390653
0.003,1394.0488208012218,37.33696319736277,25.365931454315053,5.264625121833837,0.755009464974521,0.8442847323651904,292.25240478515633,270.3474770004273,-0.07495208739456564,0.7368667917448405,1394.0488208012218,25.365931454315053,0.3324636056360578
0.004,1393.9499228398718,37.33563877637386,25.366493705453184,5.2648178450348055,0.7550268453302895,0.8442787690443374,292.25240478515633,270.3230957580567,-0.07503551268712584,0.7368667917448405,1393.9499228398718,25.366493705453184,0.3324625703132914
0.005,1393.8514394277859,37.334319860254396,25.36706562138187,5.265010568235774,0.7550441528330527,0.844273572280438,292.25240478515633,270.2987145156861,-0.07511893797968604,0.7368667917448405,1393.8514394277859,25.36706562138187,0.3324616214342806
0.006,1393.7533705649648,37.333006449587806,25.367639105726248,5.265203291436743,0.7550613874828105,0.8442658206880489,292.25240478515633,270.2774001525879,-0.07519186933200057,0.7366322701688556,1393.7533705649648,25.367639105726248,0.33246070503030856
0.007,1393.6557162514077,37.33169854495517,25.368215149960136,5.265396014637712,0.7550785492795632,0.8442611589521554,292.25240478515633,270.2581870391846,-0.07525761083861868,0.7368050668543279,1393.6557162514077,25.368215149960136,0.3324598277129392
0.008,1393.5584764871153,37.330396146935215,25.368794179786295,5.265588737838682,0.7550956382233105,0.8442511934507765,292.25240478515633,270.2389739257813,-0.07532335234523657,0.7368050668543279,1393.5584764871153,25.368794179786295,0.33245899232225423
0.009000000000000001,1393.4616512720877,37.329099256104314,25.369376669156047,5.26578146103965,0.7551126543140525,0.8442428767374399,292.25240478515633,270.21976081237796,-0.07538909385185467,0.7366322701688556,1393.4616512720877,25.369376669156047,0.3324582020199545
0.01,1393.3652406063245,37.327807873036484,25.36996599086826,5.265974184240618,0.7551295975517893,0.844232364604506,292.25240478515633,270.2005476989747,-0.07545483535847258,0.7366322701688556,1393.3652406063245,25.36996599086826,0.33245747929166947
0.011,1393.2692444898255,37.32652199830337,25.370555447651622,5.266166907441588,0.7551464679365208,0.8442239984054456,292.25240478515633,270.18133458557134,-0.07552057686509069,0.7363977485928705,1393.2692444898255,25.370555447651622,0.3324567794951659
0.012,1393.1736629225911,37.32524163247428,25.371144904434985,5.266359630642555,0.7551632654682471,0.8442190561768389,292.25240478515633,270.162121472168,-0.07558631837170879,0.7363977485928705,1393.1736629225911,25.371144904434985,0.3324561017323262
0.013000000000000001,1393.0784959046214,37.32396677611614,25.371734361218344,5.266552353843524,0.755179990146968,0.8442105035179787,292.25240478515633,270.14290835876466,-0.07565205987832688,0.7363977485928705,1393.0784959046214,25.371734361218344,0.33245544600541777
0.014,1392.9837434359163,37.32269742979353,25.372323818001714,5.266745077044494,0.7551966419726837,0.8442021965813351,292.25240478515633,270.1236952453614,-0.07571780138494479,0.7363977485928705,1392.9837434359163,25.372323818001714,0.33245481231669893
0.015,1392.889405516475,37.32143359406864,25.37291623681819,5.266937800245461,0.7552132209453941,0.8441918013672074,292.25240478515633,270.10448213195804,-0.07578354289156289,0.7362250879249707,1392.889405516475,25.37291623681819,0.332454220413556
0.016,1392.795482146299,37.320175269501334,25.373516598014678,5.26713052344643,0.7552297270650992,0.8441840190595412,292.25240478515633,270.0852690185547,-0.07584928439818099,0.7360525082044069,1392.795482146299,25.373516598014678,0.3324537034975994
0.017,1392.7019733253871,37.318922456649084,25.37412005467824,5.267323246647398,0.755246160331799,0.8441768801064397,292.25240478515633,270.0660559051514,-0.07591502590479889,0.7358800093742677,1392.7019733253871,25.37412005467824,0.33245322926116877
0.018000000000000002,1392.60887905374,37.317675156067,25.374727846796024,5.267515969848368,0.7552625207454935,0.8441688399108982,292.25240478515633,270.0468427917481,-0.07598076741141699,0.7358800093742677,1392.60887905374,25.374727846796024,0.3324528059723327
0.019,1392.516199331357,37.31643336830781,25.37534085043099,5.267708693049337,0.7552788083061828,0.8441603147351847,292.25240478515633,270.02762967834474,-0.07604650891803509,0.7358800093742677,1392.516199331357,25.37534085043099,0.33245243947320446
0.02,1392.4239341582388,37.31519709392192,25.375969993363157,5.2679014162503055,0.7552950230138666,0.8441522946952891,292.25240478515633,270.0084165649414,-0.0761122504246532,0.7360525082044069,1392.4239341582388,25.375969993363157,0.3324522026113978
0.021,1392.332083534385,37.3139663334573,25.376604887418736,5.268094139451273,0.7553111648685454,0.8441465955258186,292.25240478515633,269.9892034515381,-0.07617799193127109,0.7362869198312236,1392.332083534385,25.376604887418736,0.33245202614074826
0.022,1392.2406474597956,37.3127410874596,25.377244788867536,5.268286862652243,0.7553272338702188,0.8441379235591863,292.25240478515633,269.9699903381348,-0.07624373343788919,0.7362869198312236,1392.2406474597956,25.377244788867536,0.3324519051056761
0.023,1392.149625934471,37.31152135647206,25.37788552075414,5.268479585853211,0.7553432300188869,0.8441292583980956,292.25240478515633,269.95077722473144,-0.0763094749445073,0.7362869198312236,1392.149625934471,25.37788552075414,0.3324518116644517
0.024,1392.0590189584107,37.31030714103558,25.378526252640743,5.268672309054179,0.7553591533145497,0.8441210662522718,292.25240478515633,269.93156411132816,-0.0763752164511252,0.7362869198312236,1392.0590189584107,25.378526252640743,0.3324517402834769
0.025,1391.9688265316147,37.309098441688654,25.37917278251345,5.268865032255148,0.7553750037572073,0.8441174917368095,292.25240478515633,269.9123509979249,-0.0764409579577431,0.7365213314580403,1391.9688265316147,25.37917278251345,0.3324517296147218
0.026000000000000002,1391.8790486540836,37.30789525896742,25.379824933150303,5.269057755456118,0.7553907813468596,0.844107143960721,292.25240478515633,269.8931378845215,-0.0765066994643614,0.7363487227560347,1391.8790486540836,25.379824933150303,0.3324517784789556
0.027,1391.789685325817,37.30669759340562,25.380479482521974,5.269250478657086,0.7554064860835066,0.844097859133972,292.25240478515633,269.8739247711182,-0.0765724409709793,0.7363487227560347,1391.789685325817,25.380479482521974,0.33245186540002075
0.028,1391.7007365468144,37.305505445534635,25.38114798342943,5.269443201858055,0.7554221179671483,0.8440858515886275,292.25240478515633,269.85471165771486,-0.0766381824775974,0.7361761949390815,1391.7007365468144,25.38114798342943,0.332452067391892
0.029,1391.6122023170765,37.304318815883455,25.381817665514586,5.269635925059022,0.7554376769977847,0.8440803659806716,292.25240478515633,269.8354985443116,-0.07670392398421531,0.7361761949390815,1391.6122023170765,25.381817665514586,0.33245229932850734
0.03,1391.5240826366032,37.303137704978695,25.38249519311504,5.269828648259992,0.7554531631754159,0.8440707205605852,292.25240478515633,269.8162854309082,-0.0767696654908336,0.7361761949390815,1391.5240826366032,25.38249519311504,0.33245260563695417
0.031,1391.4363775053944,37.30196211334458,25.383176703218297,5.270021371460961,0.7554685765000418,0.84405908886584,292.25240478515633,269.79707231750484,-0.0768354069974517,0.7361761949390815,1391.4363775053944,25.383176703218297,0.3324529605681942
0.032,1391.3490869234502,37.30079204150295,25.38386125912739,5.270214094661928,0.7554839169716624,0.844053278940694,292.25240478515633,269.77785920410156,-0.07690114850406961,0.7360037479503396,1391.3490869234502,25.38386125912739,0.33245335788022123
0.033,1391.2622108907706,37.29962748997328,25.38454604579885,5.270406817862898,0.7554991845902777,0.8440467329329673,292.25240478515633,269.7586460906983,-0.07696689001068752,0.7360037479503396,1391.2622108907706,25.38454604579885,0.3324537788098194
0.034,1391.175749407355,37.29846845927263,25.385230832470306,5.270599541063867,0.7555143793558877,0.844033657841029,292.25240478515633,269.73943297729494,-0.0770326315173056,0.7360037479503396,1391.175749407355,25.385230832470306,0.3324542218207771
0.035,1391.0897024732042,37.29731494991569,25.385916678008385,5.270792264264836,0.7555295012684925,0.844029553958808,292.25240478515633,269.7202198638916,-0.07709837302392371,0.7360037479503396,1391.0897024732042,25.385916678008385,0.3324546939736384
0.036000000000000004,1391.004070088318,37.29616696241476,25.386606399988654,5.270984987465805,0.755544550328092,0.8440201610664798,292.25240478515633,269.7010067504883,-0.07716411453054162,0.7360037479503396,1391.004070088318,25.386606399988654,0.33245521405262535
0.037,1390.9188522526963,37.29502449727975,25.38729658384055,5.271177710666773,0.755559526534686,0.8440122855289138,292.25240478515633,269.681793637085,-0.07722985603715972,0.7360037479503396,1390.9188522526963,25.38729658384055,0.3324557592979903
0.038,1390.8340489663387,37.293887555018166,25.38798676769244,5.271370433867742,0.7555744298882751,0.8440030098765974,292.25240478515633,269.66258052368164,-0.07729559754377781,0.7360037479503396,1390.8340489663387,25.38798676769244,0.33245632663289176
0.039,1390.7496602292458,37.29275613613515,25.388676951544337,5.2715631570687105,0.7555892603888587,0.843988917908235,292.25240478515633,269.6433674102783,-0.07736133905039591,0.7360037479503396,1390.7496602292458,25.388676951544337,0.3324569160593501
0.04,1390.6656860414175,37.29163024113343,25.389368586510273,5.27175588026968,0.755604018036437,0.8439787318591215,292.25240478515633,269.624154296875,-0.07742708055701382,0.7360037479503396,1390.6656860414175,25.389368586510273,0.3324575372526127
0.041,1390.5821264028536,37.290509870513354,25.390063247005827,5.271948603470649,0.7556187028310101,0.8439677531551065,292.25240478515633,269.6049411834717,-0.07749282206363192,0.7360037479503396,1390.5821264028536,25.390063247005827,0.33245820070985455
0.042,1390.4989813135544,37.28939502477285,25.39079357880741,5.272141326671616,0.7556333147725779,0.8439600530359006,292.25240478515633,269.58572807006834,-0.07755856357025002,0.7360037479503396,1390.4989813135544,25.39079357880741,0.33245912405229505
0.043000000000000003,1390.4162507735198,37.288285704407485,25.391527426397396,5.272334049872586,0.7556478538611403,0.8439530992778519,292.25240478515633,269.566514956665,-0.07762430507686811,0.7362379948465683,1390.4162507735198,25.391527426397396,0.3324600929307908
0.044,1390.3339347827493,37.2871819099104,25.39226165961071,5.2725267730735546,0.7556623200966975,0.8439441355963889,292.25240478515633,269.5473018432617,-0.07769004658348602,0.7364104967197751,1390.3339347827493,25.39226165961071,0.33246108648139594
0.045,1390.2520333412435,37.28608364177235,25.39299671378271,5.272719496274522,0.7556767134792495,0.8439314823275889,292.25240478515633,269.5280887298584,-0.07775578809010412,0.7365830794469183,1390.2520333412435,25.39299671378271,0.3324621076080517
0.046,1390.1705464490024,37.28499090048169,25.393733788338423,5.272912219475491,0.7556910340087961,0.8439212579345674,292.25240478515633,269.5075870910644,-0.07782593854381568,0.736755743084857,1390.1705464490024,25.393733788338423,0.3324631643081699
0.047,1390.0894741060254,37.28390368652437,25.394481466873533,5.2731049426764605,0.7557052816853376,0.8439122715077391,292.25240478515633,269.4856495391846,-0.0779010022610705,0.736755743084857,1390.0894741060254,25.394481466873533,0.33246431380259567
0.048,1390.0088163123132,37.282822000383945,25.395239107110136,5.273297665877427,0.7557194565088736,0.8439023955624718,292.25240478515633,269.4637119873047,-0.07797606597832549,0.736755743084857,1390.0088163123132,25.395239107110136,0.33246555181178955
0.049,1389.9285730678653,37.28174584254157,25.396003384328036,5.273490389078398,0.7557335584794045,0.843889616481488,292.25240478515633,269.4629618148804,-0.07797863284317258,0.736755743084857,1389.9285730678653,25.396003384328036,0.33246685617483857
0.05,1389.8487443726822,37.28067521347598,25.39676798337721,5.273683112279367,0.75574758759693,0.8438782081450256,292.25240478515633,269.45928459167476,-0.07799121519714265,0.736755743084857,1389.8487443726822,25.39676798337721,0.3324681847963871
0.051000000000000004,1389.769330226763,37.279610113663516,25.397539833120643,5.273875835480336,0.7557615438614502,0.8438669856861778,292.25240478515633,269.4556073684692,-0.07800379755111253,0.736755743084857,1389.769330226763,25.397539833120643,0.3324695838666681
0.052000000000000005,1389.6903306301087,37.27855054357812,25.398316350134195,5.274068558681304,0.7557754272729652,0.8438567947587556,292.25240478515633,269.4519301452637,-0.07801637990508223,0.736755743084857,1389.6903306301087,25.398316350134195,0.33247103616627505
0.053,1389.611745582719,37.277496503691324,25.39909685935339,5.274261281882272,0.7557892378314748,0.8438475572897444,292.25240478515633,269.4482529220581,-0.0780289622590523,0.736755743084857,1389.611745582719,25.39909685935339,0.33247253719706304
0.054,1389.5335750845936,37.27644799447224,25.399877872076104,5.27445400508324,0.7558029755369793,0.8438378809134767,292.25240478515633,269.4445756988526,-0.078041544613022,0.736755743084857,1389.5335750845936,25.399877872076104,0.3324740637049547
0.055,1389.455819135733,37.27540501638759,25.400670037094237,5.2746467282842096,0.7558166403894784,0.8438254241220733,292.25240478515633,269.44089847564703,-0.07805412696699188,0.7365830794469183,1389.455819135733,25.400670037094237,0.33247568667747307
0.056,1389.3784777361363,37.274367569901656,25.401472238938037,5.274839451485178,0.7558302323889723,0.8438191544514634,292.25240478515633,269.4372212524415,-0.07806670932096177,0.7365830794469183,1389.3784777361363,25.401472238938037,0.3324773986806692
0.057,1389.3015508858048,37.27333565547635,25.402286334449055,5.275032174686148,0.7558437515354608,0.8438128799426953,292.25240478515633,269.4335440292359,-0.07807929167493165,0.7365830794469183,1389.3015508858048,25.402286334449055,0.3324792120942373
0.058,1389.2250385847374,37.27230927357114,25.403100883736748,5.2752248978871155,0.7558571978289441,0.8437983824322989,292.25240478515633,269.42986680603036,-0.07809187402890154,0.7364104967197751,1389.2250385847374,25.403100883736748,0.33248105066083505
0.059000000000000004,1389.1489408329344,37.271288424643096,25.40391543302443,5.275417621088085,0.755870571269422,0.8437862725629234,292.25240478515633,269.4152800354005,-0.07814178557929784,0.7366447985004686,1389.1489408329344,25.40391543302443,0.33248291135738056
0.06,1389.0732576303963,37.27027310914687,25.404730821865034,5.275610344289053,0.7558838718568948,0.8437723659301414,292.25240478515633,269.3978518066407,-0.0782014197464576,0.7366447985004686,1389.0732576303963,25.404730821865034,0.33248479978221607
0.061,1388.9979889771223,37.269263327534695,25.40555403425205,5.27580306749003,0.7558970995913622,0.8437605255321149,292.25240478515633,269.38042357788095,-0.07826105391361715,0.7368791002811621,1388.9979889771223,25.40555403425205,0.3324867624929819
0.062,1388.923134873113,37.26825908025639,25.40638292700058,5.27599579069099,0.7559102544728244,0.8437480436666063,292.25240478515633,269.36299534912115,-0.0783206880807769,0.7368791002811621,1388.923134873113,25.40638292700058,0.33248878520484376
0.063,1388.848695318368,37.26726036775937,25.407211819749104,5.276188513891968,0.7559233365012813,0.8437341712823618,292.25240478515633,269.3455671203614,-0.07838032224793647,0.7368791002811621,1388.848695318368,25.407211819749104,0.33249083005386926
0.064,1388.7746703128882,37.26626719048861,25.408042448521513,5.276381237092928,0.7559363456767328,0.843725917424929,292.25240478515633,269.3281388916016,-0.07843995641509621,0.7367064886390255,1388.7746703128882,25.408042448521513,0.33249290861430547
0.065,1388.7010598566721,37.26527954888668,25.40887652441436,5.276573960293906,0.7559492819991791,0.8437156812075296,292.25240478515633,269.31071066284187,-0.07849959058225577,0.7367064886390255,1388.7010598566721,25.40887652441436,0.3324950322942222
0.066,1388.627863949721,37.26429744339374,25.40971206133511,5.2767666834948646,0.7559621454686202,0.843702231489588,292.25240478515633,269.29328243408213,-0.07855922474941533,0.7369407355352542,1388.627863949721,25.40971206133511,0.3324971878559361
0.067,1388.5550825920338,37.26332087444749,25.41055320791825,5.276959406695843,0.755974936085056,0.8436907554590639,292.25240478515633,269.27585420532233,-0.07861885891657508,0.7369407355352542,1388.5550825920338,25.41055320791825,0.3324994029563108
0.068,1388.4827157836119,37.26234984248325,25.411397578594965,5.277152129896804,0.7559876538484864,0.843680700100443,292.25240478515633,269.2584259765626,-0.07867849308373463,0.736768149882904,1388.4827157836119,25.411397578594965,0.33250166169470413
0.069,1388.4107635244538,37.261384347933905,25.412247498356493,5.27734485309778,0.7560002987589116,0.8436662292501041,292.25240478515633,269.2409977478028,-0.0787381272508944,0.7365956450479981,1388.4107635244538,25.412247498356493,0.3325039795714161
0.07,1388.3392258145605,37.260424391229904,25.413102934113205,5.27753757629874,0.7560128708163315,0.8436522780299819,292.25240478515633,269.22356951904305,-0.07879776141805395,0.7365956450479981,1388.3392258145605,25.413102934113205,0.33250635636759013
0.07100000000000001,1388.2681026539317,37.25946997279929,25.413963842341282,5.277730299499718,0.7560253700207461,0.8436369487779882,292.25240478515633,269.20614129028326,-0.0788573955852137,0.7365956450479981,1388.2681026539317,25.413963842341282,0.3325087917948054
0.07200000000000001,1388.1973940425673,37.25852109306766,25.414827648826392,5.277923022700678,0.7560377963721555,0.843622629837781,292.25240478515633,269.1887130615235,-0.07891702975237326,0.7365956450479981,1388.1973940425673,25.414827648826392,0.3325112686948555
0.073,1388.1270999804676,37.25757775245819,25.415696869732535,5.278115745901655,0.7560501498705595,0.8436074912011832,292.25240478515633,269.1712848327637,-0.07897666391953301,0.7365956450479981,1388.1270999804676,25.415696869732535,0.3325138038423735
0.074,1388.057220467632,37.25663995139165,25.416568520348655,5.278308469102623,0.7560624305159583,0.8435974199830402,292.25240478515633,269.15385660400403,-0.07903629808669237,0.7365956450479981,1388.057220467632,25.416568520348655,0.3325163773427317
0.075,1387.9877555040616,37.25570769028635,25.417440229410495,5.278501192303591,0.7560746383083518,0.8435845546784518,292.25240478515633,269.13642837524424,-0.07909593225385213,0.7368297822523999,1387.9877555040616,25.417440229410495,0.3325189733905752
0.076,1387.918705089755,37.25478096955819,25.41832741823483,5.278693915504561,0.7560867732477401,0.8435730428134379,292.25240478515633,269.12160186157234,-0.07914666413297144,0.7366573033707865,1387.918705089755,25.41832741823483,0.3325216947872376
0.077,1387.850069224713,37.253859789620634,25.41922201769057,5.27888663870553,0.756098835334123,0.8435612627618971,292.25240478515633,269.130376689148,-0.07911663930706067,0.7366573033707865,1387.850069224713,25.41922201769057,0.3325244877449312
0.078,1387.7818479089358,37.252944150884716,25.420118502503662,5.279079361906498,0.7561108245675006,0.843550192574537,292.25240478515633,269.1391515167237,-0.07908661448114991,0.7366573033707865,1387.7818479089358,25.420118502503662,0.33252731543340325
0.079,1387.7140411424227,37.25203405375903,25.421016352868833,5.2792720851074675,0.756122740947873,0.8435392228241256,292.25240478515633,269.1479263442994,-0.07905658965523914,0.7366573033707865,1387.7140411424227,25.421016352868833,0.33253017438922644
0.08,1387.6466489251745,37.25112949864976,25.421914950974006,5.279464808308436,0.7561345844752401,0.8435223791684454,292.25240478515633,269.15670117187506,-0.07902656482932836,0.7368913857677902,1387.6466489251745,25.421914950974006,0.3325330604956429
0.081,1387.5796712571907,37.25023048596063,25.42281906456543,5.279657531509404,0.7561463551496019,0.8435105899023214,292.25240478515633,269.1654759994508,-0.07899654000341741,0.7368913857677902,1387.5796712571907,25.42281906456543,0.3325360055364265
0.082,1387.5131081384714,37.24933701609294,25.423726472204436,5.279850254710373,0.7561580529709584,0.8434979846336701,292.25240478515633,269.1742508270264,-0.07896651517750683,0.7368913857677902,1387.5131081384714,25.423726472204436,0.3325389947049033
0.083,1387.4469595690166,37.24844908944554,25.42464643950882,5.280042977911342,0.7561696779393097,0.843488878758542,292.25240478515633,269.1830256546021,-0.07893649035159606,0.7368913857677902,1387.4469595690166,25.42464643950882,0.3325420897679813
0.084,1387.3812255488265,37.24756670641489,25.42558616835772,5.2802357011123116,0.7561812300546557,0.8434764093999729,292.25240478515633,269.19180048217777,-0.0789064655256853,0.7368913857677902,1387.3812255488265,25.42558616835772,0.3325453387355199
0.085,1387.3159060779003,37.246689867394934,25.426535581304595,5.280428424313279,0.7561927093169963,0.8434629785127044,292.25240478515633,269.20057530975345,-0.07887644069977452,0.7370639194568017,1387.3159060779003,25.426535581304595,0.33254867443207015
0.08600000000000001,1387.2510011562392,37.24581857277725,25.427486377219008,5.280621147514248,0.7562041157263317,0.8434503688274773,292.25240478515633,269.2093501373291,-0.07884641587386375,0.7370639194568017,1387.2510011562392,25.427486377219008,0.3325520415232313
0.08700000000000001,1387.1865107838423,37.24495282295096,25.428437173133425,5.280813870715218,0.7562154492826618,0.8434402143568808,292.25240478515633,269.2138117263794,-0.0788311496554265,0.7368913857677902,1387.1865107838423,25.428437173133425,0.33255543079159317
0.088,1387.12243496071,37.2440926183027,25.429389328773457,5.281006593916185,0.7562267099859867,0.8434242159920835,292.25240478515633,269.2072687866211,-0.07885353763120068,0.7368913857677902,1387.12243496071,25.429389328773457,0.33255885130273644
0.089,1387.058773686842,37.24323795921673,25.430362378567928,5.281199317117154,0.7562378978363062,0.8434118463894731,292.25240478515633,269.2007258468628,-0.07887592560697504,0.7370639194568017,1387.058773686842,25.430362378567928,0.3325624332761858
0.09,1386.9955269622387,37.242388846074824,25.431338756113504,5.281392040318123,0.7562490128336206,0.843400852127066,292.25240478515633,269.1941829071045,-0.07889831358274922,0.7370639194568017,1386.9955269622387,25.431338756113504,0.3325660596144879
0.091,1386.9326947869,37.241545279256336,25.43231513365908,5.281584763519091,0.7562600549779296,0.8433845878056767,292.25240478515633,269.1876399673463,-0.07892070155852321,0.7368913857677902,1386.9326947869,25.43231513365908,0.33256970813611814
0.092,1386.8702771608255,37.240707259138155,25.433291511204654,5.281777486720061,0.7562710242692333,0.8433723866135593,292.25240478515633,269.1810970275879,-0.07894308953429778,0.7367189328340744,1386.8702771608255,25.433291511204654,0.332573378842584
0.093,1386.8082740840157,37.23987478609475,25.434267888750227,5.28197020992103,0.7562819207075318,0.8433608220909168,292.25240478515633,269.1745540878296,-0.07896547751007196,0.7367189328340744,1386.8082740840157,25.434267888750227,0.3325770717353832
0.094,1386.7466855564703,37.23904786049813,25.435246894321253,5.282162933121998,0.7562927442928249,0.8433519577221827,292.25240478515633,269.16801114807134,-0.07898786548584615,0.7365465605989705,1386.7466855564703,25.435246894321253,0.33258080433462106
0.095,1386.6855115781896,37.238226482717856,25.436230294663872,5.2823556563229666,0.7563034950251127,0.8433416037026621,292.25240478515633,269.16146820831307,-0.07901025346162033,0.7365465605989705,1386.6855115781896,25.436230294663872,0.3325845884190399
0.096,1386.624752149173,37.237410653121046,25.437221110485858,5.282548379523936,0.7563141729043954,0.8433268587234943,292.25240478515633,269.15492526855473,-0.0790326414373947,0.7365465605989705,1386.624752149173,25.437221110485858,0.3325884441263757
0.097,1386.564407269421,37.23660037207238,25.438216366928117,5.282741102724904,0.7563247779306727,0.8433132098581354,292.25240478515633,269.14838232879646,-0.07905502941316889,0.7365465605989705,1386.564407269421,25.438216366928117,0.3325923516274502
0.098,1386.5044769389337,37.23579563993408,25.4392200734988,5.282933825925873,0.7563353101039447,0.8433016549716582,292.25240478515633,269.1418393890381,-0.07907741738894325,0.7365465605989705,1386.5044769389337,25.4392200734988,0.33259633765139834
0.099,1386.444961157711,37.23499645706591,25.44022902679702,5.283126549126842,0.7563457694242115,0.8432838175663506,292.25240478515633,269.1352964492799,-0.07909980536471724,0.7365465605989705,1386.444961157711,25.44022902679702,0.3326003808455451
0.1,1386.3858599257528,37.23420282382521,25.441238369895,5.283319272327812,0.7563561558914729,0.8432733538149969,292.25240478515633,269.1287535095216,-0.07912219334049161,0.7362020579981291,1386.3858599257528,25.441238369895,0.3326044488346699
0.101,1386.327173243059,37.23341474056682,25.442261559037206,5.283511995528779,0.756366469505729,0.843263152890053,292.25240478515633,269.1222105697633,-0.0791445813162658,0.7362020579981291,1386.327173243059,25.442261559037206,0.33260863132054075
0.10200000000000001,1386.2689011096295,37.2326322076432,25.443292122110186,5.283704718729748,0.7563767102669801,0.84325010520096,292.25240478515633,269.11566763000496,-0.07916696929204017,0.7364359214218896,1386.2689011096295,25.443292122110186,0.332612885160967
0.10300000000000001,1386.2110435254647,37.23185522540429,25.444322685183163,5.2838974419307165,0.7563868781752257,0.843237111353941,292.25240478515633,269.1091246902467,-0.07918935726781436,0.7364359214218896,1386.2110435254647,25.444322685183163,0.332617161202165
0.10400000000000001,1386.1536004905643,37.231083794197616,25.445353248256147,5.284090165131686,0.756396973230466,0.8432226934021347,292.25240478515633,269.1025817504884,-0.07921174524358854,0.7364359214218896,1386.1536004905643,25.445353248256147,0.33262145944552474
0.105,1386.0965720049287,37.23031791436824,25.446384325554423,5.284282888332654,0.756406995432701,0.8432115000926871,292.25240478515633,269.09603881073014,-0.07923413321936272,0.7364359214218896,1386.0965720049287,25.446384325554423,0.3326257833202914
0.106,1386.039958068557,37.22955758625876,25.447417763706422,5.2844756115336216,0.7564169447819308,0.8431992055301425,292.25240478515633,269.0894958709718,-0.07925652119513708,0.7364359214218896,1386.039958068557,25.447417763706422,0.33263014513760053
0.107,1385.9837586814504,37.22880281020933,25.44845322304775,5.284668334734591,0.7564268212781553,0.8431890672201982,292.25240478515633,269.0829529312135,-0.07927890917091127,0.7364359214218896,1385.9837586814504,25.44845322304775,0.33263454263458414
0.108,1385.9279738436078,37.22805358655765,25.449489548356173,5.28486105793556,0.7564366249213745,0.8431748891687587,292.25240478515633,269.07640999145525,-0.07930129714668545,0.7360916316035531,1385.9279738436078,25.449489548356173,0.33263896811179366
0.109,1385.8726035550303,37.227309915638955,25.45052587366459,5.285053781136528,0.7564463557115885,0.8431607043920787,292.25240478515633,269.0698670516969,-0.07932368512245982,0.7360916316035531,1385.8726035550303,25.45052587366459,0.3326434157979672
0.11,1385.8176478157168,37.22657179778601,25.45156219897301,5.285246504337497,0.7564560136487971,0.8431456364608441,292.25240478515633,269.06332411193864,-0.07934607309823401,0.7360916316035531,1385.8176478157168,25.45156219897301,0.33264788569443593
0.111,1385.7631066256681,37.225839233329154,25.452599447869503,5.285439227538466,0.7564655987330005,0.8431305018393153,292.25240478515633,269.05678117218037,-0.07936846107400819,0.735919607384903,1385.7631066256681,25.452599447869503,0.33265238395922925
0.112,1385.7089799848836,37.22511222259624,25.45363937396915,5.285631950739434,0.7564751109641986,0.8431205208999963,292.25240478515633,269.0502382324221,-0.07939084904978237,0.735919607384903,1385.7089799848836,25.45363937396915,0.33265692228339
0.113,1385.6552678933638,37.22439076591266,25.4546827218066,5.285824673940404,0.7564845503423914,0.8431062141655986,292.25240478515633,269.04369529266376,-0.07941323702555675,0.7357476635514019,1385.6552678933638,25.4546827218066,0.3326615056313443
0.114,1385.6019703511083,37.22367486360137,25.45573004644141,5.286017397141372,0.7564939168675789,0.8430914109077057,292.25240478515633,269.0371523529054,-0.07943562500133113,0.7357476635514019,1385.6019703511083,25.45573004644141,0.3326661377044529
0.115,1385.5490873581175,37.22296451598284,25.45678292197424,5.28621012034234,0.7565032105397612,0.8430776293443198,292.25240478515633,269.03060941314715,-0.0794580129771053,0.7357476635514019,1385.5490873581175,25.45678292197424,0.3326708289970724
0.116,1385.4966189143909,37.22225972337508,25.457842086374992,5.28640284354331,0.7565124313589382,0.843066397389834,292.25240478515633,269.0240664733889,-0.07948040095287928,0.7357476635514019,1385.4966189143909,25.457842086374992,0.3326755844298381
0.117,1385.4445650199293,37.221560486093665,25.458907160522035,5.286595566744278,0.7565215793251098,0.8430534520849978,292.25240478515633,269.01752353363054,-0.07950278892865385,0.7357476635514019,1385.4445650199293,25.458907160522035,0.33268040147675854
0.11800000000000001,1385.392925674732,37.22086680445167,25.45997822550564,5.286788289945248,0.7565306544382762,0.8430389378116889,292.25240478515633,269.0109805938723,-0.07952517690442784,0.7357476635514019,1385.392925674732,25.45997822550564,0.33268528067964
0.11900000000000001,1385.341700878799,37.22017867875971,25.46104929048925,5.2869810131462165,0.7565396566984374,0.8430253028986943,292.25240478515633,269.004437654114,-0.07954756488020222,0.7357476635514019,1385.341700878799,25.46104929048925,0.33269018210435264
0.12,1385.2908906321306,37.219496109325966,25.46212276072906,5.287173736347184,0.7565485861055932,0.8430123033101267,292.25240478515633,268.9978947143557,-0.0795699528559764,0.735919607384903,1385.2908906321306,25.46212276072906,0.3326951217857499
0.121,1385.2404949347267,37.21881909645612,25.46319955709505,5.287366459548152,0.7565574426597438,0.8429974968000279,292.25240478515633,268.9913517745974,-0.07959234083175078,0.735919607384903,1385.2404949347267,25.46319955709505,0.33270010586364357
0.122,1385.1905137865874,37.2181476404534,25.464277747261036,5.287559182749121,0.7565662263608891,0.8429875154391269,292.25240478515633,268.9848088348391,-0.07961472880752496,0.735919607384903,1385.1905137865874,25.464277747261036,0.3327051214582133
0.123,1385.1409471877128,37.217481741618585,25.46535825127256,5.28775190595009,0.756574937209029,0.842976432263019,292.25240478515633,268.9782658950808,-0.07963711678329914,0.735919607384903,1385.1409471877128,25.46535825127256,0.3327101747037556
0.124,1385.0917951381023,37.21682140024995,25.466438938104282,5.28794462915106,0.7565835752041637,0.8429636147377506,292.25240478515633,268.97172295532255,-0.07965950475907331,0.735919607384903,1385.0917951381023,25.466438938104282,0.3327152513958865
0.125,1385.0430576377564,37.216166616643314,25.467526903727563,5.288137352352027,0.7565921403462932,0.8429482058669405,292.25240478515633,268.9651800155642,-0.07968189273484769,0.735981308411215,1385.0430576377564,25.467526903727563,0.33272039883807375
0.126,1384.9947346866747,37.21551739109205,25.468630247498965,5.288330075552996,0.7566006326354174,0.8429323592933948,292.25240478515633,268.95863707580594,-0.07970428071062187,0.7357476635514019,1384.9947346866747,25.468630247498965,0.3327256710224175
0.127,1384.946826284858,37.21487372388704,25.469733896197386,5.288522798753965,0.7566090520715363,0.8429131006540745,292.25240478515633,268.9520941360476,-0.07972666868639625,0.7357476635514019,1384.946826284858,25.469733896197386,0.33273096747084324
0.128,1384.899332432306,37.2142356153167,25.470844243449434,5.288715521954934,0.7566173986546498,0.8429026244961578,292.25240478515633,268.9455511962894,-0.07974905666217023,0.7357476635514019,1384.899332432306,25.470844243449434,0.3327363308049056
0.129,1384.8522531290178,37.213603065666966,25.47195977167228,5.288908245155903,0.7566256723847582,0.8428923605346325,292.25240478515633,268.93900825653105,-0.07977144463794461,0.7357476635514019,1384.8522531290178,25.47195977167228,0.3327417509094256
0.13,1384.8055883749944,37.21297607522132,25.473092136179616,5.289100968356872,0.7566338732618612,0.8428770350568036,292.25240478515633,268.9324653167728,-0.0797938326137188,0.7357476635514019,1384.8055883749944,25.473092136179616,0.3327473054807445
0.131,1384.7593381702357,37.21235464426076,25.474232495300807,5.289293691557839,0.7566420012859589,0.8428630316407857,292.25240478515633,268.92592237701444,-0.07981622058949317,0.7357476635514019,1384.7593381702357,25.474232495300807,0.3327529355807374
0.132,1384.7135025147413,37.21173877306382,25.475375967262888,5.289486414758809,0.7566500564570514,0.8428470569062407,292.25240478515633,268.91937943725617,-0.07983860856526734,0.7357476635514019,1384.7135025147413,25.475375967262888,0.33275860866824847
0.133,1384.6680814085114,37.21112846190655,25.47653239992595,5.289679137959778,0.7566580387751386,0.8428304125786559,292.25240478515633,268.9128364974979,-0.07986099654104152,0.7357476635514019,1384.6680814085114,25.47653239992595,0.33276439039096617
0.134,1384.6230748515463,37.21052371106252,25.477700349330085,5.289871861160746,0.7566659482402205,0.8428122504345759,292.25240478515633,268.90629355773956,-0.0798833845168159,0.7357476635514019,1384.6230748515463,25.477700349330085,0.33277027112443797
0.135,1384.5784828438452,37.20992452080285,25.478875932506,5.290064584361715,0.7566737848522971,0.8427994884377101,292.25240478515633,268.8997506179813,-0.07990577249259008,0.735981308411215,1384.5784828438452,25.478875932506,0.33277622498557985
0.136,1384.534305385409,37.209330891396164,25.480058337538246,5.290257307562684,0.7566815486113685,0.8427866929551698,292.25240478515633,268.893207678223,-0.07992816046836426,0.7358093903293623,1384.534305385409,25.480058337538246,0.3327822465631759
0.137,1384.4905424762371,37.208742823108615,25.48124101071758,5.290450030763652,0.7566892395174345,0.8427717953230826,292.25240478515633,268.88666473846473,-0.07995054844413844,0.7356375525455394,1384.4905424762371,25.48124101071758,0.33278829217076666
0.138,1384.4471941163295,37.20816031620388,25.48242558145491,5.2906427539646215,0.7566968575704953,0.8427539197545452,292.25240478515633,268.8801217987064,-0.07997293641991282,0.7356375525455394,1384.4471941163295,25.48242558145491,0.3327943726711838
0.139,1384.4042603056866,37.20758337094317,25.483623571764326,5.290835477165591,0.7567044027705508,0.8427409979378621,292.25240478515633,268.8735788589481,-0.079995324395687,0.7356375525455394,1384.4042603056866,25.483623571764326,0.3328005648720939
0.14,1384.3617410443085,37.2070119875852,25.484833425971654,5.291028200366559,0.756711875117601,0.8427240721338721,292.25240478515633,268.8670359191898,-0.08001771237146138,0.7358093903293623,1384.3617410443085,25.484833425971654,0.3328068584042895
0.14100000000000001,1384.3196363321947,37.20644616638621,25.486054133615184,5.291220923567528,0.756719274611646,0.842708333585755,292.25240478515633,268.86049297943157,-0.08004010034723535,0.7356375525455394,1384.3196363321947,25.486054133615184,0.33281324653298083
0.14200000000000002,1384.2779461693451,37.205885907599956,25.487279780233866,5.291413646768496,0.7567266012526856,0.8426887006817875,292.25240478515633,268.85395003967324,-0.08006248832300973,0.7354657950035022,1384.2779461693451,25.487279780233866,0.33281968983293586
0.14300000000000002,1384.2366705557604,37.20533121147775,25.48851181555987,5.291606369969465,0.75673385504072,0.8426744094254802,292.25240478515633,268.84740709991496,-0.08008487629878391,0.7354657950035022,1384.2366705557604,25.48851181555987,0.3328261979691845
0.14400000000000002,1384.1958094914398,37.20478207826838,25.489745886352647,5.291799093170433,0.7567410359757492,0.8426535458627451,292.25240478515633,268.8408641601566,-0.08010726427455829,0.7354040168145727,1384.1958094914398,25.489745886352647,0.33283274192368945
0.145,1384.155362976384,37.204238508218175,25.490980906198292,5.2919918163714,0.7567481440577729,0.8426394312694694,292.25240478515633,268.83432122039835,-0.08012965225033247,0.7354040168145727,1384.155362976384,25.490980906198292,0.33283931445531806
0.146,1384.1153310105926,37.20370050157098,25.492229599155888,5.29218453957237,0.7567551792867915,0.8426228086634072,292.25240478515633,268.82777828064,-0.08015204022610685,0.7354040168145727,1384.1153310105926,25.492229599155888,0.33284600038459106
0.147,1384.0757135940657,37.20316805856815,25.4934823800945,5.292377262773338,0.7567621416628046,0.8426126295402876,292.25240478515633,268.8198179260258,-0.08017927817003438,0.7351704810836058,1384.0757135940657,25.4934823800945,0.3328527358172622
0.148,1384.0365107268033,37.202641179448584,25.49474373264645,5.292569985974308,0.7567690311858126,0.8425972086443464,292.25240478515633,268.7958862060551,-0.08026116533188091,0.7349988325939761,1384.0365107268033,25.49474373264645,0.33285955064252104
0.149,1383.9977224088057,37.20211986444866,25.49600562812351,5.292762709175276,0.7567758478558153,0.8425747882386463,292.25240478515633,268.7719544860844,-0.08034305249372761,0.7352323137987392,1383.9977224088057,25.49600562812351,0.33286639134146656
0.15,1383.959348640072,37.2016041138023,25.497270951423854,5.292955432376244,0.7567825916728128,0.8425527742181447,292.25240478515633,268.74802276611365,-0.08042493965557433,0.7354657950035022,1383.959348640072,25.497270951423854,0.332873277145985
0.151,1383.9213894206034,37.201093927740935,25.49854514959286,5.293148155577214,0.7567892626368049,0.8425371872589539,292.25240478515633,268.724091046143,-0.08050682681742084,0.7354657950035022,1383.9213894206034,25.49854514959286,0.3328802443674209
0.152,1383.8838447503988,37.200589306493505,25.49982087752051,5.2933408787781815,0.7567958607477917,0.8425190703647003,292.25240478515633,268.7001593261723,-0.08058871397926737,0.7354657950035022,1383.8838447503988,25.49982087752051,0.3328872440436279
0.153,1383.8467146294588,37.20009025028647,25.501102141976588,5.293533601979151,0.7568023860057733,0.8425050053173748,292.25240478515633,268.67622760620156,-0.08067060114111407,0.7354657950035022,1383.8467146294588,25.501102141976588,0.3328943028849438
0.154,1383.8099990577834,37.19959675934382,25.50239479669421,5.29372632518012,0.7568088384107496,0.8424876640942817,292.25240478515633,268.6522958862309,-0.0807524883029606,0.7354657950035022,1383.8099990577834,25.50239479669421,0.3329014599136945
0.155,1383.7736980353727,37.19910883388704,25.503690109022305,5.293919048381087,0.7568152179627206,0.8424715150254452,292.25240478515633,268.62836416626016,-0.0808343754648073,0.7354657950035022,1383.7736980353727,25.503690109022305,0.3329086569182499
0.156,1383.737811562226,37.19862647413512,25.504990461990715,5.294111771582057,0.7568215246616863,0.8424569190655593,292.25240478515633,268.6044324462894,-0.08091626262665402,0.7354657950035022,1383.737811562226,25.504990461990715,0.33291590978494395
0.157,1383.7023396383445,37.19814968030459,25.506311887637803,5.294304494783025,0.7568277585076467,0.8424389601441916,292.25240478515633,268.58050072631875,-0.08099814978850053,0.7354657950035022,1383.7023396383445,25.506311887637803,0.3329233253854294
0.158,1383.667282263727,37.19767845260947,25.507645824784444,5.294497217983994,0.756833919500602,0.8424212754721048,292.25240478515633,268.55656900634807,-0.08108003695034706,0.7352941176470589,1383.667282263727,25.507645824784444,0.3329308466510914
0.159,1383.632639438374,37.197212791261315,25.508980875625838,5.294689941184964,0.7568400076405517,0.8424016472055417,292.25240478515633,268.5326372863773,-0.08116192411219396,0.73512252042007,1383.632639438374,25.508980875625838,0.33293839760414246
0.16,1383.5984111622854,37.196752696469154,25.51032127685116,5.294882664385932,0.7568460229274964,0.8423866067373785,292.25240478515633,268.5087055664066,-0.08124381127404048,0.73512252042007,1383.5984111622854,25.51032127685116,0.3329460064875108
0.161,1383.5645974354618,37.19629816843958,25.511667715806556,5.295075387586902,0.7568519653614356,0.8423711875076908,292.25240478515633,268.48477384643587,-0.08132569843588719,0.73512252042007,1383.5645974354618,25.511667715806556,0.3329536778839247
0.162,1383.5311982579024,37.195849207376654,25.513019505548684,5.29526811078787,0.7568578349423697,0.8423555330953425,292.25240478515633,268.4608421264652,-0.08140758559773371,0.7346082089552238,1383.5311982579024,25.513019505548684,0.3329614072149835
0.163,1383.4982136296078,37.19540581348196,25.514375780801963,5.295460833988839,0.7568636316702985,0.8423354625287897,292.25240478515633,268.43691040649446,-0.08148947275958042,0.7346082089552238,1383.4982136296078,25.514375780801963,0.33296918871350073
0.164,1383.4656435505772,37.194967986954595,25.515732056055246,5.295653557189807,0.756869355545222,0.842318202289636,292.25240478515633,268.41297868652384,-0.08157135992142675,0.7346082089552238,1383.4656435505772,25.515732056055246,0.3329769924795143
0.165,1383.4334880208116,37.19453572799117,25.51708914257356,5.295846280390776,0.7568750065671401,0.8423011774941226,292.25240478515633,268.3890469665531,-0.08165324708327346,0.7346082089552238,1383.4334880208116,25.51708914257356,0.332984823921765
0.166,1383.4017470403098,37.19410903678578,25.51845577550815,5.296039003591745,0.756880584736053,0.8422850514717816,292.25240478515633,268.3651152465824,-0.08173513424512018,0.7346082089552238,1383.4017470403098,25.51845577550815,0.33299274127021145
0.167,1383.3704206090729,37.19368791353007,25.519825016233348,5.296231726792715,0.7568860900519607,0.8422667510888794,292.25240478515633,268.3411835266117,-0.08181702140696669,0.7344369316857077,1383.3704206090729,25.519825016233348,0.333000698272214
0.168,1383.3395087271006,37.19327235841316,25.521199206945322,5.296424449993682,0.756891522514863,0.8422481491943784,292.25240478515633,268.31725180664097,-0.08189890856881339,0.7346700862671951,1383.3395087271006,25.521199206945322,0.3330087105417867
0.169,1383.3090113943929,37.19286237162169,25.522576262309084,5.296617173194652,0.75689688212476,0.8422291772109021,292.25240478515633,268.29332008667024,-0.08198079573066011,0.7348414179104478,1383.3090113943929,25.522576262309084,0.33301676417867454
0.17,1383.2789286109494,37.192457953339805,25.523961311828547,5.2968098963956205,0.7569021688816518,0.8422105135646414,292.25240478515633,268.26938836669956,-0.08206268289250662,0.7348414179104478,1383.2789286109494,25.523961311828547,0.333024893377277
0.171,1383.2492603767705,37.19205910374916,25.525352645940515,5.297002619596589,0.7569073827855384,0.8421923455987115,292.25240478515633,268.2454566467289,-0.08214457005435315,0.7348414179104478,1383.2492603767705,25.525352645940515,0.33303308674224247
0.17200000000000001,1383.220006691856,37.1916658230289,25.526750018747915,5.297195342797558,0.7569125238364196,0.8421765556175619,292.25240478515633,268.22152492675815,-0.08222645721619985,0.7348414179104478,1383.220006691856,25.526750018747915,0.333041342635119
0.17300000000000001,1383.1911675562062,37.19127811135571,25.528153193990285,5.297388065998526,0.7569175920342954,0.8421604028950127,292.25240478515633,268.1975932067874,-0.08230834437804657,0.7348414179104478,1383.1911675562062,25.528153193990285,0.33304965948168286
0.17400000000000002,1383.162742969821,37.190895968903746,25.529560895812,5.297580789199494,0.7569225873791661,0.8421462325525054,292.25240478515633,268.17366148681674,-0.08239023153989308,0.7344369316857077,1383.162742969821,25.529560895812,0.33305802877768015
0.17500000000000002,1383.1347329327,37.19051939584469,25.53097358536808,5.297773512400464,0.7569275098710315,0.8421289416583008,292.25240478515633,268.149729766846,-0.0824721187017398,0.7344369316857077,1383.1347329327,25.53097358536808,0.33306645359789183
0.176,1383.1071374448436,37.190148392347716,25.532386274924153,5.297966235601439,0.7569323595098916,0.8421094711437946,292.25240478515633,268.12579804687533,-0.08255400586358631,0.7342037771042201,1383.1071374448436,25.532386274924153,0.3330749006943782
0.177,1383.0799565062516,37.18978295857952,25.53379896448022,5.298158958802399,0.7569371362957464,0.8420949020848706,292.25240478515633,268.1018663269046,-0.08263589302543303,0.7342037771042201,1383.0799565062516,25.53379896448022,0.3330833700678057
0.178,1383.0531901169243,37.18942309470428,25.5352116540363,5.298351682003378,0.7569418402285959,0.8420802708526046,292.25240478515633,268.0779346069339,-0.08271778018727954,0.7340326340326341,1383.0531901169243,25.5352116540363,0.33309186171883126
0.179,1383.0268382768613,37.189068800883696,25.53662594963812,5.2985444052043364,0.7569464713084402,0.8420621620286395,292.25240478515633,268.0540028869632,-0.08279966734912626,0.7340326340326341,1383.0268382768613,25.53662594963812,0.33310038635412453
0.18,1383.000900986063,37.18872007727697,25.538041958911954,5.298737128405315,0.7569510295352792,0.8420446806595664,292.25240478515633,268.0300711669925,-0.08288155451097277,0.7340326340326341,1383.000900986063,25.538041958911954,0.3331089446917674
0.181,1382.975378244529,37.18837692404078,25.53946939397334,5.298929851606275,0.7569555149091128,0.8420265005279778,292.25240478515633,268.0061394470218,-0.0829634416728195,0.7340326340326341,1382.975378244529,25.53946939397334,0.33311760147408676
0.182,1382.9502700522598,37.18803934132936,25.540909285497314,5.299122574807252,0.7569599274299412,0.8420118763220823,292.25240478515633,267.9822077270511,-0.083045328834666,0.7340326340326341,1382.9502700522598,25.540909285497314,0.33312636357225794
0.183,1382.9255764092547,37.187707329294376,25.542357959642278,5.299315298008212,0.7569642670977644,0.8419926658033626,292.25240478515633,267.95827600708037,-0.08312721599651272,0.7342037771042201,1382.9255764092547,25.542357959642278,0.33313520649677997
0.184,1382.9012973155145,37.187380888085066,25.543808017745267,5.299508021209189,0.7569685339125822,0.8419743078042219,292.25240478515633,267.9343442871097,-0.08320910315835923,0.7340326340326341,1382.9012973155145,25.543808017745267,0.33314408092819997
0.185,1382.8774327710385,37.187060017848125,25.545279924064257,5.29970074441015,0.7569727278743948,0.8419578650531709,292.25240478515633,267.91041256713896,-0.08329099032020595,0.7340326340326341,1382.8774327710385,25.545279924064257,0.3331531232834043
0.186,1382.8539827758273,37.186744718727766,25.54675889082077,5.299893467611127,0.756976848983202,0.8419399223125308,292.25240478515633,267.8864808471683,-0.08337287748205247,0.7338615707294337,1382.8539827758273,25.54675889082077,0.33316223498651404
0.187,1382.8309473298802,37.18643499086569,25.548238489832254,5.300086190812086,0.7569808972390041,0.8419219253283099,292.25240478515633,267.86254912719755,-0.08345476464389918,0.7334575955265611,1382.8309473298802,25.548238489832254,0.33317137318734225
0.188,1382.8083264331979,37.18613083440112,25.549723103571964,5.300278914013066,0.7569848726418008,0.8418994100465318,292.25240478515633,267.8386174072268,-0.08353665180574589,0.733690587138863,1382.8083264331979,25.549723103571964,0.3331805671003457
0.189,1382.7861200857799,37.185832249470764,25.551210187703006,5.300471637214025,0.7569887751915922,0.8418825883532784,292.25240478515633,267.8146856872561,-0.08361853896759261,0.7334575955265611,1382.7861200857799,25.551210187703006,0.33318979976532814
0.19,1382.7643282876263,37.18553923620883,25.552711789622442,5.300664360415002,0.7569926048883784,0.8418674093853136,292.25240478515633,267.7907539672854,-0.08370042612943912,0.7334575955265611,1382.7643282876263,25.552711789622442,0.33319915149169105
0.191,1382.7429510387374,37.18525179474703,25.55421402196425,5.300857083615963,0.7569963617321593,0.8418530886383253,292.25240478515633,267.7668222473147,-0.08378231329128584,0.733690587138863,1382.7429510387374,25.55421402196425,0.3332085297057233
0.192,1382.721988339113,37.18496992521458,25.555717624192035,5.301049806816939,0.7570000457229349,0.8418371982403026,292.25240478515633,267.742890527344,-0.08386420045313235,0.733690587138863,1382.721988339113,25.555717624192035,0.33321793933726257
0.193,1382.7014401887534,37.18469362773819,25.557222687332473,5.3012425300179,0.7570036568607051,0.8418174922620811,292.25240478515633,267.71895880737327,-0.08394608761497907,0.733690587138863,1382.7014401887534,25.557222687332473,0.3332273809936062
0.194,1382.6813065876581,37.184422902442066,25.55872968572373,5.3014352532188775,0.7570071951454702,0.8417997178130537,292.25240478515633,267.6950270874026,-0.08402797477682558,0.733690587138863,1382.6813065876581,25.55872968572373,0.33323685783722545
0.195,1382.6615875358268,37.184157749447905,25.56025225320878,5.301627976419836,0.75701066057723,0.8417809203043961,292.25240478515633,267.67109536743186,-0.0841098619386723,0.733690587138863,1382.6615875358268,25.56025225320878,0.33324646075284076
0.196,1382.6422830332608,37.18389816887493,25.561789288750244,5.301820699620815,0.7570140531559844,0.8417612240827921,292.25240478515633,267.6471636474612,-0.08419174910051881,0.7335196832052178,1382.6422830332608,25.561789288750244,0.33325618240133026
0.197,1382.6233930799588,37.18364416083984,25.563327012568987,5.302013422821775,0.7570173728817337,0.841748086355779,292.25240478515633,267.62323192749045,-0.08427363626236553,0.7335196832052178,1382.6233930799588,25.563327012568987,0.3332659309261051
0.198,1382.6049176759213,37.18339572545683,25.564865338931888,5.302206146022752,0.7570206197544775,0.8417299252756922,292.25240478515633,267.5993002075198,-0.08435552342421204,0.7333488588728458,1382.6049176759213,25.564865338931888,0.33327570575611865
0.199,1382.5868568211486,37.18315286283761,25.56640474769089,5.302398869223713,0.7570237937742161,0.8417099143529881,292.25240478515633,267.5926741226198,-0.08437819589770228,0.7333488588728458,1382.5868568211486,25.56640474769089,0.3332855100905472
0.2,1382.56921051564,37.18291557309136,25.567944626532878,5.3025915924246885,0.7570268949409495,0.8416938219969998,292.25240478515633,267.59682525634787,-0.08436399196418427,0.7331159757801584,1382.56921051564,25.567944626532878,0.3332953398481016
0.201,1382.5519787593962,37.18268385632479,25.569484505374863,5.302784315625649,0.7570299232546776,0.8416812314636513,292.25240478515633,267.6009763900759,-0.08434978803066628,0.7329452852153667,1382.5519787593962,25.569484505374863,0.3333051918955997
0.202,1382.5351615524166,37.18245771264208,25.571029086920408,5.3029770388266275,0.7570328787154004,0.8416652441418654,292.25240478515633,267.6051275238039,-0.08433558409714847,0.7329452852153667,1382.5351615524166,25.571029086920408,0.33331509758203787
0.203,1382.5187588947017,37.18223714214493,25.57257449781629,5.303169762027587,0.7570357613231178,0.8416464615491887,292.25240478515633,267.60927865753195,-0.08432138016363047,0.7329452852153667,1382.5187588947017,25.57257449781629,0.33332503108775563
0.20400000000000001,1382.5027707862514,37.18202214493251,25.574125551643327,5.303362485228564,0.75703857107783,0.8416290520899995,292.25240478515633,267.61342979125993,-0.08430717623011266,0.7329452852153667,1382.5027707862514,25.574125551643327,0.3333350245008454
0.20500000000000002,1382.4871972270657,37.18181272110151,25.575683918784755,5.303555208429525,0.757041307979537,0.8416126291533136,292.25240478515633,267.617580924988,-0.08429297229659467,0.7329452852153667,1382.4871972270657,25.575683918784755,0.3333450889565955
0.20600000000000002,1382.472038217144,37.18160887074609,25.577243932506086,5.303747931630502,0.7570439720282387,0.8415941440370917,292.25240478515633,267.62173205871596,-0.08427876836307686,0.7327124563445867,1382.472038217144,25.577243932506086,0.3333551866804997
0.20700000000000002,1382.4572937564872,37.181410593957935,25.57881801026967,5.303940654831463,0.757046563223935,0.841577231422603,292.25240478515633,267.625883192444,-0.08426456442955886,0.7327124563445867,1382.4572937564872,25.57881801026967,0.3333654004486728
0.20800000000000002,1382.442963845095,37.18121789082621,25.58039850144938,5.304133378032439,0.7570490815666261,0.8415596357445183,292.25240478515633,267.630034326172,-0.08425036049604105,0.7328830926874709,1382.442963845095,25.58039850144938,0.3333756792618159
0.209,1382.4290484829671,37.181030761437576,25.581989425684622,5.304326101233406,0.7570515270563118,0.8415409401583848,292.25240478515633,267.63418545990004,-0.08423615656252306,0.7330538085255066,1382.4290484829671,25.581989425684622,0.3333860499154976
0.21,1382.4155476701035,37.18084920587618,25.583584703914678,5.304518824434375,0.7570538996929925,0.8415238700126679,292.25240478515633,267.638336593628,-0.08422195262900525,0.7330538085255066,1382.4155476701035,25.583584703914678,0.33339647188657356
0.211,1382.4024614065047,37.180673224223696,25.585183661754016,5.304711547635344,0.7570561994766677,0.8415044044768473,292.25240478515633,267.64248772735607,-0.08420774869548725,0.7330538085255066,1382.4024614065047,25.585183661754016,0.33340694067986504
0.212,1382.3897896921703,37.18050281655925,25.586787760317275,5.304904270836314,0.7570584264073377,0.8414860787588605,292.25240478515633,267.64663886108406,-0.08419354476196944,0.7330538085255066,1382.3897896921703,25.586787760317275,0.3334174660355899
0.213,1382.3775325271004,37.18033798295949,25.58839486523055,5.305096994037282,0.7570605804850024,0.8414685493896387,292.25240478515633,267.6507899948121,-0.08417934082845145,0.7330538085255066,1382.3775325271004,25.58839486523055,0.3334280337261561
0.214,1382.3656899112948,37.18017872349856,25.590016729719906,5.30528971723825,0.7570626617096619,0.84145368285426,292.25240478515633,267.65494112854014,-0.08416513689493345,0.7330538085255066,1382.3656899112948,25.590016729719906,0.33343872209975856
0.215,1382.354261844754,37.18002503824808,25.59164921359329,5.30548244043922,0.757064670081316,0.8414353585415472,292.25240478515633,267.65909226226813,-0.08415093296141564,0.7330538085255066,1382.354261844754,25.59164921359329,0.33344950355784875
0.216,1382.3432483274776,37.17987692727717,25.593308190637316,5.305675163640188,0.7570666055999647,0.8414217484617538,292.25240478515633,267.6632433959961,-0.08413672902789783,0.7330538085255066,1382.3432483274776,25.593308190637316,0.3334604839165718
0.217,1382.3326493594657,37.17973439065246,25.594994548174192,5.305867886841157,0.7570684682656084,0.8413984381561835,292.25240478515633,267.66739452972416,-0.08412252509437984,0.7328208711856511,1382.3326493594657,25.594994548174192,0.33347166909115133
0.218,1382.3224649407182,37.179597428438065,25.596682887746976,5.306060610042127,0.7570702580782466,0.8413812452698105,292.25240478515633,267.67154566345215,-0.08410832116086203,0.7328208711856511,1382.3224649407182,25.596682887746976,0.33348288977379875
0.219,1382.3126950712356,37.17946604069557,25.5983745168463,5.306253333243094,0.7570719750378796,0.8413644964902082,292.25240478515633,267.6756967971802,-0.08409411722734403,0.7328208711856511,1382.3126950712356,25.5983745168463,0.33349415468059235
0.22,1382.303339751017,37.17934022748409,25.600069051533094,5.306446056444063,0.7570736191445073,0.8413525021544404,292.25240478515633,267.67984793090824,-0.08407991329382603,0.7330538085255066,1382.303339751017,25.600069051533094,0.3335054612524015
0.221,1382.294398980063,37.17921998886022,25.60176358621988,5.3066387796450325,0.7570751903981298,0.841330353408302,292.25240478515633,267.66037973480223,-0.08414652761688118,0.7330538085255066,1382.294398980063,25.60176358621988,0.3335167901205855
0.222,1382.2858727583737,37.17910532487803,25.603458120906673,5.306831502846,0.7570766887987469,0.8413105127445942,292.25240478515633,267.6406162506104,-0.08421415232712569,0.7330538085255066,1382.2858727583737,25.603458120906673,0.33352814128536074
0.223,1382.2777610859484,37.178996235589096,25.605153129047828,5.30702422604697,0.7570781143463589,0.8412933160639813,292.25240478515633,267.62085276641847,-0.08428177703737039,0.7330538085255066,1382.2777610859484,25.605153129047828,0.3335395179030162
0.224,1382.2700639627878,37.17889272104251,25.606857710610527,5.307216949247938,0.7570794670409654,0.8412813237758985,292.25240478515633,267.6010892822266,-0.08434940174761489,0.7330538085255066,1382.2700639627878,25.606857710610527,0.33355098063482147
0.225,1382.262781388892,37.17879478128483,25.608565243822333,5.307409672448908,0.7570807468825668,0.8412546878891374,292.25240478515633,267.58132579803475,-0.0844170264578594,0.7332867458653622,1382.262781388892,25.608565243822333,0.3335624853397241
0.226,1382.2559133642608,37.1787024163601,25.610283201124048,5.307602395649877,0.7570819538711627,0.8412368155326552,292.25240478515633,267.56156231384284,-0.0844846511681041,0.7332867458653622,1382.2559133642608,25.610283201124048,0.3335740818297589
0.227,1382.2494598888939,37.17861562630989,25.612001931235724,5.307795118850844,0.7570830880067535,0.8412138604603056,292.25240478515633,267.54179882965093,-0.08455227587834879,0.7332867458653622,1382.2494598888939,25.612001931235724,0.333585705768926
0.228,1382.2434209627913,37.178534411173224,25.613723726543952,5.307987842051815,0.757084149289339,0.84119432150895,292.25240478515633,267.5220353454591,-0.0846199005885933,0.7332867458653622,1382.2434209627913,25.613723726543952,0.333597372438605
0.229,1382.2377965859534,37.17845877098664,25.6154557890531,5.3081805652527825,0.7570851377189192,0.8411709089998008,292.25240478515633,267.5022718612672,-0.0846875252988378,0.7332867458653622,1382.2377965859534,25.6154557890531,0.3336091298480507
0.23,1382.23258675838,37.17838870578417,25.61719361447892,5.30837328845375,0.757086053295494,0.8411488046603245,292.25240478515633,267.483354537964,-0.0847522547005245,0.7331159757801584,1382.23258675838,25.61719361447892,0.3336209479714978
0.231,1382.2277914800716,37.17832421559734,25.61893322612847,5.308566011654719,0.7570868960190636,0.8411302700583781,292.25240478515633,267.52521183929457,-0.08460903158021736,0.7331159757801584,1382.2277914800716,25.61893322612847,0.3336328003001351
0.232,1382.2234107510267,37.17826530045514,25.620673675664918,5.308758734855688,0.7570876658896281,0.8411120275125435,292.25240478515633,267.5670691406251,-0.08446580845991042,0.7331159757801584,1382.2234107510267,25.620673675664918,0.33364468051239293
0.233,1382.2194445712469,37.1782119603841,25.62241412520136,5.308951458056657,0.7570883629071872,0.8410926622932193,292.25240478515633,267.60892644195565,-0.08432258533960348,0.7331159757801584,1382.2194445712469,25.62241412520136,0.3336565830229597
0.234,1382.2158929407312,37.178164195408186,25.624157699274974,5.309144181257625,0.7570889870717409,0.8410721902800029,292.25240478515633,267.65078374328624,-0.08417936221929634,0.7331159757801584,1382.2158929407312,25.624157699274974,0.3336685286603337
0.23500000000000001,1382.2127558594805,37.178122005548914,25.62590859850304,5.309336904458594,0.7570895383832894,0.8410497564037468,292.25240478515633,267.6926410446168,-0.0840361390989894,0.7331159757801584,1382.2127558594805,25.62590859850304,0.33368054542623504
0.23600000000000002,1382.2100333274943,37.17808539082526,25.627663721277653,5.309529627659563,0.7570900168418326,0.8410325201947804,292.25240478515633,267.7344983459474,-0.08389291597868226,0.7331159757801584,1382.2100333274943,25.627663721277653,0.3336926126451855
0.23700000000000002,1382.2077253447724,37.17805435125368,25.629422707945206,5.3097223508605325,0.7570904224473705,0.8410118514632633,292.25240478515633,267.7763556472779,-0.08374969285837532,0.7329452852153667,1382.2077253447724,25.629422707945206,0.33370472791977274
0.23800000000000002,1382.2058319113146,37.17802888684814,25.631181694612756,5.3099150740615,0.7570907551999032,0.8409936401546648,292.25240478515633,267.81821294860845,-0.08360646973806837,0.7329452852153667,1382.2058319113146,25.631181694612756,0.33371686549304835
0.23900000000000002,1382.2043530271221,37.17800899762011,25.632942582177165,5.310107797262469,0.7570910150994306,0.8409735447348357,292.25240478515633,267.86007024993904,-0.08346324661776124,0.7329452852153667,1382.2043530271221,25.632942582177165,0.3337290380365813
0.24,1382.2032886921932,37.177994683578525,25.634706106490444,5.310300520463436,0.7570912021459527,0.8409523182700981,292.25240478515633,267.9019275512696,-0.08332002349745429,0.7329452852153667,1382.2032886921932,25.634706106490444,0.3337412504556528
0.241,1382.2026389065295,37.17798594472984,25.636483207647917,5.310493243664405,0.7570913163394695,0.8409353087117709,292.25240478515633,267.9437848526002,-0.08317680037714716,0.7331781140861466,1382.2026389065295,25.636483207647917,0.3337535756777958
0.242,1382.20240367013,37.17798278107797,25.638266190673757,5.310685966865374,0.757091357679981,0.8409153816638559,292.25240478515633,267.9856421539307,-0.08303357725684021,0.7331781140861466,1382.20240367013,25.638266190673757,0.3337659624077321
0.243,1382.202582982995,37.17798519262434,25.6400542196369,5.3108786900663425,0.7570913261674873,0.8408959622812524,292.25240478515633,268.02749945526125,-0.08289035413653327,0.7331781140861466,1382.202582982995,25.6400542196369,0.3337784050730873
0.244,1382.2031768451247,37.17799317936788,25.64184962960449,5.311071413267312,0.7570912218019883,0.8408717795413613,292.25240478515633,268.06935675659184,-0.08274713101622613,0.7331781140861466,1382.2031768451247,25.64184962960449,0.33379091923959237
0.245,1382.204185256519,37.17800674130498,25.643662263141344,5.311264136468281,0.757091044583484,0.840846835925839,292.25240478515633,268.1112140579224,-0.08260390789591919,0.7331781140861466,1382.204185256519,25.643662263141344,0.3338035705185182
0.246,1382.2056082171775,37.17802587842955,25.64547642252515,5.311456859669248,0.7570907945119743,0.8408296949743822,292.25240478515633,268.153071359253,-0.08246068477561205,0.7331781140861466,1382.2056082171775,25.64547642252515,0.33381625426762995
0.247,1382.2074457271005,37.17805059073297,25.64729329790951,5.311649582870217,0.7570904715874595,0.8408098311437272,292.25240478515633,268.1949286605835,-0.08231746165530511,0.7330074487895717,1382.2074457271005,25.64729329790951,0.33382897842054765
0.248,1382.209697786288,37.178080878204135,25.649110173293867,5.311842306071187,0.7570900758099393,0.8407899062840246,292.25240478515633,268.23678596191405,-0.08217423853499817,0.7327746741154563,1382.209697786288,25.649110173293867,0.3338417248721606
0.249,1382.2123643947398,37.17811674082941,25.65092824807188,5.312035029272156,0.7570896071794139,0.8407672327884566,292.25240478515633,268.27864326324465,-0.08203101541469103,0.7327746741154563,1382.2123643947398,25.65092824807188,0.33385450161766356
0.25,1382.2154455524565,37.17815817859266,25.65275150881158,5.312227752473124,0.7570890656958832,0.8407444591855846,292.25240478515633,268.3205005645752,-0.08188779229438409,0.7329452852153667,1382.2154455524565,25.65275150881158,0.33386733523175754
0.251,1382.2189412594378,37.17820519147526,25.654574769551278,5.3124204756740925,0.7570884513593471,0.8407263742829914,292.25240478515633,268.3623578659058,-0.08174456917407695,0.7329452852153667,1382.2189412594378,25.654574769551278,0.33388019114435324
0.252,1382.2228515156833,37.17825777945603,25.656398437723013,5.312613198875062,0.7570877641698058,0.8407055364568478,292.25240478515633,268.39404282836915,-0.08163615274381125,0.7329452852153667,1382.2228515156833,25.656398437723013,0.3338930720713389
0.253,1382.2271763211934,37.17831594251135,25.658238282117356,5.312805922076031,0.7570870041272593,0.8406837832552218,292.25240478515633,268.4246028701782,-0.08153158545434269,0.7329452852153667,1382.2271763211934,25.658238282117356,0.33390608312857684
0.254,1382.231915675968,37.17837968061502,25.660085725226626,5.312998645276999,0.7570861712317075,0.84066027239696,292.25240478515633,268.4551629119873,-0.08142701816487394,0.7327746741154563,1382.231915675968,25.660085725226626,0.33391916713764414
0.255,1382.2370695800068,37.178448993738385,25.661940199782613,5.313191368477968,0.7570852654831504,0.8406432727357777,292.25240478515633,268.4857229537964,-0.08132245087540517,0.7326041424249476,1382.2370695800068,25.661940199782613,0.3339323203169728
0.256,1382.2426380333109,37.17852388185027,25.663795217853657,5.313384091678936,0.7570842868815879,0.8406243180773235,292.25240478515633,268.5162829956055,-0.08121788358593661,0.7326041424249476,1382.2426380333109,25.663795217853657,0.3339454994173926
0.257,1382.2486210358784,37.17860434491696,25.66565173801695,5.313576814879905,0.7570832354270203,0.8406015653845215,292.25240478515633,268.5468430374146,-0.08111331629646786,0.7326041424249476,1382.2486210358784,25.66565173801695,0.3339587108287172
0.258,1382.255018587711,37.17869038290229,25.667517504860353,5.313769538080875,0.7570821111194473,0.8405770048667981,292.25240478515633,268.57740307922364,-0.08100874900699928,0.7326041424249476,1382.255018587711,25.667517504860353,0.3339720061768134
0.259,1382.2618306888082,37.17878199576754,25.66939613343029,5.3139622612818425,0.757080913958869,0.8405571356157998,292.25240478515633,268.60796312103275,-0.08090418171753053,0.7323714219222713,1382.2618306888082,25.66939613343029,0.3339854095597006
0.26,1382.2690573391699,37.178879183471494,25.671275566585255,5.314154984482811,0.7570796439452855,0.8405402005370008,292.25240478515633,268.63852316284186,-0.08079961442806177,0.7323714219222713,1382.2690573391699,25.671275566585255,0.33399884060339197
0.261,1382.276698538796,37.17898194597044,25.67316007703839,5.314347707683781,0.7570783010786967,0.8405179100990811,292.25240478515633,268.6690832046509,-0.0806950471385932,0.7323714219222713,1382.276698538796,25.67316007703839,0.33401232778994344
0.262,1382.2847542876862,37.17909028321815,25.675050671174827,5.31454043088475,0.7570768853591027,0.8405008511754817,292.25240478515633,268.69964324646,-0.08059047984912444,0.732138701419595,1382.2847542876862,25.675050671174827,0.33402587782780974
0.263,1382.2932245858412,37.179204195165894,25.676944735496747,5.314733154085718,0.7570753967865033,0.8404755797697346,292.25240478515633,268.7302032882691,-0.08048591255965588,0.7323714219222713,1382.2932245858412,25.676944735496747,0.33403947329502104
0.264,1382.302109433261,37.17932368176243,25.678844456716885,5.314925877286687,0.7570738353608986,0.840453178556064,292.25240478515633,268.7607633300782,-0.08038134527018713,0.7326041424249476,1382.302109433261,25.678844456716885,0.3340531287681655
0.265,1382.3114088299453,37.17944874295402,25.68074421969558,5.315118600487657,0.7570722010822886,0.840428402208312,292.25240478515633,268.7913233718873,-0.08027677798071836,0.7326041424249476,1382.3114088299453,25.68074421969558,0.3340668068160805
0.266,1382.3211227758936,37.179579378684394,25.6826522116655,5.315311323688625,0.7570704939506734,0.8404062687395107,292.25240478515633,268.82188341369636,-0.0801722106912498,0.7326041424249476,1382.3211227758936,25.6826522116655,0.33408056201525616
0.267,1382.3312512711066,37.179715588894794,25.684566220288804,5.315504046889593,0.7570687139660529,0.8403900850808558,292.25240478515633,268.85244345550547,-0.08006764340178105,0.7326041424249476,1382.3312512711066,25.684566220288804,0.3340943796178454
0.268,1382.3417943155844,37.179857373523966,25.68648261494306,5.315696770090561,0.7570668611284271,0.840360062704309,292.25240478515633,268.8830034973145,-0.07996307611231247,0.7324336900884132,1382.3417943155844,25.68648261494306,0.3341082354215981
0.269,1382.3527519093263,37.180004732508124,25.6884024042648,5.315889493291531,0.7570649354377961,0.8403367900801603,292.25240478515633,268.91356353912363,-0.07985850882284372,0.7324336900884132,1382.3527519093263,25.6884024042648,0.3341221361499069
0.27,1382.364124052333,37.18015766578099,25.69032399175929,5.3160822164925,0.7570629368941597,0.84031496320202,292.25240478515633,268.94412358093274,-0.07975394153337496,0.7324336900884132,1382.364124052333,25.69032399175929,0.33413607116015126
0.271,1382.375910744604,37.18031617327378,25.692250558743694,5.316274939693469,0.7570608654975182,0.8402923995788124,292.25240478515633,268.9746836227418,-0.07964937424390639,0.7324336900884132,1382.375910744604,25.692250558743694,0.3341500616589584
0.272,1382.3881119861394,37.1804802549152,25.694187148048105,5.3164676628944365,0.7570587212478712,0.8402717055724366,292.25240478515633,268.98762060546886,-0.07960510777247537,0.7324336900884132,1382.3881119861394,25.694187148048105,0.3341641412619319
0.273,1382.4007277769394,37.180649910631466,25.696124709635892,5.316660386095406,0.7570565041452191,0.8402472801818568,292.25240478515633,268.995105911255,-0.07957949530303604,0.7324336900884132,1382.4007277769394,25.696124709635892,0.3341782496405443
0.274,1382.4137581170041,37.18082514034626,25.69806227122368,5.316853109296375,0.7570542141895615,0.840226349848526,292.25240478515633,269.0025912170411,-0.07955388283359689,0.7324336900884132,1382.4137581170041,25.69806227122368,0.33419238031317555
0.275,1382.4272030063332,37.18100594398077,25.699999832811468,5.317045832497343,0.7570518513808988,0.8402047765219864,292.25240478515633,269.0100765228272,-0.07952827036415755,0.7322633170504769,1382.4272030063332,25.699999832811468,0.33420653327951033
0.276,1382.441062444927,37.18119232145369,25.701937394399256,5.317238555698312,0.7570494157192308,0.840179299845842,292.25240478515633,269.01756182861334,-0.0795026578947182,0.7318604651162791,1382.441062444927,25.701937394399256,0.33422070853922353
0.277,1382.4553364327849,37.1813842726812,25.70387495598704,5.317431278899281,0.7570469072045575,0.8401598783151765,292.25240478515633,269.0250471343995,-0.07947704542527888,0.7318604651162791,1382.4553364327849,25.70387495598704,0.3342349060919798
0.278,1382.4700249699072,37.181581797576975,25.70581518439397,5.317624002100249,0.7570443258368789,0.8401383469059563,292.25240478515633,269.0325324401856,-0.07945143295583953,0.7318604651162791,1382.4700249699072,25.70581518439397,0.33424914371465325
0.279,1382.4851280562941,37.18178489605218,25.707761991371285,5.317816725301218,0.7570416716161951,0.8401098181149638,292.25240478515633,269.0400177459717,-0.07942582048640039,0.7316903045803301,1382.4851280562941,25.707761991371285,0.3342634474829196
0.28,1382.5006456919457,37.18199356801549,25.70971361111354,5.318009448502187,0.7570389445425059,0.8400848863438949,292.25240478515633,269.0475030517578,-0.07940020801696104,0.7316903045803301,1382.5006456919457,25.70971361111354,0.3342778056254202
0.281,1382.516577876862,37.182207813373076,25.71167338990785,5.318202171703155,0.7570361446158114,0.8400636040094737,292.25240478515633,269.05498835754395,-0.07937459554752171,0.7316903045803301,1382.516577876862,25.71167338990785,0.3342922404483842
0.28200000000000003,1382.5329246110423,37.18242763202858,25.713641193245937,5.3183948949041255,0.7570332718361117,0.8400390456598874,292.25240478515633,269.0624736633301,-0.07934898307808237,0.7318604651162791,1382.5329246110423,25.713641193245937,0.3343067510547838
0.28300000000000003,1382.5496858944873,37.182653023883155,25.71561222547136,5.318587618105093,0.7570303262034067,0.8400157887948841,292.25240478515633,269.0684194793701,-0.07932863828042572,0.7318604651162791,1382.5496858944873,25.71561222547136,0.33432130547601313
0.28400000000000003,1382.5668617271972,37.18288398883547,25.717597464252435,5.318780341306063,0.7570273077176964,0.8399896553538448,292.25240478515633,269.0564357299805,-0.07936964307352036,0.7318604651162791,1382.5668617271972,25.717597464252435,0.33433597688963856
0.28500000000000003,1382.5844521091713,37.18312052678166,25.719586492900874,5.318973064507031,0.7570242163789809,0.8399664305491668,292.25240478515633,269.04445198059085,-0.079410647866615,0.7319228086491514,1382.5844521091713,25.719586492900874,0.3343506958568086
0.28600000000000003,1382.6024570404093,37.18336263761535,25.721584231324194,5.319165787708,0.75702105218726,0.8399415016087213,292.25240478515633,269.0324682312012,-0.07945165265970966,0.7320930232558139,1382.6024570404093,25.721584231324194,0.3343654951735753
0.28700000000000003,1382.6208765209126,37.18361032122772,25.723582038090267,5.319358510908969,0.757017815142534,0.8399187526700087,292.25240478515633,269.0204844818116,-0.0794926574528043,0.7319228086491514,1382.6208765209126,25.723582038090267,0.33438031723505984
0.28800000000000003,1382.6397105506803,37.18386357750739,25.725588013799467,5.3195512341099365,0.7570145052448025,0.8398961938046577,292.25240478515633,269.0085007324219,-0.07953366224589914,0.7319228086491514,1382.6397105506803,25.725588013799467,0.3343952160400347
0.289,1382.6589591297122,37.18412240634048,25.727595196202508,5.31974395731091,0.7570111224940659,0.8398679894713829,292.25240478515633,268.9965169830323,-0.0795746670389938,0.7319228086491514,1382.6589591297122,25.727595196202508,0.33441014517716133
0.29,1382.6786222580085,37.18438680761064,25.72961080133273,5.31993668051187,0.7570076668903238,0.8398398716829181,292.25240478515633,268.9845332336426,-0.07961567183208863,0.7319228086491514,1382.6786222580085,25.72961080133273,0.33442515274860135
0.291,1382.6986999355697,37.18465678119901,25.731630692133834,5.320129403712848,0.7570041384335766,0.8398165000873211,292.25240478515633,268.972549484253,-0.07965667662518308,0.7315826167789914,1382.6986999355697,25.731630692133834,0.33444021117594747
0.292,1382.7191921623953,37.18493232698421,25.7336528645986,5.320322126913808,0.7570005371238241,0.8397941813030149,292.25240478515633,268.96056573486334,-0.07969768141827793,0.7315826167789914,1382.7191921623953,25.7336528645986,0.33445530709984955
0.293,1382.7400989384855,37.18521344484237,25.7356780054895,5.320514850114786,0.7569968629610663,0.8397722989366223,292.25240478515633,268.94858198547377,-0.07973868621137238,0.7315826167789914,1382.7400989384855,25.7356780054895,0.3344704450978233
0.294,1382.7614202638397,37.1855001346471,25.737703146380394,5.3207075733157465,0.7569931159453032,0.8397426720644372,292.25240478515633,268.9365982360841,-0.07977969100446722,0.7315826167789914,1382.7614202638397,25.737703146380394,0.33448560538160865
0.295,1382.783156138459,37.18579239626956,25.739735262085233,5.320900296516723,0.7569892960765348,0.8397165116622105,292.25240478515633,268.92461448669445,-0.07982069579756186,0.7314126394052045,1382.783156138459,25.739735262085233,0.3345008344453305
0.296,1382.8053065623426,37.186090229578355,25.74177734700327,5.321093019717684,0.7569854033547612,0.839692008841027,292.25240478515633,268.9126307373048,-0.07986170059065652,0.7314126394052045,1382.8053065623426,25.74177734700327,0.3345161522493563
0.297,1382.8278715354907,37.18639363443961,25.74382382023386,5.32128574291866,0.7569814377799822,0.8396702243419389,292.25240478515633,268.90064698791514,-0.07990270538375135,0.7314126394052045,1382.8278715354907,25.74382382023386,0.33453152159044275
0.298,1382.850851057903,37.18670261071695,25.745877840010554,5.32147846611962,0.756977399352198,0.839649151292984,292.25240478515633,268.8886632385255,-0.079943710176846,0.7314126394052045,1382.850851057903,25.745877840010554,0.3345469635210692
0.299,1382.8742451295802,37.187017158271516,25.74793291337172,5.321671189320598,0.7569732880714085,0.8396271871195627,292.25240478515633,268.87667948913594,-0.07998471496994046,0.7314126394052045,1382.8742451295802,25.74793291337172,0.33456243475810443
0.3,1382.8980537505217,37.18733727696192,25.74998859334163,5.321863912521559,0.7569691039376137,0.8396020999653273,292.25240478515633,268.86469573974625,-0.0800257197630353,0.7314126394052045,1382.8980537505217,25.74998859334163,0.3345779323214087
0.301,1382.9222769207279,37.1876629666443,25.752052305345494,5.322056635722536,0.7569648469508137,0.8395799848253155,292.25240478515633,268.8527119903566,-0.08006672455612994,0.7312427409988386,1382.9222769207279,25.752052305345494,0.3345935057088557
0.302,1382.9469146401982,37.18799422717227,25.754117154575304,5.322249358923496,0.7569605171110083,0.8395579273015426,292.25240478515633,268.84072824096694,-0.08010772934922479,0.7312427409988386,1382.9469146401982,25.754117154575304,0.33460910895854545
0.303,1382.9719669089334,37.188331058396976,25.756188776601565,5.322442082124472,0.7569561144181977,0.839535420029827,292.25240478515633,268.8287444915773,-0.08014873414231943,0.7310729215048769,1382.9719669089334,25.756188776601565,0.3346247796370242
0.304,1382.997433726933,37.188673460167045,25.75826489196921,5.322634805325433,0.7569516388723818,0.8395118709681846,292.25240478515633,268.8012386718751,-0.08024285080056355,0.7310729215048769,1382.997433726933,25.75826489196921,0.33464050254866556
0.305,1383.023315094197,37.189021432328616,25.760350991477786,5.322827528526411,0.7569470904735606,0.8394866149200761,292.25240478515633,268.77335879516625,-0.08033824736959906,0.7310729215048769,1383.023315094197,25.760350991477786,0.33465631429494147
0.306,1383.0496110107256,37.18937497472532,25.762449349441283,5.323020251727371,0.7569424692217341,0.8394635699302585,292.25240478515633,268.7454789184572,-0.08043364393863514,0.7312427409988386,1383.0496110107256,25.762449349441283,0.3346722300359765
0.307,1383.0763214765186,37.18973408719829,25.76455148983631,5.3232129749283486,0.7569377751169024,0.839437104704001,292.25240478515633,268.71759904174826,-0.08052904050767085,0.7310729215048769,1383.0763214765186,25.76455148983631,0.3346881932693189
0.308,1383.1034464915758,37.190098769586186,25.76665825777064,5.323405698129308,0.7569330081590654,0.8394170409229147,292.25240478515633,268.6897191650392,-0.08062443707670694,0.7309031808683538,1383.1034464915758,25.76665825777064,0.334704209627876
0.309,1383.1309860558981,37.19046902172515,25.768767469261046,5.323598421330287,0.7569281683482231,0.8393894725966283,292.25240478515633,268.70022607879656,-0.08058848557182513,0.7307335190343547,1383.1309860558981,25.768767469261046,0.33472026455239406
0.31,1383.1589401694844,37.19084484344883,25.770876680751456,5.3237911445312465,0.7569232556843755,0.8393678167202724,292.25240478515633,268.7237963409425,-0.08050783521015141,0.7309031808683538,1383.1589401694844,25.770876680751456,0.3347363417532773
0.311,1383.187308832336,37.19122623458839,25.77298589224187,5.323983867732223,0.7569182701675226,0.8393405629746343,292.25240478515633,268.74736660308855,-0.0804271848484773,0.7309031808683538,1383.187308832336,25.77298589224187,0.33475244122985054
0.312,1383.2160920444508,37.191613194972476,25.775095103732276,5.324176590933183,0.7569132117976645,0.8393178987739508,292.25240478515633,268.77093686523443,-0.08034653448680376,0.7309031808683538,1383.2160920444508,25.775095103732276,0.33476856298142804
0.313,1383.2452898058314,37.192005724427275,25.777216229096222,5.324369314134162,0.756908080574801,0.8392912567039839,292.25240478515633,268.79450712738054,-0.08026588412512946,0.7309031808683538,1383.2452898058314,25.777216229096222,0.33478478642610177
0.314,1383.274902116476,37.19240382277645,25.77933929226704,5.324562037335121,0.7569028764989323,0.8392675644449091,292.25240478515633,268.8180773895264,-0.08018523376345593,0.7309031808683538,1383.274902116476,25.77933929226704,0.3348010450619474
0.315,1383.3049289763849,37.192807489841165,25.781475322363246,5.3247547605360985,0.7568975995700582,0.8392397301403839,292.25240478515633,268.8416476516725,-0.08010458340178182,0.7309031808683538,1383.3049289763849,25.781475322363246,0.33481741240919244
0.316,1383.3353703855582,37.19321672544012,25.783621013948242,5.324947483737058,0.756892249788179,0.8392117659082291,292.25240478515633,268.8652179138184,-0.0800239330401081,0.7309031808683538,1383.3353703855582,25.783621013948242,0.33483386643281976
0.317,1383.3662263439962,37.19363152938949,25.785770481047408,5.325140206938036,0.7568868271532945,0.8391883392660374,292.25240478515633,268.8887881759644,-0.07994328267843417,0.7307335190343547,1383.3662263439962,25.785770481047408,0.33485036789574013
0.318,1383.3974968516989,37.194051901503,25.787937827419277,5.325332930138996,0.7568813316654046,0.8391624244856504,292.25240478515633,268.9123584381104,-0.07986263231676026,0.7307335190343547,1383.3974968516989,25.787937827419277,0.33486701081393505
0.319,1383.429181908666,37.194477841591834,25.790116666006984,5.325525653339974,0.7568757633245095,0.8391418812651871,292.25240478515633,268.93592870025634,-0.07978198195508654,0.7307335190343547,1383.429181908666,25.790116666006984,0.3348837526100426
0.32,1383.4612815148973,37.19490934946471,25.792310759735937,5.325718376540933,0.7568701221306091,0.8391163493818452,292.25240478515633,268.95949896240234,-0.07970133159341262,0.7305639359480158,1383.4612815148973,25.792310759735937,0.3349006183672448
0.321,1383.4937956703934,37.195346424927855,25.79450589658205,5.325911099741911,0.7568644080837034,0.839085738496575,292.25240478515633,268.9686882369995,-0.07966988865420414,0.7307960083546067,1383.4937956703934,25.79450589658205,0.33491751334633324
0.322,1383.5267243751541,37.195789067785,25.796703444161636,5.326103822942872,0.7568586211837924,0.8390560374259167,292.25240478515633,268.9611326385498,-0.07969574164403755,0.7307960083546067,1383.5267243751541,25.796703444161636,0.3349344466631573
0.323,1383.5600676291792,37.19623727783738,25.79890132514326,5.3262965461438485,0.7568527614308761,0.8390303557805052,292.25240478515633,268.95357704010013,-0.07972159463387095,0.7307960083546067,1383.5600676291792,25.79890132514326,0.33495140446927285
0.324,1383.5938254324685,37.19669105488374,25.80110256538404,5.326489269344808,0.7568468288249546,0.8390039865946958,292.25240478515633,268.94602144165043,-0.07974744762370437,0.7306264501160092,1383.5938254324685,25.80110256538404,0.3349684069344684
0.325,1383.6279977850224,37.19715039872036,25.803306528464557,5.326681992545786,0.7568408233660279,0.8389787410259171,292.25240478515633,268.9384658432008,-0.07977330061353757,0.7306264501160092,1383.6279977850224,25.803306528464557,0.3349854498155089
0.326,1383.662584686841,37.197615309141,25.805510491545064,5.326874715746747,0.7568347450540958,0.8389514375938013,292.25240478515633,268.93091024475103,-0.07979915360337117,0.7308584686774942,1383.662584686841,25.805510491545064,0.3350025149609127
0.327,1383.697586137924,37.19808578593694,25.80771463389353,5.327067438947724,0.7568285938891584,0.8389214375209624,292.25240478515633,268.92335464630133,-0.07982500659320457,0.7308584686774942,1383.697586137924,25.80771463389353,0.33501960356485905
0.328,1383.7330021382718,37.198561828896985,25.80992259501298,5.327260162148684,0.7568223698712158,0.8388932739004861,292.25240478515633,268.91579904785164,-0.07985085958303798,0.7304569705404779,1383.7330021382718,25.80992259501298,0.335036739887707
0.329,1383.7688326878836,37.199043437807426,25.81213603939946,5.32745288534966,0.7568160730002678,0.8388726606572212,292.25240478515633,268.908243449402,-0.07987671257287118,0.7304569705404779,1383.7688326878836,25.81213603939946,0.3350539350242589
0.33,1383.80507778676,37.19953061245209,25.81435182336612,5.327645608550621,0.7568097032763146,0.8388501833780703,292.25240478515633,268.9006878509523,-0.07990256556270459,0.7302875695732839,1383.80507778676,25.81435182336612,0.3350711680175948
0.331,1383.841737434901,37.200023352612305,25.816570305341045,5.3278383317515985,0.7568032606993561,0.8388265166548339,292.25240478515633,268.8931322525026,-0.079928418552538,0.7302875695732839,1383.841737434901,25.816570305341045,0.3350884412561489
0.332,1383.8788116323067,37.20052165806693,25.81879182300481,5.328031054952557,0.7567967452693922,0.8387977551705236,292.25240478515633,268.8855766540529,-0.0799542715423714,0.7300556586270872,1383.8788116323067,25.81879182300481,0.33510575699004086
0.333,1383.9163003789765,37.201025528592304,25.821015553339045,5.328223778153536,0.7567901569864233,0.8387673595531722,292.25240478515633,268.87802105560326,-0.07998012453220461,0.7300556586270872,1383.9163003789765,25.821015553339045,0.3351231097320734
0.334,1383.9542036749112,37.201534963962324,25.823241866192525,5.328416501354496,0.7567834958504489,0.8387378787090429,292.25240478515633,268.8704654571535,-0.08000597752203821,0.7300556586270872,1383.9542036749112,25.823241866192525,0.335140501946782
0.335,1383.9925215201101,37.20204996394836,25.82547278753065,5.328609224555475,0.7567767618614694,0.838706231574641,292.25240478515633,268.8629098587038,-0.08003183051187161,0.7300556586270872,1383.9925215201101,25.82547278753065,0.33515794713849184
0.336,1384.0312539145739,37.20257052831933,25.827707463289716,5.328801947756434,0.7567699550194843,0.8386781131036144,292.25240478515633,268.8553542602541,-0.08005768350170502,0.7300556586270872,1384.0312539145739,25.827707463289716,0.3351754396130248
0.337,1384.0704008583018,37.203096656841645,25.829948495678924,5.328994670957412,0.7567630753244942,0.8386515406750175,292.25240478515633,268.84779866180446,-0.08008353649153822,0.7300556586270872,1384.0704008583018,25.829948495678924,0.3351929967159713
0.338,1384.1099623512941,37.20362834927924,25.83219424272814,5.329187394158372,0.7567561227764987,0.8386265755788765,292.25240478515633,268.8424825592043,-0.08010172659883283,0.7300556586270872,1384.1099623512941,25.83219424272814,0.33521060750088927
0.339,1384.1499383935513,37.20416560539359,25.834442983710638,5.3293801173593485,0.756749097375498,0.8386011654725745,292.25240478515633,268.8671710739138,-0.08001724991256687,0.7298237476808905,1384.1499383935513,25.834442983710638,0.3352282604963295
0.34,1384.1903289850727,37.20470842494365,25.836700401767224,5.329572840560309,0.756741999121492,0.8385750544556951,292.25240478515633,268.8918595886233,-0.07993277322630109,0.7298237476808905,1384.1903289850727,25.836700401767224,0.33524599358557655
0.341,1384.231134125859,37.20525680768591,25.83896020749624,5.329765563761287,0.7567348280144806,0.8385511387781119,292.25240478515633,268.91654810333284,-0.07984829654003493,0.7298237476808905,1384.231134125859,25.83896020749624,0.335263764842027
0.342,1384.2723538159094,37.20581075337439,25.841221314935066,5.329958286962247,0.756727584054464,0.8385258601853914,292.25240478515633,268.94123661804224,-0.07976381985376935,0.7298237476808905,1384.2723538159094,25.841221314935066,0.3352815670255874
0.343,1384.3139880552246,37.20637026176061,25.84348251986377,5.330151010163224,0.7567202672414421,0.8384961697747411,292.25240478515633,268.96592513275175,-0.07967934316750339,0.7295918367346939,1384.3139880552246,25.84348251986377,0.33529939210784243
0.34400000000000003,1384.3560368438038,37.20693533259362,25.845745795352634,5.3303437333641845,0.756712877575415,0.8384701349437941,292.25240478515633,268.9906136474612,-0.07959486648123762,0.7295918367346939,1384.3560368438038,25.845745795352634,0.33531725324042494
0.34500000000000003,1384.3985001816477,37.207505965619994,25.848009304707094,5.330536456565163,0.7567054150563826,0.8384451924725664,292.25240478515633,269.0153021621707,-0.07951038979497164,0.7295918367346939,1384.3985001816477,25.848009304707094,0.3353351381787756
0.34600000000000003,1384.4413780687564,37.20808216058383,25.850272814061555,5.330729179766122,0.7566978796843449,0.8384185738907525,292.25240478515633,269.03999067688017,-0.07942591310870588,0.7297610763163999,1384.4413780687564,25.850272814061555,0.335353045362905
0.34700000000000003,1384.4846705051293,37.208663917226716,25.852536323416015,5.330921902967099,0.7566902714593019,0.8383916522113873,292.25240478515633,269.0646791915897,-0.0793414364224399,0.7297610763163999,1384.4846705051293,25.852536323416015,0.33537097479177963
0.34800000000000003,1384.5283774907666,37.2092512352878,25.854799832770468,5.331114626168059,0.7566825903812536,0.8383639780679603,292.25240478515633,269.08936770629913,-0.07925695973617414,0.7295918367346939,1384.5283774907666,25.854799832770468,0.3353889264643563
0.34900000000000003,1384.5724990256688,37.209844114503746,25.85706467415976,5.331307349369037,0.7566748364502001,0.838338779375111,292.25240478515633,269.11405622100864,-0.07917248304990818,0.7295918367346939,1384.5724990256688,25.85706467415976,0.33540690925902705
0.35000000000000003,1384.6170351098356,37.21044255460872,25.859331612191333,5.331500072569997,0.7566670096661412,0.8383113412775844,292.25240478515633,269.1387447357181,-0.0790880063636424,0.7295918367346939,1384.6170351098356,25.859331612191333,0.3354249282716601
0.35100000000000003,1384.6619857432665,37.211046555334434,25.861599056752635,5.331692795770975,0.756659110029077,0.838282270171236,292.25240478515633,269.1634332504276,-0.07900352967737644,0.7293599257884972,1384.6619857432665,25.861599056752635,0.3354429729013713
0.352,1384.707350925962,37.21165611641011,25.863868861565148,5.331885518971938,0.7566511375390077,0.8382516712508712,292.25240478515633,269.188121765137,-0.07891905299111085,0.7291908184558312,1384.707350925962,25.863868861565148,0.33546105550412586
0.353,1384.7531306579222,37.21227123756251,25.866141393232354,5.332078242172908,0.756643092195933,0.8382260020923238,292.25240478515633,269.19616932983433,-0.07889151664045789,0.7291908184558312,1384.7531306579222,25.866141393232354,0.3354791785226377
0.354,1384.7993249391463,37.21289191851591,25.868420418481964,5.332270965373876,0.756634973999853,0.8382004941990188,292.25240478515633,269.2001641479495,-0.0788778475720438,0.7291908184558312,1384.7993249391463,25.868420418481964,0.33549736706509725
0.355,1384.8459337696354,37.21351815899211,25.870700343433,5.332463688574846,0.7566267829507678,0.8381781295827011,292.25240478515633,269.20415896606477,-0.07886417850362953,0.7291908184558312,1384.8459337696354,25.870700343433,0.33551558384115604
0.356,1384.892957149389,37.21414995871045,25.872981905479115,5.3326564117758135,0.7566185190486772,0.838148101243777,292.25240478515633,269.20815378418,-0.07885050943521525,0.7293599257884972,1384.892957149389,25.872981905479115,0.33553383376521345
0.357,1384.940395078407,37.21478731738779,25.8752693789495,5.332849134976783,0.7566101822935815,0.8381162430171278,292.25240478515633,269.2121486022952,-0.07883684036680118,0.7291908184558312,1384.940395078407,25.8752693789495,0.3355521453291406
0.358,1384.9882475566894,37.21543023473851,25.87756620513216,5.333041858177751,0.7566017726854803,0.8380871312381316,292.25240478515633,269.21614342041045,-0.0788231712983869,0.7291908184558312,1384.9882475566894,25.87756620513216,0.3355705414716826
0.359,1385.0365145842368,37.21607871047455,25.879865687738537,5.333234581378719,0.7565932902243739,0.8380583845091994,292.25240478515633,269.2201382385257,-0.07880950222997261,0.7291908184558312,1385.0365145842368,25.879865687738537,0.33558897755371836
0.36,1385.085196161048,37.216732744305325,25.88216819780871,5.333427304579689,0.7565847349102622,0.8380296058604695,292.25240478515633,269.2241330566409,-0.07879583316155854,0.729021789522485,1385.085196161048,25.88216819780871,0.3356074560474675
0.361,1385.134292287124,37.21739233593783,25.884471787523218,5.333620027780657,0.7565761067431453,0.8380011776068024,292.25240478515633,269.2281278747561,-0.07878216409314426,0.729021789522485,1385.134292287124,25.884471787523218,0.3356259639674451
0.362,1385.1838029624648,37.21805748507658,25.886775377237722,5.333812750981626,0.7565674057230232,0.8379708774477138,292.25240478515633,269.23212269287137,-0.07876849502472998,0.729021789522485,1385.1838029624648,25.886775377237722,0.33564449411547814
0.363,1385.2337281870696,37.218728191423594,25.88908152891341,5.334005474182595,0.7565586318498956,0.8379418471545409,292.25240478515633,269.23611751098656,-0.0787548259563159,0.729021789522485,1385.2337281870696,25.88908152891341,0.33566306356860304
0.364,1385.2840679609392,37.21940445467847,25.891396206212693,5.334198197383564,0.7565497851237628,0.837911264033472,292.25240478515633,269.2401123291018,-0.07874115688790162,0.729021789522485,1385.2840679609392,25.891396206212693,0.33568171207984515
0.365,1385.334822284073,37.22008627453828,25.893711246062264,5.334390920584533,0.7565408655446249,0.8378821858003764,292.25240478515633,269.24410714721705,-0.07872748781948734,0.729021789522485,1385.334822284073,25.893711246062264,0.33570038523232576
0.366,1385.3859911564718,37.220773650697694,25.896026285911834,5.334583643785502,0.7565318731124815,0.8378524635903805,292.25240478515633,269.2481019653323,-0.07871381875107307,0.729021789522485,1385.3859911564718,25.896026285911834,0.3357190806080356
0.367,1385.4375745781347,37.22146658284886,25.898350759862623,5.33477636698647,0.7565228078273328,0.8378263659838312,292.25240478515633,269.2520967834475,-0.07870014968265898,0.729021789522485,1385.4375745781347,25.898350759862623,0.33573786109417963
0.368,1385.4895725490621,37.222165070681505,25.90068308839718,5.334969090187439,0.756513669689179,0.8377982477336334,292.25240478515633,269.25609160156273,-0.0786864806142447,0.7288528389339514,1385.4895725490621,25.90068308839718,0.33575671616033337
0.369,1385.5419850692542,37.22286911388286,25.903017683286404,5.3351618133884084,0.7565044586980197,0.8377688567467461,292.25240478515633,269.2600864196779,-0.07867281154583063,0.7288528389339514,1385.5419850692542,25.903017683286404,0.33577560855368577
0.37,1385.5948121387107,37.223578712137694,25.905352278175627,5.335354536589377,0.7564951748538553,0.8377400992373539,292.25240478515633,269.26408123779316,-0.07865914247741634,0.7288528389339514,1385.5948121387107,25.905352278175627,0.3357945231652836
0.371,1385.6480537574316,37.224293865128345,25.907686873064847,5.335547259790345,0.7564858181566856,0.8377114618387478,292.25240478515633,269.2680760559084,-0.07864547340900206,0.7286839666357738,1385.6480537574316,25.907686873064847,0.335813459993856
0.372,1385.7017099254174,37.225014572534654,25.910023467635952,5.3357399829913135,0.7564763886065105,0.8376832172744827,292.25240478515633,269.27207087402365,-0.0786318043405878,0.7286839666357738,1385.7017099254174,25.910023467635952,0.3358324323681542
0.373,1385.755780642667,37.22574083403401,25.91236788041826,5.335932706192283,0.7564668862033301,0.8376553655847089,292.25240478515633,269.2760656921389,-0.07861813527217351,0.7286839666357738,1385.755780642667,25.91236788041826,0.3358514790736467
0.374,1385.8102659091817,37.22647264930135,25.914715130086964,5.3361254293932525,0.7564573109471446,0.8376235443368443,292.25240478515633,269.2800605102541,-0.07860446620375942,0.7283464566929134,1385.8102659091817,25.914715130086964,0.33587056690314343
0.375,1385.8651657249607,37.227210018009146,25.917074318067012,5.33631815259422,0.7564476628379537,0.8375935875464481,292.25240478515633,269.28405532836933,-0.07859079713534516,0.7283464566929134,1385.8651657249607,25.917074318067012,0.33588975652612507
0.376,1385.9204800900043,37.22795293982741,25.919439777648986,5.336510875795189,0.7564379418757575,0.8375654084478812,292.25240478515633,269.2880501464845,-0.07857712806693107,0.7283464566929134,1385.9204800900043,25.919439777648986,0.335909010166556
0.377,1385.976209004312,37.22870141442368,25.921808782004447,5.336703598996158,0.7564281480605561,0.8375413484486464,292.25240478515633,269.29204496459977,-0.07856345899851679,0.7283464566929134,1385.976209004312,25.921808782004447,0.3359283096458607
0.378,1386.0323524678847,37.229455441463074,25.924184682981114,5.336896322197127,0.7564182813923495,0.8375153535074088,292.25240478515633,269.29603978271496,-0.07854978993010271,0.7281778189395693,1386.0323524678847,25.924184682981114,0.3359476773063716
0.379,1386.0889104807216,37.23021502060821,25.926563073991996,5.337089045398096,0.7564083418711374,0.8374889272674703,292.25240478515633,269.3000346008302,-0.07853612086168843,0.7280092592592593,1386.0889104807216,25.926563073991996,0.33596708377209533
0.38,1386.145883042823,37.23098015151928,25.928950588428222,5.337281768599064,0.7563983294969201,0.837459222462798,292.25240478515633,269.30402941894545,-0.07852245179327415,0.7280092592592593,1386.145883042823,25.928950588428222,0.33598657326036235
0.381,1386.203270154189,37.231750833854015,25.931339962528792,5.337474491800032,0.7563882442696976,0.8374348928516867,292.25240478515633,269.3080242370607,-0.07850878272485988,0.7277777777777777,1386.203270154189,25.931339962528792,0.33600609734902065
0.382,1386.2610718148198,37.232527067267675,25.93373327950867,5.337667215001002,0.7563780861894698,0.837405773002402,292.25240478515633,269.3120190551759,-0.07849511365644579,0.7278407775977783,1386.2610718148198,25.93373327950867,0.33602566992356075
0.383,1386.3192880247145,37.233308851413064,25.93612762769947,5.337859938201971,0.7563678552562366,0.8373791437405047,292.25240478515633,269.3160138732911,-0.07848144458803151,0.7278407775977783,1386.3192880247145,25.93612762769947,0.3360452715731911
0.384,1386.3779187838738,37.234096185940565,25.9385228077864,5.338052661402939,0.7563575514699983,0.8373465656320777,292.25240478515633,269.3200086914064,-0.07846777551961724,0.7280092592592593,1386.3779187838738,25.9385228077864,0.33606490096786584
0.385,1386.436964092298,37.23488907049809,25.940923263763388,5.3382453846039075,0.7563471748307545,0.8373170779021052,292.25240478515633,269.32400350952156,-0.07845410645120315,0.7280092592592593,1386.436964092298,25.940923263763388,0.3360845877301781
0.386,1386.4964239499864,37.23568750473108,25.943340113771022,5.338438107804877,0.7563367253385056,0.8372904443039336,292.25240478515633,269.32799832763686,-0.07844043738278868,0.7280092592592593,1386.4964239499864,25.943340113771022,0.33610440597308033
0.387,1386.5562983569396,37.23649148828256,25.945758246579302,5.338630831005847,0.7563262029932514,0.8372660295131357,292.25240478515633,269.33199314575205,-0.0784267683143746,0.7280092592592593,1386.5562983569396,25.945758246579302,0.3361242549625366
0.388,1386.616587313157,37.237301020793076,25.948179316209245,5.338823554206814,0.7563156077949917,0.8372340179710807,292.25240478515633,269.3359879638673,-0.07841309924596032,0.7278407775977783,1386.616587313157,25.948179316209245,0.3361441457229391
0.389,1386.677290818639,37.23811610190074,25.950612254191952,5.339016277407784,0.756304939743727,0.8372022680107644,292.25240478515633,269.3399827819825,-0.07839943017754625,0.7278407775977783,1386.677290818639,25.950612254191952,0.33616413779110577
0.39,1386.7384088733857,37.23893673124121,25.953045285352324,5.3392090006087525,0.7562941988394569,0.8371718530809314,292.25240478515633,269.34397760009773,-0.07838576110913197,0.7278407775977783,1386.7384088733857,25.953045285352324,0.3361841526713669
0.391,1386.7999414773965,37.239762908447695,25.955484432719633,5.339401723809721,0.7562833850821815,0.8371463660258341,292.25240478515633,269.347972418213,-0.07837209204071768,0.7278407775977783,1386.7999414773965,25.955484432719633,0.3362042305122266
0.392,1386.861888630672,37.240594633150955,25.95792674576762,5.33959444701069,0.7562724984719009,0.8371166859539861,292.25240478515633,269.3519672363282,-0.07835842297230342,0.7278407775977783,1386.861888630672,25.95792674576762,0.33622435164377545
0.393,1386.924250333212,37.24143190497933,25.96036977067029,5.339787170211658,0.7562615390086149,0.8370850446012834,292.25240478515633,269.3559620544434,-0.07834475390388933,0.7278407775977783,1386.924250333212,25.96036977067029,0.33624449970713655
0.394,1386.9870265850163,37.24227472355866,25.96281279557296,5.339979893412627,0.7562505066923237,0.8370577123008223,292.25240478515633,269.35995687255866,-0.07833108483547505,0.7276723739009717,1386.9870265850163,25.96281279557296,0.3362646699555358
0.395,1387.0502173860855,37.2431230885124,25.96526740487138,5.340172616613596,0.7562394015230272,0.8370225932761192,292.25240478515633,269.36395169067384,-0.07831741576706097,0.7276723739009717,1387.0502173860855,25.96526740487138,0.33628493960992994
0.396,1387.1138227364188,37.24397699946152,25.967723495972574,5.340365339814565,0.7562282235007255,0.8369935483078693,292.25240478515633,269.3679465087891,-0.07830374669864669,0.7275040481147351,1387.1138227364188,25.967723495972574,0.33630524132415024
0.397,1387.1778426360167,37.24483645602457,25.97018389705008,5.340558063015533,0.7562169726254184,0.8369580800524734,292.25240478515633,269.37194132690433,-0.07829007763023241,0.7275040481147351,1387.1778426360167,25.97018389705008,0.3363255939494908
0.398,1387.2422770848793,37.245701457817646,25.97264852143678,5.3407507862165025,0.7562056488971061,0.8369319336427617,292.25240478515633,269.3759361450196,-0.07827640856181814,0.7275040481147351,1387.2422770848793,25.97264852143678,0.3363459969066865
0.399,1387.3071260830066,37.24657200445441,25.97511607348439,5.340943509417471,0.7561942523157884,0.8369015976291081,292.25240478515633,269.37993096313477,-0.07826273949340405,0.7275040481147351,1387.3071260830066,25.97511607348439,0.33636644155730233
0.4,1387.3723896303977,37.24744809554606,25.977591399846233,5.341136232618441,0.7561827828814656,0.8368729425240482,292.25240478515633,269.38392578125,-0.07824907042498977,0.7275040481147351,1387.3723896303977,25.977591399846233,0.33638696020794256
0.401,1387.438067727054,37.2483297307014,25.980076121463394,5.341328955819408,0.7561712405941373,0.8368492985060265,292.25240478515633,269.3837181335449,-0.07824978093310438,0.7275040481147351,1387.438067727054,25.980076121463394,0.33640756366235913
0.402,1387.5041603729744,37.24921690952676,25.982560895571158,5.341521679020377,0.7561596254538039,0.8368155104967381,292.25240478515633,269.3728220092774,-0.07828706419951757,0.7275040481147351,1387.5041603729744,25.982560895571158,0.33642818963939763
0.403,1387.5706675681593,37.250109631626046,25.98504566967892,5.341714402221346,0.7561479374604652,0.8367883777251257,292.25240478515633,269.3619258850098,-0.07832434746593116,0.7275040481147351,1387.5706675681593,25.98504566967892,0.3364488377875674
0.404,1387.637589312609,37.25100789660072,25.987535354588083,5.341907125422314,0.756136176614121,0.8367597990469022,292.25240478515633,269.3891928771973,-0.07823104800375039,0.7275040481147351,1387.637589312609,25.987535354588083,0.33646954084104996
0.405,1387.7049256063226,37.2519117040498,25.990028269356806,5.342099848623284,0.7561243429147718,0.8367289600454926,292.25240478515633,269.45637755584715,-0.07800116220110226,0.727104532839963,1387.7049256063226,25.990028269356806,0.33649028759295546
0.406,1387.7726764493013,37.25282105356991,25.992525532720652,5.3422925718242515,0.7561124363624172,0.8367007005853218,292.25240478515633,269.4964944366455,-0.07786389427741203,0.7269364161849711,1387.7726764493013,25.992525532720652,0.33651108549924674
0.40700000000000003,1387.840841841544,37.25373594475518,25.995035471487093,5.342485295025221,0.7561004569570573,0.836668289804891,292.25240478515633,269.5366113174438,-0.0777266263537218,0.7266004159926046,1387.840841841544,25.995035471487093,0.3365319900654323
0.40800000000000003,1387.9094217830516,37.25465637719736,25.997546796050997,5.34267801822619,0.7560884046986922,0.8366422576439646,292.25240478515633,269.5767281982422,-0.07758935843003137,0.7263693089900624,1387.9094217830516,25.997546796050997,0.3365529260325131
0.40900000000000003,1387.9784162738235,37.255582350485724,26.000064379355507,5.342870741427159,0.7560762795873217,0.8366119916731879,292.25240478515633,269.6168450790406,-0.07745209050634093,0.7262014787430684,1387.9784162738235,26.000064379355507,0.33657392588225576
0.41000000000000003,1388.04782531386,37.25651386420716,26.002592423190947,5.343063464628127,0.756064081622946,0.8365815961160626,292.25240478515633,269.65696195983895,-0.0773148225826507,0.7258660508083141,1388.04782531386,26.002592423190947,0.3365950176224618
0.41100000000000003,1388.1176489031614,37.25745091794608,26.005128004834514,5.3432561878290965,0.756051810805565,0.8365520601048868,292.25240478515633,269.66963781738286,-0.07727144960321113,0.7257617728531855,1388.1176489031614,26.005128004834514,0.3366161817683767
0.41200000000000003,1388.1878870417268,37.258393511284496,26.00766577670541,5.343448911030065,0.7560394671351787,0.8365214966175047,292.25240478515633,269.67385754394536,-0.07725701096560403,0.7257617728531855,1388.1878870417268,26.00766577670541,0.33663738267094834
0.41300000000000003,1388.2585397295563,37.25934164380198,26.010203548576296,5.343641634231034,0.7560270506117872,0.8364863108422812,292.25240478515633,269.6780772705079,-0.07724257232799674,0.7259293465712306,1388.2585397295563,26.010203548576296,0.3366586057282732
0.41400000000000003,1388.329606966651,37.26029531507569,26.01274132044719,5.343834357432002,0.7560145612353903,0.8364566892900623,292.25240478515633,269.6822969970704,-0.07722813369038964,0.7257617728531855,1388.329606966651,26.01274132044719,0.3366798509386602
0.41500000000000004,1388.4010887530098,37.261254524680325,26.015287950004048,5.344027080632971,0.7560019990059883,0.8364254064830121,292.25240478515633,269.68651672363285,-0.07721369505278274,0.7257617728531855,1388.4010887530098,26.015287950004048,0.33670117734641636
0.41600000000000004,1388.4729850886335,37.2622192721882,26.01784059014878,5.34421980383394,0.7559893639235808,0.8363930226838444,292.25240478515633,269.69073645019535,-0.07719925641517562,0.7259926131117267,1388.4729850886335,26.01784059014878,0.33672256597085876
0.417,1388.5452959735214,37.26318955716917,26.020402174912046,5.344412527034905,0.7559766559881682,0.8363568167197648,292.25240478515633,269.69495617675784,-0.07718481777756853,0.7260558504500346,1388.5452959735214,26.020402174912046,0.33674403636873834
0.418,1388.618021407674,37.264165379190686,26.022965036607278,5.344605250235882,0.7559638751997502,0.8363264006857881,292.25240478515633,269.69917590332034,-0.07717037913996143,0.7260558504500346,1388.618021407674,26.022965036607278,0.3367655374249436
0.419,1388.691161391091,37.26514673781778,26.02553205777058,5.344797973436843,0.7559510215583269,0.8363027620680341,292.25240478515633,269.70339562988283,-0.07715594050235433,0.7260558504500346,1388.691161391091,26.02553205777058,0.33678708835293947
0.42,1388.7647159237727,37.26613363261304,26.028100109169166,5.344990696637819,0.7559380950638984,0.8362750714427493,292.25240478515633,269.70761535644533,-0.07714150186474723,0.7260558504500346,1388.7647159237727,26.028100109169166,0.33680866829127276
0.421,1388.8386850057182,37.26712606313664,26.030668236135956,5.34518341983878,0.7559250957164646,0.8362409687725112,292.25240478515633,269.71183508300777,-0.07712706322714033,0.7258883248730964,1388.8386850057182,26.030668236135956,0.3368302708743011
0.422,1388.913068636929,37.26812402894636,26.033242267080205,5.345376143039758,0.7559120235160255,0.8362070582433955,292.25240478515633,269.7160548095703,-0.07711262458953302,0.7261190586063683,1388.913068636929,26.033242267080205,0.3368519349528751
0.423,1388.9878668174038,37.26912752959752,26.035827709898577,5.345568866240717,0.7558988784625811,0.8361775200841576,292.25240478515633,269.7144285888672,-0.07711818902861554,0.7261190586063683,1388.9878668174038,26.035827709898577,0.3368736972412738
0.424,1389.0630795471432,37.27013656464305,26.03841315271696,5.345761589441694,0.7558856605561315,0.8361451245810639,292.25240478515633,269.7040572509766,-0.07715367663357889,0.7261190586063683,1389.0630795471432,26.03841315271696,0.336895481665289
0.425,1389.1387068261472,37.27115113363347,26.041008034529014,5.345954312642655,0.7558723697966766,0.8361145931540072,292.25240478515633,269.6936859130859,-0.07718916423854243,0.7261190586063683,1389.1387068261472,26.041008034529014,0.336917351144172
0.426,1389.2147486544156,37.27217123611684,26.04360458183128,5.346147035843632,0.7558590061842163,0.8360828021797619,292.25240478515633,269.68331457519537,-0.07722465184350558,0.7261190586063683,1389.2147486544156,26.04360458183128,0.3369392538573503
0.427,1389.2912050319485,37.27319687163885,26.046201129133546,5.346339759044592,0.7558455697187508,0.8360471133164056,292.25240478515633,269.66595993804935,-0.07728403420225391,0.7261190586063683,1389.2912050319485,26.046201129133546,0.33696117870072234
0.428,1389.368075958746,37.274228039742766,26.04880234479455,5.346532482245569,0.7558320604002802,0.836017642008065,292.25240478515633,269.6397565002442,-0.07737369450059925,0.7261190586063683,1389.368075958746,26.04880234479455,0.3369831567920957
0.429,1389.445361434808,37.27526473996943,26.051407378240633,5.346725205446531,0.755818478228804,0.835983243407174,292.25240478515633,269.613553062439,-0.07746335479894458,0.7261190586063683,1389.445361434808,26.051407378240633,0.3370051824596451
0.43,1389.5230614601348,37.27630697185727,26.05401273993097,5.346917928647508,0.7558048232043226,0.8359502172170581,292.25240478515633,269.5873496246338,-0.07755301509728992,0.7256575911398246,1389.5230614601348,26.05401273993097,0.3370272324399801
0.431,1389.6011760347255,37.27735473494231,26.05661941690337,5.3471106518484675,0.7557910953268361,0.8359206479611117,292.25240478515633,269.5611461868286,-0.07764267539563545,0.7258250634664205,1389.6011760347255,26.05661941690337,0.33704931331091403
0.432,1389.6797051585809,37.27840802875816,26.059231178252166,5.347303375049445,0.7557772945963441,0.8358839762691155,292.25240478515633,269.53494274902346,-0.0777323356939806,0.7258250634664205,1389.6797051585809,26.059231178252166,0.3370714501956509
0.433,1389.758648831701,37.27946685283604,26.061842939600965,5.347496098250404,0.755763421012847,0.8358521667051012,292.25240478515633,269.5087393112183,-0.07782199599232593,0.7258250634664205,1389.758648831701,26.061842939600965,0.33709360919947595
0.434,1389.838007054086,37.28053120670474,26.06445974292746,5.347688821451383,0.7557494745763444,0.8358239166401915,292.25240478515633,269.4825358734131,-0.07791165629067127,0.7258250634664205,1389.838007054086,26.06445974292746,0.33711582393071154
0.435,1389.9177798257344,37.281601089890636,26.0670795078215,5.347881544652343,0.7557354552868367,0.8357890665247278,292.25240478515633,269.45633243560786,-0.0780013165890168,0.7258250634664205,1389.9177798257344,26.0670795078215,0.3371380805192907
0.436,1389.9979671466479,37.28267650191772,26.06969927271554,5.3480742678533195,0.7557213631443237,0.8357592760184098,292.25240478515633,269.42636251831055,-0.07810386464955146,0.7255942764828064,1389.9979671466479,26.06969927271554,0.3371603592212754
0.437,1390.078569016826,37.28375744230758,26.072321431403722,5.348266991054279,0.7557071981488054,0.8357287296954474,292.25240478515633,269.39364067840575,-0.07821582896316888,0.7255942764828064,1390.078569016826,26.072321431403722,0.3371826759919658
0.438,1390.1595854362683,37.28484391057938,26.07494555145222,5.348459714255259,0.7556929603002818,0.8356948937663118,292.25240478515633,269.360918838501,-0.0783277932767861,0.7255942764828064,1390.1595854362683,26.07494555145222,0.33720502794680196
0.439,1390.2410164049752,37.2859359062499,26.077569671500722,5.348652437456217,0.755678649598753,0.8356621365858119,292.25240478515633,269.3281969985962,-0.07843975759040352,0.7255942764828064,1390.2410164049752,26.077569671500722,0.33722740200927426
0.44,1390.3228619229467,37.287033428833496,26.080193937199226,5.348845160657195,0.7556642660442188,0.8356313681693134,292.25240478515633,269.29547515869143,-0.07855172190402074,0.7255942764828064,1390.3228619229467,26.080193937199226,0.3372497991483542
0.441,1390.4051219901824,37.28813647784215,26.08282122218097,5.349037883858155,0.7556498096366795,0.8356008772342263,292.25240478515633,269.2627533187866,-0.07866368621763815,0.7255942764828064,1390.4051219901824,26.08282122218097,0.33727223851794763
0.442,1390.487796606683,37.28924505278544,26.085455925757284,5.349230607059133,0.7556352803761346,0.8355653602358941,292.25240478515633,269.23003147888187,-0.07877565053125538,0.7255942764828064,1390.487796606683,26.085455925757284,0.33729474944223675
0.443,1390.570885772448,37.29035915317051,26.088093642187893,5.349423330260092,0.7556206782625847,0.8355317033587558,292.25240478515633,269.19730963897706,-0.07888761484487279,0.7255942764828064,1390.570885772448,26.088093642187893,0.3373173025502507
0.444,1390.6543894874778,37.291478778502174,26.090731487179387,5.34961605346107,0.7556060032960293,0.8355006756691833,292.25240478515633,269.1645877990723,-0.07899957915849001,0.7255942764828064,1390.6543894874778,26.090731487179387,0.3373398786130897
0.445,1390.7383077517713,37.292603928282766,26.09337453255379,5.349808776662031,0.7555912554764688,0.8354648657113491,292.25240478515633,269.1318659591675,-0.07911154347210743,0.7255942764828064,1390.7383077517713,26.09337453255379,0.33736251143791457
0.446,1390.8226405653302,37.29373460201231,26.096017577928198,5.350001499863008,0.7555764348039029,0.8354283712043433,292.25240478515633,269.09914411926275,-0.07922350778572465,0.7252595155709343,1390.8226405653302,26.096017577928198,0.3373851663565778
0.447,1390.907387928153,37.29487079918837,26.098660623302596,5.350194223063968,0.7555615412783319,0.8353947447413518,292.25240478515633,269.06642227935794,-0.07933547209934207,0.7248616236162362,1390.907387928153,26.098660623302596,0.3374078433670694
0.448,1390.9925498402406,37.296012519306146,26.10130366867701,5.350386946264945,0.7555465748997554,0.8353577016956332,292.25240478515633,269.0337004394532,-0.07944743641295929,0.725196123673281,1390.9925498402406,26.10130366867701,0.337430542467371
0.449,1391.0781263015922,37.29715976185844,26.10394671405141,5.350579669465906,0.7555315356681738,0.8353245175928576,292.25240478515633,269.0009785995484,-0.0795594007265767,0.725196123673281,1391.0781263015922,26.10394671405141,0.3374532636554534
0.45,1391.1641173122086,37.29831252633567,26.106592667176805,5.350772392666883,0.7555164235835868,0.8352889041124196,292.25240478515633,268.9682567596436,-0.07967136504019393,0.725196123673281,1391.1641173122086,26.106592667176805,0.33747602631256796
0.451,1391.2505228720897,37.29947081222587,26.109241785435145,5.350965115867844,0.7555012386459945,0.8352567901258819,292.25240478515633,268.9355349197388,-0.07978332935381134,0.725196123673281,1391.2505228720897,26.109241785435145,0.33749883215239457
0.452,1391.3373429812352,37.300634619014666,26.111891030355586,5.35115783906882,0.7554859808553971,0.835212020361126,292.25240478515633,268.90281307983406,-0.07989529366742856,0.7250288350634372,1391.3373429812352,26.111891030355586,0.3375216609181983
0.453,1391.4245776396451,37.3018039461853,26.11454027527603,5.35135056226978,0.7554706502117943,0.8351853659046714,292.25240478515633,268.87009123992925,-0.08000725798104598,0.7250288350634372,1391.4245776396451,26.11454027527603,0.3375445117635731
0.454,1391.5122268473194,37.302978793218635,26.1171987495718,5.3515432854707585,0.7554552467151862,0.8351479906120016,292.25240478515633,268.8373694000245,-0.0801192222946632,0.7250288350634372,1391.5122268473194,26.1171987495718,0.33756744621016016
0.455,1391.6002906042584,37.30415915959316,26.119859731936312,5.351736008671719,0.7554397703655729,0.8351090094925265,292.25240478515633,268.80464756011963,-0.08023118660828081,0.7250288350634372,1391.6002906042584,26.119859731936312,0.33759041945113305
0.456,1391.688768910462,37.305345044784964,26.122520967661533,5.351928731872696,0.755424221162954,0.8350741375551631,292.25240478515633,268.7719257202149,-0.08034315092189803,0.7250288350634372,1391.688768910462,26.122520967661533,0.33761341645434106
0.457,1391.7776617659297,37.30653644826774,26.12518250711562,5.3521214550736556,0.7554085991073302,0.8350447120386834,292.25240478515633,268.7392038803101,-0.08045511523551545,0.7250288350634372,1391.7776617659297,26.12518250711562,0.33763643755343703
0.458,1391.8669691706623,37.307733369512846,26.127844920930734,5.352314178274632,0.755392904198701,0.835009587934918,292.25240478515633,268.7064820404054,-0.08056707954913248,0.7248616236162362,1391.8669691706623,26.127844920930734,0.33765948655018413
0.459,1391.9566911246593,37.30893580798921,26.13050757596069,5.352506901475593,0.7553771364370665,0.8349702484103179,292.25240478515633,268.67376020050057,-0.08067904386274989,0.7248616236162362,1391.9566911246593,26.13050757596069,0.33768255922185747
0.46,1392.046827627921,37.3101437631634,26.13317698991302,5.352699624676571,0.7553612958224266,0.8349324214223972,292.25240478515633,268.64103836059576,-0.08079100817636731,0.7246944892783029,1392.046827627921,26.13317698991302,0.3377056990138576
0.461,1392.1373786804465,37.31135723449961,26.13584995675092,5.352892347877531,0.7553453823547817,0.834900500379995,292.25240478515633,268.60831652069095,-0.08090297248998472,0.7245274319963116,1392.1373786804465,26.13584995675092,0.3377288845523563
0.462,1392.2283442822372,37.312576221459665,26.13852352789028,5.353085071078508,0.7553293960341313,0.8348635382780654,292.25240478515633,268.5755946807862,-0.08101493680360194,0.7245274319963116,1392.2283442822372,26.13852352789028,0.3377520961797153
0.463,1392.3197244332923,37.31380072350299,26.141204409426226,5.353277794279467,0.7553133368604756,0.8348288150789296,292.25240478515633,268.54287284088144,-0.08112690111721917,0.7245274319963116,1392.3197244332923,26.141204409426226,0.33777537859711243
0.464,1392.4115191336116,37.31503074008665,26.143889496331013,5.353470517480445,0.7552972048338148,0.8347947784565749,292.25240478515633,268.51015100097663,-0.08123886543083658,0.7245274319963116,1392.4115191336116,26.143889496331013,0.3377987111040251
0.465,1392.5037283831955,37.31626627066534,26.146575310631693,5.3536632406814055,0.7552809999541485,0.8347566626647485,292.25240478515633,268.4774291610719,-0.0813508297444538,0.7245274319963116,1392.5037283831955,26.146575310631693,0.3378220705138401
0.466,1392.596352182044,37.31750731469137,26.149261124932373,5.353855963882383,0.7552647222214771,0.8347223072258482,292.25240478515633,268.4447073211671,-0.08146279405807122,0.7245274319963116,1392.596352182044,26.149261124932373,0.33784545197549076
0.467,1392.689390530157,37.318753871614696,26.151953294684155,5.354048687083344,0.7552483716358003,0.8346855345147184,292.25240478515633,268.41198548126226,-0.08157475837168864,0.7245274319963116,1392.689390530157,26.151953294684155,0.3378688978526971
0.468,1392.7828434275343,37.32000594088289,26.154647053492987,5.35424141028432,0.7552319481971184,0.834656783750642,292.25240478515633,268.3792636413575,-0.08168672268530586,0.7245274319963116,1392.7828434275343,26.154647053492987,0.33789237637010455
0.46900000000000003,1392.8767108741765,37.32126352194117,26.15734251695743,5.354434133485281,0.755215451905431,0.8346171279189141,292.25240478515633,268.3465418014527,-0.08179868699892327,0.7242969110189027,1392.8767108741765,26.15734251695743,0.337915888296083
0.47000000000000003,1392.970992870083,37.32252661423236,26.16004391762674,5.354626856686258,0.7551988827607384,0.8345786563719081,292.25240478515633,268.31381996154795,-0.0819106513125405,0.7242969110189027,1392.970992870083,26.16004391762674,0.33793946184289914
0.47100000000000003,1393.0656894152537,37.323795217196945,26.162757621791332,5.354819579887218,0.7551822407630406,0.8345426966921546,292.25240478515633,268.28109812164314,-0.08202261562615791,0.7241299838672505,1393.0656894152537,26.162757621791332,0.33796313944649103
0.47200000000000003,1393.1608005096891,37.32506933027304,26.165476577480646,5.355012303088196,0.7551655259123374,0.8345033973784695,292.25240478515633,268.2483762817384,-0.08213457993977513,0.7237963602856484,1393.1608005096891,26.165476577480646,0.3379868740956394
0.47300000000000003,1393.2563261533892,37.32634895289639,26.168200085086283,5.3552050262891555,0.755148738208629,0.8344689172315292,292.25240478515633,268.2156544418336,-0.08224654425339255,0.7236296637494243,1393.2563261533892,26.168200085086283,0.3380106611244446
0.47400000000000003,1393.3522663463539,37.327634084500374,26.170925884413816,5.355397749490133,0.7551318776519153,0.8344323671158191,292.25240478515633,268.1829326019288,-0.08235850856700977,0.7232965009208103,1393.3522663463539,26.170925884413816,0.33803448546401255
0.47500000000000003,1393.4486210885823,37.32892472451601,26.173652686939118,5.355590472691093,0.7551149442421963,0.8343989218930377,292.25240478515633,268.150210762024,-0.08247047288062719,0.7232965009208103,1393.4486210885823,26.173652686939118,0.3380583385226675
0.47600000000000003,1393.5453903800756,37.33022087237197,26.176383922555722,5.355783195892071,0.755097937979472,0.8343646002610176,292.25240478515633,268.11748892211926,-0.0825824371942444,0.7232965009208103,1393.5453903800756,26.176383922555722,0.3380822431620557
0.47700000000000004,1393.642574220834,37.33152252749456,26.17911590696214,5.35597591909303,0.7550808588637424,0.8343304182730934,292.25240478515633,268.08476708221446,-0.08269440150786182,0.7232327883951186,1393.642574220834,26.17911590696214,0.33810617482004857
0.47800000000000004,1393.7401726108565,37.33282968930773,26.181857526557838,5.3561686422940085,0.7550637068950076,0.8342910799128632,292.25240478515633,268.0520452423097,-0.08280636582147904,0.7232327883951186,1393.7401726108565,26.181857526557838,0.3381301927317566
0.47900000000000004,1393.8381855501432,37.334142357233056,26.18460221848595,5.356361365494968,0.7550464820732674,0.8342593999151224,292.25240478515633,268.0193234024049,-0.08291833013509646,0.7232327883951186,1393.8381855501432,26.18460221848595,0.33815425314636344
0.48,1393.9366130386945,37.33546053068978,26.187352208815184,5.356554088695942,0.7550291843985221,0.8342212997017633,292.25240478515633,267.98660156250014,-0.08303029444871368,0.7230662983425414,1393.9366130386945,26.187352208815184,0.33817837090068964
0.481,1394.0354550765107,37.3367842090948,26.19010345540764,5.35674681189691,0.7550118138707713,0.8341829014297646,292.25240478515633,267.95387972259533,-0.0831422587623311,0.7230662983425414,1394.0354550765107,26.19010345540764,0.3382025190472044
0.482,1394.1347116635911,37.33811339186263,26.19285470260031,5.3569395350978795,0.7549943704900154,0.8341454790804873,292.25240478515633,267.9211578826906,-0.08325422307594832,0.7228998849252014,1394.1347116635911,26.19285470260031,0.3382266892132207
0.483,1394.2343827999362,37.33944807840545,26.19560935743535,5.357132258298848,0.7549768542562542,0.83411188869289,292.25240478515633,267.88843604278577,-0.08336618738956574,0.7227335480901979,1394.2343827999362,26.19560935743535,0.3382509041079897
0.484,1394.3344684855454,37.34078826813308,26.198367294392327,5.357324981499816,0.7549592651694876,0.8340758415448606,292.25240478515633,267.855714202881,-0.08347815170318296,0.7224011039558418,1394.3344684855454,26.198367294392327,0.33827516289242215
0.485,1394.4349687204194,37.342133960453026,26.20112526051582,5.357517704700785,0.7549416032297158,0.8340428209758411,292.25240478515633,267.8229923629762,-0.08359011601680037,0.7223372440763746,1394.4349687204194,26.20112526051582,0.33829944387970007
0.486,1394.5358835045577,37.343485154770406,26.203884831637527,5.357710427901755,0.7549238684369388,0.8340089821960065,292.25240478515633,267.79027052307146,-0.0837020803304176,0.72210720036807,1394.5358835045577,26.203884831637527,0.33832375757205807
0.487,1394.6372128379608,37.34484185048801,26.20664440275923,5.357903151102723,0.7549060607911564,0.8339720136498913,292.25240478515633,267.75754868316665,-0.08381404464403501,0.7219411223551058,1394.6372128379608,26.20664440275923,0.33834809326806736
0.488,1394.738956720628,37.346204047006275,26.209405412735,5.358095874303691,0.7548881802923687,0.8339316016401627,292.25240478515633,267.7248268432619,-0.08392600895765223,0.7217751207174063,1394.738956720628,26.209405412735,0.33837246055684045
0.489,1394.8411151525602,37.347571743723314,26.212170366458167,5.358288597504661,0.7548702269405758,0.8339019417841866,292.25240478515633,267.6982170471193,-0.08401705969224647,0.7217751207174063,1394.8411151525602,26.212170366458167,0.33839687613377956
0.49,1394.9436881337563,37.34894494003487,26.214941737389903,5.35848132070563,0.7548522007357776,0.8338680809415483,292.25240478515633,267.6763776245119,-0.08409178764058775,0.7217751207174063,1394.9436881337563,26.214941737389903,0.3384213564847481
0.491,1395.0466756642177,37.35032363533438,26.21771529268371,5.358674043906598,0.754834101677974,0.8338348204119362,292.25240478515633,267.6545382019045,-0.08416651558892903,0.72210720036807,1395.0466756642177,26.21771529268371,0.33844587339084325
0.492,1395.150077743943,37.351707829012895,26.220489215976563,5.358866767107567,0.7548159297671653,0.8337981633950168,292.25240478515633,267.632698779297,-0.0842412435372705,0.72210720036807,1395.150077743943,26.220489215976563,0.3384704147416156
0.493,1395.2538943729326,37.353097520459166,26.223269518477366,5.3590594903085345,0.7547976850033513,0.8337530901512782,292.25240478515633,267.6499731704713,-0.08418213575614897,0.72210720036807,1395.2538943729326,26.223269518477366,0.3384950206057959
0.494,1395.3581255511872,37.354492709059606,26.226050139785524,5.359252213509505,0.754779367386532,0.8337164199850081,292.25240478515633,267.6742985321046,-0.08409890167069739,0.7219411223551058,1395.3581255511872,26.226050139785524,0.3385196505818389
0.495,1395.462771278706,37.35589339419827,26.228830981862306,5.3594449367104735,0.7547609769167073,0.8336823887227707,292.25240478515633,267.69862389373793,-0.08401566758524581,0.7220050586341688,1395.462771278706,26.228830981862306,0.33854430401374735
0.496,1395.5678315554894,37.3572995752569,26.231616730107614,5.359637659911441,0.7547425135938775,0.833648527920283,292.25240478515633,267.72294925537125,-0.08393243349979425,0.7220050586341688,1395.5678315554894,26.231616730107614,0.3385690121322804
0.497,1395.6733063815377,37.3587112516149,26.234411140915363,5.35983038311241,0.7547239774180422,0.8336098402019676,292.25240478515633,267.7472746170045,-0.08384919941434286,0.7217751207174063,1395.6733063815377,26.234411140915363,0.33859379997536343
0.498,1395.7791957568502,37.360128422649325,26.237206564253086,5.36002310631338,0.7547053683892018,0.833573356495497,292.25240478515633,267.77159997863777,-0.08376596532889148,0.7217751207174063,1395.7791957568502,26.237206564253086,0.3386186165448068
0.499,1395.8854996814266,37.361551087734924,26.2400019875908,5.360215829514349,0.754686686507356,0.8335430878546994,292.25240478515633,267.7959253402711,-0.0836827312434399,0.7217751207174063,1395.8854996814266,26.2400019875908,0.3386434550885078
0.5,1395.9922181552681,37.36297924624411,26.24279741092852,5.360408552715317,0.754667931772505,0.8335081717097563,292.25240478515633,267.82025070190434,-0.08359949715798852,0.7216091954022988,1395.9922181552681,26.24279741092852,0.33866831560395644
0.501,1396.099351178374,37.36441289754696,26.24559283426624,5.360601275916285,0.7546491041846487,0.8334697506338375,292.25240478515633,267.84457606353766,-0.08351626307253694,0.7216091954022988,1396.099351178374,26.24559283426624,0.3386931980886332
0.502,1396.2068987507446,37.36585204101125,26.248390198710894,5.360793999117253,0.7546302037437871,0.8334289355714178,292.25240478515633,267.868901425171,-0.08343302898708536,0.7216091954022988,1396.2068987507446,26.248390198710894,0.3387181154795758
0.503,1396.3148608723798,37.3672966760024,26.251188031814447,5.3609867223182235,0.7546112304499202,0.8333881213320872,292.25240478515633,267.89322678680423,-0.08334979490163398,0.7217751207174063,1396.3148608723798,26.251188031814447,0.3387430579587956
0.504,1396.423237543279,37.36874680188351,26.253987835953705,5.361179445519192,0.7545921843030481,0.8333489988018855,292.25240478515633,267.9175521484375,-0.08326656081618261,0.7217751207174063,1396.423237543279,26.253987835953705,0.3387680355387032
0.505,1396.5320287634427,37.37020241801538,26.25678830651361,5.361372168720161,0.7545730653031706,0.8333104886299166,292.25240478515633,267.9418775100708,-0.08318332673073103,0.7216091954022988,1396.5320287634427,26.25678830651361,0.3387930395200791
0.506,1396.641234532871,37.37166352375649,26.25959052273969,5.3615648919211285,0.7545538734502879,0.833271217321337,292.25240478515633,267.95176084289557,-0.08314950893261223,0.7216091954022988,1396.641234532871,26.25959052273969,0.33881807709468986
0.507,1396.7508548515643,37.373130118462974,26.262393426564095,5.361757615122099,0.7545346087443999,0.8332338850501303,292.25240478515633,267.95000620574956,-0.0831555127742138,0.7216091954022988,1396.7508548515643,26.262393426564095,0.3388431412067997
0.508,1396.8608897195218,37.37460220148867,26.26520044491664,5.3619503383230676,0.7545152711855067,0.8331917888796022,292.25240478515633,267.94825156860355,-0.08316151661581536,0.7216091954022988,1396.8608897195218,26.26520044491664,0.33886825469799886
0.509,1396.9713391367438,37.37607977218509,26.26802411441533,5.362143061524035,0.7544958607736081,0.8331461748462341,292.25240478515633,267.94649693145755,-0.08316752045741693,0.7214433463571592,1396.9713391367438,26.26802411441533,0.33889350113574246
0.51,1397.0822031032299,37.37756282990144,26.270855048213612,5.362335784725004,0.7544763775087042,0.8331001601089899,292.25240478515633,267.94474229431154,-0.0831735242990185,0.7214433463571592,1397.0822031032299,26.270855048213612,0.33891881794399475
0.511,1397.193481618981,37.379051373984616,26.27368635337033,5.3625285079259735,0.7544568213907952,0.8330595847060326,292.25240478515633,267.9429876571656,-0.08317952814061988,0.7214433463571592,1397.193481618981,26.27368635337033,0.3389441591712736
0.512,1397.3051746839963,37.38054540377917,26.276518361456056,5.362721231126943,0.7544371924198807,0.8330191689422145,292.25240478515633,267.9412330200196,-0.08318553198222144,0.7214433463571592,1397.3051746839963,26.276518361456056,0.33896952702523214
0.513,1397.4172822982764,37.3820449186274,26.279353697345936,5.362913954327912,0.754417490595961,0.8329818569671813,292.25240478515633,267.93947838287363,-0.08319153582382281,0.7216091954022988,1397.4172822982764,26.279353697345936,0.33899493900085714
0.514,1397.5298044618207,37.38354991786923,26.282199582738322,5.363106677528879,0.754397715919036,0.8329439425712106,292.25240478515633,267.9377237457276,-0.08319753966542438,0.7216091954022988,1397.5298044618207,26.282199582738322,0.3390204432358988
0.515,1397.6427411746297,37.385060400842335,26.285047484647805,5.363299400729849,0.7543778683891058,0.8329034527092961,292.25240478515633,267.9359691085816,-0.08320354350702595,0.7218390804597701,1397.6427411746297,26.285047484647805,0.3390459828461786
0.516,1397.756092436703,37.386576366882046,26.287896574551926,5.3634921239308175,0.7543579480061703,0.8328710445185847,292.25240478515633,267.93421447143567,-0.08320954734862732,0.7219030108021145,1397.756092436703,26.287896574551926,0.33907155230604424
0.517,1397.8698582480408,37.3880978153214,26.29075640275867,5.363684847131786,0.7543379547702295,0.8328305579088761,292.25240478515633,267.9324598342897,-0.08321555119022869,0.7219030108021145,1397.8698582480408,26.29075640275867,0.3390972152759074
0.518,1397.9840386086435,37.38962474549114,26.29362672593816,5.363877570332755,0.7543178886812834,0.8327907569324074,292.25240478515633,267.9307051971437,-0.08322155503183026,0.7219030108021145,1397.9840386086435,26.29362672593816,0.3391229701310358
0.519,1398.0986335185105,37.39115715671969,26.296499459086604,5.364070293533723,0.754297749739332,0.8327512027822994,292.25240478515633,267.9289505599977,-0.08322755887343182,0.7217371323529411,1398.0986335185105,26.296499459086604,0.33914876297349333
0.52,1398.2136429776417,37.392695048333195,26.299372192235044,5.364263016734692,0.7542775379443754,0.8327115601802235,292.25240478515633,267.9526674804689,-0.08314640669099338,0.7217371323529411,1398.2136429776417,26.299372192235044,0.33917457773554854
0.521,1398.3290669860376,37.39423841965547,26.302244925383484,5.364455739935661,0.7542572532964135,0.8326725760293714,292.25240478515633,267.9951072967531,-0.08300119037937612,0.7217371323529411,1398.3290669860376,26.302244925383484,0.33920041441449694
0.522,1398.4449055436978,37.39578727000807,26.30511765853192,5.364648463136629,0.7542368957954463,0.8326412649361609,292.25240478515633,268.02999174194355,-0.0828818262796483,0.7219669117647058,1398.4449055436978,26.30511765853192,0.3392262730076249
0.523,1398.561158650623,37.397341598710234,26.307996875672956,5.364841186337599,0.7542164654414737,0.8326040660254677,292.25240478515633,268.0462929412843,-0.08282604846884549,0.7218010567424764,1398.561158650623,26.307996875672956,0.33925219673499746
0.524,1398.6778263068124,37.3989014050789,26.310891049544754,5.3650339095385675,0.7541959622344959,0.8325638628394723,292.25240478515633,268.06259414062515,-0.08277027065804247,0.7218010567424764,1398.6778263068124,26.310891049544754,0.33927824207379936
0.525,1398.7949085122661,37.400466688428715,26.31378870197543,5.365226632739537,0.7541753861745129,0.8325189892048841,292.25240478515633,268.0788953399659,-0.08271449284723967,0.7218010567424764,1398.7949085122661,26.31378870197543,0.3393043325069228
0.526,1398.9124052669845,37.40203744807206,26.31668635440611,5.365419355940505,0.7541547372615246,0.8324777767510203,292.25240478515633,268.09519653930676,-0.08265871503643665,0.7215713301171606,1398.9124052669845,26.31668635440611,0.3393304448432798
0.527,1399.0303165709677,37.403613683318994,26.31958727356186,5.365612079141473,0.7541340154955309,0.832436776935205,292.25240478515633,268.11149773864753,-0.08260293722563385,0.7218010567424764,1399.0303165709677,26.31958727356186,0.33935660085634833
0.528,1399.1486424242148,37.40519539347729,26.322496725228884,5.365804802342441,0.754113220876532,0.8323978739891214,292.25240478515633,268.1277989379883,-0.08254715941483103,0.7218010567424764,1399.1486424242148,26.322496725228884,0.33938283564549104
0.529,1399.2673828267268,37.40678257785247,26.325425886263634,5.365997525543411,0.7540923534045278,0.8323594959530699,292.25240478515633,268.14410013732913,-0.08249138160402802,0.7218010567424764,1399.2673828267268,26.325425886263634,0.33940922371370524
0.53,1399.3865377785032,37.40837523574772,26.32835617065198,5.36619024874438,0.7540714130795184,0.832318140201397,292.25240478515633,268.16040133666996,-0.08243560379322502,0.7218010567424764,1399.3865377785032,26.32835617065198,0.3394356411624205
0.531,1399.5061072795445,37.40997336646398,26.331288826307727,5.366382971945349,0.7540503999015036,0.8322761745406835,292.25240478515633,268.1767025360108,-0.08237982598242201,0.7218010567424764,1399.5061072795445,26.331288826307727,0.33946209630752905
0.532,1399.6260913298497,37.41157696929989,26.334223880532825,5.366575695146317,0.7540293138704837,0.8322314812027639,292.25240478515633,268.19300373535157,-0.0823240481716192,0.72140560404226,1399.6260913298497,26.334223880532825,0.3394885893282227
0.533,1399.7464899294198,37.41318604355181,26.337169530645,5.366768418347286,0.7540081549864582,0.8321953563631516,292.25240478515633,268.1916098907471,-0.08232881748944741,0.721239954075775,1399.7464899294198,26.337169530645,0.3395151748656304
0.534,1399.867303078254,37.41480058851382,26.340116950324827,5.366961141548256,0.7539869232494277,0.832161496905712,292.25240478515633,268.17388562622074,-0.08238946460213542,0.721239954075775,1399.867303078254,26.340116950324827,0.33954179408001217
0.535,1399.988530776353,37.41642060347773,26.34307406974711,5.367153864749223,0.7539656186593918,0.8321241110333356,292.25240478515633,268.1561613616944,-0.08245011171482344,0.7210743801652892,1399.988530776353,26.34307406974711,0.3395684998316839
0.536,1400.1101730237162,37.418046087733075,26.34603684443355,5.367346587950193,0.7539442412163507,0.8320843399289796,292.25240478515633,268.13843709716804,-0.08251075882751147,0.7210743801652892,1400.1101730237162,26.34603684443355,0.339595265157004
0.537,1400.2322298203442,37.419677040567095,26.34899961911999,5.367539311151162,0.7539227909203042,0.8320454237933946,292.25240478515633,268.1207128326417,-0.08257140594019949,0.7210743801652892,1400.2322298203442,26.34899961911999,0.3396220523547008
0.538,1400.3547011662365,37.42131346126478,26.351965940849563,5.367732034352129,0.7539012677712525,0.8320034615254143,292.25240478515633,268.10298856811534,-0.08263205305288751,0.7210743801652892,1400.3547011662365,26.351965940849563,0.3396488850667738
0.539,1400.4775870613935,37.42295534910883,26.3549337314795,5.367924757553099,0.7538796717691956,0.8319639818749095,292.25240478515633,268.08526430358893,-0.08269270016557573,0.7209088822584347,1400.4775870613935,26.3549337314795,0.3396757494372964
0.54,1400.6008875058149,37.4246027033797,26.3579071067669,5.368117480754068,0.7538580029141333,0.8319182504610022,292.25240478515633,268.0468446350099,-0.08282416073852557,0.7207434603028913,1400.6008875058149,26.3579071067669,0.33970267289934025
0.541,1400.7246024995009,37.426255523355536,26.360880619402796,5.368310203955036,0.7538362612060657,0.8318772682111134,292.25240478515633,268.0078460922242,-0.08295760204524248,0.7207434603028913,1400.7246024995009,26.360880619402796,0.33972961913784266
0.542,1400.8487320424513,37.427913808312255,26.363854261366402,5.368502927156006,0.7538144466449929,0.8318368508412679,292.25240478515633,267.9688475494386,-0.08309104335195919,0.7207434603028913,1400.8487320424513,26.363854261366402,0.3397565880964402
0.543,1400.973276134666,37.42957755752349,26.366830884079445,5.368695650356974,0.7537925592309147,0.8317939406155209,292.25240478515633,267.92984900665294,-0.0832244846586759,0.7207434603028913,1400.973276134666,26.366830884079445,0.3397835987800218
0.544,1401.0982347761455,37.431246770260614,26.369811618066212,5.368888373557944,0.7537705989638314,0.8317512760919149,292.25240478515633,267.8908504638673,-0.08335792596539263,0.7207434603028913,1401.0982347761455,26.369811618066212,0.3398106587218341
0.545,1401.2236079668894,37.43292144579273,26.372797453068898,5.3690810967589115,0.7537485658437426,0.8317035021923843,292.25240478515633,267.8518519210816,-0.08349136727210954,0.7207434603028913,1401.2236079668894,26.372797453068898,0.3398377745166503
0.546,1401.349395706898,37.4346015833867,26.375784330671824,5.369273819959881,0.7537264598706487,0.8316605692413475,292.25240478515633,267.812853378296,-0.08362480857882626,0.7203487038311539,1401.349395706898,26.375784330671824,0.3398649191078309
0.547,1401.4755979961706,37.4362871823071,26.378771867763216,5.36946654316085,0.7537042810445496,0.8316228005923778,292.25240478515633,267.7738548355104,-0.08375824988554278,0.7203487038311539,1401.4755979961706,26.378771867763216,0.33989208993858194
0.548,1401.6022148347083,37.43797824181627,26.381760200157945,5.3696592663618175,0.7536820293654449,0.8315885660271266,292.25240478515633,267.73485629272477,-0.0838916911922595,0.7203487038311539,1401.6022148347083,26.381760200157945,0.33991928791130555
0.549,1401.7292462225103,37.43967476117428,26.384756577623115,5.369851989562787,0.7536597048333351,0.8315437728545191,292.25240478515633,267.6991880371095,-0.08401373725597458,0.7201834862385321,1401.7292462225103,26.384756577623115,0.33994656135054097
0.55,1401.8566921595764,37.44137673963895,26.387762777816206,5.3700447127637565,0.7536373074482201,0.8315013299024903,292.25240478515633,267.7134100341798,-0.08396507385120032,0.7201834862385321,1401.8566921595764,26.387762777816206,0.3399739221033195
0.551,1401.9845526459071,37.443084176465845,26.390770578952043,5.370237435964723,0.7536148372100997,0.8314613161072949,292.25240478515633,267.7276320312501,-0.08391641044642607,0.7201834862385321,1401.9845526459071,26.390770578952043,0.3400013153596187
0.552,1402.112827681503,37.4447970709083,26.393788643971913,5.370430159165694,0.753592294118974,0.8314197368166611,292.25240478515633,267.7418540283204,-0.08386774704165183,0.7201834862385321,1402.112827681503,26.393788643971913,0.34002879886427745
0.553,1402.2415172663627,37.44651542221736,26.396806774874328,5.370622882366662,0.7535696781748431,0.8313784593789073,292.25240478515633,267.7560760253907,-0.08381908363687757,0.7204128440366973,1402.2415172663627,26.396806774874328,0.340056304633647
0.554,1402.3706214004872,37.44823922964186,26.39982662821012,5.370815605567632,0.7535469893777068,0.8313343614757053,292.25240478515633,267.770298022461,-0.08377042023210332,0.7204128440366973,1402.3706214004872,26.39982662821012,0.34008384370741646
0.555,1402.500140083876,37.44996849242835,26.40285512709569,5.371008328768599,0.7535242277275653,0.8312919858764571,292.25240478515633,267.7845200195313,-0.08372175682732907,0.7204128440366973,1402.500140083876,26.40285512709569,0.3401114622325928
0.556,1402.6300733165297,37.451703209821176,26.405887966857996,5.371201051969568,0.7535013932244186,0.8312507360623772,292.25240478515633,267.79874201660164,-0.08367309342255481,0.7204128440366973,1402.6300733165297,26.405887966857996,0.34013913151087594
0.557,1402.7604210984473,37.45344338106241,26.4089208066203,5.371393775170536,0.7534784858682665,0.8312074705833342,292.25240478515633,267.81296401367194,-0.08362443001778057,0.7202476496216464,1402.7604210984473,26.4089208066203,0.34016682260261993
0.558,1402.8911834296293,37.45518900539189,26.411953646382596,5.371586498371506,0.7534555056591092,0.8311681051013134,292.25240478515633,267.8271860107422,-0.08357576661300652,0.7200825309491059,1402.8911834296293,26.411953646382596,0.34019453550478446
0.559,1403.0223603100767,37.45694008204723,26.4149864861449,5.371779221572475,0.7534324525969466,0.8311296900864776,292.25240478515633,267.8414080078125,-0.08352710320823227,0.7200825309491059,1403.0223603100767,26.4149864861449,0.3402222702143202
0.56,1403.153951739788,37.45869661026379,26.418020719464153,5.371971944773444,0.7534093266817787,0.8310845711512549,292.25240478515633,267.8556300048828,-0.08347843980345801,0.7200825309491059,1403.153951739788,26.418020719464153,0.3402500360177255
0.561,1403.285957718764,37.460458589274694,26.421078644529043,5.3721646679744115,0.7533861279136055,0.8310409994629826,292.25240478515633,267.8501425048828,-0.0834972163812044,0.7200825309491059,1403.285957718764,26.421078644529043,0.34027798155335437
0.562,1403.418378247004,37.462226018310815,26.4241524490501,5.372357391175381,0.753362856292427,0.8309990869617812,292.25240478515633,267.83961252441406,-0.0835332468134483,0.7203117835855112,1403.418378247004,26.4241524490501,0.3403060547408148
0.5630000000000001,1403.551213324509,37.46399889660084,26.427227665592245,5.3725501143763505,0.7533395118182433,0.8309591541505255,292.25240478515633,267.82908254394533,-0.08356927724569221,0.7201466880586752,1403.551213324509,26.427227665592245,0.34033415913599985
0.5640000000000001,1403.6844629512784,37.46577722337118,26.430307634297794,5.372742837577318,0.7533160944910543,0.8309139275713058,292.25240478515633,267.8185525634766,-0.08360530767793613,0.7201466880586752,1403.6844629512784,26.430307634297794,0.3403623170014578
0.5650000000000001,1403.8181271273124,37.46756099784602,26.43338760300334,5.372935560778287,0.7532926043108599,0.8308706695402156,292.25240478515633,267.80802258300787,-0.08364133811018004,0.7201466880586752,1403.8181271273124,26.43338760300334,0.34039049665580323
0.5660000000000001,1403.9522058526106,37.46935021924734,26.43646757170889,5.373128283979256,0.7532690412776604,0.8308234294039442,292.25240478515633,267.79749260253914,-0.08367736854242395,0.7201466880586752,1403.9522058526106,26.43646757170889,0.3404186980959243
0.5670000000000001,1404.0866991271737,37.471144886794875,26.439547540414438,5.373321007180224,0.7532454053914555,0.8307801048431623,292.25240478515633,267.7869626220704,-0.08371339897466787,0.7201466880586752,1404.0866991271737,26.439547540414438,0.3404469213187002
0.5680000000000001,1404.2216069510011,37.47294499970614,26.44262750911998,5.373513730381194,0.7532216966522454,0.8307378389355965,292.25240478515633,267.7764326416016,-0.08374942940691198,0.7199174879669952,1404.2216069510011,26.44262750911998,0.34047516632100133
0.5690000000000001,1404.3569293240932,37.474750557196415,26.445708443223506,5.373706453582162,0.7531979150600299,0.8306944452955544,292.25240478515633,267.7659026611329,-0.08378545983915589,0.7196882878753151,1404.3569293240932,26.445708443223506,0.3405034395351053
0.5700000000000001,1404.4926662464495,37.47656155847878,26.448792698489417,5.373899176783132,0.7531740606148092,0.8306538528887802,292.25240478515633,267.75537268066415,-0.0838214902713998,0.7198532783127006,1404.4926662464495,26.448792698489417,0.3405317566615695
0.5710000000000001,1404.6288177180704,37.47837800276408,26.451880439258947,5.374091899984099,0.7531501333165831,0.830610106324182,292.25240478515633,267.7448427001954,-0.08385752070364372,0.7196882878753151,1404.6288177180704,26.451880439258947,0.3405601187927487
0.5720000000000001,1404.765383738956,37.480199889260945,26.454972701993203,5.374284623185068,0.7531261331653518,0.8305687534031326,292.25240478515633,267.7343127197267,-0.08389355113588762,0.7196882878753151,1404.765383738956,26.454972701993203,0.3405885328346062
0.5730000000000001,1404.9023643091055,37.48202721717578,26.458070941875395,5.374477346386036,0.7531020601611154,0.8305286007267042,292.25240478515633,267.72378273925796,-0.08392958156813153,0.7196882878753151,1404.9023643091055,26.458070941875395,0.34061700848432996
0.5740000000000001,1405.0397594285198,37.48385998571278,26.46117053653539,5.3746700695870055,0.7530779143038735,0.8304852621934826,292.25240478515633,267.7132527587892,-0.08396561200037544,0.7195233730522457,1405.0397594285198,26.46117053653539,0.3406455149256662
0.5750000000000001,1405.1775690971988,37.48569819407395,26.464271902908315,5.374862792787974,0.7530536955936264,0.8304392265578049,292.25240478515633,267.7027227783205,-0.08400164243261936,0.7195233730522457,1405.1775690971988,26.464271902908315,0.34067405493474434
0.5760000000000001,1405.315793315142,37.487541841459034,26.467373269281232,5.375055515988944,0.753029404030374,0.8303921304621301,292.25240478515633,267.6921927978517,-0.08403767286486347,0.7195233730522457,1405.315793315142,26.467373269281232,0.3407026166979906
0.577,1405.45443208235,37.48939092706562,26.470474797147197,5.375248239189912,0.7530050396141164,0.8303464281173214,292.25240478515633,267.68166281738297,-0.08407370329710738,0.7195233730522457,1405.45443208235,26.470474797147197,0.34073120128872064
0.578,1405.5934853988224,37.491245450089046,26.473577870391175,5.375440962390881,0.7529806023448533,0.8303002631763499,292.25240478515633,267.6711328369143,-0.0841097337293511,0.7195233730522457,1405.5934853988224,26.473577870391175,0.34075981792879856
0.579,1405.7329532645595,37.49310540972246,26.47669076988109,5.375633685591849,0.7529560922225851,0.8302568410493939,292.25240478515633,267.6606028564455,-0.08414576416159521,0.7193585337915235,1405.7329532645595,26.47669076988109,0.34078852181589225
0.58,1405.8728356795607,37.4949708051568,26.47980780370179,5.375826408792818,0.7529315092473116,0.830209701651201,292.25240478515633,267.6500728759768,-0.08418179459383912,0.7193585337915235,1405.8728356795607,26.47980780370179,0.34081727500402664
0.581,1406.0131326438266,37.49684163558081,26.482926083522663,5.376019131993787,0.7529068534190327,0.8301662276897056,292.25240478515633,267.63954289550804,-0.08421782502608303,0.7191937700412276,1406.0131326438266,26.482926083522663,0.3408460582361256
0.582,1406.1538441573566,37.49871790018102,26.486048734657963,5.376211855194756,0.7528821247377487,0.8301237316986168,292.25240478515633,267.6290129150393,-0.08425385545832693,0.7190290817494848,1406.1538441573566,26.486048734657963,0.34087489234251805
0.583,1406.2949702201515,37.50059959814178,26.489175675834556,5.376404578395724,0.7528573232034594,0.8300780601293113,292.25240478515633,267.6184829345706,-0.08428988589057085,0.7190290817494848,1406.2949702201515,26.489175675834556,0.34090377677816863
0.584,1406.436510832211,37.50248672864522,26.49231860168701,5.376597301596694,0.7528324488161646,0.8300344313668344,292.25240478515633,267.60795295410185,-0.08432591632281476,0.7190290817494848,1406.436510832211,26.49231860168701,0.34093278949712935
0.585,1406.578465993535,37.504379290871285,26.49547427636499,5.376790024797663,0.7528075015758647,0.8299842117282359,292.25240478515633,267.59742297363306,-0.08436194675505887,0.7194228126431517,1406.578465993535,26.49547427636499,0.340961908925696
0.586,1406.7208357041236,37.506277283997726,26.498630225528863,5.376982747998631,0.7527824814825596,0.8299375890894855,292.25240478515633,267.5868929931643,-0.08439797718730278,0.7194228126431517,1406.7208357041236,26.498630225528863,0.34099105190568335
0.587,1406.8636199639764,37.50818070720008,26.501793579475432,5.3771754711996,0.7527573885362491,0.8298953813401927,292.25240478515633,267.5763630126956,-0.0844340076195467,0.7196518552450756,1406.8636199639764,26.501793579475432,0.34102026596489465
0.588,1407.0068187730935,37.510089559651725,26.504962313463114,5.377368194400569,0.7527322227369333,0.8298530549857647,292.25240478515633,267.56583303222686,-0.08447003805179061,0.7196518552450756,1407.0068187730935,26.504962313463114,0.3410495376029421
0.589,1407.1504321314756,37.512003840523846,26.508137315052032,5.377560917601537,0.7527069840846122,0.8298125968027438,292.25240478515633,267.55530305175813,-0.08450606848403452,0.7194228126431517,1407.1504321314756,26.508137315052032,0.3410788727330542
0.59,1407.2944600391218,37.5139235489854,26.511316404369214,5.377753640802506,0.7526816725792859,0.8297677121668667,292.25240478515633,267.5447730712894,-0.08454209891627844,0.7192580719029081,1407.2944600391218,26.511316404369214,0.34110825682070794
0.591,1407.4389024960328,37.51584868420323,26.514501330265645,5.377946364003475,0.7526562882209542,0.829720848724359,292.25240478515633,267.53424309082067,-0.08457812934852235,0.7192580719029081,1407.4389024960328,26.514501330265645,0.34113770152054473
0.592,1407.583759502208,37.517779245341906,26.517689588037108,5.378139087204445,0.7526308310096174,0.8296737448193752,292.25240478515633,267.52371311035193,-0.08461415978076625,0.7192580719029081,1407.583759502208,26.517689588037108,0.34116719013267444
0.593,1407.7290310576482,37.5197152315639,26.520879247260797,5.378331810405412,0.7526053009452751,0.8296306640535769,292.25240478515633,267.5131831298832,-0.08465019021301017,0.7192580719029081,1407.7290310576482,26.520879247260797,0.34119670978540195
0.594,1407.8747171623527,37.52165664202945,26.52407205763667,5.378524533606382,0.7525796980279277,0.8295868946231613,292.25240478515633,267.50265314941447,-0.08468622064525408,0.7192580719029081,1407.8747171623527,26.52407205763667,0.3412262721390015
0.595,1408.0208178163214,37.52360347589663,26.52726486801254,5.378717256807349,0.752554022257575,0.8295417158634122,292.25240478515633,267.4921231689457,-0.08472225107749819,0.7192580719029081,1408.0208178163214,26.52726486801254,0.34125585618428556
0.596,1408.1673330195547,37.52555573232134,26.53045941603722,5.378909980008319,0.7525282736342169,0.829500373783049,292.25240478515633,267.48159318847695,-0.0847582815097421,0.7192580719029081,1408.1673330195547,26.53045941603722,0.3412854735011772
0.597,1408.3142627720524,37.527513410457296,26.533655303850225,5.379102703209288,0.7525024521578536,0.8294543118687452,292.25240478515633,267.4710632080082,-0.08479431194198601,0.7192580719029081,1408.3142627720524,26.533655303850225,0.3413151214341234
0.598,1408.4616070738148,37.52947650945607,26.536851191663217,5.379295426410257,0.7524765578284851,0.8294130811463178,292.25240478515633,267.4667406005863,-0.08480910260701091,0.7194228126431517,1408.4616070738148,26.536851191663217,0.34134479104859966
0.599,1408.6093659248418,37.53144502846702,26.540050667017567,5.379488149611225,0.7524505906461112,0.8293678242934788,292.25240478515633,267.4780175170903,-0.08477051638387188,0.7194228126431517,1408.6093659248418,26.540050667017567,0.3413745062560274
0.6,1408.7575393251332,37.53341896663736,26.543255978111304,5.379680872812194,0.752424550610732,0.8293248623536443,292.25240478515633,267.4892944335942,-0.08473193016073303,0.7192580719029081,1408.7575393251332,26.543255978111304,0.34140428203965467
0.601,1408.9061272746892,37.53539832311213,26.546472521660448,5.379873596013163,0.7523984377223476,0.8292772573881376,292.25240478515633,267.5005713500981,-0.0846933439375942,0.7192580719029081,1408.9061272746892,26.546472521660448,0.34143415437098135
0.602,1409.0551297735094,37.53738309703421,26.549695526345953,5.380066319214131,0.7523722519809579,0.8292354611231808,292.25240478515633,267.511848266602,-0.08465475771445535,0.7189288166628519,1409.0551297735094,26.549695526345953,0.34146409144060375
0.603,1409.2045468215942,37.539373287544294,26.55291853103146,5.3802590424151004,0.7523459933865628,0.829187817873992,292.25240478515633,267.5231251831059,-0.08461617149131652,0.7189288166628519,1409.2045468215942,26.55291853103146,0.3414940501746586
0.604,1409.3543784189437,37.54136889378095,26.556141535716968,5.380451765616069,0.7523196619391626,0.8291428671701561,292.25240478515633,267.53440209960985,-0.08457758526817748,0.7185998627316403,1409.3543784189437,26.556141535716968,0.3415240305697005
0.605,1409.5046245655576,37.54336991488054,26.559364540402466,5.380644488817039,0.752293257638757,0.8290980078693639,292.25240478515633,267.54567901611375,-0.08453899904503864,0.7185998627316403,1409.5046245655576,26.559364540402466,0.3415540326222752
0.606,1409.6552852614361,37.54537634997732,26.56259557729765,5.380837212018006,0.7522667804853462,0.8290502538444243,292.25240478515633,267.55695593261765,-0.08450041282189981,0.7182067703568161,1409.6552852614361,26.56259557729765,0.34158410987224047
0.607,1409.8063605065788,37.54738819820333,26.56583272751621,5.381029935218976,0.7522402304789301,0.8289964795047285,292.25240478515633,267.56823284912156,-0.08446182659876096,0.7182067703568161,1409.8063605065788,26.56583272751621,0.3416142495246829
0.608,1409.9578503009861,37.549405458688504,26.56906987773477,5.3812226584199445,0.7522136076195087,0.8289491332301108,292.25240478515633,267.57754709472704,-0.08442995604627627,0.7179780420860018,1409.9578503009861,26.56906987773477,0.34164441082424396
0.609,1410.109754644658,37.5514281305606,26.57230702795333,5.381415381620912,0.752186911907082,0.828903594398983,292.25240478515633,267.5692818786626,-0.08445823713457226,0.717813857763549,1410.109754644658,26.57230702795333,0.341674593767435
0.61,1410.2620735375945,37.55345621294523,26.57554417817189,5.381608104821883,0.75216014334165,0.8288564999494864,292.25240478515633,267.5610166625981,-0.08448651822286846,0.717813857763549,1410.2620735375945,26.57554417817189,0.3417047983507588
0.611,1410.4148069797952,37.555489704965844,26.578783987108352,5.38180082802285,0.7521333019232128,0.8288061670257191,292.25240478515633,267.55275144653365,-0.08451479931116444,0.7180425337297051,1410.4148069797952,26.578783987108352,0.34173504229392515
0.612,1410.5679549712606,37.557528605743755,26.582031235611655,5.381993551223819,0.7521063876517703,0.8287614800316083,292.25240478515633,267.5444862304692,-0.08454308039946043,0.7180425337297051,1410.5679549712606,26.582031235611655,0.34176535746292225
0.613,1410.7215175119907,37.559572914398146,26.58528414114212,5.382186274424788,0.7520794005273224,0.8287110287034593,292.25240478515633,267.53622101440476,-0.08457136148775642,0.7180425337297051,1410.7215175119907,26.58528414114212,0.34179573197168195
0.614,1410.8754946019847,37.56162263004601,26.588544526048985,5.382378997625757,0.7520523405498694,0.8286645489208601,292.25240478515633,267.52795579834026,-0.08459964257605261,0.7178783721993599,1410.8754946019847,26.588544526048985,0.34182617796459114
0.615,1411.0298862412433,37.56367775180225,26.59180921445243,5.382571720826727,0.7520252077194111,0.8286199230561735,292.25240478515633,267.5196905822758,-0.0846279236643486,0.7178783721993599,1411.0298862412433,26.59180921445243,0.3418566742674535
0.616,1411.184692429767,37.5657382787796,26.59508040765984,5.3827644440276945,0.7519980020359474,0.8285733847940957,292.25240478515633,267.51142536621137,-0.08465620475264458,0.7177142857142857,1411.184692429767,26.59508040765984,0.34188723555080264
0.617,1411.3399131675546,37.56780421008865,26.598354387637688,5.382957167228663,0.7519707234994785,0.8285259970036656,292.25240478515633,267.50316015014687,-0.08468448584094077,0.7177142857142857,1411.3399131675546,26.598354387637688,0.341917837026387
0.618,1411.4955484546072,37.56987554483788,26.60163029448611,5.383149890429631,0.7519433721100042,0.8284791818423616,292.25240478515633,267.4948949340825,-0.08471276692923656,0.7178783721993599,1411.4955484546072,26.60163029448611,0.3419484729584829
0.619,1411.651598290924,37.5719522821336,26.60490620133453,5.3833426136306,0.7519159478675247,0.8284339146908707,292.25240478515633,267.48662971801804,-0.08474104801753256,0.7178783721993599,1411.651598290924,26.60490620133453,0.34197913049885026
0.62,1411.8080626765056,37.574034421080015,26.60818910750771,5.38353533683157,0.7518884507720399,0.8283875363289119,292.25240478515633,267.47836450195354,-0.08476932910582874,0.7174857142857143,1411.8080626765056,26.60818910750771,0.3420098563019372
0.621,1411.9649416113514,37.57612196077918,26.61147322745982,5.383728060032539,0.7518608808235498,0.8283437711745446,292.25240478515633,267.47009928588903,-0.08479761019412492,0.7174857142857143,1411.9649416113514,26.61147322745982,0.34204061179726386
0.622,1412.1222350954615,37.578214900331034,26.614757347411924,5.383920783233507,0.7518332380220545,0.8282952925300459,292.25240478515633,267.4618340698246,-0.0848258912824209,0.7174857142857143,1412.1222350954615,26.614757347411924,0.3420713888900877
0.623,1412.2799431288365,37.5803132388334,26.61804305123821,5.384113506434477,0.7518055223675539,0.8282487719543468,292.25240478515633,267.45356885376015,-0.0848541723707169,0.7177142857142857,1412.2799431288365,26.61804305123821,0.34210219813502596
0.624,1412.438065711476,37.58241697538193,26.621338275791178,5.384306229635445,0.751777733860048,0.8282027592045619,292.25240478515633,267.44530363769564,-0.08488245345901309,0.7175502742230347,1412.438065711476,26.621338275791178,0.3421330924361239
0.625,1412.5966028433795,37.5845261090702,26.624635088612692,5.384498952836413,0.7517498724995368,0.8281519549518563,292.25240478515633,267.43703842163126,-0.08491073454730888,0.7177787934186471,1412.5966028433795,26.624635088612692,0.342164018911387
0.626,1412.7555545245482,37.58664063898965,26.627931901434206,5.384691676037382,0.7517219382860203,0.8281003922526367,292.25240478515633,267.4287732055668,-0.08493901563560487,0.7179428571428571,1412.7555545245482,26.627931901434206,0.3421949669696626
0.627,1412.9149207549808,37.58876056422958,26.631230121582895,5.3848843992383495,0.7516939312194987,0.8280535764288461,292.25240478515633,267.4205079895023,-0.08496729672390105,0.7177787934186471,1412.9149207549808,26.631230121582895,0.342225945988658
0.628,1413.0747015346783,37.5908858838772,26.634536417865625,5.385077122439319,0.7516658512999717,0.828005416239537,292.25240478515633,267.41224277343787,-0.08499557781219705,0.7173863376742061,1413.0747015346783,26.634536417865625,0.3422570004194962
0.629,1413.2348968636402,37.593016597017595,26.63784303228018,5.3852698456402885,0.7516376985274393,0.8279512631784676,292.25240478515633,267.4039775573734,-0.08502385890049304,0.7173863376742061,1413.2348968636402,26.63784303228018,0.34228807854308496
0.63,1413.3955067418665,37.59515270273372,26.64114964669474,5.385462568841257,0.7516094729019017,0.8279037042858762,292.25240478515633,267.3957123413089,-0.08505213998878922,0.7173863376742061,1413.3955067418665,26.64114964669474,0.3423191782350657
0.631,1413.5565311693574,37.59729420010644,26.644462389601323,5.385655292042226,0.7515811744233588,0.8278604384254018,292.25240478515633,267.3874471252445,-0.0850804210770852,0.7172224760164458,1413.5565311693574,26.644462389601323,0.342350340344756
0.632,1413.7179701461125,37.5994410882145,26.647779342892992,5.385848015243195,0.7515528030918107,0.8278112405616114,292.25240478515633,267.37918190918,-0.08510870216538138,0.7172870518383192,1413.7179701461125,26.647779342892992,0.3423815520822243
0.633,1413.8798236721325,37.60159336613453,26.651098618163395,5.386040738444164,0.7515243589072573,0.8277568525387102,292.25240478515633,267.3709166931156,-0.08513698325367719,0.7171232876712329,1413.8798236721325,26.651098618163395,0.3424128008555173
0.634,1414.042091747417,37.60375103294108,26.654424338042467,5.386233461645132,0.7514958418696985,0.8277102946630209,292.25240478515633,267.3626514770511,-0.08516526434197337,0.7171232876712329,1414.042091747417,26.654424338042467,0.34244411414269804
0.635,1414.2047743719659,37.60591408770655,26.65775054993162,5.3864261848461,0.7514672519791346,0.8276617882743961,292.25240478515633,267.35438626098664,-0.08519354543026936,0.7168949771689498,1414.2047743719659,26.65775054993162,0.3424754522595817
0.636,1414.3678715457788,37.608082529501274,26.66108141039454,5.38661890804707,0.7514385892355653,0.8276190992990208,292.25240478515633,267.3461210449222,-0.08522182651856534,0.7168949771689498,1414.3678715457788,26.66108141039454,0.34250684291041955
0.637,1414.531383268857,37.61025635739349,26.66441366858171,5.386811631248039,0.7514098536389907,0.827578216703142,292.25240478515633,267.3378558288577,-0.08525010760686154,0.7165030814882447,1414.531383268857,26.66441366858171,0.34253826442107466
0.638,1414.6953095411995,37.6124355704493,26.667757035824593,5.387004354449007,0.7513810451894108,0.827529695739817,292.25240478515633,267.32959061279325,-0.08527838869515753,0.7165030814882447,1414.6953095411995,26.667757035824593,0.3425697815242859
0.639,1414.8596503628062,37.61462016773273,26.671107067198104,5.387197077649977,0.7513521638868258,0.8274754493484712,292.25240478515633,267.3213253967288,-0.08530666978345351,0.7161761350673055,1414.8596503628062,26.671107067198104,0.34260136458610096
0.64,1415.0244057336774,37.61681014830574,26.67445721314833,5.3873898008509435,0.7513232097312353,0.8274260351929195,292.25240478515633,267.31306018066437,-0.0853349508717495,0.7160127737226277,1415.0244057336774,26.67445721314833,0.34263296994294373
0.641,1415.1895756538136,37.619005511228146,26.677807556086925,5.387582524051914,0.7512941827226396,0.8273787301329839,292.25240478515633,267.30479496459986,-0.08536323196004568,0.7160127737226277,1415.1895756538136,26.677807556086925,0.3426645981404162
0.642,1415.3551601232136,37.621206255557695,26.681162675430453,5.387775247252883,0.7512650828610388,0.8273265076776428,292.25240478515633,267.2965297485355,-0.08539151304834149,0.7160127737226277,1415.3551601232136,26.681162675430453,0.34269627970148864
0.643,1415.5211591418786,37.62341238035007,26.684517794773978,5.387967970453851,0.7512359101464324,0.8272767043615382,292.25240478515633,267.288264532471,-0.08541979413663767,0.7158494868871151,1415.5211591418786,26.684517794773978,0.34272798278250555
0.644,1415.687572709808,37.625623884658815,26.687872914117506,5.38816069365482,0.7512066645788209,0.8272257241283633,292.25240478515633,267.2799993164065,-0.08544807522493385,0.7156862745098039,1415.687572709808,26.687872914117506,0.3427597073796816
0.645,1415.8544008270019,37.62784076753544,26.691234207799024,5.3883534168557885,0.7511773461582041,0.8271808201197788,292.25240478515633,267.27173410034203,-0.08547635631322983,0.7156862745098039,1415.8544008270019,26.691234207799024,0.34279149464782965
0.646,1416.0216434934598,37.630063028029326,26.694596530720784,5.388546140056758,0.7511479548845821,0.827130729726248,292.25240478515633,267.2634688842776,-0.08550463740152582,0.7156862745098039,1416.0216434934598,26.694596530720784,0.34282331028553475
0.647,1416.1893007091828,37.632290665187824,26.697958853642543,5.388738863257726,0.7511184907579547,0.8270803604259562,292.25240478515633,267.25520366821314,-0.08553291848982182,0.7155231365397766,1416.1893007091828,26.697958853642543,0.34285514742799283
0.648,1416.3573724741705,37.63452367805617,26.70132439481317,5.388931586458695,0.751088953778322,0.8270328521031578,292.25240478515633,267.2469384521487,-0.08556119957811781,0.7155231365397766,1416.3573724741705,26.70132439481317,0.3428870275244769
0.649,1416.525858788422,37.636762065677516,26.704691339478586,5.389124309659664,0.7510593439456841,0.8269824756158929,292.25240478515633,267.2386732360842,-0.08558948066641399,0.7155231365397766,1416.525858788422,26.704691339478586,0.3429189384738714
0.65,1416.6947596519383,37.639005827092966,26.70806110304895,5.3893170328606335,0.7510296612600409,0.8269314391717534,292.25240478515633,267.23040802001975,-0.08561776175470998,0.7153600729261622,1416.6947596519383,26.70806110304895,0.3429508897075726
0.651,1416.8640750647194,37.641254961341545,26.71143290797189,5.389509756061601,0.7509999057213924,0.826876720206798,292.25240478515633,267.22214280395525,-0.08564604284300617,0.7153600729261622,1416.8640750647194,26.71143290797189,0.3429828760385137
0.652,1417.0338050267646,37.643509467460184,26.71480817990349,5.389702479262571,0.7509700773297386,0.8268282265258663,292.25240478515633,267.21387758789086,-0.08567432393130196,0.7151970836181363,1417.0338050267646,26.71480817990349,0.34301490696637477
0.653,1417.2039495380743,37.645769344483774,26.718198460448246,5.389895202463539,0.7509401760850796,0.8267810388263946,292.25240478515633,267.20561237182636,-0.08570260501959814,0.7150341685649203,1417.2039495380743,26.718198460448246,0.34304705942450875
0.654,1417.3745085986488,37.648034591445125,26.721596683910462,5.390087925664507,0.7509102019874152,0.826726121918543,292.25240478515633,267.1973471557619,-0.08573088610789413,0.7151970836181363,1417.3745085986488,26.721596683910462,0.34307928630858253
0.655,1417.5454822084876,37.65030520737498,26.724999805155843,5.390280648865477,0.7508801550367457,0.8266773214261214,292.25240478515633,267.1890819396975,-0.08575916719619012,0.7151970836181363,1417.5454822084876,26.724999805155843,0.3431115673156226
0.656,1417.7168703675911,37.652581191302026,26.72840292640122,5.390473372066445,0.7508500352330707,0.8266223196397131,292.25240478515633,267.18081672363303,-0.08578744828448612,0.7151970836181363,1417.7168703675911,26.72840292640122,0.3431438697927492
0.657,1417.8886730759589,37.65486254225288,26.731806047646593,5.390666095267414,0.7508198425763906,0.8265695942969927,292.25240478515633,267.1725515075685,-0.0858157293727823,0.7151970836181363,1417.8886730759589,26.731806047646593,0.34317619373606895
0.658,1418.0608903335913,37.6571492592521,26.735210495393325,5.3908588184683826,0.750789577066705,0.8265219911583422,292.25240478515633,267.1642862915041,-0.08584401046107829,0.7151970836181363,1418.0608903335913,26.735210495393325,0.34320854798423944
0.659,1418.233522140488,37.65944134132221,26.73862067072314,5.391051541669352,0.7507592387040143,0.8264725239637303,292.25240478515633,267.1560210754396,-0.08587229154937447,0.7154249259512417,1418.233522140488,26.73862067072314,0.34324096187129655
0.66,1418.4065684966492,37.661738787483635,26.742035651449807,5.39124426487032,0.7507288274883183,0.826422298563508,292.25240478515633,267.14775585937514,-0.08590057263767047,0.7154249259512417,1418.4065684966492,26.742035651449807,0.34327342924595894
0.661,1418.5800294020753,37.66404159675479,26.74545063217648,5.391436988071289,0.7506983434196169,0.8263766233404898,292.25240478515633,267.1394906433107,-0.08592885372596645,0.7151970836181363,1418.5800294020753,26.74545063217648,0.3433059180711596
0.662,1418.7539048567658,37.66634976815202,26.74886763580413,5.391629711272258,0.7506677864979103,0.826327151669076,292.25240478515633,267.13122542724625,-0.08595713481426244,0.7151970836181363,1418.7539048567658,26.74886763580413,0.34333844182777606
0.663,1418.9281948607202,37.66866330068961,26.752285451732938,5.3918224344732275,0.7506371567231985,0.8262793685549623,292.25240478515633,267.12296021118175,-0.08598541590255862,0.7153600729261622,1418.9281948607202,26.752285451732938,0.34337099244191527
0.664,1419.1028994139397,37.67098219337982,26.755703267661747,5.392015157674195,0.7506064540954813,0.8262264023884095,292.25240478515633,267.1146949951173,-0.08601369699085461,0.7148063781321184,1419.1028994139397,26.755703267661747,0.3434035644947656
0.665,1419.2780185164236,37.67330644523286,26.759121083590554,5.392207880875165,0.7505756786147589,0.8261783321767943,292.25240478515633,267.10642977905286,-0.08604197807915061,0.7146435891596448,1419.2780185164236,26.759121083590554,0.343436157982368
0.666,1419.4535521681719,37.675636055256874,26.76253889951936,5.392400604076132,0.7505448302810312,0.8261251459844658,292.25240478515633,267.0981645629884,-0.0860702591674466,0.7146435891596448,1419.4535521681719,26.76253889951936,0.34346877290075545
0.667,1419.6295003691848,37.677971022458,26.765956904889027,5.392593327277101,0.7505139090942983,0.826074880172575,292.25240478515633,267.0898993469239,-0.08609854025574278,0.7146435891596448,1419.6295003691848,26.765956904889027,0.3435014105087801
0.668,1419.805863119462,37.68031134584031,26.769384107561123,5.392786050478071,0.75048291505456,0.8260245998863608,292.25240478515633,267.08163413085947,-0.08612682134403876,0.7146435891596448,1419.805863119462,26.769384107561123,0.3435341308495486
0.669,1419.9826404190037,37.68265702440585,26.772811310233223,5.39297877367904,0.7504518481618164,0.8259739931148192,292.25240478515633,267.073368914795,-0.08615510243233476,0.7146435891596448,1419.9826404190037,26.772811310233223,0.3435668726091523
0.67,1420.1598322678105,37.68500805715465,26.776238512905316,5.393171496880008,0.7504207084160675,0.8259210195203889,292.25240478515633,267.0651036987306,-0.08618338352063075,0.7148713277157823,1420.1598322678105,26.776238512905316,0.3435996357835916
0.671,1420.337438665881,37.68736444308465,26.779666692914716,5.3933642200809775,0.7503894958173134,0.825869483802432,292.25240478515633,267.0568384826661,-0.08621166460892693,0.7144808743169399,1420.337438665881,26.779666692914716,0.3436324268838634
0.672,1420.5154596132165,37.68972618119182,26.783102073212564,5.393556943281946,0.7503582103655541,0.8258153295569173,292.25240478515633,267.04857326660164,-0.08623994569722292,0.7143182335533804,1420.5154596132165,26.783102073212564,0.3436652873886175
0.673,1420.6938951098164,37.69209327047009,26.786543818422377,5.393749666482914,0.7503268520607893,0.8257601359505924,292.25240478515633,267.04030805053713,-0.0862682267855191,0.7139280837505689,1420.6938951098164,26.786543818422377,0.3436982117251467
0.674,1420.8727451556806,37.69446570991133,26.789988803023352,5.393942389683883,0.7502954209030194,0.825707163861813,292.25240478515633,267.0320428344727,-0.0862965078738151,0.7139280837505689,1420.8727451556806,26.789988803023352,0.3437311790544596
0.675,1421.0520097508095,37.69684349850541,26.79344203265714,5.394135112884853,0.7502639168922441,0.8256576607925605,292.25240478515633,267.02377761840825,-0.08632478896211108,0.7139280837505689,1421.0520097508095,26.79344203265714,0.34376422274050394
0.676,1421.2316888952025,37.69922663524018,26.796898722838684,5.394327836085821,0.7502323400284636,0.8256058049732359,292.25240478515633,267.0155124023438,-0.08635307005040707,0.7140905986797177,1421.2316888952025,26.796898722838684,0.3437973108854902
0.677,1421.4117825888607,37.70161511910147,26.800362219515062,5.394520559286789,0.7502006903116778,0.8255510175112053,292.25240478515633,267.00724718627936,-0.08638135113870306,0.7138629638060551,1421.4117825888607,26.800362219515062,0.3438304657896997
0.678,1421.5922908317827,37.70400894907308,26.803828540696912,5.394713282487759,0.7501689677418868,0.8255028648702256,292.25240478515633,266.9989819702149,-0.08640963222699904,0.7136353289323925,1421.5922908317827,26.803828540696912,0.3438636609048242
0.679,1421.7732136239697,37.7064081241368,26.807294861878763,5.394906005688727,0.7501371723190904,0.8254480584771452,292.25240478515633,266.99071675415047,-0.08643791331529505,0.7132453345471097,1421.7732136239697,26.807294861878763,0.3438968773984229
0.68,1421.954550965421,37.70881264327241,26.81076118306061,5.395098728889696,0.7501053040432887,0.8253939790524394,292.25240478515633,266.98245153808597,-0.08646619440359123,0.7132453345471097,1421.954550965421,26.81076118306061,0.34393011526641537
0.681,1422.1363028561368,37.71122250545767,26.81422750424246,5.395291452090665,0.7500733629144818,0.8253377494780377,292.25240478515633,266.97418632202147,-0.08649447549188741,0.7136353289323925,1422.1363028561368,26.81422750424246,0.3439633745047129
0.682,1422.3184692961172,37.71363770966833,26.81769870352178,5.3954841752916325,0.7500413489326696,0.8252872671937073,292.25240478515633,266.965921105957,-0.0865227565801834,0.7134729176149295,1422.3184692961172,26.81769870352178,0.34399668762698765
0.683,1422.501050285362,37.71605825487815,26.821177899207623,5.395676898492602,0.750009262097852,0.8252348097765345,292.25240478515633,266.9576558898926,-0.0865510376684794,0.7133105802047781,1422.501050285362,26.821177899207623,0.34403007541602015
0.684,1422.6840458238712,37.718484140058855,26.824663794757075,5.3958696216935715,0.7499771024100292,0.8251831249790694,292.25240478515633,266.94939067382813,-0.08657931875677538,0.7133105802047781,1422.6840458238712,26.824663794757075,0.3440635292248441
0.685,1422.8674559116453,37.72091536418019,26.82815072150946,5.39606234489454,0.7499448698692013,0.8251275679086326,292.25240478515633,266.93347628784176,-0.0866337730083942,0.7131483166515014,1422.8674559116453,26.82815072150946,0.3440970112616156
0.686,1423.0512805486835,37.723351926209894,26.831637648261843,5.396255068095508,0.7499125644753679,0.8250731291754112,292.25240478515633,266.9114457885742,-0.08670915476370855,0.7131483166515014,1423.0512805486835,26.831637648261843,0.344130514648129
0.687,1423.2355197349866,37.7257938251137,26.83512457501423,5.3964477912964774,0.7498801862285293,0.8250228165678924,292.25240478515633,266.88941528930667,-0.08678453651902289,0.7136032757051866,1423.2355197349866,26.83512457501423,0.34416403938024753
0.6880000000000001,1423.420173470554,37.728241059855335,26.83861392166541,5.396640514497447,0.7498477351286854,0.8249685859356919,292.25240478515633,266.86738479003907,-0.08685991827433744,0.7136032757051866,1423.420173470554,26.83861392166541,0.3441976015850558
0.6890000000000001,1423.6052417553856,37.730693629396555,26.842109191161573,5.396833237698415,0.7498152111758363,0.824912459026602,292.25240478515633,266.8453542907715,-0.08693530002965177,0.7133757961783439,1423.6052417553856,26.842109191161573,0.344231224609307
0.6900000000000001,1423.790724589482,37.73315153269711,26.845609493116367,5.397025960899383,0.7497826143699817,0.8248569014542817,292.25240478515633,266.823323791504,-0.08701068178496613,0.7133757961783439,1423.790724589482,26.845609493116367,0.3442649025134571
0.6910000000000001,1423.9766219728426,37.73561476871475,26.84911277810052,5.397218684100353,0.749749944711122,0.8248036920749304,292.25240478515633,266.8012932922364,-0.08708606354028066,0.7128892930211411,1423.9766219728426,26.84911277810052,0.34429862163168623
0.6920000000000001,1424.1629339054678,37.73808333640525,26.852620589184756,5.397411407301321,0.7497172021992571,0.8247560815686285,292.25240478515633,266.7792627929688,-0.0871614452955952,0.7128892930211411,1424.1629339054678,26.852620589184756,0.3443323922460447
0.6930000000000001,1424.3496603873577,37.74055723472241,26.85613077292396,5.39760413050229,0.7496843868343868,0.8246986367332486,292.25240478515633,266.75723229370124,-0.08723682705090956,0.7128892930211411,1424.3496603873577,26.85613077292396,0.3443661999973192
0.6940000000000001,1424.5368014185121,37.743036462618,26.859646487903458,5.397796853703259,0.749651498616511,0.8246456396707407,292.25240478515633,266.7352017944337,-0.0873122088062239,0.7131166174130484,1424.5368014185121,26.859646487903458,0.3444000659366871
0.6950000000000001,1424.724356998931,37.74552101904186,26.863162202882958,5.397989576904228,0.7496185375456301,0.8245871248395749,292.25240478515633,266.7131712951661,-0.08738759056153844,0.7131818181818181,1424.724356998931,26.863162202882958,0.34443395318827974
0.6960000000000001,1424.9123271286144,37.74801090294182,26.866681392475403,5.398182300105196,0.749585503621744,0.8245320765385935,292.25240478515633,266.6911407958985,-0.08746297231685297,0.7131818181818181,1424.9123271286144,26.866681392475403,0.3444678849099229
0.6970000000000001,1425.1007118075618,37.750506113263725,26.870204943962502,5.398375023306166,0.7495523968448528,0.8244688665460859,292.25240478515633,266.66911029663095,-0.08753835407216733,0.7127925471483754,1425.1007118075618,26.870204943962502,0.3445018670120877
0.6980000000000001,1425.2895110357745,37.75300664895148,26.87373074016445,5.398567746507134,0.7495192172149558,0.8244106539090807,292.25240478515633,266.64707979736335,-0.08761373582748186,0.7127925471483754,1425.2895110357745,26.87373074016445,0.34453588537726854
0.6990000000000001,1425.478724813251,37.755512508946964,26.877258160819224,5.398760469708103,0.749485964732054,0.8243605713047837,292.25240478515633,266.6250492980958,-0.08768911758279621,0.7127925471483754,1425.478724813251,26.877258160819224,0.3445699358665196
0.7000000000000001,1425.6683531399926,37.75802369219015,26.880785581473994,5.398953192909071,0.7494526393961467,0.8243030783688783,292.25240478515633,266.60301879882826,-0.08776449933811055,0.7125653260622585,1425.6683531399926,26.880785581473994,0.34460400764687493
0.7010000000000001,1425.8583960159983,37.76054019761897,26.884313002128767,5.39914591611004,0.749419241207234,0.8242470676358069,292.25240478515633,266.58098829956066,-0.0878398810934251,0.71240345297592,1425.8583960159983,26.884313002128767,0.34463810071408674
0.7020000000000001,1426.0488534412682,37.76306202416944,26.88784127103847,5.399338639311009,0.7493857701653164,0.824188307323329,292.25240478515633,266.55895780029306,-0.08791526284873963,0.71240345297592,1426.0488534412682,26.88784127103847,0.3446722207184313
0.7030000000000001,1426.2397254158036,37.765589170775606,26.891370802309442,5.399531362511977,0.7493522262703931,0.8241316114187504,292.25240478515633,266.5369273010255,-0.08799064460405398,0.7121762835074966,1426.2397254158036,26.891370802309442,0.3447063704161095
0.704,1426.4310119396027,37.76812163636951,26.8949011321587,5.399724085712947,0.7493186095224648,0.824075784375081,292.25240478515633,266.5148968017579,-0.08806602635936853,0.7120145355439473,1426.4310119396027,26.8949011321587,0.3447405467112374
0.705,1426.6227130126665,37.770659419881284,26.898431723577744,5.399916808913915,0.749284919921531,0.8240172389490904,292.25240478515633,266.4928663024903,-0.08814140811468306,0.7120799273387829,1426.6227130126665,26.898431723577744,0.34477474601979624
0.706,1426.8148286349947,37.77320252023906,26.90196584911012,5.400109532114883,0.7492511574675922,0.8239600014719437,292.25240478515633,266.47083580322277,-0.08821678986999741,0.7120799273387829,1426.8148286349947,26.90196584911012,0.34480899015252303
0.707,1427.0073588065877,37.77575093636906,26.9055148513134,5.400302255315853,0.7492173221606478,0.8239052606650136,292.25240478515633,266.4488053039552,-0.08829217162531175,0.7123069936421436,1427.0073588065877,26.9055148513134,0.34484335471547434
0.708,1427.200303527445,37.77830466719549,26.909065219092145,5.400494978516822,0.7491834140006983,0.8238540363156497,292.25240478515633,266.4267748046876,-0.0883675533806263,0.7123069936421436,1427.200303527445,26.909065219092145,0.34487774963835793
0.709,1427.3936627975668,37.78086371164067,26.912620277083974,5.40068770171779,0.7491494329877435,0.8237969852581518,292.25240478515633,266.4047443054201,-0.08844293513594063,0.7123069936421436,1427.3936627975668,26.912620277083974,0.3449121970791504
0.71,1427.5874366169528,37.783428068624914,26.91617800083144,5.40088042491876,0.7491153791217835,0.8237426805278548,292.25240478515633,266.3827138061525,-0.08851831689125518,0.7121452894438138,1427.5874366169528,26.91617800083144,0.34494668353834623
0.711,1427.7816249856037,37.78599773706662,26.919736973066673,5.401073148119728,0.7490812524028181,0.823681846753497,292.25240478515633,266.36068330688494,-0.08859369864656952,0.7121452894438138,1427.7816249856037,26.919736973066673,0.3449811995640041
0.712,1427.9762279035192,37.78857271588223,26.923296716126362,5.401265871320696,0.7490470528308475,0.823622385952024,292.25240478515633,266.3386528076174,-0.08866908040188387,0.7119182746878547,1427.9762279035192,26.923296716126362,0.34501574196765006
0.713,1428.171245370699,37.791153003986246,26.926856459186045,5.4014585945216655,0.7490127804058715,0.823570873079809,292.25240478515633,266.3166223083498,-0.0887444621571984,0.7119182746878547,1428.171245370699,26.926856459186045,0.3450503056065682
0.714,1428.3666773871435,37.793738600291235,26.93041620224573,5.401651317722634,0.7489784351278903,0.8235131187829938,292.25240478515633,266.30803873901385,-0.08877383255482525,0.7119182746878547,1428.3666773871435,26.93041620224573,0.34508489047640906
0.715,1428.5625239528522,37.796329503707796,26.933976079490225,5.401844040923603,0.7489440169969037,0.823456478346592,292.25240478515633,266.3169484405519,-0.08874334623070201,0.7119182746878547,1428.5625239528522,26.933976079490225,0.3451194974673016
0.716,1428.7587850678253,37.79892571314462,26.937536853225083,5.4020367641245715,0.7489095260129119,0.8234036331741404,292.25240478515633,266.32585814209,-0.08871285990657879,0.7119182746878547,1428.7587850678253,26.937536853225083,0.34515413165646774
0.717,1428.955460732063,37.80152722750846,26.94109762695994,5.402229487325541,0.748874962175915,0.8233524803532288,292.25240478515633,266.3347678436281,-0.08868237358245556,0.7117566954153427,1428.955460732063,26.94109762695994,0.34518878706346207
0.718,1429.1525509455655,37.804134045704124,26.9446609279209,5.402422210526509,0.7488403254859126,0.823303178780209,292.25240478515633,266.3436775451662,-0.08865188725833215,0.7115951894712956,1429.1525509455655,26.9446609279209,0.3452234805305855
0.719,1429.3500557083323,37.8067461666345,26.94823164084949,5.402614933727478,0.7488056159429051,0.823242355424955,292.25240478515633,266.3525872467043,-0.08862140093420892,0.7115951894712956,1429.3500557083323,26.94823164084949,0.3452582446155083
0.72,1429.547975020364,37.809363589200544,26.951805631655116,5.402807656928447,0.7487708335468921,0.8231895236829089,292.25240478515633,266.36149694824235,-0.08859091461008568,0.7115951894712956,1429.547975020364,26.951805631655116,0.3452930517556726
0.721,1429.7463088816594,37.81198631230128,26.95538569672998,5.403000380129416,0.748735978297874,0.8231359821971338,292.25240478515633,266.3704066497804,-0.08856042828596246,0.7115951894712956,1429.7463088816594,26.95538569672998,0.3453279205876378
0.722,1429.9450572922199,37.81461433483383,26.958969823786465,5.403193103330384,0.7487010501958504,0.8230748915988939,292.25240478515633,266.37931635131855,-0.08852994196183904,0.7118221012026322,1429.9450572922199,26.958969823786465,0.3453628376929306
0.723,1430.1442202520448,37.81724765569336,26.962557506836017,5.403385826531353,0.7486660492408217,0.8230208110499689,292.25240478515633,266.3882260528566,-0.08849945563771582,0.7118221012026322,1430.1442202520448,26.962557506836017,0.3453977996941739
0.724,1430.3437977611338,37.819886273773136,26.9661472356696,5.403578549732321,0.7486309754327878,0.8229646222485919,292.25240478515633,266.3971357543947,-0.08846896931359258,0.7118221012026322,1430.3437977611338,26.9661472356696,0.3454327965197728
0.725,1430.5437898194875,37.822530187964524,26.969736964503177,5.40377127293329,0.7485958287717485,0.8229077500423381,292.25240478515633,266.40604545593277,-0.08843848298946935,0.7118221012026322,1430.5437898194875,26.969736964503177,0.34546781452794134
0.726,1430.7441964271059,37.82517939715694,26.97332874832605,5.403963996134259,0.7485606092577037,0.8228477705140388,292.25240478515633,266.41495515747084,-0.08840799666534613,0.7118221012026322,1430.7441964271059,26.97332874832605,0.3455028674129524
0.727,1430.9450175839886,37.82783390023791,26.97692660485798,5.404156719335227,0.7485253168906539,0.8227872221910041,292.25240478515633,266.423864859009,-0.08837751034122271,0.7118221012026322,1430.9450175839886,26.97692660485798,0.34553798195278196
0.728,1431.146253290136,37.83049369609305,26.980531889198854,5.404349442536197,0.7484899516705987,0.8227305522438461,292.25240478515633,266.43277456054705,-0.08834702401709947,0.7115951894712956,1431.146253290136,26.980531889198854,0.3455731671761718
0.729,1431.3479035455478,37.83315878360605,26.98413832961552,5.4045421657371655,0.7484545135975383,0.8226777070111683,292.25240478515633,266.4416842620851,-0.08831653769297625,0.7115951894712956,1431.3479035455478,26.98413832961552,0.34560838127080684
0.73,1431.5499683502244,37.83582916165872,26.98774987409028,5.404734888938135,0.7484190026714725,0.8226199365135501,292.25240478515633,266.4505939636232,-0.08828605136885302,0.7115951894712956,1431.5499683502244,26.98774987409028,0.34564365054976515
0.731,1431.752447704165,37.83850482913093,26.991363047603947,5.404927612139103,0.7483834188924017,0.8225573920187121,292.25240478515633,266.45950366516126,-0.0882555650447298,0.7115951894712956,1431.752447704165,26.991363047603947,0.34567895184382424
0.732,1431.9553416073702,37.841185784900695,26.99497922871942,5.405120335340072,0.7483477622603254,0.8225007491933444,292.25240478515633,266.4684133666994,-0.08822507872060636,0.7117566954153427,1431.9553416073702,26.99497922871942,0.34571429433810197
0.733,1432.1586500598403,37.84387202784409,26.998599091633956,5.405313058541041,0.7483120327752437,0.8224422629695447,292.25240478515633,266.4773230682374,-0.08819459239648333,0.7115951894712956,1432.1586500598403,26.998599091633956,0.345749682522353
0.734,1432.3623730615745,37.84656355683531,27.00222045674272,5.405505781742009,0.748276230437157,0.8223810475829635,292.25240478515633,266.48623276977554,-0.08816410607235992,0.7114337568058077,1432.3623730615745,27.00222045674272,0.3457851018626629
0.735,1432.566510612573,37.84926037074665,27.005842095117544,5.405698504942978,0.7482403552460648,0.8223264630224397,292.25240478515633,266.4951424713136,-0.08813361974823669,0.7112068965517241,1432.566510612573,27.005842095117544,0.34582054416239283
0.736,1432.7710627128365,37.851962468448534,27.009464108923396,5.405891228143947,0.7482044072019675,0.8222664550072266,292.25240478515633,266.5040521728517,-0.08810313342411347,0.7110455885688365,1432.7710627128365,27.009464108923396,0.3458560100980642
0.737,1432.976029362364,37.85466984880946,27.01309223899667,5.4060839513449155,0.7481683863048648,0.82220914323123,292.25240478515633,266.5129618743898,-0.08807264709999003,0.710818779768655,1432.976029362364,27.01309223899667,0.3458915379340034
0.738,1433.1814105611566,37.85738251069607,27.016721877624665,5.406276674545884,0.7481322925547568,0.8221557810383565,292.25240478515633,266.5218715759279,-0.08804216077586681,0.7106575963718821,1433.1814105611566,27.016721877624665,0.3459270969503142
0.739,1433.387206309213,37.860100452973086,27.020363343359232,5.406469397746854,0.7480961259516437,0.8221002619906222,292.25240478515633,266.5307812774659,-0.08801167445174378,0.7106575963718821,1433.387206309213,27.020363343359232,0.34596275592670694
0.74,1433.5934166065344,37.86282367450339,27.02401475035463,5.406662120947823,0.748059886495525,0.8220406918387477,292.25240478515633,266.53969097900404,-0.08798118812762036,0.7106575963718821,1433.5934166065344,27.02401475035463,0.34599850228744256
0.741,1433.8000414531205,37.86555217414795,27.027667481599988,5.406854844148791,0.7480235741864012,0.8219840886019593,292.25240478515633,266.5486006805421,-0.08795070180349712,0.7106575963718821,1433.8000414531205,27.027667481599988,0.34603427858631575
0.742,1434.0070808489709,37.86828595076586,27.03132180577529,5.4070475673497596,0.7479871890242722,0.8219219930118993,292.25240478515633,266.5575103820802,-0.0879202154793739,0.7106575963718821,1434.0070808489709,27.03132180577529,0.3460700866098044
0.743,1434.2145347940855,37.871025003214335,27.034976129950593,5.407240290550727,0.7479507310091378,0.8218590000137901,292.25240478515633,266.5664200836183,-0.08788972915525048,0.7107231920199502,1434.2145347940855,27.034976129950593,0.3461059157347456
0.744,1434.4224032884647,37.873769330348736,27.03863045412589,5.407433013751697,0.7479142001409982,0.821798417221389,292.25240478515633,266.5753297851564,-0.08785924283112725,0.7107231920199502,1434.4224032884647,27.03863045412589,0.34614176595656126
0.745,1434.6306863321088,37.87651893102254,27.04228477830119,5.407625736952666,0.7478775964198532,0.821737132032835,292.25240478515633,266.58423948669446,-0.08782875650700402,0.7107231920199502,1434.6306863321088,27.04228477830119,0.3461776372706657
0.746,1434.8393839250168,37.87927380408733,27.045939102476492,5.407818460153635,0.747840919845703,0.8216742151604323,292.25240478515633,266.593046813965,-0.08779862047689337,0.7107231920199502,1434.8393839250168,27.045939102476492,0.34621352967246566
0.747,1435.0484960671897,37.882033948392866,27.049593426651796,5.408011183354603,0.7478041704185475,0.8216179528832946,292.25240478515633,266.5918924255372,-0.08780257044756555,0.7107231920199502,1435.0484960671897,27.049593426651796,0.3462494431573606
0.748,1435.2580227586266,37.88479936278701,27.053247750827094,5.408203906555572,0.7477673481383867,0.8215627645166347,292.25240478515633,266.5907380371095,-0.08780652041823755,0.7105621033544878,1435.2580227586266,27.053247750827094,0.34628537772074236
0.749,1435.4679639993287,37.88757004611577,27.05690207500239,5.408396629756542,0.7477304530052207,0.8214998643067678,292.25240478515633,266.5895836486817,-0.08781047038890974,0.7101744844776796,1435.4679639993287,27.05690207500239,0.3463213333579953
0.75,1435.6783197892948,37.890345997223285,27.060556399177692,5.4085893529575095,0.7476934850190493,0.8214392536279207,292.25240478515633,266.588429260254,-0.08781442035958174,0.7101744844776796,1435.6783197892948,27.060556399177692,0.3463573100644966
0.751,1435.8890901285258,37.89312721495187,27.064211778084264,5.408782076158478,0.7476564441798728,0.8213827811436434,292.25240478515633,266.58727487182625,-0.08781837033025373,0.7100135931128229,1435.8890901285258,27.064211778084264,0.3463933148665346
0.752,1436.100275017021,37.895913698141925,27.067872533589256,5.408974799359448,0.7476193304876908,0.8213237681026536,292.25240478515633,266.58612048339853,-0.08782232030092572,0.7100135931128229,1436.100275017021,27.067872533589256,0.3464293765693664
0.753,1436.3118744547812,37.89870544563206,27.071541837140735,5.409167522560417,0.7475821439425037,0.8212618445382205,292.25240478515633,266.5849660949708,-0.08782627027159773,0.7100135931128229,1436.3118744547812,27.071541837140735,0.3464655163094607
0.754,1436.523888441805,37.901502456258974,27.07521801351007,5.409360245761385,0.7475448845443111,0.8212043978157582,292.25240478515633,266.58381170654303,-0.08783022024226991,0.7098527746319366,1436.523888441805,27.07521801351007,0.3465017229149635
0.755,1436.7363169780938,37.90430472885756,27.07889924465567,5.409552968962354,0.7475075522931134,0.8211464567981639,292.25240478515633,266.5826573181153,-0.08783417021294192,0.7096920289855072,1436.7363169780938,27.07889924465567,0.34653798426201105
0.756,1436.949160063647,37.90711226226085,27.082587717306247,5.409745692163323,0.7474701471889105,0.8210909586488634,292.25240478515633,266.58150292968753,-0.0878381201836141,0.7095313561240661,1436.949160063647,27.082587717306247,0.34657431492283597
0.757,1437.162417698465,37.90992505530003,27.086283260770927,5.409938415364292,0.747432669231702,0.8210316921365741,292.25240478515633,266.5803485412598,-0.08784207015428609,0.7095313561240661,1437.162417698465,27.086283260770927,0.34661071375492497
0.758,1437.3760898825471,37.912743106804434,27.08998518073202,5.41013113856526,0.7473951184214885,0.8209797869118267,292.25240478515633,266.5791941528321,-0.0878460201249581,0.7093707559981892,1437.3760898825471,27.08998518073202,0.3466471761252213
0.759,1437.590176615894,37.915566415601575,27.09368933342299,5.410323861766229,0.7473574947582696,0.8209178326923424,292.25240478515633,266.5780397644043,-0.08784997009563028,0.7089839330165196,1437.590176615894,27.09368933342299,0.34668367440637254
0.76,1437.8046778985054,37.918394980517114,27.097394464903882,5.410516584967197,0.7473197982420455,0.8208580040904832,292.25240478515633,266.5768853759766,-0.08785392006630229,0.7088235294117647,1437.8046778985054,27.097394464903882,0.34672020023482275
0.761,1438.019593730381,37.92122880037488,27.10110891659508,5.410709308168166,0.7472820288728161,0.8207941527910958,292.25240478515633,266.5757309875488,-0.08785787003697447,0.7088235294117647,1438.019593730381,27.10110891659508,0.3467568092104103
0.762,1438.2349241115214,37.92406787399687,27.104825839726292,5.410902031369136,0.7472441866505813,0.8207364016260342,292.25240478515633,266.5709860229492,-0.087874105881477,0.7088235294117647,1438.2349241115214,27.104825839726292,0.34679345567399994
0.763,1438.4506690419262,37.92691220020325,27.108542762857496,5.411094754570104,0.7472062715753414,0.8206759891930065,292.25240478515633,266.55249801635745,-0.08793736629025062,0.7086631983714092,1438.4506690419262,27.108542762857496,0.3468301231460656
0.764,1438.6668285215956,37.92976177781236,27.112259685988704,5.411287477771073,0.7471682836470961,0.8206196588604512,292.25240478515633,266.53401000976567,-0.08800062669902423,0.7083427537870224,1438.6668285215956,27.112259685988704,0.3468668116218812
0.765,1438.8834025505291,37.93261660564071,27.115976609119908,5.411480200972042,0.7471302228658455,0.8205601895068813,292.25240478515633,266.5155220031738,-0.08806388710779804,0.7083427537870224,1438.8834025505291,27.115976609119908,0.34690352109671324
0.766,1439.1003911287276,37.93547668250298,27.11969550100462,5.411672924173011,0.7470920892315898,0.8204994099761043,292.25240478515633,266.49703399658205,-0.08812714751657165,0.7081826401446655,1439.1003911287276,27.11969550100462,0.3469402646896814
0.767,1439.3177942561904,37.93834200721205,27.12341581643439,5.411865647373979,0.7470538827443285,0.8204393559080508,292.25240478515633,266.47854598999027,-0.08819040792534527,0.7080225988700565,1439.3177942561904,27.12341581643439,0.34697703876163666
0.768,1439.5356119329176,37.94121257857895,27.12713613186416,5.412058370574948,0.7470156034040623,0.8203797846921831,292.25240478515633,266.4600579833985,-0.08825366833411888,0.7080225988700565,1439.5356119329176,27.12713613186416,0.3470138338183638
0.769,1439.7538441589095,37.94408839541292,27.13085644729393,5.412251093775916,0.7469772512107904,0.8203192365297514,292.25240478515633,266.4415699768067,-0.0883169287428925,0.7080225988700565,1439.7538441589095,27.13085644729393,0.3470506498551004
0.77,1439.9724909341655,37.946969456521366,27.134576762723704,5.412443816976885,0.7469388261645136,0.8202577793757967,292.25240478515633,266.42308197021487,-0.0883801891516663,0.7077966101694916,1439.9724909341655,27.134576762723704,0.34708748686707647
0.771,1440.1915522586864,37.9498557607099,27.138304720846385,5.4126365401778544,0.7469003282652313,0.8201912066225603,292.25240478515633,266.40459396362314,-0.08844344956043973,0.7076366922729327,1440.1915522586864,27.138304720846385,0.3471243957962869
0.772,1440.4110281324718,37.95274730678231,27.14204464003393,5.412829263378822,0.7468617575129437,0.8201251316776411,292.25240478515633,266.3861059570313,-0.08850670996921353,0.7078626299141437,1440.4110281324718,27.14204464003393,0.34716140542454305
0.773,1440.6309185555215,37.95564409354058,27.145791377005786,5.413021986579792,0.746823113907651,0.8200622339370416,292.25240478515633,266.3676179504396,-0.08856997037798696,0.7078626299141437,1440.6309185555215,27.145791377005786,0.347198481461554
0.774,1440.8512235278358,37.95854611978488,27.149542191057158,5.413214709780761,0.7467843974493529,0.8200046415880304,292.25240478515633,266.34912994384774,-0.08863323078676076,0.7076366922729327,1440.8512235278358,27.149542191057158,0.3472356056327744
0.775,1441.0719430494144,37.9614533843136,27.153295198339226,5.41340743298173,0.7467456081380495,0.8199459244174677,292.25240478515633,266.33064193725596,-0.08869649119553438,0.7077966101694916,1441.0719430494144,27.153295198339226,0.3472727653755187
0.776,1441.2930771202577,37.964365885923314,27.157052034618822,5.413600156182698,0.7467067459737409,0.8198829971460363,292.25240478515633,266.3121539306642,-0.08875975160430799,0.7078626299141437,1441.2930771202577,27.157052034618822,0.3473099715891198
0.777,1441.5146257403653,37.96728362340879,27.160809152336473,5.413792879383666,0.746667810956427,0.8198155510350135,292.25240478515633,266.2936659240724,-0.08882301201308161,0.7078626299141437,1441.5146257403653,27.160809152336473,0.3473472006204558
0.778,1441.736588909738,37.97020659556303,27.16456693697229,5.413985602584636,0.7466288030861077,0.8197539517275446,292.25240478515633,266.2751779174806,-0.08888627242185522,0.7078626299141437,1441.736588909738,27.16456693697229,0.34738445503433907
0.779,1441.9589666283746,37.973134801177196,27.168325426901472,5.4141783257856035,0.7465897223627833,0.8196940376850189,292.25240478515633,266.2566899108888,-0.08894953283062904,0.7076366922729327,1441.9589666283746,27.168325426901472,0.3474217350817466
0.78,1442.1817588962758,37.9760682390407,27.172083916830655,5.414371048986573,0.7465505687864535,0.8196321206249976,292.25240478515633,266.238201904297,-0.08901279323940264,0.7076366922729327,1442.1817588962758,27.172083916830655,0.34745903605629724
0.781,1442.4049657134412,37.97900690794115,27.175842406759838,5.414563772187542,0.7465113423571185,0.8195673611571764,292.25240478515633,266.2197138977052,-0.08907605364817626,0.7074107546317216,1442.4049657134412,27.175842406759838,0.34749635795314204
0.782,1442.6285870798717,37.981950806664365,27.1796022614195,5.41475649538851,0.746472043074778,0.8195095171436467,292.25240478515633,266.20122589111344,-0.08913931405694987,0.7074107546317216,1442.6285870798717,27.1796022614195,0.34753370986482157
0.783,1442.8526229955664,37.984899933994384,27.183363556865107,5.414949218589479,0.7464326709394324,0.81944783667156,292.25240478515633,266.18273788452166,-0.0892025744657235,0.7074107546317216,1442.8526229955664,27.183363556865107,0.3475710922934641
0.784,1443.0770734605255,37.98785428871346,27.187127458961932,5.4151419417904485,0.7463932259510816,0.8193861753112012,292.25240478515633,266.1642498779299,-0.0892658348744971,0.7074107546317216,1443.0770734605255,27.187127458961932,0.3476085130059456
0.785,1443.3019384747495,37.99081386960208,27.190891391636814,5.415334664991416,0.7463537081097253,0.8193212225178128,292.25240478515633,266.14576187133804,-0.08932909528327092,0.7074107546317216,1443.3019384747495,27.190891391636814,0.3476459548250888
0.786,1443.527218038238,37.99377867543893,27.1946553243117,5.415527388192386,0.7463141174153639,0.8192667408434294,292.25240478515633,266.12727386474626,-0.08939235569204453,0.7069315872657485,1443.527218038238,27.1946553243117,0.3476834175421735
0.787,1443.7529121509906,37.99674870500094,27.19841925698658,5.415720111393354,0.7462744538679972,0.8192010865974293,292.25240478515633,266.1087858581545,-0.08945561610081815,0.7067720090293453,1443.7529121509906,27.19841925698658,0.3477209011523075
0.788,1443.979020813008,37.99972395706327,27.20218318966146,5.415912834594324,0.7462347174676252,0.8191407489049091,292.25240478515633,266.0902978515627,-0.08951887650959177,0.7067720090293453,1443.979020813008,27.20218318966146,0.3477584056505921
0.789,1444.2055440242896,38.002704430399284,27.205947122336344,5.416105557795292,0.7461949082142478,0.8190823518156389,292.25240478515633,266.0718098449709,-0.08958213691836538,0.7067720090293453,1444.2055440242896,27.205947122336344,0.34779593103212103
0.79,1444.432481784836,38.005690123780624,27.209711055011226,5.41629828099626,0.7461550261078653,0.819019223228653,292.25240478515633,266.05332183837913,-0.089645397327139,0.7063868201308959,1444.432481784836,27.209711055011226,0.34783347729198144
0.791,1444.6598340946466,38.00868103597712,27.213475037561306,5.41649100419723,0.7461150711484774,0.8189562332819962,292.25240478515633,266.03483383178735,-0.0897086577359126,0.7063868201308959,1444.6598340946466,27.213475037561306,0.34787104475772496
0.792,1444.887600953722,38.011677165756865,27.21724065725211,5.416683727398198,0.7460750433360842,0.8188881452216829,292.25240478515633,266.0163458251956,-0.08977191814468623,0.7062274368231047,1444.887600953722,27.21724065725211,0.34790864400525695
0.793,1445.1157823620617,38.01467851188619,27.221012228614068,5.416876450599167,0.7460349426706858,0.8188279152133104,292.25240478515633,265.9978578186038,-0.08983517855345984,0.7062274368231047,1445.1157823620617,27.221012228614068,0.34794630379063113
0.794,1445.3443783196662,38.01768507312967,27.224787824747523,5.417069173800137,0.7459947691522821,0.8187688056500645,292.25240478515633,265.97936981201195,-0.08989843896223365,0.7060018050541517,1445.3443783196662,27.224787824747523,0.3479840112640467
0.795,1445.573388826535,38.0206968482501,27.22856892877065,5.417261897001104,0.745954522780873,0.818709635218374,292.25240478515633,265.9608818054202,-0.08996169937100726,0.7056833558863329,1445.573388826535,27.22856892877065,0.3480217763071336
0.796,1445.8028138826678,38.02371383600855,27.232355567196617,5.417454620202074,0.7459142035564589,0.8186498907924339,292.25240478515633,265.9423937988284,-0.09002495977978088,0.7054578258908435,1445.8028138826678,27.232355567196617,0.34805959909167555
0.797,1446.0326534880662,38.02673603516434,27.236142507985555,5.4176473434030425,0.7458738114790392,0.8185845164569621,292.25240478515633,265.9239057922366,-0.09008822018855449,0.7054578258908435,1446.0326534880662,27.236142507985555,0.3480974447355346
0.798,1446.262907642728,38.02976344447501,27.239929448774504,5.41784006660401,0.7458333465486144,0.8185235005791545,292.25240478515633,265.9054177856448,-0.0901514805973283,0.7057761732851986,1446.262907642728,27.239929448774504,0.3481353112181669
0.799,1446.4935763466547,38.0327960626964,27.243718765955233,5.41803278980498,0.7457928087651844,0.8184552528797018,292.25240478515633,265.886929779053,-0.09021474100610191,0.7057761732851986,1446.4935763466547,27.243718765955233,0.34817321437580434
0.8,1446.7246595998463,38.03583388858257,27.247512833261933,5.418225513005949,0.7457521981287489,0.8183925810871042,292.25240478515633,265.8684417724612,-0.09027800141487553,0.7057761732851986,1446.7246595998463,27.247512833261933,0.3482111700269564
0.801,1446.9561574023016,38.03887692088584,27.251307529358083,5.418418236206916,0.7457115146393083,0.818323133905894,292.25240478515633,265.8499537658695,-0.09034126182364895,0.7055505415162455,1446.9561574023016,27.251307529358083,0.34824915069349005
0.802,1447.1880697540219,38.041925158356825,27.255102225454245,5.418610959407887,0.7456707582968622,0.8182539851045287,292.25240478515633,265.83146575927765,-0.09040452223242276,0.7053913828107377,1447.1880697540219,27.255102225454245,0.34828715217885003
0.803,1447.4203966550067,38.04497859974437,27.258900719818104,5.418803682608855,0.745629929101411,0.8181924771198018,292.25240478515633,265.81297775268587,-0.09046778264119637,0.7053913828107377,1447.4203966550067,27.258900719818104,0.34832519979757337
0.804,1447.6531381052564,38.04803724379559,27.26269997247942,5.418996405809824,0.7455890270529545,0.8181221797678279,292.25240478515633,265.7944897460941,-0.09053104304996999,0.7053913828107377,1447.6531381052564,27.26269997247942,0.3483632732799762
0.805,1447.8862941047698,38.05110108925588,27.266499225140745,5.4191891290107925,0.7455480521514928,0.8180540783373351,292.25240478515633,265.7760017395023,-0.0905943034587436,0.7053913828107377,1447.8862941047698,27.266499225140745,0.3484013675661721
0.806,1448.1198646535483,38.054170134868905,27.2702990434225,5.419381852211761,0.7455070043970256,0.8179923754611639,292.25240478515633,265.7575137329105,-0.09065756386751722,0.7053913828107377,1448.1198646535483,27.2702990434225,0.3484394864216049
0.807,1448.3538497515908,38.057244379376584,27.274102379578604,5.41957457541273,0.7454658837895533,0.8179301258329856,292.25240478515633,265.73902572631874,-0.09072082427629083,0.7052322958953541,1448.3538497515908,27.274102379578604,0.3484776495211918
0.808,1448.588249398898,38.06032382151915,27.27790668881913,5.419767298613698,0.7454246903290757,0.8178698120702761,292.25240478515633,265.72053771972696,-0.09078408468506445,0.7052322958953541,1448.588249398898,27.27790668881913,0.3485158398961311
0.809,1448.8230635954699,38.06340846003508,27.28171267096673,5.419960021814668,0.7453834240155928,0.8178076655089164,292.25240478515633,265.7020497131351,-0.09084734509383825,0.7052322958953541,1448.8230635954699,27.28171267096673,0.34855406220644813
0.81,1449.0582923413062,38.066498293661134,27.285523750758298,5.420152745015637,0.7453420848491044,0.8177490930213615,292.25240478515633,265.68356170654334,-0.09091060550261187,0.7049143372407575,1449.0582923413062,27.285523750758298,0.3485923392766469
0.811,1449.293935636407,38.06959332113238,27.28933702841172,5.420345468216604,0.745300672829611,0.8176853963623527,292.25240478515633,265.6650736999515,-0.09097386591138568,0.7049143372407575,1449.293935636407,27.28933702841172,0.34863065177150004
0.812,1449.5299934807724,38.07269354118214,27.29315591279604,5.420538191417573,0.7452591879571122,0.8176221319656614,292.25240478515633,265.6465856933597,-0.0910371263201593,0.7049143372407575,1449.5299934807724,27.29315591279604,0.34866902240972153
0.8130000000000001,1449.766465874402,38.075798952542044,27.29697618594811,5.4207309146185425,0.7452176302316081,0.8175592853770397,292.25240478515633,265.628097686768,-0.09110038672893273,0.7047554654045526,1449.766465874402,27.29697618594811,0.3487074230689754
0.8140000000000001,1450.0033528172962,38.07890955394201,27.300796459100184,5.420923637819511,0.7451759996530989,0.8174914294077839,292.25240478515633,265.6096096801762,-0.09116364713770633,0.7049143372407575,1450.0033528172962,27.300796459100184,0.34874584448655027
0.8150000000000001,1450.2406543094548,38.08202534411024,27.304616732252256,5.421116361020481,0.7451342962215841,0.8174218518572864,292.25240478515633,265.5911216735844,-0.09122690754648015,0.7049143372407575,1450.2406543094548,27.304616732252256,0.34878428665735944
0.8160000000000001,1450.4783703508783,38.085146321773244,27.308437005404333,5.421309084221448,0.7450925199370643,0.8173553388482754,292.25240478515633,265.5725178710942,-0.09129056417405816,0.7051397655545536,1450.4783703508783,27.308437005404333,0.3488227495763093
0.8170000000000001,1450.716500941566,38.088272485655814,27.312257278556405,5.421501807422417,0.7450506707995391,0.8172901363778275,292.25240478515633,265.55109374084515,-0.09136387111661282,0.7051397655545536,1450.716500941566,27.312257278556405,0.34886123323829954
0.8180000000000001,1450.9550460815183,38.091403834481056,27.316077674239796,5.421694530623386,0.7450087488090087,0.8172257120277319,292.25240478515633,265.52966961059616,-0.09143717805916728,0.7051397655545536,1450.9550460815183,27.316077674239796,0.34889973845502614
0.8190000000000001,1451.1940057707347,38.094540366970364,27.31989909238301,5.421887253824355,0.744966753965473,0.8171689000073608,292.25240478515633,265.5082454803471,-0.09151048500172193,0.7052987598647125,1451.1940057707347,27.31989909238301,0.3489382712203669
0.8200000000000001,1451.4333800092165,38.097682081843466,27.323720510526222,5.422079977025323,0.7449246862689318,0.8171016146596968,292.25240478515633,265.4868213500981,-0.09158379194427639,0.7052987598647125,1451.4333800092165,27.323720510526222,0.34897682471340635
0.8210000000000001,1451.6731687969618,38.10082897781834,27.32754327747929,5.4222727002262925,0.7448825457193856,0.8170365713265046,292.25240478515633,265.4653972198491,-0.09165709888683105,0.7051397655545536,1451.6731687969618,27.32754327747929,0.34901540792028585
0.8220000000000001,1451.9133721339722,38.10398105361134,27.331367554198938,5.422465423427262,0.744840332316834,0.8169704161002829,292.25240478515633,265.4439730896001,-0.0917304058293855,0.7052062204192021,1451.9133721339722,27.331367554198938,0.349054021908821
0.8230000000000001,1452.153990020247,38.1071383079371,27.335191830918582,5.422658146628229,0.7447980460612771,0.8169044659035545,292.25240478515633,265.42254895935105,-0.09180371277194016,0.7050473186119873,1452.153990020247,27.335191830918582,0.34909265660965205
0.8240000000000001,1452.3950224557861,38.11030073950855,27.339016107638226,5.422850869829198,0.744755686952715,0.8168371701568619,292.25240478515633,265.401124829102,-0.09187701971449481,0.7050473186119873,1452.3950224557861,27.339016107638226,0.34913131201763115
0.8250000000000001,1452.63646944059,38.113468347036985,27.342840384357874,5.423043593030168,0.7447132549911475,0.8167675107993356,292.25240478515633,265.37970069885307,-0.09195032665704908,0.7050473186119873,1452.63646944059,27.342840384357874,0.34916998812760397
0.8260000000000001,1452.8783309746582,38.11664112923197,27.34666967868131,5.423236316231137,0.7446707501765748,0.8167051676200521,292.25240478515633,265.358276568604,-0.09202363359960374,0.7050473186119873,1452.8783309746582,27.34666967868131,0.3492087183821375
0.8270000000000001,1453.1206070579908,38.11981908480142,27.350500329092544,5.423429039432105,0.7446281725089969,0.816639177352936,292.25240478515633,265.336852438355,-0.09209694054215839,0.7050473186119873,1453.1206070579908,27.350500329092544,0.34924747836812
0.8280000000000001,1453.363297690588,38.12300221245158,27.35433248683752,5.423621762633074,0.7445855219884137,0.8165711665626236,292.25240478515633,265.31542830810594,-0.09217024748471304,0.7052062204192021,1453.363297690588,27.35433248683752,0.3492862690885937
0.8290000000000001,1453.6064028724497,38.126190510887,27.358164644582505,5.4238144858340425,0.744542798614825,0.8165104512930244,292.25240478515633,265.29400417785695,-0.0922435544272675,0.7052062204192021,1453.6064028724497,27.358164644582505,0.3493250804903762
0.8300000000000001,1453.8499226035763,38.12938397881057,27.362001143482637,5.424007209035011,0.7445000023882311,0.8164413389284093,292.25240478515633,265.2725800476079,-0.09231686136982216,0.7053651938683498,1453.8499226035763,27.362001143482637,0.3493639415067496
0.8310000000000001,1454.0938568839667,38.13258261492351,27.365846982692997,5.424199932235981,0.7444571333086321,0.8163771461674877,292.25240478515633,265.2511559173589,-0.09239016831237662,0.7050473186119873,1454.0938568839667,27.365846982692997,0.34940288545726705
0.8320000000000001,1454.338205713622,38.13578641792538,27.369699373774285,5.424392655436949,0.7444141913760276,0.8163137467841801,292.25240478515633,265.2297317871099,-0.09246347525493108,0.7050473186119873,1454.338205713622,27.369699373774285,0.34944189374877904
0.833,1454.5829690925418,38.138995386514075,27.3735568976922,5.424585378637919,0.744371176590418,0.8162447917901905,292.25240478515633,265.2083076568609,-0.09253678219748573,0.7050473186119873,1454.5829690925418,27.3735568976922,0.3494809569166869
0.834,1454.8281470207257,38.142209519385815,27.377424184555817,5.4247781018388865,0.7443280889518031,0.8161740571972137,292.25240478515633,265.18688352661184,-0.09261008914004039,0.7050473186119873,1454.8281470207257,27.377424184555817,0.3495201058204353
0.835,1455.073739498175,38.145428815235185,27.381302369896552,5.424970825039856,0.7442849284601827,0.8161136859989435,292.25240478515633,265.16545939636285,-0.09268339608259485,0.7048884883982879,1455.073739498175,27.381302369896552,0.34955934802434163
0.836,1455.319746524888,38.14865327275509,27.38518539409918,5.425163548240825,0.7442416951155573,0.8160493666428997,292.25240478515633,265.14403526611386,-0.09275670302514931,0.7050473186119873,1455.319746524888,27.38518539409918,0.3495986431293222
0.837,1455.566168100866,38.15188289063681,27.38906841830181,5.425356271441792,0.7441983889179264,0.8159841661197603,292.25240478515633,265.1226111358648,-0.09283000996770396,0.7048884883982879,1455.566168100866,27.38906841830181,0.34963795887392135
0.838,1455.8130042261082,38.15511766756995,27.39295443199471,5.425548994642762,0.7441550098672903,0.8159198386131264,292.25240478515633,265.1011870056158,-0.09290331691025842,0.7048884883982879,1455.8130042261082,27.39295443199471,0.3496773151810673
0.839,1456.0602549006146,38.158357602242454,27.396843548566697,5.425741717843731,0.744111557963649,0.8158578888704441,292.25240478515633,265.0797628753668,-0.09297662385281308,0.7048884883982879,1456.0602549006146,27.396843548566697,0.3497167128013709
0.84,1456.3079201243859,38.16160269334067,27.40073575859686,5.425934441044699,0.7440680332070024,0.8157923255858299,292.25240478515633,265.0583387451178,-0.09304993079536754,0.7051137643613427,1456.3079201243859,27.40073575859686,0.34975615166677737
0.841,1456.5559998974215,38.164852939549256,27.404627968627018,5.426127164245668,0.7440244355973504,0.8157276997595772,292.25240478515633,265.03691461486875,-0.0931232377379222,0.704954954954955,1456.5559998974215,27.404627968627018,0.3497956111507985
0.842,1456.8044942197218,38.16810833955125,27.408520178657177,5.426319887446637,0.7439807651346932,0.8156527245712835,292.25240478515633,265.0154904846197,-0.09319654468047683,0.7047962170682279,1456.8044942197218,27.408520178657177,0.3498350912481668
0.843,1457.0534030912868,38.17136889202805,27.412412388687336,5.426512610647607,0.7439370218190307,0.8155801686025275,292.25240478515633,264.9940663543707,-0.0932698516230313,0.704637550652859,1457.0534030912868,27.412412388687336,0.3498745919536085
0.844,1457.302726512116,38.174634595659406,27.4163045987175,5.426705333848575,0.7438932056503629,0.8155086224035238,292.25240478515633,264.97264222412167,-0.09334315856558595,0.704637550652859,1457.302726512116,27.4163045987175,0.34991411326184285
0.845,1457.5524644822096,38.17790544912344,27.42019680874766,5.426898057049544,0.7438493166286899,0.8154444887243412,292.25240478515633,264.9512180938727,-0.09341646550814041,0.704637550652859,1457.5524644822096,27.42019680874766,0.349953655167583
0.846,1457.8026170015678,38.18118145109666,27.424092696269224,5.427090780250513,0.7438053547540115,0.815381691541142,292.25240478515633,264.92979396362364,-0.09348977245069506,0.7040954095409541,1457.8026170015678,27.424092696269224,0.3499932421799726
0.847,1458.0531840701906,38.18446260025392,27.427995285811072,5.4272835034514815,0.743761320026328,0.8153128021734536,292.25240478515633,264.90836983337465,-0.09356307939324952,0.7040954095409541,1458.0531840701906,27.427995285811072,0.35003289445545116
0.848,1458.3041656880778,38.18774889526846,27.431911491272942,5.427476226652449,0.743717212445639,0.8152474103523566,292.25240478515633,264.8869457031256,-0.09363638633580418,0.7040954095409541,1458.3041656880778,27.431911491272942,0.3500726580772934
0.849,1458.5555618552298,38.1910403348119,27.43582971269962,5.427668949853419,0.7436730320119449,0.8151750148257538,292.25240478515633,264.8655215728766,-0.09370969327835864,0.7040954095409541,1458.5555618552298,27.43582971269962,0.35011245571400273
0.85,1458.8073725716458,38.19433691755423,27.439755641325593,5.4278616730543865,0.7436287787252454,0.815106204514772,292.25240478515633,264.8440974426276,-0.09378300022091329,0.703778677462888,1458.8073725716458,27.439755641325593,0.3501523252984616
0.851,1459.0595978373267,38.19763864216382,27.443688259780334,5.428054396255356,0.7435844525855406,0.8150365414834578,292.25240478515633,264.8226733123786,-0.09385630716346775,0.7033955475601529,1459.0595978373267,27.443688259780334,0.3501922600434744
0.852,1459.3122376522717,38.20094550730743,27.447628174229866,5.428247119456325,0.7435400535928307,0.8149590355570877,292.25240478515633,264.80124918212954,-0.09392961410602241,0.7033955475601529,1459.3122376522717,27.447628174229866,0.3502322639844578
0.853,1459.5652920164816,38.20425751165021,27.451576639418025,5.428439842657293,0.7434955817471154,0.8148902744507751,292.25240478515633,264.77982505188055,-0.09400292104857687,0.7032374100719424,1459.5652920164816,27.451576639418025,0.3502723454802904
0.854,1459.8187609299557,38.20757465385569,27.45552838034823,5.428632565858262,0.7434510370483948,0.8148183592067139,292.25240478515633,264.7584009216315,-0.09407622799113152,0.7030125899280576,1459.8187609299557,27.45552838034823,0.3503124693620986
0.855,1460.0726443926942,38.21089693258579,27.45948012127844,5.4288252890592315,0.743406419496669,0.8147482170371528,292.25240478515633,264.7369767913825,-0.09414953493368598,0.7030125899280576,1460.0726443926942,27.45948012127844,0.35035261378818505
0.856,1460.3269424046978,38.21422434650084,27.463431862208644,5.429018012260201,0.7433617290919377,0.814682272240692,292.25240478515633,264.7155526611335,-0.09422284187624064,0.703170676860805,1460.3269424046978,27.463431862208644,0.3503927787531914
0.857,1460.5816549659655,38.217556894259545,27.46738492142885,5.429210735461169,0.7433169658342013,0.8146141714927609,292.25240478515633,264.6941285308844,-0.09429614881879529,0.703170676860805,1460.5816549659655,27.46738492142885,0.35043297303957444
0.858,1460.8367820764977,38.22089457451902,27.471339278070612,5.429403458662137,0.7432721297234596,0.8145515572160255,292.25240478515633,264.67270440063544,-0.09436945576134975,0.7030125899280576,1460.8367820764977,27.471339278070612,0.3504731965028526
0.859,1461.092323736294,38.22423738593478,27.475298952092267,5.429596181863105,0.7432272207597126,0.8144843351458472,292.25240478515633,264.65128027038645,-0.09444276270390421,0.7030125899280576,1461.092323736294,27.475298952092267,0.350513475934996
0.86,1461.3482799453557,38.227585327160746,27.479258626113925,5.4297889050640755,0.7431822389429603,0.814415538044442,292.25240478515633,264.6298561401374,-0.09451606964645887,0.7030125899280576,1461.3482799453557,27.479258626113925,0.35055377588456244
0.861,1461.6046507036815,38.23093839684924,27.483218300135576,5.429981628265043,0.7431371842732027,0.8143502463190125,292.25240478515633,264.6084320098884,-0.09458937658901333,0.7030125899280576,1461.6046507036815,27.483218300135576,0.35059409634616145
0.862,1461.8614360112713,38.23429659365098,27.487177974157227,5.430174351466012,0.74309205675044,0.8142784043499586,292.25240478515633,264.5870078796394,-0.09466268353156798,0.7027877697841727,1461.8614360112713,27.487177974157227,0.35063443731439653
0.863,1462.1186358681264,38.237659916215144,27.49113764817889,5.4303670746669805,0.7430468563746718,0.8142044720557357,292.25240478515633,264.5655837493904,-0.09473599047412244,0.702314086722085,1462.1186358681264,27.49113764817889,0.350674798783865
0.864,1462.3762502742454,38.24102836318926,27.49509732220054,5.43055979786795,0.7430015831458985,0.8141337846799691,292.25240478515633,264.54415961914134,-0.0948092974166771,0.702314086722085,1462.3762502742454,27.49509732220054,0.35071518074915714
0.865,1462.634279229629,38.244401933219315,27.49905699622219,5.43075252106892,0.7429562370641197,0.8140643779305026,292.25240478515633,264.52273548889235,-0.09488260435923156,0.7021563342318059,1462.634279229629,27.49905699622219,0.35075558320485756
0.866,1462.8927227342774,38.2477806249497,27.503026782827142,5.430945244269887,0.7429108181293358,0.8139916737856291,292.25240478515633,264.5013113586433,-0.09495591130178621,0.7019317160826595,1462.8927227342774,27.503026782827142,0.35079607355679343
0.867,1463.1515807881901,38.25116443702322,27.507002789228096,5.431137967470856,0.7428653263415466,0.8139151736540929,292.25240478515633,264.4798872283943,-0.09502921824434067,0.7019317160826595,1463.1515807881901,27.507002789228096,0.35083662584992037
0.868,1463.4108533913673,38.254553368081126,27.51099038336707,5.431330690671824,0.742819761700752,0.8138518391944494,292.25240478515633,264.4584630981453,-0.09510252518689533,0.701707097933513,1463.4108533913673,27.51099038336707,0.3508772758619136
0.869,1463.670540543809,38.25794741676308,27.51498055005721,5.431523413872794,0.7427741242069522,0.8137918444891897,292.25240478515633,264.4370389678962,-0.09517583212944998,0.701707097933513,1463.670540543809,27.51498055005721,0.35091796349141097
0.87,1463.9306422455152,38.26134658170717,27.51897364564064,5.431716137073763,0.7427284138601471,0.8137250064202007,292.25240478515633,264.41561483764724,-0.09524913907200444,0.701707097933513,1463.9306422455152,27.51897364564064,0.35095869110836925
0.871,1464.1911584964862,38.26475086154993,27.522972958540453,5.431908860274731,0.7426826306603367,0.8136519477246683,292.25240478515633,264.3941907073982,-0.0953224460145591,0.701707097933513,1464.1911584964862,27.522972958540453,0.35099948062821323
0.872,1464.4520892967214,38.26816025492631,27.526984200339815,5.432101583475699,0.7426367746075211,0.813581372309098,292.25240478515633,264.38301723632884,-0.09536067827847346,0.701707097933513,1464.4520892967214,27.526984200339815,0.35104037011933104
0.873,1464.713434646221,38.2715747604697,27.531000845952818,5.432294306676669,0.7425908457017002,0.8135168171882083,292.25240478515633,264.38411183776935,-0.09535693288092466,0.701707097933513,1464.713434646221,27.531000845952818,0.35108131607953785
0.874,1464.9751945449852,38.27499437681193,27.53501821252193,5.432487029877638,0.7425448439428739,0.8134504210578529,292.25240478515633,264.38520643920975,-0.09535318748337625,0.7015495171794296,1464.9751945449852,27.53501821252193,0.3511222872870771
0.875,1465.2373689930137,38.27841910258329,27.539048139606535,5.432679753078606,0.7424987693310425,0.8133831319360241,292.25240478515633,264.38630104065015,-0.09534944208582784,0.7013920071845532,1465.2373689930137,27.539048139606535,0.35116336265987347
0.876,1465.499957990307,38.2818489364125,27.54308134416995,5.432872476279575,0.7424526218662058,0.8133102007390044,292.25240478515633,264.3873956420906,-0.09534569668827923,0.7013920071845532,1465.499957990307,27.54308134416995,0.351204480311014
0.877,1465.7629615368649,38.28528387692672,27.547116037090042,5.433065199480544,0.7424064015483637,0.8132394228234342,292.25240478515633,264.388490243531,-0.09534195129073081,0.7013920071845532,1465.7629615368649,27.547116037090042,0.35124562830858364
0.878,1466.026379632687,38.28872392275155,27.551159455590962,5.433257922681514,0.7423601083775163,0.8131626696421809,292.25240478515633,264.3895848449715,-0.09533820589318201,0.7017740848865933,1466.026379632687,27.551159455590962,0.3512868548909718
0.879,1466.2902122777737,38.29216907251107,27.555205410363484,5.433450645882481,0.7423137423536637,0.8130872289467993,292.25240478515633,264.3906794464119,-0.0953344604956336,0.7016165244723844,1466.2902122777737,27.555205410363484,0.35132811879426923
0.88,1466.554459472125,38.295619324827804,27.559251365136,5.43364336908345,0.7422673034768058,0.8130192372481394,292.25240478515633,264.3917740478523,-0.09533071509808519,0.701010101010101,1466.554459472125,27.559251365136,0.3513694031059873
0.881,1466.8191212157403,38.29907467832272,27.563297319908518,5.433836092284418,0.7422207917469427,0.8129487211552121,292.25240478515633,264.3928686492928,-0.09532696970053658,0.701010101010101,1466.8191212157403,27.563297319908518,0.35141070782061035
0.882,1467.084197508621,38.30253513161526,27.567343279145025,5.434028815485388,0.7421742071640742,0.8128878846305321,292.25240478515633,264.3939632507332,-0.09532322430298817,0.701010101010101,1467.084197508621,27.567343279145025,0.35145203296237393
0.883,1467.3496883507655,38.306000683323305,27.571396943236426,5.434221538686357,0.7421275497282005,0.8128165196717385,292.25240478515633,264.39505785217364,-0.09531947890543957,0.7008527827648114,1467.3496883507655,27.571396943236426,0.3514934298571414
0.884,1467.6155937421747,38.30947133206323,27.575454985184187,5.4344142618873255,0.7420808194393214,0.8127413901843471,292.25240478515633,264.39615245361404,-0.09531573350789115,0.700695535113305,1467.6155937421747,27.575454985184187,0.3515348763213533
0.885,1467.8819136828483,38.312947076449866,27.57951302713195,5.434606985088293,0.742034016297437,0.8126701185959807,292.25240478515633,264.39724705505444,-0.09531198811034274,0.700695535113305,1467.8819136828483,27.57951302713195,0.35157634316634634
0.886,1468.1486481727866,38.316427915096504,27.58357106907971,5.434799708289263,0.7419871403025475,0.8125940620492563,292.25240478515633,264.3983416564949,-0.09530824271279413,0.700695535113305,1468.1486481727866,27.58357106907971,0.3516178303865741
0.887,1468.4157972119892,38.31991384661491,27.587629111027468,5.434992431490232,0.7419401914546526,0.8125273636042883,292.25240478515633,264.40469235687334,-0.09528651252247075,0.700695535113305,1468.4157972119892,27.587629111027468,0.3516593379764841
0.888,1468.6833608004567,38.32340486961534,27.591687152975233,5.4351851546912,0.7418931697537525,0.8124590595734189,292.25240478515633,264.42825895996174,-0.09520587468099355,0.7004711689477227,1468.6833608004567,27.591687152975233,0.3517008659305179
0.889,1468.9513389381887,38.326900982706505,27.59574519492299,5.4353778778921695,0.741846075199847,0.812389303432657,292.25240478515633,264.4518255630501,-0.09512523683951653,0.7001569858712716,1468.9513389381887,27.59574519492299,0.35174241424311076
0.89,1469.2197316251845,38.33040218449559,27.59980860524412,5.435570601093137,0.7417989077929363,0.8123167446132022,292.25240478515633,264.4753921661385,-0.09504459899803933,0.7001569858712716,1469.2197316251845,27.59980860524412,0.35178401869467707
0.891,1469.4885388614452,38.3339084735883,27.60387764518091,5.435763324294108,0.7417516675330205,0.8122441257885428,292.25240478515633,264.4989587692268,-0.09496396115656232,0.7003140421713773,1469.4885388614452,27.60387764518091,0.35182568102110107
0.892,1469.7577606469706,38.3374198485888,27.607952378379345,5.435956047495075,0.7417043544200991,0.8121753453095228,292.25240478515633,264.5225253723152,-0.09488332331508512,0.7003140421713773,1469.7577606469706,27.607952378379345,0.3518674016410689
0.893,1470.0273969817601,38.34093630809973,27.612031825090988,5.436148770696044,0.7416569684541725,0.8121063049953191,292.25240478515633,264.54609197540356,-0.0948026854736081,0.7003140421713773,1470.0273969817601,27.612031825090988,0.351909174017914
0.894,1470.2974478658143,38.344457850722236,27.616116473185134,5.436341493897012,0.7416095096352406,0.8120338495237378,292.25240478515633,264.56510251159744,-0.09473763712539052,0.7003140421713773,1470.2974478658143,27.616116473185134,0.35195100139821534
0.895,1470.5679132991331,38.34798447505596,27.620204807002583,5.436534217097981,0.7415619779633036,0.8119631218969054,292.25240478515633,264.5801489791877,-0.09468615262998897,0.7003140421713773,1470.5679132991331,27.620204807002583,0.35199287367287246
0.896,1470.838793281716,38.351516179699026,27.62430599261614,5.436726940298951,0.7415143734383612,0.8118909106418899,292.25240478515633,264.59519544677806,-0.09463466813458704,0.7003140421713773,1470.838793281716,27.62430599261614,0.35203485193801665
0.897,1471.1100878135644,38.35505296324807,27.628410390894018,5.4369196634999195,0.7414666960604135,0.8118228640371629,292.25240478515633,264.6102419143684,-0.09458318363918529,0.7,1471.1100878135644,27.628410390894018,0.3520768719328496
0.898,1471.3817968946764,38.358594824298194,27.632514789171893,5.437112386700888,0.7414189458294606,0.8117475624438433,292.25240478515633,264.6252883819587,-0.09453169914378355,0.7,1471.3817968946764,27.632514789171893,0.35211891223588737
0.899,1471.653920525053,38.362141761443056,27.636622799148203,5.437305109901857,0.7413711227455022,0.8116715444417804,292.25240478515633,264.640334849549,-0.09448021464838181,0.7,1471.653920525053,27.636622799148203,0.35216099691736164
0.9,1471.926458704694,38.365693773274764,27.640744543911772,5.437497833102826,0.7413232268085388,0.8115960570109968,292.25240478515633,264.65538131713936,-0.09442873015297987,0.6998430845101995,1471.926458704694,27.640744543911772,0.3522031934529211
0.901,1472.1994114335998,38.36925085838398,27.64487049794217,5.437690556303794,0.74127525801857,0.8115213794999111,292.25240478515633,264.67042778472967,-0.09437724565757813,0.6996862393545495,1472.1994114335998,27.64487049794217,0.35224543833908545
0.902,1472.4727787117702,38.372813015359846,27.64899789249719,5.437883279504764,0.7412272163755959,0.8114542022981277,292.25240478515633,264.68547425232,-0.09432576116217639,0.6996862393545495,1472.4727787117702,27.64899789249719,0.3522877131135658
0.903,1472.7465605392047,38.37638024279003,27.653129137603404,5.43807600270573,0.7411791018796166,0.8113860425286838,292.25240478515633,264.70052071991034,-0.09427427666677446,0.6995294644857719,1472.7465605392047,27.653129137603404,0.3523300338361335
0.904,1473.0207569159038,38.3799525392607,27.657266028875796,5.438268725906702,0.741130914530632,0.8113098600091728,292.25240478515633,264.7155671875006,-0.0942227921713729,0.6993727598566308,1473.0207569159038,27.657266028875796,0.35237241247083984
0.905,1473.2953678418676,38.38352990335657,27.661402920148188,5.4384614491076695,0.741082654328642,0.8112372018368382,292.25240478515633,264.7306136550909,-0.09417130767597116,0.6991487455197133,1473.2953678418676,27.661402920148188,0.3524148113742511
0.906,1473.5703933170957,38.38711233366084,27.665544363165736,5.438654172308638,0.7410343212736468,0.8111667875259074,292.25240478515633,264.7456601226813,-0.09411982318056923,0.6989921612541993,1473.5703933170957,27.665544363165736,0.3524572608829799
0.907,1473.8458333415886,38.39069982875525,27.66968867699117,5.438846895509607,0.7409859153656462,0.8110940751501426,292.25240478515633,264.7607065902716,-0.09406833868516748,0.6989247311827957,1473.8458333415886,27.66968867699117,0.35249974978609816
0.908,1474.1216879153455,38.39429238722008,27.6738329908166,5.439039618710575,0.7409374366046405,0.811020046313588,292.25240478515633,264.7757530578619,-0.09401685418976574,0.6989247311827957,1474.1216879153455,27.6738329908166,0.3525422589409036
0.909,1474.3979570383672,38.3978900076341,27.67797827599427,5.439232341911545,0.7408888849906294,0.8109483644654817,292.25240478515633,264.79079952545226,-0.09396536969436381,0.6991487455197133,1474.3979570383672,27.67797827599427,0.35258479481681987
0.91,1474.6746407106536,38.40149268857467,27.68212511660077,5.439425065112513,0.7408402605236131,0.8108825869769418,292.25240478515633,264.80584599304257,-0.09391388519896206,0.6986792030445489,1474.6746407106536,27.68212511660077,0.3526273613016558
0.911,1474.9517389322043,38.40510042861761,27.68627195720727,5.439617788313482,0.7407915632035915,0.8108062443364831,292.25240478515633,264.8208924606329,-0.09386240070356032,0.6986792030445489,1474.9517389322043,27.68627195720727,0.3526699480211084
0.912,1475.2292517030196,38.408713226337326,27.690418797813773,5.439810511514451,0.7407427930305646,0.8107320749925925,292.25240478515633,264.8359389282232,-0.09381091620815858,0.6986792030445489,1475.2292517030196,27.690418797813773,0.35271255496947584
0.913,1475.507179023099,38.412331080306735,27.694565642090055,5.44000323471542,0.7406939500045324,0.8106580942967139,292.25240478515633,264.8509853958135,-0.09375943171275683,0.6986792030445489,1475.507179023099,27.694565642090055,0.35275518216551316
0.914,1475.7855208924434,38.41595398909733,27.69871333399366,5.440195957916388,0.7406450341254949,0.8105890582384833,292.25240478515633,264.8660318634038,-0.09370794721735509,0.6984553391537945,1475.7855208924434,27.69871333399366,0.3527978352293921
0.915,1476.0642773110521,38.41958195127912,27.70286102589727,5.440388681117357,0.7405960453934521,0.8105133998460662,292.25240478515633,264.88107833099417,-0.09365646272195316,0.6980752014324082,1476.0642773110521,27.70286102589727,0.3528405085050451
0.916,1476.3434482789255,38.42321496542065,27.70700871780088,5.440581404318326,0.7405469838084042,0.8104385709668831,292.25240478515633,264.8961247985845,-0.09360497822655142,0.6978513876454789,1476.3434482789255,27.70700871780088,0.3528832019867467
0.917,1476.6230337960628,38.426853030089035,27.711160450219737,5.440774127519294,0.7404978493703509,0.810358411601931,292.25240478515633,264.9111712661748,-0.09355349373114967,0.6978513876454789,1476.6230337960628,27.711160450219737,0.3529259426031478
0.918,1476.9030338624655,38.43049614384994,27.715313939909752,5.4409668507202635,0.7404486420792922,0.810288952837247,292.25240478515633,264.9262177337651,-0.09350200923574793,0.6979189975385992,1476.9030338624655,27.715313939909752,0.35296871512823286
0.919,1477.183448478132,38.43414430526757,27.719468059646715,5.441159573921233,0.7403993619352284,0.8102129288728067,292.25240478515633,264.9412642013554,-0.0934505247403462,0.6979189975385992,1477.183448478132,27.719468059646715,0.3530115120420968
0.92,1477.464277643063,38.4377975129047,27.72362217938369,5.441352297122201,0.7403500089381594,0.8101399545137965,292.25240478515633,264.9563106689458,-0.09339904024494425,0.6980752014324082,1477.464277643063,27.72362217938369,0.3530543291390506
0.921,1477.7455213572587,38.44145576532266,27.727776299120656,5.44154502032317,0.7403005830880849,0.8100660942699848,292.25240478515633,264.9713571365361,-0.09334755574954251,0.6980752014324082,1477.7455213572587,27.727776299120656,0.3530971664133399
0.922,1478.0271796207187,38.44511906108133,27.73194019233339,5.441737743524139,0.7402510843850052,0.8099907279136038,292.25240478515633,264.9864036041264,-0.09329607125414077,0.6981427612441262,1478.0271796207187,27.73194019233339,0.3531400890099373
0.923,1478.3092524334438,38.44878739873917,27.73610920762447,5.441930466725107,0.7402015128289201,0.8099170111482791,292.25240478515633,265.00145007171676,-0.09324458675873883,0.6981427612441262,1478.3092524334438,27.73610920762447,0.35318306591650844
0.924,1478.5917397954329,38.45246077685319,27.74028088261879,5.442123189926076,0.7401518684198298,0.8098391839160206,292.25240478515633,265.01649653930707,-0.09319310226333709,0.6981427612441262,1478.5917397954329,27.74028088261879,0.35322608071290207
0.925,1478.8746417066868,38.456139193978984,27.74445796779867,5.442315913127046,0.7401021511577344,0.8097640196179818,292.25240478515633,265.0315430068974,-0.09314161776793535,0.6981427612441262,1478.8746417066868,27.74445796779867,0.35326915172826534
0.926,1479.1579581672047,38.45982264867071,27.748640264993828,5.442508636328013,0.7400523610426335,0.8096922649365258,292.25240478515633,265.0465894744877,-0.0930901332725336,0.6981427612441262,1479.1579581672047,27.748640264993828,0.35331227763579737
0.927,1479.4416891769874,38.46351113948111,27.752829995437562,5.442701359528983,0.7400024980745273,0.8096159325344929,292.25240478515633,265.061635942078,-0.09303864877713186,0.6983665249496531,1479.4416891769874,27.752829995437562,0.3533554732366195
0.928,1479.7258347360344,38.46720466496148,27.757028068572858,5.442894082729952,0.739952562253416,0.8095444800070467,292.25240478515633,265.0766824096683,-0.09298716428173012,0.6983665249496531,1479.7258347360344,27.757028068572858,0.3533987445873536
0.929,1480.0103948443461,38.47090322366172,27.761226141708164,5.443086805930921,0.7399025535792993,0.8094726897922309,292.25240478515633,265.0917288772586,-0.09293567978632838,0.6983665249496531,1480.0103948443461,27.761226141708164,0.35344203606918356
0.93,1480.2953695019223,38.47460681413031,27.76542733865033,5.443279529131889,0.7398524720521773,0.8093962558892562,292.25240478515633,265.106775344849,-0.09288419529092644,0.697986577181208,1480.2953695019223,27.76542733865033,0.35348536849983786
0.931,1480.5807587087631,38.478315434914286,27.769631512309296,5.443472252332858,0.7398023176720501,0.8093177403336612,292.25240478515633,265.1218218124393,-0.0928327107955247,0.6981427612441262,1480.5807587087631,27.769631512309296,0.3535287408929916
0.932,1480.8665624648681,38.4820290845593,27.773836399940826,5.443664975533826,0.7397520904389177,0.8092463092466831,292.25240478515633,265.13686828002966,-0.09278122630012277,0.6979189975385992,1480.8665624648681,27.773836399940826,0.35357213815920274
0.933,1481.152780770238,38.485747761609595,27.77804522182952,5.443857698734795,0.7397017903527798,0.8091735281931647,292.25240478515633,265.1519147476199,-0.09272974180472121,0.6978513876454789,1481.152780770238,27.77804522182952,0.35361558175931074
0.934,1481.4394136248723,38.48947146460798,27.78225499343291,5.4440504219357635,0.7396514174136367,0.8090973684390944,292.25240478515633,265.1669612152103,-0.09267825730931928,0.6976952338330723,1481.4394136248723,27.78225499343291,0.3536590517923004
0.935,1481.7264610287707,38.493200192095884,27.786464823278042,5.444243145136733,0.7396009716214884,0.8090265131129959,292.25240478515633,265.1820076828006,-0.09262677281391754,0.6976952338330723,1481.7264610287707,27.786464823278042,0.35370254230971143
0.936,1482.013922981934,38.496933942613325,27.79067608924772,5.444435868337701,0.7395504529763347,0.8089463671985248,292.25240478515633,265.1970541503909,-0.09257528831851579,0.6974714701275453,1482.013922981934,27.79067608924772,0.3537460624907761
0.937,1482.3017994843617,38.500672714698915,27.794894237157212,5.44462859153867,0.7394998614781758,0.808864237639265,292.25240478515633,265.21210061798126,-0.09252380382311386,0.6973154362416107,1482.3017994843617,27.794894237157212,0.35378964863186774
0.9380000000000001,1482.5900905360538,38.50441650688988,27.799116985799277,5.44482131473964,0.7394491971270116,0.8087895474405616,292.25240478515633,265.2271470855715,-0.09247231932771231,0.6973154362416107,1482.5900905360538,27.799116985799277,0.3538332855204351
0.9390000000000001,1482.8787961370108,38.508165317722046,27.803341496694546,5.4450140379406085,0.739398459922842,0.8087169636273028,292.25240478515633,265.2421935531619,-0.09242083483231037,0.6973154362416107,1482.8787961370108,27.803341496694546,0.35387695422910254
0.9400000000000001,1483.167916287232,38.511919145729834,27.80756817393163,5.445206761141576,0.7393476498656673,0.8086342671403148,292.25240478515633,265.2572400207522,-0.09236935033690863,0.6977628635346756,1483.167916287232,27.80756817393163,0.3539206574456938
0.9410000000000001,1483.4574509867175,38.51567798944629,27.811799952759756,5.445399484342546,0.7392967669554872,0.8085570489538574,292.25240478515633,265.2722864883425,-0.09231786584150689,0.6977628635346756,1483.4574509867175,27.811799952759756,0.353964414730936
0.9420000000000001,1483.7474002354677,38.51944184740308,27.81604020489432,5.445592207543514,0.7392458111923019,0.8084844523726795,292.25240478515633,265.2873329559328,-0.09226638134610515,0.6977628635346756,1483.7474002354677,27.81604020489432,0.3540082485550676
0.9430000000000001,1484.0377640334823,38.52321071813047,27.820284404901646,5.445784930744483,0.7391947825761113,0.8084102181452756,292.25240478515633,265.3023794235231,-0.0922148968507034,0.6978304629836726,1484.0377640334823,27.820284404901646,0.35405212874532516
0.9440000000000001,1484.3285423807615,38.52698460015735,27.824529009597804,5.445977653945452,0.7391436811069154,0.8083314151508982,292.25240478515633,265.3174258911135,-0.09216341235530147,0.6978304629836726,1484.3285423807615,27.824529009597804,0.35409603167669124
0.9450000000000001,1484.6197352773052,38.530763492011225,27.828773614293958,5.446170377146419,0.7390925067847142,0.8082547840879655,292.25240478515633,265.3324723587038,-0.09211192785989973,0.6978304629836726,1484.6197352773052,27.828773614293958,0.35413995464559
0.9460000000000001,1484.9113427231134,38.534547392218236,27.833023969814555,5.446363100347389,0.7390412596095077,0.808171365932494,292.25240478515633,265.34751882629416,-0.09206044336449778,0.697986577181208,1484.9113427231134,27.833023969814555,0.35418393598155945
0.9470000000000001,1485.203364718186,38.53833629930314,27.83727976393181,5.4465558235483575,0.738989939581296,0.8080890268669391,292.25240478515633,265.3625652938845,-0.09200895886909605,0.6978304629836726,1485.203364718186,27.83727976393181,0.35422797359736496
0.9480000000000001,1485.4958012625232,38.54213021178932,27.841535558049067,5.446748546749325,0.738938546700079,0.8080098625966624,292.25240478515633,265.3776117614747,-0.0919574743736945,0.6976067993737419,1485.4958012625232,27.841535558049067,0.3542720312330017
0.9490000000000001,1485.788652356125,38.54592912819881,27.84579228131041,5.446941269950295,0.7388870809658566,0.8079339591445153,292.25240478515633,265.3926582290651,-0.09190598987829256,0.6976067993737419,1485.788652356125,27.84579228131041,0.3543161150763035
0.9500000000000001,1486.081917998991,38.549733047052236,27.85005437811887,5.447133993151264,0.738835542378629,0.8078564874867581,292.25240478515633,265.4077046966554,-0.09185450538289082,0.6976067993737419,1486.081917998991,27.85005437811887,0.3543602547480821
0.9510000000000001,1486.3755981911218,38.553541966868906,27.85432246403742,5.447326716352234,0.7387839309383962,0.8077871208076791,292.25240478515633,265.4227511642457,-0.09180302088748908,0.697294880393472,1486.3755981911218,27.85432246403742,0.3544044543458046
0.9520000000000001,1486.669692932517,38.55735588616674,27.858590549955956,5.447519439553202,0.738732246645158,0.8077092032965963,292.25240478515633,265.437797631836,-0.09175153639208733,0.697294880393472,1486.669692932517,27.858590549955956,0.35444867393967994
0.9530000000000001,1486.964202223177,38.561174803462315,27.862862354062663,5.44771216275417,0.7386804894989145,0.8076278375439683,292.25240478515633,265.4528440994264,-0.0917000518966854,0.697294880393472,1486.964202223177,27.862862354062663,0.3544929383095001
0.9540000000000001,1487.259126063101,38.56499871727083,27.867137614552114,5.447904885955139,0.7386286594996659,0.8075530055129562,292.25240478515633,265.4678905670167,-0.09164856740128366,0.6975184439973172,1487.259126063101,27.867137614552114,0.3545372457041115
0.9550000000000001,1487.5544644522895,38.568827626106156,27.871412875041553,5.4480976091561075,0.738576756647412,0.8074785611569213,292.25240478515633,265.482937034607,-0.09159708290588191,0.6977420076011626,1487.5544644522895,27.871412875041553,0.35458157307706
0.9560000000000001,1487.8502173907425,38.57266152848079,27.875697121186775,5.448290332357076,0.7385247809421527,0.8073997350959734,292.25240478515633,265.4979835021973,-0.09154559841048017,0.6975184439973172,1487.8502173907425,27.875697121186775,0.3546259803214608
0.9570000000000001,1488.1463848784601,38.576500422905916,27.879982585507584,5.448483055558046,0.7384727323838881,0.8073223512276977,292.25240478515633,265.5130299697876,-0.09149411391507843,0.6975860527492177,1488.1463848784601,27.879982585507584,0.35467041565274554
0.9580000000000001,1488.4429669154424,38.58034430789132,27.884271441664804,5.448675778759015,0.7384206109726182,0.8072400337029875,292.25240478515633,265.528076437378,-0.0914426294196765,0.6975860527492177,1488.4429669154424,27.884271441664804,0.3547148935547422
0.9590000000000001,1488.739963501689,38.584193181945494,27.88857391706208,5.448868501959983,0.7383684167083432,0.8071572689397529,292.25240478515633,265.5431229049683,-0.09139114492427475,0.6977420076011626,1488.739963501689,27.88857391706208,0.35475948219813574
0.96,1489.0373746372002,38.58804704357556,27.892882372562738,5.4490612251609525,0.7383161495910628,0.8070826630775717,292.25240478515633,265.5581693725586,-0.09133966042887301,0.6975860527492177,1489.0373746372002,27.892882372562738,0.35480413065388916
0.961,1489.335200321976,38.591905891287304,27.897195289572643,5.449253948361921,0.7382638096207771,0.8070088291926872,292.25240478515633,265.573215840149,-0.09128817593347108,0.6975860527492177,1489.335200321976,27.897195289572643,0.3548488287929622
0.962,1489.633440556016,38.5957697235852,27.901508206582555,5.449446671562889,0.7382113967974862,0.8069276633101888,292.25240478515633,265.5782366851806,-0.09127099610894458,0.6977420076011626,1489.633440556016,27.901508206582555,0.35489354686861346
0.963,1489.9320953393205,38.599638538972364,27.905821123592464,5.449639394763858,0.7381589111211899,0.8068460071275521,292.25240478515633,265.55271669311526,-0.09135831786112703,0.6977420076011626,1489.9320953393205,27.905821123592464,0.35493828487485585
0.964,1490.2311646718902,38.6035123359506,27.910137565839086,5.449832117964827,0.7381063525918883,0.806766610364711,292.25240478515633,265.52618642578125,-0.09144909647201138,0.6977420076011626,1490.2311646718902,27.910137565839086,0.3549830663051931
0.965,1490.5306485537233,38.607391113020356,27.914454528291515,5.450024841165796,0.7380537212095817,0.8066823066255683,292.25240478515633,265.4996561584473,-0.09153987508289554,0.6975184439973172,1490.5306485537233,27.914454528291515,0.3550278711218631
0.966,1490.8305469848217,38.6112748686808,27.918776048161508,5.450217564366764,0.7380010169742695,0.8066015315297254,292.25240478515633,265.4731258911133,-0.0916306536937799,0.6975184439973172,1490.8305469848217,27.918776048161508,0.3550727262312236
0.967,1491.1308599651843,38.61516360142974,27.923097847170236,5.450410287567734,0.7379482398859522,0.8065142359419187,292.25240478515633,265.44659562377933,-0.09172143230466408,0.697362539114886,1491.1308599651843,27.923097847170236,0.3551176031079343
0.968,1491.4315874948118,38.61905730976368,27.927419646178965,5.450603010768701,0.7378953899446294,0.8064323643709109,292.25240478515633,265.4200653564453,-0.09181221091554843,0.6972067039106146,1491.4315874948118,27.927419646178965,0.3551624998852217
0.969,1491.7327295737032,38.6229559921778,27.931751700995015,5.450795733969671,0.7378424671503016,0.8063534830425396,292.25240478515633,265.3935350891113,-0.09190298952643279,0.6972743521000894,1491.7327295737032,27.931751700995015,0.35520748492305854
0.97,1492.0342862018595,38.62685964716598,27.936087109800628,5.45098845717064,0.7377894715029684,0.8062737327930326,292.25240478515633,265.36700482177736,-0.09199376813731695,0.6972743521000894,1492.0342862018595,27.936087109800628,0.35525251220737886
0.971,1492.33625737928,38.63076827322077,27.94042988821565,5.451181180371609,0.7377364030026299,0.8061932406390951,292.25240478515633,265.34047455444335,-0.09208454674820132,0.6971186062095153,1492.33625737928,27.94042988821565,0.3552976085005807
0.972,1492.638643105965,38.63468186883341,27.944772666630683,5.451373903572578,0.7376832616492861,0.8061158720481568,292.25240478515633,265.31394428710934,-0.09217532535908568,0.6971186062095153,1492.638643105965,27.944772666630683,0.35534272467025285
0.973,1492.941443381915,38.63860043249386,27.94911574481554,5.451566626773546,0.737630047442937,0.8060353998491115,292.25240478515633,265.2874140197754,-0.09226610396996984,0.6969629298794104,1492.941443381915,27.94911574481554,0.3553878627086441
0.974,1493.244658207129,38.64252396269075,27.953460252914784,5.451759349974515,0.7375767603835827,0.8059589334040036,292.25240478515633,265.29300917053223,-0.0922469590436485,0.6969629298794104,1493.244658207129,27.953460252914784,0.35543303014333916
0.975,1493.5482875816078,38.64645245791142,27.957806626496705,5.451952073175484,0.737523400471223,0.8058813202552186,292.25240478515633,265.29749088287355,-0.09223162396934993,0.6969629298794104,1493.5482875816078,27.957806626496705,0.35547822987181915
0.976,1493.852331505351,38.65038591664191,27.962153000078622,5.452144796376452,0.7374699677058582,0.8058014443942814,292.25240478515633,265.3019725952149,-0.09221628889505117,0.6968073230631837,1493.852331505351,27.962153000078622,0.35552344945257947
0.977,1494.1567899783586,38.654324337366944,27.96649937366054,5.452337519577421,0.737416462087488,0.8057207170175325,292.25240478515633,265.27498798522953,-0.09230862213010266,0.6968073230631837,1494.1567899783586,27.96649937366054,0.35556868887955945
0.978,1494.4616630006308,38.658267718569995,27.970848464015532,5.45253024277839,0.7373628836161126,0.8056397309900454,292.25240478515633,265.24788080444335,-0.09240137476564077,0.6968073230631837,1494.4616630006308,27.970848464015532,0.35561396625690955
0.979,1494.7669505721672,38.6622160587332,27.975203935849553,5.452722965979358,0.7373092322917318,0.8055579913542014,292.25240478515633,265.22077362365724,-0.09249412740117868,0.6966517857142858,1494.7669505721672,27.975203935849553,0.3556593060077674
0.98,1495.0726526929686,38.66616935633744,27.979560920478622,5.452915689180328,0.7372555081143457,0.8054827375803524,292.25240478515633,265.1936664428712,-0.0925868800367164,0.6961178045515395,1495.0726526929686,27.979560920478622,0.35570467567103925
0.981,1495.3787693630343,38.6701276098623,27.98391827106988,5.453108412381296,0.7372017110839544,0.8054009936483848,292.25240478515633,265.16655926208506,-0.09267963267225432,0.6961178045515395,1495.3787693630343,27.98391827106988,0.35575006759576916
0.982,1495.685300582364,38.67409081778606,27.988275621661124,5.453301135582265,0.7371478412005579,0.8053123967165225,292.25240478515633,265.1394520812989,-0.09277238530779244,0.6961178045515395,1495.685300582364,27.988275621661124,0.3557954793363388
0.983,1495.992246350959,38.67805897858577,27.992632972252377,5.453493858783234,0.737093898464156,0.8052320105804792,292.25240478515633,265.11234490051277,-0.09286513794333036,0.6961178045515395,1495.992246350959,27.992632972252377,0.35584091088665715
0.984,1496.2996066688183,38.682032090737145,27.996990428080426,5.4536865819842015,0.7370398828747489,0.8051507071015697,292.25240478515633,265.0852377197266,-0.09295789057886847,0.6961178045515395,1496.2996066688183,27.996990428080426,0.35588636294214404
0.985,1496.6073815359418,38.68601015271466,28.001347934415854,5.453879305185171,0.7369857944323364,0.8050677373690679,292.25240478515633,265.0581305389405,-0.09305064321440638,0.696185590006692,1496.6073815359418,28.001347934415854,0.3559318351318673
0.986,1496.91557095233,38.68999316299151,28.00570611053133,5.45407202838614,0.7369316331369187,0.8049795675803102,292.25240478515633,265.03102335815436,-0.0931433958499443,0.696185590006692,1496.91557095233,28.00570611053133,0.3559773315778391
0.987,1497.2241749179827,38.69398112003962,28.01007818012342,5.454264751587109,0.7368773989884957,0.8048976137806916,292.25240478515633,265.0039161773682,-0.09323614848548241,0.696185590006692,1497.2241749179827,28.01007818012342,0.35602294042411436
0.988,1497.5331934329001,38.697974022329646,28.01445053643286,5.454457474788077,0.7368230919870674,0.8048160019244154,292.25240478515633,264.97680899658206,-0.09332890112102034,0.6960303300624442,1497.5331934329001,28.01445053643286,0.35606857096088446
0.989,1497.8426264970815,38.701971868330965,28.018830447963047,5.4546501979890465,0.7367687121326338,0.8047390628655474,292.25240478515633,264.94970181579595,-0.09342165375655825,0.6960303300624442,1497.8426264970815,28.018830447963047,0.3561142716344238
0.99,1498.1524741105277,38.70597465651172,28.023211357024593,5.454842921190015,0.7367142594251951,0.8046590457544863,292.25240478515633,264.92259463500983,-0.09351440639209617,0.6960303300624442,1498.1524741105277,28.023211357024593,0.3561599987245493
0.991,1498.462736273238,38.709982385338776,28.02759226608613,5.455035644390984,0.7366597338647509,0.8045759249951681,292.25240478515633,264.89548745422366,-0.09360715902763428,0.6958751393534002,1498.462736273238,28.02759226608613,0.3562057455755091
0.992,1498.7734129852136,38.71399505327774,28.031973175147677,5.455228367591952,0.7366051354513016,0.8044905860106609,292.25240478515633,264.86838027343754,-0.0936999116631722,0.6958751393534002,1498.7734129852136,28.031973175147677,0.35625151218116624
0.993,1499.0845042464532,38.71801265879298,28.03635608569746,5.45542109079292,0.7365504641848468,0.804404520278608,292.25240478515633,264.8412730926514,-0.09379266429871011,0.6956521739130435,1499.0845042464532,28.03635608569746,0.3562973118774515
0.994,1499.396010056957,38.72203520034758,28.04074080277284,5.4556138139938914,0.736495720065387,0.804320759316554,292.25240478515633,264.8141659118653,-0.09388541693424804,0.6954971020954079,1499.396010056957,28.04074080277284,0.35634314335858197
0.995,1499.7079304167257,38.726062676403416,28.04512551984823,5.455806537194859,0.7364409030929218,0.8042404518758611,292.25240478515633,264.7870587310791,-0.09397816956978615,0.6953420993982616,1499.7079304167257,28.04512551984823,0.3563889945759688
0.996,1500.020265325759,38.73009508542109,28.049512934310542,5.455999260395828,0.7363860132674511,0.8041556173847608,292.25240478515633,264.75995155029307,-0.09407092220532387,0.6951871657754011,1500.020265325759,28.049512934310542,0.3564348835044411
0.997,1500.3330147840566,38.73413242585997,28.05390651170328,5.456191983596796,0.7363310505889754,0.8040789742766213,292.25240478515633,264.7328443695069,-0.09416367484086198,0.694809534417465,1500.3330147840566,28.05390651170328,0.35648083323941343
0.998,1500.6461787916187,38.73817469617817,28.058300240971853,5.456384706797765,0.7362760150574943,0.8039985396586211,292.25240478515633,264.71953576354986,-0.09420921289543101,0.694809534417465,1500.6461787916187,28.058300240971853,0.3565268037045719
0.999,1500.9597573484455,38.74222189483259,28.062695430774248,5.456577429998735,0.7362209066730079,0.8039162397801386,292.25240478515633,264.75127178802495,-0.09410062174628914,0.694809534417465,1500.9597573484455,28.062695430774248,0.3565728036173582
1.0,1501.2737504545364,38.74627402027886,28.06709645859253,5.456770153199702,0.7361657254355163,0.8038361121422994,292.25240478515633,264.7830078125,-0.09399203059714747,0.6945001113337786,1501.2737504545364,28.06709645859253,0.3566188621522238
