loss,mae,mse,rmse,r2
0.0009548084926791489,0.016185267745163188,0.0006635186118906102,0.025758855019014534,0.8888072504104391
