loss,mae,mse,rmse,r2
0.046784017467870004,1.00707843328428,2.983432925476,1.72726168413373,0.9256897820210116
