loss,mae,mse,rmse,r2
0.0004678401746787131,0.010070784332842876,0.000298343292547651,0.01727261684133736,0.9256897820210115
