loss,mae,mse,rmse,r2
0.0008492426131851971,0.014925992364994043,0.0005685897360433166,0.02384511975317626,0.9047154744327168
