loss,mae,mse,rmse,r2
0.0007765458431094885,0.014048245606559965,0.0005560090545760658,0.023579844244101058,0.880417641204338
