loss,mae,mse,rmse,r2
0.03563593199942261,0.9732149916536558,2.2627159409523423,1.5042326751378399,0.9455556082085798
