loss,mae,mse,rmse,r2
0.0004620804393198341,0.01051155858885584,0.00028286265513313566,0.016818521193408643,0.9295456405888476
