year_month,monthly_total_precip_in
2003-02,1.200787402
2003-03,15.342519686000001
2003-04,12.598425195
2003-05,21.992125981999997
2003-06,9.425196851
2003-07,21.248031494999996
2003-08,10.251968504999999
2003-09,8.208661415
2003-10,6.456692914999999
2003-11,23.259842519000003
2003-12,18.889763779
2004-01,13.807086614000001
2004-02,14.216535432
2004-03,17.381889766
2004-04,9.177165352000001
