loss,mae,mse,rmse,r2
4.373262345325,95.495293891861,26317.83673448,162.22773108960803,0.934448528479572
