loss,mae,mse,rmse,r2
0.0004373262345325202,0.009549529389186165,0.00026317836734482235,0.016222773108960822,0.9344485284795719
