loss,mae,mse,rmse,r2
4.389201931189,98.613184258001,26766.482002970002,163.60465153220898,0.9333310598275272
