loss,mae,mse,rmse,r2
0.046208043931980004,1.05115585888558,2.828626551331,1.6818521193408602,0.9295456405888476
