loss,mae,mse,rmse,r2
0.00047793815610930324,0.010465746198527217,0.00030564699078392145,0.017482762675959468,0.9238706045112528
