loss,mae,mse,rmse,r2
0.0008663455373607576,0.016189349121424904,0.0006508712792110409,0.02551217903690394,0.8600153680954882
