loss,mae,mse,rmse,r2
0.04596429062075913,1.0286515675812034,3.307338693579013,1.8186089996420376,0.9204203937572681
