huber_weight,mse,rmse,mae,bias,r2,spearman_r,pctl_obs_mm,pctl_pred_mm,pctl_rel_bias,csi_50mm,mse_objective,mae_objective,balanced_objective
0.0,1394.3480019808599,37.3409694836765,25.364254721064,5.264046952230931,0.7549568867891839,0.8443056105026258,292.25240478515633,270.42062072753913,-0.07470181151688524,0.7370396434435843,1394.3480019808599,25.364254721064,0.33246691048121313
0.001,1394.2339348234927,37.33944207970297,25.364721048027803,5.264022446638715,0.7549769329837613,0.844297777464564,292.25240478515633,270.39568310852053,-0.07478714056332006,0.7370396434435843,1394.2339348234927,25.364721048027803,0.33246384463514067
0.002,1394.1202931567086,37.33792031108199,25.365187374991603,5.263997941046497,0.7549969044025031,0.8442886973862536,292.25240478515633,270.37074548950204,-0.0748724696097545,0.7370396434435843,1394.1202931567086,25.365187374991603,0.3324608013284814
0.003,1394.0070769805068,37.336404178502605,25.365653701955402,5.2639734354542815,0.7550168010454092,0.8442763623116637,292.25240478515633,270.353585105896,-0.07493118729120063,0.7370396434435843,1394.0070769805068,25.365653701955402,0.33245778056399117
0.004,1393.8942862948875,37.334893682651455,25.36612442693766,5.2639489298620665,0.7550366229124797,0.8442722316690087,292.25240478515633,270.34055386352543,-0.07497577629083658,0.7368667917448405,1393.8942862948875,25.36612442693766,0.33245481166194174
0.005,1393.7819210998514,37.33338882421272,25.3666008159463,5.263924424269849,0.7550563700037145,0.8442642641662895,292.25240478515633,270.32752262115486,-0.07502036529047254,0.7368667917448405,1393.7819210998514,25.3666008159463,0.3324519030643748
0.006,1393.6699813953974,37.33188960386813,25.367081497194558,5.263899918677633,0.7550760423191138,0.8442576721057226,292.25240478515633,270.3144913787842,-0.07506495429010869,0.7370396434435843,1393.6699813953974,25.367081497194558,0.33244904562958205
0.007,1393.5584671815259,37.33039602229697,25.367565670939094,5.263875413085417,0.7550956398586774,0.8442462412246482,292.25240478515633,270.3014601364136,-0.07510954328974485,0.7370396434435843,1393.5584671815259,25.367565670939094,0.3324462340291304
0.008,1393.4473784582376,37.32890808017611,25.36805018029483,5.263850907493201,0.7551151626224054,0.8442300003713368,292.25240478515633,270.288428894043,-0.07515413228938081,0.7370396434435843,1393.4473784582376,25.36805018029483,0.33244344722169133
0.009000000000000001,1393.3367152255314,37.32742577817993,25.3685351976135,5.263826401900984,0.7551346106102977,0.844220087447285,292.25240478515633,270.2753976516724,-0.07519872128901696,0.7370396434435843,1393.3367152255314,25.3685351976135,0.33244068635887175
0.01,1393.2264774834084,37.32594911698038,25.369023697249844,5.2638018963087685,0.7551539838223544,0.8442070570832143,292.25240478515633,270.26236640930176,-0.07524331028865311,0.7366322701688556,1393.2264774834084,25.369023697249844,0.33243797127063407
0.011,1393.1166652318675,37.32447809724695,25.369518597036162,5.263777390716551,0.7551732822585756,0.8441990321248594,292.25240478515633,270.2493351669312,-0.07528789928828906,0.7364595545134818,1393.1166652318675,25.369518597036162,0.3324353214101481
0.012,1393.0072784709091,37.3230127196467,25.370018935016912,5.263752885124335,0.755192505918961,0.8441886786072221,292.25240478515633,270.23630392456056,-0.07533248828792523,0.736694021101993,1393.0072784709091,25.370018935016912,0.33243273036761284
0.013000000000000001,1392.8983172005337,37.32155298484421,25.370519272997658,5.263728379532119,0.7552116548035108,0.8441799180079439,292.25240478515633,270.22327268219,-0.07537707728756118,0.7365213314580403,1392.8983172005337,25.370519272997658,0.332430161894269
0.014,1392.789781420741,37.32009889350162,25.37101961097841,5.263703873939903,0.7552307289122251,0.84417039249789,292.25240478515633,270.21024143981936,-0.07542166628719733,0.7365213314580403,1392.789781420741,25.37101961097841,0.3324276159927648
0.015,1392.6816711315305,37.31865044627861,25.371522248526677,5.263679368347686,0.7552497282451037,0.8441611474403985,292.25240478515633,270.1972101974487,-0.07546625528683348,0.7363487227560347,1392.6816711315305,25.371522248526677,0.33242510799483066
0.016,1392.573986332903,37.3172076438324,25.372026900463318,5.2636548627554705,0.7552686528021466,0.844152044215216,292.25240478515633,270.18417895507815,-0.07551084428646944,0.7363487227560347,1392.573986332903,25.372026900463318,0.33242263600206945
0.017,1392.4667270248574,37.31577048681773,25.372534713201293,5.263630357163253,0.755287502583354,0.8441333266867307,292.25240478515633,270.1711477127076,-0.0755554332861054,0.7361761949390815,1392.4667270248574,25.372534713201293,0.3324202076591758
0.018000000000000002,1392.359893207395,37.31433897588694,25.373042525939265,5.263605851571038,0.7553062775887256,0.8441198162810227,292.25240478515633,270.1581164703369,-0.07560002228574175,0.7361761949390815,1392.359893207395,25.373042525939265,0.33241780189861675
0.019,1392.2534848805155,37.31291311168984,25.373552169704542,5.263581345978821,0.7553249778182617,0.8441177096948246,292.25240478515633,270.1450852279663,-0.07564461128537771,0.7361761949390815,1392.2534848805155,25.373552169704542,0.3324154309287586
0.02,1392.147502044218,37.3114928948738,25.374070887003978,5.263556840386603,0.7553436032719621,0.8441033079036706,292.25240478515633,270.1320539855957,-0.07568920028501386,0.7361761949390815,1392.147502044218,25.374070887003978,0.33241314303129194
0.021,1392.0419446985034,37.31007832608373,25.37459680374288,5.263532334794388,0.755362153949827,0.8440900697798599,292.25240478515633,270.1190227432251,-0.07573378928464981,0.735941893158388,1392.0419446985034,25.37459680374288,0.3324109257159386
0.022,1391.9368128433716,37.30866940596209,25.375124742533792,5.263507829202172,0.7553806298518562,0.8440717207945487,292.25240478515633,270.1059915008545,-0.07577837828428596,0.735941893158388,1391.9368128433716,25.375124742533792,0.3324087444724096
0.023,1391.832106478822,37.30726613514882,25.375655131374206,5.2634833236099565,0.7553990309780496,0.8440639667128168,292.25240478515633,270.09296025848386,-0.07582296728392213,0.735941893158388,1391.832106478822,25.375655131374206,0.3324066021563284
0.024,1391.7278256048555,37.30586851428144,25.37619012298635,5.263458818017739,0.7554173573284075,0.8440473102998746,292.25240478515633,270.0799290161133,-0.07586755628355808,0.735941893158388,1391.7278256048555,25.37619012298635,0.33240451312045477
0.025,1391.6239702214712,37.30447654399497,25.376725114598504,5.263434312425523,0.7554356089029298,0.8440370449531506,292.25240478515633,270.06616764068605,-0.07591464357934048,0.735941893158388,1391.6239702214712,25.376725114598504,0.33240244668490243
0.026000000000000002,1391.5205403286695,37.303090224921974,25.377264044523276,5.263409806833307,0.7554537857016166,0.8440247410957213,292.25240478515633,270.0481457672119,-0.07597630902051072,0.735941893158388,1391.5205403286695,25.377264044523276,0.3324004291052927
0.027,1391.4175359264507,37.30170955769253,25.377804499779803,5.26338530124109,0.7554718877244675,0.844018067087598,292.25240478515633,270.03012389373777,-0.07603797446168097,0.735941893158388,1391.4175359264507,25.377804499779803,0.33239844429903176
0.028,1391.3149570148146,37.30033454293426,25.378351213822565,5.263360795648874,0.7554899149714829,0.8440060225433935,292.25240478515633,270.0121020202637,-0.076099639902851,0.735941893158388,1391.3149570148146,25.378351213822565,0.33239652382219725
0.029,1391.2128035937608,37.298965181272266,25.378897927865328,5.2633362900566585,0.7555078674426627,0.8439965618967776,292.25240478515633,269.9940801467896,-0.07616130534402105,0.735941893158388,1391.2128035937608,25.378897927865328,0.3323946259557446
0.03,1391.1110756632897,37.297601473329216,25.37944998976448,5.263311784464441,0.7555257451380069,0.8439883407822317,292.25240478515633,269.9760582733154,-0.07622297078519148,0.735941893158388,1391.1110756632897,25.37944998976448,0.33239278635138136
0.031,1391.0097732234012,37.29624341972528,25.38001221672498,5.263287278872225,0.7555435480575153,0.8439783374789791,292.25240478515633,269.9580363998413,-0.07628463622636153,0.735769501054111,1391.0097732234012,25.38001221672498,0.3323910371234427
0.032,1390.9088962740955,37.29489102107815,25.380577868414683,5.263262773280009,0.7555612762011883,0.8439628627610393,292.25240478515633,269.9400145263672,-0.07634630166753177,0.7355971896955503,1390.9088962740955,25.380577868414683,0.3323893333428325
0.033,1390.8084448153722,37.293544278003026,25.381144437309498,5.263238267687792,0.7555789295690255,0.8439500824153089,292.25240478515633,269.92199265289304,-0.07640796710870201,0.7355971896955503,1390.8084448153722,25.381144437309498,0.3323876582966652
0.034,1390.7084188472315,37.292203191112634,25.38171100620431,5.263213762095576,0.7555965081610271,0.8439404167391997,292.25240478515633,269.90397077941896,-0.07646963254987206,0.7355971896955503,1390.7084188472315,25.38171100620431,0.3323860058732323
0.035,1390.6088183696738,37.290867761017225,25.382277575099124,5.2631892565033604,0.755614011977193,0.8439299292587887,292.25240478515633,269.8859489059448,-0.0765312979910423,0.7355971896955503,1390.6088183696738,25.382277575099124,0.3323843760749747
0.036000000000000004,1390.5096433826984,37.28953798832453,25.382845357649632,5.263164750911143,0.7556314410175234,0.8439216164400694,292.25240478515633,269.86792703247073,-0.07659296343221234,0.735769501054111,1390.5096433826984,25.382845357649632,0.33238277699464425
0.037,1390.4108938863058,37.288213873639826,25.38341528111368,5.263140245318927,0.7556487952820181,0.8439082238364827,292.25240478515633,269.84990515899665,-0.07665462887338238,0.735941893158388,1390.4108938863058,25.38341528111368,0.3323812148158331
0.038,1390.3125698804956,37.28689541756588,25.383989896333578,5.263115739726711,0.7556660747706773,0.8438963306001495,292.25240478515633,269.8318832855225,-0.07671629431455262,0.735769501054111,1390.3125698804956,25.383989896333578,0.33237970654506094
0.039,1390.2146713652678,37.285582620702975,25.384565942926482,5.263091234134494,0.7556832794835008,0.8438893947493082,292.25240478515633,269.81386141204837,-0.07677795975572287,0.735769501054111,1390.2146713652678,25.384565942926482,0.3323782304507687
0.04,1390.1171983406232,37.28427548364891,25.38514198951938,5.263066728542278,0.7557004094204887,0.8438774107523428,292.25240478515633,269.7958395385743,-0.07683962519689291,0.7355971896955503,1390.1171983406232,25.38514198951938,0.33237677699370605
0.041,1390.0201508065609,37.28297400699897,25.38572335519298,5.2630422229500615,0.7557174645816408,0.8438673669169695,292.25240478515633,269.77781766510014,-0.07690129063806316,0.7355971896955503,1390.0201508065609,25.38572335519298,0.3323753816336504
0.042,1389.9235287630813,37.28167819134597,25.38631363199483,5.2630177173578465,0.7557344449669574,0.843853498487568,292.25240478515633,269.75979579162595,-0.07696295607923359,0.7355971896955503,1389.9235287630813,25.38631363199483,0.3323740683178349
0.043000000000000003,1389.827332210184,37.28038803728019,25.386908747948983,5.262993211765629,0.7557513505764384,0.8438457040142431,292.25240478515633,269.74177391815186,-0.07702462152040364,0.7355971896955503,1389.827332210184,25.386908747948983,0.332372809904519
0.044,1389.7315611478698,37.27910354538947,25.38750395769357,5.262968706173414,0.7557681814100837,0.843831768894547,292.25240478515633,269.7237520446777,-0.07708628696157387,0.7355971896955503,1389.7315611478698,25.38750395769357,0.33237157476311097
0.045,1389.636215576138,37.277824716259104,25.38810678081877,5.262944200581196,0.7557849374678933,0.8438203603974819,292.25240478515633,269.70573017120364,-0.07714795240274391,0.7355971896955503,1389.636215576138,25.38810678081877,0.3323704130221117
0.046,1389.5412954949886,37.27655155047189,25.388713636880038,5.26291969498898,0.7558016187498675,0.8438090464753646,292.25240478515633,269.68770829772956,-0.07720961784391396,0.735769501054111,1389.5412954949886,25.388713636880038,0.3323693008163364
0.047,1389.446800904422,37.27528404860816,25.389321497223403,5.262895189396764,0.755818225256006,0.843795245358593,292.25240478515633,269.6696864242554,-0.0772712832850842,0.735769501054111,1389.446800904422,25.389321497223403,0.3323682179588688
0.048,1389.352731804438,37.2740222112457,25.38992935756677,5.2628706838045485,0.7558347569863088,0.8437861831071884,292.25240478515633,269.65166455078133,-0.07733294872625425,0.7360037479503396,1389.352731804438,25.38992935756677,0.3323671577573989
0.049,1389.2590881950368,37.27276603895982,25.39053721791014,5.262846178212332,0.7558512139407758,0.8437715423993599,292.25240478515633,269.6336426773072,-0.07739461416742449,0.7362379948465683,1389.2590881950368,25.39053721791014,0.33236612021422773
0.05,1389.1658700762182,37.27151553232331,25.39115503840182,5.262821672620116,0.7558675961194075,0.8437622858788468,292.25240478515633,269.61562080383305,-0.07745627960859473,0.7364722417427969,1389.1658700762182,25.39115503840182,0.3323651717267522
0.051000000000000004,1389.073077447982,37.27027069190647,25.391778969622013,5.262797167027898,0.7558839035222034,0.8437526349982666,292.25240478515633,269.59759893035897,-0.07751794504976477,0.7366447985004686,1389.073077447982,25.391778969622013,0.33236428663672823
0.052000000000000005,1388.9807103103285,37.26903151827705,25.392411280217875,5.262772661435682,0.7559001361491636,0.8437434244302171,292.25240478515633,269.57957705688483,-0.07757961049093501,0.7368174361378017,1388.9807103103285,25.392411280217875,0.3323634800694011
0.053,1388.8887686632577,37.267798012000355,25.393045488409374,5.262748155843466,0.7559162940002884,0.8437362983855621,292.25240478515633,269.5615551834107,-0.07764127593210525,0.7368174361378017,1388.8887686632577,25.393045488409374,0.3323627088189932
0.054,1388.7972525067694,37.266570173639124,25.393682967973653,5.26272365025125,0.7559323770755774,0.8437281470529135,292.25240478515633,269.5556687011719,-0.07766141770730509,0.7368174361378017,1388.7972525067694,25.393682967973653,0.33236198204545836
0.055,1388.7061618408638,37.265348003753616,25.394320704855406,5.262699144659034,0.7559483853750307,0.8437149472328599,292.25240478515633,269.5687834854126,-0.07761654285246734,0.7368174361378017,1388.7061618408638,25.394320704855406,0.33236127965911544
0.056,1388.6154966655408,37.26413150290156,25.39496280162348,5.262674639066818,0.7559643188986485,0.8437001962712395,292.25240478515633,269.58073050537115,-0.07757566373646034,0.7368174361378017,1388.6154966655408,25.39496280162348,0.33236062901023106
0.057,1388.5252569808003,37.262920671638184,25.39561012788998,5.2626501334746,0.7559801776464307,0.8436892781746893,292.25240478515633,269.59267752532963,-0.07753478462045352,0.7368174361378017,1388.5252569808003,25.39561012788998,0.33236003589792634
0.058,1388.4354427866426,37.26171551051619,25.396257809727803,5.262625627882384,0.7559959616183771,0.8436742934557576,292.25240478515633,269.6046245452881,-0.0774939055044467,0.7368791002811621,1388.4354427866426,25.396257809727803,0.3323594678344432
0.059000000000000004,1388.3460540830674,37.26051602008576,25.396911496360982,5.262601122290168,0.7560116708144881,0.843658154745799,292.25240478515633,269.6165715652466,-0.07745302638843989,0.7367064886390255,1388.3460540830674,25.396911496360982,0.3323589624801392
0.06,1388.2570908700748,37.259322200894566,25.397567059808672,5.262576616697952,0.7560273052347634,0.8436421964931119,292.25240478515633,269.6285185852051,-0.07741214727243306,0.7365339578454333,1388.2570908700748,25.397567059808672,0.3323584923197706
0.061,1388.168553147665,37.25813405348777,25.39823303515418,5.2625521111057445,0.7560428648792029,0.8436266142717023,292.25240478515633,269.64046560516357,-0.07737126815642625,0.7367064886390255,1388.168553147665,25.39823303515418,0.33235811425103223
0.062,1388.0804409158375,37.256951578407985,25.398899381357182,5.262527605513519,0.756058349747807,0.843616457251537,292.25240478515633,269.65241262512205,-0.07733038904041943,0.7367064886390255,1388.0804409158375,25.398899381357182,0.3323577613417558
0.063,1387.992754174593,37.255774776195345,25.399565727560187,5.262503099921313,0.7560737598405752,0.8436043964262281,292.25240478515633,269.6499207962036,-0.07733891533097388,0.7367064886390255,1387.992754174593,25.399565727560187,0.33235743112193783
0.064,1387.905492923931,37.254603647387405,25.400232073763192,5.262478594329086,0.756089095157508,0.8435912572738655,292.25240478515633,269.64469895019533,-0.07735678292050535,0.7367064886390255,1387.905492923931,25.400232073763192,0.332357123593728
0.065,1387.8186571638512,37.25343819251924,25.400900886339716,5.262454088736879,0.7561043556986051,0.8435787058071376,292.25240478515633,269.6308006515503,-0.07740433872643698,0.7365339578454333,1387.8186571638512,25.400900886339716,0.3323568552002999
0.066,1387.7322468943546,37.252278412123395,25.40158074928403,5.262429583144654,0.7561195414638666,0.8435659101439192,292.25240478515633,269.61534522399904,-0.07745722256006235,0.7363615078435963,1387.7322468943546,25.40158074928403,0.33235668316534217
0.067,1387.6462621154403,37.251124306729864,25.402268505134824,5.2624050775524465,0.7561346524532925,0.8435506856450731,292.25240478515633,269.59988979644777,-0.07751010639368773,0.7363615078435963,1387.6462621154403,25.402268505134824,0.3323565864430973
0.068,1387.5607028271086,37.24997587686613,25.402961452644814,5.262380571960222,0.7561496886668827,0.8435410069400654,292.25240478515633,269.5844343688965,-0.07756299022731311,0.7363615078435963,1387.5607028271086,25.402961452644814,0.33235654702895523
0.069,1387.4755690293596,37.24883312305715,25.403655520077116,5.262356066368015,0.7561646501046373,0.843529007625612,292.25240478515633,269.5689789413452,-0.07761587406093848,0.7363615078435963,1387.4755690293596,25.403655520077116,0.33235653778250807
0.07,1387.3908607221933,37.24769604582535,25.40434958750942,5.26233156077579,0.7561795367665562,0.8435165847816161,292.25240478515633,269.55352351379395,-0.07766875789456386,0.7363615078435963,1387.3908607221933,25.40434958750942,0.33235655124035784
0.07100000000000001,1387.3065779056094,37.246564645690604,25.405044275792548,5.262307055183582,0.7561943486526396,0.8435027362268056,292.25240478515633,269.53806808624273,-0.07772164172818903,0.7363615078435963,1387.3065779056094,25.405044275792548,0.3323565915432229
0.07200000000000001,1387.2227205796082,37.24543892317028,25.405745150222916,5.262282549591356,0.7562090857628873,0.8434861572243916,292.25240478515633,269.5226126586914,-0.0777745255618146,0.736189138576779,1387.2227205796082,25.405745150222916,0.3323566957918614
0.073,1387.13928874419,37.24431887877922,25.40645235489178,5.262258043999148,0.7562237480972993,0.8434712546136189,292.25240478515633,269.5071572311402,-0.07782740939543978,0.736189138576779,1387.13928874419,25.40645235489178,0.3323568649488559
0.074,1387.0562823993541,37.243204513029674,25.40716292179351,5.2622335384069325,0.7562383356558757,0.8434562212320522,292.25240478515633,269.4917018035889,-0.07788029322906516,0.7364232209737828,1387.0562823993541,25.40716292179351,0.33235707923130403
0.075,1386.9737015451005,37.24209582643142,25.407876670061473,5.262209032814715,0.7562528484386166,0.8434388973942072,292.25240478515633,269.47624637603764,-0.07793317706269053,0.7362508776035572,1386.9737015451005,25.407876670061473,0.33235733743557394
0.076,1386.8915461814302,37.24099281949167,25.408596051259984,5.262184527222499,0.7562672864455218,0.8434236298136717,292.25240478515633,269.46079094848636,-0.0779860608963159,0.7362508776035572,1386.8915461814302,25.408596051259984,0.33235765590600846
0.077,1386.809816308342,37.23989549271509,25.40932687513134,5.262160021630283,0.7562816496765913,0.8434082094597647,292.25240478515633,269.4662811645508,-0.07796727502501231,0.7366573033707865,1386.809816308342,25.40932687513134,0.33235807337280987
0.078,1386.7285119258365,37.23880384660384,25.410062524789865,5.262135516038067,0.7562959381318253,0.843392653396529,292.25240478515633,269.4812871337891,-0.07791592910281422,0.7364849052188158,1386.7285119258365,25.410062524789865,0.3323585457293237
0.079,1386.6476330339137,37.23771788165749,25.410807646985276,5.26211101044585,0.7563101518112235,0.8433762650697371,292.25240478515633,269.49629310302737,-0.07786458318061633,0.7363125877398222,1386.6476330339137,25.410807646985276,0.33235910395313506
0.08,1386.5671796325735,37.2366375983731,25.41155558424013,5.2620865048536345,0.7563242907147862,0.8433615422939003,292.25240478515633,269.5112990722657,-0.07781323725841825,0.736140350877193,1386.5671796325735,25.41155558424013,0.33235970366698103
0.081,1386.4871517218162,37.235562997245204,25.412306432543758,5.262061999261417,0.7563383548425132,0.8433435842959983,292.25240478515633,269.5263050415039,-0.07776189133622036,0.736140350877193,1386.4871517218162,25.412306432543758,0.33236034551271176
0.082,1386.407549301641,37.23449407876574,25.41306969546755,5.262037493669202,0.7563523441944047,0.8433284453381948,292.25240478515633,269.5394270263672,-0.07771699184301367,0.7357961187748422,1386.407549301641,25.41306969546755,0.33236109284382437
0.083,1386.3283723720485,37.233430843424145,25.413833254618613,5.262012988076985,0.7563662587704605,0.8433141431809758,292.25240478515633,269.54055057373046,-0.07771314740120633,0.7357961187748422,1386.3283723720485,25.413833254618613,0.332361864880148
0.084,1386.2496209330388,37.2323732917073,25.414604201429018,5.26198848248477,0.7563800985706806,0.8432995693441196,292.25240478515633,269.54167412109376,-0.0777093029593988,0.7356241234221599,1386.2496209330388,25.414604201429018,0.3323627088956554
0.085,1386.1712949846117,37.23132142409952,25.415379206974045,5.261963976892552,0.7563938635950651,0.8432845972927303,292.25240478515633,269.54279766845707,-0.07770545851759128,0.7356241234221599,1386.1712949846117,25.415379206974045,0.3323636027014183
0.08600000000000001,1386.0933945267673,37.23027524108259,25.41616052010902,5.2619394713003365,0.756407553843614,0.8432722038390387,292.25240478515633,269.5439212158204,-0.07770161407578376,0.7356241234221599,1386.0933945267673,25.41616052010902,0.3323645612904042
0.08700000000000001,1386.0159195595052,37.22923474313574,25.416953833688225,5.261914965708121,0.7564211693163273,0.8432549887292595,292.25240478515633,269.5450447631836,-0.07769776963397641,0.7354522084599205,1386.0159195595052,25.416953833688225,0.33236562261352953
0.088,1385.938870082826,37.228199930735656,25.417749810667832,5.261890460115903,0.756434710013205,0.8432397542730424,292.25240478515633,269.54616831054693,-0.07769392519216889,0.7354522084599205,1385.938870082826,25.417749810667832,0.33236672443125664
0.089,1385.8622460967292,37.22717080435645,25.418552628167316,5.261865954523687,0.756448175934247,0.8432277455633279,292.25240478515633,269.54729185791024,-0.07769008075036136,0.7354522084599205,1385.8622460967292,25.418552628167316,0.33236789459047783
0.09,1385.7860476012154,37.22614736446971,25.41936248159805,5.261841448931471,0.7564615670794532,0.8432129474045724,292.25240478515633,269.54841540527354,-0.07768623630855384,0.7354522084599205,1385.7860476012154,25.41936248159805,0.3323691343957064
0.091,1385.7102745962839,37.22512961154445,25.42017800011895,5.261816943339254,0.7564748834488241,0.8431981337878018,292.25240478515633,269.5495389526368,-0.0776823918667465,0.7356241234221599,1385.7102745962839,25.42017800011895,0.3323704347106874
0.092,1385.6349270819348,37.22411754604715,25.421008785729278,5.261792437747038,0.7564881250423592,0.8431857821309774,292.25240478515633,269.5506625000001,-0.07767854742493897,0.7356241234221599,1385.6349270819348,25.421008785729278,0.3323718595449436
0.093,1385.5600050581686,37.22311116844169,25.42184253889337,5.2617679321548225,0.7565012918600587,0.8431724163681263,292.25240478515633,269.55178604736335,-0.07767470298313164,0.7356241234221599,1385.5600050581686,25.42184253889337,0.33237332691069055
0.094,1385.485508524985,37.22211047918945,25.422681914800553,5.261743426562606,0.7565143839019225,0.843153832400908,292.25240478515633,269.55290959472666,-0.07767085854132412,0.7356241234221599,1385.485508524985,25.422681914800553,0.3323748545094676
0.095,1385.4114374823846,37.22111547874922,25.423531728561162,5.26171892097039,0.7565274011679507,0.8431429811954059,292.25240478515633,269.55403314208996,-0.0776670140995166,0.7356241234221599,1385.4114374823846,25.423531728561162,0.3323764744410011
0.096,1385.337791930366,37.22012616757721,25.424386880012108,5.261694415378174,0.7565403436581433,0.8431313059371632,292.25240478515633,269.5551566894532,-0.07766316965770925,0.7352803738317757,1385.337791930366,25.424386880012108,0.3323781527090411
0.097,1385.26457186893,37.219142546127124,25.425243759431904,5.261669909785958,0.7565532113725003,0.8431174615178736,292.25240478515633,269.5562802368165,-0.07765932521590173,0.7352803738317757,1385.26457186893,25.425243759431904,0.3323798652527241
0.098,1385.191777298077,37.21816461485006,25.426102973885747,5.26164540419374,0.7565660043110216,0.8431066231204412,292.25240478515633,269.5574037841798,-0.0776554807740942,0.7352803738317757,1385.191777298077,25.426102973885747,0.3323816161205973
0.099,1385.1194082178067,37.217192374194575,25.426962512185483,5.2616208986015245,0.7565787224737073,0.843090880778084,292.25240478515633,269.5585273315431,-0.07765163633228687,0.7350467289719627,1385.1194082178067,25.426962512185483,0.3323833919077215
0.1,1385.0474646281189,37.216225824606646,25.427822050485215,5.261596393009308,0.7565913658605574,0.8430749449094059,292.25240478515633,269.5596508789064,-0.07764779189047934,0.7350467289719627,1385.0474646281189,25.427822050485215,0.332385190457099
0.101,1384.9759465290138,37.21526496652971,25.428682724668974,5.261571887417092,0.7566039344715718,0.8430606567045511,292.25240478515633,269.5607744262697,-0.07764394744867181,0.7350467289719627,1384.9759465290138,25.428682724668974,0.33238701934239295
0.10200000000000001,1384.904853920491,37.214309800404614,25.429547965649,5.261547381824876,0.7566164283067507,0.8430465509845777,292.25240478515633,269.56189797363294,-0.07764010300686448,0.7352803738317757,1384.904853920491,25.429547965649,0.33238890143608824
0.10300000000000001,1384.8341868025511,37.21336032666966,25.430413206629023,5.26152287623266,0.7566288473660938,0.8430333665623134,292.25240478515633,269.56302152099624,-0.07763625856505696,0.7351086194814296,1384.8341868025511,25.430413206629023,0.3323908062973268
0.10400000000000001,1384.7639451751936,37.212416545760554,25.431280910563835,5.261498370640443,0.7566411916496014,0.8430175298859125,292.25240478515633,269.56414506835955,-0.07763241412324942,0.7351086194814296,1384.7639451751936,25.431280910563835,0.3323927503460953
0.105,1384.6941290384189,37.21147845811046,25.432157222916455,5.2614738650482265,0.7566534611572733,0.8429981240340909,292.25240478515633,269.5652686157228,-0.07762856968144209,0.7351086194814296,1384.6941290384189,25.432157222916455,0.33239477455024985
0.106,1384.6247383922264,37.210546064149966,25.43303514010754,5.261449359456009,0.7566656558891096,0.8429850252733215,292.25240478515633,269.5663921630861,-0.07762472523963457,0.734936945352639,1384.6247383922264,25.43303514010754,0.3323968322251203
0.107,1384.555773236617,37.20961936430709,25.433916478147506,5.261424853863793,0.7566777758451103,0.8429703026982382,292.25240478515633,269.56751571044936,-0.07762088079782724,0.734936945352639,1384.555773236617,25.433916478147506,0.3323989354780821
0.108,1384.48723357159,37.208698359007265,25.434799936549805,5.261400348271578,0.7566898210252754,0.8429561198086407,292.25240478515633,269.5686392578127,-0.0776170363560195,0.7347653513892132,1384.48723357159,25.434799936549805,0.33240107564169463
0.109,1384.4191193971458,37.20778304867338,25.435684456434696,5.261375842679362,0.7567017914296048,0.8429396286157835,292.25240478515633,269.56976280517597,-0.07761319191421218,0.734936945352639,1384.4191193971458,25.435684456434696,0.33240324565907636
0.11,1384.3514307132841,37.20687343372571,25.436569329535683,5.261351337087144,0.7567136870580986,0.8429245443632938,292.25240478515633,269.5708863525393,-0.07760934747240465,0.734936945352639,1384.3514307132841,25.436569329535683,0.33240544081055
0.111,1384.2841675200048,37.205969514581994,25.437455587217723,5.261326831494928,0.7567255079107567,0.8429097863150767,292.25240478515633,269.5720098999025,-0.07760550303059732,0.734936945352639,1384.2841675200048,25.437455587217723,0.3324076679729436
0.112,1384.2173298173084,37.20507129165738,25.438343088913278,5.2613023259027125,0.7567372539875792,0.8428958916271245,292.25240478515633,269.57313344726583,-0.0776016585887898,0.7347653513892132,1384.2173298173084,25.438343088913278,0.3324099262108836
0.113,1384.1509176051943,37.20417876536444,25.439237471239796,5.261277820310496,0.7567489252885662,0.8428812455792545,292.25240478515633,269.5742569946291,-0.07759781414698246,0.7349988325939761,1384.1509176051943,25.439237471239796,0.3324122531001407
0.114,1384.0849308836634,37.203291936113175,25.440135378175427,5.26125331471828,0.7567605218137174,0.8428640834683845,292.25240478515633,269.57538054199244,-0.07759396970517474,0.7349988325939761,1384.0849308836634,25.440135378175427,0.33241462627085794
0.115,1384.0193696527147,37.202410804310986,25.441033848435033,5.261228809126064,0.7567720435630331,0.8428434997760268,292.25240478515633,269.5765040893557,-0.07759012526336741,0.7349988325939761,1384.0193696527147,25.441033848435033,0.3324170259845129
0.116,1383.9542339123486,37.20153537036272,25.441940703169873,5.261204303533847,0.7567834905365131,0.8428328807820341,292.25240478515633,269.577627636719,-0.07758628082155988,0.7349988325939761,1383.9542339123486,25.441940703169873,0.3324195043791137
0.117,1383.8895236625651,37.20066563467064,25.44285998997428,5.261179797941631,0.7567948627341574,0.8428191307570144,292.25240478515633,269.57875118408225,-0.07758243637975254,0.7351704810836058,1383.8895236625651,25.44285998997428,0.33242208843784093
0.11800000000000001,1383.8252389033644,37.19980159763442,25.44378955909035,5.261155292349415,0.7568061601559662,0.8428052522096391,292.25240478515633,269.57987473144556,-0.07757859193794502,0.7354040168145727,1383.8252389033644,25.44378955909035,0.3324247638318435
0.11900000000000001,1383.7613796347464,37.19894325965116,25.444724936001414,5.2611307867571995,0.7568173828019393,0.8427881919610671,292.25240478515633,269.5809982788088,-0.07757474749613769,0.7354040168145727,1383.7613796347464,25.444724936001414,0.33242750073524124
0.12,1383.6979458567107,37.19809062111536,25.445660312912477,5.261106281164981,0.7568285306720768,0.8427727264978612,292.25240478515633,269.58212182617217,-0.07757090305432997,0.7352323137987392,1383.6979458567107,25.445660312912477,0.33243026043440904
0.121,1383.6349375692578,37.197243682418964,25.44659568982354,5.261081775572764,0.7568396037663787,0.8427557920815486,292.25240478515633,269.5832453735354,-0.07756705861252262,0.7352323137987392,1383.6349375692578,25.44659568982354,0.3324330429309146
0.122,1383.5723547723876,37.19640244395132,25.447531075505097,5.261057269980548,0.7568506020848449,0.8427388526664751,292.25240478515633,269.5843689208987,-0.0775632141707151,0.7352323137987392,1383.5723547723876,25.447531075505097,0.33243584828477984
0.123,1383.5101974660997,37.19556690609917,25.44847539529694,5.261032764388332,0.7568615256274756,0.8427258649022852,292.25240478515633,269.57391487884547,-0.07759898476449667,0.7354657950035022,1383.5101974660997,25.44847539529694,0.33243873599454543
0.124,1383.4484656503948,37.194737069246706,25.449423967326574,5.261008258796116,0.7568723743942705,0.8427090370860518,292.25240478515633,269.55266989135765,-0.07767167873429799,0.7354657950035022,1383.4484656503948,25.449423967326574,0.33244167485202986
0.125,1383.3871593252723,37.1939129337755,25.450373990667945,5.2609837532039,0.7568831483852299,0.8426948042289218,292.25240478515633,269.5314249038699,-0.07774437270409913,0.7354657950035022,1383.3871593252723,25.450373990667945,0.3324446461875732
0.126,1383.3262784907322,37.193094500064554,25.4513277698281,5.260959247611684,0.7568938476003535,0.8426755953965311,292.25240478515633,269.51017991638207,-0.07781706667390047,0.7354657950035022,1383.3262784907322,25.4513277698281,0.33244766536471065
0.127,1383.2658231467751,37.19228176849029,25.452282608642236,5.260934742019468,0.7569044720396416,0.8426583167884372,292.25240478515633,269.48893492889425,-0.0778897606437018,0.7354657950035022,1383.2658231467751,25.452282608642236,0.3324507144121081
0.128,1383.2057932934008,37.19147473942652,25.45323863466136,5.260910236427251,0.756915021703094,0.8426416125158738,292.25240478515633,269.46768994140643,-0.07796245461350314,0.7354657950035022,1383.2057932934008,25.45323863466136,0.3324537941815254
0.129,1383.1461889306086,37.19067341324446,25.454200507571574,5.260885730835035,0.7569254965907108,0.8426235208161775,292.25240478515633,269.4464449539187,-0.07803514858330426,0.7354657950035022,1383.1461889306086,25.454200507571574,0.3324569357362691
0.13,1383.087010058399,37.18987779031277,25.455162380481777,5.260861225242819,0.7569358967024922,0.8426073846357122,292.25240478515633,269.42519996643085,-0.0781078425531056,0.7355275443510738,1383.087010058399,25.455162380481777,0.33246010010199306
0.131,1383.0282566767723,37.18908787099748,25.456124253391987,5.260836719650603,0.7569462220384376,0.8425939953044067,292.25240478515633,269.4039549789431,-0.07818053652290674,0.7355275443510738,1383.0282566767723,25.456124253391987,0.3324632872801615
0.132,1382.9699287857284,37.18830365566206,25.457086126302194,5.260812214058387,0.7569564725985476,0.8425825451309265,292.25240478515633,269.3827099914552,-0.07825323049270827,0.7356992762082653,1382.9699287857284,25.457086126302194,0.33246649727222793
0.133,1382.912026385267,37.187525144667354,25.45805000884924,5.26078770846617,0.7569666483828219,0.8425631445187699,292.25240478515633,269.36146500396745,-0.07832592446250941,0.7356992762082653,1382.912026385267,25.45805000884924,0.33246974347602776
0.134,1382.854549475388,37.18675233837163,25.45901446815386,5.260763202873954,0.7569767493912606,0.8425526693646204,292.25240478515633,269.34022001647963,-0.07839861843231073,0.7356992762082653,1382.854549475388,25.45901446815386,0.33247301634131177
0.135,1382.7974980560916,37.18598523713055,25.459978927458486,5.260738697281737,0.7569867756238636,0.8425391292273272,292.25240478515633,269.3189750289919,-0.07847131240211187,0.7356992762082653,1382.7974980560916,25.459978927458486,0.33247631202479255
0.136,1382.7408721273782,37.18522384129721,25.460943386763116,5.260714191689521,0.756996727080631,0.8425253065496358,292.25240478515633,269.29773004150405,-0.07854400637191321,0.7359327574130282,1382.7408721273782,25.460943386763116,0.3324796305278825
0.137,1382.684671689247,37.18446815122205,25.461907846067735,5.260689686097305,0.7570066037615628,0.842510155907982,292.25240478515633,269.27648505401623,-0.07861670034171454,0.7359327574130282,1382.684671689247,25.461907846067735,0.33248297185198306
0.138,1382.6288967416986,37.18371816725297,25.46287379242648,5.260665180505089,0.7570164056666591,0.8424930823293811,292.25240478515633,269.2552400665285,-0.07868939431151567,0.7359327574130282,1382.6288967416986,25.46287379242648,0.33248634591130166
0.139,1382.5735472847325,37.18297388973524,25.463842022303172,5.260640674912873,0.7570261327959196,0.8424773033695957,292.25240478515633,269.23399507904065,-0.078762088281317,0.7359327574130282,1382.5735472847325,25.463842022303172,0.3324897580165077
0.14,1382.5186233183492,37.18223531901154,25.464810405066725,5.260616169320657,0.7570357851493444,0.842460771062433,292.25240478515633,269.21275009155283,-0.07883478225111834,0.7356992762082653,1382.5186233183492,25.464810405066725,0.33249319396602295
0.14100000000000001,1382.464124842549,37.181502455421956,25.465780409967813,5.26059166372844,0.7570453627269338,0.8424417064312418,292.25240478515633,269.1915051040651,-0.07890747622091948,0.7356992762082653,1382.464124842549,25.465780409967813,0.33249666355534435
0.14200000000000002,1382.4100518573312,37.18077529930395,25.466757013576277,5.260567158136223,0.7570548655286873,0.8424232826451972,292.25240478515633,269.17026011657725,-0.07898017019072082,0.7356992762082653,1382.4100518573312,25.466757013576277,0.33250019996001445
0.14300000000000002,1382.3564043626955,37.18005385099241,25.467745519115525,5.260542652544007,0.7570642935546054,0.8424102706500667,292.25240478515633,269.14901512908943,-0.07905286416052214,0.7356992762082653,1382.3564043626955,25.467745519115525,0.3325038385330633
0.14400000000000002,1382.3031823586425,37.1793381108196,25.468752986719537,5.260518146951792,0.7570736468046878,0.8423953434269216,292.25240478515633,269.1277701416016,-0.07912555813032347,0.7356992762082653,1382.3031823586425,25.468752986719537,0.3325076263392097
0.145,1382.2503858451728,37.17862807911519,25.46976232042997,5.260493641359573,0.7570829252789345,0.8423813394287185,292.25240478515633,269.10652515411385,-0.07919825210012461,0.7356992762082653,1382.2503858451728,25.46976232042997,0.3325114494168141
0.146,1382.1980148222851,37.17792375620625,25.470772406782572,5.260469135767356,0.7570921289773457,0.842366872091565,292.25240478515633,269.08528016662603,-0.07927094606992595,0.7359327574130282,1382.1980148222851,25.470772406782572,0.33251530034474713
0.147,1382.1460692899805,37.177225142417235,25.471790295908438,5.26044463017514,0.7571012578999211,0.8423469967376621,292.25240478515633,269.0640351791383,-0.07934364003972709,0.7359327574130282,1382.1460692899805,25.471790295908438,0.33251922612101653
0.148,1382.0945492482583,37.17653223807,25.472813518850597,5.260420124582924,0.7571103120466609,0.8423309699878995,292.25240478515633,269.04279019165045,-0.07941633400952841,0.7359327574130282,1382.0945492482583,25.472813518850597,0.3325232102886547
0.149,1382.0434546971185,37.17584504348379,25.473844820781828,5.2603956189907075,0.7571192914175653,0.8423121292570253,292.25240478515633,269.02154520416263,-0.07948902797932975,0.7359327574130282,1382.0434546971185,25.473844820781828,0.332527271148469
0.15,1381.9927856365612,37.17516355897525,25.474890259070527,5.260371113398491,0.7571281960126339,0.8422934610737368,292.25240478515633,269.0003002166749,-0.07956172194913089,0.7359327574130282,1381.9927856365612,25.474890259070527,0.33253144908060417
0.151,1381.942542066587,37.17448778485841,25.475938739245375,5.260346607806276,0.7571370258318668,0.8422755334899817,292.25240478515633,268.97905522918705,-0.07963441591893222,0.7357609710550888,1381.942542066587,25.475938739245375,0.3325356701297268
0.152,1381.8927239871953,37.17381772144469,25.4769928627987,5.26032210221406,0.7571457808752642,0.8422589840786256,292.25240478515633,268.95781024169924,-0.07970710988873356,0.7357609710550888,1381.8927239871953,25.4769928627987,0.3325399516388283
0.153,1381.8433313983862,37.17315336904291,25.478051467001794,5.260297596621842,0.7571544611428259,0.8422372241517593,292.25240478515633,268.9365652542115,-0.07977980385853468,0.7357609710550888,1381.8433313983862,25.478051467001794,0.3325442858583057
0.154,1381.7943643001595,37.17249472795927,25.479111424097606,5.260273091029627,0.757163066634552,0.8422166359223735,292.25240478515633,268.91532026672365,-0.07985249782833602,0.7357609710550888,1381.7943643001595,25.479111424097606,0.3325486519395173
0.155,1381.7458226925155,37.17184179849736,25.480179020202858,5.260248585437411,0.7571715973504425,0.842199863574317,292.25240478515633,268.89407527923584,-0.07992519179813735,0.7362278244631186,1381.7458226925155,25.480179020202858,0.3325530917874096
0.156,1381.6977065754543,37.17119458095817,25.48125774837981,5.260224079845194,0.7571800532904973,0.8421837904906594,292.25240478515633,268.872830291748,-0.07999788576793869,0.7362278244631186,1381.6977065754543,25.48125774837981,0.332557628688205
0.157,1381.6500159489756,37.17055307564007,25.482339550758297,5.260199574252979,0.7571884344547165,0.8421673748613989,292.25240478515633,268.85158530426025,-0.08007057973773982,0.7362893815635939,1381.6500159489756,25.482339550758297,0.33256220892872157
0.158,1381.6027508130792,37.16991728283881,25.483430276036618,5.260175068660762,0.7571967408431001,0.8421454635664349,292.25240478515633,268.82798661804196,-0.08015132735805672,0.7360560093348891,1381.6027508130792,25.483430276036618,0.3325668714980099
0.159,1381.5559111677658,37.169287202847535,25.484523339711814,5.260150563068545,0.757204972455648,0.8421259858047295,292.25240478515633,268.79079933929444,-0.08027857106294552,0.7361175921605226,1381.5559111677658,25.484523339711814,0.33257157250444497
0.16,1381.509497013035,37.16866283595678,25.48562244354876,5.260126057476329,0.7572131292923603,0.8421078268727046,292.25240478515633,268.75361206054686,-0.08040581476783451,0.7361175921605226,1381.509497013035,25.48562244354876,0.332576336625435
0.161,1381.463508348887,37.16804418245446,25.486724468633636,5.260101551884113,0.757221211353237,0.8420876729934723,292.25240478515633,268.71642478179933,-0.08053305847272331,0.7361175921605226,1381.463508348887,25.486724468633636,0.3325811430712149
0.162,1381.4179451753212,37.16743124262587,25.487826493718508,5.260077046291896,0.7572292186382781,0.8420704388321911,292.25240478515633,268.6792375030518,-0.08066030217761211,0.7361175921605226,1381.4179451753212,25.487826493718508,0.3325859723696649
0.163,1381.3728074923383,37.16682401675368,25.48892851880338,5.26005254069968,0.7572371511474835,0.842050026282145,292.25240478515633,268.6420502243042,-0.0807875458825011,0.7361175921605226,1381.3728074923383,25.48892851880338,0.3325908245219156
0.164,1381.3280952999376,37.16622250511797,25.490031004910907,5.260028035107464,0.7572450088808533,0.84203358911204,292.25240478515633,268.60486294555665,-0.0809147895873901,0.7363509099393374,1381.3280952999376,25.490031004910907,0.3325957026022992
0.165,1381.28380859812,37.165626707996196,25.491140549164616,5.260003529515247,0.7572527918383875,0.8420136512635895,292.25240478515633,268.5676756668091,-0.0810420332922789,0.7361791462561231,1381.28380859812,25.491140549164616,0.33260065058885263
0.166,1381.2399473868848,37.16503662566317,25.492262216620944,5.259979023923031,0.757260500020086,0.8419935678086657,292.25240478515633,268.53048838806154,-0.08116927699716789,0.7361791462561231,1381.2399473868848,25.492262216620944,0.3326057022467263
0.167,1381.1965116662323,37.164452258391115,25.4933974071226,5.259954518330815,0.7572681334259489,0.8419771966864439,292.25240478515633,268.493301109314,-0.08129652070205669,0.7361791462561231,1381.1965116662323,25.4933974071226,0.33261086690846686
0.168,1381.1535014361623,37.16387360644961,25.49453510829527,5.259930012738599,0.7572756920559762,0.8419563494248884,292.25240478515633,268.4561138305665,-0.08142376440694549,0.7361791462561231,1381.1535014361623,25.49453510829527,0.33261607116582814
0.169,1381.1109166966748,37.16330067010565,25.4956793663018,5.2599055071463825,0.7572831759101678,0.8419400199389311,292.25240478515633,268.4189265518189,-0.08155100811183448,0.7361791462561231,1381.1109166966748,25.4956793663018,0.3326213419919072
0.17,1381.0687574477704,37.162733449623566,25.496830345499383,5.259881001554167,0.7572905849885239,0.8419257174605065,292.25240478515633,268.423192932129,-0.08153640983910783,0.7361791462561231,1381.0687574477704,25.496830345499383,0.33262668048337873
0.171,1381.027023689448,37.162171945265094,25.497990596506238,5.259856495961951,0.7572979192910443,0.8419086005191617,292.25240478515633,268.440932977295,-0.08147570872980793,0.7361791462561231,1381.027023689448,25.497990596506238,0.33263210364390455
0.17200000000000001,1380.9857154217086,37.161616157289345,25.49915084751309,5.259831990369734,0.757305178817729,0.8418893996968333,292.25240478515633,268.45867302246097,-0.08141500762050823,0.7361791462561231,1380.9857154217086,25.49915084751309,0.3326375496679356
0.17300000000000001,1380.944832644552,37.16106608595281,25.500314994668926,5.259807484777518,0.7573123635685781,0.8418725612406672,292.25240478515633,268.476413067627,-0.08135430651120833,0.7361791462561231,1380.944832644552,25.500314994668926,0.33264304452852295
0.17400000000000002,1380.9043753579776,37.160521731509334,25.501484455953662,5.259782979185302,0.7573194735435916,0.8418591999746935,292.25240478515633,268.494153112793,-0.08129360540190843,0.7361791462561231,1380.9043753579776,25.501484455953662,0.3326485976790439
0.17500000000000002,1380.8643435619863,37.159983094210176,25.50266951231134,5.2597584735930845,0.7573265087427694,0.8418411862275598,292.25240478515633,268.51189315795904,-0.08123290429260853,0.7361791462561231,1380.8643435619863,25.50266951231134,0.33265427765405814
0.176,1380.8247372565772,37.15945017430394,25.50385845341156,5.259733968000877,0.7573334691661118,0.8418213083843142,292.25240478515633,268.52963320312506,-0.08117220318330863,0.7361791462561231,1380.8247372565772,25.50385845341156,0.332660006392607
0.177,1380.7855564417507,37.15892297203662,25.505053207427466,5.25970946240865,0.7573403548136184,0.8418044956446644,292.25240478515633,268.547373248291,-0.08111150207400894,0.7361791462561231,1380.7855564417507,25.505053207427466,0.33266579674902336
0.178,1380.746801117507,37.158401487651574,25.506248796902018,5.259684956816444,0.7573471656852894,0.8417840750644806,292.25240478515633,268.5651132934571,-0.08105080096470885,0.7361791462561231,1380.746801117507,25.506248796902018,0.33267161554417324
0.179,1380.7084712838457,37.157885721389555,25.50744439097634,5.259660451224218,0.7573539017811247,0.8417622239955502,292.25240478515633,268.58285333862307,-0.08099009985540914,0.7361791462561231,1380.7084712838457,25.50744439097634,0.3326774572404513
0.18,1380.6705669407675,37.157375673488666,25.50865032088104,5.25963594563201,0.7573605631011244,0.8417424817211057,292.25240478515633,268.6005933837891,-0.08092939874610924,0.7364124096104502,1380.6705669407675,25.50865032088104,0.3326833907075787
0.181,1380.6330880882715,37.156871344184395,25.509859890279664,5.2596114400397855,0.7573671496452885,0.8417222814879028,292.25240478515633,268.61833342895505,-0.08086869763680954,0.7362406716417911,1380.6330880882715,25.509859890279664,0.3326893713082091
0.182,1380.596034726358,37.156372733709595,25.511073830068415,5.2595869344475785,0.757373661413617,0.8416991228917109,292.25240478515633,268.62070985107425,-0.08086056623367892,0.7362406716417911,1380.596034726358,25.511073830068415,0.3326954039154837
0.183,1380.5594068550274,37.15587984229451,25.512290874618508,5.259562428855352,0.7573800984061099,0.8416771792352917,292.25240478515633,268.6230051452637,-0.0808527124259708,0.7362406716417911,1380.5594068550274,25.512290874618508,0.3327014800935456
0.184,1380.5232044742795,37.15539267016673,25.513514247231022,5.259537923263146,0.757386460622767,0.8416607918921916,292.25240478515633,268.62530043945316,-0.08084485861826246,0.7362406716417911,1380.5232044742795,25.513514247231022,0.33270762133007525
0.185,1380.4874275841137,37.15491121755122,25.51474270807771,5.25951341767092,0.7573927480635887,0.841645700171674,292.25240478515633,268.6275957336426,-0.08083700481055432,0.7360690137561203,1380.4874275841137,25.51474270807771,0.3327138193611828
0.186,1380.452076184531,37.154435484670344,25.515985332241506,5.259488912078712,0.7573989607285746,0.8416234565695327,292.25240478515633,268.62989102783206,-0.08082915100284599,0.7360690137561203,1380.452076184531,25.515985332241506,0.33272013468295086
0.187,1380.417150275531,37.15396547174381,25.517241442242195,5.2594644064864875,0.7574050986177249,0.8416020417177625,292.25240478515633,268.6321863220215,-0.08082129719513785,0.7360690137561203,1380.417150275531,25.517241442242195,0.33272656278012325
0.188,1380.3826498571132,37.15350117898868,25.51850234855544,5.259439900894281,0.7574111617310396,0.8415837384239355,292.25240478515633,268.634481616211,-0.08081344338742932,0.7360690137561203,1380.3826498571132,25.51850234855544,0.33273304572853846
0.189,1380.3485749292784,37.15304260661942,25.51976325486869,5.259415395302057,0.7574171500685186,0.8415619133325007,292.25240478515633,268.63677691040044,-0.08080558957972118,0.7362406716417911,1380.3485749292784,25.51976325486869,0.33273955155646984
0.19,1380.314925492026,37.15258975484786,25.52103055877044,5.259390889709849,0.757423063630162,0.8415405016727104,292.25240478515633,268.6390722045899,-0.08079773577201285,0.7362406716417911,1380.314925492026,25.52103055877044,0.33274612291157624
0.191,1380.281701545356,37.152142623883165,25.522307543951076,5.259366384117623,0.7574289024159699,0.8415195063354141,292.25240478515633,268.64136749877935,-0.08078988196430473,0.7363021683376079,1380.281701545356,25.522307543951076,0.3327527816840239
0.192,1380.2489030892693,37.15170121393191,25.5235905557566,5.259341878525417,0.757434666425942,0.8415021793055892,292.25240478515633,268.6436627929688,-0.0807820281565964,0.7363021683376079,1380.2489030892693,25.5235905557566,0.33275950351243766
0.193,1380.2165301237646,37.15126552519799,25.52487913063367,5.25931737293319,0.7574403556600786,0.8414843923094717,292.25240478515633,268.64595808715825,-0.08077417434888826,0.7363021683376079,1380.2165301237646,25.52487913063367,0.33276628530755115
0.194,1380.184582648843,37.150835557882715,25.526168203541555,5.259292867340983,0.7574459701183794,0.8414683322346374,292.25240478515633,268.6482533813478,-0.08076632054117973,0.7361305361305361,1380.184582648843,25.526168203541555,0.3327730933062229
0.195,1380.1530606645033,37.15041131218473,25.527461309336434,5.259268361748758,0.7574515098008447,0.8414455015290467,292.25240478515633,268.6505486755372,-0.08075846673347159,0.7361305361305361,1380.1530606645033,25.527461309336434,0.3327799510728676
0.196,1380.1219641707469,37.14999278830007,25.528759213762587,5.25924385615655,0.7574569747074744,0.8414279630857692,292.25240478515633,268.64707532348643,-0.08077035150154845,0.7361305361305361,1380.1219641707469,25.528759213762587,0.3327868637127788
0.197,1380.0912931675728,37.14957998642209,25.530057118188736,5.259219350564326,0.7574623648382685,0.8414084361595451,292.25240478515633,268.62995821075447,-0.08082892112305268,0.7361305361305361,1380.0912931675728,25.530057118188736,0.332793799238689
0.198,1380.0610476549812,37.14917290674156,25.531355022614886,5.259194844972118,0.7574676801932269,0.8413882377933494,292.25240478515633,268.61284109802256,-0.0808874907445567,0.7361305361305361,1380.0610476549812,25.531355022614886,0.33280075765136113
0.199,1380.0312276329726,37.14877154944659,25.53265292704103,5.259170339379892,0.7574729207723496,0.8413656092665532,292.25240478515633,268.5957239852906,-0.08094606036606093,0.7361305361305361,1380.0312276329726,25.53265292704103,0.3328077389515476
0.2,1380.0018331015463,37.148375914722656,25.533950831467184,5.259145833787685,0.7574780865756368,0.8413432646051278,292.25240478515633,268.5786068725587,-0.08100462998756497,0.7361305361305361,1380.0018331015463,25.533950831467184,0.33281474313999027
0.201,1379.9728640607027,37.147986002752596,25.535248735893337,5.2591213281954605,0.7574831776030883,0.8413267109177233,292.25240478515633,268.5614897598267,-0.08106319960906919,0.7361305361305361,1379.9728640607027,25.535248735893337,0.33282177021742043
0.202,1379.9443205104417,37.14760181371661,25.53654970327092,5.259096822603254,0.7574881938547042,0.8413061243144406,292.25240478515633,268.5443726470948,-0.08112176923057322,0.7361305361305361,1379.9443205104417,25.53654970327092,0.33282884060242596
0.203,1379.9162024507634,37.14722334779228,25.537851735631705,5.259072317011028,0.7574931353304843,0.8412839391516271,292.25240478515633,268.52725553436284,-0.08118033885207745,0.7363636363636363,1379.9162024507634,25.537851735631705,0.3328359409771089
0.20400000000000001,1379.888509881668,37.14685060515451,25.539153767992488,5.259047811418821,0.7574980020304289,0.8412633014967436,292.25240478515633,268.5101384216309,-0.08123890847358148,0.7361920298298765,1379.888509881668,25.539153767992488,0.3328430642429098
0.20500000000000002,1379.8612428031547,37.1464835859756,25.540455800353268,5.259023305826596,0.757502793954538,0.841242571254371,292.25240478515633,268.49302130889896,-0.08129747809508571,0.7364250757399208,1379.8612428031547,25.540455800353268,0.332850210400518
0.20600000000000002,1379.834401215224,37.146122290425204,25.541757832714055,5.258998800234389,0.7575075111028113,0.8412196988121392,292.25240478515633,268.47590419616705,-0.08135604771658975,0.7365967365967366,1379.834401215224,25.541757832714055,0.33285737945061183
0.20700000000000002,1379.8079851178763,37.14576671867033,25.543067360555575,5.2589742946421625,0.7575121534752491,0.841200299043147,292.25240478515633,268.4587870834351,-0.08141461733809396,0.7365967365967366,1379.8079851178763,25.543067360555575,0.33286462135930395
0.20800000000000002,1379.7819945111112,37.14541687087535,25.54438817409281,5.258949789049956,0.7575167210718512,0.8411789577675144,292.25240478515633,268.4416699707032,-0.081473186959598,0.7365967365967366,1379.7819945111112,25.54438817409281,0.33287196139311287
0.209,1379.7564293949283,37.14507274720199,25.54572067909349,5.258925283457738,0.7575212138926177,0.8411559666599214,292.25240478515633,268.42455285797126,-0.08153175658110204,0.7365967365967366,1379.7564293949283,25.54572067909349,0.33287940225756396
0.21,1379.7312897693282,37.144734347809354,25.547054086416704,5.25890077786552,0.7575256319375485,0.8411347887574423,292.25240478515633,268.4074357452393,-0.08159032620260626,0.7365967365967366,1379.7312897693282,25.547054086416704,0.3328868720320601
0.211,1379.7065756343106,37.14440167285389,25.548387493739913,5.258876272273304,0.7575299752066438,0.8411118304128115,292.25240478515633,268.3903186325074,-0.08164889582411029,0.7365967365967366,1379.7065756343106,25.548387493739913,0.3328943647022762
0.212,1379.682286989876,37.1440747224894,25.54972532378639,5.258851766681089,0.7575342436999033,0.8410900056425822,292.25240478515633,268.3732015197754,-0.08170746544561452,0.7365967365967366,1379.682286989876,25.54972532378639,0.3329019097510372
0.213,1379.658423836024,37.14375349686706,25.551076217180366,5.2588272610888716,0.7575384374173273,0.8410646900911528,292.25240478515633,268.3560844070435,-0.08176603506711855,0.7365967365967366,1379.658423836024,25.551076217180366,0.3329095647780057
0.214,1379.6349861727545,37.1434379961354,25.55244126254661,5.258802755496656,0.7575425563589155,0.8410443618776288,292.25240478515633,268.33896729431154,-0.08182460468862278,0.7368298368298368,1379.6349861727545,25.55244126254661,0.33291733704063126
0.215,1379.6119740000674,37.14312822044028,25.5538099107214,5.25877824990444,0.7575466005246683,0.8410247983339764,292.25240478515633,268.32185018157963,-0.08188317431012682,0.7368298368298368,1379.6119740000674,25.5538099107214,0.3329251562179699
0.216,1379.5893873179632,37.14282416992498,25.555183480759705,5.258753744312224,0.7575505699145854,0.8410061649814107,292.25240478515633,268.30473306884767,-0.08194174393163103,0.7368298368298368,1379.5893873179632,25.555183480759705,0.33293303110351535
0.217,1379.5672261264415,37.14252584473007,25.5565675083404,5.258729238720006,0.7575544645286668,0.8409849369106456,292.25240478515633,268.28761595611576,-0.08200031355313507,0.7368298368298368,1379.5672261264415,25.5565675083404,0.33294099859908616
0.218,1379.5454904255023,37.14223324499353,25.557956497104342,5.258704733127791,0.7575582843669126,0.8409628626841859,292.25240478515633,268.26475137023925,-0.08207854930244675,0.7371735074626866,1379.5454904255023,25.557956497104342,0.3329490220660862
0.219,1379.524180215146,37.141946370850654,25.559347756841404,5.258680227535575,0.7575620294293228,0.8409419821577845,292.25240478515633,268.2371957992554,-0.08217283619464223,0.7371735074626866,1379.524180215146,25.559347756841404,0.33295708357191134
0.22,1379.503295495372,37.14166522243411,25.560743494117617,5.258655721943358,0.7575656997158974,0.8409186657577502,292.25240478515633,268.2096402282715,-0.08226712308683791,0.7369402985074627,1379.503295495372,25.560743494117617,0.33296519782622913
0.221,1379.4828362661808,37.14138979987395,25.562145671491724,5.258631216351142,0.7575692952266363,0.8408976292977075,292.25240478515633,268.1820846572876,-0.0823614099790336,0.7369402985074627,1379.4828362661808,25.562145671491724,0.3329733779121255
0.222,1379.4628025275724,37.14112010329754,25.563556416908675,5.258606710758927,0.7575728159615396,0.840873818794854,292.25240478515633,268.15452908630374,-0.08245569687122908,0.7369402985074627,1379.4628025275724,25.563556416908675,0.3329816380151529
0.223,1379.4431942795463,37.140856132829605,25.56496896923806,5.258582205166709,0.7575762619206072,0.8408480522307353,292.25240478515633,268.12697351531983,-0.08254998376342476,0.7369402985074627,1379.4431942795463,25.56496896923806,0.3329899330656006
0.224,1379.4240115221028,37.14059788859225,25.566384022634974,5.258557699574493,0.7575796331038392,0.8408310335381265,292.25240478515633,268.099417944336,-0.08264427065562026,0.7371121996734313,1379.4240115221028,25.566384022634974,0.33299826769124763
0.225,1379.405254255242,37.140345370704914,25.567799076031882,5.258533193982278,0.7575829295112356,0.8408088400239698,292.25240478515633,268.07186237335213,-0.08273855754781574,0.7372841810545964,1379.405254255242,25.567799076031882,0.3330066252202655
0.226,1379.386922478964,37.14009857928441,25.569221208586047,5.2585086883900605,0.7575861511427964,0.8407860629195489,292.25240478515633,268.0443068023682,-0.08283284444001142,0.7372841810545964,1379.386922478964,25.569221208586047,0.33301505284332183
0.227,1379.3690161932686,37.13985751444489,25.57067033599946,5.258484182797845,0.7575892979985215,0.8407610239862913,292.25240478515633,268.0167512313843,-0.0829271313322071,0.7372841810545964,1379.3690161932686,25.57067033599946,0.333023683320457
0.228,1379.3515353981554,37.139622176297856,25.572139097496525,5.25845967720563,0.7575923700784111,0.8407381651350675,292.25240478515633,267.98919566040047,-0.0830214182244026,0.7374562427071178,1379.3515353981554,25.572139097496525,0.3330324675846271
0.229,1379.3344800936252,37.13939256495218,25.573615484709215,5.258435171613414,0.7575953673824649,0.8407168651544186,292.25240478515633,267.96164008941656,-0.08311570511659827,0.7374562427071178,1379.3344800936252,25.573615484709215,0.3330413255875735
0.23,1379.3178502796775,37.139168680514075,25.575092467434597,5.258410666021196,0.7575982899106832,0.840692261454629,292.25240478515633,267.9340845184327,-0.08320999200879375,0.7376896149358226,1379.3178502796775,25.575092467434597,0.3330502104658535
0.231,1379.3016459563123,37.13895052308711,25.576569450159987,5.25838616042898,0.7576011376630658,0.8406746878594233,292.25240478515633,267.9361047271729,-0.08320307946091694,0.7374562427071178,1379.3016459563123,25.576569450159987,0.3330591182501486
0.232,1379.28586712353,37.138738092772215,25.578046432885376,5.258361654836763,0.7576039106396129,0.8406483836976547,292.25240478515633,267.9403063476563,-0.08318870277687739,0.7374562427071178,1379.28586712353,25.578046432885376,0.33306804894086234
0.233,1379.27051378133,37.13853138966766,25.57952341561076,5.258337149244547,0.7576066088403243,0.8406284734929537,292.25240478515633,267.9445079681397,-0.08317432609283781,0.7374562427071178,1379.27051378133,25.57952341561076,0.33307700253838785
0.234,1379.2555859297129,37.13833041386908,25.581000398336148,5.258312643652331,0.7576092322651999,0.840604389142326,292.25240478515633,267.9487095886231,-0.08315994940879824,0.7374562427071178,1379.2555859297129,25.581000398336148,0.3330859790431076
0.23500000000000001,1379.2410835686783,37.13813516546944,25.582494631854587,5.258288138060116,0.7576117809142401,0.8405796212262187,292.25240478515633,267.9529112091065,-0.08314557272475867,0.7371121996734313,1379.2410835686783,25.582494631854587,0.33309509345049165
0.23600000000000002,1379.2270066982262,37.1379456445591,25.58399737686866,5.258263632467898,0.7576142547874446,0.8405578915528965,292.25240478515633,267.9571128295899,-0.08313119604071911,0.7372841810545964,1379.2270066982262,25.58399737686866,0.3331042875040802
0.23700000000000002,1379.2133553183571,37.13776185122573,25.585505471658443,5.258239126875682,0.7576166538848134,0.84053168513798,292.25240478515633,267.9613144500733,-0.08311681935667954,0.7372841810545964,1379.2133553183571,25.585505471658443,0.3331135401279586
0.23800000000000002,1379.20012942907,37.13758378555436,25.587018885197452,5.258214621283466,0.7576189782063466,0.8405110211442443,292.25240478515633,267.9655160705567,-0.08310244267263997,0.7372841810545964,1379.20012942907,25.587018885197452,0.3331228511156419
0.23900000000000002,1379.187329030366,37.13741144762739,25.588536919013798,5.258190115691249,0.7576212277520442,0.8404894717675907,292.25240478515633,267.9697176910401,-0.08308806598860041,0.7371121996734313,1379.187329030366,25.588536919013798,0.3331322158113931
0.24,1379.1749541222443,37.137244837524555,25.590056665393,5.258165610099032,0.7576234025219062,0.8404656768030538,292.25240478515633,267.97391931152345,-0.08307368930456104,0.7371121996734313,1379.1749541222443,25.590056665393,0.33314161483248517
0.241,1379.1630047047056,37.13708395532296,25.59158263482263,5.258141104506814,0.7576255025159325,0.8404408674915862,292.25240478515633,267.97812093200685,-0.08305931262052146,0.7371121996734313,1379.1630047047056,25.59158263482263,0.33315107824647966
0.242,1379.1514807777494,37.13692880109702,25.593112034328637,5.258116598914598,0.7576275277341232,0.8404149075215988,292.25240478515633,267.98232255249025,-0.0830449359364819,0.7371121996734313,1379.1514807777494,25.593112034328637,0.3331605874354969
0.243,1379.1403823413755,37.13677937491855,25.594652384505405,5.258092093322383,0.7576294781764783,0.8403898810551298,292.25240478515633,267.98652417297365,-0.08303055925244233,0.7373454630277584,1379.1403823413755,25.594652384505405,0.33317019253267804
0.244,1379.1297093955848,37.136635676856685,25.596205406294015,5.2580675877301655,0.7576313538429977,0.8403666670509868,292.25240478515633,267.99072579345705,-0.08301618256840276,0.7373454630277584,1379.1297093955848,25.596205406294015,0.3331799050102236
0.245,1379.1194619403761,37.13649770697792,25.5977637721209,5.25804308213795,0.7576331547336815,0.8403436892332719,292.25240478515633,267.99492741394045,-0.0830018058843632,0.7371121996734313,1379.1194619403761,25.5977637721209,0.33318967602223715
0.246,1379.1096399757503,37.136365465346096,25.599322253598274,5.258018576545734,0.7576348808485298,0.8403192691626584,292.25240478515633,267.99912903442385,-0.08298742920032363,0.7371121996734313,1379.1096399757503,25.599322253598274,0.3331994707161434
0.247,1379.1002435017074,37.136238952022424,25.600887169537646,5.257994070953517,0.7576365321875422,0.8402903323001387,292.25240478515633,268.00333065490724,-0.08297305251628406,0.7371121996734313,1379.1002435017074,25.600887169537646,0.33320933121386526
0.248,1379.0912725182466,37.136118167065426,25.602458535248026,5.257969565361301,0.7576381087507191,0.840268547479845,292.25240478515633,268.0010346191406,-0.08298090886144675,0.7369402985074627,1379.0912725182466,25.602458535248026,0.33321925761768767
0.249,1379.0827270253685,37.13600311053101,25.604030149281172,5.257945059769085,0.7576396105380605,0.8402466166716462,292.25240478515633,267.99752773132326,-0.08299290837885002,0.7367684775005829,1379.0827270253685,25.604030149281172,0.33322920858850885
0.25,1379.0746070230734,37.135893782472415,25.605601763314308,5.257920554176869,0.7576410375495661,0.8402231455023406,292.25240478515633,267.9940208435059,-0.0830049078962533,0.7365967365967366,1379.0746070230734,25.605601763314308,0.3332391824712032
0.251,1379.0669125113602,37.135790182940234,25.607173377347443,5.257896048584652,0.7576423897852362,0.8402010018352644,292.25240478515633,267.99834037780766,-0.08299012774652297,0.7365967365967366,1379.0669125113602,25.607173377347443,0.33324917926597303
0.252,1379.0596434902304,37.135692311982424,25.608751476612415,5.2578715429924365,0.7576436672450706,0.8401760593640367,292.25240478515633,268.0157229614258,-0.08293064976333607,0.7365967365967366,1379.0596434902304,25.608751476612415,0.3332592422040589
0.253,1379.052799959683,37.13560016964426,25.61033541914005,5.257847037400221,0.7576448699290694,0.8401491914464441,292.25240478515633,268.03310554504395,-0.08287117178014916,0.7364250757399208,1379.052799959683,25.61033541914005,0.33326936700622634
0.254,1379.046381919718,37.1355137559684,25.61192429718417,5.257822531808004,0.7576459978372325,0.8401305646785915,292.25240478515633,268.0504881286621,-0.08281169379696227,0.7361920298298765,1379.046381919718,25.61192429718417,0.33327954762154116
0.255,1379.040389370336,37.13543307099482,25.61351574025618,5.257798026215788,0.7576470509695601,0.8401051194203613,292.25240478515633,268.06787071228024,-0.08275221581377536,0.7361920298298765,1379.040389370336,25.61351574025618,0.3332897682483058
0.256,1379.0348223115363,37.135358114760876,25.615109039088836,5.257773520623572,0.7576480293260519,0.8400850010343379,292.25240478515633,268.08525329589844,-0.08269273783058825,0.7361920298298765,1379.0348223115363,25.615109039088836,0.3333000241586405
0.257,1379.0296807433192,37.13528888730124,25.616706275022697,5.257749015031354,0.7576489329067082,0.8400625602923137,292.25240478515633,268.1024168243408,-0.08263400938845619,0.7361920298298765,1379.0296807433192,25.616706275022697,0.3333103292270582
0.258,1379.0249646656848,37.13522538864797,25.618307022778495,5.2577245094391385,0.7576497617115288,0.8400346699775775,292.25240478515633,268.11557107543945,-0.08258899948987795,0.7361920298298765,1379.0249646656848,25.618307022778495,0.33332068061874326
0.259,1379.020674078633,37.135167618830444,25.619907799230678,5.2577000038469235,0.7576505157405138,0.840016834619955,292.25240478515633,268.12872532653813,-0.08254398959129952,0.7361920298298765,1379.020674078633,25.619907799230678,0.33333105511503336
0.26,1379.0168089821634,37.13511557787539,25.621508664004004,5.257675498254707,0.7576511949936633,0.8399981764341881,292.25240478515633,268.14187957763676,-0.08249897969272128,0.7360205032618826,1379.0168089821634,25.621508664004004,0.33334145311349866
0.261,1379.0133693762773,37.13506926580691,25.623115993693013,5.25765099266249,0.7576517994709769,0.8399726323651123,292.25240478515633,268.1550338287354,-0.08245396979414304,0.7360205032618826,1379.0133693762773,25.623115993693013,0.3333519171210996
0.262,1379.0103552609735,37.135028682646436,25.6247329046258,5.257626487070274,0.7576523291724551,0.8399425384400377,292.25240478515633,268.168188079834,-0.0824089598955648,0.7360205032618826,1379.0103552609735,25.6247329046258,0.3333624679116018
0.263,1379.0077666362517,37.13499382841273,25.626357404353932,5.257601981478059,0.7576527840980976,0.8399144274571149,292.25240478515633,268.18134233093264,-0.08236394999698657,0.7360205032618826,1379.0077666362517,25.626357404353932,0.3333730922032677
0.264,1379.0056035021132,37.13496470312195,25.62798218744,5.257577475885841,0.7576531642479044,0.8398900480591492,292.25240478515633,268.19449658203126,-0.08231894009840833,0.7360205032618826,1379.0056035021132,25.62798218744,0.3333837412975606
0.265,1379.0038658585572,37.13494130678756,25.629611164137003,5.2575529702936254,0.7576534696218756,0.8398664099232035,292.25240478515633,268.2076508331299,-0.08227393019983009,0.7360205032618826,1379.0038658585572,25.629611164137003,0.33339444126057816
0.266,1379.0025537055835,37.13492363942039,25.631242682339828,5.2575284647014096,0.7576537002200112,0.839838504391356,292.25240478515633,268.2208050842285,-0.08222892030125184,0.7358490566037735,1379.0025537055835,25.631242682339828,0.33340518107930545
0.267,1379.0016670431928,37.13491170102863,25.632876792202108,5.257503959109192,0.7576538560423112,0.839812299462015,292.25240478515633,268.23395933532714,-0.0821839104026736,0.7358490566037735,1379.0016670431928,25.632876792202108,0.3334159610881031
0.268,1379.0012058713846,37.134905491617786,25.63451287205712,5.257479453516976,0.7576539370887756,0.8397869724676392,292.25240478515633,268.2471135864258,-0.08213890050409517,0.7358490566037735,1379.0012058713846,25.63451287205712,0.3334267771429156
0.269,1379.0011701901587,37.13490501119073,25.636153106220725,5.257454947924761,0.7576539433594043,0.8397593913734338,292.25240478515633,268.26026783752445,-0.08209389060551693,0.7358490566037735,1379.0011701901587,25.636153106220725,0.33343764380456986
0.27,1379.0015599995158,37.13491025974771,25.6377998712305,5.257430442332545,0.7576538748541973,0.8397306387423504,292.25240478515633,268.2734220886231,-0.08204888070693869,0.7355064027939464,1379.0015599995158,25.6377998712305,0.33344857691524726
0.271,1379.0023752994553,37.13492123728628,25.639450298283457,5.257405936740327,0.7576537315731549,0.8397106717244245,292.25240478515633,268.2865763397217,-0.08200387080836045,0.7355064027939464,1379.0023752994553,25.639450298283457,0.3334595573512791
0.272,1379.0036160899776,37.134937943801354,25.641105707219218,5.2573814311481115,0.7576535135162765,0.8396903439927088,292.25240478515633,268.29973059082033,-0.08195886090978222,0.7356776897997206,1379.0036160899776,25.641105707219218,0.3334705939107962
0.273,1379.0052823710823,37.13496037928521,25.642761116154972,5.257356925555896,0.7576532206835629,0.8396668623641488,292.25240478515633,268.31288484191896,-0.08191385101120398,0.7356776897997206,1379.0052823710823,25.642761116154972,0.3334816533841582
0.274,1379.00737414277,37.13498854372747,25.644416967399348,5.257332419963679,0.7576528530750134,0.8396412389773869,292.25240478515633,268.3260390930176,-0.08186884111262574,0.735910572892408,1379.00737414277,25.644416967399348,0.3334927387197864
0.275,1379.0098914050402,37.135022437115076,25.646078665603557,5.257307914371463,0.7576524106906283,0.8396176266181834,292.25240478515633,268.3391933441162,-0.0818238312140475,0.735910572892408,1379.0098914050402,25.646078665603557,0.3335038859454447
0.276,1379.0128341578927,37.13506205943236,25.647742681454872,5.257283408779247,0.7576518935304075,0.8395967784532374,292.25240478515633,268.3523475952149,-0.08177882131546907,0.735910572892408,1379.0128341578927,25.647742681454872,0.3335150715344033
0.277,1379.016202401328,37.13510741066098,25.649406697306183,5.25725890318703,0.7576513015943512,0.8395763096320007,292.25240478515633,268.3655018463135,-0.08173381141689083,0.735910572892408,1379.016202401328,25.649406697306183,0.33352628003697704
0.278,1379.019996135346,37.13515849077994,25.651074746535166,5.2572343975948135,0.7576506348824593,0.8395463435266446,292.25240478515633,268.37865609741215,-0.08168880151831258,0.735910572892408,1379.019996135346,25.651074746535166,0.33353753833988414
0.279,1379.0242153599468,37.13521529976562,25.652749233660874,5.257209892002598,0.7576498933947317,0.839517626489147,292.25240478515633,268.3918103485108,-0.08164379161973434,0.7357392316647264,1379.0242153599468,25.652749233660874,0.333548862471737
0.28,1379.0288600751298,37.13527783759171,25.65442559161088,5.257185386410381,0.7576490771311685,0.8394961570725906,292.25240478515633,268.4049645996094,-0.0815987817211561,0.735910572892408,1379.0288600751298,25.65442559161088,0.33356022198797824
0.281,1379.0339302808954,37.135346104229264,25.656104288467827,5.257160880818166,0.7576481860917696,0.8394708795438635,292.25240478515633,268.4181188507081,-0.08155377182257767,0.735910572892408,1379.0339302808954,25.656104288467827,0.33357162000876683
0.28200000000000003,1379.0394259772438,37.135420099646694,25.65778298532478,5.257136375225949,0.7576472202765352,0.8394405693872535,292.25240478515633,268.4312731018067,-0.08150876192399943,0.735910572892408,1379.0394259772438,25.65778298532478,0.33358304094264474
0.28300000000000003,1379.045347164175,37.13549982380976,25.65946375415001,5.257111869633732,0.7576461796854651,0.8394193405737007,292.25240478515633,268.44442735290534,-0.0814637520254212,0.735910572892408,1379.045347164175,25.65946375415001,0.333594498601373
0.28400000000000003,1379.0516938416886,37.13558527668157,25.661156274965485,5.257087364041516,0.7576450643185594,0.8393972738754952,292.25240478515633,268.45758160400396,-0.08141874212684296,0.7357392316647264,1379.0516938416886,25.661156274965485,0.3336060575125668
0.28500000000000003,1379.0584660097845,37.13567645822255,25.662852167036498,5.2570628584493,0.757643874175818,0.8393721058577722,292.25240478515633,268.4707358551026,-0.08137373222826472,0.7357392316647264,1379.0584660097845,25.662852167036498,0.3336176618094528
0.28600000000000003,1379.065663668464,37.13577336839054,25.664548347583295,5.2570383528570845,0.7576426092572409,0.8393500924194557,292.25240478515633,268.4838901062012,-0.08132872232968648,0.7355064027939464,1379.065663668464,25.664548347583295,0.33362929094181826
0.28700000000000003,1379.073286817725,37.13587600714065,25.666250678210016,5.257013847264868,0.7576412695628284,0.8393259837174352,292.25240478515633,268.49704435729984,-0.08128371243110824,0.7355064027939464,1379.073286817725,25.666250678210016,0.33364098398338254
0.28800000000000003,1379.081335457569,37.13598437442542,25.667957009953223,5.256989341672652,0.7576398550925801,0.8392988829659972,292.25240478515633,268.51019860839847,-0.08123870253253,0.7355064027939464,1379.081335457569,25.667957009953223,0.3336527266088021
0.289,1379.089809587996,37.13609847019468,25.66966334169643,5.25696483608044,0.7576383658464962,0.8392736159768259,292.25240478515633,268.52335285949715,-0.08119369263395156,0.7355064027939464,1379.089809587996,25.66966334169643,0.3336644921461296
0.29,1379.098709209005,37.13621829439563,25.671370626007086,5.256940330488215,0.7576368018245767,0.8392494115555631,292.25240478515633,268.5365071105958,-0.08114868273537332,0.7351640679543868,1379.098709209005,25.671370626007086,0.3336762869450408
0.291,1379.1080343205972,37.136343846972835,25.673085599400938,5.256915824896007,0.7576351630268217,0.83922725700765,292.25240478515633,268.54966136169446,-0.08110367283679489,0.7351640679543868,1379.1080343205972,25.673085599400938,0.3336881559114402
0.292,1379.1177849227718,37.13647512786818,25.67480143188332,5.256891319303782,0.7576334494532309,0.8392054888097416,292.25240478515633,268.56281561279303,-0.08105866293821684,0.7351640679543868,1379.1177849227718,25.67480143188332,0.33370005351583165
0.293,1379.1279610155289,37.13661213702091,25.676518440367378,5.256866813711575,0.7576316611038044,0.8391798071241794,292.25240478515633,268.5759698638917,-0.08101365303963841,0.7351640679543868,1379.1279610155289,25.676518440367378,0.33371198187053924
0.294,1379.138562598869,37.13675487436765,25.678237600299614,5.256842308119349,0.7576297979785424,0.8391502053260996,292.25240478515633,268.58912411499034,-0.08096864314106017,0.7351640679543868,1379.138562598869,25.678237600299614,0.33372394747771006
0.295,1379.149589672791,37.13690333984231,25.679956760231853,5.256817802527142,0.7576278600774448,0.8391278374375006,292.25240478515633,268.60227836608897,-0.08092363324248193,0.7353351955307262,1379.149589672791,25.679956760231853,0.3337359359953627
0.296,1379.161042237296,37.13705753337623,25.681675920164086,5.256793296934917,0.7576258474005115,0.8390973937999253,292.25240478515633,268.61543261718754,-0.08087862334390389,0.7353351955307262,1379.161042237296,25.681675920164086,0.3337479474232224
0.297,1379.1729202923839,37.13721745489804,25.683395684573505,5.25676879134271,0.7576237599477426,0.8390727531414267,292.25240478515633,268.6285868682862,-0.08083361344532546,0.7355679702048417,1379.1729202923839,25.683395684573505,0.33375998579049465
0.298,1379.1852238380543,37.13738310433376,25.685128395047585,5.256744285750484,0.757621597719138,0.839050970589647,292.25240478515633,268.64174111938485,-0.08078860354674722,0.7353351955307262,1379.1852238380543,25.685128395047585,0.333772133366844
0.299,1379.1979528743068,37.13755448160671,25.686876990045448,5.256719780158277,0.7576193607146978,0.8390279606714561,292.25240478515633,268.65489537048353,-0.08074359364816878,0.735396788457063,1379.1979528743068,25.686876990045448,0.3337844097399559
0.3,1379.2111074011423,37.13773158663763,25.68862558504332,5.256695274566051,0.757617048934422,0.8390009213304971,292.25240478515633,268.6680496215821,-0.08069858374959074,0.7351640679543868,1379.2111074011423,25.68862558504332,0.3337967090220698
0.301,1379.2246874185605,37.13791441934456,25.690374889788835,5.256670768973845,0.7576146623783107,0.8389725371020603,292.25240478515633,268.6812038726807,-0.08065357385101249,0.7351640679543868,1379.2246874185605,25.690374889788835,0.3338090359440898
0.302,1379.238692926561,37.1381029796429,25.69213835554757,5.2566462633816196,0.7576122010463635,0.8389480773023401,292.25240478515633,268.69435812377935,-0.08060856395243425,0.7351640679543868,1379.238692926561,25.69213835554757,0.3338214801728365
0.303,1379.2531239251446,37.13829726744543,25.693912415468603,5.256621757789412,0.7576096649385808,0.8389202306916286,292.25240478515633,268.70751237487804,-0.08056355405385582,0.7353351955307262,1379.2531239251446,25.693912415468603,0.33383401793106177
0.304,1379.2679804143104,37.138497282662236,25.695686475389632,5.256597252197187,0.7576070540549625,0.8388934324439018,292.25240478515633,268.7206666259766,-0.08051854415527777,0.7353351955307262,1379.2679804143104,25.695686475389632,0.3338465785969143
0.305,1379.2832623940594,37.138703025200805,25.697460535310665,5.256572746604979,0.7576043683955085,0.8388623835463451,292.25240478515633,268.7338208770753,-0.08047353425669934,0.7355679702048417,1379.2832623940594,25.697460535310665,0.3338591621700243
0.306,1379.2989698643903,37.13891449496593,25.69923735946768,5.256548241012754,0.757601607960219,0.8388361546871935,292.25240478515633,268.7469751281739,-0.0804285243581211,0.7352256863657515,1379.2989698643903,25.69923735946768,0.3338717870766182
0.307,1379.3151028253042,37.13913169185979,25.701016631102174,5.256523735420547,0.7575987727490938,0.8388127538819703,292.25240478515633,268.76012937927254,-0.08038351445954287,0.7352256863657515,1379.3151028253042,25.701016631102174,0.33388445120476834
0.308,1379.3316612768003,37.1393546157819,25.70279686179697,5.2564992298283215,0.757595862762133,0.8387858021096639,292.25240478515633,268.77328363037117,-0.08033850456096463,0.7352256863657515,1379.3316612768003,25.70279686179697,0.3338971446321709
0.309,1379.3486452188795,37.139583266629145,25.704586401538133,5.2564747242361145,0.7575928779993365,0.8387574285010843,292.25240478515633,268.7864378814698,-0.08029349466238639,0.7352256863657515,1379.3486452188795,25.704586401538133,0.3339099230200554
0.31,1379.3660546515412,37.13981764429574,25.706386723094916,5.256450218643889,0.7575898184607044,0.8387350095006585,292.25240478515633,268.7995921325684,-0.08024848476380815,0.7350546638753198,1379.3660546515412,25.706386723094916,0.33392279618559045
0.311,1379.3838895747854,37.14005774867327,25.708190369995084,5.256425713051683,0.7575866841462366,0.8387096597006911,292.25240478515633,268.8127463836671,-0.08020347486522972,0.7350546638753198,1379.3838895747854,25.708190369995084,0.33393571442293174
0.312,1379.4021499886126,37.14030357965067,25.70999616586039,5.256401207459456,0.7575834750559333,0.8386798455054668,292.25240478515633,268.8259006347657,-0.08015846496665167,0.7350546638753198,1379.4021499886126,25.70999616586039,0.33394866988980804
0.313,1379.4208358930223,37.140555137114234,25.711802683148505,5.25637670186725,0.7575801911897942,0.8386525231021504,292.25240478515633,268.8390548858644,-0.08011345506807303,0.7352256863657515,1379.4208358930223,25.711802683148505,0.3339616530696591
0.314,1379.4399472880143,37.14081242094758,25.71361006606595,5.256352196275024,0.7575768325478196,0.8386256066022244,292.25240478515633,268.852209136963,-0.08006844516949499,0.7352256863657515,1379.4399472880143,25.71361006606595,0.3339746649233108
0.315,1379.4594841735889,37.14107543103173,25.715422045299917,5.256327690682818,0.7575733991300094,0.8385949478774081,292.25240478515633,268.86536338806167,-0.08002343527091656,0.7352256863657515,1379.4594841735889,25.715422045299917,0.3339877303193319
0.316,1379.4794465497464,37.14134416724503,25.717247171208488,5.256303185090592,0.7575698909363635,0.8385678649930268,292.25240478515633,268.8785176391603,-0.07997842537233832,0.7354583527221964,1379.4794465497464,25.717247171208488,0.3340009062545728
0.317,1379.4998344164865,37.14161862946318,25.71908409189456,5.256278679498386,0.757566307966882,0.8385429075857429,292.25240478515633,268.8916718902589,-0.07993341547376008,0.7354583527221964,1379.4998344164865,25.71908409189456,0.3340141837166876
0.318,1379.5206477738088,37.141898817559245,25.720925827716766,5.25625417390616,0.7575626502215649,0.8385187399023603,292.25240478515633,268.90482614135755,-0.07988840557518184,0.7354583527221964,1379.5206477738088,25.720925827716766,0.3340275161783485
0.319,1379.541886621714,37.142184731403646,25.722780910257537,5.256229668313952,0.7575589177004122,0.8384890965483175,292.25240478515633,268.9179803924562,-0.0798433956766036,0.7354583527221964,1379.541886621714,25.722780910257537,0.33404096051121457
0.32,1379.5635509602018,37.14247637086415,25.724643806868453,5.256205162721727,0.7575551104034238,0.8384638171325078,292.25240478515633,268.9311346435548,-0.07979838577802537,0.7354583527221964,1379.5635509602018,25.724643806868453,0.33405447983370157
0.321,1379.5856407892722,37.142773735805896,25.72651190237772,5.25618065712952,0.7575512283305997,0.8384383204211698,292.25240478515633,268.9442888946535,-0.07975337587944693,0.7354583527221964,1379.5856407892722,25.72651190237772,0.33406805671233636
0.322,1379.608156108925,37.14307682609136,25.728380028194596,5.256156151537295,0.7575472714819402,0.8384100142255971,292.25240478515633,268.95744314575205,-0.07970836598086889,0.7354583527221964,1379.608156108925,25.728380028194596,0.33408165669234974
0.323,1379.631096919161,37.1433856415804,25.73024899692834,5.2561316459450875,0.7575432398574449,0.8383881232067311,292.25240478515633,268.97059739685074,-0.07966335608229046,0.7354583527221964,1379.631096919161,25.73024899692834,0.3340952851900967
0.324,1379.6544632199793,37.1437001821302,25.73211898074812,5.256107140352862,0.757539133457114,0.8383623331544592,292.25240478515633,268.98375164794936,-0.07961834618371222,0.735519888346127,1379.6544632199793,25.73211898074812,0.3341089433526983
0.325,1379.6782550113803,37.14402044759534,25.7339918090449,5.256082634760654,0.7575349522809474,0.8383354780248612,292.25240478515633,268.996905899048,-0.07957333628513397,0.7353488372093023,1379.6782550113803,25.7339918090449,0.33412264337443254
0.326,1379.7024722933638,37.14434643782771,25.735872570313308,5.256058129168429,0.7575306963289452,0.8383029593595293,292.25240478515633,269.0204729278566,-0.07949269698697004,0.7354103696814694,1379.7024722933638,25.735872570313308,0.33413641917499903
0.327,1379.72711506593,37.1446781526766,25.73775999748562,5.256033623576222,0.7575263656011074,0.8382795801754519,292.25240478515633,269.05471923980724,-0.07937551638763217,0.7352394235239423,1379.72711506593,25.73775999748562,0.33415026230742517
0.328,1379.752183329079,37.14501559198864,25.73964924142605,5.256009117983996,0.757521960097434,0.8382523947863617,292.25240478515633,269.08896555175795,-0.07925833578829412,0.7352394235239423,1379.752183329079,25.73964924142605,0.33416414044638965
0.329,1379.7776770828102,37.145358755607816,25.741541280172253,5.2559846123917895,0.7575174798179249,0.8382220175379506,292.25240478515633,269.12321186370866,-0.07914115518895608,0.7352394235239423,1379.7776770828102,25.741541280172253,0.3341780601109419
0.33,1379.8035963271243,37.14570764337549,25.743434470899977,5.255960106799565,0.7575129247625803,0.8381944790034754,292.25240478515633,269.1574581756593,-0.07902397458961823,0.7348361608180339,1379.8035963271243,25.743434470899977,0.3341920103492561
0.331,1379.829941062021,37.14606225513037,25.74532771117654,5.255935601207357,0.7575082949313999,0.8381709223132022,292.25240478515633,269.19170448760997,-0.07890679399028037,0.7348361608180339,1379.829941062021,25.74532771117654,0.3342059838117869
0.332,1379.8567112875,37.14642259070852,25.74722872980683,5.255911095615132,0.757503590324384,0.8381404376215474,292.25240478515633,269.2259507995606,-0.07878961339094252,0.7346037648152451,1379.8567112875,25.74722872980683,0.3342200320186797
0.333,1379.8839070035617,37.146788649943375,25.74913509832467,5.255886590022925,0.7574988109415325,0.8381119016837323,292.25240478515633,269.2601971115114,-0.07867243279160428,0.7346037648152451,1379.8839070035617,25.74913509832467,0.33423413878092834
0.334,1379.9115282102061,37.14716043266573,25.75104154279412,5.2558620844307,0.7574939567828453,0.8380846916421191,292.25240478515633,269.294443423462,-0.07855525219226663,0.7344330855018587,1379.9115282102061,25.75104154279412,0.33424826894139775
0.335,1379.9395749074336,37.147537938703735,25.75295029142402,5.2558375788384915,0.7574890278483224,0.8380550138789358,292.25240478515633,269.3286897354127,-0.07843807159292858,0.7344330855018587,1379.9395749074336,25.75295029142402,0.33426243735281036
0.336,1379.9680470952433,37.14792116788291,25.754861732481626,5.255813073246267,0.7574840241379639,0.8380282336705234,292.25240478515633,269.36293604736335,-0.07832089099359073,0.7344330855018587,1379.9680470952433,25.754861732481626,0.33427664660268724
0.337,1379.9969447736357,37.14831012002613,25.75677371850149,5.25578856765406,0.7574789456517698,0.8379999031837837,292.25240478515633,269.39718235931406,-0.07820371039425268,0.7344330855018587,1379.9969447736357,25.75677371850149,0.33429088237515203
0.338,1380.0262679426103,37.14870479495362,25.758694213766447,5.255764062061834,0.7574737923897401,0.837969615471409,292.25240478515633,269.4314286712647,-0.07808652979491483,0.7344330855018587,1380.0262679426103,25.758694213766447,0.3343051977600007
0.339,1380.0560166021678,37.149105192483006,25.760623344006756,5.255739556469627,0.7574685643518748,0.8379360763361661,292.25240478515633,269.4656749832154,-0.07796934919557678,0.7344330855018587,1380.0560166021678,25.760623344006756,0.33431959359463126
0.34,1380.086190752308,37.14951131242924,25.76255621292653,5.255715050877402,0.7574632615381738,0.8379073177025547,292.25240478515633,269.4999212951661,-0.07785216859623893,0.7344330855018587,1380.086190752308,25.76255621292653,0.3343340372392228
0.341,1380.116790393031,37.14992315460465,25.764490137019184,5.255690545285194,0.7574578839486372,0.8378795160204641,292.25240478515633,269.5318619110108,-0.07774287739684493,0.7344330855018587,1380.116790393031,25.764490137019184,0.3343485108045659
0.342,1380.1478155243362,37.15034071881894,25.7664284254667,5.2556660396929695,0.7574524315832649,0.8378503944246243,292.25240478515633,269.5519756530762,-0.07767405420929857,0.7342624854819977,1380.1478155243362,25.7664284254667,0.3343630363491581
0.343,1380.1792661462246,37.15076400487915,25.768374156884384,5.2556415341007625,0.757446904442057,0.8378184018738453,292.25240478515633,269.5720893951417,-0.07760523102175201,0.7343241987923828,1380.1792661462246,25.768374156884384,0.33437763439451135
0.34400000000000003,1380.2111422586952,37.15119301258972,25.770324365576762,5.255617028508536,0.7574413025250135,0.8377898408619249,292.25240478515633,269.59220313720704,-0.07753640783420584,0.7343241987923828,1380.2111422586952,25.770324365576762,0.33439228517029185
0.34500000000000003,1380.2434438617483,37.15162774175243,25.77227457426914,5.25559252291633,0.7574356258321344,0.8377608814748687,292.25240478515633,269.6123168792725,-0.07746758464665929,0.7343241987923828,1380.2434438617483,25.77227457426914,0.3344069588298535
0.34600000000000003,1380.2761709553843,37.152068192166425,25.77422478296152,5.255568017324104,0.7574298743634197,0.8377350984891181,292.25240478515633,269.6324306213379,-0.07739876145911292,0.7343241987923828,1380.2761709553843,25.77422478296152,0.33442165537239266
0.34700000000000003,1380.3093235396027,37.15251436362824,25.776179083533478,5.255543511731898,0.7574240481188692,0.8377081218635352,292.25240478515633,269.6525443634033,-0.07732993827156656,0.7343241987923828,1380.3093235396027,25.776179083533478,0.3344364020738762
0.34800000000000003,1380.3429016144034,37.15296625593175,25.778144762528076,5.255519006139673,0.7574181470984833,0.8376829608320321,292.25240478515633,269.65156967773436,-0.07733327335334174,0.7343241987923828,1380.3429016144034,25.778144762528076,0.33445124750612953
0.34900000000000003,1380.3769051797874,37.15342386886823,25.78012147279273,5.2554945005474645,0.7574121713022617,0.837652754685782,292.25240478515633,269.63627501983643,-0.07738560708147366,0.7343241987923828,1380.3769051797874,25.78012147279273,0.3344661893541725
0.35000000000000003,1380.4113342357539,37.15388720222628,25.782100004513143,5.25546999495524,0.7574061207302043,0.83762695238755,292.25240478515633,269.61246879577635,-0.07746706483398584,0.734091964700418,1380.4113342357539,25.782100004513143,0.33448116622383706
0.35100000000000003,1380.4461887823027,37.1543562557919,25.78408350179178,5.255445489363032,0.7573999953823114,0.8375941592922589,292.25240478515633,269.5886625717163,-0.07754852258649783,0.7342624854819977,1380.4461887823027,25.78408350179178,0.3344961990730936
0.352,1380.4814688194342,37.15483102934845,25.786076244835368,5.2554209837708115,0.757393795258583,0.8375599207320142,292.25240478515633,269.56485634765625,-0.07762998033901002,0.7342624854819977,1380.4814688194342,25.786076244835368,0.3345113164332587
0.353,1380.5171743471487,37.155311522676655,25.78807550191129,5.255396478178596,0.7573875203590187,0.8375267907122165,292.25240478515633,269.5410501235962,-0.07771143809152202,0.7340301974448316,1380.5171743471487,25.78807550191129,0.3345265000935185
0.354,1380.5533053654453,37.155797735554614,25.790074836413126,5.255371972586378,0.757381170683619,0.8374931960485709,292.25240478515633,269.5172438995362,-0.07779289584403401,0.7338597306084533,1380.5533053654453,25.790074836413126,0.33454170714607734
0.355,1380.5898618743247,37.1562896677578,25.792076993289996,5.255347466994163,0.7573747462323835,0.837461212371094,292.25240478515633,269.4934376754761,-0.0778743535965462,0.7338597306084533,1380.5898618743247,25.792076993289996,0.33455695588807693
0.356,1380.6268438737866,37.15678731905904,25.794082632797192,5.255322961401946,0.7573682470053125,0.8374319622328236,292.25240478515633,269.46963145141603,-0.07795581134905838,0.7338597306084533,1380.6268438737866,25.794082632797192,0.3345722507199205
0.357,1380.6642513638315,37.15729068922856,25.796088272304385,5.255298455809731,0.7573616730024058,0.8374030695159863,292.25240478515633,269.445825227356,-0.07803726910157038,0.7338597306084533,1380.6642513638315,25.796088272304385,0.3345875684252106
0.358,1380.7020843444589,37.15779977803393,25.79809391181158,5.255273950217513,0.7573550242236635,0.8373735820068426,292.25240478515633,269.42201900329593,-0.07811872685408257,0.734091964700418,1380.7020843444589,25.79809391181158,0.3346029090030175
0.359,1380.7403428156688,37.15831458524012,25.800110106386416,5.2552494446252975,0.7573483006690855,0.8373428397083673,292.25240478515633,269.39821277923585,-0.07820018460659475,0.7343241987923828,1380.7403428156688,25.800110106386416,0.3346183428132846
0.36,1380.779026777461,37.158835110609445,25.802136064701156,5.255224939033081,0.757341502338672,0.8373160112589021,292.25240478515633,269.3744065551758,-0.07828164235910674,0.7337511606313835,1380.779026777461,25.802136064701156,0.33463386458001043
0.361,1380.8181362298362,37.15936135390161,25.80416384978632,5.255200433440865,0.7573346292324228,0.8372880938022998,292.25240478515633,269.35060033111574,-0.07836310011161894,0.7335808772336969,1380.8181362298362,25.80416384978632,0.3346494213937919
0.362,1380.8576711727942,37.159893314873685,25.806198370688875,5.255175927848649,0.7573276813503379,0.8372599158881784,292.25240478515633,269.3267941070557,-0.07844455786413093,0.7335808772336969,1380.8576711727942,25.806198370688875,0.33466504597773766
0.363,1380.8976316063345,37.16043099328013,25.808233307079625,5.255151422256433,0.7573206586924175,0.8372284155246199,292.25240478515633,269.30298788299564,-0.07852601561664312,0.7334106728538283,1380.8976316063345,25.808233307079625,0.33468069619907065
0.364,1380.9380175304573,37.16097438887276,25.81026824347038,5.255126916664216,0.7573135612586614,0.8371953738764888,292.25240478515633,269.27918165893556,-0.0786074733691553,0.7332405474367896,1380.9380175304573,25.81026824347038,0.3346963692871223
0.365,1380.9788289451628,37.16152350140079,25.81230317986113,5.255102411072,0.7573063890490697,0.8371658906233181,292.25240478515633,269.25537543487553,-0.0786889311216673,0.7332405474367896,1380.9788289451628,25.81230317986113,0.3347120652408896
0.366,1381.020065850451,37.162078330610775,25.814338979386765,5.2550779054797845,0.7572991420636423,0.8371355907854353,292.25240478515633,269.2544113037109,-0.0786922300890969,0.7332405474367896,1381.020065850451,25.814338979386765,0.3347277898130816
0.367,1381.0617282463218,37.16263887624669,25.816376971861235,5.255053399887567,0.7572918203023794,0.8371037566090487,292.25240478515633,269.25618149414066,-0.07868617302882723,0.7332405474367896,1381.0617282463218,25.816376971861235,0.33474355186731525
0.368,1381.1038161327756,37.16320513804986,25.818414964335712,5.255028894295352,0.7572844237652807,0.8370721218410591,292.25240478515633,269.25795168457034,-0.07868011596855776,0.7330705009276438,1381.1038161327756,25.818414964335712,0.33475933678419223
0.369,1381.1463295098115,37.16377711575899,25.820456699901147,5.255004388703136,0.7572769524523466,0.8370465072472981,292.25240478515633,269.259721875,-0.0786740589082883,0.7330705009276438,1381.1463295098115,25.820456699901147,0.3347751695143964
0.37,1381.1892683774302,37.16435480911017,25.82250351189408,5.254979883110918,0.7572694063635766,0.8370205777316082,292.25240478515633,269.2614920654297,-0.07866800184801882,0.7332405474367896,1381.1892683774302,25.82250351189408,0.334791058944995
0.371,1381.2326327356316,37.16493821783687,25.824551235193432,5.254955377518703,0.7572617854989712,0.8369905027175082,292.25240478515633,269.26326225585944,-0.07866194478774916,0.7332405474367896,1381.2326327356316,25.824551235193432,0.3348069773099081
0.372,1381.2764225844155,37.165527341669936,25.826599226087573,5.2549308719264864,0.75725408985853,0.8369585277125802,292.25240478515633,269.26503244628907,-0.07865588772747988,0.7332405474367896,1381.2764225844155,25.826599226087573,0.33482292031702854
0.373,1381.3206379237818,37.16612218033759,25.82865672251751,5.25490636633427,0.7572463194422534,0.8369317577425933,292.25240478515633,269.26680263671875,-0.07864983066721042,0.7332405474367896,1381.3206379237818,25.82865672251751,0.3348389495460865
0.374,1381.3652787537308,37.16672273356545,25.83072559171592,5.254881860742054,0.757238474250141,0.836900941024816,292.25240478515633,269.2663182861328,-0.07865148796952182,0.7332405474367896,1381.3652787537308,25.83072559171592,0.3348550774430995
0.375,1381.4103450742628,37.16732900107651,25.83279856641181,5.254857355149838,0.7572305542821929,0.836869521042937,292.25240478515633,269.2849599838257,-0.07858770167593566,0.7332405474367896,1381.4103450742628,25.83279856641181,0.3348712555627787
0.376,1381.4558368853773,37.167940982591126,25.834874303382133,5.254832849557622,0.7572225595384092,0.8368407521106738,292.25240478515633,269.30423745117184,-0.07852173996944314,0.7332405474367896,1381.4558368853773,25.834874303382133,0.3348874749499785
0.377,1381.5017541870739,37.168558677827065,25.836955011554558,5.254808343965405,0.75721449001879,0.8368044186480814,292.25240478515633,269.3235149185181,-0.07845577826295043,0.7332405474367896,1381.5017541870739,25.836955011554558,0.33490375032845004
0.378,1381.5480969793537,37.169182086499475,25.839036198028182,5.254783838373189,0.7572063457233351,0.8367754221216378,292.25240478515633,269.34279238586424,-0.07838981655645791,0.7329005332715047,1381.5480969793537,25.839036198028182,0.3349200517470349
0.379,1381.5948652622158,37.16981120832087,25.841122956945213,5.2547593327809725,0.7571981266520447,0.8367402472473264,292.25240478515633,269.36206985321047,-0.0783238548499652,0.7329005332715047,1381.5948652622158,25.841122956945213,0.3349364131625225
0.38,1381.6420590356608,37.170446043001164,25.8432101191595,5.254734827188757,0.7571898328049185,0.8367066907469105,292.25240478515633,269.3813473205567,-0.07825789314347248,0.7329005332715047,1381.6420590356608,25.8432101191595,0.3349528001158313
0.381,1381.6896782996885,37.17108659024765,25.845304351245915,5.25471032159654,0.7571814641819566,0.836679581503602,292.25240478515633,269.40062478790287,-0.07819193143697996,0.7329005332715047,1381.6896782996885,25.845304351245915,0.3349692570456856
0.382,1381.7377230542984,37.171732849765,25.847403550860097,5.254685816004325,0.7571730207831593,0.8366487315611294,292.25240478515633,269.41990225524904,-0.07812596973048745,0.7326686760955251,1381.7377230542984,25.847403550860097,0.33498576993651696
0.383,1381.786193299491,37.17238482125529,25.849502750474272,5.254661310412107,0.7571645026085262,0.8366140615215056,292.25240478515633,269.43917972259527,-0.07806000802399474,0.7324988409828466,1381.786193299491,25.849502750474272,0.33500230567321565
0.384,1381.8350890352665,37.17304250441799,25.851606531180416,5.254636804819891,0.7571559096580576,0.8365880064144607,292.25240478515633,269.44660327148443,-0.07803460686811846,0.7327306444135373,1381.8350890352665,25.851606531180416,0.3350188947924874
0.385,1381.8844102616242,37.17370589894992,25.853715455518437,5.254612299227675,0.7571472419317532,0.8365553133345358,292.25240478515633,269.44648120880134,-0.07803502452997886,0.7327306444135373,1381.8844102616242,25.853715455518437,0.3350355410430532
0.386,1381.9341569785647,37.17437500454533,25.85582982884739,5.2545877936354595,0.7571384994296133,0.8365258546335115,292.25240478515633,269.4463591461182,-0.07803544219183946,0.7325608342989571,1381.9341569785647,25.85582982884739,0.33505224645923704
0.387,1381.984329186088,37.17504982089584,25.85795671070904,5.254563288043243,0.7571296821516378,0.8364926782396681,292.25240478515633,269.44623708343505,-0.07803585985370005,0.7325608342989571,1381.984329186088,25.85795671070904,0.3350690580992474
0.388,1382.034926884194,37.17573034769047,25.860085156614822,5.254538782451027,0.7571207900978265,0.8364555632840655,292.25240478515633,269.44611502075196,-0.07803627751556046,0.7323911028730306,1382.034926884194,25.860085156614822,0.3350859030050477
0.389,1382.085950072882,37.1764165846156,25.86221946945711,5.254514276858809,0.7571118232681797,0.8364267507883049,292.25240478515633,269.4459929580688,-0.07803669517742105,0.7323911028730306,1382.085950072882,25.86221946945711,0.3351028098587914
0.39,1382.1373987521529,37.17710853135505,25.86435735454486,5.254489771266594,0.7571027816626973,0.8363969181639143,292.25240478515633,269.4458708953857,-0.07803711283928146,0.7323911028730306,1382.1373987521529,25.86435735454486,0.33511976336262866
0.391,1382.1892729220065,37.177806187590015,25.86649523963261,5.254465265674378,0.7570936652813792,0.8363615819039084,292.25240478515633,269.44574883270263,-0.07803753050114186,0.7323911028730306,1382.1892729220065,25.86649523963261,0.3351367397024247
0.392,1382.2415725824428,37.17850955299907,25.86863312472036,5.254440760082161,0.7570844741242255,0.8363274894520207,292.25240478515633,269.4398521118164,-0.07805770730991984,0.7322214500810749,1382.2415725824428,25.86863312472036,0.33515373887689387
0.393,1382.294297733462,37.17921862725819,25.870771009808117,5.254416254489945,0.7570752081912362,0.8362962504694477,292.25240478515633,269.42625662994385,-0.07810422696775644,0.7322214500810749,1382.294297733462,25.870771009808117,0.3351707608847403
0.394,1382.3474483750633,37.17993341004073,25.872908894895865,5.25439174889773,0.7570658674824112,0.8362620164060801,292.25240478515633,269.4126611480713,-0.07815074662559304,0.7322214500810749,1382.3474483750633,25.872908894895865,0.3351878057246573
0.395,1382.4010245072475,37.18065390101749,25.875047336358296,5.254367243305513,0.7570564519977505,0.8362259759632157,292.25240478515633,269.39906566619874,-0.07819726628342984,0.7318202871699862,1382.4010245072475,25.875047336358296,0.33520487710416436
0.396,1382.4550261300142,37.181380099856625,25.87719065796191,5.254342737713296,0.7570469617372544,0.8361953787291797,292.25240478515633,269.3854701843262,-0.07824378594126642,0.7314193100254689,1382.4550261300142,25.87719065796191,0.33522200384449025
0.397,1382.5094532433634,37.18211200622368,25.87934582907304,5.25431823212108,0.7570373967009225,0.8361622108472823,292.25240478515633,269.3718747024536,-0.07829030559910322,0.7314193100254689,1382.5094532433634,25.87934582907304,0.3352392324026233
0.398,1382.5643058472956,37.18284961978164,25.881501000184162,5.254293726528864,0.757027756888755,0.8361271792908551,292.25240478515633,269.3582792205811,-0.07833682525693982,0.7314193100254689,1382.5643058472956,25.881501000184162,0.3352564837874974
0.399,1382.61958394181,37.18359294019084,25.883660935475035,5.254269220936648,0.7570180423007519,0.8360988186710234,292.25240478515633,269.3446837387085,-0.07838334491477661,0.7314193100254689,1382.61958394181,25.883660935475035,0.33527378975613853
0.4,1382.6752875269071,37.18434196710905,25.88582155000225,5.254244715344432,0.7570082529369132,0.8360657799923975,292.25240478515633,269.331088256836,-0.07842986457261321,0.7314193100254689,1382.6752875269071,25.88582155000225,0.33529112307663456
0.401,1382.731416602587,37.18509670019142,25.887992958704352,5.254220209752216,0.7569983887972388,0.8360336417966399,292.25240478515633,269.31749277496345,-0.07847638423044981,0.7314193100254689,1382.731416602587,25.887992958704352,0.3353085511745556
0.402,1382.7879711688495,37.18585713909052,25.890185464671262,5.25419570416,0.7569884498817288,0.8360058708499016,292.25240478515633,269.30389729309087,-0.07852290388828659,0.7314193100254689,1382.7879711688495,25.890185464671262,0.3353261427296928
0.403,1382.8449512256943,37.1866232834563,25.89238630134648,5.254171198567783,0.7569784361903832,0.8359711346820932,292.25240478515633,269.29030181121834,-0.07856942354612319,0.7314193100254689,1382.8449512256943,25.89238630134648,0.3353438126378099
0.404,1382.9023567731224,37.18739513293614,25.894592166308474,5.254146692975566,0.7569683477232019,0.8359420298290908,292.25240478515633,269.27670632934576,-0.07861594320395998,0.7314193100254689,1382.9023567731224,25.894592166308474,0.3353615388833034
0.405,1382.9601878111325,37.188172687174784,25.89679803127047,5.25412218738335,0.7569581844801849,0.8359086254797107,292.25240478515633,269.26311084747323,-0.07866246286179658,0.7314193100254689,1382.9601878111325,25.89679803127047,0.3353792879458104
0.406,1383.0184443397252,37.18895594581441,25.89900389623246,5.2540976817911345,0.7569479464613325,0.8358720913841255,292.25240478515633,269.2495153656007,-0.07870898251963318,0.7314193100254689,1383.0184443397252,25.89900389623246,0.3353970598238999
0.40700000000000003,1383.0771263589006,37.18974490849461,25.90121736381536,5.254073176198918,0.7569376336666443,0.8358384432999882,292.25240478515633,269.2359198837281,-0.07875550217746997,0.7314193100254689,1383.0771263589006,25.90121736381536,0.33541490519577927
0.40800000000000003,1383.1362338686588,37.19053957485235,25.90343248263156,5.254048670606702,0.7569272460961205,0.8358081001796627,292.25240478515633,269.22232440185553,-0.07880202183530675,0.7311877749479047,1383.1362338686588,25.90343248263156,0.3354327843875943
0.40900000000000003,1383.1957668689997,37.19133994452203,25.90566161952793,5.254024165014485,0.7569167837497611,0.835777832582783,292.25240478515633,269.208728919983,-0.07884854149314335,0.7311877749479047,1383.1957668689997,25.90566161952793,0.3354507798362242
0.41000000000000003,1383.255725359923,37.19214601713543,25.907895329387074,5.25399965942227,0.7569062466275661,0.8357466168876094,292.25240478515633,269.1951334381104,-0.07889506115098015,0.7311877749479047,1383.255725359923,25.907895329387074,0.33546882857832555
0.41100000000000003,1383.3161093414292,37.19295779232178,25.910132495217024,5.253975153830053,0.7568956347295354,0.8357119299244702,292.25240478515633,269.18153795623795,-0.07894158080881655,0.7310185185185185,1383.3161093414292,25.910132495217024,0.33548692316646195
0.41200000000000003,1383.3769188135175,37.193775269707665,25.912371302393783,5.253950648237837,0.7568849480556692,0.8356728539690679,292.25240478515633,269.1679424743653,-0.07898810046665354,0.7308493404304559,1383.3769188135175,25.912371302393783,0.3355050515027184
0.41300000000000003,1383.438153776189,37.194598448917134,25.91461013488642,5.2539261426456205,0.7568741866059672,0.8356380054395562,292.25240478515633,269.15434699249283,-0.07903462012448995,0.7308493404304559,1383.438153776189,25.91461013488642,0.3355232028130062
0.41400000000000003,1383.4998142294426,37.19542732957161,25.916851786806628,5.253901637053405,0.7568633503804296,0.8356070640538896,292.25240478515633,269.14075151062025,-0.07908113978232673,0.7308493404304559,1383.4998142294426,25.916851786806628,0.335541395721572
0.41500000000000004,1383.5619001732791,37.196261911289945,25.91909605343836,5.253877131461187,0.7568524393790564,0.835569698497762,292.25240478515633,269.1271560287477,-0.07912765944016333,0.7308493404304559,1383.5619001732791,25.91909605343836,0.3355596288622388
0.41600000000000004,1383.624411607698,37.197102193688394,25.921341981581,5.253852625868971,0.7568414536018476,0.8355335373619266,292.25240478515633,269.11356054687514,-0.07917417909800012,0.7308493404304559,1383.624411607698,25.921341981581,0.3355778958793639
0.417,1383.6873485326996,37.197948176380635,25.923588810476023,5.253828120276751,0.7568303930488032,0.8355005356235802,292.25240478515633,269.09996506500255,-0.07922069875583691,0.7308493404304559,1383.6873485326996,25.923588810476023,0.3355961917001279
0.418,1383.750710948284,37.198799858977765,25.925837759242707,5.253803614684543,0.7568192577199231,0.8354706265121271,292.25240478515633,269.0863695831301,-0.07926721841367332,0.7308493404304559,1383.750710948284,25.925837759242707,0.33561452444971734
0.419,1383.814498854451,37.19965724108827,25.92808670800938,5.253779109092318,0.7568080476152075,0.8354380185315875,292.25240478515633,269.0727741012575,-0.07931373807151011,0.7308493404304559,1383.814498854451,25.92808670800938,0.33563287999534025
0.42,1383.8787122512003,37.20052032231808,25.930335981852632,5.253754603500111,0.7567967627346561,0.8354043977499185,292.25240478515633,269.05917861938497,-0.0793602577293467,0.7308493404304559,1383.8787122512003,25.930335981852632,0.33565126050240607
0.421,1383.9433511385325,37.20138910227053,25.932590402419127,5.253730097907886,0.7567854030782691,0.8353755860170209,292.25240478515633,269.0455831375124,-0.07940677738718349,0.7306802406293382,1383.9433511385325,25.932590402419127,0.33566969811079134
0.422,1384.0084155164475,37.20226358054638,25.93485075419287,5.253705592315678,0.7567739686460465,0.8353387510120973,292.25240478515633,269.03198765563985,-0.07945329704502009,0.7306802406293382,1384.0084155164475,25.93485075419287,0.3356881980483293
0.423,1384.0739053849447,37.20314375674379,25.93711367319682,5.253681086723454,0.7567624594379883,0.835305995558077,292.25240478515633,269.01839217376727,-0.07949981670285688,0.7306802406293382,1384.0739053849447,25.93711367319682,0.33570673788888605
0.424,1384.1398207440247,37.20402963045837,25.93938934741304,5.253656581131247,0.7567508754540945,0.8352718137709064,292.25240478515633,269.00479669189474,-0.07954633636069348,0.7309116149930588,1384.1398207440247,25.93938934741304,0.3357253855447072
0.425,1384.2061615936873,37.204921201283135,25.94166815422259,5.253632075539022,0.756739216694365,0.8352421310089624,292.25240478515633,268.99120121002215,-0.07959285601853028,0.7304488662656178,1384.2061615936873,25.94166815422259,0.33574407686905555
0.426,1384.2729279339326,37.20581846880851,25.94395710130766,5.253607569946814,0.7567274831587999,0.8352105169587282,292.25240478515633,268.9776057281496,-0.07963937567636686,0.7304488662656178,1384.2729279339326,25.94395710130766,0.33576285857403515
0.427,1384.3401197647604,37.206721432622366,25.946256126224956,5.253583064354588,0.7567156748473991,0.8351756148681975,292.25240478515633,268.9640102462771,-0.07968589533420346,0.7304488662656178,1384.3401197647604,25.946256126224956,0.3357817302417459
0.428,1384.4077370861708,37.20763009230998,25.94855622124758,5.25355855876238,0.7567037917601628,0.8351392451495331,292.25240478515633,268.9504147644045,-0.07973241499204026,0.7304488662656178,1384.4077370861708,25.94855622124758,0.3358006318243366
0.429,1384.4757798981639,37.20854444745405,25.95085631627019,5.2535340531701555,0.7566918338970907,0.8351008918061551,292.25240478515633,268.936819282532,-0.07977893464987686,0.7302798982188295,1384.4757798981639,25.95085631627019,0.3358195561867348
0.43,1384.5442482007395,37.209464497634734,25.95315895771449,5.253509547577949,0.7566798012581831,0.835065248293002,292.25240478515633,268.9232238006594,-0.07982545430771365,0.7304488662656178,1384.5442482007395,25.95315895771449,0.33583852030190176
0.431,1384.6131419938977,37.21039024242957,25.95546668297947,5.253485041985724,0.7566676938434399,0.8350299615588712,292.25240478515633,268.9096283187869,-0.07987197396555024,0.7304488662656178,1384.6131419938977,25.95546668297947,0.3358575410826425
0.432,1384.6824612776388,37.21132168141356,25.95777962177056,5.253460536393516,0.7566555116528609,0.834993095698143,292.25240478515633,268.8960328369143,-0.07991849362338703,0.7304488662656178,1384.6824612776388,25.95777962177056,0.3358766193918834
0.433,1384.7522060519623,37.21225881415911,25.960107529081256,5.25343603080129,0.7566432546864464,0.8349524240138334,292.25240478515633,268.8824373550417,-0.07996501328122382,0.7304488662656178,1384.7522060519623,25.960107529081256,0.3358958202554426
0.434,1384.8223763168685,37.21320164023607,25.962438137084646,5.253411525209084,0.7566309229441963,0.8349146399670745,292.25240478515633,268.8688418731692,-0.08001153293906042,0.7304488662656178,1384.8223763168685,25.962438137084646,0.33591506189333276
0.435,1384.8929720723575,37.21415015921172,25.96477060991928,5.253387019616858,0.7566185164261106,0.8348811282547522,292.25240478515633,268.8552463912966,-0.08005805259689722,0.7304488662656178,1384.8929720723575,25.96477060991928,0.335934338731907
0.436,1384.9639933184287,37.21510437065075,25.967103670265228,5.253362514024651,0.7566060351321892,0.8348462468819772,292.25240478515633,268.83318488159205,-0.08013354046061817,0.7304488662656178,1384.9639933184287,25.967103670265228,0.3359536422547126
0.437,1385.0354400550823,37.21606427411532,25.969439220859925,5.253338008432426,0.7565934790624322,0.83481338524946,292.25240478515633,268.81083713226343,-0.08021000775040846,0.7304488662656178,1385.0354400550823,25.969439220859925,0.33597298514379065
0.438,1385.1073122823195,37.217029869164996,25.971775541875132,5.253313502840219,0.7565808482168395,0.834778683149511,292.25240478515633,268.78848938293487,-0.08028647504019856,0.7304488662656178,1385.1073122823195,25.971775541875132,0.3359923559328739
0.439,1385.1796100001384,37.218001155356774,25.97411330437348,5.253288997247993,0.7565681425954112,0.8347413188179793,292.25240478515633,268.7661416336062,-0.08036294232998904,0.7304488662656178,1385.1796100001384,25.97411330437348,0.33601175909354497
0.44,1385.2523332085402,37.21897813224512,25.976452536608623,5.253264491655786,0.7565553621981472,0.8347032956337169,292.25240478515633,268.74379388427764,-0.08043940961977915,0.7304488662656178,1385.2523332085402,25.976452536608623,0.3360311948123629
0.441,1385.325481907525,37.219960799381894,25.978800455355604,5.253239986063561,0.7565425070250477,0.8346608024732517,292.25240478515633,268.721446134949,-0.08051587690956945,0.73061791252025,1385.325481907525,25.978800455355604,0.3360507111951063
0.442,1385.399056097092,37.22094915631642,25.9811516889935,5.253215480471354,0.7565295770761125,0.8346262336133642,292.25240478515633,268.6990983856204,-0.08059234419935973,0.7304488662656178,1385.399056097092,25.9811516889935,0.33607027243233945
0.443,1385.4730557772416,37.22194320259545,25.98350297984842,5.253190974879129,0.7565165723513417,0.8345929563609901,292.25240478515633,268.6767506362918,-0.08066881148915003,0.7304488662656178,1385.4730557772416,25.98350297984842,0.3360898568063473
0.444,1385.547480947974,37.222942937763186,25.985854576819392,5.253166469286921,0.7565034928507353,0.8345560902794331,292.25240478515633,268.65440288696317,-0.08074527877894032,0.7304488662656178,1385.547480947974,25.985854576819392,0.3361094659744869
0.445,1385.622331609289,37.22394836136125,25.988216864906793,5.253141963694696,0.7564903385742932,0.8345217926776002,292.25240478515633,268.63205513763455,-0.08082174606873062,0.7302798982188295,1385.622331609289,25.988216864906793,0.3361291691621269
0.446,1385.6976077611866,37.22495947292873,25.990588771328294,5.253117458102489,0.7564771095220155,0.8344867058336743,292.25240478515633,268.60970738830594,-0.08089821335852092,0.7301110083256244,1385.6976077611866,25.990588771328294,0.3361489592161754
0.447,1385.7733094036666,37.22597627200214,25.992968911770983,5.253092952510264,0.7564638056939021,0.8344510693468917,292.25240478515633,268.5873596389773,-0.0809746806483112,0.7299421965317919,1385.7733094036666,25.992968911770983,0.33616882690684324
0.448,1385.8494365367294,37.22699875811545,25.995350902991138,5.253068446918055,0.7564504270899532,0.8344196953375514,292.25240478515633,268.5650118896487,-0.0810511479381015,0.7299421965317919,1385.8494365367294,25.995350902991138,0.3361887296810787
0.449,1385.925989160375,37.22802693080006,25.99773571566773,5.2530439413258305,0.7564369737101686,0.834376701919577,292.25240478515633,268.5426641403201,-0.08112761522789179,0.7299421965317919,1385.925989160375,25.99773571566773,0.3362086740076273
0.45,1386.002967274603,37.229060789584835,26.000130955087293,5.253019435733624,0.7564234455545484,0.8343401747901363,292.25240478515633,268.5203163909915,-0.0812040825176819,0.7299421965317919,1386.002967274603,26.000130955087293,0.33622871058202297
0.451,1386.0803708794133,37.230100333996056,26.002535033564936,5.252994930141398,0.7564098426230926,0.8343069988379507,292.25240478515633,268.49796864166285,-0.08128054980747237,0.7301734104046242,1386.0803708794133,26.002535033564936,0.3362488288187427
0.452,1386.1581999748068,37.2311455635575,26.00494638811604,5.252970424549191,0.7563961649158011,0.8342725412958483,292.25240478515633,268.4756208923343,-0.08135701709726248,0.7301734104046242,1386.1581999748068,26.00494638811604,0.3362690182969077
0.453,1386.2364545607827,37.23219647779033,26.007358593831885,5.252945918956966,0.756382412432674,0.8342309123388122,292.25240478515633,268.4532731430056,-0.08143348438705297,0.7301734104046242,1386.2364545607827,26.007358593831885,0.3362892361856724
0.454,1386.315134637341,37.23325307621322,26.009771255732122,5.252921413364758,0.7563685851737113,0.8341970511950437,292.25240478515633,268.43092539367706,-0.08150995167684306,0.7301734104046242,1386.315134637341,26.009771255732122,0.336309479850143
0.455,1386.3942402044822,37.23431535834226,26.012191061512226,5.252896907772533,0.756354683138913,0.8341625395699633,292.25240478515633,268.4085776443484,-0.08158641896663356,0.7301734104046242,1386.3942402044822,26.012191061512226,0.33632979386907025
0.456,1386.4737712622061,37.235383323691,26.014613978030187,5.252872402180326,0.7563407063282789,0.8341232972501811,292.25240478515633,268.3862298950198,-0.08166288625642365,0.7301110083256244,1386.4737712622061,26.014613978030187,0.3363501513552775
0.457,1386.5537278105123,37.23645697177045,26.01703978002487,5.2528478965881,0.7563266547418093,0.8340850856186601,292.25240478515633,268.3638821456912,-0.08173935354621395,0.7301110083256244,1386.5537278105123,26.01703978002487,0.33637055080520084
0.458,1386.6341098494013,37.23753630208907,26.019471485802736,5.252823390995894,0.756312528379504,0.8340470184693933,292.25240478515633,268.354095794678,-0.08177283950168585,0.7301110083256244,1386.6341098494013,26.019471485802736,0.33639101233713486
0.459,1386.7149173788728,37.238621314152766,26.021905946626745,5.252798885403669,0.7562983272413631,0.8340174038431685,292.25240478515633,268.37645692443874,-0.08169632642807345,0.7301110083256244,1386.7149173788728,26.021905946626745,0.33641151495938276
0.46,1386.7961503989275,37.239712007464924,26.024345733649067,5.25277437981146,0.7562840513273866,0.8339772604214737,292.25240478515633,268.39881805419947,-0.08161981335446106,0.7301110083256244,1386.7961503989275,26.024345733649067,0.33643207580945406
0.461,1386.8778089095638,37.24080838152636,26.02679125807649,5.252749874219235,0.7562697006375745,0.83393910020291,292.25240478515633,268.4211791839602,-0.08154330028084868,0.7301110083256244,1386.8778089095638,26.02679125807649,0.336452697626488
0.462,1386.959892910783,37.241910435835365,26.029236782503922,5.252725368627028,0.7562552751719267,0.8339024291934753,292.25240478515633,268.4352953582767,-0.08149499896977183,0.7303422756706753,1386.959892910783,26.029236782503922,0.33647334216249936
0.463,1387.0424024025854,37.2430181698877,26.031683084796384,5.2527008630348035,0.7562407749304434,0.8338619211633742,292.25240478515633,268.44919793548604,-0.08144742852387735,0.7303422756706753,1387.0424024025854,26.031683084796384,0.33649401460077866
0.464,1387.12533738497,37.24413158317656,26.034137044924165,5.2526763574425965,0.7562261999131243,0.8338248155227315,292.25240478515633,268.4631005126955,-0.08139985807798247,0.7303422756706753,1387.12533738497,26.034137044924165,0.3365147608017039
0.465,1387.2086978579373,37.245250675192636,26.036592092542477,5.252651851850371,0.7562115501199697,0.8337952184825083,292.25240478515633,268.47700308990494,-0.0813522876320878,0.7303422756706753,1387.2086978579373,26.036592092542477,0.3365355369648202
0.466,1387.2924838214874,37.24637544542405,26.039048660128802,5.252627346258164,0.7561968255509793,0.8337566071308031,292.25240478515633,268.4909056671144,-0.08130471718619292,0.7304046242774567,1387.2924838214874,26.039048660128802,0.336556345971008
0.467,1387.3766952756198,37.2475058933564,26.041510491479293,5.252602840665939,0.7561820262061534,0.8337196382032563,292.25240478515633,268.50480824432384,-0.08125714674029824,0.7304046242774567,1387.3766952756198,26.041510491479293,0.33657721277463953
0.468,1387.4613322203347,37.248642018472765,26.04397405286517,5.252578335073731,0.7561671520854919,0.8336873260128425,292.25240478515633,268.5187108215334,-0.08120957629440319,0.7304046242774567,1387.4613322203347,26.04397405286517,0.33659811381754273
0.46900000000000003,1387.5463946556326,37.249783820253676,26.04643761425105,5.2525538294815055,0.7561522031889947,0.8336528225584272,292.25240478515633,268.5326133987428,-0.08116200584850851,0.7302357836338419,1387.5463946556326,26.04643761425105,0.3366190375650925
0.47000000000000003,1387.631882581513,37.250931298177136,26.048901175636928,5.2525293238892985,0.7561371795166619,0.8336179953890822,292.25240478515633,268.5465159759523,-0.08111443540261364,0.7302357836338419,1387.631882581513,26.048901175636928,0.33663998401520084
0.47100000000000003,1387.7177959979758,37.252084451718616,26.05136473702281,5.252504818297074,0.7561220810684934,0.8335837919004643,292.25240478515633,268.5604185531617,-0.08106686495671896,0.7304046242774567,1387.7177959979758,26.05136473702281,0.33666095316576994
0.47200000000000003,1387.8041349050216,37.253243280351064,26.053828298408693,5.252480312704867,0.7561069078444894,0.8335441560838548,292.25240478515633,268.5743211303712,-0.08101929451082408,0.7304046242774567,1387.8041349050216,26.053828298408693,0.3366819450146919
0.47300000000000003,1387.8908993026496,37.254407783544885,26.056297531778124,5.252455807112641,0.7560916598446498,0.8335053635722411,292.25240478515633,268.58822370758065,-0.08097172406492921,0.7304046242774567,1387.8908993026496,26.056297531778124,0.336702997369722
0.47400000000000003,1387.9780891908604,37.25557796076797,26.058766938147453,5.252431301520433,0.7560763370689745,0.8334705987569161,292.25240478515633,268.6021262847901,-0.08092415361903454,0.7304046242774567,1387.9780891908604,26.058766938147453,0.3367240735720888
0.47500000000000003,1388.065704569654,37.256753811485694,26.061236344516775,5.252406795928209,0.7560609395174634,0.8334328057565535,292.25240478515633,268.6160288619995,-0.08087658317313987,0.7304046242774567,1388.065704569654,26.061236344516775,0.3367451724664235
0.47600000000000003,1388.15374543903,37.25793533516089,26.063705750886104,5.252382290336001,0.7560454671901169,0.833390469344378,292.25240478515633,268.629931439209,-0.08082901272724499,0.730635838150289,1388.15374543903,26.063705750886104,0.33676629405057784
0.47700000000000004,1388.2422117989888,37.25912253125386,26.066188497823454,5.252357784743776,0.7560299200869347,0.833352995140486,292.25240478515633,268.6323510269165,-0.08082073362442861,0.7304669440591771,1388.2422117989888,26.066188497823454,0.3367875272516338
0.47800000000000004,1388.3311036495304,37.26031539922241,26.068676572202925,5.252333279151569,0.7560142982079168,0.8333157598331933,292.25240478515633,268.6112313323975,-0.08089299887930156,0.7302981280332794,1388.3311036495304,26.068676572202925,0.33680881865131634
0.47900000000000004,1388.4204209906536,37.26151393852179,26.071173750855504,5.252308773559343,0.7559986015530634,0.8332796725545504,292.25240478515633,268.5901116378784,-0.0809652641341747,0.7302981280332794,1388.4204209906536,26.071173750855504,0.33683019342408915
0.48,1388.5101638223605,37.26271814860478,26.073671729727273,5.2522842679671315,0.7559828301223743,0.833238779077835,292.25240478515633,268.56899194335944,-0.08103752938904744,0.7301293900184843,1388.5101638223605,26.073671729727273,0.33685159621230887
0.481,1388.6003321446494,37.263928028921605,26.07617105529216,5.252259762374915,0.7559669839158496,0.8332007088570405,292.25240478515633,268.54640206298836,-0.08111482517858142,0.7299607299607299,1388.6003321446494,26.07617105529216,0.3368730306566131
0.482,1388.6909259575214,37.26514357891998,26.078670855919796,5.2522352567827,0.7559510629334892,0.8331609330751293,292.25240478515633,268.5036584960938,-0.08126108083360667,0.7299607299607299,1388.6909259575214,26.078670855919796,0.3368944909444388
0.483,1388.7819452609758,37.26636479804511,26.081170656547425,5.252210751190482,0.7559350671752932,0.8331273593299925,292.25240478515633,268.4609149291993,-0.08140733648863172,0.7299607299607299,1388.7819452609758,26.081170656547425,0.3369159739067625
0.484,1388.8733900550128,37.267591685739674,26.08367045717506,5.252186245598266,0.7559189966412616,0.8330862325576989,292.25240478515633,268.4181713623048,-0.08155359214365678,0.7299607299607299,1388.8733900550128,26.08367045717506,0.336937479541355
0.485,1388.9652603396323,37.268824241443845,26.08617452910542,5.25216174000605,0.7559028513313943,0.8330418686361071,292.25240478515633,268.37542779541025,-0.08169984779868203,0.7299607299607299,1388.9652603396323,26.08617452910542,0.33695903631880614
0.486,1389.0575561148346,37.27006246459529,26.088685119697267,5.252137234413835,0.7558866312456916,0.8330053145655542,292.25240478515633,268.33268422851575,-0.08184610345370709,0.7297921478060047,1389.0575561148346,26.088685119697267,0.3369806592179311
0.487,1389.1502773806196,37.271306354629154,26.09119804843951,5.252112728821618,0.755870336384153,0.8329650245336185,292.25240478515633,268.2899406616212,-0.08199235910873233,0.7297921478060047,1389.1502773806196,26.09119804843951,0.3370023203688657
0.488,1389.243424136987,37.27255591097808,26.09373013274512,5.252088223229402,0.7558539667467788,0.832923929299691,292.25240478515633,268.24719709472663,-0.08213861476375758,0.7297921478060047,1389.243424136987,26.09373013274512,0.3370241318754945
0.489,1389.336996383937,37.2738111330722,26.09626364527887,5.252063717637186,0.755837522333569,0.8328848535048913,292.25240478515633,268.20445352783213,-0.08228487041878264,0.7295612009237875,1389.336996383937,26.09626364527887,0.33704597556377364
0.49,1389.43099412147,37.27507202033914,26.098799137758025,5.252039212044969,0.7558210031445236,0.8328485806497639,292.25240478515633,268.16170996093757,-0.0824311260738079,0.7295612009237875,1389.43099412147,26.098799137758025,0.33706785510920295
0.491,1389.5254173495853,37.27633857220402,26.10134055195961,5.252014706452753,0.7558044091796426,0.8328065453075297,292.25240478515633,268.11896639404307,-0.08257738172883294,0.7295612009237875,1389.5254173495853,26.10134055195961,0.33708979678566864
0.492,1389.6202660682827,37.27761078808945,26.103882952048757,5.251990200860536,0.755787740438926,0.8327663110850517,292.25240478515633,268.0762228271485,-0.0827236373838582,0.7295612009237875,1389.6202660682827,26.103882952048757,0.3371117676882108
0.493,1389.7155402775636,37.27888866741555,26.106425352137904,5.2519656952683205,0.7557709969223737,0.8327274343975186,292.25240478515633,268.033479260254,-0.08286989303888326,0.7295612009237875,1389.7155402775636,26.106425352137904,0.3371337612425086
0.494,1389.8112399774266,37.280172209599925,26.108967752227052,5.251941189676104,0.7557541786299858,0.8326851221359824,292.25240478515633,267.99073569335945,-0.08301614869390851,0.7297297297297297,1389.8112399774266,26.108967752227052,0.3371557774462327
0.495,1389.9073651678723,37.28146141405769,26.111510218522827,5.251916684083888,0.7557372855617623,0.8326435391715606,292.25240478515633,267.94799212646495,-0.08316240434893356,0.7295612009237875,1389.9073651678723,26.111510218522827,0.3371778167383822
0.496,1390.003915848901,37.282756280201454,26.114065749400183,5.251892178491671,0.7557203177177031,0.8326059150650714,292.25240478515633,267.90524855957045,-0.08330866000395862,0.7295612009237875,1390.003915848901,26.114065749400183,0.33719996576476347
0.497,1390.100892020512,37.284056807441324,26.116629387313704,5.251867672899456,0.7557032750978083,0.8325651830142011,292.25240478515633,267.8625049926759,-0.08345491565898387,0.7293927499422767,1390.100892020512,26.116629387313704,0.3372221914756425
0.498,1390.1982936827055,37.285362995184926,26.119193025227222,5.251843167307239,0.7556861577020779,0.832531326146481,292.25240478515633,267.8197614257814,-0.08360117131400892,0.7293927499422767,1390.1982936827055,26.119193025227222,0.3372444398265304
0.499,1390.2961208354816,37.28667484283738,26.121767277894765,5.251818661715022,0.7556689655305119,0.8324896681805724,292.25240478515633,267.77701785888684,-0.08374742696903417,0.7293927499422767,1390.2961208354816,26.121767277894765,0.33726678157380546
0.5,1390.3943734788404,37.2879923498013,26.124345363889166,5.2517941561228065,0.7556516985831102,0.8324491247777139,292.25240478515633,267.73427429199234,-0.08389368262405923,0.7293927499422767,1390.3943734788404,26.124345363889166,0.3372891715095691
0.501,1390.493051612782,37.289315515476844,26.126926828342302,5.251769650530591,0.7556343568598729,0.832410360572336,292.25240478515633,267.6915307250978,-0.08403993827908449,0.7293927499422767,1390.493051612782,26.126926828342302,0.3373116065992367
0.502,1390.5921552373063,37.29064433926164,26.129513864786688,5.251745144938375,0.7556169403607998,0.832371125841034,292.25240478515633,267.6487871582032,-0.08418619393410973,0.7292243767313019,1390.5921552373063,26.129513864786688,0.3373341014626535
0.503,1390.691684352413,37.291978820550845,26.132101149267413,5.251720639346157,0.7555994490858913,0.8323346129851634,292.25240478515633,267.6060435913087,-0.08433244958913479,0.7292243767313019,1390.691684352413,26.132101149267413,0.3373566206075122
0.504,1390.791638958102,37.293318958737125,26.134691153906864,5.251696133753942,0.7555818830351472,0.8322951381728166,292.25240478515633,267.56330002441416,-0.08447870524416004,0.7289935364727609,1390.791638958102,26.134691153906864,0.33737918051073945
0.505,1390.892019054374,37.29466475321067,26.13728127532534,5.251671628161726,0.7555642422085673,0.8322551068317701,292.25240478515633,267.52055645751966,-0.0846249608991851,0.7288252942534041,1390.892019054374,26.13728127532534,0.337401763815569
0.506,1390.9928246412287,37.29601620335916,26.13987139674382,5.251647122569509,0.7555465266061518,0.8322118358520827,292.25240478515633,267.47781289062516,-0.08477121655421015,0.7288252942534041,1390.9928246412287,26.13987139674382,0.33742436974109424
0.507,1391.094055718666,37.2973733085678,26.142465672213,5.251622616977293,0.7555287362279007,0.8321742814070388,292.25240478515633,267.4350693237306,-0.0849174722092354,0.7290560812370183,1391.094055718666,26.142465672213,0.33744702597607373
0.508,1391.1957122866859,37.298736068219334,26.145068612071523,5.251598111385078,0.755510871073814,0.832134691904249,292.25240478515633,267.3923257568361,-0.08506372786426046,0.7288878634056299,1391.1957122866859,26.145068612071523,0.33746976258429917
0.509,1391.2977943452881,37.30010448169399,26.147674325701065,5.25157360579286,0.7554929311438916,0.8320914162470063,292.25240478515633,267.34958218994154,-0.08520998351928571,0.7288878634056299,1391.2977943452881,26.147674325701065,0.3374925402959821
0.51,1391.4003018944734,37.301478548369545,26.150280039330603,5.251549100200644,0.7554749164381337,0.8320582980315113,292.25240478515633,267.30683862304704,-0.08535623917431076,0.7290560812370183,1391.4003018944734,26.150280039330603,0.3375153406184651
0.511,1391.503234934241,37.302858267621275,26.152887186788792,5.251524594608428,0.75545682695654,0.8320123985869706,292.25240478515633,267.2640950561525,-0.08550249482933601,0.7290560812370183,1391.503234934241,26.152887186788792,0.33753817310726053
0.512,1391.6065934645912,37.304243638821994,26.155494832770753,5.251500089016212,0.7554386626991109,0.8319739661868862,292.25240478515633,267.221351489258,-0.08564875048436107,0.7290560812370183,1391.6065934645912,26.155494832770753,0.33756103152504635
0.513,1391.7103774855238,37.30563466134203,26.15810247875271,5.2514755834239955,0.7554204236658459,0.8319326571706154,292.25240478515633,267.1786079223634,-0.08579500613938632,0.7290560812370183,1391.7103774855238,26.15810247875271,0.33758391254610665
0.514,1391.8145869970394,37.30703133454925,26.160710462440928,5.251451077831779,0.7554021098567455,0.8318877850015273,292.25240478515633,267.1358643554689,-0.08594126179441137,0.7290560812370183,1391.8145869970394,26.160710462440928,0.3376068184190888
0.515,1391.9192219991376,37.308433657809026,26.16332370526957,5.251426572239564,0.7553837212718093,0.8318479259872379,292.25240478515633,267.09312078857437,-0.08608751744943663,0.7288878634056299,1391.9192219991376,26.16332370526957,0.3376297819481089
0.516,1392.0242824918187,37.30984163048429,26.165936948098217,5.251402066647347,0.7553652579110376,0.8318071692436938,292.25240478515633,267.0637801452638,-0.08618791232328589,0.7288878634056299,1392.0242824918187,26.165936948098217,0.33765276807278893
0.517,1392.1297684750816,37.311255251935464,26.168554546882092,5.25137756105513,0.7553467197744302,0.8317653718946683,292.25240478515633,267.042031932068,-0.08626232818040015,0.7288878634056299,1392.1297684750816,26.168554546882092,0.3376758058276995
0.518,1392.2356799489276,37.312674521520535,26.17117216524723,5.251353055462914,0.7553281068619873,0.8317256041428949,292.25240478515633,267.02028371887224,-0.08633674403751442,0.7283836753516255,1392.2356799489276,26.17117216524723,0.3376988663036744
0.519,1392.3420169133562,37.31409943859501,26.17379050655542,5.251328549870698,0.7553094191737086,0.8316850972169375,292.25240478515633,266.99853550567644,-0.08641115989462868,0.7282157676348547,1392.3420169133562,26.17379050655542,0.33772195418679885
0.52,1392.4487793683675,37.31553000251192,26.17641157890557,5.2513040442784815,0.7552906567095943,0.8316431058882059,292.25240478515633,266.97678729248065,-0.08648557575174294,0.7282157676348547,1392.4487793683675,26.17641157890557,0.3377450828606252
0.521,1392.5559673139614,37.31696621262186,26.17903265125572,5.251279538686264,0.7552718194696444,0.8316011779005662,292.25240478515633,266.95503907928475,-0.08655999160885759,0.7284462886122637,1392.5559673139614,26.17903265125572,0.33776823411722284
0.522,1392.6635807501377,37.31840806827292,26.18165475530861,5.251255033094049,0.7552529074538589,0.8315612199750545,292.25240478515633,266.933290866089,-0.08663440746597166,0.7282784051624799,1392.6635807501377,26.18165475530861,0.33779141483139324
0.523,1392.7716196768968,37.31985556881078,26.18428730251689,5.251230527501833,0.7552339206622377,0.8315177989923932,292.25240478515633,266.9115426528932,-0.08670882332308592,0.7282784051624799,1392.7716196768968,26.18428730251689,0.33781468773797824
0.524,1392.8800840942386,37.32130871357861,26.18692748836832,5.251206021909617,0.7552148590947809,0.8314780350348598,292.25240478515633,266.8897944396974,-0.08678323918020019,0.7282784051624799,1392.8800840942386,26.18692748836832,0.3378380341392589
0.525,1392.9889740021629,37.32276750191715,26.189570174960632,5.251181516317401,0.7551957227514885,0.8314348490341058,292.25240478515633,266.8680462265016,-0.08685765503731464,0.7282784051624799,1392.9889740021629,26.189570174960632,0.33786141978295137
0.526,1393.0982894006697,37.324231933164675,26.192212861552946,5.251157010725184,0.7551765116323603,0.8313890146939071,292.25240478515633,266.8462980133058,-0.0869320708944289,0.7282784051624799,1393.0982894006697,26.192212861552946,0.33788482799628006
0.527,1393.2080302897593,37.32570200665701,26.194858604481738,5.2511325051329685,0.7551572257373966,0.8313486764209188,292.25240478515633,266.82454980011,-0.08700648675154318,0.7283410138248848,1393.2080302897593,26.194858604481738,0.3379082791503598
0.528,1393.3181966694315,37.32717772172752,26.19750671756079,5.251107999540751,0.7551378650665974,0.8313030496196314,292.25240478515633,266.8028015869142,-0.08708090260865745,0.7283410138248848,1393.3181966694315,26.19750671756079,0.3379317686683549
0.529,1393.4287885396864,37.32865907770712,26.200154830639836,5.251083493948535,0.7551184296199625,0.8312563930334734,292.25240478515633,266.7810533737184,-0.08715531846577171,0.7283410138248848,1393.4287885396864,26.200154830639836,0.3379552807479872
0.53,1393.5398059005233,37.33014607392427,26.20280645684625,5.251058988356319,0.755098919397492,0.8312126748152616,292.25240478515633,266.75930516052256,-0.08722973432288617,0.7283410138248848,1393.5398059005233,26.20280645684625,0.3379788388053451
0.531,1393.6512487519437,37.33163870970498,26.205459806004097,5.251034482764104,0.7550793343991857,0.8311713305667612,292.25240478515633,266.7375569473268,-0.08730415018000023,0.7283410138248848,1393.6512487519437,26.205459806004097,0.33800243090428406
0.532,1393.7631170939462,37.33313698437283,26.208113155161946,5.251009977171886,0.7550596746250439,0.8311266957283956,292.25240478515633,266.715808734131,-0.08737856603711469,0.728110599078341,1393.7631170939462,26.208113155161946,0.3380260455567731
0.533,1393.8754109265312,37.33464089724892,26.210775808394242,5.25098547157967,0.7550399400750665,0.8310805358062602,292.25240478515633,266.6940605209352,-0.08745298189422895,0.7282784051624799,1393.8754109265312,26.210775808394242,0.33804974478176486
0.534,1393.9881302496992,37.336150447651924,26.213450619612736,5.2509609659874545,0.7550201307492533,0.8310362836641864,292.25240478515633,266.6723123077394,-0.08752739775134322,0.7282784051624799,1393.9881302496992,26.213450619612736,0.33807354760092684
0.535,1394.1012750634497,37.33766563489809,26.216125430831234,5.250936460395238,0.7550002466476047,0.8309963159820573,292.25240478515633,266.6505640945436,-0.08760181360845748,0.7282784051624799,1394.1012750634497,26.216125430831234,0.33809737296546394
0.536,1394.2148453677828,37.339186458301185,26.21880024204973,5.250911954803022,0.7549802877701203,0.8309575583011662,292.25240478515633,266.62881588134775,-0.08767622946557194,0.7278801843317972,1394.2148453677828,26.21880024204973,0.33812122087263136
0.537,1394.3288411626984,37.34071291717257,26.221475053268225,5.250887449210806,0.7549602541168003,0.8309166528796209,292.25240478515633,266.60706766815196,-0.0877506453226862,0.7277125086385625,1394.3288411626984,26.221475053268225,0.33814509131967485
0.538,1394.4432624481967,37.342245010821145,26.224152688090722,5.25086294361859,0.7549401456876447,0.8308737006562533,292.25240478515633,266.58531945495616,-0.08782506117980048,0.7277125086385625,1394.4432624481967,26.224152688090722,0.3381690031261892
0.539,1394.5581092242776,37.34378273855338,26.226835323597353,5.250838438026373,0.7549199624826535,0.8308330026531672,292.25240478515633,266.56357124176037,-0.08789947703691474,0.7277125086385625,1394.5581092242776,26.226835323597353,0.3381929708019823
0.54,1394.673381490941,37.345326099673315,26.229519209296555,5.2508139324341565,0.7548997045018266,0.8307915037642881,292.25240478515633,266.5418230285645,-0.0879738928940292,0.7277125086385625,1394.673381490941,26.229519209296555,0.33821696934320855
0.541,1394.7890792481876,37.34687509348255,26.232203094995757,5.25078942684194,0.7548793717451641,0.8307488448015526,292.25240478515633,266.52007481536873,-0.08804830875114346,0.727942870306381,1394.7890792481876,26.232203094995757,0.3382409904131959
0.542,1394.9052024960163,37.34842971928025,26.234889268940485,5.250764921249724,0.754858964212666,0.8307039065845812,292.25240478515633,266.49832660217294,-0.08812272460825772,0.7281732319741995,1394.9052024960163,26.234889268940485,0.3382650492627599
0.543,1395.0217512344275,37.34998997636315,26.23758112076826,5.250740415657509,0.7548384819043322,0.8306597783274584,292.25240478515633,266.47657838897715,-0.08819714046537198,0.7277752187931829,1395.0217512344275,26.23758112076826,0.3382891684846692
0.544,1395.1387254634217,37.351555864025556,26.24027943504923,5.250715910065292,0.7548179248201629,0.8306142905278562,292.25240478515633,266.4548301757813,-0.08827155632248644,0.7276076444853787,1395.1387254634217,26.24027943504923,0.3383133533061055
0.545,1395.2561251829982,37.35312738155934,26.24297925857871,5.250691404473075,0.7547972929601579,0.830573755456266,292.25240478515633,266.43308196258556,-0.08834597217960051,0.7274401473296501,1395.2561251829982,26.24297925857871,0.33833757070579756
0.546,1395.3739503931572,37.35470452825396,26.24568852225496,5.250666898880859,0.7547765863243172,0.8305337385694674,292.25240478515633,266.41133374938977,-0.08842038803671477,0.7274401473296501,1395.3739503931572,26.24568852225496,0.3383618735488742
0.547,1395.4922010938992,37.356287303396456,26.248400841272073,5.250642393288642,0.7547558049126409,0.8304887260536461,292.25240478515633,266.3895855361939,-0.08849480389382923,0.7274401473296501,1395.4922010938992,26.248400841272073,0.3383862192708823
0.548,1395.6108772852238,37.357875706271415,26.25111316028919,5.250617887696427,0.754734948725129,0.8304524892739127,292.25240478515633,266.3678373229981,-0.08856921975094349,0.7272727272727273,1395.6108772852238,26.25111316028919,0.3384105875018259
0.549,1395.729978967131,37.35946973616102,26.25382547930631,5.250593382104211,0.7547140177617815,0.830410034557732,292.25240478515633,266.3460891098023,-0.08864363560805795,0.7274401473296501,1395.729978967131,26.25382547930631,0.338434978238834
0.55,1395.8495061396204,37.36106939234503,26.25653796797647,5.250568876511995,0.7546930120225984,0.8303667005013123,292.25240478515633,266.32434089660654,-0.08871805146517203,0.7274401473296501,1395.8495061396204,26.25653796797647,0.33845939260994595
0.551,1395.969458802693,37.362674674100795,26.259251663731295,5.250544370919779,0.7546719315075796,0.8303259386586307,292.25240478515633,266.3025926834107,-0.08879246732228649,0.7272727272727273,1395.969458802693,26.259251663731295,0.33848383752786954
0.552,1396.089836956348,37.36428558070324,26.261967946245687,5.250519865327561,0.7546507762167252,0.8302841732896289,292.25240478515633,266.2808444702149,-0.08886688317940075,0.7271053842613898,1396.089836956348,26.261967946245687,0.3385083221867224
0.553,1396.2106406005853,37.365902111424866,26.264686487631405,5.250495359735345,0.7546295461500352,0.8302427815428635,292.25240478515633,266.2590962570191,-0.08894129903651501,0.7272727272727273,1396.2106406005853,26.264686487631405,0.33853284439786696
0.554,1396.3318697354057,37.367524265535785,26.267414096152,5.250470854143129,0.7546082413075095,0.8302017269815839,292.25240478515633,266.2373480438233,-0.08901571489362928,0.726938118242466,1396.3318697354057,26.267414096152,0.3385574495427864
0.555,1396.4535243608082,37.36915204230367,26.27014809101214,5.250446348550913,0.7545868616891482,0.8301555696491679,292.25240478515633,266.21559983062747,-0.08909013075074373,0.726938118242466,1396.4535243608082,26.27014809101214,0.33858211974816604
0.556,1396.5756044767938,37.37078544099379,26.272883874021602,5.250421842958697,0.7545654072949513,0.8301159842216732,292.25240478515633,266.1938516174317,-0.089164546607858,0.7267709291628335,1396.5756044767938,26.272883874021602,0.33860682435918177
0.557,1396.6981100833618,37.37242446086903,26.275624041150348,5.250397337366481,0.7545438781249186,0.830072763370121,292.25240478515633,266.1721034042359,-0.08923896246497226,0.726938118242466,1396.6981100833618,26.275624041150348,0.33863158067781846
0.558,1396.8210411805123,37.37406910118983,26.278364703354455,5.250372831774264,0.7545222741790505,0.8300290618746712,292.25240478515633,266.1503551910401,-0.08931337832208652,0.726938118242466,1396.8210411805123,26.278364703354455,0.33865636277645556
0.559,1396.9443977682458,37.37571936121425,26.28110713406271,5.250348326182048,0.7545005954573466,0.8299852888708442,292.25240478515633,266.1286069778443,-0.08938779417920079,0.726938118242466,1396.9443977682458,26.28110713406271,0.33868117914089874
0.56,1397.0681798465616,37.377375240197935,26.283850562676605,5.250323820589831,0.7544788419598072,0.8299377994188695,292.25240478515633,266.10685876464845,-0.08946221003631524,0.7267080745341615,1397.0681798465616,26.283850562676605,0.3387060246313026
0.561,1397.19238741546,37.37903673739413,26.2865939912905,5.250299314997616,0.7544570136864321,0.8298939259981696,292.25240478515633,266.08511055145266,-0.08953662589342952,0.7267080745341615,1397.19238741546,26.2865939912905,0.33873089259256556
0.562,1397.3170204749413,37.380703852053685,26.289337419904385,5.2502748094054,0.7544351106372214,0.8298534862443149,292.25240478515633,266.06336233825687,-0.08961104175054378,0.7267080745341615,1397.3170204749413,26.289337419904385,0.3387557830216912
0.5630000000000001,1397.442079025005,37.38237658342504,26.292082973029938,5.250250303813183,0.754413132812175,0.829812520476284,292.25240478515633,266.0416141250611,-0.08968545760765805,0.7267080745341615,1397.442079025005,26.292082973029938,0.33878071007782984
0.5640000000000001,1397.5675630656513,37.38405493075425,26.29483047717915,5.250225798220966,0.7543910802112931,0.8297666557620892,292.25240478515633,266.0198659118653,-0.08975987346477231,0.7267080745341615,1397.5675630656513,26.29483047717915,0.33880567260148187
0.5650000000000001,1397.6934725968802,37.385738893284966,26.29757831139324,5.250201292628751,0.7543689528345755,0.8297227009358672,292.25240478515633,265.9981176986695,-0.08983428932188657,0.7265409383624655,1397.6934725968802,26.29757831139324,0.3388306597841875
0.5660000000000001,1397.819807618692,37.38742847025845,26.300326736317153,5.250176787036534,0.7543467506820223,0.8296850142946798,292.25240478515633,265.97636948547364,-0.08990870517900103,0.7263738790526558,1397.819807618692,26.300326736317153,0.33885567336039113
0.5670000000000001,1397.946568131086,37.389123660913555,26.303084747516515,5.250152281444318,0.7543244737536334,0.8296379296821021,292.25240478515633,265.95462127227785,-0.08998312103611529,0.7262068965517241,1397.946568131086,26.303084747516515,0.338880773292173
0.5680000000000001,1398.0737541340627,37.390824464486776,26.30584293854411,5.250127775852102,0.7543021220494089,0.8295922433774938,292.25240478515633,265.93287305908206,-0.09005753689322955,0.7260399908067111,1398.0737541340627,26.30584293854411,0.3389058968723868
0.5690000000000001,1398.2013656276222,37.39253088021219,26.308603859000726,5.250103270259886,0.7542796955693488,0.8295502569990246,292.25240478515633,265.91112484588626,-0.09013195275034382,0.7258101585842335,1398.2013656276222,26.308603859000726,0.33893106109380206
0.5700000000000001,1398.3294026117644,37.3942429073215,26.311365872320746,5.250078764667668,0.7542571943134531,0.8295004156200668,292.25240478515633,265.88937663269047,-0.09020636860745808,0.7258101585842335,1398.3294026117644,26.311365872320746,0.3389562550438748
0.5710000000000001,1398.4578650864892,37.39596054504402,26.314127885640772,5.250054259075452,0.7542346182817217,0.8294569841982264,292.25240478515633,265.8676284194946,-0.09028078446457254,0.7258101585842335,1398.4578650864892,26.314127885640772,0.3389814714344121
0.5720000000000001,1398.5867530517962,37.39768379260668,26.316893815809333,5.250029753483237,0.7542119674741548,0.8294162422502112,292.25240478515633,265.84588020629883,-0.09035520032168681,0.7258101585842335,1398.5867530517962,26.316893815809333,0.33900673637233214
0.5730000000000001,1398.716066507686,37.39941264923402,26.31966545435598,5.250005247891021,0.7541892418907521,0.829367837302302,292.25240478515633,265.82413199310304,-0.09042961617880108,0.7256433823529411,1398.716066507686,26.31966545435598,0.33903206179700557
0.5740000000000001,1398.845805454159,37.40114711414824,26.322450282992666,5.249980742298804,0.7541664415315137,0.8293209122084115,292.25240478515633,265.80238377990725,-0.09050403203591534,0.7254136029411765,1398.845805454159,26.322450282992666,0.33905749757898207
0.5750000000000001,1398.9759698912137,37.40288718656908,26.325235232323486,5.249956236706588,0.75414356639644,0.8292724777698214,292.25240478515633,265.78063556671145,-0.0905784478930296,0.7251838235294118,1398.9759698912137,26.325235232323486,0.3390829565935542
0.5760000000000001,1399.1065598188516,37.40463286571399,26.328020181654317,5.249931731114372,0.7541206164855304,0.829228519309962,292.25240478515633,265.75888735351566,-0.09065286375014386,0.7251838235294118,1399.1065598188516,26.328020181654317,0.33910843803303575
0.577,1399.2375752370717,37.406384150798,26.330805130985144,5.249907225522155,0.7540975917987853,0.8291815426826623,292.25240478515633,265.7371391403198,-0.09072727960725832,0.7249540441176471,1399.2375752370717,26.330805130985144,0.339133941894287
0.578,1399.369016145875,37.40814104103377,26.33360047245507,5.249882719929939,0.7540744923362044,0.8291335394624716,292.25240478515633,265.7139814178467,-0.090806518382009,0.7249540441176471,1399.369016145875,26.33360047245507,0.3391595374489484
0.579,1399.5008825452605,37.409903535631585,26.336400599851263,5.249858214337723,0.754051318097788,0.8290894883749728,292.25240478515633,265.68642630157467,-0.09090080371831712,0.7249540441176471,1399.5008825452605,26.336400599851263,0.33918518732242026
0.58,1399.6331744352285,37.41167163379937,26.33920251430133,5.2498337087455065,0.754028069083536,0.8290485990337785,292.25240478515633,265.65887118530276,-0.09099508905462486,0.7247875028715828,1399.6331744352285,26.33920251430133,0.33921087152082324
0.581,1399.7658918157795,37.41344533474269,26.34200514421653,5.249809203153291,0.7540047452934484,0.8290021291081735,292.25240478515633,265.63131606903073,-0.09108937439093298,0.7247875028715828,1399.7658918157795,26.34200514421653,0.33923658289768777
0.582,1399.8990346869132,37.41522463766472,26.344807774131716,5.249784697561074,0.753981346727525,0.8289514887706558,292.25240478515633,265.6037609527588,-0.09118365972724071,0.7247875028715828,1399.8990346869132,26.344807774131716,0.33926231668048196
0.583,1400.032603048629,37.417009541766284,26.347613346653947,5.249760191968859,0.7539578733857661,0.828911161539107,292.25240478515633,265.5762058364868,-0.09127794506354883,0.7246210381258613,1400.032603048629,26.347613346653947,0.3392880924816515
0.584,1400.1665969009277,37.41880004624584,26.35042528658715,5.249735686376642,0.7539343252681716,0.8288659864732214,292.25240478515633,265.54529172363283,-0.09138372387784702,0.7246210381258613,1400.1665969009277,26.35042528658715,0.3393139331279941
0.585,1400.3010162438093,37.420596150299495,26.353242483413524,5.249711180784425,0.7539107023747413,0.8288199950635274,292.25240478515633,265.51256707763673,-0.09149569779306647,0.7246210381258613,1400.3010162438093,26.353242483413524,0.3393398312134983
0.586,1400.435861077273,37.42239785312097,26.356070607268485,5.249686675192208,0.7538870047054755,0.8287748114254697,292.25240478515633,265.47984243164063,-0.09160767170828595,0.7246210381258613,1400.435861077273,26.356070607268485,0.33936582453249303
0.587,1400.5711314013195,37.42420515390166,26.358904494942163,5.2496621695999925,0.7538632322603741,0.8287289028466472,292.25240478515633,265.44711778564454,-0.0917196456235054,0.7246210381258613,1400.5711314013195,26.358904494942163,0.3393918786633947
0.588,1400.7068272159488,37.42601805183058,26.36173838261584,5.249637664007777,0.753839385039437,0.8286824749989642,292.25240478515633,265.41439313964844,-0.09183161953872486,0.7246210381258613,1400.7068272159488,26.36173838261584,0.33941795518090573
0.589,1400.8429485211607,37.42783654609441,26.36457227028951,5.249613158415561,0.7538154630426643,0.8286302769753174,292.25240478515633,265.4029781829834,-0.09187067809385775,0.7246210381258613,1400.8429485211607,26.36457227028951,0.33944405408177314
0.59,1400.9794953169549,37.42966063587746,26.36741211883561,5.249588652823344,0.753791466270056,0.8285840111155891,292.25240478515633,265.40380917358397,-0.09186783469347186,0.7246210381258613,1400.9794953169549,26.36741211883561,0.33947021509836334
0.591,1401.1164676033318,37.4314903203617,26.370253450889862,5.249564147231128,0.753767394721612,0.8285439644570548,292.25240478515633,265.3904738800049,-0.09191346406507234,0.7246210381258613,1401.1164676033318,26.370253450889862,0.33949640838095385
0.592,1401.2538653802915,37.43332559872675,26.373101157496084,5.249539641638912,0.7537432483973324,0.8285005597956484,292.25240478515633,265.36861000976563,-0.09198827566587107,0.7246210381258613,1401.2538653802915,26.373101157496084,0.3395226665303333
0.593,1401.3916886478337,37.43516647014988,26.37595100485895,5.249515136046695,0.7537190272972172,0.8284546809283359,292.25240478515633,265.339154737854,-0.09208906276438364,0.7244546498277842,1401.3916886478337,26.37595100485895,0.33954896132040957
0.594,1401.5299374059584,37.43701293380601,26.378803061135795,5.249490630454479,0.7536947314212663,0.8284085469836961,292.25240478515633,265.3096994659424,-0.0921898498628962,0.7244546498277842,1401.5299374059584,26.378803061135795,0.3395752932022246
0.595,1401.668611654666,37.43886498886773,26.38165861409731,5.249466124862264,0.7536703607694799,0.8283605767472966,292.25240478515633,265.28024419403084,-0.09229063696140857,0.7244546498277842,1401.668611654666,26.38165861409731,0.33960167075684644
0.596,1401.807711393956,37.44072263450528,26.384518895203218,5.249441619270048,0.7536459153418578,0.8283113995611109,292.25240478515633,265.25078892211917,-0.09239142405992133,0.7242883379247016,1401.807711393956,26.384518895203218,0.33962810218996037
0.597,1401.947236623829,37.442585869886564,26.38738345581065,5.24941711367783,0.7536213951384,0.8282652087028697,292.25240478515633,265.22133365020755,-0.0924922111584339,0.7240587695133149,1401.947236623829,26.38738345581065,0.3396545845075509
0.598,1402.087187344284,37.44445469417713,26.39024801641808,5.249392608085614,0.7535968001591067,0.8282192601741116,292.25240478515633,265.19187837829594,-0.09259299825694646,0.7240587695133149,1402.087187344284,26.39024801641808,0.33968108917879797
0.599,1402.227563555322,37.446329106540226,26.39311429784309,5.249368102493397,0.7535721304039777,0.828165675004387,292.25240478515633,265.1624231063844,-0.09269378535545883,0.7240587695133149,1402.227563555322,26.39311429784309,0.3397076276714557
0.6,1402.3683652569428,37.448209106136744,26.395981895563455,5.2493435969011815,0.7535473858730131,0.8281192279044487,292.25240478515633,265.1329678344727,-0.09279457245397159,0.723892586642185,1402.3683652569428,26.395981895563455,0.339734197285592
0.601,1402.5095924491457,37.45009469212522,26.398849493283823,5.249319091308966,0.7535225665662129,0.8280696441724621,292.25240478515633,265.1035125625611,-0.09289535955248415,0.723892586642185,1402.5095924491457,26.398849493283823,0.33976078924331654
0.602,1402.6512451319315,37.45198586366191,26.401718932940398,5.24929458571675,0.7534976724835769,0.8280257342748611,292.25240478515633,265.0740572906494,-0.09299614665099691,0.723892586642185,1402.6512451319315,26.401718932940398,0.33978741581974126
0.603,1402.7933233052997,37.4538826199007,26.404599131422295,5.249270080124533,0.7534727036251054,0.8279748052940407,292.25240478515633,265.04460201873786,-0.09309693374950928,0.723892586642185,1402.7933233052997,26.404599131422295,0.3398141364521429
0.604,1402.935826969251,37.455784959993174,26.407482802195,5.249245574532316,0.7534476599907983,0.8279248783941153,292.25240478515633,265.0151467468262,-0.09319772084802204,0.7237264800367141,1402.935826969251,26.407482802195,0.3398409025645351
0.605,1403.0787561237846,37.457692883088576,26.410371284680547,5.249221068940101,0.7534225415806555,0.8278722206450798,292.25240478515633,264.98569147491463,-0.09329850794653441,0.7235604496444139,1403.0787561237846,26.410371284680547,0.3398677230822041
0.606,1403.222110768901,37.45960638833383,26.41326057158681,5.249196563347883,0.7533973483946771,0.8278251606047237,292.25240478515633,264.95623620300296,-0.09339929504504717,0.7235604496444139,1403.222110768901,26.41326057158681,0.339894571288824
0.607,1403.3658909045996,37.46152547487355,26.41614985849308,5.249172057755668,0.7533720804328631,0.8277790121255346,292.25240478515633,264.9267809310914,-0.09350008214355954,0.7235604496444139,1403.3658909045996,26.41614985849308,0.3399214418186438
0.608,1403.5100965308814,37.46345014185001,26.419043030141893,5.2491475521634525,0.7533467376952134,0.8277365839088088,292.25240478515633,264.8973256591798,-0.0936008692420721,0.7235604496444139,1403.5100965308814,26.419043030141893,0.33994836056422234
0.609,1403.6547276477452,37.465380388403176,26.4219374162794,5.249123046571235,0.7533213201817281,0.8276922281980328,292.25240478515633,264.86787038726817,-0.09370165634058467,0.723331039229181,1403.6547276477452,26.4219374162794,0.3399753097220042
0.61,1403.7997842551922,37.46731621367071,26.424831802416914,5.249098540979019,0.7532958278924071,0.8276418181849425,292.25240478515633,264.8384151153565,-0.09380244343909742,0.7231016288139481,1403.7997842551922,26.424831802416914,0.3400022811926667
0.611,1403.9452663532215,37.46925761678795,26.42772618855442,5.249074035386803,0.7532702608272506,0.8275916701952485,292.25240478515633,264.80895984344494,-0.0939032305376098,0.7231016288139481,1403.9452663532215,26.42772618855442,0.3400292749727512
0.612,1404.0911739418334,37.47120459688791,26.430620574691932,5.249049529794586,0.7532446189862585,0.8275456462634966,292.25240478515633,264.7795045715333,-0.09400401763612236,0.723331039229181,1404.0911739418334,26.430620574691932,0.34005629105879037
0.613,1404.2375070210278,37.47315715310131,26.433514960829438,5.24902502420237,0.7532189023694307,0.8275008720620894,292.25240478515633,264.7564677642823,-0.09408284267527965,0.7231651376146789,1404.2375070210278,26.433514960829438,0.3400833294473072
0.614,1404.3842655908052,37.475115284556566,26.436412671913224,5.249000518610155,0.7531931109767672,0.8274499332845008,292.25240478515633,264.7447480651856,-0.09412294396753534,0.7231651376146789,1404.3842655908052,26.436412671913224,0.34011041229916034
0.615,1404.531449651165,37.47707899037977,26.43931273674853,5.248976013017939,0.7531672448082681,0.8274009628743636,292.25240478515633,264.73302836608894,-0.09416304525979083,0.7231651376146789,1404.531449651165,26.43931273674853,0.34013753313679645
0.616,1404.6790592021075,37.47904826969473,26.44221280392993,5.248951507425722,0.7531413038639334,0.8273489900960819,292.25240478515633,264.7213086669923,-0.09420314655204631,0.7231651376146789,1404.6790592021075,26.44221280392993,0.3401646762820637
0.617,1404.8270942436327,37.48102312162293,26.445113439242768,5.248927001833505,0.753115288143763,0.8273009816362263,292.25240478515633,264.7095889678956,-0.09424324784430181,0.7229993120843843,1404.8270942436327,26.445113439242768,0.34019184550301645
0.618,1404.97555477574,37.48300354528356,26.448017032556074,5.24890249624129,0.7530891976477572,0.8272495121066802,292.25240478515633,264.6978692687989,-0.09428334913655749,0.7229993120843843,1404.97555477574,26.448017032556074,0.34021905672718045
0.619,1405.1244407984307,37.48498953979353,26.45092184910118,5.248877990649072,0.7530630323759155,0.8272009273037598,292.25240478515633,264.68614956970225,-0.09432345042881297,0.7229993120843843,1405.1244407984307,26.45092184910118,0.3402462983869239
0.62,1405.2737523117034,37.48698110426743,26.453839465453886,5.2488534850568564,0.7530367923282383,0.8271482947292064,292.25240478515633,264.67442987060554,-0.09436355172106867,0.7229993120843843,1405.2737523117034,26.453839465453886,0.34027364764903967
0.621,1405.423489315559,37.48897823781756,26.456768929793576,5.2488289794646406,0.7530104775047255,0.8270973062049138,292.25240478515633,264.6627101715089,-0.09440365301332415,0.7229993120843843,1405.423489315559,26.456768929793576,0.3403010981650691
0.622,1405.573651809997,37.49098093955394,26.45969881063477,5.2488044738724255,0.752984087905377,0.8270487245738979,292.25240478515633,264.65099047241216,-0.09444375430557983,0.723062815222375,1405.573651809997,26.45969881063477,0.34032857372830083
0.623,1405.7242397950176,37.492989208584284,26.46262915628706,5.248779968280208,0.7529576235301929,0.8269964596792787,292.25240478515633,264.6392707733155,-0.09448385559783533,0.7228970891588357,1405.7242397950176,26.46262915628706,0.34035607465720163
0.624,1405.875253270621,37.49500304401403,26.46556544307189,5.248755462687991,0.7529310843791732,0.8269517363889453,292.25240478515633,264.6275510742188,-0.09452395689009101,0.7228970891588357,1405.875253270621,26.46556544307189,0.3403836374537686
0.625,1406.0266922368069,37.4970224449463,26.468507815485598,5.248730957095775,0.7529044704523178,0.8269035359485704,292.25240478515633,264.6158313751221,-0.09456405818234649,0.7228970891588357,1406.0266922368069,26.468507815485598,0.3404112630776383
0.626,1406.1785566935757,37.499047410481985,26.471455418610372,5.24870645150356,0.7528777817496268,0.8268542385712974,292.25240478515633,264.60411167602547,-0.09460415947460199,0.7227314390467461,1406.1785566935757,26.471455418610372,0.3404389458262673
0.627,1406.330846640927,37.501077939719636,26.474404332859034,5.248681945911343,0.7528510182711001,0.826798550509238,292.25240478515633,264.5923919769288,-0.09464426076685747,0.7225022914757103,1406.330846640927,26.474404332859034,0.34046665956778405
0.628,1406.4835620788608,37.50311403175556,26.477353445640837,5.248657440319126,0.7528241800167379,0.8267481333091743,292.25240478515633,264.58067227783215,-0.09468436205911296,0.7225022914757103,1406.4835620788608,26.477353445640837,0.3404943968819595
0.629,1406.636703007377,37.50515568568376,26.480304312685863,5.248632934726911,0.7527972669865401,0.8266978669552493,292.25240478515633,264.56895257873543,-0.09472446335136865,0.7225022914757103,1406.636703007377,26.480304312685863,0.3405221681357851
0.63,1406.7902694264762,37.50720290059599,26.483255179730893,5.248608429134694,0.7527702791805065,0.8266523473563016,292.25240478515633,264.5572328796388,-0.09476456464362414,0.7223367697594502,1406.7902694264762,26.483255179730893,0.3405499616315762
0.631,1406.9442613361575,37.50925567558169,26.486206738576918,5.248583923542479,0.7527432165986374,0.8266076388815724,292.25240478515633,264.54551318054206,-0.09480466593587981,0.7223367697594502,1406.9442613361575,26.486206738576918,0.3405777819772888
0.632,1407.098678736422,37.51131400972808,26.489160837123542,5.248559417950262,0.7527160792409326,0.8265540220731048,292.25240478515633,264.5337934814454,-0.09484476722813531,0.7223367697594502,1407.098678736422,26.489160837123542,0.3406056414875114
0.633,1407.253521627269,37.513377902120055,26.492114935670166,5.248534912358045,0.7526888671073922,0.8265031700812302,292.25240478515633,264.5220737823487,-0.09488486852039099,0.7223367697594502,1407.253521627269,26.492114935670166,0.34063352322874657
0.634,1407.4087900086988,37.515447351840265,26.495069164014634,5.2485104067658295,0.7526615801980162,0.8264553321212754,292.25240478515633,264.510354083252,-0.09492496981264648,0.722005953743989,1407.4087900086988,26.495069164014634,0.34066142806256766
0.635,1407.564483880711,37.51752235796909,26.498036421819908,5.248485901173613,0.7526342185128045,0.826403897261849,292.25240478515633,264.4986343841553,-0.09496507110490217,0.722005953743989,1407.564483880711,26.498036421819908,0.3406894419754305
0.636,1407.7206032433055,37.519602919584656,26.501005501249825,5.248461395581397,0.7526067820517572,0.8263549591730165,292.25240478515633,264.48691468505865,-0.09500517239715765,0.722005953743989,1407.7206032433055,26.501005501249825,0.3407174902513599
0.637,1407.8771480964829,37.521689035762805,26.50397682088724,5.248436889989181,0.7525792708148744,0.8262975028344641,292.25240478515633,264.475194985962,-0.09504527368941314,0.722005953743989,1407.8771480964829,26.50397682088724,0.3407455756769648
0.638,1408.034118440243,37.52378070557714,26.50695150494386,5.248412384396965,0.7525516848021558,0.8262450848854186,292.25240478515633,264.46347528686533,-0.09508537498166864,0.7222349438974124,1408.034118440243,26.50695150494386,0.34077370574262056
0.639,1408.1915142745854,37.52587792809897,26.509926189000492,5.248387878804747,0.7525240240136016,0.8261942098871993,292.25240478515633,264.4517555877686,-0.09512547627392431,0.7222349438974124,1408.1915142745854,26.509926189000492,0.34080185801713864
0.64,1408.3493355995106,37.527980702397386,26.512906241932566,5.248363373212532,0.7524962884492119,0.8261486883810938,292.25240478515633,264.44003588867196,-0.0951655775661798,0.7219043259327077,1408.3493355995106,26.512906241932566,0.34083006828612744
0.641,1408.5075824150185,37.530089027539205,26.51588719807381,5.248338867620316,0.7524684781089864,0.8260974935023355,292.25240478515633,264.42831618957524,-0.09520567885843549,0.7220695970695971,1408.5075824150185,26.51588719807381,0.3408583067773838
0.642,1408.666254721109,37.532202902588985,26.51886815421506,5.248314362028099,0.7524405929929254,0.82604588240146,292.25240478515633,264.4165964904786,-0.09524578015069098,0.7220695970695971,1408.666254721109,26.51886815421506,0.3408865674663053
0.643,1408.825352517782,37.53432232660904,26.521849110356303,5.248289856435883,0.7524126331010287,0.8259954508876758,292.25240478515633,264.40487679138187,-0.09528588144294665,0.7219043259327077,1408.825352517782,26.521849110356303,0.3409148503491414
0.644,1408.9848758050375,37.53644729865944,26.524830591275737,5.248265350843668,0.7523845984332964,0.8259419922929981,292.25240478515633,264.3931570922852,-0.09532598273520215,0.7219043259327077,1408.9848758050375,26.524830591275737,0.3409431589203441
0.645,1409.144824582876,37.538577817798,26.527821389720483,5.24824084525145,0.7523564889897284,0.8258893066191585,292.25240478515633,264.3814373931885,-0.09536608402745783,0.7219043259327077,1409.144824582876,26.527821389720483,0.34097155178926575
0.646,1409.305198851297,37.54071388308029,26.530816651121395,5.248216339659234,0.7523283047703249,0.8258384254979592,292.25240478515633,264.36971769409183,-0.09540618531971332,0.7219043259327077,1409.305198851297,26.530816651121395,0.3409999965912021
0.647,1409.4659986103006,37.542855493559635,26.533811912522303,5.248191834067018,0.7523000457750856,0.8257888833018602,292.25240478515633,264.3579979949952,-0.09544628661196881,0.7219043259327077,1409.4659986103006,26.533811912522303,0.3410284635719616
0.648,1409.6272238598865,37.54500264828712,26.536807173923215,5.248167328474802,0.7522717120040108,0.8257401822225446,292.25240478515633,264.3462782958985,-0.0954863879042243,0.7217391304347827,1409.6272238598865,26.536807173923215,0.34105695272774883
0.649,1409.7888746000554,37.54715534631159,26.539802435324127,5.248142822882586,0.7522433034571003,0.8256863941914638,292.25240478515633,264.3345585968018,-0.09552648919647998,0.7215740105239076,1409.7888746000554,26.539802435324127,0.34108546405475965
0.65,1409.9509508308072,37.54931358667968,26.54279769672504,5.248118317290369,0.7522148201343541,0.8256323117153056,292.25240478515633,264.32850738525394,-0.09554719462592651,0.7215740105239076,1409.9509508308072,26.54279769672504,0.3411139975491808
0.651,1410.113452552141,37.551477368435734,26.545798786144097,5.248093811698154,0.7521862620357724,0.8255823436609242,292.25240478515633,264.33326868286133,-0.09553090289477416,0.7215740105239076,1410.113452552141,26.545798786144097,0.34114259205720215
0.652,1410.2763797640575,37.5536466906219,26.548813507400368,5.248069306105937,0.7521576291613551,0.8255361345140442,292.25240478515633,264.3380299804688,-0.09551461116362162,0.7214089661482159,1410.2763797640575,26.548813507400368,0.3411712995958439
0.653,1410.439732466557,37.55582155227811,26.551828228656646,5.24804480051372,0.7521289215111021,0.8254868883088242,292.25240478515633,264.34279127807616,-0.09549831943246925,0.7214089661482159,1410.439732466557,26.551828228656646,0.34120002929040283
0.654,1410.6035106596387,37.55800195244202,26.554844334772415,5.248020294921504,0.7521001390850135,0.8254372002051218,292.25240478515633,264.3475525756836,-0.09548202770131671,0.7212439972558884,1410.6035106596387,26.554844334772415,0.3412287903686084
0.655,1410.7677143433032,37.5601878901491,26.557861069804304,5.247995789329288,0.7520712818830892,0.8253843777178094,292.25240478515633,264.35231387329105,-0.09546573597016417,0.7210791037951532,1410.7677143433032,26.557861069804304,0.341257577787427
0.656,1410.9323435175502,37.56237936443257,26.560880661018587,5.247971283737073,0.7520423499053294,0.8253317214744247,292.25240478515633,264.35707517089844,-0.09544944423901182,0.7210791037951532,1410.9323435175502,26.560880661018587,0.34128640639011815
0.657,1411.09739818238,37.56457637432346,26.56390192328024,5.247946778144856,0.7520133431517338,0.8252819998649721,292.25240478515633,264.35072890014646,-0.0954711592724831,0.7210791037951532,1411.09739818238,26.56390192328024,0.341315268272606
0.658,1411.2628783377922,37.566778918850524,26.5669281220751,5.247922272552639,0.7519842616223027,0.8252295908896055,292.25240478515633,264.3428305786133,-0.09549818495782851,0.7208504801097394,1411.2628783377922,26.5669281220751,0.34134418519898296
0.659,1411.4287839837873,37.568986997040355,26.56996059108317,5.247897766960423,0.751955105317036,0.8251762346992599,292.25240478515633,264.3349322570801,-0.09552521064317412,0.7208504801097394,1411.4287839837873,26.56996059108317,0.34137316605576795
0.66,1411.595115120365,37.5712006079173,26.572996856923453,5.247873261368207,0.7519258742359336,0.825129317153699,292.25240478515633,264.3438486328125,-0.09549470148196125,0.7207866453235765,1411.595115120365,26.572996856923453,0.34140219435131297
0.661,1411.761871747525,37.57341975050348,26.576033122763725,5.24784875577599,0.7518965683789955,0.8250756854694012,292.25240478515633,264.3552988342285,-0.09545552232987044,0.7207866453235765,1411.761871747525,26.576033122763725,0.34143124477173453
0.662,1411.9290538652679,37.57564442381884,26.579069388604008,5.247824250183775,0.751867187746222,0.8250185197415356,292.25240478515633,264.36674903564455,-0.09541634317777943,0.7207866453235765,1411.9290538652679,26.579069388604008,0.3414603173131129
0.663,1412.0966614735933,37.57787462688108,26.582105654444284,5.247799744591558,0.7518377323376126,0.8249650929863543,292.25240478515633,264.3781992370606,-0.09537716402568842,0.7206218564243255,1412.0966614735933,26.582105654444284,0.34148941197151916
0.664,1412.2646945725014,37.580110358705724,26.585141920284563,5.247775238999343,0.7518082021531678,0.824906250023683,292.25240478515633,264.38964943847657,-0.09533798487359761,0.7202285714285714,1412.2646945725014,26.585141920284563,0.34151852874301564
0.665,1412.4331531619919,37.582351618306056,26.588179101526666,5.247750733407126,0.7517785971928872,0.824853509142646,292.25240478515633,264.4010996398926,-0.09529880572150662,0.719899474525931,1412.4331531619919,26.588179101526666,0.3415476737257942
0.666,1412.602037242065,37.58459840469318,26.59121852384807,5.247726227814909,0.7517489174567711,0.8248031985025108,292.25240478515633,264.41254984130865,-0.09525962656941561,0.719899474525931,1412.602037242065,26.59121852384807,0.3415768557529664
0.667,1412.7713468127213,37.58685071687599,26.59426211044158,5.2477017222226925,0.7517191629448192,0.824752693693644,292.25240478515633,264.42400004272463,-0.0952204474173248,0.719899474525931,1412.7713468127213,26.59426211044158,0.34160608764071754
0.668,1412.9410818739595,37.58910855386118,26.5973082247975,5.247677216630477,0.7516893336570318,0.8247003454461945,292.25240478515633,264.4354502441406,-0.09518126826523399,0.7197350388305163,1412.9410818739595,26.5973082247975,0.34163535847597676
0.669,1413.1112424257806,37.591371914653244,26.60035438223565,5.247652711038261,0.7516594295934087,0.8246496457258078,292.25240478515633,264.44690044555665,-0.09514208911314298,0.7197350388305163,1413.1112424257806,26.60035438223565,0.3416646516916954
0.67,1413.2818284681844,37.59364079825449,26.603402557298338,5.247628205446045,0.75162945075395,0.8245954287247662,292.25240478515633,264.4583506469727,-0.09510290996105199,0.7197350388305163,1413.2818284681844,26.603402557298338,0.3416939804463322
0.671,1413.4528400011707,37.59591520366502,26.606452053704608,5.247603699853828,0.7515993971386558,0.8245457768169098,292.25240478515633,264.46980084838873,-0.09506373080896098,0.7197350388305163,1413.4528400011707,26.606452053704608,0.34172334009442606
0.672,1413.6242770247397,37.59819512988276,26.609505117052514,5.247579194261612,0.7515692687475258,0.8244914710226194,292.25240478515633,264.4812510498047,-0.09502455165687017,0.719899474525931,1413.6242770247397,26.609505117052514,0.3417527456012965
0.673,1413.7961395388913,37.60048057590343,26.612560981999444,5.247554688669396,0.7515390655805603,0.8244393856015799,292.25240478515633,264.49270125122075,-0.09498537250477916,0.7196710075394106,1413.7961395388913,26.612560981999444,0.3417821918610946
0.674,1413.9684275436257,37.60277154072058,26.61563089459701,5.2475301830771794,0.7515087876377591,0.824387416657689,292.25240478515633,264.50415145263673,-0.09494619335268835,0.7196710075394106,1413.9684275436257,26.61563089459701,0.34181175383683005
0.675,1414.1411410389424,37.60506802332556,26.61870306601228,5.2475056774849635,0.7514784349191221,0.8243342348618611,292.25240478515633,264.5156016540528,-0.09490701420059736,0.7196710075394106,1414.1411410389424,26.61870306601228,0.34184135293921214
0.676,1414.314280024842,37.60737002270754,26.621776271684062,5.247481171892748,0.7514480074246497,0.8242835893047539,292.25240478515633,264.52705185546876,-0.09486783504850654,0.7192782092279579,1414.314280024842,26.621776271684062,0.3418709810011797
0.677,1414.487844501324,37.60967753785352,26.624850598974977,5.24745666630053,0.7514175051543416,0.8242333509157836,292.25240478515633,264.5385020568848,-0.09482865589641554,0.7191139529572962,1414.487844501324,26.624850598974977,0.34190063860104697
0.678,1414.6618344683884,37.611990567748315,26.62793959050078,5.247432160708314,0.751386928108198,0.8241809555715759,292.25240478515633,264.54995225830083,-0.09478947674432453,0.7192782092279579,1414.6618344683884,26.62793959050078,0.34193041601085994
0.679,1414.8362499260359,37.61430911137457,26.631035580921147,5.247407655116099,0.7513562762862186,0.8241270241423095,292.25240478515633,264.5614024597168,-0.09475029759223372,0.7194425405528901,1414.8362499260359,26.631035580921147,0.34196026212880815
0.68,1415.0110908742658,37.616633167712735,26.634137116482684,5.247383149523881,0.7513255496884036,0.8240733580689465,292.25240478515633,264.57285266113286,-0.09471111844014271,0.7196069469835467,1415.0110908742658,26.634137116482684,0.3419901672599831
0.681,1415.1863573130781,37.61896273574111,26.637245324291495,5.2473586439316655,0.751294748314753,0.8240203034303507,292.25240478515633,264.58430286254884,-0.09467193928805191,0.7196069469835467,1415.1863573130781,26.637245324291495,0.3420201389136732
0.682,1415.3620492424732,37.62129781443582,26.64036304978254,5.24733413833945,0.7512638721652668,0.8239739038286774,292.25240478515633,264.5957530639649,-0.0946327601359609,0.7192782092279579,1415.3620492424732,26.64036304978254,0.34205019605366926
0.683,1415.538166662451,37.623638402770816,26.643488778964887,5.247309632747234,0.7512329212399449,0.8239147151284234,292.25240478515633,264.60720326538086,-0.09459358098387009,0.7192782092279579,1415.538166662451,26.643488778964887,0.34208032858348886
0.684,1415.7147095730113,37.625984499717894,26.64662236159674,5.247285127155017,0.7512018955387874,0.823860373720472,292.25240478515633,264.6186534667969,-0.09455440183177909,0.7192782092279579,1415.7147095730113,26.64662236159674,0.34211053549749604
0.685,1415.8916779741546,37.628336104246685,26.64975876710629,5.2472606215628,0.7511707950617942,0.8238080335031602,292.25240478515633,264.63010366821294,-0.09451522267968808,0.7192782092279579,1415.8916779741546,26.64975876710629,0.3421407832573957
0.686,1416.0690718658798,37.63069321532464,26.652895172615843,5.247236115970585,0.7511396198089655,0.8237512903010701,292.25240478515633,264.641553869629,-0.09447604352759709,0.7192782092279579,1416.0690718658798,26.652895172615843,0.3421710530415406
0.687,1416.2468912481884,37.63305583191708,26.65603157812539,5.247211610378368,0.7511083697803012,0.8236936892594346,292.25240478515633,264.65300407104496,-0.09443686437550627,0.7191139529572962,1416.2468912481884,26.65603157812539,0.3422013448457925
0.6880000000000001,1416.425136121079,37.63542395298715,26.659167983634937,5.2471871047861525,0.7510770449758011,0.8236377411212875,292.25240478515633,264.66445427246094,-0.09439768522341546,0.7192782092279579,1416.425136121079,26.659167983634937,0.34223165866600413
0.6890000000000001,1416.6038064845525,37.63779757749585,26.66230498292956,5.247162599193936,0.7510456453954655,0.8235743025709827,292.25240478515633,264.675904473877,-0.09435850607132446,0.7191139529572962,1416.6038064845525,26.66230498292956,0.34226199845623645
0.6900000000000001,1416.7829023386087,37.64017670440202,26.665443804898626,5.247138093601721,0.7510141710392941,0.8235254636142011,292.25240478515633,264.687354675293,-0.09431932691923345,0.7191139529572962,1416.7829023386087,26.665443804898626,0.3422923724041951
0.6910000000000001,1416.9624236832476,37.64256133266236,26.668586599013942,5.247113588009503,0.7509826219072873,0.8234692320121898,292.25240478515633,264.698804876709,-0.09428014776714265,0.7184931506849315,1416.9624236832476,26.668586599013942,0.3423227948342498
0.6920000000000001,1417.1423705184686,37.64495146123141,26.67173056823402,5.247089082417287,0.7509509979994448,0.8234130258456398,292.25240478515633,264.71025507812504,-0.09424096861505164,0.7184931506849315,1417.1423705184686,26.67173056823402,0.3423532470969279
0.6930000000000001,1417.3227428442726,37.64734708906157,26.674876215616223,5.24706457682507,0.7509192993157665,0.8233566001351227,292.25240478515633,264.7217052795411,-0.09420178946296064,0.7183291485962109,1417.3227428442726,26.674876215616223,0.3423837325414579
0.6940000000000001,1417.5035406606592,37.6497482151031,26.67802215104516,5.247040071232854,0.7508875258562527,0.823300679078615,292.25240478515633,264.73315548095707,-0.09416261031086982,0.7183291485962109,1417.5035406606592,26.67802215104516,0.3424142418970264
0.6950000000000001,1417.6847639676284,37.65215483830412,26.681173406008956,5.2470155656406385,0.7508556776209033,0.8232451524223253,292.25240478515633,264.73817588806156,-0.0941454319847986,0.7183291485962109,1417.6847639676284,26.681173406008956,0.34244480869970856
0.6960000000000001,1417.8664127651803,37.654566957610605,26.684326747099796,5.246991060048421,0.7508237546097183,0.8231929263534223,292.25240478515633,264.73959191894534,-0.09414058675218259,0.7183291485962109,1417.8664127651803,26.684326747099796,0.34247541139114634
0.6970000000000001,1418.0484870533144,37.65698457196638,26.687480088190643,5.246966554456205,0.7507917568226976,0.8231347103036085,292.25240478515633,264.7410079498291,-0.09413574151956658,0.7183291485962109,1418.0484870533144,26.687480088190643,0.3425060360608341
0.6980000000000001,1418.2309868320315,37.65940768031318,26.69063342928148,5.24694204886399,0.7507596842598413,0.8230705927650027,292.25240478515633,264.74242398071294,-0.09413089628695037,0.7183291485962109,1418.2309868320315,26.69063342928148,0.3425366827045388
0.6990000000000001,1418.413912101331,37.66183628159056,26.693790526305797,5.246917543271774,0.7507275369211494,0.8230120561320131,292.25240478515633,264.7438400115967,-0.09412605105433434,0.7183291485962109,1418.413912101331,26.693790526305797,0.3425673763553575
0.7000000000000001,1418.5972628612133,37.66427037473596,26.69695384534326,5.246893037679556,0.7506953148066218,0.8229572916763273,292.25240478515633,264.7452560424805,-0.09412120582171833,0.7183291485962109,1418.5972628612133,26.69695384534326,0.34259813344811474
0.7010000000000001,1418.7810391116784,37.66670995868472,26.70011880376713,5.2468685320873405,0.7506630179162586,0.8229042319185185,292.25240478515633,264.74667207336427,-0.09411636058910232,0.7185574069847067,1418.7810391116784,26.70011880376713,0.342628923430414
0.7020000000000001,1418.9652408527256,37.66915503236999,26.703283762191,5.246844026495125,0.7506306462500598,0.822850749915989,292.25240478515633,264.74808810424804,-0.09411151535648629,0.7185574069847067,1418.9652408527256,26.703283762191,0.34265973536971395
0.7030000000000001,1419.1498680843556,37.67160559472287,26.70644872061487,5.24681952090291,0.7505981998080253,0.8228002946129216,292.25240478515633,264.764939994812,-0.09405385324562589,0.7183934276586034,1419.1498680843556,26.70644872061487,0.34269056926173924
0.704,1419.3349208065683,37.6740616446723,26.709616099403107,5.246795015310692,0.7505656785901552,0.8227449802935505,292.25240478515633,264.7871133422852,-0.09397798270663238,0.7182295231576545,1419.3349208065683,26.709616099403107,0.3427214412365389
0.705,1419.5203990193636,37.67652318114509,26.71279837206661,5.246770509718476,0.7505330825964496,0.8226867544268933,292.25240478515633,264.8092866897583,-0.09390211216763907,0.7182295231576545,1419.5203990193636,26.71279837206661,0.34275243443919273
0.706,1419.7063027227416,37.67899020306597,26.71598879517829,5.246746004126259,0.7505004118269082,0.8226276954133648,292.25240478515633,264.83146003723147,-0.09382624162864575,0.718065693430657,1419.7063027227416,26.71598879517829,0.34278350391320217
0.707,1419.892631916702,37.681462709357525,26.719186943799354,5.246721498534043,0.7504676662815313,0.822573022400873,292.25240478515633,264.8536333847046,-0.09375037108965244,0.7182937956204379,1419.892631916702,26.719186943799354,0.34281464682158375
0.708,1420.0793866012452,37.68394069894025,26.72238509242042,5.2466969929418275,0.7504348459603186,0.8225165570214753,292.25240478515633,264.8758067321778,-0.09367450055065893,0.7181299885974914,1420.0793866012452,26.72238509242042,0.3428458116611869
0.709,1420.266566776371,37.6864241707325,26.725591067978677,5.246672487349612,0.7504019508632704,0.8224625745606833,292.25240478515633,264.8979800796509,-0.09359863001166581,0.7181299885974914,1420.266566776371,26.725591067978677,0.3428770506026436
0.71,1420.4541724420797,37.688913123650565,26.728798419484438,5.246647981757395,0.7503689809903865,0.8224062132719465,292.25240478515633,264.9163587036133,-0.09353574387741512,0.7181299885974914,1420.4541724420797,26.728798419484438,0.34290832063883203
0.711,1420.6422035983708,37.69140755660859,26.732007759247377,5.246623476165179,0.7503359363416671,0.8223429134221969,292.25240478515633,264.92780890502934,-0.09349656472532411,0.7181299885974914,1420.6422035983708,26.732007759247377,0.3429396258471118
0.712,1420.8306602452442,37.693907468518624,26.735217484200028,5.246598970572961,0.750302816917112,0.8222919559143118,292.25240478515633,264.9392591064454,-0.09345738557323312,0.7179019384264538,1420.8306602452442,26.735217484200028,0.34297095553696183
0.713,1421.0195423827006,37.69641285829065,26.73842720915269,5.246574464980745,0.7502696227167212,0.8222298425174213,292.25240478515633,264.95070930786136,-0.0934182064211423,0.7179019384264538,1421.0195423827006,26.73842720915269,0.34300230713631874
0.714,1421.2088500107393,37.698923724832504,26.74163693410534,5.246549959388529,0.7502363537404948,0.8221770835484989,292.25240478515633,264.95279768371586,-0.09341106062586294,0.7175746523820379,1421.2088500107393,26.74163693410534,0.34303368064081396
0.715,1421.398583129361,37.70144006704997,26.744847389892602,5.2465254537963135,0.7502030099884327,0.8221208296427798,292.25240478515633,264.94991268157963,-0.09342093223714477,0.7174111212397447,1421.398583129361,26.744847389892602,0.34306508091787025
0.716,1421.5887417385647,37.7039618838467,26.748060399445663,5.246500948204097,0.7501695914605352,0.8220627588983095,292.25240478515633,264.94702767944335,-0.09343080384842682,0.7174111212397447,1421.5887417385647,26.748060399445663,0.3430965201149006
0.717,1421.779325838352,37.706489174124286,26.751274295448557,5.246476442611881,0.7501360981568018,0.822002038609874,292.25240478515633,264.9441426773071,-0.09344067545970867,0.7175746523820379,1421.779325838352,26.751274295448557,0.3431279871130566
0.718,1421.9703354287212,37.7090219367822,26.754490956285384,5.246451937019664,0.7501025300772329,0.8219393637658242,292.25240478515633,264.9412576751709,-0.09345054707099053,0.7174111212397447,1421.9703354287212,26.754490956285384,0.3431594944293878
0.719,1422.161770509673,37.71156017071785,26.75771534655497,5.246427431427448,0.7500688872218284,0.8218808208291764,292.25240478515633,264.9383726730347,-0.09346041868227237,0.7175746523820379,1422.161770509673,26.75771534655497,0.3431910751538776
0.72,1422.3536310812078,37.71410387482656,26.760943813833904,5.246402925835232,0.7500351695905882,0.8218242119110655,292.25240478515633,264.93548767089845,-0.09347029029355422,0.7175746523820379,1422.3536310812078,26.760943813833904,0.34322270493477536
0.721,1422.545917143325,37.716653048001554,26.764175690434897,5.246378420243016,0.7500013771835126,0.8217656851350696,292.25240478515633,264.9236055679321,-0.09351094728310094,0.7177382580939352,1422.545917143325,26.764175690434897,0.34325437931680025
0.722,1422.7386286960245,37.71920768913399,26.76741886887816,5.246353914650799,0.7499675100006011,0.8217106004977148,292.25240478515633,264.9032102813721,-0.09358073383139302,0.7179019384264538,1422.7386286960245,26.76741886887816,0.34328615090765696
0.723,1422.9317657393071,37.721767797112946,26.77066384426864,5.246329409058583,0.749933568041854,0.8216575299192954,292.25240478515633,264.882814994812,-0.0936505203796853,0.7179019384264538,1422.9317657393071,26.77066384426864,0.34331795634254936
0.724,1423.1253282731723,37.72433337082542,26.773908819659113,5.246304903466367,0.7498995513072713,0.8215930258500068,292.25240478515633,264.862419708252,-0.09372030692797739,0.7179019384264538,1423.1253282731723,26.773908819659113,0.34334978363843877
0.725,1423.3193162976197,37.72690440915633,26.77715381502597,5.24628039787415,0.749865459796853,0.8215293937533059,292.25240478515633,264.8420244216919,-0.09379009347626967,0.7179019384264538,1423.3193162976197,26.77715381502597,0.3433816329240294
0.726,1423.5137298126504,37.72948091098856,26.780400701858486,5.246255892281934,0.7498312935105991,0.8214717045407576,292.25240478515633,264.8216291351319,-0.09385988002456175,0.7179019384264538,1423.5137298126504,26.780400701858486,0.3434135166703431
0.727,1423.7085688182628,37.73206287520287,26.78364758869101,5.246231386689718,0.7497970524485096,0.8214121730138458,292.25240478515633,264.8012338485718,-0.09392966657285402,0.7179019384264538,1423.7085688182628,26.78364758869101,0.34344542226424946
0.728,1423.9038333144586,37.734650300678005,26.786897353542017,5.246206881097502,0.7497627366105843,0.8213522952073171,292.25240478515633,264.7808385620118,-0.09399945312114612,0.7179019384264538,1423.9038333144586,26.786897353542017,0.3434773688863538
0.729,1424.0995233012366,37.737243186290605,26.790147237984872,5.246182375505286,0.7497283459968236,0.8212921743485927,292.25240478515633,264.76044327545173,-0.09406923966943839,0.7179019384264538,1424.0995233012366,26.790147237984872,0.34350933814428136
0.73,1424.2956387785973,37.73984153091527,26.793397122427727,5.24615786991307,0.7496938806072271,0.8212383870402243,292.25240478515633,264.74004798889166,-0.09413902621773067,0.7179019384264538,1424.2956387785973,26.793397122427727,0.3435413292363226
0.731,1424.4921797465408,37.742445333424556,26.796647006870582,5.246133364320853,0.749659340441795,0.821180981512369,292.25240478515633,264.71965270233164,-0.09420881276602276,0.7181299885974914,1424.4921797465408,26.796647006870582,0.3435733421579682
0.732,1424.6891462050667,37.745054592688916,26.799898678659428,5.246108858728637,0.7496247255005273,0.8211240703800222,292.25240478515633,264.69925741577157,-0.09427859931431504,0.7179662562699498,1424.6891462050667,26.799898678659428,0.34360538881928454
0.733,1424.886538154175,37.74766930757679,26.8031505276748,5.246084353136421,0.749590035783424,0.8210677183460191,292.25240478515633,264.67886212921155,-0.09434838586260712,0.7179662562699498,1424.886538154175,26.8031505276748,0.3436374584825672
0.734,1425.0843555938666,37.75028947695456,26.806403169622293,5.246059847544204,0.7495552712904849,0.8210045885143621,292.25240478515633,264.6584668426515,-0.0944181724108994,0.7178025985867336,1425.0843555938666,26.806403169622293,0.34366955524762227
0.735,1425.2825985241402,37.75291509968655,26.809658908882597,5.246035341951989,0.7495204320217104,0.8209448369415994,292.25240478515633,264.63807155609146,-0.09448795895919149,0.7178025985867336,1425.2825985241402,26.809658908882597,0.34370169447108423
0.736,1425.4812669449968,37.755546174635015,26.812918113307543,5.246010836359772,0.7494855179771002,0.8208864496089465,292.25240478515633,264.6367402465821,-0.09449251430069609,0.7178025985867336,1425.4812669449968,26.812918113307543,0.343733878600531
0.737,1425.680360856436,37.75818270066021,26.816182377339032,5.245986330767556,0.7494505291566543,0.8208235538758815,292.25240478515633,264.6669718490602,-0.09438907083202629,0.7178025985867336,1425.680360856436,26.816182377339032,0.34376611826007486
0.738,1425.8798802584574,37.76082467662031,26.819449233785384,5.245961825175339,0.7494154655603729,0.8207626268113978,292.25240478515633,264.6972034515382,-0.09428562736335669,0.7176390154968095,1425.8798802584574,26.819449233785384,0.3437983969986616
0.739,1426.0798251510616,37.76347210137148,26.82271909091733,5.245937319583123,0.7493803271882558,0.8207012363878882,292.25240478515633,264.7274350540162,-0.09418218389468708,0.7174111212397447,1426.0798251510616,26.82271909091733,0.34383071753328
0.74,1426.2801955342488,37.76612497376781,26.825989759478638,5.245912813990907,0.7493451140403029,0.8206448989687359,292.25240478515633,264.7576666564942,-0.09407874042601747,0.7174111212397447,1426.2801955342488,26.825989759478638,0.3438630652655983
0.741,1426.4809914080183,37.76878329266139,26.829260428039948,5.24588830839869,0.7493098261165145,0.8205832473248439,292.25240478515633,264.78789825897223,-0.09397529695734785,0.71718322698268,1426.4809914080183,26.829260428039948,0.34389543478197543
0.742,1426.6822127723706,37.77144705690226,26.83253235146434,5.245863802806474,0.7492744634168906,0.8205232108227171,292.25240478515633,264.8181298614503,-0.09387185348867805,0.7168564920273348,1426.6822127723706,26.83253235146434,0.3439278344428248
0.743,1426.8838596273051,37.77411626533843,26.835813690277067,5.245839297214259,0.749239025941431,0.8204610826102223,292.25240478515633,264.8483614639283,-0.09376841002000845,0.7168564920273348,1426.8838596273051,26.835813690277067,0.3439603186422206
0.744,1427.0859319728227,37.77679091681588,26.83910984933359,5.245814791622042,0.7492035136901357,0.8204066506825425,292.25240478515633,264.8785930664063,-0.09366496655133884,0.7166287015945331,1427.0859319728227,26.83910984933359,0.34399292340472454
0.745,1427.2884298089227,37.77947101017857,26.842411010783042,5.245790286029825,0.7491679266630048,0.8203412816068109,292.25240478515633,264.90882466888434,-0.09356152308266923,0.7166287015945331,1427.2884298089227,26.842411010783042,0.34402558327917265
0.746,1427.491353135605,37.782156544268425,26.84571383346411,5.245765780437609,0.7491322648600383,0.8202845927888289,292.25240478515633,264.9390562713624,-0.09345807961399942,0.7166287015945331,1427.491353135605,26.84571383346411,0.3440582759884976
0.747,1427.6947019528704,37.784847517925364,26.84902136561432,5.245741274845394,0.7490965282812361,0.8202261198749825,292.25240478515633,264.96928787384036,-0.09335463614533,0.7166287015945331,1427.6947019528704,26.84902136561432,0.3440910218478425
0.748,1427.8984762607183,37.78754392998728,26.85232906079121,5.2457167692531765,0.7490607169265984,0.820165256750471,292.25240478515633,264.9995194763184,-0.09325119267666021,0.7162377590526076,1427.8984762607183,26.85232906079121,0.3441237905456284
0.749,1428.1026760591487,37.79024577929004,26.855638460079405,5.24569226366096,0.7490248307961249,0.8201013798951703,292.25240478515633,265.02975107879644,-0.0931477492079906,0.7164009111617312,1428.1026760591487,26.855638460079405,0.3441565923501863
0.75,1428.3073013481617,37.792953064667515,26.858949308427658,5.245667758068745,0.748988869889816,0.820042428244584,292.25240478515633,265.05998268127445,-0.09304430573932099,0.7162377590526076,1428.3073013481617,26.858949308427658,0.3441894255566612
0.751,1428.5123521277576,37.79566578495155,26.86226015677591,5.24564325247653,0.7489528342076712,0.8199793060817083,292.25240478515633,265.0902142837525,-0.09294086227065118,0.7162377590526076,1428.5123521277576,26.86226015677591,0.3442222805008363
0.752,1428.7178283979358,37.798383938971995,26.865571680299333,5.245618746884312,0.748916723749691,0.8199151057724572,292.25240478515633,265.1204458862305,-0.09283741880198157,0.7163023679417122,1428.7178283979358,26.865571680299333,0.34425516167880044
0.753,1428.923730158697,37.80110752555667,26.868886799918354,5.245594241292095,0.748880538515875,0.8198569889149208,292.25240478515633,265.15067748870854,-0.09273397533331197,0.7163023679417122,1428.923730158697,26.868886799918354,0.344288088556943
0.754,1429.1300574100403,37.8038365435314,26.872207378564287,5.24556973569988,0.7488442785062235,0.8197905018633299,292.25240478515633,265.18090909118655,-0.09263053186464236,0.7159763313609467,1429.1300574100403,26.872207378564287,0.34432107354900954
0.755,1429.3368101519663,37.80657099172003,26.875531178875537,5.2455452301076635,0.7488079437207362,0.8197335479704994,292.25240478515633,265.21114069366456,-0.09252708839597275,0.7159763313609467,1429.3368101519663,26.875531178875537,0.34435410173587316
0.756,1429.5439883844751,37.80931086894437,26.8788550079699,5.245520724515448,0.7487715341594134,0.819678736277528,292.25240478515633,265.2284300720215,-0.09246792933321098,0.7158134243458476,1429.5439883844751,26.8788550079699,0.3443871518288262
0.757,1429.751592107567,37.81205617402427,26.882179644654958,5.245496218923231,0.7487350498222549,0.8196122091153992,292.25240478515633,265.2303239761353,-0.09246144896185124,0.7160409556313994,1429.751592107567,26.882179644654958,0.3444202290147389
0.758,1429.9596213212408,37.81480690577754,26.88550428134002,5.245471713331015,0.7486984907092609,0.8195549241199119,292.25240478515633,265.2171038421631,-0.09250668429184593,0.7160409556313994,1429.9596213212408,26.88550428134002,0.34445332790542194
0.759,1430.1680760254974,37.81756306302004,26.88882891802507,5.245447207738798,0.7486618568204313,0.8194932707093895,292.25240478515633,265.20246788635257,-0.09255676413916594,0.7160409556313994,1430.1680760254974,26.88882891802507,0.34448644849613924
0.76,1430.3769562203365,37.82032464456561,26.892153554710124,5.245422702146582,0.748625148155766,0.8194323243123492,292.25240478515633,265.18068322753913,-0.09263130470224341,0.7158134243458476,1430.3769562203365,26.892153554710124,0.34451959078214656
0.761,1430.5862619057584,37.823091649226114,26.89548046379425,5.2453981965543655,0.7485883647152649,0.8193686026996873,292.25240478515633,265.15889856872565,-0.09270584526532108,0.7154878326131453,1430.5862619057584,26.89548046379425,0.34455276990667677
0.762,1430.7959930817628,37.825864075811445,26.898811491382112,5.24537369096215,0.7485515064989283,0.8193061488249542,292.25240478515633,265.13711390991216,-0.09278038582839875,0.7154878326131453,1430.7959930817628,26.898811491382112,0.3445859981712439
0.763,1431.00614974835,37.82864192312949,26.90214354807042,5.245349185369934,0.7485145735067562,0.8192470860171857,292.25240478515633,265.1153292510987,-0.09285492639147641,0.715325147794452,1431.00614974835,26.90214354807042,0.3446192549768828
0.764,1431.21673190552,37.83142518998617,26.90548365048017,5.245324679777718,0.7484775657387482,0.8191845876354139,292.25240478515633,265.0935445922852,-0.09292946695455408,0.715325147794452,1431.21673190552,26.90548365048017,0.3446525870921464
0.765,1431.4277395532722,37.83421387518541,26.908830542446267,5.245300174185501,0.7484404831949047,0.8191227796648143,292.25240478515633,265.07175993347175,-0.09300400751763155,0.715325147794452,1431.4277395532722,26.908830542446267,0.34468598613855905
0.766,1431.639172691607,37.83700797752918,26.91217791749933,5.245275668593285,0.7484033258752256,0.8190625643315187,292.25240478515633,265.0499752746583,-0.09307854808070902,0.715325147794452,1431.639172691607,26.91217791749933,0.3447194100719245
0.767,1431.8510313205247,37.83980749581748,26.9155252925524,5.245251163001067,0.748366093779711,0.8189991891390013,292.25240478515633,265.02819061584484,-0.09315308864378669,0.7151625369402137,1431.8510313205247,26.9155252925524,0.3447528556671488
0.768,1432.063315440025,37.84261242884831,26.918872873998495,5.2452266574088515,0.7483287869083606,0.8189394042813175,292.25240478515633,265.00640595703135,-0.09322762920686435,0.7151625369402137,1432.063315440025,26.918872873998495,0.344786324295256
0.769,1432.2760250501078,37.84542277541774,26.922220489371778,5.2452021518166365,0.7482914052611745,0.818875721454221,292.25240478515633,264.9846212982179,-0.09330216976994182,0.7151625369402137,1432.2760250501078,26.922220489371778,0.3448198148017603
0.77,1432.4891601507732,37.84823853431984,26.925568104745064,5.24517764622442,0.748253948838153,0.8188199463053173,292.25240478515633,264.96283663940443,-0.09337671033301949,0.715,1432.4891601507732,26.925568104745064,0.3448533269556774
0.771,1432.7027207420213,37.85105970434674,26.928915720118347,5.245153140632202,0.7482164176392956,0.8187624644309268,292.25240478515633,264.94105198059094,-0.09345125089609715,0.7148375369234264,1432.7027207420213,26.928915720118347,0.34488686075217595
0.772,1432.9167068238517,37.853886284288585,26.932264031124443,5.245128635039987,0.7481788116646029,0.8187040033414582,292.25240478515633,264.91926732177745,-0.09352579145917482,0.7148375369234264,1432.9167068238517,26.932264031124443,0.34492042082355845
0.773,1433.131118396265,37.856718272933605,26.93562683139828,5.245104129447771,0.7481411309140743,0.818645870483872,292.25240478515633,264.897482662964,-0.09360033202225229,0.7148375369234264,1433.131118396265,26.93562683139828,0.3449540991143973
0.774,1433.3459554592612,37.85955566906803,26.93899282095531,5.245079623855554,0.7481033753877101,0.818584140164705,292.25240478515633,264.87569800415054,-0.09367487258532996,0.714512832159891,1433.3459554592612,26.93899282095531,0.3449878202932817
0.775,1433.5612180128394,37.86239847147615,26.94236629926629,5.2450551182633385,0.7480655450855104,0.8185225708498006,292.25240478515633,264.8539133453371,-0.09374941314840743,0.714512832159891,1433.5612180128394,26.94236629926629,0.34502161301594825
0.776,1433.7769060570004,37.86524667894031,26.94574402276592,5.245030612671123,0.748027640007475,0.8184580842862125,292.25240478515633,264.82637214355486,-0.0938436508735084,0.714512832159891,1433.7769060570004,26.94574402276592,0.3450554556556738
0.777,1433.993019591744,37.86810029024092,26.949125935768514,5.245006107078907,0.747989660153604,0.8183980343135294,292.25240478515633,264.7858586059572,-0.09398227603769643,0.7143505903723887,1433.993019591744,26.949125935768514,0.34508934783637557
0.778,1434.2095586170706,37.87095930415641,26.95251171427015,5.244981601486689,0.7479516055238973,0.8183327194211526,292.25240478515633,264.74534506835954,-0.09412090120188427,0.714512832159891,1434.2095586170706,26.95251171427015,0.3451232873933327
0.779,1434.4265231329796,37.87382371946328,26.95590084054805,5.244957095894473,0.747913476118355,0.818268763147789,292.25240478515633,264.7048315307619,-0.09425952636607211,0.714512832159891,1434.4265231329796,26.95590084054805,0.34515727087047243
0.78,1434.6439131394714,37.876693534936116,26.95929251279119,5.244932590302258,0.747875271936977,0.8182086970144536,292.25240478515633,264.6643179931642,-0.09439815153026014,0.714512832159891,1434.6439131394714,26.95929251279119,0.34519129291796014
0.781,1434.8617286365454,37.87956874934752,26.962684369819502,5.244908084710041,0.7478369929797635,0.8181554829976977,292.25240478515633,264.6238044555666,-0.09453677669444797,0.714512832159891,1434.8617286365454,26.962684369819502,0.3452253377910808
0.782,1435.0799696242022,37.8824493614682,26.966078629579904,5.244883579117825,0.7477986392467143,0.818092379826098,292.25240478515633,264.5832909179689,-0.09467540185863602,0.714512832159891,1435.0799696242022,26.966078629579904,0.34525942026992057
0.783,1435.2986361024416,37.88533537006689,26.969480723636455,5.244859073525609,0.7477602107378296,0.8180318400150095,292.25240478515633,264.5427773803712,-0.09481402702282404,0.714512832159891,1435.2986361024416,26.969480723636455,0.34529357655677384
0.784,1435.5177280712637,37.88822677391044,26.97288385243563,5.244834567933392,0.7477217074531091,0.8179690617227097,292.25240478515633,264.5022638427736,-0.09495265218701189,0.7143505903723887,1435.5177280712637,26.97288385243563,0.3453277613203675
0.785,1435.7372455306684,37.89112357176372,26.976293297554164,5.244810062341176,0.747683129392553,0.8179099507341143,292.25240478515633,264.46175030517594,-0.09509127735119972,0.714188422247446,1435.7372455306684,26.976293297554164,0.3453620097631538
0.786,1435.9571884806558,37.89402576238972,26.979707050601306,5.24478555674896,0.7476444765561614,0.8178479018393054,292.25240478515633,264.42123676757825,-0.09522990251538775,0.714188422247446,1435.9571884806558,26.979707050601306,0.3453963084920994
0.787,1436.1775569212257,37.896933344549474,26.983128593615717,5.244761051156743,0.7476057489439341,0.8177768341762883,292.25240478515633,264.3807232299806,-0.0953685276795756,0.714188422247446,1436.1775569212257,26.983128593615717,0.3454306807137835
0.788,1436.3983508523781,37.89984631700211,26.986559879073692,5.244736545564527,0.747566946555871,0.8177193067910918,292.25240478515633,264.3402096923829,-0.09550715284376363,0.714188422247446,1436.3983508523781,26.986559879073692,0.3454651394385985
0.789,1436.6195702741134,37.90276467850483,26.990002769107758,5.244712039972311,0.7475280693919725,0.8176570955268969,292.25240478515633,264.2996961547853,-0.09564577800795146,0.7138643067846607,1436.6195702741134,26.990002769107758,0.3454996970746907
0.79,1436.841215186431,37.90568842781293,26.993450270463807,5.244687534380094,0.7474891174522382,0.8175931658533647,292.25240478515633,264.25918261718766,-0.0957844031721393,0.7138643067846607,1436.841215186431,26.993450270463807,0.34553430699951804
0.791,1437.0632855893311,37.90861756367978,26.996905194223427,5.244663028787878,0.7474500907366683,0.817526964935659,292.25240478515633,264.21866907959,-0.09592302833632733,0.7137023593466425,1437.0632855893311,26.996905194223427,0.345568987946978
0.792,1437.2857814828144,37.91155208485686,27.00036011798304,5.244638523195662,0.747410989245263,0.8174711739473084,292.25240478515633,264.17815554199234,-0.09606165350051517,0.7135404853708324,1437.2857814828144,27.00036011798304,0.34560369043377037
0.793,1437.5087028668802,37.91449199009371,27.003819125196355,5.244614017603444,0.7473718129780218,0.8174017550723338,292.25240478515633,264.13764200439465,-0.09620027866470321,0.713475499092559,1437.5087028668802,27.003819125196355,0.3456384416755067
0.794,1437.7320497415283,37.91743727813799,27.007280769537388,5.244589512011229,0.7473325619349451,0.8173374799021231,292.25240478515633,264.09712846679696,-0.09633890382889124,0.7132486388384754,1437.7320497415283,27.007280769537388,0.34567323202585915
0.795,1437.9558221067591,37.92038794773544,27.010746996499467,5.2445650064190135,0.7472932361160327,0.8172733411238027,292.25240478515633,264.0566149291993,-0.09647752899307908,0.7132486388384754,1437.9558221067591,27.010746996499467,0.3457080744486174
0.796,1438.1800199625727,37.923343997629914,27.01421568904086,5.244540500826798,0.7472538355212848,0.817211014486603,292.25240478515633,264.0161013916017,-0.09661615415726692,0.7130868677704695,1438.1800199625727,27.01421568904086,0.34574295482639633
0.797,1438.4046433089686,37.92630542656335,27.017684381582246,5.244515995234581,0.7472143601507011,0.8171458258882183,292.25240478515633,264.0236697128297,-0.0965902576339053,0.7130868677704695,1438.4046433089686,27.017684381582246,0.3457778567184248
0.798,1438.6296921459473,37.92927223327581,27.021153074123635,5.244491489642365,0.7471748100042819,0.8170822677490867,292.25240478515633,264.03419726867685,-0.09655423549798862,0.7132486388384754,1438.6296921459473,27.021153074123635,0.3458127801196636
0.799,1438.8551664735087,37.93224441650545,27.024621873280278,5.244466984050149,0.7471351850820269,0.8170176140984063,292.25240478515633,264.044724824524,-0.09651821336207195,0.7130868677704695,1438.8551664735087,27.024621873280278,0.3458477257357712
0.8,1439.0810662916526,37.93522197498853,27.028094516045098,5.244442478457932,0.7470954853839364,0.8169503266227557,292.25240478515633,264.05525238037114,-0.09648219122615526,0.7133136765706509,1439.0810662916526,27.028094516045098,0.3458827184727721
0.801,1439.307391600379,37.938204907459436,27.031570181419475,5.244417972865716,0.7470557109100103,0.8168832017573953,292.25240478515633,264.0657799362183,-0.09644616909023858,0.712860058970288,1439.307391600379,27.031570181419475,0.34591775285276494
0.802,1439.534142399688,37.94119321265065,27.03504778494305,5.2443934672734995,0.7470158616602486,0.8168237693625346,292.25240478515633,264.07630749206544,-0.0964101469543219,0.7126984126984127,1439.534142399688,27.03504778494305,0.3459528216415849
0.803,1439.7613186895799,37.9441868892928,27.038525937298633,5.244368961681283,0.7469759376346512,0.8167575561386426,292.25240478515633,264.0800008743286,-0.0963975093089075,0.7126984126984127,1439.7613186895799,27.038525937298633,0.345987915572861
0.804,1439.9889204700544,37.94718593611461,27.04200567394718,5.244344456089068,0.7469359388332182,0.8166881411181343,292.25240478515633,264.0546944641114,-0.09648410024811925,0.7124716553287982,1439.9889204700544,27.04200567394718,0.34602304154397007
0.805,1440.2169477411117,37.95019035184292,27.04548541059572,5.244319950496851,0.7468958652559494,0.8166238965025978,292.25240478515633,264.0293880538941,-0.0965706911873312,0.7124716553287982,1440.2169477411117,27.04548541059572,0.34605818898880236
0.806,1440.4454005027512,37.953200135202714,27.048966326427323,5.244295444904634,0.7468557169028451,0.8165577593040354,292.25240478515633,264.00408164367684,-0.09665728212654295,0.7122448979591837,1440.4454005027512,27.048966326427323,0.34609336576278243
0.807,1440.6742787549733,37.956215284917086,27.052449664991073,5.244270939312418,0.7468154937739053,0.8164943561867138,292.25240478515633,263.97877523345954,-0.09674387306575491,0.7122448979591837,1440.6742787549733,27.052449664991073,0.34612858015039577
0.808,1440.9035824977782,37.95923579970727,27.055933003554827,5.244246433720202,0.7467751958691298,0.8164220859904867,292.25240478515633,263.95346882324225,-0.09683046400496685,0.7119220308250227,1440.9035824977782,27.055933003554827,0.34616381599641116
0.809,1441.1333117311656,37.962261678292634,27.05941882864164,5.2442219281279865,0.7467348231885186,0.8163538503763914,292.25240478515633,263.9078560394288,-0.09698653725899871,0.7119220308250227,1441.1333117311656,27.05941882864164,0.34619908987105824
0.81,1441.363466455136,37.96529291939068,27.062906273364696,5.244197422535769,0.7466943757320716,0.8162904968451706,292.25240478515633,263.85928353881843,-0.0971527377754532,0.7119220308250227,1441.363466455136,27.062906273364696,0.3462343959904739
0.811,1441.5940466696884,37.968329521717024,27.066394642248667,5.244172916943554,0.7466538534997893,0.8162277643045808,292.25240478515633,263.8107110382081,-0.0973189382919075,0.712083427794151,1441.5940466696884,27.066394642248667,0.3462697297134299
0.812,1441.825052374824,37.97137148398546,27.069883011132628,5.244148411351336,0.7466132564916712,0.8161643940706733,292.25240478515633,263.7913012023927,-0.09738535292356716,0.712083427794151,1441.825052374824,27.069883011132628,0.3463050848742547
0.8130000000000001,1442.0564835705418,37.974418804907884,27.073372527422308,5.244123905759121,0.7465725847077176,0.816100423583966,292.25240478515633,263.794666242981,-0.09737383876480152,0.7124716553287982,1442.0564835705418,27.073372527422308,0.34634046911649025
0.8140000000000001,1442.2883402568423,37.97747148319438,27.07686664551263,5.244099400166904,0.7465318381479282,0.816034685543478,292.25240478515633,263.7980312835694,-0.0973623246060357,0.7126984126984127,1442.2883402568423,27.07686664551263,0.3463759054622365
0.8150000000000001,1442.5206224337255,37.980529517553144,27.080360763602954,5.2440748945746885,0.7464910168123033,0.8159706808483836,292.25240478515633,263.8013963241578,-0.09735081044726986,0.7126984126984127,1442.5206224337255,27.080360763602954,0.3464113632303737
0.8160000000000001,1442.7533301011913,37.98359290669053,27.08385766961052,5.244050388982472,0.7464501207008427,0.8159077847740376,292.25240478515633,263.8047613647461,-0.09733929628850423,0.7126984126984127,1442.7533301011913,27.08385766961052,0.34644686100019617
0.8170000000000001,1442.9864632592398,37.98666164931106,27.087356888019556,5.244025883390256,0.7464091498135466,0.8158367558965859,292.25240478515633,263.80812640533446,-0.0973277821297386,0.7127949183303085,1442.9864632592398,27.087356888019556,0.346482395596698
0.8180000000000001,1443.2200219078707,37.98973574411739,27.09086097085569,5.24400137779804,0.7463681041504147,0.8157740447362379,292.25240478515633,263.81149144592285,-0.09731626797097276,0.7127949183303085,1443.2200219078707,27.09086097085569,0.3465179840266873
0.8190000000000001,1443.4540060470842,37.99281518981035,27.09436592907983,5.243976872205823,0.7463269837114472,0.8157070293818818,292.25240478515633,263.8148564865112,-0.09730475381220713,0.7126332501701066,1443.4540060470842,27.09436592907983,0.3465535996937298
0.8200000000000001,1443.6884156768808,37.995899985088926,27.0978713505221,5.243952366613607,0.7462857884966441,0.8156494600793661,292.25240478515633,263.81182882690433,-0.09731511355453015,0.7126332501701066,1443.6884156768808,27.0978713505221,0.3465892398450663
0.8210000000000001,1443.9232507972595,37.998990128650256,27.101382501629402,5.24392786102139,0.7462445185060054,0.8155838691710778,292.25240478515633,263.7903277847291,-0.09738868366660866,0.7126332501701066,1443.9232507972595,27.101382501629402,0.3466249395820213
0.8220000000000001,1444.158511408221,38.00208561918966,27.1048953748209,5.243903355429175,0.7462031737395309,0.8155146391649442,292.25240478515633,263.76882674255376,-0.09746225377868738,0.7122448979591837,1444.158511408221,27.1048953748209,0.3466606721845378
0.8230000000000001,1444.3941975097653,38.0051864554006,27.108410032816018,5.243878849836959,0.746161754197221,0.8154458054260352,292.25240478515633,263.74732570037844,-0.09753582389076608,0.7120181405895691,1444.3941975097653,27.108410032816018,0.3466964380654827
0.8240000000000001,1444.6303091018917,38.00829263597474,27.11192469081114,5.243854344244742,0.7461202598790755,0.8153816818849013,292.25240478515633,263.7258246582032,-0.0976093940028446,0.7120181405895691,1444.6303091018917,27.11192469081114,0.3467322253219866
0.8250000000000001,1444.8668461846012,38.01140415960191,27.11544181734787,5.243829838652525,0.7460786907850943,0.8153150289306639,292.25240478515633,263.7043236160279,-0.09768296411492311,0.7116300158694173,1444.8668461846012,27.11544181734787,0.3467680504042952
0.8260000000000001,1445.1038087578934,38.014521024970094,27.118966234034666,5.243805333060309,0.7460370469152773,0.8152459757481644,292.25240478515633,263.68282257385266,-0.09775653422700163,0.7117913832199546,1445.1038087578934,27.118966234034666,0.3468039454483694
0.8270000000000001,1445.3411968217677,38.01764323076547,27.122500852222696,5.243780827468093,0.7459953282696248,0.8151742906077016,292.25240478515633,263.66132153167734,-0.09783010433908033,0.7117913832199546,1445.3411968217677,27.122500852222696,0.3468399298562428
0.8280000000000001,1445.5790103762251,38.02077077567241,27.126037616771885,5.243756321875878,0.7459535348481366,0.8151080747539396,292.25240478515633,263.63982048950203,-0.09790367445115905,0.7117913832199546,1445.5790103762251,27.126037616771885,0.34687594992647697
0.8290000000000001,1445.817249421265,38.023903658373435,27.129574381321067,5.243731816283661,0.7459116666508129,0.8150406476944186,292.25240478515633,263.61831944732677,-0.09797724456323756,0.7116300158694173,1445.817249421265,27.129574381321067,0.346911991345996
0.8300000000000001,1446.055913956887,38.02704187754929,27.133114131079118,5.243707310691445,0.7458697236776535,0.8149727902998135,292.25240478515633,263.5968184051515,-0.09805081467531608,0.7116300158694173,1446.055913956887,27.133114131079118,0.3469480740091523
0.8310000000000001,1446.295003983092,38.03018543187888,27.136659499951282,5.243682805099229,0.7458277059286584,0.8149083153397746,292.25240478515633,263.5753173629762,-0.09812438478739478,0.7116300158694173,1446.295003983092,27.136659499951282,0.3469842154684749
0.8320000000000001,1446.5345194998802,38.03333432003931,27.14020634704773,5.243658299507012,0.7457856134038279,0.8148459490336941,292.25240478515633,263.55381632080093,-0.0981979548994733,0.7110808973487424,1446.5345194998802,27.14020634704773,0.3470203881151862
0.833,1446.7744605072503,38.03648854070589,27.143755465092628,5.243633793914795,0.7457434461031616,0.8147785508425186,292.25240478515633,263.5323152786256,-0.09827152501155201,0.7110808973487424,1446.7744605072503,27.143755465092628,0.3470565972283473
0.834,1447.014827005203,38.039648092552106,27.147304583137526,5.24360928832258,0.7457012040266597,0.8147144013038136,292.25240478515633,263.51081423645036,-0.09834509512363053,0.7110808973487424,1447.014827005203,27.147304583137526,0.34709282766433774
0.835,1447.2556189937384,38.042812974249664,27.150858812796884,5.243584782730364,0.7456588871743222,0.8146477629644269,292.25240478515633,263.48931319427504,-0.09841866523570923,0.7112420670897552,1447.2556189937384,27.150858812796884,0.34712911349225534
0.836,1447.4968364728568,38.04598318446846,27.154416907923327,5.243560277138147,0.745616495546149,0.8145835450490986,292.25240478515633,263.4678121520998,-0.09849223534778775,0.7112420670897552,1447.4968364728568,27.154416907923327,0.3471654463998672
0.837,1447.7384794425573,38.04915872187659,27.15797697516838,5.243535771545932,0.7455740291421402,0.8145156085375608,292.25240478515633,263.4463111099245,-0.09856580545986626,0.7110808973487424,1447.7384794425573,27.15797697516838,0.347201813760641
0.838,1447.980547902841,38.05233958514037,27.161539240779078,5.243511265953714,0.7455314879622956,0.8144484907186463,292.25240478515633,263.42481006774926,-0.09863937557194478,0.7106932487539647,1447.980547902841,27.161539240779078,0.3472382170774227
0.839,1448.223041853707,38.05552577292432,27.165116467087007,5.243486760361498,0.7454888720066156,0.8143768774880675,292.25240478515633,263.40330902557395,-0.09871294568402349,0.7110808973487424,1448.223041853707,27.165116467087007,0.34727474141954334
0.84,1448.4659612951555,38.058717283891156,27.168710662172543,5.243462254769282,0.7454461812751,0.814311287382793,292.25240478515633,263.38180798339863,-0.0987865157961022,0.7109198006343452,1448.4659612951555,27.168710662172543,0.34731140016767087
0.841,1448.7093062271865,38.061914116701836,27.172304857258077,5.243437749177066,0.7454034157677487,0.8142363865937261,292.25240478515633,263.36030694122337,-0.09886008590818071,0.7109198006343452,1448.7093062271865,27.172304857258077,0.3473480802012878
0.842,1448.9530766498006,38.06511627001552,27.175905558657263,5.2434132435848495,0.7453605754845618,0.8141723681470205,292.25240478515633,263.3388058990481,-0.09893365602025923,0.7109198006343452,1448.9530766498006,27.175905558657263,0.3473848248866129
0.843,1449.1972725629971,38.068323742489596,27.179508442346847,5.243388737992634,0.7453176604255392,0.8141027697583157,292.25240478515633,263.31730485687285,-0.09900722613233774,0.7107587768969422,1449.1972725629971,27.179508442346847,0.3474216053940081
0.844,1449.441893966776,38.07153653277965,27.183111326036432,5.243364232400417,0.745274670590681,0.8140331074697891,292.25240478515633,263.29580381469754,-0.09908079624441646,0.7101449275362319,1449.441893966776,27.183111326036432,0.34745840717078286
0.845,1449.6869408611378,38.07475463953954,27.186721319469317,5.243339726808201,0.745231605979987,0.8139631615166452,292.25240478515633,263.2743027725223,-0.09915436635649497,0.7102105501471587,1449.6869408611378,27.186721319469317,0.34749527760564225
0.846,1449.932413246082,38.077978061421305,27.19033943411539,5.243315221215984,0.7451884665934576,0.8138932891797893,292.25240478515633,263.25280173034696,-0.09922793646857368,0.7102105501471587,1449.932413246082,27.19033943411539,0.34753222343573015
0.847,1450.178311121609,38.08120679707523,27.193957548761475,5.243290715623768,0.7451452524310925,0.8138226946926417,292.25240478515633,263.2313006881717,-0.09930150658065219,0.7102105501471587,1450.178311121609,27.193957548761475,0.34756919051902374
0.848,1450.4246344877183,38.08444084514985,27.19757566340755,5.2432662100315515,0.7451019634928919,0.8137507045876208,292.25240478515633,263.20979964599644,-0.09937507669273071,0.7103713768115942,1450.4246344877183,27.19757566340755,0.3476061788501174
0.849,1450.6713833444107,38.08768020429192,27.2011937957886,5.243241704439336,0.7450585997788555,0.8136806020668651,292.25240478515633,263.1882986038212,-0.09944864680480922,0.7101449275362319,1450.6713833444107,27.2011937957886,0.3476431885418214
0.85,1450.9185576916855,38.090924873146434,27.20481235861083,5.243217198847119,0.7450151612889835,0.8136132276248221,292.25240478515633,263.16679756164586,-0.09952221691688794,0.7099841521394612,1450.9185576916855,27.20481235861083,0.34768022233984724
0.851,1451.166157529543,38.09417485035662,27.20843092143306,5.243192693254905,0.7449716480232759,0.8135488505320876,292.25240478515633,263.1452965194706,-0.09959578702896645,0.7092760180995475,1451.166157529543,27.20843092143306,0.3477172773694145
0.852,1451.4141828579827,38.097430134563965,27.212057666372406,5.243168187662687,0.7449280599817327,0.8134807904768797,292.25240478515633,263.1237954772953,-0.09966935714104516,0.7092760180995475,1451.4141828579827,27.212057666372406,0.3477544081677046
0.853,1451.6626336770055,38.1006907244082,27.21569489885794,5.243143682070471,0.7448843971643537,0.8134159076661421,292.25240478515633,263.10229443512003,-0.09974292725312367,0.7092760180995475,1451.6626336770055,27.21569489885794,0.3477916300974423
0.854,1451.9115099866108,38.103956618527306,27.219338000856006,5.243119176478255,0.7448406595711392,0.8133442440263734,292.25240478515633,263.0807933929447,-0.09981649736520239,0.7090497737556561,1451.9115099866108,27.219338000856006,0.3478289123690166
0.855,1452.1608117867986,38.10722781555749,27.222984730146212,5.243094670886038,0.7447968472020892,0.8132729349372635,292.25240478515633,263.05929235076945,-0.0998900674772809,0.7090497737556561,1452.1608117867986,27.222984730146212,0.3478662400301612
0.856,1452.4105390775692,38.11050431413325,27.22663145943641,5.243070165293822,0.7447529600572034,0.8132041207316647,292.25240478515633,263.0377913085942,-0.09996363758935942,0.7086631983714092,1452.4105390775692,27.22663145943641,0.3479035888956092
0.857,1452.660691858922,38.11378611288732,27.230278188726608,5.243045659701607,0.7447089981364821,0.8131434932916975,292.25240478515633,263.0289907760624,-0.09999375036991377,0.7088235294117647,1452.660691858922,27.230278188726608,0.34794095895989224
0.858,1452.9112701308577,38.11707321045069,27.233926779312924,5.24302115410939,0.744664961439925,0.8130718683371175,292.25240478515633,263.02909336853065,-0.09999339932928397,0.7086631983714092,1452.9112701308577,27.233926779312924,0.34797836262507614
0.859,1453.1622738933763,38.12036560545263,27.23758520145358,5.242996648517173,0.7446208499675323,0.8130006453110094,292.25240478515633,263.029195960999,-0.09999304828865377,0.7086631983714092,1453.1622738933763,27.23758520145358,0.3480158530160258
0.86,1453.4137031464772,38.12366329652067,27.241243623594233,5.242972142924957,0.7445766637193041,0.8129286456099739,292.25240478515633,263.02929855346724,-0.09999269724802397,0.7086631983714092,1453.4137031464772,27.241243623594233,0.3480533645893629
0.861,1453.6655578901607,38.126966282280584,27.244902929423258,5.24294763733274,0.7445324026952402,0.8128590605512978,292.25240478515633,263.0294011459355,-0.09999234620739415,0.7086631983714092,1453.6655578901607,27.244902929423258,0.3480909032303252
0.862,1453.917838124427,38.13027456135645,27.248562373690536,5.2429231317405245,0.7444880668953406,0.8127860302222271,292.25240478515633,263.0295037384038,-0.09999199516676416,0.7086631983714092,1453.917838124427,27.248562373690536,0.3481284639655153
0.863,1454.1705438492754,38.1335881323706,27.252223899199816,5.242898626148309,0.7444436563196055,0.812714849514945,292.25240478515633,263.029606330872,-0.09999164412613436,0.7082767978290366,1454.1705438492754,27.252223899199816,0.3481660597403006
0.864,1454.4236750647067,38.13690699394363,27.255885731740303,5.242874120556092,0.7443991709680347,0.8126447952753929,292.25240478515633,263.0297089233403,-0.09999129308550435,0.7082767978290366,1454.4236750647067,27.255885731740303,0.34820367872214003
0.865,1454.677231770721,38.140231144694454,27.259554323404004,5.242849614963876,0.7443546108406283,0.8125725599299637,292.25240478515633,263.0298115158086,-0.09999094204487435,0.7082767978290366,1454.677231770721,27.259554323404004,0.3482413639156454
0.866,1454.9312139673177,38.14356058324023,27.26322575569463,5.24282510937166,0.7443099759373861,0.8125032280816075,292.25240478515633,263.02991410827684,-0.09999059100424454,0.7082767978290366,1454.9312139673177,27.26322575569463,0.34827908919429185
0.867,1455.1856216544966,38.1468953081964,27.26689718798526,5.242800603779442,0.7442652662583086,0.8124299859375772,292.25240478515633,263.03001670074514,-0.09999023996361454,0.7082767978290366,1455.1856216544966,27.26689718798526,0.34831683561670645
0.868,1455.4404548322586,38.150235318176726,27.270574575795408,5.242776098187227,0.7442204818033953,0.8123662255192744,292.25240478515633,263.0301192932134,-0.09998988892298474,0.7082767978290366,1455.4404548322586,27.270574575795408,0.3483546428772908
0.869,1455.6957135006032,38.15358061179322,27.27425922440083,5.242751592595011,0.7441756225726464,0.8122978253475802,292.25240478515633,263.03022188568167,-0.09998953788235473,0.7081166628984852,1455.6957135006032,27.27425922440083,0.34839251967156065
0.87,1455.9513976595304,38.1569311876562,27.27794775416118,5.242727087002795,0.7441306885660617,0.8122219897701727,292.25240478515633,263.0303244781499,-0.09998918684172493,0.7079566003616636,1455.9513976595304,27.27794775416118,0.34843044346501845
0.871,1456.20750730904,38.160287044374286,27.281636362205553,5.242702581410578,0.7440856797836415,0.8121488975889657,292.25240478515633,263.0304270706182,-0.09998883580109494,0.7079566003616636,1456.20750730904,27.281636362205553,0.34846838890187243
0.872,1456.4640424491324,38.16364818055439,27.28532555919445,5.242678075818362,0.7440405962253858,0.8120822768155054,292.25240478515633,263.03052966308644,-0.09998848476046512,0.7079566003616636,1456.4640424491324,27.28532555919445,0.34850635938065255
0.873,1456.7210030798076,38.16701459480172,27.289015570314834,5.242653570226146,0.7439954378912943,0.8120140733219611,292.25240478515633,263.03063225555474,-0.09998813371983513,0.7080225988700565,1456.7210030798076,27.289015570314834,0.3485443563968936
0.874,1456.978389201065,38.170386285719786,27.29270686281291,5.242629064633928,0.7439502047813671,0.8119441080362604,292.25240478515633,263.030734848023,-0.09998778267920531,0.7077966101694916,1456.978389201065,27.29270686281291,0.3485823830597087
0.875,1457.236200812905,38.1737632519104,27.296398155310982,5.242604559041713,0.7439048968956045,0.8118778314746566,292.25240478515633,263.03083744049127,-0.09998743163857532,0.7076366922729327,1457.236200812905,27.296398155310982,0.34862043082174454
0.876,1457.4944379153278,38.1771454919737,27.300089447809054,5.242580053449498,0.7438595142340061,0.811809214127886,292.25240478515633,263.0309400329595,-0.09998708059794552,0.7076366922729327,1457.4944379153278,27.300089447809054,0.34865849967740214
0.877,1457.7531005083333,38.18053300450811,27.303780740307133,5.242555547857281,0.7438140567965721,0.8117450523231456,292.25240478515633,263.0310426254278,-0.09998672955731551,0.7074768466229953,1457.7531005083333,27.303780740307133,0.34869658962107586
0.878,1458.0121885919216,38.183925788110386,27.307472032805208,5.242531042265064,0.7437685245833026,0.8116763619623469,292.25240478515633,263.0311452178961,-0.09998637851668551,0.7074768466229953,1458.0121885919216,27.307472032805208,0.34873470064715306
0.879,1458.2717021660922,38.18732384137559,27.31116332530328,5.242506536672849,0.7437229175941973,0.8116003232224532,292.25240478515633,263.03124781036433,-0.09998602747605571,0.707250960018071,1458.2717021660922,27.31116332530328,0.34877283275001436
0.88,1458.5316412308453,38.19072716289708,27.314859291016607,5.242482031080633,0.7436772358292565,0.8115322718197188,292.25240478515633,263.03135040283263,-0.0999856764354257,0.707250960018071,1458.5316412308453,27.314859291016607,0.3488110170760422
0.881,1458.7920057861813,38.1941357512666,27.318569901849116,5.242457525488416,0.74363147928848,0.8114593346603219,292.25240478515633,263.03145299530087,-0.0999853253947959,0.7074107546317216,1458.7920057861813,27.318569901849116,0.3488493200930736
0.882,1459.0527958320997,38.197549605074144,27.32228051268163,5.2424330198961995,0.7435856479718679,0.8113851003927672,292.25240478515633,263.03155558776916,-0.0999849743541659,0.7075706214689266,1459.0527958320997,27.32228051268163,0.3488876441699912
0.883,1459.3140113686009,38.20096872290807,27.32599112351414,5.2424085143039845,0.7435397418794201,0.8113148384737763,292.25240478515633,263.0316581802374,-0.0999846233135361,0.7073446327683616,1459.3140113686009,27.32599112351414,0.3489259893011489
0.884,1459.5756523956848,38.20439310335507,27.32970173434665,5.242384008711767,0.7434937610111366,0.8112432887816627,292.25240478515633,263.0317607727057,-0.0999842722729061,0.7073446327683616,1459.5756523956848,27.32970173434665,0.3489643554808938
0.885,1459.8377189133512,38.20782274500016,27.33341234517916,5.242359503119551,0.7434477053670177,0.8111710107359759,292.25240478515633,263.03186336517393,-0.09998392123227628,0.7071848169905106,1459.8377189133512,27.33341234517916,0.3490027427035666
0.886,1460.1002109216,38.21125764642666,27.33712295601167,5.242334997527335,0.743401574947063,0.8110957485907082,292.25240478515633,263.0319659576422,-0.09998357019164629,0.7071848169905106,1460.1002109216,27.33712295601167,0.3490411509635012
0.887,1460.3631284204314,38.21469780621628,27.34083356684418,5.242310491935118,0.7433553697512728,0.811022650688028,292.25240478515633,263.03206855011047,-0.09998321915101648,0.7071848169905106,1460.3631284204314,27.34083356684418,0.34907958025502484
0.888,1460.626471409846,38.218143222949045,27.344544747751982,5.242285986342902,0.7433090897796468,0.810951567587071,292.25240478515633,263.03217114257876,-0.09998286811038648,0.7075706214689266,1460.626471409846,27.344544747751982,0.3491180343726233
0.889,1460.8902398898424,38.221593895203306,27.348259573200792,5.242261480750686,0.7432627350321854,0.8108804848474701,292.25240478515633,263.032273735047,-0.09998251706975668,0.7075706214689266,1460.8902398898424,27.348259573200792,0.34915653380523276
0.89,1461.1544338604222,38.225049821555785,27.351983238768334,5.2422369751584705,0.7432163055088882,0.8108042021921409,292.25240478515633,263.0323763275153,-0.09998216602912667,0.7074107546317216,1461.1544338604222,27.351983238768334,0.3491951131812767
0.891,1461.4190533215842,38.22851100058155,27.35571207910623,5.242212469566254,0.7431698012097554,0.8107289479364835,292.25240478515633,263.03247891998353,-0.09998181498849687,0.7074107546317216,1461.4190533215842,27.35571207910623,0.3492337480615651
0.892,1461.684098273329,38.231977430853995,27.359444531333686,5.242187963974037,0.743123222134787,0.8106593953998654,292.25240478515633,263.0325815124518,-0.09998146394786687,0.7070250734131466,1461.684098273329,27.359444531333686,0.34927242802210967
0.893,1461.9495687156561,38.235449110944884,27.363179209638968,5.24216345838182,0.7430765682839829,0.8105893959057776,292.25240478515633,263.03268410492007,-0.09998111290723706,0.7069588793492996,1461.9495687156561,27.363179209638968,0.3493111438192716
0.894,1462.2154646485658,38.23892603942435,27.36691388794426,5.242138952789605,0.7430298396573433,0.8105227596140759,292.25240478515633,263.03278669738836,-0.09998076186660707,0.7064137308039747,1462.2154646485658,27.36691388794426,0.349349880608128
0.895,1462.4817860720586,38.24240821486087,27.37064918164477,5.242114447197388,0.742983036254868,0.8104528978970773,292.25240478515633,263.0328892898566,-0.09998041082597725,0.7064137308039747,1462.4817860720586,27.37064918164477,0.34938864248522455
0.896,1462.7485329861336,38.245895635821284,27.374390750071548,5.2420899416051725,0.742936158076557,0.8103768757594934,292.25240478515633,263.0329918823249,-0.09998005978534726,0.7062542334612779,1462.7485329861336,27.374390750071548,0.34942746717036016
0.897,1463.0157053907913,38.24938830087079,27.378134260960316,5.242065436012956,0.7428892051224105,0.8102989943238047,292.25240478515633,263.03309447479313,-0.09997970874471745,0.7062542334612779,1463.0157053907913,27.378134260960316,0.34946632577859305
0.898,1463.283303286032,38.25288620857297,27.38187974936168,5.24204093042074,0.7428421773924283,0.810227726148247,292.25240478515633,263.0331970672614,-0.09997935770408745,0.7062542334612779,1463.283303286032,27.38187974936168,0.34950521853782807
0.899,1463.551326671855,38.25638935748975,27.38562659396722,5.242016424828524,0.7427950748866105,0.8101531565622132,292.25240478515633,263.03329965972966,-0.09997900666345765,0.7062542334612779,1463.551326671855,27.38562659396722,0.3495441413006243
0.9,1463.8197755482604,38.25989774618145,27.389376338322364,5.241991919236307,0.7427478976049571,0.8100827060353609,292.25240478515633,263.03340225219796,-0.09997865562282765,0.7060948081264108,1463.8197755482604,27.389376338322364,0.3495831043506146
0.901,1464.0886499152489,38.263411373206765,27.393137517051695,5.241967413644091,0.7427006455474678,0.8100105377415825,292.25240478515633,263.0335048446662,-0.09997830458219784,0.7061611374407583,1464.0886499152489,27.393137517051695,0.3496221645744908
0.902,1464.3579497728197,38.26693023712275,27.396901515649066,5.2419429080518745,0.7426533187141432,0.8099313023443603,292.25240478515633,263.0336074371345,-0.09997795354156784,0.7060018050541517,1464.3579497728197,27.396901515649066,0.34966126454152857
0.903,1464.6276751209732,38.27045433648487,27.400672584511103,5.241918402459658,0.7426059171049828,0.809859684255548,292.25240478515633,263.03371002960273,-0.09997760250093803,0.7060018050541517,1464.6276751209732,27.400672584511103,0.3497004325794174
0.904,1464.8978259597088,38.27398366984692,27.404446871968897,5.241893896867443,0.742558440719987,0.8097815522996357,292.25240478515633,263.033812622071,-0.09997725146030803,0.705842544552222,1464.8978259597088,27.404446871968897,0.3497396430068552
0.905,1465.1684022890279,38.27751823576116,27.408234395746106,5.241869391275226,0.7425108895591552,0.8097090266245746,292.25240478515633,263.06363172912666,-0.09987521942714973,0.705842544552222,1465.1684022890279,27.408234395746106,0.34977896259695895
0.906,1465.439404108929,38.281058032778155,27.412025491508615,5.241844885683011,0.7424632636224882,0.8096318020742327,292.25240478515633,263.10197080688545,-0.09974403461179475,0.705842544552222,1465.439404108929,27.412025491508615,0.34981832692074577
0.907,1465.710831419413,38.28460305944692,27.415819771590527,5.241820380090794,0.7424155629099852,0.8095559675206677,292.25240478515633,263.14030988464424,-0.09961284979643976,0.705842544552222,1465.710831419413,27.415819771590527,0.3498577333882015
0.908,1465.9826842204795,38.288153314314854,27.41961654093185,5.241795874498577,0.7423677874216468,0.8094829720624704,292.25240478515633,263.17864896240303,-0.09948166498108478,0.7056833558863329,1465.9826842204795,27.41961654093185,0.3498971773601936
0.909,1466.2549625121285,38.291708795927725,27.423414641795365,5.241771368906361,0.7423199371574727,0.8094091471914157,292.25240478515633,263.2169880401618,-0.09935048016572978,0.7056833558863329,1466.2549625121285,27.423414641795365,0.3499366511133415
0.91,1466.5276662943606,38.295269502829726,27.427217340242027,5.241746863314145,0.7422720121174629,0.809329025548036,292.25240478515633,263.25532711792056,-0.09921929535037499,0.7056833558863329,1466.5276662943606,27.427217340242027,0.3499761764136329
0.911,1466.8007955671749,38.29883543356345,27.431024185455186,5.241722357721928,0.7422240123016175,0.8092581080686709,292.25240478515633,263.2796417404181,-0.09913609801102223,0.7056833558863329,1466.8007955671749,27.431024185455186,0.35001575025006076
0.912,1467.0743503305719,38.302406586669875,27.43483736009666,5.241697852129713,0.7421759377099365,0.8091813714094261,292.25240478515633,263.3026567260749,-0.09905734763881002,0.7056833558863329,1467.0743503305719,27.43483736009666,0.3500553871665792
0.913,1467.3483305845516,38.30598296068842,27.438656618794873,5.241673346537496,0.7421277883424198,0.8091005484539622,292.25240478515633,263.32567171173156,-0.09897859726659801,0.7055242390078917,1467.3483305845516,27.438656618794873,0.35009508552168067
0.914,1467.6227363291136,38.309564554156886,27.442475877493077,5.24164884094528,0.7420795641990676,0.8090282388297584,292.25240478515633,263.3486866973883,-0.0988998468943858,0.7055242390078917,1467.6227363291136,27.442475877493077,0.3501348047527321
0.915,1467.897567564259,38.31315136561151,27.446295136191285,5.241624335353064,0.7420312652798797,0.8089581196464668,292.25240478515633,263.371701683045,-0.0988210965221738,0.7055242390078917,1467.897567564259,27.446295136191285,0.3501745448538791
0.916,1468.1728242899862,38.31674339358691,27.450114394889493,5.241599829760847,0.7419828915848561,0.8088854159633264,292.25240478515633,263.3947166687018,-0.0987423461499614,0.7055242390078917,1468.1728242899862,27.450114394889493,0.35021430581926055
0.917,1468.4485065062963,38.320340636616166,27.45394195712813,5.241575324168631,0.7419344431139969,0.808811790480593,292.25240478515633,263.4177316543585,-0.09866359577774939,0.7053651938683498,1468.4485065062963,27.45394195712813,0.3502541429950412
0.918,1468.724614213189,38.32394309323075,27.45777000820487,5.241550818576416,0.7418859198673022,0.8087240436994191,292.25240478515633,263.4407466400152,-0.09858484540553718,0.7052062204192021,1468.724614213189,27.45777000820487,0.3502940042819475
0.919,1469.0011474106643,38.32755076196057,27.461599155787415,5.241526312984198,0.7418373218447718,0.8086488252782517,292.25240478515633,263.46376162567196,-0.09850609503332497,0.7052062204192021,1469.0011474106643,27.461599155787415,0.3503338937248588
0.92,1469.2781060987222,38.33116364133396,27.46542830336996,5.241501807391982,0.7417886490464058,0.8085707126147452,292.25240478515633,263.48677661132865,-0.09842734466111296,0.7049808429118773,1469.2781060987222,27.46542830336996,0.35037380400849777
0.921,1469.5554902773627,38.33478172987767,27.469259371989775,5.241477301799766,0.7417399014722041,0.8084912054575847,292.25240478515633,263.5097915969854,-0.09834859428890075,0.7049143372407575,1469.5554902773627,27.469259371989775,0.3504137479327525
0.922,1469.8332999465858,38.3384050261169,27.47309490574754,5.24145279620755,0.7416910791221669,0.8084151863313026,292.25240478515633,263.5328065826421,-0.09826984391668873,0.7049143372407575,1469.8332999465858,27.47309490574754,0.3504537424508929
0.923,1470.111535106392,38.34203352857529,27.47693511954206,5.241428290615333,0.741642181996294,0.8083434875195302,292.25240478515633,263.5558215682988,-0.09819109354447653,0.7049143372407575,1470.111535106392,27.47693511954206,0.35049378898954586
0.924,1470.39019575678,38.34566723577489,27.48078136453841,5.241403785023118,0.7415932100945855,0.8082666340418557,292.25240478515633,263.57883655395557,-0.09811234317226432,0.7049143372407575,1470.39019575678,27.48078136453841,0.35053389654976913
0.925,1470.6692818977513,38.34930614623622,27.484631741321042,5.241379279430902,0.7415441634170412,0.8081889205163484,292.25240478515633,263.60185153961226,-0.0980335928000523,0.7049143372407575,1470.6692818977513,27.484631741321042,0.3505740524639969
0.926,1470.9487935293048,38.352950258478224,27.488483152313968,5.241354773838685,0.7414950419636614,0.8081117484228818,292.25240478515633,263.624866525269,-0.0979548424278401,0.7049143372407575,1470.9487935293048,27.488483152313968,0.3506142360776284
0.927,1471.228730651441,38.3565995710183,27.492342064641477,5.241330268246469,0.7414458457344459,0.8080316555474706,292.25240478515633,263.64788151092574,-0.09787609205562789,0.7049143372407575,1471.228730651441,27.492342064641477,0.35065449049507613
0.928,1471.50909326416,38.360254082372286,27.496200976968986,5.241305762654252,0.7413965747293949,0.8079512412256437,292.25240478515633,263.67089649658243,-0.09779734168341588,0.7049143372407575,1471.50909326416,27.496200976968986,0.350694765705937
0.929,1471.7898813674615,38.3639137910545,27.5000598892965,5.2412812570620355,0.7413472289485081,0.8078744716227585,292.25240478515633,263.6939114822392,-0.09771859131120368,0.7046889089269612,1471.7898813674615,27.5000598892965,0.35073506170426905
0.93,1472.0710949613456,38.36757869557767,27.503918801624014,5.24125675146982,0.7412978083917858,0.8078014490427707,292.25240478515633,263.71692646789586,-0.09763984093899167,0.7046889089269612,1472.0710949613456,27.503918801624014,0.35077537848412366
0.931,1472.3527340458122,38.37124879445302,27.507782049159264,5.241232245877604,0.7412483130592278,0.807723230883329,292.25240478515633,263.73994145355266,-0.09756109056677927,0.7046889089269612,1472.3527340458122,27.507782049159264,0.3508157449383706
0.932,1472.6347986208618,38.37492408619021,27.511645317873338,5.241207740285387,0.7411987429508342,0.8076459593165306,292.25240478515633,263.76295643920935,-0.09748234019456725,0.7046889089269612,1472.6347986208618,27.511645317873338,0.35085613230340423
0.933,1472.917288686494,38.37860456929738,27.515510380579173,5.241183234693171,0.741149098066605,0.80756905041083,292.25240478515633,263.7859714248661,-0.09740358982235504,0.7045300878972278,1472.917288686494,27.515510380579173,0.3508965523909636
0.934,1473.2002042427084,38.38229024228112,27.519376686353684,5.241158729100955,0.7410993784065402,0.8074941427158446,292.25240478515633,263.8089864105228,-0.09732483945014303,0.7045300878972278,1473.2002042427084,27.519376686353684,0.3509370015225804
0.935,1473.4835452895056,38.38598110364649,27.52325972859611,5.2411342235087375,0.7410495839706397,0.8074218450766214,292.25240478515633,263.8320013961795,-0.09724608907793082,0.7045300878972278,1473.4835452895056,27.52325972859611,0.3509775829724527
0.936,1473.7673118268854,38.38967715189704,27.52714322300625,5.2411097179165225,0.7409997147589036,0.8073429592112221,292.25240478515633,263.85501638183626,-0.09716733870571861,0.7043713384407391,1473.7673118268854,27.52714322300625,0.351018188182212
0.937,1474.0515038548474,38.39337838553475,27.531026717416385,5.241085212324306,0.740949770771332,0.8072634024478856,292.25240478515633,263.87803136749295,-0.0970885883335066,0.7043713384407391,1474.0515038548474,27.531026717416385,0.3510588141316822
0.9380000000000001,1474.3361213733929,38.39708480306015,27.534910211826528,5.241060706732089,0.7408997520079245,0.807185975277092,292.25240478515633,263.9010463531497,-0.09700983796129439,0.7043713384407391,1474.3361213733929,27.534910211826528,0.3510994608148662
0.9390000000000001,1474.6211643825204,38.40079640297217,27.538798408214486,5.241036201139873,0.7408496584686814,0.807108760744347,292.25240478515633,263.9240613388064,-0.09693108758908238,0.7043713384407391,1474.6211643825204,27.538798408214486,0.3511401595695018
0.9400000000000001,1474.9066328822305,38.404513183768266,27.542694347226046,5.241011695547657,0.7407994901536029,0.8070355460031619,292.25240478515633,263.9470763244631,-0.09685233721687017,0.7042126605091237,1474.9066328822305,27.542694347226046,0.3511809306587554
0.9410000000000001,1475.1925268725236,38.408235143944374,27.546592071470286,5.240987189955441,0.7407492470626886,0.806956654095084,292.25240478515633,263.97009131011987,-0.09677358684465796,0.7042126605091237,1475.1925268725236,27.546592071470286,0.3512217343641903
0.9420000000000001,1475.4788463533994,38.41196228199491,27.550490723930892,5.240962684363224,0.7406989291959387,0.806874523532057,292.25240478515633,263.9931062957766,-0.09669483647244576,0.7042126605091237,1475.4788463533994,27.550490723930892,0.3512625649668488
0.9430000000000001,1475.7655913248573,38.41569459641277,27.554389643421455,5.2409381787710085,0.7406485365533533,0.8067942036647259,292.25240478515633,264.01612128143336,-0.09661608610023356,0.7042126605091237,1475.7655913248573,27.554389643421455,0.3513034180531843
0.9440000000000001,1476.0527617868981,38.41943208568937,27.55829008465786,5.240913673178793,0.7405980691349321,0.8067179872580333,292.25240478515633,264.03913626709004,-0.09653733572802155,0.7042126605091237,1476.0527617868981,27.55829008465786,0.3513443019811944
0.9450000000000001,1476.3403577395213,38.42317474831461,27.562192624874665,5.240889167586576,0.7405475269406754,0.8066391532070981,292.25240478515633,264.0621512527468,-0.09645858535580934,0.7040540540540541,1476.3403577395213,27.562192624874665,0.35138522059272853
0.9460000000000001,1476.6283791827273,38.426922582776875,27.566095165091472,5.24086466199436,0.7404969099705829,0.8065596157963935,292.25240478515633,264.0851662384035,-0.09637983498359733,0.7040540540540541,1476.6283791827273,27.566095165091472,0.3514261598897781
0.9470000000000001,1476.9168261165162,38.43067558756307,27.56999770530827,5.240840156402144,0.7404462182246548,0.8064795737116041,292.25240478515633,264.1081812240603,-0.09630108461138492,0.7040540540540541,1476.9168261165162,27.56999770530827,0.35146711986629103
0.9480000000000001,1477.2056985408872,38.43443376115859,27.573900672515563,5.240815650809928,0.7403954517028912,0.8064001768082356,292.25240478515633,264.13119620971696,-0.09622233423917291,0.7037370553804593,1477.2056985408872,27.573900672515563,0.35150810336256066
0.9490000000000001,1477.494996455841,38.43819710204735,27.577804650294702,5.240791145217711,0.740344610405292,0.806318756370369,292.25240478515633,264.15421119537365,-0.0961435838669609,0.7035119315623592,1477.494996455841,27.577804650294702,0.35154911426272084
0.9500000000000001,1477.7847198613774,38.441965608711754,27.581711964393456,5.240766639625495,0.740293694331857,0.8062432355141369,292.25240478515633,264.1772261810304,-0.09606483349474869,0.7031953195319532,1477.7847198613774,27.581711964393456,0.3515901680643132
0.9510000000000001,1478.0748687574967,38.445739279632754,27.585626473529324,5.240742134033278,0.7402427034825865,0.8061630343322422,292.25240478515633,264.20024116668714,-0.09598608312253648,0.7031953195319532,1478.0748687574967,27.585626473529324,0.35163129048376623
0.9520000000000001,1478.3654431441987,38.44951811328978,27.589550716123714,5.240717628441062,0.7401916378574802,0.8060886427141375,292.25240478515633,264.2232561523438,-0.09590733275032447,0.703037120359955,1478.3654431441987,27.589550716123714,0.35167249843630843
0.9530000000000001,1478.6564430214828,38.453302108160784,27.593492179277145,5.240693122848846,0.7401404974565384,0.806010568575217,292.25240478515633,264.24627113800057,-0.09582858237811226,0.7027209354621093,1478.6564430214828,27.593492179277145,0.35171384182543347
0.9540000000000001,1478.9478683893497,38.45709126272227,27.597433959848075,5.24066861725663,0.7400892822797609,0.8059295340657728,292.25240478515633,264.26928612365725,-0.09574983200590025,0.7025629496402878,1478.9478683893497,27.597433959848075,0.3517552079674211
0.9550000000000001,1479.239719247799,38.46088557544923,27.601379858739016,5.240644111664413,0.740037992327148,0.8058578466768715,292.25240478515633,264.292301109314,-0.09567108163368804,0.7020224719101124,1479.239719247799,27.601379858739016,0.35179662219327695
0.9560000000000001,1479.5319955968314,38.46468504481522,27.605327031971626,5.2406196060721975,0.7399866275986993,0.8057731290845022,292.25240478515633,264.31531609497074,-0.09559233126147583,0.7020224719101124,1479.5319955968314,27.605327031971626,0.35183806553872
0.9570000000000001,1479.824697436446,38.46848966929227,27.609274205204247,5.240595100479982,0.7399351880944149,0.8056889820936491,292.25240478515633,264.3383310806274,-0.09551358088926383,0.7017977528089888,1479.824697436446,27.609274205204247,0.35187952950278056
0.9580000000000001,1480.1178247666435,38.47229944735099,27.61322137843685,5.240570594887765,0.7398836738142949,0.8056113609548771,292.25240478515633,264.36134606628417,-0.09543483051705162,0.7017977528089888,1480.1178247666435,27.61322137843685,0.3519210140793413
0.9590000000000001,1480.4113775874234,38.47611437746051,27.61716855166946,5.240546089295548,0.7398320847583394,0.805530329015077,292.25240478515633,264.3843610519409,-0.09535608014483941,0.701640080880701,1480.4113775874234,27.61716855166946,0.35196251926227956
0.96,1480.7053558987861,38.47993445808849,27.62111588148382,5.240521583703332,0.7397804209265482,0.80545047152308,292.25240478515633,264.3776624145508,-0.09537900087117197,0.701640080880701,1480.7053558987861,27.62111588148382,0.3520040460892523
0.961,1480.9997597007314,38.48375968770114,27.62506518878109,5.240497078111115,0.7397286823189213,0.8053764259637634,292.25240478515633,264.37091700592043,-0.09540208163464875,0.7014824797843666,1480.9997597007314,27.62506518878109,0.3520456066923903
0.962,1481.2945889932591,38.487590064763204,27.629014496078366,5.2404725725189,0.7396768689354588,0.8052951204170933,292.25240478515633,264.3641715972901,-0.09542516239812535,0.7014824797843666,1481.2945889932591,27.629014496078366,0.35208718788350196
0.963,1481.5898437763697,38.49142558773797,27.632964519557945,5.2404480669266835,0.7396249807761608,0.8052181448612492,292.25240478515633,264.3574261886597,-0.09544824316160232,0.7013249494722659,1481.5898437763697,27.632964519557945,0.3521287944305665
0.964,1481.8855240500627,38.495266255087294,27.636920947731664,5.2404235613344685,0.739573017841027,0.8051421978656796,292.25240478515633,264.3506807800294,-0.0954713239250789,0.7013249494722659,1481.8855240500627,27.636920947731664,0.3521704642474843
0.965,1482.1816298143385,38.49911206527156,27.64087737590538,5.240399055742251,0.7395209801300576,0.8050621169953246,292.25240478515633,264.343935371399,-0.09549440468855568,0.7013249494722659,1482.1816298143385,27.64087737590538,0.35221215463391936
0.966,1482.4781610691969,38.502963016749725,27.644834186082857,5.240374550150035,0.7394688676432526,0.804982471940623,292.25240478515633,264.3371899627686,-0.09551748545203265,0.7013249494722659,1482.4781610691969,27.644834186082857,0.3522538681301741
0.967,1482.7751178146377,38.506819107979275,27.648792464463483,5.240350044557819,0.7394166803806119,0.8049021233253985,292.25240478515633,264.3304445541383,-0.09554056621550923,0.7013249494722659,1482.7751178146377,27.648792464463483,0.3522956119707669
0.968,1483.0725000506613,38.51068033741629,27.652754965772186,5.240325538965602,0.7393644183421357,0.8048194773078265,292.25240478515633,264.32369914550793,-0.095563646978986,0.7012578616352201,1483.0725000506613,27.652754965772186,0.3523374045127282
0.969,1483.3703077772675,38.51454670351538,27.656717467080874,5.2403010333733855,0.7393120815278238,0.804739056140307,292.25240478515633,264.31695373687757,-0.09558672774246278,0.7010332434860737,1483.3703077772675,27.656717467080874,0.3523792175995174
0.97,1483.6685409944564,38.518418204729755,27.660687433054907,5.2402765277811705,0.7392596699376763,0.8046567819783409,292.25240478515633,264.3102083282472,-0.09560980850593956,0.7004939380332286,1483.6685409944564,27.660687433054907,0.3524211009849748
0.971,1483.9671997022276,38.522294839511154,27.664663221835678,5.240252022188954,0.7392071835716932,0.804579110731509,292.25240478515633,264.30346291961683,-0.09563288926941634,0.7004939380332286,1483.9671997022276,27.664663221835678,0.3524630437181535
0.972,1484.2662839005814,38.52617660630992,27.66864226153615,5.240227516596737,0.7391546224298745,0.8044983956609463,292.25240478515633,264.2967175109865,-0.09565597003289292,0.7001122334455668,1484.2662839005814,27.66864226153615,0.35250502864846084
0.973,1484.5657935895185,38.53006350357495,27.672621301236617,5.240203011004521,0.73910198651222,0.8044179587142061,292.25240478515633,264.28997210235616,-0.0956790507963697,0.7001122334455668,1484.5657935895185,27.672621301236617,0.35254703409881516
0.974,1484.8657287690373,38.53395552975372,27.676600465756316,5.240178505412304,0.7390492758187301,0.8043334688364693,292.25240478515633,264.2832266937258,-0.09570213155984647,0.7001122334455668,1484.8657287690373,27.676600465756316,0.35258906089506126
0.975,1485.1660894391396,38.5378526832923,27.680589138483114,5.240153999820088,0.7389964903494044,0.8042506355962346,292.25240478515633,264.27648128509543,-0.09572521232332325,0.6999551166965888,1485.1660894391396,27.680589138483114,0.35263117158136104
0.976,1485.4668755998239,38.541754962635316,27.684578413838512,5.240129494227872,0.7389436301042431,0.8041614789236174,292.25240478515633,264.2697358764651,-0.09574829308679983,0.6997307001795332,1485.4668755998239,27.684578413838512,0.3526733067862302
0.977,1485.768087251091,38.545662366226,27.6885763313375,5.240104988635656,0.7388906950832461,0.8040798428564757,292.25240478515633,264.26299046783475,-0.0957713738502766,0.6995062836624776,1485.768087251091,27.6885763313375,0.35271552009546037
0.978,1486.0697243929408,38.54957489250615,27.69257947148226,5.24008048304344,0.7388376852864136,0.8039950381973373,292.25240478515633,264.25408720703155,-0.09580183813613853,0.6995062836624776,1486.0697243929408,27.69257947148226,0.3527577887081869
0.979,1486.371787025373,38.553492539916185,27.69660142741874,5.240055977451224,0.7387846007137455,0.8039170005152426,292.25240478515633,264.2309320922854,-0.09588106798803031,0.6993493381198115,1486.371787025373,27.69660142741874,0.3528002032311163
0.98,1486.674275148388,38.557415306895095,27.70063361132997,5.240031471859006,0.7387314413652417,0.8038363711061748,292.25240478515633,264.21141476440454,-0.09594785042527051,0.699192462987887,1486.674275148388,27.70063361132997,0.3528427064109643
0.981,1486.9771887619859,38.56134319188047,27.704669181014104,5.24000696626679,0.7386782072409022,0.8037525982595168,292.25240478515633,264.23354635772733,-0.0958721227564458,0.699192462987887,1486.9771887619859,27.704669181014104,0.35288525263084414
0.982,1487.280527866166,38.565276193308485,27.708705302899336,5.239982460674575,0.7386248983407271,0.8036680725272148,292.25240478515633,264.25567795105,-0.09579639508762147,0.699192462987887,1487.280527866166,27.708705302899336,0.3529278229956958
0.983,1487.584292460929,38.56921430961394,27.712743641804924,5.2399579550823585,0.7385715146647165,0.8035840988267353,292.25240478515633,264.2778095443728,-0.09572066741879676,0.6989681471511888,1487.584292460929,27.712743641804924,0.35297042859707095
0.984,1487.888482546274,38.57315753923023,27.716787574355276,5.239933449490142,0.7385180562128701,0.8035018934228242,292.25240478515633,264.2999411376955,-0.09564493974997243,0.6985871271585558,1487.888482546274,27.716787574355276,0.3530130919375386
0.985,1488.1930981222022,38.57710588058936,27.72083289274075,5.239908943897926,0.7384645229851883,0.8034220069420297,292.25240478515633,264.3220727310183,-0.09556921208114771,0.6983628616281677,1488.1930981222022,27.72083289274075,0.35305578496124845
0.986,1488.4981391887127,38.58105933212193,27.724878211126228,5.239884438305711,0.7384109149816707,0.8033407859125599,292.25240478515633,264.34420432434104,-0.09549348441232319,0.6982062780269058,1488.4981391887127,27.724878211126228,0.35309849842384117
0.987,1488.8036057458062,38.58501789225717,27.728923529511704,5.239859932713493,0.7383572322023174,0.8032614514635881,292.25240478515633,264.3663359176638,-0.09541775674349867,0.6982062780269058,1488.8036057458062,27.728923529511704,0.35314123231903416
0.988,1489.1094977934822,38.58898155942292,27.732968847897183,5.239835427121277,0.7383034746471285,0.8031736833623982,292.25240478515633,264.3884675109865,-0.09534202907467415,0.6978255996413361,1489.1094977934822,27.732968847897183,0.35318398664053935
0.989,1489.4158153317405,38.592950332045625,27.73701416628266,5.239810921529061,0.7382496423161041,0.8030957719140696,292.25240478515633,264.41059910430926,-0.09526630140584963,0.6976014346559067,1489.4158153317405,27.73701416628266,0.3532267613820631
0.99,1489.7225583605814,38.59692420855037,27.74105948466813,5.239786415936845,0.7381957352092441,0.8030125504367479,292.25240478515633,264.43273069763205,-0.09519057373702491,0.6974450918870462,1489.7225583605814,27.74105948466813,0.3532695565373063
0.991,1490.0297268800055,38.600903187360856,27.745104803053607,5.239761910344629,0.7381417533265482,0.8029298783613789,292.25240478515633,264.4548622909548,-0.09511484606820039,0.6974450918870462,1490.0297268800055,27.745104803053607,0.3533123720999643
0.992,1490.3373208900118,38.604887266899404,27.749150121439087,5.239737404752412,0.7380876966680169,0.8028473914208366,292.25240478515633,264.47699388427753,-0.09503911839937587,0.6972209771402959,1490.3373208900118,27.749150121439087,0.353355208063727
0.993,1490.645340390601,38.60887644558698,27.753199352307245,5.239712899160197,0.7380335652336498,0.8027627100845394,292.25240478515633,264.4991254776003,-0.09496339073055135,0.6969968623935455,1490.645340390601,27.753199352307245,0.3533980905031858
0.994,1490.9537853817724,38.61287072184316,27.757249492705135,5.239688393567979,0.7379793590234474,0.8026779236939644,292.25240478515633,264.521257070923,-0.09488766306172683,0.6969968623935455,1490.9537853817724,27.757249492705135,0.35344099939410684
0.995,1491.2626558635268,38.61687009408617,27.76129963310302,5.239663887975763,0.737925078037409,0.8025910914049578,292.25240478515633,264.54338866424575,-0.09481193539290231,0.6966845878136201,1491.2626558635268,27.76129963310302,0.35348392866716927
0.996,1491.5719518358635,38.62087456073287,27.765350954044163,5.239639382383547,0.7378707222755352,0.8025086471847486,292.25240478515633,264.5655202575685,-0.09473620772407779,0.6966845878136201,1491.5719518358635,27.765350954044163,0.35352688618563227
0.997,1491.8816732987827,38.624884120198764,27.7694272609015,5.2396148767913315,0.7378162917378257,0.8024252709666717,292.25240478515633,264.5834879959108,-0.0946747275170783,0.696528555431131,1491.8816732987827,27.7694272609015,0.3535700306315844
0.998,1492.191820252285,38.628898770898,27.773506798897575,5.239590371199115,0.7377617864242805,0.802340147169782,292.25240478515633,264.59755624694833,-0.09462659018507623,0.696528555431131,1492.191820252285,27.773506798897575,0.3536132169796821
0.999,1492.5023926963697,38.63291851124336,27.77758965069594,5.239565865606899,0.7377072063348997,0.8022608947486678,292.25240478515633,264.61162449798593,-0.09457845285307398,0.696528555431131,1492.5023926963697,27.77758965069594,0.35365644577461874
1.0,1492.813390631037,38.63694333964628,27.7816786574918,5.239541360014682,0.7376525514696834,0.8021768520974317,292.25240478515633,264.62569274902353,-0.09453031552107173,0.6962167002462503,1492.813390631037,27.7816786574918,0.35369973594966375
