loss,mae,mse,rmse,r2
0.002263391623273492,0.014774785940257945,0.0008719979049254963,0.02952961064635794,0.8202784937045614
