loss,mae,mse,rmse,r2
0.04648461181204,1.03674934167475,2.872026917428,1.6947055547876198,0.928464640698596
