loss,mae,mse,rmse,r2
0.0004648461181204766,0.010367493416747508,0.00028720269174280455,0.016947055547876292,0.9284646406985961
