loss,mae,mse,rmse,r2
4.555127525236,97.990428838996,28008.99837179,167.358890925437,0.930236247089463
