loss,mae,mse,rmse,r2
0.0008651998941786587,0.015420799520585326,0.0005814592345169546,0.02411346583378164,0.9025587980479429
