loss,mae,mse,rmse,r2
0.00043892019311897457,0.009861318425800132,0.00026766482002975615,0.016360465153220923,0.9333310598275271
