loss,mae,mse,rmse,r2
0.000449762970674783,0.009705581695300176,0.00027004559015194983,0.016433063930744923,0.9327380666174994
