loss,mae,mse,rmse,r2
0.04050079733133316,1.021745766612165,2.690549194605894,1.640289363071618,0.9352612885099664
