loss,mae,mse,rmse,r2
0.04576017963699,1.0435026165647798,2.8457252315499995,1.68692774935683,0.9291197531343788
