loss,mae,mse,rmse,r2
0.037985260132700205,1.061036787978072,2.495519832843053,1.5797214415342515,0.9399539919953971
