loss,mae,mse,rmse,r2
0.0008528559701517224,0.014844052556322995,0.0005657267055877044,0.023785010102745478,0.9051952623735722
