loss,mae,mse,rmse,r2
0.00045551275252364576,0.009799042883899657,0.0002800899837179254,0.016735889092543765,0.930236247089463
