loss,mae,mse,rmse,r2
0.0004455475718714297,0.010186865626877513,0.0002696782124944322,0.01642188212399639,0.932829571653787
