loss,mae,mse,rmse,r2
0.045250143739394844,1.0931198091235916,3.2280152058421487,1.7966678062018446,0.9223290376866471
