loss,mae,mse,rmse,r2
0.03907358332071453,0.9847747158911738,2.502355681718481,1.5818835866518375,0.9397895110600465
