loss,mae,mse,rmse,r2
0.03916471323464066,1.0089284677458463,2.5460552435940316,1.5956363130720082,0.9387380330442666
