loss,mae,mse,rmse,r2
0.0007920772186480463,0.01220400631768888,0.0005904320857252898,0.024298808319036757,0.8730141875593981
