1756349450786 1.7141181852506555 1
1756349450803 1.2425224262735117 2
1756349450818 1.0828082846558613 3
1756349450833 1.0823156496752864 4
1756349450848 0.8241777601449386 5
1756349450864 0.5763110557328099 6
1756349450879 0.5460743087789287 7
1756349450894 0.553995342358299 8
1756349450909 0.4511638296687085 9
1756349450925 0.43069821336995 10
1756349450940 0.4562314010184744 11
1756349450955 0.42690098674400995 12
1756349450971 0.3662503705076549 13
1756349450986 0.41862364825995074 14
1756349451001 0.3750740302645642 15
1756349451017 0.32950962755991065 16
1756349451032 0.31569674546303955 17
1756349451048 0.3040621572214624 18
1756349451063 0.26239337545374164 19
1756349451079 0.23675262280132459 20
1756349451094 0.2645858733550362 21
1756349451110 0.26587925333043805 22
1756349451126 0.24013680543588556 23
1756349451141 0.28340249087499536 24
1756349451157 0.2850187375493672 25
1756349451173 0.2068258945060813 26
1756349451188 0.22812226868194083 27
1756349451204 0.3588457275991854 28
1756349451220 0.3455461159996364 29
1756349451236 0.3029864747887072 30
1756349451251 0.23488879657309988 31
1756349451267 0.23831671994665396 32
1756349451283 0.22514248283013052 33
1756349451299 0.2302550511515659 34
1756349451315 0.22186787718016168 35
1756349451331 0.1750022723622944 36
1756349451347 0.17446123743834702 37
1756349451363 0.1676259737299836 38
1756349451379 0.19557137949311215 39
1756349451395 0.17731379037318024 40
1756349451411 0.22790650310723679 41
1756349451427 0.17632618319729101 42
1756349451443 0.15028666478136313 43
1756349451459 0.1679534270711567 44
1756349451475 0.16551908461943918 45
1756349451491 0.15312563951896585 46
1756349451508 0.1521923691034317 47
1756349451524 0.14596520202315372 48
1756349451540 0.12454405686129695 49
1756349451556 0.1320340166921201 50
1756349451573 0.11405995293803838 51
1756349451589 0.11430579197147618 52
1756349451605 0.1182885393500328 53
1756349451622 0.1246444482518279 54
1756349451638 0.12047538031702457 55
1756349451655 0.11248826203138931 56
1756349451671 0.10623937456504158 57
1756349451688 0.12960836194131686 58
1756349451705 0.12007622582756955 59
1756349451722 0.10554704815149307 60
1756349451738 0.09896483434283215 61
1756349451755 0.09569207676078963 62
1756349451772 0.11828048543437668 63
1756349451789 0.08713878626408784 64
1756349451805 0.09143628811706668 65
1756349451822 0.0805631255650002 66
1756349451839 0.0820757234873979 67
1756349451856 0.08079191993760027 68
1756349451873 0.10700022429227829 69
1756349451890 0.09016700963611188 70
1756349451907 0.07962886972919754 71
1756349451924 0.087162837062193 72
1756349451941 0.07252050320739331 73
1756349451958 0.08463283369074696 74
1756349451975 0.07850955702040506 75
1756349451992 0.09419185311897942 76
1756349452009 0.07577512121718863 77
1756349452026 0.07718667954854343 78
1756349452044 0.07118059953917628 79
1756349452061 0.08504169474801292 80
1756349452078 0.07628134978206261 81
1756349452096 0.07438484465946323 82
1756349537010 1.5569396148557249 1
1756349537041 1.6462767590647158 2
1756349537070 1.1643603418184363 3
1756349537098 1.328482544940451 4
1756349537127 1.1196769799875177 5
1756349537155 0.9354819733163585 6
1756349537184 0.605728786924611 7
1756349537213 0.5793126627154972 8
1756349537242 0.4499654743982398 9
1756349537270 0.41651794703110406 10
1756349537299 0.40731958202693774 11
1756349537328 0.4401897179043811 12
1756349537357 0.4169202421022498 13
1756349537386 0.34282549826995184 14
1756349537415 0.3235680596983951 15
1756349537443 0.29664906081946 16
1756349537472 0.29479380016741547 17
1756349537501 0.29061041901940887 18
1756349537530 0.31621297416479693 19
1756349537559 0.30481277859729267 20
1756349537589 0.2726728048013604 21
1756349537618 0.2542087928108547 22
1756349537647 0.24463936103426892 23
1756349537676 0.28894488513469696 24
1756349537705 0.2385570517052775 25
1756349537734 0.2001613896826039 26
1756349537764 0.18640545496474142 27
1756349537793 0.18721280603305154 28
1756349537822 0.18292171119347864 29
1756349537852 0.16650616409985916 30
1756349537881 0.16811428121898486 31
1756349537911 0.14548205584287643 32
1756349537940 0.14533754114223563 33
1756349537969 0.166909192243348 34
1756349537999 0.1402908796849458 35
1756349538029 0.14152468384607977 36
1756349538058 0.14573676981355832 37
1756349538088 0.13316435852776404 38
1756349538117 0.13656945688569028 39
1756349538147 0.147635654910751 40
1756349538177 0.16895802675381952 41
1756349538206 0.14794832824364954 42
1756349538236 0.13423328490360922 43
1756349538266 0.12429215208343837 44
1756349538296 0.10609256540951521 45
1756349538326 0.12658371420010275 46
1756349538356 0.11185728952936504 47
1756349538386 0.15006614541229996 48
1756349538416 0.1598635034068771 49
1756349538446 0.11795231926700343 50
1756349538476 0.12392356667829596 51
1756349538506 0.12810599156047986 52
1756349538535 0.1730538227635881 53
1756349538565 0.1292108138618262 54
1756349538595 0.16542067411153213 55
1756349538625 0.1457314021561457 56
1756349538655 0.15509116131326425 57
1756349538685 0.1615083645219388 58
1756349538716 0.12399591278770696 59
1756349538746 0.1920631991132446 60
1756349538776 0.14585816050353256 61
1756349538806 0.10691485975099646 62
1756349538836 0.10346524498384932 63
1756349538867 0.12059947653957036 64
1756349538897 0.10518443422472995 65
1756349538927 0.08930832908853241 66
1756349538958 0.09328482591587564 67
1756349538988 0.09598691955856654 68
1756349539019 0.08096299369050108 69
1756349539049 0.09412071610922398 70
1756349539080 0.08372295210542886 71
1756349539110 0.10065580710120824 72
1756349539141 0.10849252084027165 73
1756349539172 0.09426826935099519 74
1756349539202 0.08582366112133731 75
1756349636658 1.8305033704508906 1
1756349636701 1.1869751344556394 2
1756349636741 1.7146221373392188 3
1756349636782 1.509131511916285 4
1756349636823 1.0738680155380913 5
1756349636863 0.8601818188377048 6
1756349636904 0.7427046221235524 7
1756349636944 0.6907819470633632 8
1756349636985 0.5789203643798828 9
1756349637026 0.5504617133866185 10
1756349637067 0.5178145727385646 11
1756349637109 0.4097199550141459 12
1756349637150 0.42699809696363367 13
1756349637191 0.4616148750419202 14
1756349637233 0.4168234156525653 15
1756349637274 0.4160745675149171 16
1756349637316 0.3299637611793435 17
1756349637357 0.32505109906196594 18
1756349637398 0.29760755663332733 19
1756349637441 0.3074813971052999 20
1756349637482 0.3378829463668492 21
1756349637524 0.295400017629499 22
1756349637565 0.27789181146932684 23
1756349637606 0.34637808734955994 24
1756349637648 0.28678698060305224 25
1756349637689 0.29380160570144653 26
1756349637730 0.26483020251211914 27
1756349637772 0.2707787078359853 28
1756349637813 0.288403631552406 29
1756349637855 0.23840140810479288 30
1756349637897 0.2426555862893229 31
1756349637938 0.2481629595808361 32
1756349637980 0.2687378227710724 33
1756349638021 0.24523767343033914 34
1756349638063 0.2191756108532781 35
1756349638105 0.2156216162054435 36
1756349638147 0.19428171282229217 37
1756349638189 0.17888961052117142 38
1756349638231 0.16112016821685043 39
1756349638273 0.15328355684228565 40
1756349638315 0.17812071805414947 41
1756349638356 0.17647536973590436 42
1756349638401 0.24561189892499344 43
1756349638444 0.28230080267657404 44
1756349638487 0.21644618621338968 45
1756349638529 0.20834114532107892 46
1756349638572 0.20927468201388483 47
1756349638614 0.1717069638164147 48
1756349638656 0.1696724004071692 49
1756349638698 0.16324859598408575 50
1756349638743 0.17046126820470975 51
1756349638785 0.1712434573665909 52
1756349638827 0.17800619582767072 53
1756349638870 0.15878577174051947 54
1756349638912 0.20588818224875824 55
1756349638954 0.23967697244623434 56
1756349638997 0.1636104907678521 57
1756349639039 0.1499531152455703 58
1756349639082 0.12729688636634662 59
1756349639125 0.13908136020536008 60
1756349639168 0.13275382894536722 61
1756349639210 0.13485170933215515 62
1756349639253 0.15890430756237195 63
1756349639296 0.12158382230478784 64
1756349639339 0.12143070801444676 65
1756349639381 0.11660942921172017 66
1756349639424 0.12350227003512175 67
1756349639467 0.11048666484977888 68
1756349639510 0.12304312768189804 69
1756349639553 0.13469917229984119 70
1756349639595 0.1302073478050854 71
1756349639638 0.11804310621126839 72
1756349639681 0.10322572128928226 73
1756349639724 0.10478366133959396 74
1756349639767 0.10051556628035463 75
1756349639810 0.1002854829573113 76
1756349639854 0.09527541437874669 77
1756349639897 0.09859965482483739 78
1756349639940 0.09812860158474548 79
1756349639983 0.08919313355632451 80
1756349640027 0.08811673683964688 81
1756349640070 0.10269681931189868 82
1756349640113 0.1152888402018858 83
1756349640157 0.08444606496588043 84
1756349640200 0.08860964894942615 85
1756349640244 0.09362106057612793 86
1756349640287 0.07790299553586089 87
1756349640331 0.10050190726052159 88
1756349640375 0.08619529575757358 89
1756349640418 0.0900267263793427 90
1756349640462 0.0745833002678726 91
1756349640505 0.08187708452991817 92
1756349640549 0.07083307077055392 93
1756349640592 0.07443487028712811 94
1756349640636 0.08106754768801772 95
1756349640679 0.08234046027064323 96
1756349640723 0.06452475391004396 97
1756349640767 0.08955235309574915 98
1756349640810 0.09440655763382497 99
1756349794891 1.9607156981592593 1
1756349794954 1.932570939478667 2
1756349795015 1.636972041233726 3
1756349795076 1.4235391564991162 4
1756349795137 1.044242446837218 5
1756349795198 0.7187197545300359 6
1756349795259 0.9714630660803422 7
1756349795320 0.6336272384809412 8
1756349795381 0.523924462173296 9
1756349795442 0.4812014932217805 10
1756349795503 0.4776378351709117 11
1756349795564 0.5112787238929583 12
1756349795626 0.45638793188592663 13
1756349795687 0.3739255472369816 14
1756349795749 0.34136544880659686 15
1756349795810 0.32116253220516705 16
1756349795871 0.34582993452963623 17
1756349795932 0.298901190576346 18
1756349795993 0.32352919099123584 19
1756349796055 0.40076825411423395 20
1756349796117 0.4465564353310544 21
1756349796178 0.314493904295175 22
1756349796240 0.44500259990277496 23
1756349796301 0.29813411702280457 24
1756349796363 0.3904886025449504 25
1756349796424 0.328819937032202 26
1756349796485 0.31843161712522094 27
1756349796547 0.27281602374885394 28
1756349796609 0.2863791384126829 29
1756349796671 0.2791755316050156 30
1756349796732 0.29950478154680005 31
1756349796794 0.28620094190473144 32
1756349796856 0.406165960042373 33
1756349796918 0.30903705241887464 34
1756349796980 0.2621375717546629 35
1756349797042 0.2443523821623429 36
1756349797104 0.1975769484820573 37
1756349797165 0.18712904660598093 38
1756349797227 0.2054978113459504 39
1756349797289 0.23799579882103464 40
1756349797351 0.21697483438512552 41
1756349797413 0.17220716210811035 42
1756349797475 0.1701080633894257 43
1756349797537 0.25264695999415027 44
1756349797600 0.25171835267025494 45
1756349797662 0.18957751697820166 46
1756349797724 0.15073167889014535 47
1756349797786 0.18856115963148035 48
1756349797849 0.23583665392968967 49
1756349797911 0.1731906410144723 50
1756349797973 0.17372289267571075 51
1756349798036 0.15141718154368194 52
1756349798098 0.14027472229107565 53
1756349798160 0.1661765708223633 54
1756349798222 0.16227761202532312 55
1756349798285 0.14733320928138235 56
1756349798347 0.15247497642817703 57
1756349798410 0.13849695480388144 58
1756349798472 0.1606186479330063 59
1756349798535 0.15314566311628922 60
1756349798597 0.13082110687442447 61
1756349798660 0.13739397765501685 62
1756349798722 0.19961505350859268 63
1756349798785 0.16981005992578424 64
1756349798848 0.15953431634799295 65
1756349907397 1.6368720116822615 1
1756349907471 1.8249122992805813 2
1756349907542 1.1957759131555972 3
1756349907614 1.1483972746392954 4
1756349907686 0.77588991108148 5
1756349907758 0.6342368359151094 6
1756349907829 0.603775257649629 7
1756349907901 0.45253750681877136 8
1756349907973 0.4460939019918442 9
1756349908045 0.391928986362789 10
1756349908117 0.4239627058091371 11
1756349908189 0.3658948786880659 12
1756349908261 0.32181491799976514 13
1756349908332 0.3744534059711125 14
1756349908404 0.4164848327636719 15
1756349908476 0.3274434506893158 16
1756349908548 0.3733520792878192 17
1756349908621 0.4246458307556484 18
1756349908693 0.3274895393330118 19
1756349908765 0.28828445789606677 20
1756349908837 0.2882002423638883 21
1756349908910 0.23150533178578253 22
1756349908982 0.23822025112483813 23
1756349909055 0.2836950667526411 24
1756349909128 0.36202630400657654 25
1756349909200 0.28904358913069184 26
1756349909273 0.25963323854881787 27
1756349909346 0.1971241980791092 28
1756349909419 0.22938772258551224 29
1756349909492 0.18100824984519379 30
1756349909564 0.19163347068040268 31
1756349909637 0.21270366596138995 32
1756349909710 0.22085116868433746 33
1756349909783 0.21521785887687103 34
1756349909856 0.19155611713295398 35
1756349909928 0.17812337305234827 36
1756349910001 0.20639098435640335 37
1756349910074 0.20789307679819025 38
1756349910147 0.19600524980088938 39
1756349910220 0.17301621223273483 40
1756349910292 0.17614141527725302 41
1756349910365 0.13768929826176685 42
1756349910438 0.1698852097210677 43
1756349910511 0.16152874509925427 44
1756349910584 0.16206022481555524 45
1756349910657 0.1479474905392398 46
1756349910731 0.1554871732773988 47
1756349910804 0.15418663588554962 48
1756349910877 0.15792319275762723 49
1756349910950 0.17748128136862878 50
1756349911023 0.1356967745915703 51
1756349911096 0.1100933663547039 52
1756349911170 0.12122917547821999 53
1756349911244 0.09388734788998314 54
1756349911317 0.0957370437681675 55
1756349911390 0.11602972512659819 56
1756349911463 0.12463743045278218 57
1756349911537 0.11393406857614932 58
1756349911610 0.11266815629990204 59
1756349911683 0.12447655686865682 60
1756349911757 0.13044289046007654 61
1756349911830 0.1103496167646802 62
1756349911903 0.09998531995908073 63
1756349911976 0.0892991193610689 64
1756349912050 0.0838123629598514 65
1756349912123 0.09357821196317673 66
1756349912197 0.09525008127093315 67
1756349912270 0.10339527787721675 68
1756349912344 0.0830353713877823 69
1756349912417 0.09391512235869533 70
1756349912491 0.08456767528601315 71
1756349912565 0.07467722001930942 72
1756349912639 0.08966434973737468 73
1756349912713 0.07553971121492593 74
1756349912787 0.07832405100698056 75
1756349912861 0.07317009697789731 76
1756349912935 0.07290413700368094 77
1756349913009 0.055672310292720795 78
1756349913083 0.05981077237621597 79
1756349913157 0.06914938225046448 80
1756349913471 0.0617198062169811 81
1756349913545 0.05500531318071096 82
1756349913619 0.06493472340314285 83
1756349913694 0.055599029783321464 84
1756349913768 0.05350055124448693 85
1756349913842 0.06043284726531609 86
1756349913916 0.055413837504127754 87
1756349913991 0.049645891656046326 88
1756349914065 0.062046903145054115 89
1756349914139 0.05956276344216388 90
1756349914214 0.05453326196774193 91
1756349914288 0.04894872965372127 92
1756349914362 0.049823254994724106 93
1756349914436 0.05253826745826265 94
1756349914511 0.051697943683551704 95
1756349914587 0.04475734569132328 96
1756349914662 0.045112770941594375 97
1756349914737 0.0456560637154009 98
1756349914812 0.04539699463740639 99
1756350112078 1.6675099367680757 1
1756350112176 1.3346313056738481 2
1756350112271 1.2435477946115576 3
1756350112366 0.8460451597752778 4
1756350112462 0.8091318879438483 5
1756350112557 0.6317167748575625 6
1756350112652 0.49439897809339606 7
1756350112747 0.49016217239525006 8
1756350112843 0.38985549626143085 9
1756350112939 0.46782197511714435 10
1756350113045 0.3663477178501046 11
1756350113141 0.31399880932724994 12
1756350113236 0.28379629714333493 13
1756350113333 0.3220560615477355 14
1756350113428 0.3153064633193223 15
1756350113524 0.2593811102535414 16
1756350113620 0.1936203481062599 17
1756350113716 0.2472636297993038 18
1756350113812 0.28156058943789936 19
1756350113909 0.24235708493253458 20
1756350114004 0.20260756689569223 21
1756350114100 0.22311477946198505 22
1756350114195 0.24281418906605762 23
1756350114292 0.20669892365517822 24
1756350114388 0.17499835497659186 25
1756350114484 0.1497868665534517 26
1756350114580 0.16052699024262634 27
1756350114677 0.14440934748753256 28
1756350114775 0.1315411011809888 29
1756350114872 0.11167510388338048 30
1756350114968 0.12081246029423631 31
1756350115065 0.11838814454234164 32
1756350115162 0.17924098281756692 33
1756350115258 0.16471271735170614 34
1756350115355 0.1710105369920316 35
1756350115451 0.15240500656806905 36
1756350115547 0.12214262848315031 37
1756350115644 0.12192708901737047 38
1756350115740 0.10550261256487473 39
1756350115837 0.10009358045847519 40
1756350115933 0.0934259261450042 41
1756350116030 0.10231552467398021 42
1756350116126 0.09923307403274205 43
1756350116223 0.09318632535312486 44
1756350116320 0.08147283206167429 45
1756350116420 0.08367621056411577 46
1756350116518 0.10508362754531529 47
1756350116615 0.1330647776308267 48
1756350116711 0.10781965501930403 49
1756350116810 0.10194052610060443 50
1756350116907 0.08520285655622897 51
1756350117004 0.08879489581222119 52
1756350117100 0.0770227842680786 53
1756350117197 0.06082388159373532 54
1756350117293 0.07546753306751666 55
1756350117391 0.08113982998158621 56
1756350117487 0.07955928033460742 57
1756350117585 0.06842537645412528 58
1756350117682 0.06803991823740628 59
1756350117779 0.06013267989391866 60
1756350117876 0.08168551633539407 61
1756350117973 0.07782207283636798 62
1756350118070 0.07852883782723676 63
1756350118168 0.06692258300988571 64
1756350118266 0.06088518075968908 65
1756350118364 0.049634819040479866 66
1756350118462 0.06113537660111552 67
1756350118559 0.054471003458551735 68
1756350118656 0.055274801733701126 69
1756350118753 0.06605098947234776 70
1756350118850 0.06831271217569061 71
1756350118948 0.06982281059026718 72
1756350119045 0.05511134587552236 73
1756350119142 0.052568255964180695 74
1756350119239 0.04809129335310148 75
1756350119336 0.06991832646662774 76
1756350119434 0.0611532257626886 77
1756350119531 0.05202560507408951 78
1756350119629 0.05025274225551149 79
1756350119726 0.04488810896873474 80
1756350119823 0.04529125664545142 81
1756350251247 1.7330808820931807 1
1756350251358 1.298465371131897 2
1756350251468 0.991185952787814 3
1756350251577 0.8258997901626255 4
1756350251687 0.7047196963559026 5
1756350251796 0.8770024128582167 6
1756350251905 0.5499921350375466 7
1756350252014 0.4356926575950954 8
1756350252124 0.4221413368764131 9
1756350252233 0.43814605020958447 10
1756350252344 0.35574198546616925 11
1756350252454 0.33201859502688696 12
1756350252564 0.25502921835235925 13
1756350252673 0.2190946612669074 14
1756350252782 0.22037771149821903 15
1756350252891 0.2093384664343751 16
1756350253001 0.21132246955581332 17
1756350253111 0.16127956399451132 18
1756350253220 0.1942957124632338 19
1756350253330 0.215815383778966 20
1756350253439 0.28102817483570264 21
1756350253550 0.26871874021447223 22
1756350253659 0.246929706438728 23
1756350253768 0.17719688234121903 24
1756350253879 0.13488986019207083 25
1756350253989 0.12508656894383224 26
1756350254098 0.12154677445473878 27
1756350254208 0.11667309118353802 28
1756350254317 0.1276198094305785 29
1756350254427 0.11818573283760445 30
1756350254536 0.12141867565072101 31
1756350254646 0.11340238834204881 32
1756350254756 0.11024686208237773 33
1756350254866 0.11731544882059097 34
1756350254976 0.11721325341774069 35
1756350255335 0.13860797039840533 36
1756350255446 0.12085458701071532 37
1756350255556 0.09466104468573695 38
1756350255665 0.09110854112583658 39
1756350255775 0.09608111336179402 40
1756350255885 0.08887555304428806 41
1756350255995 0.07585107842865198 42
1756350256106 0.07191414548003155 43
1756350256216 0.07333800569176674 44
1756350256327 0.05546862389082494 45
1756350256436 0.053520349056824394 46
1756350256546 0.07346501007028249 47
1756350256657 0.07970664536823398 48
1756350256767 0.08129712048432101 49
1756350256876 0.08649743234981662 50
1756350256987 0.07826103351038435 51
1756350257098 0.07088297152000925 52
1756350257208 0.06526539895845496 53
1756350257318 0.07401839076824811 54
1756350257430 0.10026931892270627 55
1756350257540 0.058465125444142715 56
1756350257650 0.04997535309065943 57
1756350257759 0.0854226075436758 58
1756350257870 0.0630191282733627 59
1756350257981 0.060555602707292724 60
1756350258092 0.04447191111419512 61
1756350258202 0.04543600587741188 62
1756350258313 0.04552860274586989 63
1756350258424 0.04441389295717944 64
1756350258535 0.04626401983525442 65
1756350258646 0.04162059238423472 66
1756350258757 0.04698900262946668 67
1756350258868 0.03821772320762924 68
1756350258979 0.035312858612641045 69
1756350259090 0.03539039405143779 70
1756350259200 0.04691894206663837 71
1756350259312 0.03492263931295146 72
1756350259422 0.05002918904242308 73
1756350259534 0.040119454588579094 74
1756350259644 0.05154287151020506 75
1756350259755 0.047896728567455124 76
1756350259867 0.04432690354145091 77
1756350259977 0.03591268209983473 78
1756350260089 0.032598659720109856 79
1756350260200 0.031477048345234085 80
1756350260311 0.033509795270536255 81
1756350260422 0.03223705214812704 82
1756350260532 0.03365014457022366 83
1756350260643 0.03499908874864164 84
1756350260755 0.028373141084676205 85
1756350260866 0.031043321866056194 86
1756350260978 0.03194711746081062 87
1756350261090 0.035539699151464134 88
1756350261201 0.033359849501563156 89
1756350261313 0.03505041458360527 90
1756350261425 0.0332992226695237 91
1756350261536 0.028215997083031612 92
1756350261648 0.02907548488482185 93
1756350261760 0.026306954091009888 94
1756350261872 0.027126646114756233 95
1756350261983 0.02526597771793604 96
1756350262095 0.021647698205450306 97
1756350262206 0.02807410113999377 98
1756350262318 0.019628221897975258 99
1756350262430 0.023511232848724594 100
1756350262542 0.026170015254098435 101
1756350262653 0.024025498282002365 102
1756350262765 0.01918263296070306 103
1756350374470 1.6338468116262685 1
1756350374593 1.6438283505647078 2
1756350374715 1.3289834273898082 3
1756350374836 0.9590059441068898 4
1756350374956 0.6848585437173429 5
1756350375077 0.6642370923705723 6
1756350375198 0.5886317543361498 7
1756350375319 0.44648100500521454 8
1756350375692 0.44638839493627136 9
1756350375813 0.37465432156687195 10
1756350375933 0.3330934144880461 11
1756350376054 0.35402715983598126 12
1756350376174 0.37919944783915643 13
1756350376294 0.35644442361334094 14
1756350376415 0.3543867242077123 15
1756350376535 0.28461880074894946 16
1756350376655 0.2777561260306317 17
1756350376775 0.23817303128864453 18
1756350376896 0.2280700129011403 19
1756350377017 0.2556471779294636 20
1756350377138 0.2362670140421909 21
1756350377260 0.2002067335921785 22
1756350377382 0.2161362631165463 23
1756350377504 0.28804951387902966 24
1756350377625 0.21246641874313354 25
1756350377746 0.1974789040244144 26
1756350377868 0.1702079377744509 27
1756350377989 0.1615909399545711 28
1756350378110 0.1601624006162519 29
1756350378232 0.15588716320369556 30
1756350378353 0.18091117396302844 31
1756350378475 0.15826142093409662 32
1756350378596 0.12353536697185558 33
1756350378718 0.12056012548830199 34
1756350378840 0.14568138187346252 35
1756350378961 0.1326146864372751 36
1756350379083 0.11455784705669983 37
1756350379205 0.12256235175806543 38
1756350379327 0.1635061162321464 39
1756350379449 0.14710852860108667 40
1756350379570 0.13915060428173645 41
1756350379692 0.16869208216667175 42
1756350379813 0.13527455148489578 43
1756350379935 0.10879386345977368 44
1756350380057 0.13576842002246692 45
1756350380180 0.09790299735639406 46
1756350380302 0.13430023744054462 47
1756350380424 0.1121991665466972 48
1756350380547 0.09763062162243802 49
1756350380669 0.1162806969621907 50
1756350380792 0.1037943504102852 51
1756350380914 0.08455399440034576 52
1756350381035 0.08523041026099869 53
1756350381157 0.10349697409116704 54
1756350381279 0.10973748078812724 55
1756350381401 0.09550413748492366 56
1756350381523 0.07527144382829251 57
1756350381645 0.08742685761788617 58
1756350381767 0.07628889057947241 59
1756350381889 0.07440436809607175 60
1756350382011 0.07711850592623586 61
1756350382133 0.06120541367841804 62
1756350382255 0.07081276518495186 63
1756350382377 0.07583512301030366 64
1756350382500 0.08987701020163039 65
1756350382623 0.0782958188134691 66
1756350382745 0.0766566815259664 67
1756350382867 0.06510944551099902 68
1756350382990 0.07076317655003589 69
1756350383112 0.056815915619549545 70
1756350383235 0.060667694586774575 71
1756350383357 0.06031013490713161 72
1756350383479 0.06955360637410828 73
1756350383601 0.07337276637554169 74
1756350383724 0.06001252891576808 75
1756350525154 1.5704484478287075 1
1756350525290 1.2766033903412197 2
1756350525424 1.3614298571711 3
1756350525557 1.434315069862034 4
1756350525690 1.0754430397697117 5
1756350525823 0.9350820624310038 6
1756350525957 0.8176369213539622 7
1756350526090 0.6966372637645059 8
1756350526224 0.63910278937091 9
1756350526357 0.6020272438940795 10
1756350526491 0.6076814389747122 11
1756350526625 0.5386918433334517 12
1756350526758 0.43523120361825696 13
1756350526891 0.4717566383921582 14
1756350527024 0.4173903335695681 15
1756350527157 0.4096074493035026 16
1756350527291 0.4099709832150003 17
1756350527425 0.3872080574864927 18
1756350527560 0.3838713402333467 19
1756350527694 0.33937319141367206 20
1756350527828 0.29312849303950433 21
1756350527962 0.2820721637943517 22
1756350528096 0.3051310291756754 23
1756350528231 0.2903368946002877 24
1756350528365 0.3730384811111119 25
1756350528500 0.2943984853184741 26
1756350528633 0.27405020335446234 27
1756350528767 0.32238606136778125 28
1756350528902 0.327853847457015 29
1756350529037 0.23692636127057282 30
1756350529171 0.25160490105981415 31
1756350529307 0.2272031404401945 32
1756350529441 0.21651523722254712 33
1756350529576 0.22686001172532205 34
1756350529710 0.304202055801516 35
1756350529845 0.21698591113090515 36
1756350529980 0.2154357407404029 37
1756350530115 0.25294726277175156 38
1756350530250 0.253796254163203 39
1756350530385 0.18723768157803494 40
1756350530520 0.18611974495908487 41
1756350530904 0.15398513979238013 42
1756350531040 0.16561809149773224 43
1756350531175 0.1526531638658565 44
1756350531310 0.16973470248605893 45
1756350531445 0.1921565001425536 46
1756350531581 0.15459497856057208 47
1756350531717 0.16135372513014337 48
1756350531853 0.2098394421779591 49
1756350531988 0.14759419178185257 50
1756350532124 0.15932951997155728 51
1756350532259 0.13832700090563815 52
1756350532393 0.14168484249840613 53
1756350532528 0.17517384400834207 54
1756350532664 0.175118295394856 55
1756350532799 0.15418864786624908 56
1756350532937 0.12464867013952007 57
1756350533072 0.13398201698842255 58
1756350533208 0.1392878271315409 59
1756350677291 1.7799775237622468 1
1756350677441 1.4042009555775186 2
1756350677589 1.6106175598890886 3
1756350677736 1.2602553860000942 4
1756350677884 0.818256121614705 5
1756350678031 0.9542602741199991 6
1756350678178 0.6763444905695708 7
1756350678326 0.5808910481307817 8
1756350678473 0.7192773067432902 9
1756350678621 0.5428308248519897 10
1756350678769 0.532262605169545 11
1756350678917 0.6061456138673036 12
1756350679066 0.6135663869588271 13
1756350679213 0.4944758285646853 14
1756350679361 0.41074868647948554 15
1756350679508 0.3695969380762266 16
1756350679656 0.359089855266654 17
1756350679805 0.37357973145401996 18
1756350679952 0.31351568841415905 19
1756350680353 0.35227714025455975 20
1756350680502 0.3694439517415088 21
1756350680650 0.28668983993322955 22
1756350680798 0.27230470271214197 23
1756350680948 0.2996153079945108 24
1756350681096 0.2546341956957527 25
1756350681244 0.2558359426000844 26
1756350681393 0.2350217518599137 27
1756350681542 0.27031349617501965 28
1756350681690 0.2787521086309267 29
1756350681838 0.26565844338873157 30
1756350681986 0.25578060292679333 31
1756350682135 0.25886571148167487 32
1756350682284 0.2580225117828535 33
1756350682432 0.2374253933844359 34
1756350682582 0.2428979316483373 35
1756350682730 0.22564915664817975 36
1756350682879 0.22672343837178272 37
1756350683028 0.21705664629521576 38
1756350683177 0.2021862190702687 39
1756350683326 0.1701143001732619 40
1756350683475 0.21219640192778214 41
1756350683623 0.1973947383787321 42
1756350683771 0.20349874509417493 43
1756350683920 0.1675051965791246 44
1756350684069 0.16728852980810663 45
1756350684382 0.17441788445348325 46
1756350684532 0.16380388386871503 47
1756350684681 0.1528788672193237 48
1756350684830 0.16831850325283798 49
1756350684979 0.1660135547104089 50
1756350685129 0.14893233095822128 51
1756350685277 0.14883972574835239 52
1756350685425 0.13899725513613742 53
1756350685574 0.129051322846309 54
1756350685722 0.12714957024740137 55
1756350685871 0.1319612527023191 56
1756350686019 0.13735811833454215 57
1756350686167 0.11427139296479848 58
1756350686315 0.11177079800678336 59
1756350686464 0.11317385279613992 60
1756350686614 0.13812379765769708 61
1756350686763 0.13310875840809033 62
1756350686913 0.13285917173261227 63
1756350687062 0.11441707773053128 64
1756350687215 0.11140541683720506 65
1756350687364 0.1133373859136001 66
1756350687515 0.1109137875230416 67
1756350687665 0.13097246185592984 68
1756350687814 0.11229016550857088 69
1756350687963 0.10010466238726741 70
1756350688112 0.12639874349469724 71
1756350688429 0.09731381224549335 72
1756350688579 0.09627801924943924 73
1756350688729 0.11698913671400236 74
1756350688879 0.11599629890659581 75
1756350689029 0.10746086939521458 76
1756350689179 0.10613725042861441 77
1756350689328 0.10756272968390714 78
1756350689479 0.10876313726539197 79
1756350689628 0.10138972119792648 80
1756350689778 0.10092708954344624 81
1756350689927 0.08385022016971008 82
1756350690077 0.08882315068141274 83
1756350690226 0.09214118754734164 84
1756350690375 0.08169340390873991 85
1756350690525 0.09325942818237387 86
1756350690674 0.09677617705386618 87
1756350690823 0.08699040503605553 88
1756350690973 0.08763120517782542 89
1756350691123 0.10910196213618568 90
1756350691273 0.08507346167512563 91
1756350691423 0.09184034913778305 92
1756350691573 0.09300182209066722 93
1756350691723 0.06850744621909183 94
1756350691874 0.0672540345593639 95
1756350692024 0.073120826450379 96
1756350692174 0.07430172501050908 97
1756350692489 0.07764579874017964 98
1756350692641 0.06728622981387636 99
1756350692791 0.06517899878647017 100
1756350922120 2.194327546202618 1
1756350922292 1.7570054220116658 2
1756350922462 1.211100591265637 3
1756350922631 0.9182415293610614 4
1756350922800 1.0695650059243906 5
1756350922969 0.9588875304097715 6
1756350923138 0.8139933062636334 7
1756350923307 0.7732220343921495 8
1756350923477 0.7477406652077384 9
1756350923645 0.7038059752920399 10
1756350923814 0.7437181718971418 11
1756350923983 0.6275286454221477 12
1756350924154 0.8502248421959255 13
1756350924587 0.6895592445912568 14
1756350924757 0.5940353844476782 15
1756350924935 0.5669317025205364 16
1756350925106 0.4943186459334 17
1756350925277 0.5349924408871195 18
1756350925447 0.5542650650376859 19
1756350925617 0.5119666068450265 20
1756350925789 0.4937408773795418 21
1756350925958 0.48200493532678357 22
1756350926128 0.4859497462925704 23
1756350926298 0.5412416160106659 24
1756350926470 0.469939605049465 25
1756350926642 0.4531156342962514 26
1756350926811 0.4990161825781283 27
1756350926981 0.7836994282577349 28
1756350927154 0.6433142553205076 29
1756350927541 0.6199548646159794 30
1756350927711 0.5145726540814275 31
1756350927882 0.5483670584533525 32
1756350928053 0.46184576205585315 33
1756350928223 0.442467142706332 34
1756350928395 0.41121148998322693 35
1756350928565 0.42725250643232593 36
1756350928735 0.4215131155822588 37
1756350928905 0.4331977911617445 38
1756350929074 0.4087211813615716 39
1756350929244 0.3888906370038572 40
1756350929413 0.37687706558600714 41
1756350929582 0.38614522050256317 42
1756350929751 0.4491853150336639 43
1756350929920 0.39029199727203534 44
1756350930251 0.37808590414731397 45
1756350930421 0.36805813921534497 46
1756350930591 0.3595192490712456 47
1756350930761 0.33557685820952704 48
1756350930931 0.3306727558374405 49
1756350931101 0.3620394895906034 50
1756350931271 0.37907524601272913 51
1756350931442 0.385431130943091 52
1756350931612 0.4157500383646592 53
1756350931783 0.41003868372544 54
1756350931953 0.36799002017663873 55
1756350932124 0.3311651225971139 56
1756350932295 0.31644435810006183 57
1756350932465 0.28664855464645056 58
1756350932637 0.29127807591272437 59
1756350932807 0.2468179192232049 60
1756350933138 0.24886569056821906 61
1756350933308 0.21699427456959433 62
1756350933478 0.23714509768330533 63
1756350933649 0.27008158486822376 64
1756350933819 0.2069695070385933 65
1756350933990 0.20026280277449152 66
1756350934162 0.26539295393487683 67
1756350934332 0.255853278481442 68
1756350934502 0.22922006508578424 69
1756350934671 0.1863105744123459 70
1756350934841 0.17081761619319086 71
1756350935013 0.170047701700874 72
1756350935187 0.1706822650588077 73
1756350935358 0.17076200732718344 74
1756350935531 0.18508210972599362 75
1756350935884 0.18332297678874887 76
1756350936055 0.16279684525469076 77
1756350936226 0.1582073018602703 78
1756350936398 0.16551254495330478 79
1756350936570 0.15122659569201263 80
1756350936740 0.15367158372765002 81
1756350936912 0.16969886292581973 82
1756350937082 0.16257131164488586 83
1756350937254 0.15525092994389328 84
1756350937425 0.1539056288159412 85
1756350937596 0.27704037985076074 86
1756350937768 0.29744326096513996 87
1756350937939 0.25365829305804294 88
1756350938123 0.25790256488582364 89
1756350938294 0.2215113445468571 90
1756351164202 1.7325939510179602 1
1756351164392 1.8639024884804436 2
1756351164581 1.3232629636059636 3
1756351164768 1.2470482639644458 4
1756351164954 1.0935048175894695 5
1756351165142 0.7801452965840049 6
1756351165328 0.7866896002188973 7
1756351165516 0.6970811628777048 8
1756351165702 0.544354770494544 9
1756351165890 0.5258599960285685 10
1756351166076 0.44235294668570807 11
1756351166524 0.4707758970882582 12
1756351166711 0.38412949896377063 13
1756351166899 0.4473689690880153 14
1756351167087 0.48661114210667816 15
1756351167274 0.37365496871264087 16
1756351167462 0.33869747817516327 17
1756351167650 0.3058411466038745 18
1756351167836 0.37432487762492633 19
1756351168024 0.35139885609564575 20
1756351168211 0.30486450700656226 21
1756351168399 0.3357271325329076 22
1756351168585 0.2643294191878775 23
1756351168772 0.2455380319253258 24
1756351168960 0.2663312956042912 25
1756351169147 0.2886988332738047 26
1756351169334 0.3207082029270089 27
1756351169691 0.27550268173217773 28
1756351169879 0.2741571749034135 29
1756351170067 0.2515686543091484 30
1756351170255 0.31193255017633026 31
1756351170443 0.3001615230156028 32
1756351170631 0.2098769564991412 33
1756351170820 0.23232932777508444 34
1756351171008 0.22721732181051504 35
1756351171196 0.21851064167592837 36
1756351171384 0.24096724520558896 37
1756351171573 0.2565564215183258 38
1756351171760 0.20742204072682754 39
1756351171949 0.1930307791284893 40
1756351172137 0.18127761619246524 41
1756351172324 0.1936907165724298 42
1756351172704 0.18581515064705972 43
1756351172893 0.17340321774068085 44
1756351173082 0.15537386841100195 45
1756351173269 0.1591812242632327 46
1756351173458 0.1714805309539256 47
1756351173645 0.15516673093256744 48
1756351173832 0.1275965558445972 49
1756351174018 0.1205793586762055 50
1756351174205 0.1403952746287636 51
1756351174393 0.12537210661432016 52
1756351174581 0.13205087184906006 53
1756351174770 0.14036525105652603 54
1756351174958 0.127423246593579 55
1756351175146 0.12823862873989603 56
1756351175334 0.15684718865415323 57
1756351175522 0.1305626510925915 58
1756351175890 0.13254938728135565 59
1756351176078 0.11243657605803531 60
1756351176267 0.1308344696526942 61
1756351176455 0.10930280889505925 62
1756351176642 0.11125103319468706 63
1756351176829 0.12165953818222751 64
1756351177016 0.1078314935059651 65
1756351177203 0.11176615532325662 66
1756351177390 0.13267834776121637 67
1756351177578 0.11580231251276057 68
1756351177766 0.09925125361136768 69
1756351177954 0.09650335136962973 70
1756351178142 0.10163466146458751 71
1756351178332 0.10801148544187131 72
1756351178521 0.09828578097664792 73
1756351178709 0.11108805595532707 74
1756351179066 0.0878937187726083 75
1756351179255 0.09515086658622908 76
1756351179444 0.09288151627001555 77
1756351179633 0.0900687855546889 78
1756351179823 0.09070832525258479 79
1756351180012 0.09232531601320142 80
1756351180201 0.07740731245797614 81
1756351180391 0.09374272402213968 82
1756351180581 0.08781488482718883 83
1756351180770 0.09121095243355502 84
1756351180959 0.07522805650597034 85
1756351181148 0.0841455080586931 86
1756351181338 0.07928765889095224 87
1756351181528 0.07574154323209888 88
1756351181717 0.08349954498850781 89
1756351182082 0.0726910415712906 90
1756351182271 0.07591096117444661 91
1756351182461 0.06716916580563007 92
1756351182650 0.07302773112188214 93
1756351182840 0.07346632542169612 94
1756351346369 1.605136233827342 1
1756351346572 1.7125872736391814 2
1756351346772 1.8313690734946209 3
1756351346972 1.2117216250170832 4
1756351347173 1.0806190760239311 5
1756351347374 0.8611968639104263 6
1756351347574 0.7675581872463226 7
1756351347774 0.6563320017379263 8
1756351347974 0.49961309199747833 9
1756351348174 0.6312390241933905 10
1756351348374 0.601036540839983 11
1756351348576 0.47618685986684717 12
1756351348778 0.41630090643530304 13
1756351348979 0.4236667791138525 14
1756351349180 0.3687831629877505 15
1756351349640 0.3917217513789301 16
1756351349842 0.4007411119730576 17
1756351350041 0.4130805588286856 18
1756351350241 0.3649126323668853 19
1756351350441 0.32033873057883716 20
1756351350641 0.3398586103449697 21
1756351350841 0.3601678687593211 22
1756351351042 0.335864738277767 23
1756351351242 0.3439190549694974 24
1756351351442 0.3196259121532026 25
1756351351644 0.2648012586261915 26
1756351351844 0.2597198505764422 27
1756351352045 0.33753135346848034 28
1756351352246 0.31620662756588147 29
1756351352445 0.2936629089324371 30
1756351352645 0.27858444918756897 31
1756351353012 0.2561697875675948 32
1756351353212 0.24879774775194086 33
1756351353411 0.2737352336230485 34
1756351353612 0.2997940636199454 35
1756351353812 0.24396098437516586 36
1756351354012 0.26007802654867584 37
1756351354214 0.2602349111567373 38
1756351354414 0.27589648702870245 39
1756351354615 0.26330374213664426 40
1756351354816 0.24002934474012125 41
1756351355018 0.24045478390610736 42
1756351355219 0.2093298966469972 43
1756351355418 0.35128492764804675 44
1756351355620 0.2846508116825767 45
1756351355821 0.2563350129386653 46
1756351356187 0.21188565829525824 47
1756351356389 0.2068789377808571 48
1756351356590 0.18286838544451672 49
1756351356792 0.21566749720469766 50
1756351356993 0.24085903945176498 51
1756351357194 0.1709298248524251 52
1756351357396 0.17426528587289478 53
1756351357599 0.16413713894460513 54
1756351357800 0.14413245572991992 55
1756351358002 0.16152956174767535 56
1756351358202 0.13070855969968048 57
1756351358404 0.14011551796094232 58
1756351358605 0.13554784817540128 59
1756351358807 0.14025280543643495 60
1756351359011 0.15177469959725504 61
1756351359213 0.16357522652201031 62
1756351359581 0.1499262167059857 63
1756351359783 0.13128874386134354 64
1756351359985 0.14300054117389346 65
1756351360187 0.1419110748430957 66
1756351360389 0.12214229369293088 67
1756351360591 0.1374049627262613 68
1756351360792 0.15044285810512045 69
1756351360994 0.14945020040740137 70
1756351361196 0.12433761585017909 71
1756351361398 0.12092035717290381 72
1756351361600 0.12466854569704636 73
1756351361802 0.11848108195092368 74
1756351362005 0.11925051004990288 75
1756351362205 0.1173609368827032 76
1756351362407 0.11540328257757684 77
1756351362773 0.11397949897724649 78
1756351362975 0.13100279867649078 79
1756351363177 0.10731683444717656 80
1756351363382 0.10793400264304617 81
1756351363584 0.12140865526769472 82
1756351363787 0.10149763362563174 83
1756351363989 0.10413584275090176 84
1756351364192 0.09419505816438924 85
1756351543751 1.6740520363268645 1
1756351543967 1.6632342312646948 2
1756351544181 1.553903939931289 3
1756351544392 1.0370655241219893 4
1756351544604 0.6802380318227021 5
1756351544816 0.7127355570378511 6
1756351545029 0.543417953926584 7
1756351545242 0.5951644402483235 8
1756351545457 0.5166522510673689 9
1756351545672 0.498886499715888 10
1756351545884 0.47030534562857257 11
1756351546098 0.46505900958310004 12
1756351546311 0.4546742063501607 13
1756351546790 0.5531668650067371 14
1756351547004 0.4369699598654457 15
1756351547217 0.48721701554630115 16
1756351547429 0.45293684368548187 17
1756351547642 0.4298640360002932 18
1756351547854 0.35209273190602014 19
1756351548067 0.3974388287119243 20
1756351548279 0.37147556569265283 21
1756351548492 0.4015934707030006 22
1756351548705 0.38177746275196905 23
1756351548918 0.2989091737114865 24
1756351549132 0.3095332837623099 25
1756351549346 0.29609819728395215 26
1756351549560 0.2890673862851184 27
1756351549773 0.2520254908696465 28
1756351549986 0.2617176129766133 29
1756351550377 0.2777380625838819 30
1756351550589 0.3016744871502337 31
1756351550802 0.24933044677195343 32
1756351551015 0.22795028369063916 33
1756351551228 0.25593976287738135 34
1756351551441 0.2793454064623169 35
1756351551654 0.20576971445394598 36
1756351551867 0.18015076997487442 37
1756351552081 0.1957161063733308 38
1756351552295 0.18778492380743442 39
1756351552510 0.18406299242506857 40
1756351552724 0.2237005492915278 41
1756351552937 0.24288023911092593 42
1756351553150 0.20989358619503354 43
1756351553364 0.2205316890840945 44
1756351553752 0.21874483577583148 45
1756351553965 0.19874201682598694 46
1756351554181 0.17236476229584735 47
1756351554397 0.16642445520214413 48
1756351554610 0.18517870196829672 49
1756351554824 0.17789344230423804 50
1756351555038 0.17847409390884897 51
1756351555253 0.21196079837239307 52
1756351555468 0.16872948796852774 53
1756351555682 0.14560472544120706 54
1756351555899 0.15042725237815277 55
1756351556114 0.14862916165071985 56
1756351556329 0.15391864368449087 57
1756351556544 0.12878572519706644 58
1756351556758 0.15052805581818457 59
1756351556974 0.1610849026752555 60
1756351557363 0.14928063393934912 61
1756351557576 0.13435565421114798 62
1756351557790 0.11731905101434044 63
1756351558004 0.1247617518124373 64
1756351558218 0.1380321908256282 65
1756351558432 0.12547348634056424 66
1756351558646 0.11264951980632285 67
1756351558861 0.1222869148072989 68
1756351559075 0.1165651889598888 69
1756351559288 0.11529328706471817 70
1756351559503 0.12604814281930093 71
1756351559717 0.11386573152697604 72
1756351559932 0.09548740801603897 73
1756351560146 0.10191019430108693 74
1756351560360 0.08929845075244489 75
1756351560574 0.10594177926364153 76
1756351560962 0.10423494146569916 77
1756351561177 0.11085563104437746 78
1756351561391 0.09586637078419975 79
1756351561607 0.08677314124677492 80
1756351561821 0.09119511330905168 81
1756351562036 0.08385520881932715 82
1756351562250 0.0949814582000608 83
1756351562464 0.11332875360613284 84
1756351562679 0.09035066871539406 85
1756351562893 0.10659149710250937 86
1756351563106 0.10448249380873598 87
1756351563322 0.08341348349400189 88
1756351563536 0.09213214578187984 89
1756351563751 0.09284567638583806 90
1756351563966 0.09973119749971059 91
1756351564353 0.08327164468557938 92
1756351564567 0.07918203460133594 93
1756351564783 0.07310630138153615 94
1756351564998 0.0786008718221084 95
1756351565214 0.07858978390045789 96
1756351565428 0.07584910175722578 97
1756351565642 0.09332687909836354 98
1756351565856 0.06666551514164261 99
1756351566070 0.0638350774736508 100
1756351566285 0.06939196732381116 101
1756351566503 0.06543659564593564 102
1756351566719 0.07521740201374759 103
1756351566936 0.059994139263163444 104
1756351567151 0.05863981062303419 105
1756351567367 0.06718207409848338 106
1756351567583 0.06905640159612117 107
1756351567971 0.05876123500259026 108
1756351568187 0.0556631276950888 109
1756351568404 0.06115411707888479 110
1756351568620 0.0609331924630248 111
1756351568836 0.059072929879893425 112
1756351569052 0.05634345875486084 113
1756351569268 0.057597161311170327 114
1756351569484 0.05637584270342537 115
1756351569700 0.05955805937233179 116
1756351728994 1.716776324355084 1
1756351729224 1.1638942412708118 2
1756351729450 1.6893205383549565 3
1756351729677 1.069164797015812 4
1756351730163 0.7053772249947423 5
1756351730391 0.7778374189915864 6
1756351730618 0.7586457340613656 7
1756351730845 0.6400419253370037 8
1756351731072 0.6050399386364481 9
1756351731300 0.61349799581196 10
1756351731529 0.5292375372803729 11
1756351731758 0.5869770697925402 12
1756351731984 0.4721005792203157 13
1756351732210 0.4354664566724197 14
1756351732436 0.41191795468330383 15
1756351732663 0.3557069560755854 16
1756351732891 0.3565559698187787 17
1756351733117 0.38799991879774176 18
1756351733344 0.36388393264749774 19
1756351733570 0.3397449805684712 20
1756351733972 0.33119644030280737 21
1756351734199 0.41177295018797333 22
1756351734427 0.3897450436716494 23
1756351734654 0.42381794038026227 24
1756351734882 0.3563794351142386 25
1756351735107 0.2690346474232881 26
1756351735335 0.32728250583876733 27
1756351735562 0.25747620541116467 28
1756351735789 0.2611571077419364 29
1756351736017 0.24242867723755215 30
1756351736243 0.22938805980526883 31
1756351736470 0.21734082310096078 32
1756351736699 0.23479539771442828 33
1756351736927 0.2547259913838428 34
1756351737154 0.2598228836837022 35
1756351737564 0.1892925986777181 36
1756351737793 0.19718080532291662 37
1756351738022 0.1935892740021581 38
1756351738251 0.18163137720978778 39
1756351738478 0.19232656968676526 40
1756351738707 0.19609645883674207 41
1756351738934 0.21884702858717545 42
1756351739162 0.2528883024402287 43
1756351739390 0.17278507805388907 44
1756351739619 0.2085683728041856 45
1756351739846 0.2228319904078608 46
1756351740074 0.18100757799718692 47
1756351740302 0.15614699345567953 48
1756351740531 0.18744404711153195 49
1756351740759 0.21705379434253858 50
1756351740986 0.2441640331045441 51
1756351741400 0.18246740167555603 52
1756351741629 0.20070377575314563 53
1756351741861 0.19004447337078012 54
1756351742091 0.15865542933992718 55
1756351742320 0.18337270973817163 56
1756351742548 0.14511709595504013 57
1756351742776 0.1838069059278654 58
1756351743003 0.15812260722336563 59
1756351743231 0.1514076435047647 60
1756351743459 0.1404796174686888 61
1756351743686 0.12609786216331564 62
1756351743918 0.14769027090590933 63
1756351744146 0.19213895629281583 64
1756351744376 0.181347224375476 65
1756351744605 0.18866139941889307 66
1756351745012 0.17571038979551065 67
1756351745240 0.14088762421970782 68
1756351745468 0.1874983139012171 69
1756351745697 0.15831593359294144 70
1756351745925 0.13522554804449496 71
1756351746153 0.10953431770853374 72
1756351746382 0.11605851157851842 73
1756351746611 0.12165065692818683 74
1756351746840 0.11687178359083507 75
1756351747069 0.17086289661086124 76
1756351747297 0.11902405904686969 77
1756351747526 0.10611280669336734 78
1756351747756 0.10739569463159727 79
1756351747985 0.09609641134738922 80
1756351748214 0.138328791960426 81
1756351748444 0.1060661339889402 82
1756351748848 0.10201959149992984 83
1756351749079 0.1042726645651071 84
1756351749309 0.08752945535208868 85
1756351749540 0.10483762783848721 86
1756351749769 0.10228009181826012 87
1756351749998 0.1096849425331406 88
1756351750228 0.09218809948019359 89
1756351750459 0.09444903744303662 90
1756351750689 0.09509866133980129 91
1756351750918 0.09128792227610298 92
1756351751146 0.09286464394434639 93
1756351751375 0.07816567433917004 94
1756351751605 0.08701479337785555 95
1756351751834 0.07920657033505647 96
1756351752065 0.08281635282480199 97
1756351752297 0.09353577183640521 98
1756351752707 0.07167694912008617 99
1756351752939 0.06980859941762427 100
1756351948688 1.6645895838737488 1
1756351948932 1.406666926715685 2
1756351949172 1.4038957409236743 3
1756351949411 1.054860223894534 4
1756351949650 0.9906369551368381 5
1756351949890 0.7983197142248568 6
1756351950131 0.6244300474291262 7
1756351950630 0.596223947794541 8
1756351950871 0.5308739646621372 9
1756351951112 0.5063841964887537 10
1756351951355 0.5537110748498336 11
1756351951596 0.5401938505794691 12
1756351951837 0.526576675798582 13
1756351952078 0.4063210442014363 14
1756351952320 0.40884392935296765 15
1756351952561 0.5497889959293863 16
1756351952989 0.40337047369583795 17
1756351953231 0.36205395278723346 18
1756351953475 0.3754748177269231 19
1756351953714 0.43411977070829144 20
1756351953955 0.4110826966555222 21
1756351954195 0.3878335266009621 22
1756351954435 0.41428302034087805 23
1756351954677 0.34989512614581897 24
1756351954918 0.29261143699936243 25
1756351955160 0.28000379580518475 26
1756351955574 0.2476727308138557 27
1756351955815 0.3125491867894712 28
1756351956055 0.31767778746459796 29
1756351956296 0.28082465736762335 30
1756351956538 0.25559088328610297 31
1756351956781 0.2173126702723296 32
1756351957023 0.2556855503631675 33
1756351957264 0.20996692096409592 34
1756351957505 0.21789912749891696 35
1756351957745 0.231573679200981 36
1756351958150 0.29483615509841754 37
1756351958391 0.22366012373696204 38
1756351958633 0.20895770775235217 39
1756351958877 0.21713739277228064 40
1756351959120 0.24329074083463006 41
1756351959362 0.25903274961139844 42
1756351959604 0.23553035440652267 43
1756351959846 0.22670439468777698 44
1756351960088 0.19372813403606415 45
1756351960330 0.2151132507816605 46
1756351960744 0.2511067772689073 47
1756351960986 0.3174576143855634 48
1756351961229 0.32056118223978125 49
1756351961471 0.24912618230218472 50
1756351961714 0.22300639878148618 51
1756351961956 0.20380692637485007 52
1756351962199 0.21619708317777384 53
1756351962441 0.1918888448373131 54
1756351962682 0.162976563948652 55
1756351963090 0.1962872435865195 56
1756351963335 0.1607666112806486 57
1756351963577 0.14623067463221756 58
1756351963819 0.15891704837913098 59
1756351964062 0.14880915277678033 60
1756351964303 0.16776744859374088 61
1756351964545 0.1372871794130491 62
1756351964788 0.1411559601192889 63
1756351965030 0.1353335749843846 64
1756352114091 1.6085446762002034 1
1756352114344 1.6739344441372415 2
1756352114596 1.289374494034311 3
1756352114847 1.2501103981681492 4
1756352115099 0.7910314591034598 5
1756352115351 0.7385524200356525 6
1756352115601 0.6585471189540365 7
1756352115851 0.5872198589470076 8
1756352116102 0.5199855073638584 9
1756352116630 0.47764513544414355 10
1756352116882 0.4672541864540266 11
1756352117134 0.3748233473819235 12
1756352117387 0.4490412868883299 13
1756352117638 0.3879778624876686 14
1756352117891 0.34963262988173444 15
1756352118143 0.3260032696568448 16
1756352118396 0.3263061215048251 17
1756352118649 0.27552996964558313 18
1756352119072 0.2633234897385473 19
1756352119323 0.2777817074371421 20
1756352119576 0.27218005838601483 21
1756352119828 0.3314031764217045 22
1756352120080 0.26496975318245264 23
1756352120332 0.2612232235462769 24
1756352120585 0.2804790197507195 25
1756352120837 0.26985769686491595 26
1756352121089 0.3380869115176408 27
1756352121514 0.31577932834625244 28
1756352121766 0.2511061715043109 29
1756352122019 0.24555075362972592 30
1756352122271 0.2520653113074925 31
1756352122523 0.29589777277863544 32
1756352122776 0.22515532957470935 33
1756352123029 0.24196407425662744 34
1756352123282 0.22854546489922897 35
1756352123534 0.20673763719589813 36
1756352123952 0.236255943775177 37
1756352124204 0.25472633151904395 38
1756352124457 0.19894664248694544 39
1756352124709 0.23870404194230618 40
1756352124961 0.17588862388030344 41
1756352125215 0.21781664957170901 42
1756352125469 0.20386435156283172 43
1756352125721 0.20787210147018018 44
1756352125974 0.17661279245563175 45
1756352126389 0.14919784794683041 46
1756352126641 0.14899115037658942 47
1756352126895 0.1470944019763366 48
1756352127148 0.14035257016835007 49
1756352127402 0.15277133493319803 50
1756352127655 0.1463388055562973 51
1756352127908 0.11607747168644615 52
1756352128162 0.14430268400389215 53
1756352128594 0.13407638701407806 54
1756352128848 0.12977419599242832 55
1756352129103 0.15226319497046265 56
1756352129356 0.1553426566331283 57
1756352129610 0.12267951505339664 58
1756352129864 0.1508849072067634 59
1756352130118 0.12610538724971854 60
1756352130372 0.11691976646366327 61
1756352130625 0.11699732749358467 62
1756352131061 0.10101199506417564 63
1756352131316 0.10266577970722447 64
1756352131569 0.1139649826547374 65
1756352131823 0.10310458148951115 66
1756352132077 0.11262340260588605 67
1756352132330 0.09702493801065114 68
1756352132584 0.10287635708632677 69
1756352132837 0.09057463980887247 70
1756352133089 0.10617638330744661 71
1756352133507 0.09241252084789069 72
1756352133759 0.09308719813175824 73
1756352134013 0.09934490255039671 74
1756352134265 0.09828798213730687 75
1756352336145 1.770158441170402 1
1756352336670 1.7921505881392437 2
1756352336933 1.27429475473321 3
1756352337197 1.2394765952359075 4
1756352337462 1.0635424204494641 5
1756352337726 0.810921223267265 6
1756352337990 0.880904319493667 7
1756352338255 0.6505950754103453 8
1756352338518 0.6960608751877494 9
1756352338782 0.7137443060460298 10
1756352339219 0.6457923404548479 11
1756352339484 0.47624277938967163 12
1756352339748 0.5223574534706448 13
1756352340012 0.4422994994598886 14
1756352340278 0.49758626585421356 15
1756352340542 0.4845749489639116 16
1756352340806 0.4251906236876612 17
1756352341071 0.3691248641065929 18
1756352341510 0.3762543816929278 19
1756352341773 0.34650139381056244 20
1756352342038 0.3538751783578292 21
1756352342301 0.3376944045657697 22
1756352342567 0.29944806254428363 23
1756352342831 0.2826758208482162 24
1756352343097 0.27526572864988574 25
1756352343361 0.3137147076751875 26
1756352343625 0.31512540514054505 27
1756352344064 0.2563282575296319 28
1756352344328 0.233789566418399 29
1756352344596 0.21664417761823404 30
1756352344861 0.20116844578929569 31
1756352345127 0.20873265033182892 32
1756352345392 0.2267706757006438 33
1756352345658 0.22407201191653375 34
1756352345922 0.21261718286120374 35
1756352346187 0.21076321213141733 36
1756352346650 0.22256620811379474 37
1756352346917 0.21290791779756546 38
1756352347182 0.24417348724344504 39
1756352347448 0.22874860206375952 40
1756352347713 0.20660009170356003 41
1756352347978 0.21165651860444443 42
1756352348245 0.17234025604051093 43
1756352348510 0.19722626908965732 44
1756352348775 0.2179499255574268 45
1756352349229 0.18976717345092609 46
1756352349495 0.17147234470947928 47
1756352349761 0.17092989579490994 48
1756352350027 0.1657384319797806 49
1756352350293 0.19922198225622592 50
1756352350559 0.213104289834914 51
1756352350826 0.1662626298873321 52
1756352351094 0.1588414943088656 53
1756352351550 0.16883406172627988 54
1756352351819 0.1635575168158697 55
1756352352086 0.162072591483593 56
1756352352353 0.12660049809061963 57
1756352352619 0.1352208198412605 58
1756352352885 0.15113274267186289 59
1756352353154 0.1778817189776379 60
1756352353420 0.16981890603252078 61
1756352353685 0.14482591430778088 62
1756352354132 0.1504966940568841 63
1756352354398 0.15015384068955545 64
1756352354662 0.12232942004566608 65
1756352354928 0.1265792564853378 66
1756352355193 0.1081125347510628 67
1756352355460 0.09908322439245555 68
1756352355727 0.09714823977454849 69
1756352355992 0.10772373656863751 70
1756352356259 0.1079775412445483 71
1756352356697 0.09939109048117763 72
1756352356966 0.10712995574526164 73
1756352357231 0.10205685671256937 74
1756352357497 0.10473060834666957 75
1756352357763 0.0955282624648965 76
1756352358028 0.08576080721357594 77
1756352358294 0.0920994263952193 78
1756352358558 0.08119332126301268 79
1756352358824 0.09009615105131398 80
1756352560724 1.7593429295913032 1
1756352561004 1.4936005058495894 2
1756352561282 1.2408527135849 3
1756352561560 1.2274738653846409 4
1756352561838 0.9950308462847834 5
1756352562115 0.7339298193869384 6
1756352562654 0.5945364470067231 7
1756352562934 0.8039050801940586 8
1756352563212 0.6749180153660153 9
1756352563490 0.5896317868129067 10
1756352563769 0.5508580298527427 11
1756352564047 0.5191146511098613 12
1756352564325 0.5429657606974893 13
1756352564773 0.4106739675221236 14
1756352565055 0.3500128492065098 15
1756352565335 0.40588084835073224 16
1756352565614 0.36709192395210266 17
1756352565892 0.4019793809755989 18
1756352566172 0.4718742901864259 19
1756352566451 0.3084598060535348 20
1756352566730 0.30583581976268603 21
1756352567208 0.2616172685571339 22
1756352567485 0.2703141783890517 23
1756352567763 0.3060942538406538 24
1756352568040 0.3922030543503554 25
1756352568318 0.35040275687756745 26
1756352568596 0.2884305605421896 27
1756352568874 0.24622586628665094 28
1756352569153 0.24000541185555252 29
1756352569619 0.2106133388436359 30
1756352569898 0.22216153209624084 31
1756352570177 0.2680973987216535 32
1756352570455 0.2281785847052284 33
1756352570733 0.2617554580387862 34
1756352571016 0.20280432895473813 35
1756352571296 0.2688320421654245 36
1756352571574 0.2535001551327498 37
1756352572039 0.21208273975745492 38
1756352572316 0.18518731807884964 39
1756352572594 0.2732544813467109 40
1756352572872 0.2615824860075246 41
1756352573151 0.2758830474770587 42
1756352573428 0.314247560241948 43
1756352573707 0.2923796257894972 44
1756352573984 0.252124206851358 45
1756352574435 0.20628260464771933 46
1756352574715 0.19481823949710184 47
1756352574994 0.18395711740721826 48
1756352575273 0.1817047553865806 49
1756352575552 0.18175745787827866 50
1756352575831 0.18201039116019788 51
1756352576111 0.15900866881660794 52
1756352576392 0.17282781393631644 53
1756352576863 0.1676865748089293 54
1756352577142 0.1416940864013589 55
1756352577421 0.15506530941828436 56
1756352577701 0.14786921198601308 57
1756352577981 0.1541883226322091 58
1756352578262 0.13523562058158542 59
1756352578541 0.13901778116174365 60
1756352579009 0.14609456062316895 61
1756352579288 0.16328959555729575 62
1756352579570 0.13260768386332886 63
1756352579849 0.11344285957191301 64
1756352580129 0.12004242059977158 65
1756352580410 0.1149350498681483 66
1756352580690 0.1208337950317756 67
1756352580968 0.12926275445067364 68
1756352581247 0.12430375555287236 69
1756352581709 0.11447212035241335 70
1756352581990 0.13341733100621597 71
1756352582270 0.13021598432375037 72
1756352582550 0.10995208018499872 73
1756352582830 0.1014080413657686 74
1756352583109 0.09893210799149844 75
1756352583388 0.11102696799713632 76
1756352583845 0.11103119490587193 77
1756352584126 0.1227682193984156 78
1756352584407 0.11040738905253618 79
1756352584687 0.10204260925883832 80
1756352584967 0.10263909431903259 81
1756352585248 0.13372037916079813 82
1756352585529 0.08744261575781781 83
1756352585810 0.09616417696942454 84
1756352586264 0.1065921624717505 85
1756352586545 0.08667184752614601 86
1756352586827 0.08242379517658897 87
1756352587107 0.07881217287934345 88
1756352587390 0.0901604110132093 89
1756352587671 0.07186128523038782 90
1756352587952 0.07812786798762239 91
1756352588233 0.09010610875228177 92
1756352588682 0.07883693536986476 93
1756352588964 0.08033219546727512 94
1756352589246 0.07888513609119084 95
1756352589529 0.08078643420468205 96
1756352589811 0.059776312955047775 97
1756352590092 0.07177530634014503 98
1756352590376 0.08929455215516298 99
1756352590657 0.0750746040240578 100
1756352591122 0.05799654385317927 101
1756352591404 0.07043685634499011 102
1756352840927 1.9422613952470862 1
1756352841225 1.8889070982518403 2
1756352841522 1.6795745414236318 3
1756352842088 1.2489805921264316 4
1756352842379 0.8041793056156324 5
1756352842674 0.7385042413421299 6
1756352842967 0.6784832464612048 7
1756352843260 0.5732862275579701 8
1756352843554 0.6509217166382334 9
1756352843846 0.4795658160810885 10
1756352844138 0.5170830306799515 11
1756352844431 0.4616602607395338 12
1756352844724 0.34274534492389014 13
1756352845197 0.4841913477234218 14
1756352845492 0.4663130757601365 15
1756352845789 0.4077928532724795 16
1756352846084 0.43513581804607226 17
1756352846379 0.44921776134034863 18
1756352846675 0.3791452063166577 19
1756352847147 0.34301313952259394 20
1756352847442 0.3399278191120728 21
1756352847737 0.3479487474845803 22
1756352848031 0.3449621142252632 23
1756352848324 0.342260928257652 24
1756352848616 0.30061815355135046 25
1756352848909 0.30702158290406933 26
1756352849204 0.28321119041546533 27
1756352849496 0.21951778848534045 28
1756352849789 0.21837611399267032 29
1756352850082 0.24942892271539438 30
1756352850378 0.3681816964045815 31
1756352850672 0.3699418772821841 32
1756352851142 0.28071684357912646 33
1756352851437 0.24105198422203894 34
1756352851731 0.2571389720491741 35
1756352852027 0.25170605726864026 36
1756352852324 0.2340448233096496 37
1756352852619 0.245175759429517 38
1756352853094 0.20856746448122937 39
1756352853390 0.19573098323915317 40
1756352853685 0.22101269014503644 41
1756352853980 0.26371830896190973 42
1756352854275 0.20088908886132034 43
1756352854569 0.20625162707722705 44
1756352855040 0.20292969566324484 45
1756352855335 0.23704953750838403 46
1756352855631 0.21700129236864008 47
1756352855927 0.232324269802674 48
1756352856222 0.18993998513273572 49
1756352856690 0.1544991627983425 50
1756352856984 0.15189622893281604 51
1756352857277 0.15521470748859903 52
1756352857570 0.15850110384433166 53
1756352857864 0.11648267216008643 54
1756352858158 0.16937323821627576 55
1756352858453 0.14948307107324185 56
1756352858745 0.1297259350185809 57
1756352859039 0.13519312052623086 58
1756352859333 0.185970773515494 59
1756352859626 0.14927109006954276 60
1756352859920 0.14280245453119278 61
1756352860215 0.13678731445385062 62
1756352860686 0.21250245169453 63
1756352860981 0.13979230756345 64
1756352861274 0.13171552834303482 65
1756352861570 0.16761793228595154 66
1756352861865 0.15065364150897317 67
1756352862160 0.22822585475185644 68
1756352862628 0.15584218113318735 69
1756352862924 0.1303924931132275 70
1756352863221 0.1048727513331434 71
1756352863516 0.10143927581932234 72
1756352863809 0.1276573940463688 73
1756352864104 0.12195507275021594 74
1756352864398 0.1308074509320052 75
1756352864692 0.1117616619752801 76
1756352864986 0.12182211098463638 77
1756352865280 0.1205967195008112 78
1756352865574 0.10787666848172313 79
1756352866046 0.1004832289789034 80
1756352866343 0.09563076285564381 81
1756352866640 0.08722636589537495 82
1756352866937 0.11661937768044679 83
1756352867233 0.11960484314223994 84
1756352867703 0.09638916409533957 85
1756352867999 0.08786427828928699 86
1756352868292 0.0834592203407184 87
1756352868586 0.08321941158045894 88
1756352868881 0.08896689862012863 89
1756352869175 0.07986168028867763 90
1756352869468 0.08216624431636023 91
1756352869764 0.07572032818975656 92
1756352870059 0.08272417586134828 93
1756352870354 0.08960937514253285 94
1756352870648 0.07338587081302768 95
1756352871115 0.07466981786748637 96
1756352871412 0.07814341070859329 97
1756352871707 0.0689722364363463 98
1756352872004 0.07462108086632646 99
1756352872304 0.07739901267316031 100
1756352872771 0.07855634456095488 101
1756352873068 0.07329780559824861 102
1756353080272 1.6233281208121257 1
1756353080585 1.8187631705532903 2
1756353080894 1.874483497246452 3
1756353081204 1.3382886233537092 4
1756353081512 0.8866788045219753 5
1756353082106 0.7516194296919781 6
1756353082414 0.6342337597971377 7
1756353082722 0.757442725741345 8
1756353083029 0.6298800953056501 9
1756353083339 0.5535418650378352 10
1756353083646 0.46832291457964026 11
1756353083954 0.3800993386818015 12
1756353084453 0.4551452501960423 13
1756353084761 0.46924317401388416 14
1756353085068 0.46942921565926593 15
1756353085376 0.4469556471575861 16
1756353085683 0.35037941194098926 17
1756353085991 0.31848865682664124 18
1756353086299 0.27317659103352093 19
1756353086775 0.26470519602298737 20
1756353087083 0.24189745213674463 21
1756353087390 0.29885585152584576 22
1756353087701 0.385627330645271 23
1756353088012 0.3152930036835048 24
1756353088320 0.24667008480300073 25
1756353088629 0.24663773114266602 26
1756353089115 0.24945792167083078 27
1756353089425 0.2470484408347503 28
1756353089736 0.2347678665233695 29
1756353090045 0.20674735825994742 30
1756353090352 0.22687959671020508 31
1756353090660 0.21231264847776163 32
1756353090972 0.29157213089258777 33
1756353091449 0.22691825226597165 34
1756353091758 0.2371931114922399 35
1756353092067 0.2136229364120442 36
1756353092378 0.1800873360556105 37
1756353092687 0.1759783855598906 38
1756353092999 0.17254743757455246 39
1756353093307 0.1826650490579398 40
1756353093799 0.15680099375869916 41
1756353094109 0.17701829645944678 42
1756353094418 0.19381109722282575 43
1756353094727 0.16142329055330026 44
1756353095038 0.16414527789406155 45
1756353095347 0.15752840009720429 46
1756353095654 0.17314284942720248 47
1756353096154 0.15845553382583286 48
1756353096464 0.15321788612915122 49
1756353096772 0.14354503349117612 50
1756353097084 0.17861545247876126 51
1756353097392 0.21716039498215137 52
1756353097702 0.1614939227052357 53
1756353098011 0.15221925209397855 54
1756353098510 0.1800208214832389 55
1756353098817 0.16785979076572086 56
1756353099125 0.13367930734935013 57
1756353099432 0.1270958088014437 58
1756353099741 0.11869732160931049 59
1756353100053 0.1287333369255066 60
1756353100360 0.10502024011119553 61
1756353367360 1.902728891890982 1
1756353367686 2.099857081537661 2
1756353368007 1.2721949375194053 3
1756353368581 1.0570745727290278 4
1756353368903 0.7730972728003627 5
1756353369224 1.1127383009247158 6
1756353369547 0.7853755328966223 7
1756353369869 0.5898883977661962 8
1756353370193 0.5948443607143734 9
1756353370673 0.6073537417080092 10
1756353370997 0.48054579548213794 11
1756353371318 0.4134102321189383 12
1756353371638 0.40276616228663403 13
1756353371967 0.41594650304835773 14
1756353372449 0.41427598958430084 15
1756353372773 0.4313653299342031 16
1756353373095 0.4266126505706621 17
1756353373416 0.383634046367977 18
1756353373737 0.41136745525443036 19
1756353374057 0.36655703964440717 20
1756353374538 0.30084484750809876 21
1756353374861 0.3092331270808759 22
1756353375183 0.25879353803137073 23
1756353375503 0.3029772276463716 24
1756353375828 0.27785054367521533 25
1756353376150 0.2859588330206664 26
1756353376629 0.2672777622938156 27
1756353376956 0.24778594335784082 28
1756353377278 0.2848689698654672 29
1756353377601 0.23872805095237234 30
1756353377923 0.21448274734227554 31
1756353378245 0.27396812387134717 32
1756353378737 0.21057647790597833 33
1756353379060 0.20083147676094718 34
1756353379382 0.2108148890344993 35
1756353379706 0.20554163533708322 36
1756353380032 0.20267659555310788 37
1756353380354 0.1996316074029259 38
1756353380842 0.2233412758163784 39
1756353381164 0.1893633840524632 40
1756353381487 0.20242346304914224 41
1756353381811 0.2650254854689474 42
1756353382135 0.1899099006601002 43
1756353382459 0.1772521313117898 44
1756353382941 0.1733620400014131 45
1756353383265 0.14422648594431256 46
1756353383587 0.1618369782100553 47
1756353383913 0.15789125147073166 48
1756353384237 0.165372626936954 49
1756353384720 0.1685447517944419 50
1756353385045 0.13752388241498367 51
1756353385370 0.15163836628198624 52
1756353385695 0.1881117059484772 53
1756353386017 0.1322955323950104 54
1756353386341 0.1382323937571567 55
1756353386825 0.14135435450336206 56
1756353387150 0.13895749300718307 57
1756353387474 0.12248700662799504 58
1756353387797 0.10511578392723332 59
1756353388120 0.12580823088469711 60
1756353388442 0.14517837374106699 61
1756353388969 0.12318390737409177 62
1756353389294 0.14064905338961145 63
1756353389617 0.1406484450335088 64
1756353389942 0.14589743510536526 65
1756353390266 0.1387373228435931 66
1756353390589 0.10942262929418813 67
1756353391079 0.11810245656448862 68
1756353391403 0.09964226202472397 69
1756353391726 0.10688282031079997 70
1756353392050 0.09853929734748343 71
1756353392374 0.11229431483408679 72
1756353392698 0.09562781193981999 73
1756353393185 0.0871079588389915 74
1756353393510 0.09087371923353361 75
1756353393835 0.09037795403729314 76
1756353394160 0.10333925712367763 77
1756353394484 0.08411961907277936 78
1756353394807 0.09119841618382413 79
1756353395294 0.1053467509539231 80
1756353395618 0.10490052126671957 81
1756353395941 0.08362578924583353 82
1756353396263 0.07605634726907896 83
1756353396587 0.08400878164431323 84
1756353396910 0.10501318846059882 85
1756353397397 0.09598066285252571 86
1756353397721 0.08956650595950044 87
1756353398046 0.07460786515603894 88
1756353398371 0.07122356007280557 89
1756353398695 0.07262464045830395 90
1756353399019 0.08650543848457544 91
1756353399503 0.0843046487349531 92
1756353399827 0.07891221895166066 93
1756353693549 2.0081103262693984 1
1756353693893 1.8758838073067043 2
1756353694235 1.3535329336705415 3
1756353694828 1.1870724481085073 4
1756353695170 0.842856122099835 5
1756353695512 0.7171642948751864 6
1756353695853 0.8237559095672939 7
1756353696195 0.7718806888746179 8
1756353696700 0.775037416945333 9
1756353697043 0.7814305424690247 10
1756353697386 0.6504997649918431 11
1756353697728 0.5758161492969679 12
1756353698071 0.5311545457528986 13
1756353698570 0.4963689835175224 14
1756353698912 0.4184612022793811 15
1756353699253 0.37453966296237445 16
1756353699595 0.46749254154122394 17
1756353699938 0.42919221131697943 18
1756353700280 0.4339532133029855 19
1756353700782 0.451399063286574 20
1756353701124 0.4216750102198642 21
1756353701466 0.4711300614087478 22
1756353701810 0.43086528000624286 23
1756353702155 0.4042794283317483 24
1756353702660 0.33602601484112116 25
1756353703005 0.3238422948381175 26
1756353703348 0.33430613836516504 27
1756353703692 0.3644210987764856 28
1756353704036 0.30581993058971735 29
1756353704554 0.34459067038867786 30
1756353704897 0.26703358668348065 31
1756353705250 0.2834158526814502 32
1756353705592 0.2601633907660194 33
1756353705935 0.2527401777713195 34
1756353706447 0.2531818430060926 35
1756353706791 0.33039276690586755 36
1756353707134 0.2851000032995058 37
1756353707477 0.32811737319697504 38
1756353707819 0.2296557743912158 39
1756353708165 0.23485273122787476 40
1756353708681 0.19392460649428162 41
1756353709026 0.2505553915448811 42
1756353709369 0.24351409401582635 43
1756353709710 0.21494782651248184 44
1756353710054 0.20005180654318436 45
1756353710559 0.1832899088444917 46
1756353710903 0.20781933678233105 47
1756353711244 0.1821810985388963 48
1756353711587 0.19508508398481036 49
1756353711932 0.15856836541839267 50
1756353712274 0.146465166107468 51
1756353712781 0.15605854826129 52
1756353713125 0.17614992545998615 53
1756353713468 0.1749817353227864 54
1756353713812 0.1917428455275038 55
1756353714153 0.18021534933992053 56
1756353714660 0.16852473791526712 57
1756353715004 0.1377137225607167 58
1756353715348 0.15836652497882428 59
1756353715695 0.15083078165417133 60
1756353716042 0.14179399382808935 61
1756353716555 0.14752597102652426 62
1756353716900 0.13084070740834527 63
1756353717244 0.15542175653188126 64
1756353717587 0.14829870248618332 65
1756353717931 0.15105478109224982 66
1756353718433 0.224492147564888 67
1756353718775 0.1651926558950673 68
1756353719119 0.18141199259654336 69
1756353719463 0.12937820751381957 70
1756353719805 0.12359398830196132 71
1756353720149 0.13285085882829584 72
1756353720650 0.12990748979475186 73
1756353720994 0.1306533975445706 74
1756353721337 0.12139351309641548 75
1756353721681 0.13010501699603122 76
1756353722025 0.11388048432443452 77
1756353987741 2.5969344533008076 1
1756353988101 3.1644082535868105 2
1756353988713 1.6894707938899165 3
1756353989065 1.1656929487767427 4
1756353989421 0.8137297319329303 5
1756353989774 0.7275842920593594 6
1756353990128 0.7940638713214708 7
1756353990643 0.568691813427469 8
1756353990999 0.5657680008722388 9
1756353991353 0.6576405361942623 10
1756353991708 0.701387803191724 11
1756353992060 0.6071846964566604 12
1756353992609 0.768165137456811 13
1756353992963 0.5938714690830397 14
1756353993316 0.5147359319355177 15
1756353993668 0.46717709043751593 16
1756353994022 0.36943554359933606 17
1756353994376 0.38526700761007227 18
1756353994918 0.3205531615277995 19
1756353995272 0.28781987661900726 20
1756353995628 0.280408817788829 21
1756353996006 0.28931065940338635 22
1756353996360 0.3273676478344461 23
1756353996905 0.29456900448902795 24
1756353997259 0.2841107660661573 25
1756353997615 0.27261737896048505 26
1756353997971 0.3056415426342384 27
1756353998325 0.23282444865807242 28
1756353998861 0.22918214422205221 29
1756353999214 0.23577432140060092 30
1756353999568 0.2507233528987221 31
1756353999922 0.28894129265909607 32
1756354000275 0.2504667212133822 33
1756354000809 0.22563683597937875 34
1756354001163 0.2649377493754677 35
1756354001517 0.269559515559155 36
1756354001872 0.2590503414040026 37
1756354002228 0.18860870049051617 38
1756354002756 0.2368407534516376 39
1756354003111 0.1917962499934694 40
1756354003465 0.24147023714107016 41
1756354003819 0.21341705387053284 42
1756354004174 0.21195440447848776 43
1756354004704 0.18898116019756897 44
1756354005060 0.19557587122139725 45
1756354005415 0.19968520817549332 46
1756354005770 0.18376270681619644 47
1756354006127 0.16009872471508774 48
1756354006662 0.1563291724609292 49
1756354007016 0.14667271271995877 50
1756354007371 0.14519700861495474 51
1756354007725 0.13870404077612836 52
1756354008083 0.16977715816186822 53
1756354008613 0.13649841268425403 54
1756354008968 0.14369380020576974 55
1756354009325 0.15749411706043326 56
1756354009680 0.1385158261527186 57
1756354010035 0.15939254248919693 58
1756354010560 0.1650176255599312 59
1756354010916 0.1614862839164941 60
1756354011273 0.13307795511639636 61
1756354011629 0.19039903127628824 62
1756354011984 0.15160297764384228 63
1756354012520 0.15387800109127295 64
1756354012876 0.15188932839943015 65
1756354013230 0.14261777375055396 66
1756354013586 0.12874136767957522 67
1756354013942 0.1574346815114436 68
1756354014477 0.1854069006183873 69
1756354014834 0.13836452008589453 70
1756354015191 0.11465302239293637 71
1756354015547 0.1272331398466359 72
1756354015903 0.11535054607235867 73
1756354016259 0.13078781541274942 74
1756354016788 0.12713713717201483 75
1756354017148 0.1353011302973913 76
1756354017505 0.10416922021819197 77
1756354017860 0.09826045013640237 78
1756354018388 0.11969158101988875 79
1756354018744 0.0940113305721594 80
1756354019099 0.09229974707831508 81
1756354019454 0.09413026078887608 82
1756354019808 0.10146956745049228 83
1756354020164 0.10900356555762498 84
1756354020684 0.07916633153091306 85
1756354021040 0.08191359399453453 86
1756354021396 0.0910611232013806 87
1756354021752 0.09287891439769579 88
1756354022106 0.11490653552438902 89
1756354022627 0.09416790630506433 90
1756354277647 1.5116094402644946 1
1756354278018 1.2219138741493225 2
1756354278383 1.4681107971979224 3
1756354278751 1.0585589460704639 4
1756354279371 1.0891766418581423 5
1756354279740 0.8409925815851792 6
1756354280108 0.7670532477938611 7
1756354280475 0.618507031513297 8
1756354280843 0.6009617940239285 9
1756354281375 0.45559622930443805 10
1756354281744 0.5276194888612499 11
1756354282113 0.4993016007153884 12
1756354282480 0.4736453871364179 13
1756354283011 0.49898127369258716 14
1756354283380 0.46543189883232117 15
1756354283747 0.47825638885083405 16
1756354284116 0.3782154321670532 17
1756354284648 0.35617730280627374 18
1756354285017 0.39705889250921167 19
1756354285386 0.40005336766657623 20
1756354285755 0.3709598183631897 21
1756354286123 0.4176668187846308 22
1756354286660 0.326971309988395 23
1756354287034 0.2877363769904427 24
1756354287402 0.29500731372314953 25
1756354287769 0.2681447973717814 26
1756354288315 0.2625818440447683 27
1756354288683 0.23993614380774292 28
1756354289051 0.21638890355825424 29
1756354289420 0.22351344739613327 30
1756354289789 0.2888030662484791 31
1756354290326 0.24106883743534918 32
1756354290697 0.21265325047399686 33
1756354291068 0.2944131720325221 34
1756354291439 0.24508425982102103 35
1756354291980 0.1966492012143135 36
1756354292350 0.20742170707039212 37
1756354292719 0.21706977227459784 38
1756354293089 0.26027991136778955 39
1756354293622 0.20462653300036554 40
1756354293990 0.19058465633703314 41
1756354294359 0.18784501630326975 42
1756354294729 0.23397279757520426 43
1756354295263 0.2843312549850215 44
1756354295634 0.252571574371794 45
1756354296004 0.216535038922144 46
1756354296374 0.20554599295491757 47
1756354296905 0.19981970022553983 48
1756354297278 0.16769029491621515 49
1756354297649 0.18741127848625183 50
1756354298018 0.1434645014612571 51
1756354298575 0.1486072935487913 52
1756354298947 0.13630218593322713 53
1756354299319 0.1301229531350343 54
1756354299688 0.13551566652629687 55
1756354300232 0.13551897166863733 56
1756354300604 0.14036388824815335 57
1756354300975 0.13602443266174066 58
1756354301345 0.12761643010637033 59
1756354301716 0.12357423972824345 60
1756354302256 0.15026464896357578 61
1756354302628 0.12907079445279163 62
1756354302997 0.1493529240074365 63
1756354303369 0.13619995311550473 64
1756354303907 0.1367322119033855 65
1756354304276 0.12541457006464835 66
1756354304647 0.12361127300106961 67
1756354305018 0.12181805171396422 68
1756354305555 0.11692224540140318 69
1756354305926 0.12737894284984339 70
1756354306297 0.120553701468136 71
1756354306667 0.12654521057139273 72
1756354307200 0.13303437893805298 73
1756354307571 0.11826505576786787 74
1756354307949 0.11084409770758255 75
1756354308320 0.09194757530222768 76
1756354308853 0.09194059475608495 77
1756354309224 0.10985406990284505 78
1756354309595 0.09286139873058899 79
1756354309966 0.10665276468448016 80
1756354310497 0.12172188966170601 81
1756354310867 0.10744108842766803 82
1756354311238 0.11178493272999059 83
1756354311611 0.09379170964593472 84
1756354312143 0.08525186275010524 85
1756354312518 0.10547552711289862 86
1756354312892 0.09211303018357443 87
1756354313266 0.09098851648361786 88
1756354313795 0.0886083842943544 89
1756354314167 0.08280842654083086 90
1756354314539 0.08680908349545105 91
1756354314911 0.0828658039479152 92
1756354315444 0.1024373483074748 93
1756354315815 0.08365511003395786 94
1756354316186 0.07001648567940878 95
1756354316555 0.07459068930019504 96
1756354316925 0.07700945388363756 97
1756354317454 0.08280134136262148 98
1756354317828 0.07908610351707625 99
1756354318204 0.06240692475567693 100
1756354318736 0.06209137080156285 101
1756354319106 0.07857907806401668 102
1756354319477 0.07722504696120387 103
1756354319846 0.06595910372941391 104
1756354520375 1.739785997763924 1
1756354520757 1.5510510724523794 2
1756354521135 1.405475315840348 3
1756354521765 1.537351491658584 4
1756354522145 0.9245413049407627 5
1756354522525 0.7409109836039336 6
1756354522903 0.6498709308064502 7
1756354523444 0.6309120823507723 8
1756354523826 0.5076192410095878 9
1756354524206 0.5793160692505215 10
1756354524586 0.4603848250015922 11
1756354525127 0.48312685800635297 12
1756354525506 0.4484394289877104 13
1756354525885 0.386877104640007 14
1756354526265 0.3562540826590165 15
1756354526806 0.3530235847701197 16
1756354527186 0.35464667431686236 17
1756354527567 0.40026244456353394 18
1756354527948 0.3856209905251213 19
1756354528493 0.3609408192012621 20
1756354528874 0.33690570489219995 21
1756354529257 0.3557812079139378 22
1756354529637 0.31928084985069605 23
1756354530017 0.2916158282238504 24
1756354530562 0.33559576519157575 25
1756354530942 0.3211084934680358 26
1756354531323 0.4319555979707967 27
1756354531707 0.31154285954392474 28
1756354532250 0.24087037793968036 29
1756354532633 0.27917194949543994 30
1756354533016 0.31795870804268384 31
1756354533399 0.3001351453687834 32
1756354533941 0.4065802576749221 33
1756354534324 0.32629099099532416 34
1756354534706 0.33713802630486694 35
1756354535087 0.22248124298842056 36
1756354535635 0.22877335094887277 37
1756354536017 0.2059036927378696 38
1756354536399 0.19005220124255057 39
1756354536781 0.2147849688063497 40
1756354537333 0.2187454862439114 41
1756354537718 0.1737272007309872 42
1756354538100 0.1710680593614993 43
1756354538480 0.17949760899595593 44
1756354539059 0.1825429065072018 45
1756354539441 0.23953047265177188 46
1756354539820 0.2084285467863083 47
1756354540202 0.2101313536581786 48
1756354540767 0.20005748809679694 49
1756354541149 0.14950287989948108 50
1756354541531 0.16215514942355777 51
1756354541912 0.16288716443206952 52
1756354542482 0.15586437900429187 53
1756354542862 0.15968115984097772 54
1756354543244 0.1414717584848404 55
1756354543627 0.1669106567683427 56
1756354544190 0.14721202947523282 57
1756354544572 0.15574991994577905 58
1756354544955 0.12829647180826767 59
1756354545340 0.1384656931395116 60
1756354545721 0.13073043298462164 61
1756354546286 0.1541520279386769 62
1756354546667 0.13442939163550086 63
1756354547051 0.12555353635031244 64
1756354547630 0.1383467818731847 65
1756354548016 0.14618895105693652 66
1756354548398 0.11629242190848225 67
1756354548782 0.0985061231514682 68
1756354549165 0.13009187093247537 69
1756354549748 0.13280896421359933 70
1756354550129 0.11902333698842836 71
1756354550509 0.106846131708311 72
1756354550888 0.09234036327056262 73
1756354551459 0.09489836559995361 74
1756354551843 0.10983002202018448 75
1756354552226 0.10939307154520699 76
1756354552609 0.09432665388221326 77
1756354906153 1.4335738394571387 1
1756354906554 1.7063982616300168 2
1756354906953 1.119707185289134 3
1756354907354 1.0459710890832155 4
1756354908007 0.8799090229946634 5
1756354908410 0.8274542391300201 6
1756354908810 0.7919565659502278 7
1756354909372 0.6879853567351466 8
1756354909773 0.5471826195716858 9
1756354910173 0.520803258470867 10
1756354910570 0.5076715285363405 11
1756354910969 0.5911759358385335 12
1756354911528 0.5798174065092335 13
1756354911931 0.4783968212811843 14
1756354912330 0.4563575944174891 15
1756354912730 0.4006882504276607 16
1756354913294 0.4276389907235685 17
1756354913692 0.3924919172473576 18
1756354914092 0.3594199801268785 19
1756354914493 0.37403232960597327 20
1756354915053 0.35124052996220795 21
1756354915455 0.3643974726614745 22
1756354915857 0.39609283273634704 23
1756354916257 0.3749768351731093 24
1756354916827 0.3978975052418916 25
1756354917228 0.30683224486268085 26
1756354917629 0.2894255991863168 27
1756354918029 0.3456759310286978 28
1756354918591 0.27876208398653113 29
1756354918992 0.30251850122990814 30
1756354919393 0.24616797851479572 31
1756354919793 0.19889013728369836 32
1756354920361 0.2131395987842394 33
1756354920763 0.24363289903039517 34
1756354921168 0.22788747788771338 35
1756354921570 0.20307874031688855 36
1756354922140 0.2241746310306632 37
1756354922543 0.19821753903575565 38
1756354922945 0.17360814045304837 39
1756354923348 0.19186333793660867 40
1756354923911 0.20094743403403656 41
1756354924312 0.18770643388447555 42
1756354924713 0.17473870936943137 43
1756354925114 0.2625567731649979 44
1756354925675 0.3282575834056605 45
1756354926081 0.2289459096348804 46
1756354926485 0.19190030901328378 47
1756354926890 0.2245851683875789 48
1756354927492 0.19802824083877646 49
1756354927894 0.1886413609204085 50
1756354928296 0.16957003364096518 51
1756354928699 0.16609704300113345 52
1756354929098 0.14069140734879867 53
1756354929699 0.1298303665674251 54
1756354930099 0.1832366222920625 55
1756354930501 0.20631858447323675 56
1756354931087 0.14330239853133325 57
1756354931491 0.1480912507876106 58
1756354931893 0.15371942908867545 59
1756354932295 0.2025658582215724 60
1756354932698 0.14930881948574729 61
1756354933279 0.14598657644313315 62
1756354933681 0.13205337297657263 63
1756354934084 0.1455913263818492 64
1756354934488 0.15367209393045175 65
1756354935068 0.14768323950145557 66
1756354935469 0.11975728882395703 67
1756354935872 0.10322322728841202 68
1756354936275 0.11282106472746185 69
1756354936850 0.11062460457501204 70
1756354937251 0.1033701895047789 71
1756354937653 0.11010258742000746 72
1756354938226 0.11221987365380577 73
1756354938628 0.10040468042311461 74
1756354939031 0.10332569366563922 75
1756354939434 0.1096124662005383 76
1756354939840 0.09691811547331187 77
1756354940412 0.09605533872609553 78
1756354940823 0.10158442657278932 79
1756355187953 1.8921680605929831 1
1756355188626 1.596115591733352 2
1756355189038 1.8075289933577827 3
1756355189449 1.688974626686262 4
1756355189858 1.02056935818299 5
1756355190456 0.7243801834790603 6
1756355190866 0.6614931303521862 7
1756355191275 0.5908581381258757 8
1756355191684 0.540808300609174 9
1756355192266 0.46644296853438666 10
1756355192674 0.5195135474205017 11
1756355193082 0.409074868844903 12
1756355193491 0.43274493969005084 13
1756355194064 0.48741326513497724 14
1756355194472 0.4033195415268774 15
1756355194883 0.41569702262463776 16
1756355195290 0.3779378170552461 17
1756355195858 0.3305342268684636 18
1756355196268 0.3343062394339105 19
1756355196678 0.31698810017627216 20
1756355197087 0.3810525079784186 21
1756355197656 0.31677585451499274 22
1756355198065 0.3177563884983892 23
1756355198473 0.2788681122271911 24
1756355198881 0.30023845447146374 25
1756355199450 0.3103223883587381 26
1756355199858 0.32791670379431354 27
1756355200266 0.293731350613677 28
1756355200674 0.2889336101386858 29
1756355201249 0.31213037604871 30
1756355201659 0.3268971644018007 31
1756355202070 0.33527232253033185 32
1756355202479 0.33590281657550647 33
1756355203048 0.25909383627383603 34
1756355203457 0.23749842656695325 35
1756355203865 0.2726044343865436 36
1756355204272 0.2521624160201653 37
1756355204840 0.26433954355509387 38
1756355205251 0.24496609555638355 39
1756355205661 0.26823748648166656 40
1756355206073 0.20662297373232635 41
1756355206641 0.19882540016070657 42
1756355207051 0.2334750119758689 43
1756355207458 0.20148614761622055 44
1756355207866 0.16469873455555542 45
1756355208432 0.17195667585600977 46
1756355208840 0.1559489541079687 47
1756355209250 0.1759208505568297 48
1756355209658 0.16101471172726672 49
1756355210225 0.1485734251530274 50
1756355210636 0.16874463921007904 51
1756355211045 0.19749763996704764 52
1756355211456 0.15141489972238956 53
1756355212047 0.1558653637766838 54
1756355212460 0.1344792577235595 55
1756355212870 0.1444506266194841 56
1756355213281 0.14021011798278146 57
1756355213858 0.13829116847204126 58
1756355214269 0.14097957993331162 59
1756355214678 0.13354656229848447 60
1756355215088 0.15483539972616278 61
1756355215664 0.15679309517145157 62
1756355216076 0.1356006915802541 63
1756355216488 0.15510128211715948 64
1756355216897 0.1483250321901363 65
1756355217494 0.12563046942586484 66
1756355217908 0.11471017838820168 67
1756355218320 0.11179103200202403 68
1756355218733 0.11510241387978844 69
1756355219323 0.12142388587412627 70
1756355219733 0.10932190424722174 71
1756355220145 0.11287945525153824 72
1756355220556 0.09659812356466832 73
1756355221143 0.10692352736773698 74
1756355221558 0.09377727738541106 75
1756355221969 0.11357495545045189 76
1756355222380 0.11398614700073781 77
1756355222959 0.10866589876620666 78
1756355223370 0.11311838565313298 79
1756355223782 0.1018392501965813 80
1756355224195 0.09680923430815987 81
1756355224805 0.09990201145410538 82
1756355225222 0.09169509974510773 83
1756355465301 1.9292447877966838 1
1756355465980 1.664563855399256 2
1756355466402 0.9680506794349008 3
1756355466828 0.9498410432235055 4
1756355467421 0.785646044689676 5
1756355467844 0.7320871275404225 6
1756355468268 0.79597785939341 7
1756355468691 0.6036918357662533 8
1756355469287 0.587090816186822 9
1756355469711 0.4289474668710128 10
1756355470136 0.3988639019105745 11
1756355470729 0.6008660728516786 12
1756355471150 0.5886198917160863 13
1756355471572 0.48604833820591803 14
1756355471993 0.45655982390693994 15
1756355472584 0.37021842987641046 16
1756355473007 0.349637970328331 17
1756355473428 0.31442358441974805 18
1756355474016 0.4284576151681983 19
1756355474438 0.34634477418401965 20
1756355474859 0.32764350784861523 21
1756355475283 0.30015919908233313 22
1756355475873 0.33734685765660327 23
1756355476296 0.38368864681409753 24
1756355476721 0.3020028873630192 25
1756355477310 0.38377193005188653 26
1756355477732 0.31507376354673633 27
1756355478156 0.2555577372727187 28
1756355478581 0.31112024706342944 29
1756355479166 0.2772229722012644 30
1756355479588 0.22853305028832477 31
1756355480011 0.2465119815391043 32
1756355480596 0.2624705608772195 33
1756355481021 0.22666907116122867 34
1756355481444 0.21370497216349063 35
1756355481868 0.19276172181834345 36
1756355482462 0.1630481478312741 37
1756355482887 0.17632865776186404 38
1756355483310 0.17944110638421515 39
1756355483897 0.1679188877992008 40
1756355484319 0.21663115691879523 41
1756355484745 0.21596416247927624 42
1756355485170 0.2465756784962571 43
1756355485759 0.1955861209527306 44
1756355486185 0.23937699263510498 45
1756355486609 0.20847574200319208 46
1756355487200 0.20188107471103253 47
1756355487621 0.17689997605655505 48
1756355488046 0.17818224980779315 49
1756355488468 0.1554225712366726 50
1756355489054 0.13399730995297432 51
1756355489477 0.130626840112002 52
1756355489899 0.12862880236428717 53
1756355490486 0.13617663830518723 54
1756355490910 0.12339972477892171 55
1756355491335 0.1140924682435782 56
1756355491921 0.12861924197362817 57
1756355492347 0.1602072098656841 58
1756355492771 0.1631663299125174 59
1756355493192 0.13713429317526196 60
1756355493780 0.13674782313730405 61
1756355494202 0.1434929244544195 62
1756355494626 0.12266488567642543 63
1756355495212 0.12330320023972055 64
1756355495638 0.12324181911738022 65
1756355496062 0.15046203298413235 66
1756355496482 0.12971968722084296 67
1756355497069 0.09634383265738902 68
1756355497494 0.11468501891130986 69
1756355497920 0.1290443435959194 70
1756355498506 0.1377407892242722 71
1756355498932 0.11511262279489766 72
1756355499357 0.12014700358976489 73
1756355499782 0.09562465256970862 74
1756355500368 0.1092586403955584 75
1756355500795 0.10433942176725554 76
1756355501221 0.10707969655809195 77
1756355501805 0.08800389666272246 78
1756355502231 0.08425362926462422 79
1756355502657 0.09072537671612657 80
1756355503081 0.094558986308782 81
1756355503668 0.08303729477136032 82
1756355504093 0.07099711700626042 83
1756355504519 0.07709451230323833 84
1756355505110 0.08626047246482062 85
1756355505535 0.0993789321054583 86
1756355505960 0.08059519011041393 87
1756355757252 1.6576842069625854 1
1756355757690 1.5338695127031077 2
1756355758369 1.5930931334910186 3
1756355758803 0.8963720306106235 4
1756355759239 0.7779439920964448 5
1756355759832 0.7466500505157139 6
1756355760265 0.738373532243397 7
1756355760700 0.56801438331604 8
1756355761293 0.48858159003050433 9
1756355761728 0.48358741791351983 10
1756355762165 0.42633769434431323 11
1756355762759 0.39373522543388867 12
1756355763195 0.32006730851919757 13
1756355763630 0.3429772465125374 14
1756355764218 0.35055699944496155 15
1756355764658 0.401461744438047 16
1756355765094 0.3757440862448319 17
1756355765700 0.2962628382703532 18
1756355766136 0.28143039280953613 19
1756355766568 0.2664776243593382 20
1756355767160 0.24540894510953323 21
1756355767593 0.28261810476365296 22
1756355768028 0.25641921097817627 23
1756355768638 0.23228907325993414 24
1756355769074 0.22228129855964496 25
1756355769512 0.2654633677524069 26
1756355770113 0.2406723246626232 27
1756355770548 0.22700993263203165 28
1756355770989 0.319097524103911 29
1756355771601 0.28258850976176886 30
1756355772037 0.29175810224336124 31
1756355772476 0.21502070550037466 32
1756355773084 0.1809138130882512 33
1756355773521 0.1908600803302682 34
1756355773957 0.16213123338377994 35
1756355774563 0.14186508111331775 36
1756355774999 0.15154631144326666 37
1756355775437 0.14106551946505255 38
1756355776043 0.12885057828996493 39
1756355776479 0.1381109282374382 40
1756355776915 0.1369416953428932 41
1756355777516 0.14744583646888318 42
1756355777955 0.14399268542942795 43
1756355778394 0.13425777431415475 44
1756355778833 0.13398668753064197 45
1756356108828 1.469335429046465 1
1756356109284 1.7306268759395764 2
1756356109735 1.355623001637666 3
1756356110439 1.0415828020676323 4
1756356110894 1.0784921153731968 5
1756356111347 1.0119126775990361 6
1756356111962 0.9264493921528691 7
1756356112415 0.6168329845304075 8
1756356113031 0.5121435950631681 9
1756356113487 0.472388356924057 10
1756356113941 0.3953852601673292 11
1756356114559 0.4943695353425067 12
1756356115014 0.44563409167787305 13
1756356115470 0.40224105767581775 14
1756356116086 0.3639051421828892 15
1756356116541 0.355565779235052 16
1756356116994 0.3040882394365642 17
1756356117608 0.33227730445239856 18
1756356118060 0.3567700243514517 19
1756356118512 0.372860373362251 20
1756356119124 0.27982411889926245 21
1756356119577 0.27801489246928174 22
1756356120030 0.31065116498781287 23
1756356120643 0.28264615976292157 24
1756356121098 0.3132043312425199 25
1756356121734 0.2682057159102481 26
1756356122188 0.27378245475499524 27
1756356122641 0.20459647541460785 28
1756356123263 0.1855693219796471 29
1756356123719 0.27315224059250043 30
1756356124177 0.254039369199587 31
1756356124801 0.20439695631680282 32
1756356125257 0.21846631817195727 33
1756356125710 0.18794737626676974 34
1756356126329 0.16180856234353522 35
1756356126784 0.17013967037200928 36
1756356127240 0.1559321812313536 37
1756356127861 0.15053023624679315 38
1756356128316 0.18498023923324503 39
1756356128770 0.1548838378942531 40
1756356129385 0.15693058494640433 41
1756356129840 0.1744334811101789 42
1756356130460 0.274900391050007 43
1756356130913 0.2004563341970029 44
1756356131367 0.17000209313371908 45
1756356131823 0.20859162995348807 46
1756356132437 0.19467552654121234 47
1756356132893 0.19138633103474326 48
1756356133511 0.19546737943006598 49
1756356133965 0.16710476253343665 50
1756356134422 0.16446237460426663 51
1756356135042 0.16942088305950165 52
1756356135497 0.1641789920952009 53
1756356135953 0.13635850017485412 54
1756356136575 0.1227256587666014 55
1756356137030 0.131590588423221 56
1756356137486 0.10732505632483441 57
1756356138105 0.09865133059413536 58
1756356138559 0.11794141809577527 59
1756356139015 0.11269162757241208 60
1756356139631 0.1320857719882675 61
1756356140086 0.1471059976712517 62
1756356140541 0.1346356386075849 63
1756356141163 0.11754141650770021 64
1756356141620 0.13257686178321423 65
1756356402012 1.666294004606164 1
1756356402476 1.3876283946244612 2
1756356402938 1.4008321321528892 3
1756356403667 1.4438159699025361 4
1756356404144 0.8922370555608169 5
1756356404605 0.6285998432532601 6
1756356405270 0.6903912502786388 7
1756356405735 0.5854326033073923 8
1756356406193 0.5197290454221808 9
1756356406843 0.5486626676891161 10
1756356407303 0.47202893443729566 11
1756356407943 0.5598223831342615 12
1756356408405 0.5341274090435194 13
1756356408867 0.5605637262696805 14
1756356409498 0.4444900569708451 15
1756356409958 0.3627594443766967 16
1756356410422 0.3661846363026163 17
1756356411050 0.3672020402939423 18
1756356411512 0.36360629874727 19
1756356411970 0.3469342978104301 20
1756356412609 0.4525089613769365 21
1756356413072 0.27060984658158344 22
1756356413537 0.27343729721463245 23
1756356414204 0.25001233038694964 24
1756356414665 0.2703725345756697 25
1756356415326 0.3126916671576707 26
1756356415789 0.2603415406268576 27
1756356416250 0.2299968729848447 28
1756356416884 0.19101664650699365 29
1756356417342 0.2124835835850757 30
1756356417803 0.258336775328802 31
1756356418430 0.21158232539892197 32
1756356418891 0.22836612164974213 33
1756356419352 0.2243138577627099 34
1756356419977 0.26470709106196527 35
1756356420437 0.20747111349002176 36
1756356420898 0.21188955462497214 37
1756356421519 0.20844092544006265 38
1756356421979 0.18413941173449808 39
1756356422442 0.18710293879975443 40
1756356423066 0.1922679673070493 41
1756356423527 0.1857480118456094 42
1756356424151 0.17880046302857605 43
1756356424612 0.2061983538062676 44
1756356425072 0.20279565583104672 45
1756356425696 0.1805390514757322 46
1756356426156 0.18387021383513574 47
1756356426619 0.1765028507165287 48
1756356427244 0.18716360693392547 49
1756356427705 0.14691783941310385 50
1756356428169 0.1418678673065227 51
1756356428809 0.14739366102477777 52
1756356429271 0.13013138524864032 53
1756356429735 0.15096159635678583 54
1756356430361 0.13144192747447803 55
1756356430824 0.1447848331021226 56
1756356431285 0.10812303650638332 57
1756356431916 0.11619748126553453 58
1756356432379 0.11869841473905937 59
1756356433007 0.1363580635060435 60
1756356433470 0.14269776755700941 61
1756356433935 0.12916487293398898 62
1756356434398 0.10552601807791254 63
1756356435027 0.1100832713039025 64
1756356435491 0.16625661338153092 65
1756356436117 0.1419089070480803 66
1756356436580 0.10766110115725061 67
1756356437043 0.10506658677173697 68
1756356437667 0.09316436006971028 69
1756356438130 0.11637007833822914 70
1756356438592 0.0953568754636723 71
1756356439218 0.13537985928680585 72
1756356439683 0.09715488002352092 73
1756356440146 0.08786035782617072 74
1756356440767 0.08931135629182277 75
1756356441230 0.07944331868835118 76
1756356441691 0.07177107732581056 77
1756356442333 0.0794855876137381 78
1756356442797 0.08507897089356961 79
1756356443258 0.0756154099236364 80
1756356443898 0.06850792354215747 81
1756356444363 0.0689742425861566 82
1756356445001 0.06709532893222311 83
1756356445465 0.08956246434346489 84
1756356445931 0.07045373612123987 85
1756356446395 0.07422153003837752 86
1756356447021 0.07579938257518022 87
1756356447486 0.08601143065354099 88
1756356448108 0.06909986164258874 89
1756356448572 0.06893346199522847 90
1756356449032 0.06337335819135541 91
1756356449654 0.06158399193183235 92
1756356450123 0.0646878600768421 93
1756356450587 0.07384020381647607 94
1756356451232 0.060100776507802635 95
1756356451694 0.06371627561748028 96
1756356452159 0.06679752420472063 97
1756356452800 0.06754483865654987 98
1756356453266 0.0630095970371495 99
1756356453730 0.05660646943294484 100
1756356454375 0.06210198528740717 101
1756356454837 0.07065079336904961 102
1756356455300 0.055461519924194916 103
1756356455929 0.05728082820449187 104
1756356456398 0.06138540642416995 105
1756356457045 0.06797073765293411 106
1756356457508 0.052360348322469254 107
1756356457970 0.051836780555870224 108
1756356458433 0.04760217844792034 109
1756356459064 0.05134163157123586 110
1756356459528 0.05197621525629707 111
1756356460158 0.055575444646503616 112
1756356460621 0.047323082614204155 113
1756356461083 0.04681329348165056 114
1756356461709 0.05409877220897571 115
1756356462175 0.04510171282226625 116
1756356462639 0.04522074572741985 117
1756356463266 0.04420355626422426 118
1756356463731 0.042794939778421234 119
1756356866401 1.7784136974293252 1
1756356866882 1.4000189641247625 2
1756356867358 1.34180254003276 3
1756356868085 0.8011851051579351 4
1756356868564 0.9331935890342878 5
1756356869042 0.7853980919589167 6
1756356869678 0.8553935807684193 7
1756356870155 0.8879661223162776 8
1756356870792 0.9172240132870881 9
1756356871273 0.5588393120662026 10
1756356871752 0.4934591016043787 11
1756356872389 0.561939256346744 12
1756356872869 0.5238683638365372 13
1756356873349 0.507965061975562 14
1756356873991 0.43133219946985657 15
1756356874471 0.43319930330566736 16
1756356874951 0.33862284344175586 17
1756356875596 0.3911962444367616 18
1756356876074 0.40394389435001044 19
1756356876553 0.3745740198570749 20
1756356877196 0.29831661802271137 21
1756356877678 0.35990791087565216 22
1756356878155 0.42128565130026446 23
1756356878793 0.38788049182166223 24
1756356879272 0.32568902036418085 25
1756356879749 0.34563345170539356 26
1756356880385 0.29722862723081006 27
1756356880865 0.24824430372404016 28
1756356881504 0.3002506928599399 29
1756356881983 0.2362919313752133 30
1756356882464 0.23019207268953323 31
1756356883101 0.24850998883662018 32
1756356883582 0.24401812514533167 33
1756356884061 0.23115994424923605 34
1756356884697 0.20835879477469818 35
1756356885178 0.24711909112722977 36
1756356885660 0.19613059286190115 37
1756356886299 0.1889176566315734 38
1756356886777 0.16166462878818097 39
1756356887258 0.17593934160211813 40
1756356887893 0.16070423307626144 41
1756356888371 0.18216928159413132 42
1756356888851 0.21318993652644364 43
1756356889487 0.20861495998890503 44
1756356889967 0.18233157791521237 45
1756356890447 0.1840684857705365 46
1756356891083 0.15029745063056116 47
1756356891564 0.16343931173500809 48
1756356892045 0.16933617643688037 49
1756356892683 0.1646287123794141 50
1756356893163 0.15324610406937805 51
1756356893643 0.11885810934978983 52
1756356894282 0.13023294961970786 53
1756356894761 0.12352749348982521 54
1756356895397 0.14959438209948334 55
1756356895876 0.13960462938184323 56
1756356896356 0.13908179557841757 57
1756356896992 0.1576149939842846 58
1756356897472 0.12171760169060333 59
1756356897951 0.12822437675102896 60
1756356898587 0.11098848882576694 61
1756356899068 0.09912901339323624 62
1756356899547 0.10029714700320493 63
1756356900182 0.10765710359682208 64
1756356900662 0.11851237131201703 65
1756356901143 0.1352344377209311 66
1756356901780 0.11470198307348334 67
1756356902262 0.13246764339830563 68
1756356902750 0.13527921911167062 69
1756356903389 0.11424795052279597 70
1756356903866 0.10211247562066368 71
1756356904345 0.10900885142062021 72
1756356904979 0.10160350346046945 73
1756356905460 0.08438722109017165 74
1756356906097 0.07981311934797661 75
1756356906575 0.10127782108991043 76
1756356907054 0.10820830921116083 77
1756356907691 0.12326541316250096 78
1756356908171 0.11857012254388435 79
1756356908807 0.08998431475914043 80
1756356909289 0.09162289211931436 81
1756356909769 0.08406468853354454 82
1756356910407 0.08931753962584164 83
1756356910891 0.09047543986336044 84
1756356911375 0.11252470897591632 85
1756356912013 0.09973441874203474 86
1756356912495 0.07596357830840608 87
1756356913139 0.0743999724154887 88
1756356913621 0.07888216930239098 89
1756356914100 0.07222766226724438 90
1756356914738 0.10157779166879861 91
1756356915221 0.09345815427925276 92
1756356915702 0.07489948735936829 93
1756356916338 0.07560902218455853 94
1756356916819 0.07610226341563722 95
1756356917456 0.0740453620319781 96
1756356917939 0.06589542547969715 97
1756356918419 0.056923382794079574 98
1756356919051 0.07085254577838856 99
1756356919533 0.07939636934062709 100
1756356920015 0.07912063047937724 101
1756356920674 0.06839367909275967 102
1756356921157 0.06371379173968149 103
1756356921814 0.068872705263936 104
1756356922295 0.06128540230186089 105
1756356922775 0.05163055285811424 106
1756356923427 0.05231885531026384 107
1756356923909 0.05629610075898792 108
1756356924392 0.056911494582891464 109
1756356925041 0.06030119801669017 110
1756356925523 0.05284951400497685 111
1756356926169 0.05040811941675518 112
1756356926651 0.05616625285019045 113
1756356927132 0.05275734773148661 114
1756356927780 0.05145753968669021 115
1756357250522 1.7571951254554417 1
1756357251023 2.1651162945705913 2
1756357251772 1.434940332951753 3
1756357252272 1.1054881500161213 4
1756357252935 1.0216911305551943 5
1756357253433 0.8359540221483811 6
1756357253934 0.8967588103335836 7
1756357254593 0.7286960625130198 8
1756357255090 0.8017988852832628 9
1756357255751 0.586957160545432 10
1756357256251 0.526605997396552 11
1756357256911 0.6652794182300568 12
1756357257414 0.6236395602640898 13
1756357257914 0.5225671244704205 14
1756357258575 0.42818901590679004 15
1756357259075 0.6061050542022871 16
1756357259736 0.46017010445180145 17
1756357260232 0.33916384629581287 18
1756357260730 0.3419371791507887 19
1756357261392 0.38367500253345654 20
1756357261892 0.353713971765145 21
1756357262557 0.346447357017061 22
1756357263056 0.29505176842212677 23
1756357263716 0.31168153817239014 24
1756357264216 0.3173502003369124 25
1756357264716 0.36236646123554395 26
1756357265376 0.3088576881133992 27
1756357265877 0.31628081850383594 28
1756357266543 0.27011812575485394 29
1756357267043 0.25438161064749176 30
1756357267702 0.23156935624454333 31
1756357268202 0.21605616807937622 32
1756357268703 0.25578902208286786 33
1756357269363 0.2934866463360579 34
1756357269865 0.2923602196185485 35
1756357270527 0.3024817387694898 36
1756357271029 0.3490759464709655 37
1756357271690 0.2934222636015519 38
1756357272192 0.2355332575414492 39
1756357272693 0.2797988951206207 40
1756357273356 0.32073212123435474 41
1756357273858 0.2561969646941061 42
1756357274518 0.34765846379425214 43
1756357275020 0.2748355522103932 44
1756357275522 0.24300797445618588 45
1756357276181 0.23879124677699545 46
1756357276681 0.2507301358425099 47
1756357277344 0.1909820032508477 48
1756357277847 0.1860673375751661 49
1756357278509 0.22519260320974432 50
1756357279011 0.2241872523141944 51
1756357279674 0.2251658847798472 52
1756357280174 0.19795205606066663 53
1756357280677 0.17422821891048682 54
1756357281342 0.20221636671087015 55
1756357281843 0.17606619939855908 56
1756357282501 0.14905136532109717 57
1756357283005 0.1406654125970343 58
1756357283506 0.14039347579945688 59
1756357284169 0.16661409029494162 60
1756357284672 0.20297644514104593 61
1756357285336 0.15968300013438516 62
1756357285837 0.14054514694473016 63
1756357286501 0.13827827993942343 64
1756357287004 0.14351863737987436 65
1756357287507 0.11635997211155684 66
1756357288171 0.12348613920419113 67
1756357288672 0.13026265054941177 68
1756357289327 0.11346267860220827 69
1756357289830 0.12282114540753157 70
1756357290486 0.14331579175980194 71
1756357290985 0.13714362097823102 72
1756357291487 0.11890231850354568 73
1756357292140 0.12108791619539261 74
1756357292641 0.11980549343254256 75
1756357293300 0.0919806464858677 76
1756357293803 0.09397516367228134 77
1756357294458 0.08448187925893327 78
1756357294958 0.1054646395470785 79
1756357295459 0.1046873337548712 80
1756357296115 0.09801983930494475 81
1756357296617 0.08874882304150125 82
1756357297274 0.10164181369802226 83
1756357297777 0.10749996907037238 84
1756357298440 0.0826594959134641 85
1756357298945 0.09505425490762877 86
1756357299448 0.09757633572039397 87
1756357300105 0.08805261633318404 88
1756357300609 0.08552002242725829 89
1756357301268 0.07274708718709323 90
