1756349450786 2.949450135231018 1
1756349450803 1.834605608297431 2
1756349450818 1.3818571723025779 3
1756349450833 1.6187232214471567 4
1756349450848 1.0441476624944936 5
1756349450864 0.6898345934308093 6
1756349450879 0.6129540166129237 7
1756349450894 0.6497836190721263 8
1756349450909 0.5142536850079246 9
1756349450925 0.6821562259093575 10
1756349450940 0.565352786494338 11
1756349450955 0.567815416533014 12
1756349450971 0.4709150395963503 13
1756349450986 0.548843626094901 14
1756349451001 0.42565555287444073 15
1756349451017 0.360859092163003 16
1756349451032 0.3693877601105234 17
1756349451048 0.3079391782698424 18
1756349451063 0.28071425466433814 19
1756349451079 0.26437062802522077 20
1756349451094 0.3335282096396322 21
1756349451110 0.3120102182678554 22
1756349451126 0.27442789855210675 23
1756349451141 0.3815631749837295 24
1756349451157 0.3109844323733579 25
1756349451173 0.22334873805875363 26
1756349451188 0.3003905765388323 27
1756349451204 0.7049821900284808 28
1756349451220 0.41626177987326746 29
1756349451236 0.3747174830540367 30
1756349451251 0.25786900909050653 31
1756349451267 0.32560146826764813 32
1756349451283 0.26268362739811774 33
1756349451299 0.337402801150861 34
1756349451315 0.26228148554978165 35
1756349451331 0.1903347097661184 36
1756349451347 0.2329610016034997 37
1756349451363 0.2492716069454732 38
1756349451379 0.20485339378533157 39
1756349451395 0.23416063869776932 40
1756349451411 0.31896532942419464 41
1756349451427 0.17828569787999857 42
1756349451443 0.16869164744149084 43
1756349451459 0.19054359068041263 44
1756349451475 0.17969875555971396 45
1756349451491 0.16475654393434525 46
1756349451508 0.19513305406207623 47
1756349451524 0.17154161194744316 48
1756349451540 0.15126036674432133 49
1756349451556 0.15242530567490536 50
1756349451573 0.12610867911058923 51
1756349451589 0.15046140421991763 52
1756349451605 0.1345359022202699 53
1756349451622 0.15534063655397165 54
1756349451638 0.1425617078076238 55
1756349451655 0.12475377920529117 56
1756349451671 0.11172780945249226 57
1756349451688 0.1894651952645053 58
1756349451705 0.16852609845607178 59
1756349451722 0.11971371410333592 60
1756349451738 0.12089011040718659 61
1756349451755 0.12055862111889798 62
1756349451772 0.12976451898398605 63
1756349451789 0.10462422976675241 64
1756349451805 0.0964004162537015 65
1756349451822 0.09600047726670037 66
1756349451839 0.08635592897949011 67
1756349451856 0.10370201423116353 68
1756349451873 0.10523694559283879 69
1756349451890 0.0966191306386305 70
1756349451907 0.08807090556491977 71
1756349451924 0.0949978012105693 72
1756349451941 0.08090554145367249 73
1756349451958 0.10843442898729573 74
1756349451975 0.09099084932519041 75
1756349451992 0.12293965596219768 76
1756349452009 0.0986190987345965 77
1756349452026 0.09032305572991786 78
1756349452044 0.0903279920635016 79
1756349452061 0.12880402366104332 80
1756349452078 0.08681205789680066 81
1756349452096 0.1268771799362224 82
1756349537010 2.480996090432872 1
1756349537041 2.1725850364436274 2
1756349537070 2.0665496639583423 3
1756349537098 1.8393842681594517 4
1756349537127 2.0325908583143484 5
1756349537155 1.201187683188397 6
1756349537184 0.961470699828604 7
1756349537213 0.609956637672756 8
1756349537242 0.4777728448743406 9
1756349537270 0.48422288505927374 10
1756349537299 0.5273054540157318 11
1756349537328 0.5187780325827391 12
1756349537357 0.4381215844465339 13
1756349537386 0.38807256001493207 14
1756349537415 0.34241868620333465 15
1756349537443 0.29796426322149194 16
1756349537472 0.32033026024051336 17
1756349537501 0.328532157384831 18
1756349537530 0.38427870429080463 19
1756349537559 0.3295947131903275 20
1756349537589 0.26829846527265466 21
1756349537618 0.27439855751783954 22
1756349537647 0.3104677193838617 23
1756349537676 0.30297264132810675 24
1756349537705 0.2661359614652136 25
1756349537734 0.20012406842864078 26
1756349537764 0.19032253551742304 27
1756349537793 0.18838465375744778 28
1756349537822 0.19161104832006537 29
1756349537852 0.15674752061781677 30
1756349537881 0.17099668247544247 31
1756349537911 0.16499145361392395 32
1756349537940 0.15578960692105087 33
1756349537969 0.17392890446859857 34
1756349537999 0.13823752817900284 35
1756349538029 0.14301539504009744 36
1756349538058 0.15237680271915768 37
1756349538088 0.14141446028066718 38
1756349538117 0.13432612075753833 39
1756349538147 0.19394578395978265 40
1756349538177 0.22711717143006946 41
1756349538206 0.15692583471536636 42
1756349538236 0.14121362631735596 43
1756349538266 0.12336080440360567 44
1756349538296 0.1008539496232634 45
1756349538326 0.1312663187475308 46
1756349538356 0.12009249044501263 47
1756349538386 0.1787859609593516 48
1756349538416 0.1540580163507358 49
1756349538446 0.15379946063394132 50
1756349538476 0.1378371621603551 51
1756349538506 0.2087527251114016 52
1756349538535 0.1796005737522374 53
1756349538565 0.1597555438461511 54
1756349538595 0.23068948575983877 55
1756349538625 0.16434203833341599 56
1756349538655 0.19688648892485577 57
1756349538685 0.15382787714833798 58
1756349538716 0.13026005790933318 59
1756349538746 0.20334787958342096 60
1756349538776 0.16178598935189453 61
1756349538806 0.10592515491273093 62
1756349538836 0.10885811759077985 63
1756349538867 0.12265314615291098 64
1756349538897 0.10792575047715851 65
1756349538927 0.09747699227022089 66
1756349538958 0.09273474031816357 67
1756349538988 0.11373267646716989 68
1756349539019 0.09454672556856404 69
1756349539049 0.13555702534706696 70
1756349539080 0.10650047109178874 71
1756349539110 0.14365850874911185 72
1756349539141 0.1345405070030171 73
1756349539172 0.09329920100129169 74
1756349539202 0.09699581126156061 75
1756349636658 2.643710706544959 1
1756349636701 1.6579228769177976 2
1756349636741 2.693885264189347 3
1756349636782 2.4464976761652077 4
1756349636823 1.388215870960899 5
1756349636863 1.0766015959822612 6
1756349636904 0.8396587799424711 7
1756349636944 0.7832149759582852 8
1756349636985 0.6695291296295498 9
1756349637026 0.6949079969654912 10
1756349637067 0.6174924982630688 11
1756349637109 0.486369832702305 12
1756349637150 0.49305818845396454 13
1756349637191 0.5962395240431246 14
1756349637233 0.5796823488629382 15
1756349637274 0.5126151105631953 16
1756349637316 0.35474777610405633 17
1756349637357 0.40094657307085785 18
1756349637398 0.3762835763070894 19
1756349637441 0.3844256083602491 20
1756349637482 0.4003646969795227 21
1756349637524 0.3473412310299666 22
1756349637565 0.3365757193254388 23
1756349637606 0.486382183821305 24
1756349637648 0.3012153622896775 25
1756349637689 0.3549290649268938 26
1756349637730 0.3282453777349513 27
1756349637772 0.33843441437120025 28
1756349637813 0.3192093605580537 29
1756349637855 0.27912334903426794 30
1756349637897 0.2617210412155027 31
1756349637938 0.3269954310811084 32
1756349637980 0.3314821376748707 33
1756349638021 0.3137886485327845 34
1756349638063 0.2863006999959116 35
1756349638105 0.2752878792260004 36
1756349638147 0.22243526545555695 37
1756349638189 0.17957386115322943 38
1756349638231 0.17208979375984357 39
1756349638273 0.17731987425814505 40
1756349638315 0.19002038078463596 41
1756349638356 0.23013266499923624 42
1756349638401 0.4122842524362647 43
1756349638444 0.33980568919492804 44
1756349638487 0.2363672146330709 45
1756349638529 0.22910262352746466 46
1756349638572 0.2268580515747485 47
1756349638614 0.1867385921270951 48
1756349638656 0.22279823117929956 49
1756349638698 0.20812599004610724 50
1756349638743 0.18599632803512656 51
1756349638785 0.19979450722103534 52
1756349638827 0.22074016831491305 53
1756349638870 0.1642990271034448 54
1756349638912 0.29300043974881584 55
1756349638954 0.26761825382709503 56
1756349638997 0.18525019838758136 57
1756349639039 0.1718351455486339 58
1756349639082 0.16556855469294215 59
1756349639125 0.17538045379130737 60
1756349639168 0.15307983561702396 61
1756349639210 0.19902542962328248 62
1756349639253 0.2129676763130271 63
1756349639296 0.14319902204948923 64
1756349639339 0.1439465809127559 65
1756349639381 0.15329907899317535 66
1756349639424 0.13749331057719563 67
1756349639467 0.1492311679150747 68
1756349639510 0.1646321113018886 69
1756349639553 0.16746767610311508 70
1756349639595 0.19830949928449548 71
1756349639638 0.1653527591539466 72
1756349639681 0.1504322591683139 73
1756349639724 0.12798309504337932 74
1756349639767 0.10565346131182235 75
1756349639810 0.10890341258567313 76
1756349639854 0.1262956721627194 77
1756349639897 0.1471002063025599 78
1756349639940 0.12167424384666525 79
1756349639983 0.10514876959116562 80
1756349640027 0.11294221489325813 81
1756349640070 0.17171397643244785 82
1756349640113 0.14207376393934953 83
1756349640157 0.10707519009061482 84
1756349640200 0.10668008385793022 85
1756349640244 0.0991116464138031 86
1756349640287 0.09890941028361735 87
1756349640331 0.11368548546148383 88
1756349640375 0.09786753194487613 89
1756349640418 0.10155273488034373 90
1756349640462 0.08523183963868929 91
1756349640505 0.08740817787854568 92
1756349640549 0.08637220412492752 93
1756349640592 0.09415909291609474 94
1756349640636 0.10220472854764565 95
1756349640679 0.09938313228928525 96
1756349640723 0.08085930962925372 97
1756349640767 0.13206538412234056 98
1756349640810 0.15958040887894837 99
1756349794891 3.2266413284384687 1
1756349794954 3.0936514864797178 2
1756349795015 3.529170697150023 3
1756349795076 2.02092939356099 4
1756349795137 1.393551899039227 5
1756349795198 1.157761566016985 6
1756349795259 1.2785608535227568 7
1756349795320 0.7798558214436406 8
1756349795381 0.6311452246230581 9
1756349795442 0.5366150348082833 10
1756349795503 0.5899190591729205 11
1756349795564 0.7015572825203771 12
1756349795626 0.7047749388477077 13
1756349795687 0.4019937230193097 14
1756349795749 0.37648867588976154 15
1756349795810 0.45406605821588764 16
1756349795871 0.5427587259074916 17
1756349795932 0.30187181998854096 18
1756349795993 0.392355990798577 19
1756349796055 0.52230188380117 20
1756349796117 0.6300645535406859 21
1756349796178 0.4040550110132798 22
1756349796240 0.6817868131658306 23
1756349796301 0.431184361162393 24
1756349796363 0.4830057672832323 25
1756349796424 0.4306451114623443 26
1756349796485 0.337903354478919 27
1756349796547 0.3176283557777819 28
1756349796609 0.3640614294487497 29
1756349796671 0.4657687538343927 30
1756349796732 0.34993041792641516 31
1756349796794 0.3692014586666356 32
1756349796856 0.6301769251408784 33
1756349796918 0.34023029778314673 34
1756349796980 0.33953494675781415 35
1756349797042 0.2692999813867652 36
1756349797104 0.24856799516988837 37
1756349797165 0.18804339254679886 38
1756349797227 0.252841433753138 39
1756349797289 0.3312193038670913 40
1756349797351 0.22586083023444467 41
1756349797413 0.187582493800184 42
1756349797475 0.2338895681111709 43
1756349797537 0.35526770742043207 44
1756349797600 0.312500756719838 45
1756349797662 0.18323336930378623 46
1756349797724 0.19720481692448907 47
1756349797786 0.22933305735173432 48
1756349797849 0.24406524682822434 49
1756349797911 0.17080130622438763 50
1756349797973 0.19144057190936545 51
1756349798036 0.15561646692778752 52
1756349798098 0.1573616794270018 53
1756349798160 0.20886824668749518 54
1756349798222 0.1645508450658425 55
1756349798285 0.15701974474865457 56
1756349798347 0.18865171431199365 57
1756349798410 0.15841833437266556 58
1756349798472 0.17241892963647842 59
1756349798535 0.1608081589574399 60
1756349798597 0.15169028516696847 61
1756349798660 0.18577290666492088 62
1756349798722 0.2625135934871176 63
1756349798785 0.216305835739426 64
1756349798848 0.2001214526269747 65
1756349907397 2.5957896605781885 1
1756349907471 2.7913488927094834 2
1756349907542 1.722185360348743 3
1756349907614 1.876757396304089 4
1756349907686 0.9908449597980665 5
1756349907758 0.8139310686484628 6
1756349907829 0.6464891459630884 7
1756349907901 0.5553972889547762 8
1756349907973 0.5048763544663138 9
1756349908045 0.4291586169730062 10
1756349908117 0.5791272909744926 11
1756349908189 0.38674187919367914 12
1756349908261 0.3731697007365849 13
1756349908332 0.4565044356429059 14
1756349908404 0.49106915295124054 15
1756349908476 0.45477221063945605 16
1756349908548 0.48597880873991095 17
1756349908621 0.5700110793113708 18
1756349908693 0.3416753968466883 19
1756349908765 0.3064149605191272 20
1756349908837 0.31402751544247504 21
1756349908910 0.2747790761615919 22
1756349908982 0.27056966009347333 23
1756349909055 0.35097086267626804 24
1756349909128 0.46581404299839685 25
1756349909200 0.3802205803601638 26
1756349909273 0.28286603870599164 27
1756349909346 0.20257899813030078 28
1756349909419 0.2716363176055577 29
1756349909492 0.2049046191184417 30
1756349909564 0.268436914552813 31
1756349909637 0.4209736656883489 32
1756349909710 0.25705560134804767 33
1756349909783 0.25541604731393897 34
1756349909856 0.19903349163739578 35
1756349909928 0.16795974840288577 36
1756349910001 0.23385488695424536 37
1756349910074 0.3060014960558518 38
1756349910147 0.20978862468315207 39
1756349910220 0.23928394719310428 40
1756349910292 0.20042760022308515 41
1756349910365 0.16173116895167725 42
1756349910438 0.22700215940890106 43
1756349910511 0.24924091800399448 44
1756349910584 0.18444623474193655 45
1756349910657 0.17557791701477507 46
1756349910731 0.16614472963239835 47
1756349910804 0.17741984064164368 48
1756349910877 0.19313787296414375 49
1756349910950 0.18489995728368344 50
1756349911023 0.12497551253308421 51
1756349911096 0.12275627352621245 52
1756349911170 0.12415495320506718 53
1756349911244 0.10136283950313278 54
1756349911317 0.11157142694877542 55
1756349911390 0.15874343608384547 56
1756349911463 0.17477572450171347 57
1756349911537 0.1381281293604685 58
1756349911610 0.1377442270193411 59
1756349911683 0.13467786347736482 60
1756349911757 0.16010935685556868 61
1756349911830 0.11993309078009232 62
1756349911903 0.11384257739004881 63
1756349911976 0.10330207872649898 64
1756349912050 0.10325789305826892 65
1756349912123 0.10108866574971573 66
1756349912197 0.10774357171486253 67
1756349912270 0.13981221770138844 68
1756349912344 0.08830423572141191 69
1756349912417 0.11344750338922376 70
1756349912491 0.10089279095763745 71
1756349912565 0.08796906050132669 72
1756349912639 0.09039961417084155 73
1756349912713 0.07543001842239629 74
1756349912787 0.08327430753928164 75
1756349912861 0.08520516704605974 76
1756349912935 0.0954206409337728 77
1756349913009 0.06192060430412707 78
1756349913083 0.08538977656027545 79
1756349913157 0.07689973371832268 80
1756349913471 0.06250358138071455 81
1756349913545 0.06521166059310021 82
1756349913619 0.06576365596898225 83
1756349913694 0.08217797768504723 84
1756349913768 0.05415938673136027 85
1756349913842 0.06929299567380677 86
1756349913916 0.06848775984152504 87
1756349913991 0.06140792151184186 88
1756349914065 0.06677176552298277 89
1756349914139 0.06980570438115494 90
1756349914214 0.063491217630065 91
1756349914288 0.057681006581886955 92
1756349914362 0.07033001777270566 93
1756349914436 0.06526839457776236 94
1756349914511 0.05142281196363594 95
1756349914587 0.05323298866658107 96
1756349914662 0.057722577744204064 97
1756349914737 0.06716913835186025 98
1756349914812 0.05285814744622811 99
1756350112078 2.7069953369057695 1
1756350112176 1.7537610349447832 2
1756350112271 2.301690101623535 3
1756350112366 1.2321469291396763 4
1756350112462 0.9182703883751578 5
1756350112557 0.7432466162287671 6
1756350112652 0.5374716973823049 7
1756350112747 0.6260647164738696 8
1756350112843 0.5220362012800963 9
1756350112939 0.6129898837079173 10
1756350113045 0.4035043353619783 11
1756350113141 0.3568684206060741 12
1756350113236 0.3284190543319868 13
1756350113333 0.345840608296187 14
1756350113428 0.4157935899236928 15
1756350113524 0.2611060320683148 16
1756350113620 0.21264690549477286 17
1756350113716 0.3296655675639277 18
1756350113812 0.3576121142377024 19
1756350113909 0.2834998424286428 20
1756350114004 0.26341732947722724 21
1756350114100 0.32386493747648987 22
1756350114195 0.33821242918138916 23
1756350114292 0.23881993637136792 24
1756350114388 0.18410428354273672 25
1756350114484 0.18055439157330472 26
1756350114580 0.1602902088476264 27
1756350114677 0.1676388603189717 28
1756350114775 0.14528668121151303 29
1756350114872 0.10814640185107356 30
1756350114968 0.12801140514404877 31
1756350115065 0.14311959659275802 32
1756350115162 0.27929520380237827 33
1756350115258 0.18464730809564175 34
1756350115355 0.18408356444991153 35
1756350115451 0.15463248656495757 36
1756350115547 0.13865262496730554 37
1756350115644 0.11756421398857365 38
1756350115740 0.12401569132571635 39
1756350115837 0.12415568838300912 40
1756350115933 0.10046902817228566 41
1756350116030 0.11889067599954813 42
1756350116126 0.1287717049860436 43
1756350116223 0.10072353595624799 44
1756350116320 0.10187849272852359 45
1756350116420 0.08822784022144649 46
1756350116518 0.15058156961332197 47
1756350116615 0.15725037066832834 48
1756350116711 0.13751340949017068 49
1756350116810 0.14935339290810667 50
1756350116907 0.10845517836835074 51
1756350117004 0.10938515935255133 52
1756350117100 0.0799095970780953 53
1756350117197 0.06175540557698063 54
1756350117293 0.07642678236183913 55
1756350117391 0.08697632764992506 56
1756350117487 0.09395772364476453 57
1756350117585 0.07303375005722046 58
1756350117682 0.06926197267096976 59
1756350117779 0.0903267458729122 60
1756350117876 0.10663000834376915 61
1756350117973 0.09391503878261732 62
1756350118070 0.08794031648532204 63
1756350118168 0.06567710929590723 64
1756350118266 0.061971806313680565 65
1756350118364 0.05621526892418447 66
1756350118462 0.06490361982065698 67
1756350118559 0.06278670579195023 68
1756350118656 0.06021692134116007 69
1756350118753 0.08203154972389988 70
1756350118850 0.08422929906974667 71
1756350118948 0.07142923197344593 72
1756350119045 0.07251114187681157 73
1756350119142 0.0665306223799353 74
1756350119239 0.07087805429878442 75
1756350119336 0.09401823175342186 76
1756350119434 0.06120066308294949 77
1756350119531 0.061604075943646225 78
1756350119629 0.05824360818318699 79
1756350119726 0.05202269311184469 80
1756350119823 0.05355666172893151 81
1756350251247 2.960473682569421 1
1756350251358 1.818446045336516 2
1756350251468 1.8458304716193157 3
1756350251577 0.9889837192452472 4
1756350251687 0.8593746618084286 5
1756350251796 1.1508262792359227 6
1756350251905 0.7664637682230576 7
1756350252014 0.6837401156840117 8
1756350252124 0.5017081933177036 9
1756350252233 0.46213247529838397 10
1756350252344 0.40319847412731336 11
1756350252454 0.356720432639122 12
1756350252564 0.28768266154372174 13
1756350252673 0.22029961289271063 14
1756350252782 0.23180484253427255 15
1756350252891 0.23830099403858185 16
1756350253001 0.21418426056271014 17
1756350253111 0.18416811363852542 18
1756350253220 0.25708491743906686 19
1756350253330 0.2694671808377556 20
1756350253439 0.3743337289146755 21
1756350253550 0.3656041058509246 22
1756350253659 0.2942117063895516 23
1756350253768 0.16561464252679245 24
1756350253879 0.13395678802676822 25
1756350253989 0.1185529293573421 26
1756350254098 0.12494702086500499 27
1756350254208 0.14011651342329773 28
1756350254317 0.13437082748050275 29
1756350254427 0.12644917112977608 30
1756350254536 0.13433173072078955 31
1756350254646 0.114406852942446 32
1756350254756 0.14308854937553406 33
1756350254866 0.12539151375708374 34
1756350254976 0.1389789678480314 35
1756350255335 0.14956553863442462 36
1756350255446 0.12087060413930727 37
1756350255556 0.10579008528071901 38
1756350255665 0.0972225853930349 39
1756350255775 0.14012065238278845 40
1756350255885 0.10184220872495485 41
1756350255995 0.08492851192536562 42
1756350256106 0.08698078423090604 43
1756350256216 0.07373752104847328 44
1756350256327 0.05474342357205308 45
1756350256436 0.054688943549990654 46
1756350256546 0.07515112326844879 47
1756350256657 0.10505397391060124 48
1756350256767 0.09427133056780566 49
1756350256876 0.09534429872165555 50
1756350256987 0.09898410729416039 51
1756350257098 0.08640166615014491 52
1756350257208 0.0802303021368773 53
1756350257318 0.09592137955453085 54
1756350257430 0.11172164960399918 55
1756350257540 0.05925875869782075 56
1756350257650 0.051467478761206505 57
1756350257759 0.09864130680975706 58
1756350257870 0.06423202221808226 59
1756350257981 0.058640732389429344 60
1756350258092 0.04439657027630702 61
1756350258202 0.043196776476891144 62
1756350258313 0.0463220176651426 63
1756350258424 0.04478644271907599 64
1756350258535 0.046399096350954926 65
1756350258646 0.04222299644480581 66
1756350258757 0.04565319572777852 67
1756350258868 0.04156163731670898 68
1756350258979 0.03576743910494058 69
1756350259090 0.03533998399001101 70
1756350259200 0.04667177772068459 71
1756350259312 0.03988395129208979 72
1756350259422 0.049407194247064384 73
1756350259534 0.04311515431365241 74
1756350259644 0.0484803716611603 75
1756350259755 0.045567898160737495 76
1756350259867 0.04065699600007223 77
1756350259977 0.03516336251050234 78
1756350260089 0.033017988316714764 79
1756350260200 0.03038536579064701 80
1756350260311 0.03595624872199867 81
1756350260422 0.02879288837151683 82
1756350260532 0.03299278223320194 83
1756350260643 0.038636755157748 84
1756350260755 0.02784053195753823 85
1756350260866 0.03257569476314213 86
1756350260978 0.03454864280217368 87
1756350261090 0.03528811499152495 88
1756350261201 0.032264279363595924 89
1756350261313 0.03924741174863732 90
1756350261425 0.036381126017026276 91
1756350261536 0.029973763851043972 92
1756350261648 0.02915443565048601 93
1756350261760 0.025865970341407734 94
1756350261872 0.025966725595619366 95
1756350261983 0.024981685711637787 96
1756350262095 0.021254946315742058 97
1756350262206 0.026172013022005558 98
1756350262318 0.021570244925501553 99
1756350262430 0.025335259168692257 100
1756350262542 0.024167183665153774 101
1756350262653 0.02229815114127553 102
1756350262765 0.018448817989100582 103
1756350374470 2.7779306898946348 1
1756350374593 2.3731116989384526 2
1756350374715 2.544773975144262 3
1756350374836 1.2628955089527627 4
1756350374956 0.8577604850997096 5
1756350375077 0.8057464594426362 6
1756350375198 0.6459958358951237 7
1756350375319 0.5762813894645028 8
1756350375692 0.5031037835971169 9
1756350375813 0.4081818150437396 10
1756350375933 0.38453005513419275 11
1756350376054 0.4046225470045339 12
1756350376174 0.43280660717383673 13
1756350376294 0.38043054679165716 14
1756350376415 0.3980772832165594 15
1756350376535 0.3200241703054179 16
1756350376655 0.29029532683932263 17
1756350376775 0.26564825358598126 18
1756350376896 0.2815529976202094 19
1756350377017 0.34148564351641614 20
1756350377138 0.2973317976879037 21
1756350377260 0.22497198568738025 22
1756350377382 0.26136659798414813 23
1756350377504 0.42690454099489294 24
1756350377625 0.2636638021339541 25
1756350377746 0.2438473597816799 26
1756350377868 0.19000154474507208 27
1756350377989 0.16906750558511072 28
1756350378110 0.17371286548998044 29
1756350378232 0.16041452275670093 30
1756350378353 0.1902852317561274 31
1756350378475 0.17358687941146933 32
1756350378596 0.14144620785246725 33
1756350378718 0.13495792318945346 34
1756350378840 0.15934588760137558 35
1756350378961 0.14056723921195322 36
1756350379083 0.12409995820211328 37
1756350379205 0.13941755599301794 38
1756350379327 0.21521584786798642 39
1756350379449 0.21710197174030801 40
1756350379570 0.1734245817946351 41
1756350379692 0.17773524866155957 42
1756350379813 0.13221263059455415 43
1756350379935 0.11489921532895254 44
1756350380057 0.14395559384771014 45
1756350380180 0.1111775615616985 46
1756350380302 0.18885951327240985 47
1756350380424 0.11387214939231458 48
1756350380547 0.10439135879278183 49
1756350380669 0.13386907298927722 50
1756350380792 0.12230744196668915 51
1756350380914 0.10329044043369916 52
1756350381035 0.08540714321577031 53
1756350381157 0.1303791348700938 54
1756350381279 0.13112112766374712 55
1756350381401 0.0956873106567756 56
1756350381523 0.09283865016439687 57
1756350381645 0.11382802025131557 58
1756350381767 0.1029956471984801 59
1756350381889 0.0885562140332616 60
1756350382011 0.07933049616606339 61
1756350382133 0.0711441187430983 62
1756350382255 0.07728996419388315 63
1756350382377 0.07562102199248645 64
1756350382500 0.1011419317320637 65
1756350382623 0.10488835803192595 66
1756350382745 0.10116086430523706 67
1756350382867 0.0940164040936076 68
1756350382990 0.08821741029944109 69
1756350383112 0.06293953388281491 70
1756350383235 0.07615362415495126 71
1756350383357 0.09895176408083542 72
1756350383479 0.11276021340618962 73
1756350383601 0.07758710290426793 74
1756350383724 0.06146077641650387 75
1756350525154 2.2209697806316875 1
1756350525290 1.5545527287151502 2
1756350525424 2.424032483411872 3
1756350525557 2.885417588379072 4
1756350525690 1.4734992255335269 5
1756350525823 1.1420387560906617 6
1756350525957 1.097812180933745 7
1756350526090 0.920320741508318 8
1756350526224 0.8324002338492352 9
1756350526357 0.788110437600509 10
1756350526491 1.038357375756554 11
1756350526625 0.6415791887304058 12
1756350526758 0.524744362934776 13
1756350526891 0.6061306459748227 14
1756350527024 0.4555478186711021 15
1756350527157 0.4747214498727218 16
1756350527291 0.5002878658149553 17
1756350527425 0.5105758678653965 18
1756350527560 0.4753609455150107 19
1756350527694 0.3286276297724765 20
1756350527828 0.3201875110035357 21
1756350527962 0.3855832957703134 22
1756350528096 0.38806303428566974 23
1756350528231 0.3740230299856352 24
1756350528365 0.6346341326184894 25
1756350528500 0.34754663770613464 26
1756350528633 0.3269133379925852 27
1756350528767 0.4499065474323604 28
1756350528902 0.342236314130866 29
1756350529037 0.2734455531058104 30
1756350529171 0.2907566995076511 31
1756350529307 0.25090169323527295 32
1756350529441 0.2604294049998988 33
1756350529576 0.23738318778898404 34
1756350529710 0.4517211570687916 35
1756350529845 0.23547633542962695 36
1756350529980 0.2718019310546958 37
1756350530115 0.3525083311226057 38
1756350530250 0.30600387505863025 39
1756350530385 0.21006967451261438 40
1756350530520 0.21408490415500558 41
1756350530904 0.18094059873534285 42
1756350531040 0.21308717099220856 43
1756350531175 0.17313145813734634 44
1756350531310 0.19247255506722824 45
1756350531445 0.19642766046783197 46
1756350531581 0.14864123418279315 47
1756350531717 0.23015615927136462 48
1756350531853 0.24337550900552585 49
1756350531988 0.18104760640341303 50
1756350532124 0.18181966763475668 51
1756350532259 0.1775695299324782 52
1756350532393 0.1549149949265563 53
1756350532528 0.21889959470085477 54
1756350532664 0.20474204129498938 55
1756350532799 0.19938771556253018 56
1756350532937 0.131134490603986 57
1756350533072 0.1626117158195247 58
1756350533208 0.1998260335429855 59
1756350677291 2.3574119650799297 1
1756350677441 2.438646637875101 2
1756350677589 2.855994517388551 3
1756350677736 1.6387802232866702 4
1756350677884 1.1652511241643324 5
1756350678031 1.217312338559524 6
1756350678178 0.9142250936964283 7
1756350678326 0.7632362842559814 8
1756350678473 1.10764755891717 9
1756350678621 0.5769835069127704 10
1756350678769 0.6868381642776987 11
1756350678917 0.8870344343392745 12
1756350679066 1.0309902921966885 13
1756350679213 0.6887097838132278 14
1756350679361 0.5247951305430868 15
1756350679508 0.4618100679439047 16
1756350679656 0.42333111814830615 17
1756350679805 0.4713209919307543 18
1756350679952 0.4015221006196478 19
1756350680353 0.48257094362507696 20
1756350680502 0.5128554028013478 21
1756350680650 0.3089165247004965 22
1756350680798 0.3658755803885667 23
1756350680948 0.3352174447930377 24
1756350681096 0.278683981169825 25
1756350681244 0.3736446480388227 26
1756350681393 0.27140161719011224 27
1756350681542 0.3784075372892877 28
1756350681690 0.3740340108456819 29
1756350681838 0.30819656732289685 30
1756350681986 0.30969826941904816 31
1756350682135 0.3834266831045565 32
1756350682284 0.4156083561803984 33
1756350682432 0.27664565262587176 34
1756350682582 0.29500980286494544 35
1756350682730 0.2905273780874584 36
1756350682879 0.25671543440093164 37
1756350683028 0.26628860701685364 38
1756350683177 0.23631800192853678 39
1756350683326 0.2711577872219293 40
1756350683475 0.26445792615413666 41
1756350683623 0.2570985986486725 42
1756350683771 0.27039043734902923 43
1756350683920 0.21342215946187143 44
1756350684069 0.2660475975793341 45
1756350684382 0.19554469961187113 46
1756350684532 0.1689643791836241 47
1756350684681 0.18142767218144043 48
1756350684830 0.19440809442945148 49
1756350684979 0.19563836345206137 50
1756350685129 0.17076450845469598 51
1756350685277 0.16529440393914346 52
1756350685425 0.183134108133938 53
1756350685574 0.1505220564811126 54
1756350685722 0.18243790612272595 55
1756350685871 0.172850893891376 56
1756350686019 0.1500692241217779 57
1756350686167 0.12973754723434863 58
1756350686315 0.16500767061243887 59
1756350686464 0.15054851414068884 60
1756350686614 0.17707445699235666 61
1756350686763 0.17673736454352088 62
1756350686913 0.14503673075333887 63
1756350687062 0.14605700062668842 64
1756350687215 0.13359534092571423 65
1756350687364 0.15118444354637808 66
1756350687515 0.15242080179893452 67
1756350687665 0.13981873185738272 68
1756350687814 0.11272587222249611 69
1756350687963 0.1287113261287627 70
1756350688112 0.1764021085008331 71
1756350688429 0.11130568093579749 72
1756350688579 0.14733787091529887 73
1756350688729 0.20218657702207565 74
1756350688879 0.1405813007251076 75
1756350689029 0.12507588788866997 76
1756350689179 0.1520902124112067 77
1756350689328 0.13494799869216006 78
1756350689479 0.17197667256645535 79
1756350689628 0.11732901438422826 80
1756350689778 0.11690032093421272 81
1756350689927 0.1059115182446397 82
1756350690077 0.10865210952318233 83
1756350690226 0.12075606296243875 84
1756350690375 0.09562557676564092 85
1756350690525 0.10529325497539146 86
1756350690674 0.14614302859358166 87
1756350690823 0.11792730232295782 88
1756350690973 0.11316096863668898 89
1756350691123 0.17493692947470624 90
1756350691273 0.09539773890181728 91
1756350691423 0.10795147247288538 92
1756350691573 0.09642819655330284 93
1756350691723 0.07420742414567781 94
1756350691874 0.10386890286336774 95
1756350692024 0.10573073185008505 96
1756350692174 0.09128850649880327 97
1756350692489 0.09305073191290317 98
1756350692641 0.07661796085860419 99
1756350692791 0.11340366967994234 100
1756350922120 3.5553701960522197 1
1756350922292 2.5985100891279136 2
1756350922462 1.478885881278826 3
1756350922631 1.190722460332124 4
1756350922800 1.1641760598058286 5
1756350922969 1.3102311206900554 6
1756350923138 1.015188982953196 7
1756350923307 0.9776445536509805 8
1756350923477 0.8389477431774139 9
1756350923645 0.8918297575867694 10
1756350923814 0.8479784986247187 11
1756350923983 0.7617679989856222 12
1756350924154 1.1546710677768872 13
1756350924587 0.781436782816182 14
1756350924757 0.701309525448343 15
1756350924935 0.5679099715274313 16
1756350925106 0.532505580264589 17
1756350925277 0.6012080117412235 18
1756350925447 0.615217369535695 19
1756350925617 0.5552280972833219 20
1756350925789 0.5862879273684128 21
1756350925958 0.5668946841488713 22
1756350926128 0.5750907776148423 23
1756350926298 0.5949319659367852 24
1756350926470 0.5798757840757784 25
1756350926642 0.48698935560558154 26
1756350926811 0.5637237487927728 27
1756350926981 1.0030722760635873 28
1756350927154 0.7584241576816725 29
1756350927541 0.5958985232788584 30
1756350927711 0.6066525876522064 31
1756350927882 0.6173921201540076 32
1756350928053 0.48066706825857575 33
1756350928223 0.40739642148432526 34
1756350928395 0.4769155959720197 35
1756350928565 0.47968856148097827 36
1756350928735 0.5121878061605536 37
1756350928905 0.49337469235710474 38
1756350929074 0.4787610438854798 39
1756350929244 0.4403240402107653 40
1756350929413 0.42958661849084107 41
1756350929582 0.4617108981246534 42
1756350929751 0.5045581521547359 43
1756350929920 0.46554035466650256 44
1756350930251 0.41563521455163543 45
1756350930421 0.37562707779200183 46
1756350930591 0.38725528250569885 47
1756350930761 0.3882081200895102 48
1756350930931 0.34535306368185126 49
1756350931101 0.4355566812598187 50
1756350931271 0.4226004740466242 51
1756350931442 0.42157760780790576 52
1756350931612 0.4463078755399455 53
1756350931783 0.4452549854050512 54
1756350931953 0.3667444612668908 55
1756350932124 0.33399089522983716 56
1756350932295 0.39309333912704303 57
1756350932465 0.2921927966501402 58
1756350932637 0.29118805540644604 59
1756350932807 0.2907480882561725 60
1756350933138 0.2745552053270133 61
1756350933308 0.21746894328490549 62
1756350933478 0.3733733221888542 63
1756350933649 0.2619193934875986 64
1756350933819 0.19588878264893655 65
1756350933990 0.1923533762278764 66
1756350934162 0.28642115936331125 67
1756350934332 0.29157596081495285 68
1756350934502 0.21855046049408292 69
1756350934671 0.17143094215704047 70
1756350934841 0.16287078254896661 71
1756350935013 0.16164297383764517 72
1756350935187 0.16257717136455618 73
1756350935358 0.16473466319882352 74
1756350935531 0.19460523371463237 75
1756350935884 0.16924670954113422 76
1756350936055 0.1507036967769913 77
1756350936226 0.1477350229802339 78
1756350936398 0.16273132679255112 79
1756350936570 0.1415316822088283 80
1756350936740 0.147719516378382 81
1756350936912 0.19518986571094263 82
1756350937082 0.15589165266441263 83
1756350937254 0.15995549021855646 84
1756350937425 0.13281773840603622 85
1756350937596 0.30752283464307373 86
1756350937768 0.30577583546223847 87
1756350937939 0.31883064884206525 88
1756350938123 0.286924182396868 89
1756350938294 0.20784335939780527 90
1756351164202 2.7602072695027227 1
1756351164392 2.9176251525464267 2
1756351164581 1.8439935730851216 3
1756351164768 1.6609433759813723 4
1756351164954 1.6973756966383562 5
1756351165142 1.15450809572054 6
1756351165328 1.0355615615844727 7
1756351165516 1.0079065885232843 8
1756351165702 0.7157678668913634 9
1756351165890 0.5568382001441458 10
1756351166076 0.8394550214643064 11
1756351166524 0.5179695733215498 12
1756351166711 0.5132202570853026 13
1756351166899 0.7770125768754793 14
1756351167087 0.5924451402995897 15
1756351167274 0.39412337412004883 16
1756351167462 0.40095987721629767 17
1756351167650 0.39616580501846643 18
1756351167836 0.4727646047654359 19
1756351168024 0.45221727373807324 20
1756351168211 0.3511459658975187 21
1756351168399 0.3815839232310005 22
1756351168585 0.28812215703984967 23
1756351168772 0.33741571786610974 24
1756351168960 0.3753456324338913 25
1756351169147 0.4892806184032689 26
1756351169334 0.4511685999839202 27
1756351169691 0.37905651654886163 28
1756351169879 0.3547074082105056 29
1756351170067 0.3679022931534311 30
1756351170255 0.42347888000633405 31
1756351170443 0.3671574022458947 32
1756351170631 0.22759073454400766 33
1756351170820 0.33279724613479944 34
1756351171008 0.27095766138771304 35
1756351171196 0.3006157126763593 36
1756351171384 0.3512594706338385 37
1756351171573 0.3007105161314425 38
1756351171760 0.2724655004947082 39
1756351171949 0.20512024896300357 40
1756351172137 0.2147219184300174 41
1756351172324 0.2840064738107764 42
1756351172704 0.25816116287656454 43
1756351172893 0.20277626423732095 44
1756351173082 0.19166110423596008 45
1756351173269 0.1864752762991449 46
1756351173458 0.20479528897482416 47
1756351173645 0.1695532377647317 48
1756351173832 0.14555654059285703 49
1756351174018 0.14021759593616362 50
1756351174205 0.17886034172514212 51
1756351174393 0.1625715341904889 52
1756351174581 0.1740186765142109 53
1756351174770 0.17877923243719598 54
1756351174958 0.12712390785631927 55
1756351175146 0.18929112508245136 56
1756351175334 0.26533152422179346 57
1756351175522 0.14899366332784944 58
1756351175890 0.14456853205743042 59
1756351176078 0.14568672037642935 60
1756351176267 0.16275346343931946 61
1756351176455 0.13774201209130493 62
1756351176642 0.14275331795215607 63
1756351176829 0.17877425399163496 64
1756351177016 0.1208039237105328 65
1756351177203 0.14623847636191742 66
1756351177390 0.17173890153998914 67
1756351177578 0.13758227520662805 68
1756351177766 0.10676781509233557 69
1756351177954 0.11107876038421756 70
1756351178142 0.15275842712625212 71
1756351178332 0.14504356342165367 72
1756351178521 0.11322035122176875 73
1756351178709 0.12359227385857831 74
1756351179066 0.10654359246077745 75
1756351179255 0.15271717180376468 76
1756351179444 0.11967438086867332 77
1756351179633 0.10984339095328165 78
1756351179823 0.10848398247490758 79
1756351180012 0.11001903936266899 80
1756351180201 0.09074139578834824 81
1756351180391 0.10782138808913853 82
1756351180581 0.1650824577588102 83
1756351180770 0.1204109575761401 84
1756351180959 0.1031848555025847 85
1756351181148 0.11483782157301903 86
1756351181338 0.0953835985906746 87
1756351181528 0.10497712408718855 88
1756351181717 0.0877214926092521 89
1756351182082 0.09091559473587119 90
1756351182271 0.08021813582466997 91
1756351182461 0.07622466090580692 92
1756351182650 0.09815767221152782 93
1756351182840 0.08835408383089563 94
1756351346369 2.7160614417946856 1
1756351346572 3.0521619786386904 2
1756351346772 2.8987519170926963 3
1756351346972 1.6357474197512087 4
1756351347173 1.3944768387338389 5
1756351347374 1.1352532220923381 6
1756351347574 0.9296659257100977 7
1756351347774 0.8635345477124919 8
1756351347974 0.7964252959127012 9
1756351348174 0.7604498785475026 10
1756351348374 0.6851255012595135 11
1756351348576 0.6065265069837156 12
1756351348778 0.5479831345703291 13
1756351348979 0.4996477015640425 14
1756351349180 0.48327574198660644 15
1756351349640 0.593791610520819 16
1756351349842 0.5021990926369376 17
1756351350041 0.5404189786185389 18
1756351350241 0.4951595521491507 19
1756351350441 0.37971342905707983 20
1756351350641 0.4184626781422159 21
1756351350841 0.42262177201716794 22
1756351351042 0.43869862673075305 23
1756351351242 0.4220038639462512 24
1756351351442 0.3691985276730164 25
1756351351644 0.2890489052819169 26
1756351351844 0.2997086987547252 27
1756351352045 0.4714802581331004 28
1756351352246 0.42033362777336786 29
1756351352445 0.35052792015283 30
1756351352645 0.38904405806375586 31
1756351353012 0.37505035491093347 32
1756351353212 0.3605567469545033 33
1756351353411 0.46597329203201376 34
1756351353612 0.30736304430857947 35
1756351353812 0.31148001551628113 36
1756351354012 0.3317144778759583 37
1756351354214 0.3515756680913594 38
1756351354414 0.334987118192341 39
1756351354615 0.33005034210889234 40
1756351354816 0.3301560217919557 41
1756351355018 0.3050849606161532 42
1756351355219 0.24717633620552396 43
1756351355418 0.5328645813076393 44
1756351355620 0.42136020958423615 45
1756351355821 0.2739884114783743 46
1756351356187 0.25632448947947956 47
1756351356389 0.2340793211175048 48
1756351356590 0.23861196961091913 49
1756351356792 0.314104658106099 50
1756351356993 0.3168050361716229 51
1756351357194 0.20502479374408722 52
1756351357396 0.19858305221018585 53
1756351357599 0.17399354376222775 54
1756351357800 0.1545143749402917 55
1756351358002 0.20096920301084933 56
1756351358202 0.17247517568909604 57
1756351358404 0.15766272855841595 58
1756351358605 0.15262100877969162 59
1756351358807 0.18603363633155823 60
1756351359011 0.23594282437925754 61
1756351359213 0.2810173718177754 62
1756351359581 0.16402282857376596 63
1756351359783 0.1710782935437949 64
1756351359985 0.17538215479125147 65
1756351360187 0.19399475176697192 66
1756351360389 0.14550604703633682 67
1756351360591 0.19419547332369763 68
1756351360792 0.16647180720515872 69
1756351360994 0.18572454802368 70
1756351361196 0.145339693064275 71
1756351361398 0.1314966014545897 72
1756351361600 0.1540496947000856 73
1756351361802 0.15507099259158838 74
1756351362005 0.17455441763867502 75
1756351362205 0.14706603696812753 76
1756351362407 0.1527070108315219 77
1756351362773 0.16305554107479428 78
1756351362975 0.19255117650913156 79
1756351363177 0.12467582459035127 80
1756351363382 0.19044378529424252 81
1756351363584 0.11885171707557596 82
1756351363787 0.14014007701821948 83
1756351363989 0.12456955048053162 84
1756351364192 0.1215239338900732 85
1756351543751 2.907109022140503 1
1756351543967 2.871367529682491 2
1756351544181 2.1785510545191555 3
1756351544392 1.6499159672985906 4
1756351544604 0.8724964895974034 5
1756351544816 0.8834278583526611 6
1756351545029 0.7243853457595991 7
1756351545242 0.7580816901248434 8
1756351545457 0.5912047216425771 9
1756351545672 0.5790872794130574 10
1756351545884 0.5817821945833124 11
1756351546098 0.523196200961652 12
1756351546311 0.646073131457619 13
1756351546790 0.714457436748173 14
1756351547004 0.6863034134325774 15
1756351547217 0.5710438930470011 16
1756351547429 0.6143760052712067 17
1756351547642 0.44542228268540424 18
1756351547854 0.4073263581680215 19
1756351548067 0.45696585593016253 20
1756351548279 0.5253932897163474 21
1756351548492 0.4093455698179162 22
1756351548705 0.4537046422129092 23
1756351548918 0.364909282197123 24
1756351549132 0.47488236556882446 25
1756351549346 0.36185344211433246 26
1756351549560 0.28283900994321576 27
1756351549773 0.3209285055813582 28
1756351549986 0.2863027375677358 29
1756351550377 0.32986236817162967 30
1756351550589 0.31813170922839124 31
1756351550802 0.28319521053977637 32
1756351551015 0.29076548503792804 33
1756351551228 0.3359390432419984 34
1756351551441 0.35566332029259723 35
1756351551654 0.19914778645919717 36
1756351551867 0.22080447038878565 37
1756351552081 0.22951942228752634 38
1756351552295 0.1869623434284459 39
1756351552510 0.2168014843178832 40
1756351552724 0.29610235146854236 41
1756351552937 0.28663273738778156 42
1756351553150 0.27147145796081296 43
1756351553364 0.2843580923002699 44
1756351553752 0.2494776362310285 45
1756351553965 0.2512586771146111 46
1756351554181 0.20720284286400545 47
1756351554397 0.18654003933719968 48
1756351554610 0.2230996032771857 49
1756351554824 0.20850990777430328 50
1756351555038 0.23750885997129523 51
1756351555253 0.25554071820300556 52
1756351555468 0.18604545683964438 53
1756351555682 0.1908433955648671 54
1756351555899 0.17842908851478412 55
1756351556114 0.22165429462557254 56
1756351556329 0.17766309983056525 57
1756351556544 0.13825900399166605 58
1756351556758 0.18823710602262747 59
1756351556974 0.20052472113267236 60
1756351557363 0.15459772426149118 61
1756351557576 0.1449548038451568 62
1756351557790 0.14079727200062378 63
1756351558004 0.16091840876185376 64
1756351558218 0.14867769797211108 65
1756351558432 0.15732878511366638 66
1756351558646 0.12471241617332333 67
1756351558861 0.13877322362816852 68
1756351559075 0.14152591222006342 69
1756351559288 0.14183540091566418 70
1756351559503 0.15599187819854074 71
1756351559717 0.1587309429179067 72
1756351559932 0.10934466884835907 73
1756351560146 0.1289850530093131 74
1756351560360 0.09665619338984074 75
1756351560574 0.1373936893499416 76
1756351560962 0.1575936211839966 77
1756351561177 0.15679346219353055 78
1756351561391 0.12334569300646367 79
1756351561607 0.10017533875677896 80
1756351561821 0.13302978759874468 81
1756351562036 0.09228168849063956 82
1756351562250 0.11902625421467035 83
1756351562464 0.14192180367915527 84
1756351562679 0.10674368719691815 85
1756351562893 0.15315595852292102 86
1756351563106 0.13450195883279262 87
1756351563322 0.10591459760199422 88
1756351563536 0.09846463475538336 89
1756351563751 0.15444159394373064 90
1756351563966 0.10698850938807362 91
1756351564353 0.10552011009143747 92
1756351564567 0.08913741390342297 93
1756351564783 0.07945404898213304 94
1756351564998 0.10403763778183771 95
1756351565214 0.09709953176586525 96
1756351565428 0.10076133825856706 97
1756351565642 0.09854114492950232 98
1756351565856 0.0675806827519251 99
1756351566070 0.07474267385576082 100
1756351566285 0.08015210764563602 101
1756351566503 0.08798819067685501 102
1756351566719 0.10251662548145522 103
1756351566936 0.08278132116665012 104
1756351567151 0.08497497091150802 105
1756351567367 0.08488289882307468 106
1756351567583 0.0835727268586988 107
1756351567971 0.06719637386824774 108
1756351568187 0.0655006322523822 109
1756351568404 0.07852804563615633 110
1756351568620 0.06780573822881865 111
1756351568836 0.07810878105785536 112
1756351569052 0.07046244698374168 113
1756351569268 0.07565339597994866 114
1756351569484 0.07611867615386196 115
1756351569700 0.08275994075381238 116
1756351728994 2.4600833809894063 1
1756351729224 1.7832197857939678 2
1756351729450 2.545030889303788 3
1756351729677 1.360044098418692 4
1756351730163 0.8836389209913171 5
1756351730391 1.0187771812729214 6
1756351730618 1.1563544623229816 7
1756351730845 0.7385305567927982 8
1756351731072 0.7100378547025763 9
1756351731300 0.7913947273855624 10
1756351731529 0.5862716902857241 11
1756351731758 0.7185472249984741 12
1756351731984 0.5846134139143903 13
1756351732210 0.5571647701056107 14
1756351732436 0.4972760068333667 15
1756351732663 0.4503080184045045 16
1756351732891 0.427008295836656 17
1756351733117 0.4068144611690355 18
1756351733344 0.3782923733410628 19
1756351733570 0.37059800715550134 20
1756351733972 0.3989459911118383 21
1756351734199 0.6943554463593856 22
1756351734427 0.45231891779795935 23
1756351734654 0.4704414191453353 24
1756351734882 0.36482434104318207 25
1756351735107 0.3229360282421112 26
1756351735335 0.3524789933277213 27
1756351735562 0.31174254417419434 28
1756351735789 0.3462719690540563 29
1756351736017 0.2752234495204428 30
1756351736243 0.2475144914958788 31
1756351736470 0.23769228678682577 32
1756351736699 0.2715998343799425 33
1756351736927 0.3294782191514969 34
1756351737154 0.31995886175528815 35
1756351737564 0.19525014285160147 36
1756351737793 0.21679489055405493 37
1756351738022 0.1928940447776214 38
1756351738251 0.20496066368144492 39
1756351738478 0.26945517082577164 40
1756351738707 0.24024731212336084 41
1756351738934 0.2871786336535993 42
1756351739162 0.32008776716564014 43
1756351739390 0.1770472154021263 44
1756351739619 0.2776937763328138 45
1756351739846 0.2570354523866073 46
1756351740074 0.18672144412994385 47
1756351740302 0.1746603153322054 48
1756351740531 0.23773499772600507 49
1756351740759 0.2966948883688968 50
1756351740986 0.26096053648254147 51
1756351741400 0.23312615894753 52
1756351741629 0.27230464829050977 53
1756351741861 0.19841750808384107 54
1756351742091 0.19204283116952234 55
1756351742320 0.23736741264229236 56
1756351742548 0.1570152060493179 57
1756351742776 0.22069648977207101 58
1756351743003 0.19597814264504806 59
1756351743231 0.15799764802922373 60
1756351743459 0.15262808116233867 61
1756351743686 0.12862451504106107 62
1756351743918 0.2905795169265374 63
1756351744146 0.24285877657973248 64
1756351744376 0.2217101555155671 65
1756351744605 0.22582719831363016 66
1756351745012 0.16566381992205328 67
1756351745240 0.17706191863702692 68
1756351745468 0.2661836876169495 69
1756351745697 0.1873938671272734 70
1756351745925 0.15567599496115808 71
1756351746153 0.1258728309817936 72
1756351746382 0.13831518266512 73
1756351746611 0.15611934726652893 74
1756351746840 0.18641733572534894 75
1756351747069 0.24401979763870654 76
1756351747297 0.13758469664532205 77
1756351747526 0.12428191304206848 78
1756351747756 0.14391269356660222 79
1756351747985 0.11661160769669907 80
1756351748214 0.16283019858857858 81
1756351748444 0.10543706365253615 82
1756351748848 0.1384465812664965 83
1756351749079 0.116613221557244 84
1756351749309 0.12843811803537866 85
1756351749540 0.13929644842510638 86
1756351749769 0.12565602248777513 87
1756351749998 0.13998419921035352 88
1756351750228 0.12300140912766042 89
1756351750459 0.12187823928568674 90
1756351750689 0.11056096430705942 91
1756351750918 0.09722647297641505 92
1756351751146 0.120504313836927 93
1756351751375 0.07826039616180502 94
1756351751605 0.09734240660200948 95
1756351751834 0.08527288294356802 96
1756351752065 0.10842421958627908 97
1756351752297 0.0920091851249985 98
1756351752707 0.08782178746617358 99
1756351752939 0.07795393645115521 100
1756351948688 2.7460907827252927 1
1756351948932 2.4245105048884517 2
1756351949172 1.8263579399689385 3
1756351949411 1.6605295150176338 4
1756351949650 1.2402848368105681 5
1756351949890 1.0879059641257576 6
1756351950131 0.7886456367762192 7
1756351950630 0.7213314875312473 8
1756351950871 0.5859604115071504 9
1756351951112 0.6067615663227828 10
1756351951355 0.6534671368806259 11
1756351951596 0.8131456582442574 12
1756351951837 0.6117560889409936 13
1756351952078 0.41577880602815875 14
1756351952320 0.45599294032739557 15
1756351952561 0.8128700800563978 16
1756351952989 0.45109933614730835 17
1756351953231 0.46728907655114715 18
1756351953475 0.4103508092786955 19
1756351953714 0.6663664883893469 20
1756351953955 0.462743455949037 21
1756351954195 0.38940753496211505 22
1756351954435 0.4255961931270102 23
1756351954677 0.36039780663407367 24
1756351954918 0.3184554512086122 25
1756351955160 0.2965127177860426 26
1756351955574 0.26962674052818963 27
1756351955815 0.3348476167606271 28
1756351956055 0.3576884347459544 29
1756351956296 0.3006378664918568 30
1756351956538 0.28503678479920264 31
1756351956781 0.234668356568917 32
1756351957023 0.3212915633035743 33
1756351957264 0.22062876917745755 34
1756351957505 0.26376528519651166 35
1756351957745 0.341298439256523 36
1756351958150 0.30326011971287103 37
1756351958391 0.2453704113545625 38
1756351958633 0.22866388604692792 39
1756351958877 0.2838531175385351 40
1756351959120 0.28800684213638306 41
1756351959362 0.2724876815210218 42
1756351959604 0.30363841160483984 43
1756351959846 0.3617852978084398 44
1756351960088 0.2128758359214534 45
1756351960330 0.26523783057928085 46
1756351960744 0.28644820205543353 47
1756351960986 0.4963731558426567 48
1756351961229 0.38265007021634473 49
1756351961471 0.2290531856858212 50
1756351961714 0.24485468410927316 51
1756351961956 0.2486745501342027 52
1756351962199 0.23327434451683707 53
1756351962441 0.1871820364309394 54
1756351962682 0.1823024516520293 55
1756351963090 0.2030504585608192 56
1756351963335 0.16227537263994632 57
1756351963577 0.1704108983926151 58
1756351963819 0.1865496036151181 59
1756351964062 0.17029512835585553 60
1756351964303 0.18144564071427222 61
1756351964545 0.1504913743423379 62
1756351964788 0.15683351327543674 63
1756351965030 0.15909069776535034 64
1756352114091 2.856544183648151 1
1756352114344 2.6584490563558494 2
1756352114596 2.018797726734825 3
1756352114847 1.469400553599648 4
1756352115099 1.143593192100525 5
1756352115351 0.9301926441814589 6
1756352115601 0.777247904435448 7
1756352115851 0.7352128961811895 8
1756352116102 0.6142921991970228 9
1756352116630 0.5793609994909038 10
1756352116882 0.4929094891185346 11
1756352117134 0.5296757253615753 12
1756352117387 0.5233879257803378 13
1756352117638 0.4342236415199611 14
1756352117891 0.36805703134640405 15
1756352118143 0.3398184633773306 16
1756352118396 0.37459880567115283 17
1756352118649 0.32153318304082623 18
1756352119072 0.3138167197289674 19
1756352119323 0.2882579390121543 20
1756352119576 0.3105288883266242 21
1756352119828 0.39916893710260803 22
1756352120080 0.28932001506504806 23
1756352120332 0.254750018534453 24
1756352120585 0.3298986696678659 25
1756352120837 0.3044704542211864 26
1756352121089 0.4295256215593089 27
1756352121514 0.37597578699174133 28
1756352121766 0.27284993814385455 29
1756352122019 0.24081096441849417 30
1756352122271 0.31502048606457916 31
1756352122523 0.3513714204663816 32
1756352122776 0.26011929013158963 33
1756352123029 0.2974497034497883 34
1756352123282 0.31201628498409106 35
1756352123534 0.24980957741322724 36
1756352123952 0.3148368318443713 37
1756352124204 0.2664868034746336 38
1756352124457 0.2307253373057946 39
1756352124709 0.2658305945603744 40
1756352124961 0.21029603286929752 41
1756352125215 0.30450857981391577 42
1756352125469 0.2634164460975191 43
1756352125721 0.2648394217957621 44
1756352125974 0.2218538911446281 45
1756352126389 0.19109981377487598 46
1756352126641 0.15167544199072797 47
1756352126895 0.165346076954966 48
1756352127148 0.14514063493065213 49
1756352127402 0.15843070978703705 50
1756352127655 0.15928774683371835 51
1756352127908 0.12972656540248706 52
1756352128162 0.15776139141424841 53
1756352128594 0.1644306626656781 54
1756352128848 0.15956514879413272 55
1756352129103 0.1810529808635297 56
1756352129356 0.1934832310223061 57
1756352129610 0.153465806628051 58
1756352129864 0.16109120942976163 59
1756352130118 0.1405484598615895 60
1756352130372 0.14378133351388184 61
1756352130625 0.14172844459181247 62
1756352131061 0.10861105115517326 63
1756352131316 0.1222170042278974 64
1756352131569 0.12167354090058285 65
1756352131823 0.12500729541415753 66
1756352132077 0.11916286919427954 67
1756352132330 0.13505615488342618 68
1756352132584 0.11366504851890646 69
1756352132837 0.09365187326203221 70
1756352133089 0.11730797264886939 71
1756352133507 0.13055225364539935 72
1756352133759 0.11611094196205554 73
1756352134013 0.15184128284454346 74
1756352134265 0.13130127039292586 75
1756352336145 2.7613397784855054 1
1756352336670 2.454020997752314 2
1756352336933 1.8886143539262854 3
1756352337197 2.052149199921152 4
1756352337462 1.3820993757766227 5
1756352337726 1.022473139607388 6
1756352337990 0.9960534728091696 7
1756352338255 0.7717773862507032 8
1756352338518 0.8516538376393525 9
1756352338782 1.166946170122727 10
1756352339219 0.6908184380634971 11
1756352339484 0.5405300985211912 12
1756352339748 0.6272910587165667 13
1756352340012 0.4614062536021937 14
1756352340278 0.6066014753735584 15
1756352340542 0.5786380677119546 16
1756352340806 0.484478525493456 17
1756352341071 0.5199891529653383 18
1756352341510 0.3993094835592353 19
1756352341773 0.4200223101221997 20
1756352342038 0.4162510231785152 21
1756352342301 0.3624680411556493 22
1756352342567 0.33624267707700317 23
1756352342831 0.2955914204535277 24
1756352343097 0.32984422406424646 25
1756352343361 0.3431440151256064 26
1756352343625 0.3752157105051953 27
1756352344064 0.2756807512563208 28
1756352344328 0.2644615510235662 29
1756352344596 0.2248651184465574 30
1756352344861 0.23081267787062604 31
1756352345127 0.250012304795825 32
1756352345392 0.2746069667779881 33
1756352345658 0.22035573844028555 34
1756352345922 0.2699916618673698 35
1756352346187 0.2418663773847663 36
1756352346650 0.24651236313840616 37
1756352346917 0.24263016361257303 38
1756352347182 0.33052752685287723 39
1756352347448 0.24096311790787656 40
1756352347713 0.25054504301237024 41
1756352347978 0.2138762214909429 42
1756352348245 0.1646283874693124 43
1756352348510 0.2555780203446098 44
1756352348775 0.23419407172047574 45
1756352349229 0.22454967673705972 46
1756352349495 0.1872051024566526 47
1756352349761 0.2235151056362235 48
1756352350027 0.1968713101485501 49
1756352350293 0.22455218045607858 50
1756352350559 0.2821376472711563 51
1756352350826 0.20085082721451056 52
1756352351094 0.22296596771996954 53
1756352351550 0.27265770279842877 54
1756352351819 0.18259597180978113 55
1756352352086 0.17899189727461856 56
1756352352353 0.15404989861923715 57
1756352352619 0.17605542229569476 58
1756352352885 0.1964158205234486 59
1756352353154 0.26641074697608536 60
1756352353420 0.217218064095663 61
1756352353685 0.17338578046663947 62
1756352354132 0.19852695031010587 63
1756352354398 0.23759033417572145 64
1756352354662 0.14260308638862942 65
1756352354928 0.1446578904338505 66
1756352355193 0.10660456347724666 67
1756352355460 0.11015291204271109 68
1756352355727 0.1233842599651088 69
1756352355992 0.11236265431279721 70
1756352356259 0.12207620315577673 71
1756352356697 0.11010577076155206 72
1756352356966 0.12565026011156 73
1756352357231 0.12708430251349573 74
1756352357497 0.1284068753213986 75
1756352357763 0.10044261926542157 76
1756352358028 0.08804450070728427 77
1756352358294 0.09375822560294815 78
1756352358558 0.10184508432512698 79
1756352358824 0.11525267119640889 80
1756352560724 3.0379898962767227 1
1756352561004 2.620036861170893 2
1756352561282 2.0074515213137087 3
1756352561560 1.9859601570212322 4
1756352561838 1.215753223585046 5
1756352562115 0.8593798785105996 6
1756352562654 0.6722911570383154 7
1756352562934 0.951529904552128 8
1756352563212 0.8491503401942875 9
1756352563490 0.644681911105695 10
1756352563769 0.6252600097137949 11
1756352564047 0.6980012914408809 12
1756352564325 0.6199704739062682 13
1756352564773 0.4535160135963689 14
1756352565055 0.40562835465306823 15
1756352565335 0.46481509117976477 16
1756352565614 0.4164967310169469 17
1756352565892 0.5356666037569875 18
1756352566172 0.49097938511682593 19
1756352566451 0.29337010629799054 20
1756352566730 0.3068464158669762 21
1756352567208 0.27897084148033807 22
1756352567485 0.3237160087927528 23
1756352567763 0.35304848137109174 24
1756352568040 0.564049195336259 25
1756352568318 0.37340329652247223 26
1756352568596 0.3043690738470658 27
1756352568874 0.2668247598668803 28
1756352569153 0.2722806762094083 29
1756352569619 0.22969413937433905 30
1756352569898 0.2382619348557099 31
1756352570177 0.4246830810671267 32
1756352570455 0.2798847659774449 33
1756352570733 0.2691266773187596 34
1756352571016 0.22294425640417181 35
1756352571296 0.33381866080605466 36
1756352571574 0.26512289954268414 37
1756352572039 0.24554515468037647 38
1756352572316 0.21234025223099667 39
1756352572594 0.41691151131754334 40
1756352572872 0.40693164325278736 41
1756352573151 0.39548965899840643 42
1756352573428 0.3865989524385203 43
1756352573707 0.4273637491075889 44
1756352573984 0.27152787019377167 45
1756352574435 0.2249881424333738 46
1756352574715 0.19701205032027286 47
1756352574994 0.1882789481593215 48
1756352575273 0.2127099685046984 49
1756352575552 0.21762042395446612 50
1756352575831 0.1994577795267105 51
1756352576111 0.2217390388250351 52
1756352576392 0.20809957547032315 53
1756352576863 0.18151341994171558 54
1756352577142 0.18012175903372143 55
1756352577421 0.22886215636263724 56
1756352577701 0.14649360950874246 57
1756352577981 0.17635129068208777 58
1756352578262 0.16704177111387253 59
1756352578541 0.16125945844080136 60
1756352579009 0.14761051049698953 61
1756352579288 0.18610120240760886 62
1756352579570 0.14998618027438287 63
1756352579849 0.1330305282836375 64
1756352580129 0.13611008064902347 65
1756352580410 0.1113852231722811 66
1756352580690 0.15017102205235025 67
1756352580968 0.16833448539609494 68
1756352581247 0.19989658309065778 69
1756352581709 0.16362919577437898 70
1756352581990 0.15845755536271178 71
1756352582270 0.15197403243054514 72
1756352582550 0.14487112686038017 73
1756352582830 0.11784258873566338 74
1756352583109 0.11499460349264352 75
1756352583388 0.12841375512273415 76
1756352583845 0.11255569205335948 77
1756352584126 0.1836959641912709 78
1756352584407 0.14197001606225967 79
1756352584687 0.13022852948178415 80
1756352584967 0.1501485621151717 81
1756352585248 0.1523741585728915 82
1756352585529 0.09602875829390857 83
1756352585810 0.12141070223372916 84
1756352586264 0.14108102331342903 85
1756352586545 0.0973488766214122 86
1756352586827 0.09303731519890868 87
1756352587107 0.08891001797240713 88
1756352587390 0.09791792232705199 89
1756352587671 0.09001610557670178 90
1756352587952 0.10992192768532297 91
1756352588233 0.1565426230106665 92
1756352588682 0.11390666906600413 93
1756352588964 0.1227583642239156 94
1756352589246 0.10934204300460608 95
1756352589529 0.0815676894524823 96
1756352589811 0.06546776255835658 97
1756352590092 0.08531159891382507 98
1756352590376 0.10030674561858177 99
1756352590657 0.09699880526117656 100
1756352591122 0.07248690254662347 101
1756352591404 0.07381440585722095 102
1756352840927 3.399337605289791 1
1756352841225 2.8421313037043032 2
1756352841522 2.889504619266676 3
1756352842088 1.8310409084610317 4
1756352842379 1.211227764254031 5
1756352842674 0.9199500472649284 6
1756352842967 0.8281745755154154 7
1756352843260 0.660945335160131 8
1756352843554 0.753434639909993 9
1756352843846 0.5583811842876932 10
1756352844138 0.644609299690827 11
1756352844431 0.485571079927942 12
1756352844724 0.40689793293890747 13
1756352845197 0.5559109857548838 14
1756352845492 0.5102019122113353 15
1756352845789 0.4912091227977172 16
1756352846084 0.5776890114597653 17
1756352846379 0.6399247335351032 18
1756352846675 0.469945437234381 19
1756352847147 0.36815953708213306 20
1756352847442 0.36688394455806067 21
1756352847737 0.35495608332364453 22
1756352848031 0.41632451117038727 23
1756352848324 0.4296485302240952 24
1756352848616 0.35321839866430865 25
1756352848909 0.41183607085891394 26
1756352849204 0.2696021963720736 27
1756352849496 0.22972812114850336 28
1756352849789 0.30551380955654645 29
1756352850082 0.28779680055120715 30
1756352850378 0.47879083843334863 31
1756352850672 0.44767736675946607 32
1756352851142 0.35204605304676556 33
1756352851437 0.254111570832522 34
1756352851731 0.2772198144508445 35
1756352852027 0.28709118456944177 36
1756352852324 0.31252956973469775 37
1756352852619 0.29159287913985876 38
1756352853094 0.22160389371540234 39
1756352853390 0.21078266073828159 40
1756352853685 0.2725350066371586 41
1756352853980 0.27649764392686926 42
1756352854275 0.21721473109462988 43
1756352854569 0.21454430565885876 44
1756352855040 0.23148214395927347 45
1756352855335 0.28364704516918765 46
1756352855631 0.25385497640008514 47
1756352855927 0.2718775227018025 48
1756352856222 0.21335711459750714 49
1756352856690 0.1613811934771745 50
1756352856984 0.1837600505222445 51
1756352857277 0.2163287028670311 52
1756352857570 0.1983916513297869 53
1756352857864 0.13278594467303026 54
1756352858158 0.18355371543894644 55
1756352858453 0.15757059629844583 56
1756352858745 0.1329701422997143 57
1756352859039 0.17267798292248146 58
1756352859333 0.2806700649468795 59
1756352859626 0.16188185402880545 60
1756352859920 0.17336346565381341 61
1756352860215 0.20671459886690843 62
1756352860686 0.2480083752585494 63
1756352860981 0.15588939092729404 64
1756352861274 0.17124326591906341 65
1756352861570 0.2210288408981717 66
1756352861865 0.1657151369296986 67
1756352862160 0.3864060497802237 68
1756352862628 0.2136625469378803 69
1756352862924 0.13480978491513626 70
1756352863221 0.10967221969495648 71
1756352863516 0.1139564274445824 72
1756352863809 0.14309215804804926 73
1756352864104 0.13658586808520815 74
1756352864398 0.15721089619657266 75
1756352864692 0.11919868283945581 76
1756352864986 0.12389200375131938 77
1756352865280 0.13124264614737552 78
1756352865574 0.1311563630790814 79
1756352866046 0.10615126999176067 80
1756352866343 0.11648818834320358 81
1756352866640 0.11855868768432866 82
1756352866937 0.1519116495290528 83
1756352867233 0.12320215530369592 84
1756352867703 0.1284081284766612 85
1756352867999 0.09387196632830994 86
1756352868292 0.08180773031452428 87
1756352868586 0.08329914008145747 88
1756352868881 0.10351398878771326 89
1756352869175 0.08973282964333244 90
1756352869468 0.09540072277836177 91
1756352869764 0.08752048841637114 92
1756352870059 0.10012426194937332 93
1756352870354 0.11136247930319412 94
1756352870648 0.0808838440672211 95
1756352871115 0.07591286657944969 96
1756352871412 0.08011495759305746 97
1756352871707 0.07566200358712155 98
1756352872004 0.1012929717645697 99
1756352872304 0.10698051766856857 100
1756352872771 0.08458463232154431 101
1756352873068 0.08700597148550593 102
1756353080272 2.477589319581571 1
1756353080585 2.7288403511047363 2
1756353080894 3.230209980321967 3
1756353081204 2.085583886374598 4
1756353081512 1.1444471608037534 5
1756353082106 1.0204913382944854 6
1756353082414 0.7342203985089841 7
1756353082722 0.9720984386361163 8
1756353083029 0.7090082958988522 9
1756353083339 0.603288761947466 10
1756353083646 0.4992836778578551 11
1756353083954 0.416644045840139 12
1756353084453 0.6150471192339192 13
1756353084761 0.5664371239102405 14
1756353085068 0.5431317849003751 15
1756353085376 0.5853231419687686 16
1756353085683 0.46469994278057764 17
1756353085991 0.3013230154047842 18
1756353086299 0.2709894938313443 19
1756353086775 0.2770771766486375 20
1756353087083 0.2441398456044819 21
1756353087390 0.36842756880366284 22
1756353087701 0.4902509418518647 23
1756353088012 0.3320031658462856 24
1756353088320 0.24625806121722513 25
1756353088629 0.2740398726385573 26
1756353089115 0.2881582003572713 27
1756353089425 0.28777050453683606 28
1756353089736 0.23763126653173697 29
1756353090045 0.304952147214309 30
1756353090352 0.26712285306142725 31
1756353090660 0.24693846767363342 32
1756353090972 0.36314798567606055 33
1756353091449 0.2685417267291442 34
1756353091758 0.2639132870928101 35
1756353092067 0.24039458969364996 36
1756353092378 0.18421849122513895 37
1756353092687 0.17836116869812427 38
1756353092999 0.2056757224642712 39
1756353093307 0.21259002095979193 40
1756353093799 0.16800166990446008 41
1756353094109 0.24164822308913522 42
1756353094418 0.25108589361543243 43
1756353094727 0.18495107992835666 44
1756353095038 0.2095910540741423 45
1756353095347 0.18946331188730572 46
1756353095654 0.18701883437840836 47
1756353096154 0.21140319238538327 48
1756353096464 0.17736981582382452 49
1756353096772 0.21997337950312573 50
1756353097084 0.21640001172604767 51
1756353097392 0.2640219129945921 52
1756353097702 0.1784539681089961 53
1756353098011 0.1820562187096347 54
1756353098510 0.2351008384771969 55
1756353098817 0.18925157578095145 56
1756353099125 0.15889391529819238 57
1756353099432 0.14614301369242047 58
1756353099741 0.1253635786149813 59
1756353100053 0.13371835454650546 60
1756353100360 0.11607251057158345 61
1756353367360 2.961285632589589 1
1756353367686 6.177816448004349 2
1756353368007 1.6039535273676333 3
1756353368581 1.256295154923978 4
1756353368903 0.9974907351576764 5
1756353369224 1.576782094395679 6
1756353369547 0.9311079719792241 7
1756353369869 0.7096511203309764 8
1756353370193 0.8177127708559451 9
1756353370673 0.7574430937352388 10
1756353370997 0.5124824967073358 11
1756353371318 0.4260959178209305 12
1756353371638 0.45188513786896417 13
1756353371967 0.4574448647706405 14
1756353372449 0.4965092630490013 15
1756353372773 0.556026842283166 16
1756353373095 0.4525142402752586 17
1756353373416 0.46591220342594647 18
1756353373737 0.5027698582929113 19
1756353374057 0.3880159343066423 20
1756353374538 0.3254385875618976 21
1756353374861 0.36104800843674206 22
1756353375183 0.27642796285774396 23
1756353375503 0.4103068463180376 24
1756353375828 0.29290759822596674 25
1756353376150 0.3087171821490578 26
1756353376629 0.27650572391955747 27
1756353376956 0.26025934970897174 28
1756353377278 0.34380330534084985 29
1756353377601 0.24725008982679117 30
1756353377923 0.260244517546633 31
1756353378245 0.2873495162829109 32
1756353378737 0.2244416416987129 33
1756353379060 0.2607111911410871 34
1756353379382 0.2245786465380503 35
1756353379706 0.22434458654859793 36
1756353380032 0.20627395160820172 37
1756353380354 0.21863785548054654 38
1756353380842 0.22346801699503607 39
1756353381164 0.24298356959353323 40
1756353381487 0.23211680773807608 41
1756353381811 0.27388491611117904 42
1756353382135 0.2186177790812824 43
1756353382459 0.19190618590168332 44
1756353382941 0.1885452529658442 45
1756353383265 0.16201657737078873 46
1756353383587 0.17280910650025244 47
1756353383913 0.1724076316408489 48
1756353384237 0.18320112481065418 49
1756353384720 0.19532528195692145 50
1756353385045 0.18768326873364655 51
1756353385370 0.16529349075711292 52
1756353385695 0.20530614289252655 53
1756353386017 0.13535724369728047 54
1756353386341 0.1754299489700276 55
1756353386825 0.15882876839326776 56
1756353387150 0.14962000691372415 57
1756353387474 0.127528075452732 58
1756353387797 0.11224341246744861 59
1756353388120 0.15023756869461224 60
1756353388442 0.204273022711277 61
1756353388969 0.15368982339682785 62
1756353389294 0.15342009974562604 63
1756353389617 0.15107575220906216 64
1756353389942 0.20714117392249728 65
1756353390266 0.1515095512504163 66
1756353390589 0.12437954431642657 67
1756353391079 0.12034346292848172 68
1756353391403 0.1039444541801577 69
1756353391726 0.10641897696515788 70
1756353392050 0.1114208847284317 71
1756353392374 0.12590119890544726 72
1756353392698 0.10863501141252725 73
1756353393185 0.10776705035696858 74
1756353393510 0.1060103804844877 75
1756353393835 0.10452942210047142 76
1756353394160 0.10617663160614345 77
1756353394484 0.09011324867606163 78
1756353394807 0.09749136719366779 79
1756353395294 0.12377870001870653 80
1756353395618 0.11789074216199957 81
1756353395941 0.08886930816199469 82
1756353396263 0.08653938041433044 83
1756353396587 0.08992728590965271 84
1756353396910 0.10635084448301274 85
1756353397397 0.11651780051381691 86
1756353397721 0.1140611506998539 87
1756353398046 0.08995197373239891 88
1756353398371 0.07211059866392094 89
1756353398695 0.08086169057566187 90
1756353399019 0.11818847870049269 91
1756353399503 0.08239983961634013 92
1756353399827 0.08497040832172269 93
1756353693549 3.4721251415169756 1
1756353693893 3.0127304170442666 2
1756353694235 1.9560734370480413 3
1756353694828 1.3663422776305156 4
1756353695170 1.0895588061083918 5
1756353695512 0.8576250672340393 6
1756353695853 1.0462078167044597 7
1756353696195 1.1924390015394792 8
1756353696700 0.9947464375392251 9
1756353697043 0.9520490506420964 10
1756353697386 0.7563880552416262 11
1756353697728 0.6196770434794219 12
1756353698071 0.6390306729337444 13
1756353698570 0.5694172991358716 14
1756353698912 0.45672321837881336 15
1756353699253 0.387127016549525 16
1756353699595 0.5576156559197799 17
1756353699938 0.5783765510372494 18
1756353700280 0.515576469509498 19
1756353700782 0.5064843102641727 20
1756353701124 0.528089305628901 21
1756353701466 0.5725556106671043 22
1756353701810 0.5778371704661328 23
1756353702155 0.4296490148357723 24
1756353702660 0.3944900061773217 25
1756353703005 0.3203702478305153 26
1756353703348 0.3553309155547101 27
1756353703692 0.4242093783357869 28
1756353704036 0.3728881096062453 29
1756353704554 0.402130171008732 30
1756353704897 0.3367868933988654 31
1756353705250 0.3156989955383798 32
1756353705592 0.3018601128588552 33
1756353705935 0.2740717931934025 34
1756353706447 0.34342579349227575 35
1756353706791 0.3832381017830061 36
1756353707134 0.35642007900320966 37
1756353707477 0.3389938175678253 38
1756353707819 0.2553239859964537 39
1756353708165 0.24805725365877151 40
1756353708681 0.20952641834383426 41
1756353709026 0.29671276393144025 42
1756353709369 0.28801490560821863 43
1756353709710 0.20824006135049072 44
1756353710054 0.22936050399490024 45
1756353710559 0.22504597578359686 46
1756353710903 0.2307200422105582 47
1756353711244 0.19476087909677756 48
1756353711587 0.202082139318404 49
1756353711932 0.15833727205577103 50
1756353712274 0.14716099332208218 51
1756353712781 0.17496704601723215 52
1756353713125 0.19585906098718228 53
1756353713468 0.22452877980211508 54
1756353713812 0.20153595312781955 55
1756353714153 0.22409367237402045 56
1756353714660 0.18382582068443298 57
1756353715004 0.13802765034463094 58
1756353715348 0.19666048333696698 59
1756353715695 0.17604101271085118 60
1756353716042 0.13679358201182407 61
1756353716555 0.16718785399975983 62
1756353716900 0.1557907144660535 63
1756353717244 0.21690481803987338 64
1756353717587 0.207520287969838 65
1756353717931 0.1920229957803436 66
1756353718433 0.3073095685761908 67
1756353718775 0.2033227251275726 68
1756353719119 0.20490520706643228 69
1756353719463 0.12798241574479186 70
1756353719805 0.12993623121925021 71
1756353720149 0.1542974059348521 72
1756353720650 0.1624595827382544 73
1756353720994 0.14187989448723587 74
1756353721337 0.14314954193389934 75
1756353721681 0.13449871831614038 76
1756353722025 0.13835226420475089 77
1756353987741 3.9599584341049194 1
1756353988101 4.372465346170508 2
1756353988713 2.479031935982082 3
1756353989065 1.6813270579213682 4
1756353989421 0.9399562866791434 5
1756353989774 0.8081434187681779 6
1756353990128 0.7814551229062288 7
1756353990643 0.6446757679400237 8
1756353990999 0.5968598049619923 9
1756353991353 0.9565677655779797 10
1756353991708 0.8255197055961775 11
1756353992060 0.7541199209897415 12
1756353992609 0.929100002931512 13
1756353992963 0.6324759877246359 14
1756353993316 0.5346259604329648 15
1756353993668 0.4976087536500848 16
1756353994022 0.3592010444920996 17
1756353994376 0.39943501806777454 18
1756353994918 0.34080907443295355 19
1756353995272 0.28037221405817114 20
1756353995628 0.2785926500092382 21
1756353996006 0.2988935689563337 22
1756353996360 0.38900225577147113 23
1756353996905 0.3077414903951728 24
1756353997259 0.2803858350152555 25
1756353997615 0.30584584111752716 26
1756353997971 0.29507268641306006 27
1756353998325 0.23055370573116385 28
1756353998861 0.24446271781040274 29
1756353999214 0.2403133430558702 30
1756353999568 0.27479851051517157 31
1756353999922 0.3193085274618605 32
1756354000275 0.2828258923862291 33
1756354000809 0.24898171619228696 34
1756354001163 0.34199579092471494 35
1756354001517 0.3503167075307473 36
1756354001872 0.28199448339317157 37
1756354002228 0.2132202885721041 38
1756354002756 0.2858593736005866 39
1756354003111 0.28472296990778134 40
1756354003465 0.2515813089583231 41
1756354003819 0.2662430599979732 42
1756354004174 0.24475721950116364 43
1756354004704 0.20812430621489234 44
1756354005060 0.20563048513039298 45
1756354005415 0.2271900815160378 46
1756354005770 0.19926783150952795 47
1756354006127 0.1781586097634357 48
1756354006662 0.1586396166163942 49
1756354007016 0.15253560990095139 50
1756354007371 0.159799390512964 51
1756354007725 0.16465262582768564 52
1756354008083 0.20486632961293924 53
1756354008613 0.14568932095299597 54
1756354008968 0.1675267789674842 55
1756354009325 0.1597014610534129 56
1756354009680 0.13837724632543066 57
1756354010035 0.19097275643245035 58
1756354010560 0.17970081775084787 59
1756354010916 0.18236648194167926 60
1756354011273 0.1773611452916394 61
1756354011629 0.2674231713880663 62
1756354011984 0.1782452143404795 63
1756354012520 0.19302274869835895 64
1756354012876 0.17238283384105432 65
1756354013230 0.1713193434736003 66
1756354013586 0.15822577962408896 67
1756354013942 0.21977504407582077 68
1756354014477 0.25926519152910815 69
1756354014834 0.15075852365597434 70
1756354015191 0.130292817140403 71
1756354015547 0.14991018240866455 72
1756354015903 0.1641867338963177 73
1756354016259 0.15532498903896497 74
1756354016788 0.13477371665446655 75
1756354017148 0.19590532714905945 76
1756354017505 0.13049637137547784 77
1756354017860 0.10028911317172258 78
1756354018388 0.13447873213368913 79
1756354018744 0.0903094305616358 80
1756354019099 0.10795452834471413 81
1756354019454 0.10356412180092024 82
1756354019808 0.1322181989317355 83
1756354020164 0.14502296661553177 84
1756354020684 0.08545427218727443 85
1756354021040 0.09965261007132738 86
1756354021396 0.11309492442270984 87
1756354021752 0.17481467484132104 88
1756354022106 0.12435222352328508 89
1756354022627 0.1094097405186166 90
1756354277647 2.1542887946833735 1
1756354278018 1.8386750039847002 2
1756354278383 1.9371627906094426 3
1756354278751 1.6342877745628357 4
1756354279371 1.6085069620090982 5
1756354279740 1.1747536685155786 6
1756354280108 0.880105021207229 7
1756354280475 0.7560727712900742 8
1756354280843 0.7144956601702649 9
1756354281375 0.5666885077953339 10
1756354281744 0.5974951049555903 11
1756354282113 0.6347765287627345 12
1756354282480 0.5637853910093722 13
1756354283011 0.6073382354300955 14
1756354283380 0.635703356369682 15
1756354283747 0.6593806497428728 16
1756354284116 0.4082544458949048 17
1756354284648 0.4264033404381379 18
1756354285017 0.61257564244063 19
1756354285386 0.5236686779105145 20
1756354285755 0.4594791557477868 21
1756354286123 0.5058121758958568 22
1756354286660 0.35496155140192615 23
1756354287034 0.3123990854491358 24
1756354287402 0.33080264213292493 25
1756354287769 0.37948706033437146 26
1756354288315 0.27510259268076526 27
1756354288683 0.23003212200558704 28
1756354289051 0.25910207629203796 29
1756354289420 0.27688254642745724 30
1756354289789 0.33343415739743604 31
1756354290326 0.24092751514652502 32
1756354290697 0.24128966843304428 33
1756354291068 0.34207100518371747 34
1756354291439 0.3057752620914708 35
1756354291980 0.22705047026924466 36
1756354292350 0.21301758159761844 37
1756354292719 0.2757763331351073 38
1756354293089 0.29797298169654346 39
1756354293622 0.19913318720848663 40
1756354293990 0.24313700782216113 41
1756354294359 0.19834786264792734 42
1756354294729 0.33106599910103757 43
1756354295263 0.4318235309227653 44
1756354295634 0.29317846116812335 45
1756354296004 0.25047332307566766 46
1756354296374 0.22299563042495563 47
1756354296905 0.221395392132842 48
1756354297278 0.2183951171843902 49
1756354297649 0.18857062964335733 50
1756354298018 0.13926838305981262 51
1756354298575 0.1589055957029695 52
1756354298947 0.1511738753837088 53
1756354299319 0.1465642581815305 54
1756354299688 0.14271772912015085 55
1756354300232 0.13907582701548285 56
1756354300604 0.15243439376354218 57
1756354300975 0.14672376830940662 58
1756354301345 0.13373854076084885 59
1756354301716 0.15488602415375088 60
1756354302256 0.19213355073462363 61
1756354302628 0.13628889717485593 62
1756354302997 0.17434331904286923 63
1756354303369 0.16303173679372537 64
1756354303907 0.16547433643237405 65
1756354304276 0.15127396162437357 66
1756354304647 0.15969778111447458 67
1756354305018 0.13765875671220862 68
1756354305555 0.13193427965692853 69
1756354305926 0.16720720380544662 70
1756354306297 0.15240798015957294 71
1756354306667 0.20794710031022196 72
1756354307200 0.16466558854217114 73
1756354307571 0.15225812242082928 74
1756354307949 0.16625555199773415 75
1756354308320 0.09344303810402103 76
1756354308853 0.10886736829643665 77
1756354309224 0.12441833754596503 78
1756354309595 0.105430258842914 79
1756354309966 0.15930129490468814 80
1756354310497 0.1449057479267535 81
1756354310867 0.12286597603689069 82
1756354311238 0.1377580664727999 83
1756354311611 0.10302359157282373 84
1756354312143 0.12008669859041339 85
1756354312518 0.13686205851642982 86
1756354312892 0.10920872976598532 87
1756354313266 0.10420383399595386 88
1756354313795 0.09448950915880826 89
1756354314167 0.08646358468610307 90
1756354314539 0.1093014543471129 91
1756354314911 0.13630831160623094 92
1756354315444 0.12583816926116528 93
1756354315815 0.1187643693841022 94
1756354316186 0.07948238030076027 95
1756354316555 0.08021787975145422 96
1756354316925 0.08891529508906862 97
1756354317454 0.10299548118010811 98
1756354317828 0.08028105290039726 99
1756354318204 0.06921404632537262 100
1756354318736 0.07088499078932016 101
1756354319106 0.09854997629704683 102
1756354319477 0.09412994446313899 103
1756354319846 0.0767329305248416 104
1756354520375 3.0481282317120098 1
1756354520757 2.7353075017099795 2
1756354521135 2.3719959984654966 3
1756354521765 2.423881445242011 4
1756354522145 1.236311155816783 5
1756354522525 0.8808296232119851 6
1756354522903 0.7739836469940518 7
1756354523444 0.7479692360629207 8
1756354523826 0.6620268122009609 9
1756354524206 0.7424505035514417 10
1756354524586 0.5111487054306528 11
1756354525127 0.6008878168852433 12
1756354525506 0.4448601694210716 13
1756354525885 0.4220751212990802 14
1756354526265 0.3906862709833228 15
1756354526806 0.45029200872649316 16
1756354527186 0.4552538213522538 17
1756354527567 0.4298654794692993 18
1756354527948 0.5046040221400883 19
1756354528493 0.4330478530863057 20
1756354528874 0.4264044418283131 21
1756354529257 0.3926744467538336 22
1756354529637 0.3997016089118045 23
1756354530017 0.30198579313962354 24
1756354530562 0.3826189352118451 25
1756354530942 0.48690255893313367 26
1756354531323 0.45345234935698303 27
1756354531707 0.34599074462185736 28
1756354532250 0.29193996411302814 29
1756354532633 0.32529213894968445 30
1756354533016 0.40219898586687836 31
1756354533399 0.3794337835000909 32
1756354533941 0.6085136299547942 33
1756354534324 0.4567431852869365 34
1756354534706 0.3530372449237367 35
1756354535087 0.23728226190027984 36
1756354535635 0.267752178337263 37
1756354536017 0.2481531481380048 38
1756354536399 0.19553813597430353 39
1756354536781 0.23392728165439938 40
1756354537333 0.26296575367450714 41
1756354537718 0.1917940057490183 42
1756354538100 0.19153816998004913 43
1756354538480 0.21267157825438873 44
1756354539059 0.29050273642591806 45
1756354539441 0.35676829063374066 46
1756354539820 0.22929120582082999 47
1756354540202 0.30110033374765643 48
1756354540767 0.21825457655865213 49
1756354541149 0.16951709370250287 50
1756354541531 0.19722636238388394 51
1756354541912 0.2358561271558637 52
1756354542482 0.16412093295999194 53
1756354542862 0.198046891261702 54
1756354543244 0.15912069380283356 55
1756354543627 0.20778546871050543 56
1756354544190 0.22548193452150925 57
1756354544572 0.1919933039209117 58
1756354544955 0.14716802083927652 59
1756354545340 0.15973012181727783 60
1756354545721 0.13169482560909312 61
1756354546286 0.17549012698557065 62
1756354546667 0.15086700896853986 63
1756354547051 0.2194716962783233 64
1756354547630 0.14430847731621368 65
1756354548016 0.1927271316880765 66
1756354548398 0.12123699324286502 67
1756354548782 0.1416544561152873 68
1756354549165 0.18104187107604483 69
1756354549748 0.16648577526211739 70
1756354550129 0.1501595134968343 71
1756354550509 0.11270881266049716 72
1756354550888 0.10310396633070448 73
1756354551459 0.12242484027924745 74
1756354551843 0.13436802185100058 75
1756354552226 0.11314533002998518 76
1756354552609 0.09689427523509316 77
1756354906153 2.2055353366810344 1
1756354906554 3.1305903507315596 2
1756354906953 1.797787959161012 3
1756354907354 1.7180567591086677 4
1756354908007 1.2402860392694888 5
1756354908410 0.9719118916470072 6
1756354908810 1.041558861732483 7
1756354909372 0.8303531136201776 8
1756354909773 0.560568972774174 9
1756354910173 0.7066082902576613 10
1756354910570 0.7076151798600736 11
1756354910969 0.8615464218284773 12
1756354911528 0.7805987078210582 13
1756354911931 0.5782842402872832 14
1756354912330 0.5645194630260053 15
1756354912730 0.45564274554667267 16
1756354913294 0.5076989142791085 17
1756354913692 0.4446311606013257 18
1756354914092 0.38851677075676294 19
1756354914493 0.4041773417721624 20
1756354915053 0.40495755750200024 21
1756354915455 0.4269808777000593 22
1756354915857 0.48074097801809723 23
1756354916257 0.4943470721659453 24
1756354916827 0.4749277149853499 25
1756354917228 0.3403938088728034 26
1756354917629 0.34625740122535953 27
1756354918029 0.41369711899239087 28
1756354918591 0.38669828098753223 29
1756354918992 0.432566009785818 30
1756354919393 0.25908671157515567 31
1756354919793 0.18936261534690857 32
1756354920361 0.25420357740443683 33
1756354920763 0.2622560142822888 34
1756354921168 0.22840445294328357 35
1756354921570 0.23473004154537036 36
1756354922140 0.26255756389835605 37
1756354922543 0.2167023404136948 38
1756354922945 0.22239393611317096 39
1756354923348 0.24914298595293707 40
1756354923911 0.28031536548034003 41
1756354924312 0.2109592463011327 42
1756354924713 0.20486543457145276 43
1756354925114 0.34016692703184875 44
1756354925675 0.4548603898805121 45
1756354926081 0.2631809387518012 46
1756354926485 0.2502212190757627 47
1756354926890 0.2623577688051307 48
1756354927492 0.2102395390038905 49
1756354927894 0.24511038933111273 50
1756354928296 0.21721215708100278 51
1756354928699 0.18829618361981018 52
1756354929098 0.16188026770301486 53
1756354929699 0.1543480083346367 54
1756354930099 0.2735732858595641 55
1756354930501 0.23894945985597113 56
1756354931087 0.18835558304968086 57
1756354931491 0.16717395542756372 58
1756354931893 0.19383376512838446 59
1756354932295 0.2694210818280344 60
1756354932698 0.1767608999558117 61
1756354933279 0.18181619177693906 62
1756354933681 0.18381879867418952 63
1756354934084 0.16819067526122797 64
1756354934488 0.1996420945810235 65
1756354935068 0.21335786419070285 66
1756354935469 0.1417536171882049 67
1756354935872 0.12141463630225348 68
1756354936275 0.1503278034860673 69
1756354936850 0.13852911766456522 70
1756354937251 0.11494790859844374 71
1756354937653 0.14053577476221582 72
1756354938226 0.12768673993971036 73
1756354938628 0.10551216226557027 74
1756354939031 0.13528603995623795 75
1756354939434 0.18771101194231407 76
1756354939840 0.1145465777296087 77
1756354940412 0.10000187676885854 78
1756354940823 0.1474261601334033 79
1756355187953 2.978654363880987 1
1756355188626 2.6478116149487705 2
1756355189038 2.81066648338152 3
1756355189449 2.79697011605553 4
1756355189858 1.549329241980677 5
1756355190456 0.8589067757129669 6
1756355190866 0.8071743923684825 7
1756355191275 0.6500206498996072 8
1756355191684 0.6418056734230208 9
1756355192266 0.5504697703796885 10
1756355192674 0.6028235982293668 11
1756355193082 0.5025626550550046 12
1756355193491 0.6223473587761754 13
1756355194064 0.5908023183760436 14
1756355194472 0.45374052291331085 15
1756355194883 0.4191413288531096 16
1756355195290 0.4058791858994443 17
1756355195858 0.36001035635885986 18
1756355196268 0.37142109870910645 19
1756355196678 0.34766106177931244 20
1756355197087 0.40809996037379553 21
1756355197656 0.3811150964187539 22
1756355198065 0.37301341411860095 23
1756355198473 0.30050748521867005 24
1756355198881 0.3665576687325602 25
1756355199450 0.47066857244657434 26
1756355199858 0.39149135545544 27
1756355200266 0.3247671101404273 28
1756355200674 0.3742361496324125 29
1756355201249 0.3733777501012968 30
1756355201659 0.4207752878251283 31
1756355202070 0.4356180701566779 32
1756355202479 0.3764067557842835 33
1756355203048 0.2939391424474509 34
1756355203457 0.27326450464518176 35
1756355203865 0.33927731604679773 36
1756355204272 0.33326053943323053 37
1756355204840 0.3274527159721955 38
1756355205251 0.2600077429543371 39
1756355205661 0.29155563984228217 40
1756355206073 0.2322645080478295 41
1756355206641 0.23203581182853036 42
1756355207051 0.2703423804563025 43
1756355207458 0.27117239165565243 44
1756355207866 0.2271593407444332 45
1756355208432 0.19883121193751044 46
1756355208840 0.19539465236922968 47
1756355209250 0.22708415887925937 48
1756355209658 0.17613610981599145 49
1756355210225 0.1632561541121939 50
1756355210636 0.23673770123201868 51
1756355211045 0.20853324558423914 52
1756355211456 0.17460621115954025 53
1756355212047 0.166893955482089 54
1756355212460 0.16554926076660986 55
1756355212870 0.16136530754358872 56
1756355213281 0.1401269740384558 57
1756355213858 0.1716757996574692 58
1756355214269 0.21204826041408206 59
1756355214678 0.15018465078395346 60
1756355215088 0.19161654101765674 61
1756355215664 0.16763894843018573 62
1756355216076 0.17097464430591333 63
1756355216488 0.2206907576840857 64
1756355216897 0.1747216661663159 65
1756355217494 0.1312034855718198 66
1756355217908 0.1281791881698629 67
1756355218320 0.11466465388303218 68
1756355218733 0.12280462180142818 69
1756355219323 0.1503041154988434 70
1756355219733 0.12590166780611742 71
1756355220145 0.12603484855397887 72
1756355220556 0.11557384612767593 73
1756355221143 0.1354067769387494 74
1756355221558 0.11812439674268597 75
1756355221969 0.12866893281107364 76
1756355222380 0.12397330902192903 77
1756355222959 0.13764036284840625 78
1756355223370 0.1427610871260581 79
1756355223782 0.11925032427129538 80
1756355224195 0.11402504129902176 81
1756355224805 0.10210862059308135 82
1756355225222 0.10233363606359648 83
1756355465301 3.4564667888309644 1
1756355465980 2.9423396924267644 2
1756355466402 1.406801454398943 3
1756355466828 1.414279396119325 4
1756355467421 1.0844014105589495 5
1756355467844 1.0381211314512335 6
1756355468268 1.1220139057739922 7
1756355468691 0.6419667420179948 8
1756355469287 0.6546358725299006 9
1756355469711 0.4274083959019702 10
1756355470136 0.42375607594199804 11
1756355470729 0.7999795688235242 12
1756355471150 0.8113116932951886 13
1756355471572 0.6280086189508438 14
1756355471993 0.5340601827787317 15
1756355472584 0.3953167608250742 16
1756355473007 0.38559908193090686 17
1756355473428 0.38997960090637207 18
1756355474016 0.48659738639126654 19
1756355474438 0.3977109044790268 20
1756355474859 0.331188788232596 21
1756355475283 0.34897842484971753 22
1756355475873 0.4353834332331367 23
1756355476296 0.5586625706890355 24
1756355476721 0.40276617330053577 25
1756355477310 0.44288944809333136 26
1756355477732 0.35553898305996606 27
1756355478156 0.3521043761916783 28
1756355478581 0.3645340852115465 29
1756355479166 0.3580252372700235 30
1756355479588 0.2728957656932914 31
1756355480011 0.29819522409335425 32
1756355480596 0.3116507847671923 33
1756355481021 0.27484952626021014 34
1756355481444 0.22654829012311023 35
1756355481868 0.20667823857587317 36
1756355482462 0.1726514995098114 37
1756355482887 0.2163486500149188 38
1756355483310 0.25220410849737085 39
1756355483897 0.1996232757101888 40
1756355484319 0.32535183138173557 41
1756355484745 0.23334254324436188 42
1756355485170 0.3174117346820624 43
1756355485759 0.26446856590716733 44
1756355486185 0.3031815384393153 45
1756355486609 0.23443513849507208 46
1756355487200 0.2585947869912438 47
1756355487621 0.18798539852318558 48
1756355488046 0.20603846402271933 49
1756355488468 0.2058600349270779 50
1756355489054 0.15984812832396963 51
1756355489477 0.15589302227548932 52
1756355489899 0.138270301339419 53
1756355490486 0.15414163599843564 54
1756355490910 0.1292910119113715 55
1756355491335 0.13976386481005212 56
1756355491921 0.13701254291378934 57
1756355492347 0.22188870139096095 58
1756355492771 0.1939377434875654 59
1756355493192 0.15117686241865158 60
1756355493780 0.15949052831400995 61
1756355494202 0.20084029079779334 62
1756355494626 0.1604098327781843 63
1756355495212 0.15093071855928586 64
1756355495638 0.15298933859752573 65
1756355496062 0.1567835665267447 66
1756355496482 0.15418712924356046 67
1756355497069 0.12502570466502852 68
1756355497494 0.17068467969479767 69
1756355497920 0.15255734454030576 70
1756355498506 0.18919715090938236 71
1756355498932 0.1466236260274182 72
1756355499357 0.1403686682815137 73
1756355499782 0.10873961497260176 74
1756355500368 0.121300024020931 75
1756355500795 0.13976194045465926 76
1756355501221 0.1092574700065281 77
1756355501805 0.1048151688731235 78
1756355502231 0.09614199221782062 79
1756355502657 0.08718602148735005 80
1756355503081 0.10461854675541753 81
1756355503668 0.09425708781117978 82
1756355504093 0.07514136041636052 83
1756355504519 0.08771044631367145 84
1756355505110 0.10382228506648022 85
1756355505535 0.12525053468087446 86
1756355505960 0.09048710722962151 87
1756355757252 2.7667213211888853 1
1756355757690 2.097731774267943 2
1756355758369 2.5164084304933962 3
1756355758803 1.1475037388179614 4
1756355759239 0.916341773841692 5
1756355759832 1.0709819301314976 6
1756355760265 0.8529968909595324 7
1756355760700 0.6546314993630284 8
1756355761293 0.5657781569854073 9
1756355761728 0.5813490463339764 10
1756355762165 0.4798277558191963 11
1756355762759 0.3779782704685045 12
1756355763195 0.36929041535958 13
1756355763630 0.42725808853688446 14
1756355764218 0.3923904746770859 15
1756355764658 0.5148964789898499 16
1756355765094 0.4624286595246066 17
1756355765700 0.35048152376776154 18
1756355766136 0.2983051755506059 19
1756355766568 0.2681113782784213 20
1756355767160 0.24398444592952728 21
1756355767593 0.3417639900808749 22
1756355768028 0.2846213171015615 23
1756355768638 0.2138173081304716 24
1756355769074 0.26228421375803324 25
1756355769512 0.30215357373590057 26
1756355770113 0.2866944677155951 27
1756355770548 0.3011322040920672 28
1756355770989 0.38671154237311817 29
1756355771601 0.34455003233059595 30
1756355772037 0.4291131813888964 31
1756355772476 0.2486489518829014 32
1756355773084 0.20747531043446582 33
1756355773521 0.2028398889562358 34
1756355773957 0.17476403939983118 35
1756355774563 0.15755092320234879 36
1756355774999 0.15783684797908948 37
1756355775437 0.1449230005559714 38
1756355776043 0.15372607759807422 39
1756355776479 0.18220959053091382 40
1756355776915 0.16099500364583472 41
1756355777516 0.17932288478250089 42
1756355777955 0.17019419955170673 43
1756355778394 0.1532686262027077 44
1756355778833 0.17103143668045168 45
1756356108828 2.218077548172163 1
1756356109284 2.7901791100916653 2
1756356109735 2.8362299255702808 3
1756356110439 1.347775241603022 4
1756356110894 1.8328219781751218 5
1756356111347 1.4374200209327366 6
1756356111962 1.1731231705002163 7
1756356112415 0.6918093899021978 8
1756356113031 0.5224030380663665 9
1756356113487 0.5002805759077487 10
1756356113941 0.41478407771691034 11
1756356114559 0.6804218493078066 12
1756356115014 0.45510007117105566 13
1756356115470 0.43847380772880884 14
1756356116086 0.40852529199227045 15
1756356116541 0.3933590883794038 16
1756356116994 0.31808024644851685 17
1756356117608 0.3837098323780557 18
1756356118060 0.4809249160082444 19
1756356118512 0.43278689876846643 20
1756356119124 0.3583181111708931 21
1756356119577 0.3411498594543208 22
1756356120030 0.3645496957975885 23
1756356120643 0.30265112804329913 24
1756356121098 0.4099592333254607 25
1756356121734 0.33300307393074036 26
1756356122188 0.2854047009478445 27
1756356122641 0.21252858120462167 28
1756356123263 0.216836449244748 29
1756356123719 0.4784654482551243 30
1756356124177 0.2733399952235429 31
1756356124801 0.23641713157944058 32
1756356125257 0.25839158730662387 33
1756356125710 0.21315905970075857 34
1756356126329 0.16261631379956784 35
1756356126784 0.17783477643261786 36
1756356127240 0.15847327398217242 37
1756356127861 0.16144338120584903 38
1756356128316 0.20049142805130585 39
1756356128770 0.1841431645595509 40
1756356129385 0.17697345497815506 41
1756356129840 0.24500875029227007 42
1756356130460 0.27915154980576556 43
1756356130913 0.20694620518580728 44
1756356131367 0.216519087229086 45
1756356131823 0.24078439629596213 46
1756356132437 0.24246124048595843 47
1756356132893 0.23784401915643527 48
1756356133511 0.2509371852097304 49
1756356133965 0.23582200446854468 50
1756356134422 0.19468952844972195 51
1756356135042 0.19586867126433746 52
1756356135497 0.1892074307669764 53
1756356135953 0.16691169920174972 54
1756356136575 0.12591806313265924 55
1756356137030 0.1382568566047627 56
1756356137486 0.1121932838274085 57
1756356138105 0.11842169321101645 58
1756356138559 0.13754740130642187 59
1756356139015 0.1354824869852999 60
1756356139631 0.1377019227846809 61
1756356140086 0.21197037593178128 62
1756356140541 0.15949270744686542 63
1756356141163 0.1516595476347467 64
1756356141620 0.1715169503636982 65
1756356402012 2.455515045186748 1
1756356402476 2.693238753339519 2
1756356402938 1.8907874563465947 3
1756356403667 2.2409361834111423 4
1756356404144 1.0408192056676615 5
1756356404605 0.6952719960523688 6
1756356405270 0.9417122343312139 7
1756356405735 0.6504280236752137 8
1756356406193 0.5399933139915052 9
1756356406843 0.6108915196812671 10
1756356407303 0.5607059170370516 11
1756356407943 0.6077017537925554 12
1756356408405 0.7328655778065972 13
1756356408867 0.6709343505942303 14
1756356409498 0.4752978838008383 15
1756356409958 0.40217830953390704 16
1756356410422 0.38643693470436596 17
1756356411050 0.4335506649120994 18
1756356411512 0.44255996268728504 19
1756356411970 0.45981962654901587 20
1756356412609 0.5736594562945159 21
1756356413072 0.27118740846281464 22
1756356413537 0.2790005427339803 23
1756356414204 0.27466528182444366 24
1756356414665 0.32852125750935596 25
1756356415326 0.41266959516898444 26
1756356415789 0.3299945988084959 27
1756356416250 0.23337857230849887 28
1756356416884 0.20271198969820273 29
1756356417342 0.2328734682953876 30
1756356417803 0.2934074026087056 31
1756356418430 0.26387953563876776 32
1756356418891 0.2948412836893745 33
1756356419352 0.2589751877214598 34
1756356419977 0.2852913225474565 35
1756356420437 0.23008131786533023 36
1756356420898 0.25255722196205804 37
1756356421519 0.21863560087007025 38
1756356421979 0.20883466270954712 39
1756356422442 0.196993599443332 40
1756356423066 0.21768384005712427 41
1756356423527 0.24319258720978446 42
1756356424151 0.21116642718729767 43
1756356424612 0.31345317707113596 44
1756356425072 0.21636811028356137 45
1756356425696 0.21537881603707437 46
1756356426156 0.20908713599909906 47
1756356426619 0.21294025169766467 48
1756356427244 0.2356857829119848 49
1756356427705 0.1407721544737401 50
1756356428169 0.18406220752259958 51
1756356428809 0.172542920579081 52
1756356429271 0.15985703241565954 53
1756356429735 0.15392803659905557 54
1756356430361 0.17037076276281607 55
1756356430824 0.1736464033956113 56
1756356431285 0.14115603300540344 57
1756356431916 0.1339936317956966 58
1756356432379 0.15574782390309416 59
1756356433007 0.17748488259056341 60
1756356433470 0.16546686576760333 61
1756356433935 0.1525411236545314 62
1756356434398 0.13566895574331284 63
1756356435027 0.18340984764306442 64
1756356435491 0.20251508899357007 65
1756356436117 0.18990759162799173 66
1756356436580 0.13830479315441588 67
1756356437043 0.12982505819071893 68
1756356437667 0.13342027625311975 69
1756356438130 0.12450576314459676 70
1756356438592 0.11998228064697722 71
1756356439218 0.16999523811366246 72
1756356439683 0.1173921954696593 73
1756356440146 0.10491538825242416 74
1756356440767 0.10531118350184482 75
1756356441230 0.09732632306606873 76
1756356441691 0.07577220739229866 77
1756356442333 0.09460766451514285 78
1756356442797 0.09404433048937631 79
1756356443258 0.07633229004948036 80
1756356443898 0.08465692967824313 81
1756356444363 0.07348256282832312 82
1756356445001 0.07005779542352843 83
1756356445465 0.10563028393232304 84
1756356445931 0.08944321197012196 85
1756356446395 0.08994695754802745 86
1756356447021 0.08690057144216869 87
1756356447486 0.10784426120960194 88
1756356448108 0.08832882911614749 89
1756356448572 0.08516655360227046 90
1756356449032 0.0787241691318543 91
1756356449654 0.06262630127046419 92
1756356450123 0.08058334611680197 93
1756356450587 0.0918022476784561 94
1756356451232 0.06544866331893465 95
1756356451694 0.07558556516533313 96
1756356452159 0.12340207559906918 97
1756356452800 0.08068777361641759 98
1756356453266 0.08516384385850119 99
1756356453730 0.06491377682465574 100
1756356454375 0.07043688647125078 101
1756356454837 0.0940536067051732 102
1756356455300 0.06793676592085672 103
1756356455929 0.055923330314133476 104
1756356456398 0.07086357247570287 105
1756356457045 0.07291942583801954 106
1756356457508 0.07359260029118994 107
1756356457970 0.05970096798694652 108
1756356458433 0.05064091410325921 109
1756356459064 0.053453474103108696 110
1756356459528 0.05936210723998754 111
1756356460158 0.05948871374130249 112
1756356460621 0.06031673847009306 113
1756356461083 0.050308208831626434 114
1756356461709 0.07378641111047371 115
1756356462175 0.048684237443882485 116
1756356462639 0.050275987095159035 117
1756356463266 0.05558412028071673 118
1756356463731 0.04533984811733598 119
1756356866401 2.985614924327187 1
1756356866882 2.409842117972996 2
1756356867358 2.4220696402632673 3
1756356868085 0.9071964647458948 4
1756356868564 1.3633796132129172 5
1756356869042 0.9887776556222335 6
1756356869678 1.034127044936885 7
1756356870155 1.4804797315079232 8
1756356870792 1.0948847765507905 9
1756356871273 0.6879088062307109 10
1756356871752 0.5410759533229081 11
1756356872389 0.6619579442169355 12
1756356872869 0.6361878915973331 13
1756356873349 0.6299675249535105 14
1756356873991 0.5030446920705878 15
1756356874471 0.466707160939341 16
1756356874951 0.38807128434595856 17
1756356875596 0.4019581500602805 18
1756356876074 0.5214891070904939 19
1756356876553 0.4662197426609371 20
1756356877196 0.3533082183288491 21
1756356877678 0.4138481416132139 22
1756356878155 0.662457493984181 23
1756356878793 0.4555439793545267 24
1756356879272 0.388968618667644 25
1756356879749 0.346232621566109 26
1756356880385 0.3382609425031621 27
1756356880865 0.30125790445700934 28
1756356881504 0.3377850217663724 29
1756356881983 0.26463566007821454 30
1756356882464 0.3013924587032069 31
1756356883101 0.32956748682519665 32
1756356883582 0.3537231249653775 33
1756356884061 0.27152359841958335 34
1756356884697 0.22941564638977466 35
1756356885178 0.2676635906100273 36
1756356885660 0.20098577958086264 37
1756356886299 0.1913060983238013 38
1756356886777 0.1968836168880048 39
1756356887258 0.19842992884957272 40
1756356887893 0.17827062017243842 41
1756356888371 0.2571549509530482 42
1756356888851 0.22945867964754935 43
1756356889487 0.2672457455292992 44
1756356889967 0.21505313755377478 45
1756356890447 0.19252977649802747 46
1756356891083 0.15727970068869385 47
1756356891564 0.1814839538672696 48
1756356892045 0.19533131336388382 49
1756356892683 0.1876874125522116 50
1756356893163 0.17202754837015402 51
1756356893643 0.13575122230078862 52
1756356894282 0.16565162785675214 53
1756356894761 0.16289742112807606 54
1756356895397 0.1781596081412357 55
1756356895876 0.1592075429532839 56
1756356896356 0.16008025634547937 57
1756356896992 0.16530078714308533 58
1756356897472 0.12930362039934035 59
1756356897951 0.14152115259481512 60
1756356898587 0.11622811821491821 61
1756356899068 0.11627249776021294 62
1756356899547 0.12293007338176602 63
1756356900182 0.11843843336986459 64
1756356900662 0.16475970006507376 65
1756356901143 0.1766310324487479 66
1756356901780 0.12147180088188338 67
1756356902262 0.19392380345126856 68
1756356902750 0.18935610532112743 69
1756356903389 0.13679620817951535 70
1756356903866 0.12521732549952425 71
1756356904345 0.11326975164854008 72
1756356904979 0.11902511492371559 73
1756356905460 0.09211954425858415 74
1756356906097 0.09545553572799849 75
1756356906575 0.14513559623256975 76
1756356907054 0.1592563649882441 77
1756356907691 0.1550884243586789 78
1756356908171 0.13056927465874216 79
1756356908807 0.10426141192083774 80
1756356909289 0.10688097515831822 81
1756356909769 0.09181561774533728 82
1756356910407 0.11102852419666621 83
1756356910891 0.13016544444405515 84
1756356911375 0.14277549249970395 85
1756356912013 0.11979804576739021 86
1756356912495 0.08356645508952763 87
1756356913139 0.0860028791686763 88
1756356913621 0.09097071575081866 89
1756356914100 0.07200990293336951 90
1756356914738 0.1951503248318382 91
1756356915221 0.1234197752631229 92
1756356915702 0.10370391672072203 93
1756356916338 0.09387636557221413 94
1756356916819 0.09145448437851408 95
1756356917456 0.0856217508730681 96
1756356917939 0.0700205505380164 97
1756356918419 0.054858299701110176 98
1756356919051 0.08615982969817908 99
1756356919533 0.09710027115500491 100
1756356920015 0.10492004146394522 101
1756356920674 0.09699098490502524 102
1756356921157 0.08874477931986684 103
1756356921814 0.09127446053468663 104
1756356922295 0.0699482333400975 105
1756356922775 0.0507299080491066 106
1756356923427 0.06448650959393253 107
1756356923909 0.06257066681333211 108
1756356924392 0.07126122713088989 109
1756356925041 0.06054644659161568 110
1756356925523 0.05965887722761735 111
1756356926169 0.06421051838475725 112
1756356926651 0.06635199843541435 113
1756356927132 0.055983940463351166 114
1756356927780 0.06240814292560453 115
1756357250522 3.0238282628681348 1
1756357251023 3.789111132207124 2
1756357251772 2.1881279478902402 3
1756357252272 1.2530592032100842 4
1756357252935 1.4870245897251626 5
1756357253433 1.137411249720532 6
1756357253934 1.2013371185116146 7
1756357254593 0.8931928069695182 8
1756357255090 0.8986537845238395 9
1756357255751 0.6398542329021122 10
1756357256251 0.9297302520793417 11
1756357256911 0.9062880640444548 12
1756357257414 0.9206209182739258 13
1756357257914 0.556084411299747 14
1756357258575 0.5384111326673756 15
1756357259075 0.6540884271911953 16
1756357259736 0.5019322083048199 17
1756357260232 0.32159365778384 18
1756357260730 0.40820130964984064 19
1756357261392 0.503635471281798 20
1756357261892 0.4007945935363355 21
1756357262557 0.42051823502001556 22
1756357263056 0.3189450722673665 23
1756357263716 0.35068422231985175 24
1756357264216 0.41886200140351837 25
1756357264716 0.4156621169784795 26
1756357265376 0.34991193206413934 27
1756357265877 0.342570006199505 28
1756357266543 0.2859663568113161 29
1756357267043 0.2947532865016357 30
1756357267702 0.27336488988088525 31
1756357268202 0.2349367653546126 32
1756357268703 0.3079616971637892 33
1756357269363 0.31767216000867926 34
1756357269865 0.3997775964114977 35
1756357270527 0.36987186320449994 36
1756357271029 0.5093338023061338 37
1756357271690 0.35765440373317053 38
1756357272192 0.3332251252039619 39
1756357272693 0.4432856596034506 40
1756357273356 0.34088676001714624 41
1756357273858 0.5213870982760969 42
1756357274518 0.4019357970227366 43
1756357275020 0.3712719458600749 44
1756357275522 0.3048286389397538 45
1756357276181 0.2475382536649704 46
1756357276681 0.2915995843384577 47
1756357277344 0.20869399412818576 48
1756357277847 0.29197050080351206 49
1756357278509 0.28528853538243665 50
1756357279011 0.3576700441215349 51
1756357279674 0.27093471327553625 52
1756357280174 0.2429342321727587 53
1756357280677 0.21283668992312058 54
1756357281342 0.255877945734107 55
1756357281843 0.2071298503357431 56
1756357282501 0.17854642220165418 57
1756357283005 0.15167458970909534 58
1756357283506 0.14918139155792154 59
1756357284169 0.19396802232317303 60
1756357284672 0.27519410654254584 61
1756357285336 0.18814896630204242 62
1756357285837 0.1819050001061481 63
1756357286501 0.1568127705351166 64
1756357287004 0.1628785489693932 65
1756357287507 0.1205750873879246 66
1756357288171 0.1565343980555949 67
1756357288672 0.18549900016059045 68
1756357289327 0.12101289014453473 69
1756357289830 0.18643965928450876 70
1756357290486 0.20763951086479684 71
1756357290985 0.17320890757052795 72
1756357291487 0.17109669777362244 73
1756357292140 0.1893635045575059 74
1756357292641 0.12128058739978334 75
1756357293300 0.11054643502701884 76
1756357293803 0.09962772448425708 77
1756357294458 0.10070527798455695 78
1756357294958 0.11226240156785301 79
1756357295459 0.12785888009745142 80
1756357296115 0.10282963886857033 81
1756357296617 0.09008319335787193 82
1756357297274 0.16146094352006912 83
1756357297777 0.12473477925295415 84
1756357298440 0.08551050868371259 85
1756357298945 0.13722730298405109 86
1756357299448 0.14841069167722826 87
1756357300105 0.1079009891204212 88
1756357300609 0.1045604832470417 89
1756357301268 0.0807353654957336 90
