1756349470975 0.9667564112207164 1
1756349470995 0.8500743534253992 2
1756349471013 0.6801633627518363 3
1756349471031 0.6706135817196058 4
1756349471049 0.6727467192255933 5
1756349471068 0.6563779737638391 6
1756349471086 0.5657631949238155 7
1756349471105 0.5218317936296049 8
1756349471123 0.5166026846222256 9
1756349471141 0.5032600475394208 10
1756349471159 0.477849965510161 11
1756349471178 0.5113731285800105 12
1756349471197 0.464834776909455 13
1756349471215 0.47683281095131586 14
1756349471234 0.5037670576054117 15
1756349471252 0.4699784659821054 16
1756349471271 0.4364994751370471 17
1756349471289 0.40462027943652606 18
1756349471308 0.3920047905134118 19
1756349471326 0.41381805357725726 20
1756349471345 0.4165698263956153 21
1756349471363 0.4349331415217856 22
1756349471382 0.38481279430182086 23
1756349471401 0.3986497897168864 24
1756349471419 0.3900559466818105 25
1756349471438 0.3642094653585683 26
1756349471457 0.35518956313962524 27
1756349471476 0.3584523162116175 28
1756349471495 0.3405716976393824 29
1756349471513 0.3373884908531023 30
1756349471532 0.32715199822964874 31
1756349471551 0.33238674635472504 32
1756349471570 0.3443402842335079 33
1756349471589 0.326247694051784 34
1756349471608 0.341016609383666 35
1756349471627 0.3334107282369033 36
1756349471646 0.32836832106113434 37
1756349471666 0.30051907896995544 38
1756349471685 0.31276664915292157 39
1756349471704 0.3066001638122227 40
1756349471723 0.32176350769789325 41
1756349471742 0.3074121863945671 42
1756349471761 0.29738817655521893 43
1756349471781 0.3201611184555551 44
1756349471800 0.3132603855236717 45
1756349471820 0.31210368353387585 46
1756349471839 0.2731887251138687 47
1756349471858 0.26702800069166266 48
1756349471878 0.304324966409932 49
1756349471897 0.2836190034513888 50
1756349471917 0.3024163576571838 51
1756349471936 0.2735344702782838 52
1756349471956 0.29464732240075653 53
1756349471975 0.2777158300513807 54
1756349471995 0.25456788358481036 55
1756349472015 0.27556457467701123 56
1756349472035 0.2543384128290674 57
1756349472055 0.294339863502461 58
1756349472074 0.2640170856662419 59
1756349472094 0.2625220230092173 60
1756349472114 0.2556898665169011 61
1756349472134 0.26466966128867603 62
1756349472154 0.24087964063105377 63
1756349472174 0.2567459131064622 64
1756349472194 0.26307071356669715 65
1756349472214 0.23118744660978732 66
1756349472234 0.23046035999837128 67
1756349472254 0.22362767807815387 68
1756349472274 0.2251492362955342 69
1756349472294 0.22648691871891852 70
1756349472314 0.22273663139861563 71
1756349472334 0.20745918089928833 72
1756349472354 0.21122582969458206 73
1756349472374 0.20405442883139072 74
1756349472394 0.21694232069927713 75
1756349472414 0.2008125846800597 76
1756349472434 0.20110177021959555 77
1756349472455 0.2033566897330077 78
1756349472475 0.20139219255551047 79
1756349472495 0.19731136897335882 80
1756349472516 0.21359407124312027 81
1756349472536 0.20096724577572034 82
1756349472556 0.2007042707308479 83
1756349472577 0.19891736818396527 84
1756349472597 0.19223287507243778 85
1756349472618 0.19703413870023645 86
1756349472638 0.18987208021723706 87
1756349472659 0.18512918055057526 88
1756349472679 0.1990537896104481 89
1756349472700 0.19577140976553378 90
1756349472721 0.19582320749759674 91
1756349472741 0.2013077709985816 92
1756349472762 0.20012220869893613 93
1756349472783 0.17965319363967233 94
1756349472804 0.2001912069061528 95
1756349472825 0.18485801828944165 96
1756349472846 0.17819810820662457 97
1756349556562 0.869797364525173 1
1756349556594 0.8643096218938413 2
1756349556625 0.8126263307488483 3
1756349556656 0.7084434524826382 4
1756349556687 0.7438141859096029 5
1756349556718 0.6859093088170757 6
1756349556749 0.5542182326316833 7
1756349556781 0.569974624592325 8
1756349556812 0.4728070121744405 9
1756349556843 0.46774358464323956 10
1756349556874 0.45501281126685766 11
1756349556906 0.4540127088194308 12
1756349556937 0.44211169947748596 13
1756349556968 0.45147186258564825 14
1756349556999 0.42407321282055066 15
1756349557031 0.4091816129891769 16
1756349557062 0.40578765584074933 17
1756349557094 0.38359540700912476 18
1756349557125 0.4006095658177915 19
1756349557157 0.3973680527313896 20
1756349557188 0.3751316277877144 21
1756349557219 0.3961874000404192 22
1756349557251 0.3656891713971677 23
1756349557282 0.3573241790999537 24
1756349557314 0.37796853547510895 25
1756349557345 0.3544774651527405 26
1756349557377 0.33926917482977326 27
1756349557408 0.33913538119067316 28
1756349557440 0.30898624658584595 29
1756349557471 0.3117183874482694 30
1756349557503 0.28566156846025714 31
1756349557535 0.302593676292378 32
1756349557566 0.3094233494737874 33
1756349557598 0.3044538484967273 34
1756349557630 0.2956616392602091 35
1756349557661 0.29864499685556994 36
1756349557693 0.32600823174352234 37
1756349557725 0.3372265813143357 38
1756349557757 0.35271842712941376 39
1756349557789 0.35724868981734564 40
1756349557821 0.31739223910414655 41
1756349557852 0.30948109860005585 42
1756349557884 0.29604024990745215 43
1756349557916 0.2911545498215634 44
1756349557948 0.2829763027636901 45
1756349557980 0.2705564012993937 46
1756349558013 0.26608257384403894 47
1756349558045 0.2764976555886476 48
1756349558077 0.2587260759395102 49
1756349558109 0.2496182646440423 50
1756349558142 0.24080064244892285 51
1756349558174 0.24444415258324664 52
1756349558206 0.2571646674819615 53
1756349558239 0.23993794490461764 54
1756349558271 0.23624899983406067 55
1756349558303 0.22337347528208856 56
1756349558336 0.22771382526211117 57
1756349558368 0.23070236457430798 58
1756349558401 0.23026402942512347 59
1756349558434 0.271791925896769 60
1756349558466 0.26556989097076916 61
1756349558499 0.21772158599418143 62
1756349558531 0.22169152485287708 63
1756349558564 0.22297325859899106 64
1756349558597 0.23311815572821576 65
1756349558629 0.21418414167735889 66
1756349558662 0.21709439611953238 67
1756349558695 0.206969546235126 68
1756349558727 0.1999119371175766 69
1756349558760 0.2037698840317519 70
1756349558793 0.19421667249306387 71
1756349558826 0.19650559775207355 72
1756349558859 0.19896881087966586 73
1756349558892 0.2317897580240084 74
1756349558925 0.19138721085113028 75
1756349558957 0.19710715957309888 76
1756349558990 0.19526275409304578 77
1756349559024 0.1928232474171597 78
1756349559057 0.19681986129802206 79
1756349559090 0.19278757922027423 80
1756349559124 0.18062351773614468 81
1756349559157 0.17973347526529562 82
1756349559190 0.1766371882480124 83
1756349559223 0.17644265682800955 84
1756349559257 0.19314718149278476 85
1756349559290 0.18007099434085513 86
1756349559323 0.18114222456579623 87
1756349559356 0.16704321425894034 88
1756349559389 0.168029323220253 89
1756349559423 0.1731837450162224 90
1756349559456 0.17423437147036844 91
1756349660523 0.9516811655915302 1
1756349660569 0.8189920161081397 2
1756349660613 0.8065183810565782 3
1756349660657 0.8311745835387189 4
1756349660701 0.7226671110028806 5
1756349660744 0.7180633104365804 6
1756349660788 0.5747132366118224 7
1756349660832 0.5558648549992106 8
1756349660875 0.5263828661130823 9
1756349660919 0.4898635472940362 10
1756349660963 0.4614802495292995 11
1756349661006 0.45390539713527844 12
1756349661050 0.44996336102485657 13
1756349661094 0.4206452577010445 14
1756349661138 0.4802232643832331 15
1756349661182 0.4559789533200471 16
1756349661226 0.44663436516471533 17
1756349661270 0.4510917287805806 18
1756349661314 0.5083184319993724 19
1756349661358 0.46838746252267255 20
1756349661402 0.40986248980397766 21
1756349661446 0.4055444041024084 22
1756349661491 0.3611159298730933 23
1756349661535 0.3776526736176532 24
1756349661579 0.38073801864748413 25
1756349661623 0.3576632427132648 26
1756349661667 0.3630123760389245 27
1756349661711 0.35127667499625165 28
1756349661755 0.38551276533500006 29
1756349661799 0.40954216278117633 30
1756349661844 0.3539534573969634 31
1756349661888 0.3493047084497369 32
1756349661933 0.3570109268893366 33
1756349661977 0.3572863586570906 34
1756349662021 0.32021758608196094 35
1756349662066 0.33464209411455237 36
1756349662110 0.3229524804198224 37
1756349662155 0.34107934132866236 38
1756349662199 0.318244575806286 39
1756349662244 0.3111089079276375 40
1756349662289 0.33096141530119855 41
1756349662333 0.3221192865268044 42
1756349662378 0.29785050127817236 43
1756349662423 0.31593199916507886 44
1756349662467 0.3018980771303177 45
1756349662512 0.3150293360585752 46
1756349662557 0.28743551606717316 47
1756349662601 0.277785427544428 48
1756349662646 0.28667641139548755 49
1756349662691 0.2927379705335783 50
1756349662736 0.2678288214880487 51
1756349662780 0.29140025765999505 52
1756349662825 0.2746950899777205 53
1756349662870 0.2532257748686749 54
1756349662915 0.2659396827220917 55
1756349662960 0.2744395227535911 56
1756349663005 0.2748822660549827 57
1756349663050 0.2783635180929433 58
1756349663096 0.27398055079190625 59
1756349663141 0.26394089732481085 60
1756349663186 0.26472708064576855 61
1756349663231 0.2720204241897749 62
1756349663277 0.25418481813824695 63
1756349663322 0.22070069416709567 64
1756349663367 0.23584377830443176 65
1756349663412 0.2197153056445329 66
1756349663457 0.2355466420235841 67
1756349663503 0.22732146602609885 68
1756349663549 0.22684533634911414 69
1756349663594 0.2300610108220059 70
1756349663640 0.2255154750917269 71
1756349663685 0.21923760421898053 72
1756349663730 0.22314979783866717 73
1756349663776 0.20814597606658936 74
1756349663821 0.21263083297273386 75
1756349663867 0.2165720300829929 76
1756349663912 0.21960746982823248 77
1756349663958 0.21699433611786884 78
1756349664003 0.21613157702528912 79
1756349664049 0.20464820900689001 80
1756349664095 0.21113880691321 81
1756349664141 0.22003996955311816 82
1756349664186 0.20693590394828631 83
1756349664232 0.19910372340160867 84
1756349664278 0.20429949786352075 85
1756349664324 0.21997775979664014 86
1756349664370 0.21655253223750903 87
1756349664416 0.20513887379480444 88
1756349664462 0.21063959209815317 89
1756349664508 0.2076633455960647 90
1756349664554 0.2081189978381862 91
1756349664600 0.191328640865243 92
1756349664646 0.20106429379919302 93
1756349664692 0.19488834622113602 94
1756349664739 0.19939972978571188 95
1756349664785 0.1975466479425845 96
1756349664831 0.205085888504982 97
1756349664877 0.21691443350004114 98
1756349664923 0.19870465929093567 99
1756349664969 0.18306883845640265 100
1756349665015 0.1845834326484929 101
1756349665062 0.17471640913382822 102
1756349665108 0.19066214431887088 103
1756349818914 0.9637559522753176 1
1756349818978 0.9584291421848795 2
1756349819040 0.8577077725659246 3
1756349819102 0.9275253285532412 4
1756349819164 0.7634491220764492 5
1756349819227 0.6967209720093271 6
1756349819289 0.6205076989920243 7
1756349819351 0.5974453532177469 8
1756349819414 0.6076066455115443 9
1756349819476 0.586119620696358 10
1756349819539 0.5467914135559745 11
1756349819602 0.5769886452218761 12
1756349819664 0.5253894873287367 13
1756349819727 0.48127709782641864 14
1756349819790 0.5023872139661208 15
1756349819853 0.47125305170598236 16
1756349819915 0.5322448390981426 17
1756349819978 0.49974575768346374 18
1756349820040 0.4761868961479353 19
1756349820103 0.45308041442995484 20
1756349820165 0.44439132317252783 21
1756349820228 0.4704415500164032 22
1756349820291 0.4078618469445602 23
1756349820354 0.4245230477789174 24
1756349820416 0.4082675252271735 25
1756349820480 0.38708365222682123 26
1756349820543 0.4196653132853301 27
1756349820605 0.43776174083999964 28
1756349820668 0.4314533666424129 29
1756349820732 0.42314814095911774 30
1756349820795 0.3863332802834718 31
1756349820858 0.3858059165270432 32
1756349820921 0.3962904279646666 33
1756349820984 0.40858482925788214 34
1756349821047 0.3992209473381872 35
1756349821110 0.39787134269009466 36
1756349821173 0.40115404906480207 37
1756349821237 0.3857021344744641 38
1756349821300 0.3622763752937317 39
1756349821365 0.3583657417608344 40
1756349821429 0.331831913927327 41
1756349821492 0.3342700218376906 42
1756349821556 0.3415717858335246 43
1756349821619 0.31839965737384296 44
1756349821682 0.3271303610957187 45
1756349821746 0.31428830260815827 46
1756349821809 0.34057206692902936 47
1756349821873 0.33567588743956195 48
1756349821936 0.34247321927029156 49
1756349822000 0.3335405938003374 50
1756349822063 0.3074604551429334 51
1756349822127 0.3161516500555951 52
1756349822190 0.30716408853945526 53
1756349822254 0.3010690212249756 54
1756349822318 0.29833695422048156 55
1756349822381 0.2821250603250835 56
1756349822447 0.29673701654309814 57
1756349822511 0.31806397632412287 58
1756349822576 0.30800985123800195 59
1756349822639 0.32256520571916 60
1756349822703 0.3226976284514303 61
1756349822768 0.2993045863897904 62
1756349822833 0.28677652646665985 63
1756349822897 0.2940179278021273 64
1756349822961 0.2951391047757605 65
1756349823025 0.30806047048257745 66
1756349823089 0.2847045640582624 67
1756349823153 0.27968627084856446 68
1756349823217 0.26174201978289563 69
1756349823281 0.30921767975973047 70
1756349823346 0.26024545081283734 71
1756349823410 0.2758471972268561 72
1756349823474 0.2730778624182162 73
1756349823538 0.25886943547622016 74
1756349823602 0.27478249694990076 75
1756349823667 0.2484751959209857 76
1756349823731 0.25914984617544257 77
1756349823796 0.24938153507916824 78
1756349823860 0.25269627571105957 79
1756349823924 0.24155958255995874 80
1756349823989 0.24235879727031873 81
1756349824053 0.22891068652920102 82
1756349824118 0.23181125975173453 83
1756349824182 0.23353899885778842 84
1756349824247 0.2374887667272402 85
1756349824312 0.2398385243571323 86
1756349824377 0.22293592341568158 87
1756349824441 0.20993181480013806 88
1756349824506 0.2246267750211384 89
1756349824571 0.22225132649359497 90
1756349824635 0.22838945751604828 91
1756349824700 0.23640774125638214 92
1756349824765 0.23446913840978043 93
1756349824829 0.22156577006630276 94
1756349824894 0.2168131049560464 95
1756349824959 0.21054963702740875 96
1756349825024 0.22267711745656055 97
1756349825090 0.21413414763367694 98
1756349825154 0.2045806471420371 99
1756349825219 0.2125193301750266 100
1756349825284 0.20594614679398743 101
1756349825349 0.20452185946962106 102
1756349825664 0.21035506414330524 103
1756349825729 0.20297929644584656 104
1756349926029 0.8981032656586688 1
1756349926107 1.040051843809045 2
1756349926183 0.9215174550595491 3
1756349926258 0.7201903540155162 4
1756349926334 0.6460911553838978 5
1756349926410 0.6246529688005862 6
1756349926486 0.5867864968984023 7
1756349926563 0.5600975065127664 8
1756349926638 0.5389232298602229 9
1756349926714 0.5563535936500715 10
1756349926790 0.4859892505666484 11
1756349926865 0.47258003639138263 12
1756349926941 0.4554620903471242 13
1756349927017 0.45405651045882184 14
1756349927092 0.502692188905633 15
1756349927168 0.4376834423645683 16
1756349927244 0.4449935801651167 17
1756349927320 0.4116099619347116 18
1756349927396 0.42233075914175616 19
1756349927473 0.3801358134850212 20
1756349927549 0.38166482293087506 21
1756349927625 0.3753866229368293 22
1756349927701 0.38799228357232135 23
1756349927777 0.4097524168698684 24
1756349927853 0.3945384012616199 25
1756349927930 0.3819433372953664 26
1756349928006 0.35680193227270374 27
1756349928082 0.35478260206139606 28
1756349928158 0.3879257894080618 29
1756349928235 0.3874391706093498 30
1756349928311 0.3784110934838005 31
1756349928388 0.33294303909592005 32
1756349928464 0.3288095088108726 33
1756349928540 0.3529021908407626 34
1756349928617 0.3180608542069145 35
1756349928693 0.33153095841407776 36
1756349928770 0.3387187512024589 37
1756349928846 0.297159634206606 38
1756349928922 0.2902318291042162 39
1756349928998 0.3125908543234286 40
1756349929075 0.3150266681028449 41
1756349929151 0.31553931404714997 42
1756349929228 0.28997656314269354 43
1756349929305 0.3008001006167868 44
1756349929381 0.31762398390666297 45
1756349929458 0.3065464224504388 46
1756349929535 0.2931616591370624 47
1756349929611 0.25970589920230536 48
1756349929688 0.2784079293841901 49
1756349929764 0.27432648643203406 50
1756349929841 0.2918607281601947 51
1756349929918 0.28392171535802924 52
1756349929995 0.2870310188635536 53
1756349930072 0.2529062576915907 54
1756349930149 0.26026616666627966 55
1756349930226 0.24916543714378192 56
1756349930303 0.2571570192990096 57
1756349930380 0.2622326495854751 58
1756350138433 0.9437259720719379 1
1756350138535 0.8692067654236503 2
1756350138632 0.8745013397672902 3
1756350138730 0.7341066676637401 4
1756350138828 0.6185106751711472 5
1756350138926 0.5681144361910613 6
1756350139024 0.5369834420473679 7
1756350139122 0.4906624296437139 8
1756350139219 0.43490987627402594 9
1756350139317 0.45955648370411084 10
1756350139414 0.4324638415937838 11
1756350139512 0.41548457871312683 12
1756350139610 0.4013393612011619 13
1756350139708 0.4081120594688084 14
1756350139806 0.43178008043247723 15
1756350139904 0.377741163191588 16
1756350140003 0.3440673791843912 17
1756350140101 0.3366700883792794 18
1756350140199 0.36961932933848834 19
1756350140298 0.36756646114846936 20
1756350140396 0.32140162198439887 21
1756350140495 0.31950750752635626 22
1756350140594 0.30704140403996344 23
1756350140695 0.3008061103198839 24
1756350140799 0.2983395586843076 25
1756350140898 0.30641082317932794 26
1756350140997 0.32614647175954736 27
1756350141096 0.28578733879586926 28
1756350141195 0.2813921033040337 29
1756350141294 0.2842670154312383 30
1756350141393 0.296051491861758 31
1756350141492 0.2752070861018222 32
1756350141591 0.2805732216524041 33
1756350141690 0.2701323770958444 34
1756350141789 0.266822205937427 35
1756350141889 0.25442841130754223 36
1756350141988 0.2615526448125425 37
1756350142087 0.2517606531796248 38
1756350142186 0.31495936603649805 39
1756350142285 0.3279141595830088 40
1756350142384 0.32035740043805994 41
1756350142484 0.31521163297736127 42
1756350142583 0.3372100487999294 43
1756350142683 0.27993154072243237 44
1756350142782 0.31670747179052106 45
1756350142881 0.2851222274096116 46
1756350142983 0.2768042690080145 47
1756350143082 0.23185010513533716 48
1756350143181 0.23044123986492987 49
1756350143280 0.21262025962705197 50
1756350143380 0.2460809077905572 51
1756350143479 0.2370662106120068 52
1756350143579 0.21889664297518524 53
1756350143678 0.23518263710581738 54
1756350143778 0.22818991606650146 55
1756350143876 0.21111024138720139 56
1756350143975 0.24011415178361145 57
1756350144075 0.2151135063689688 58
1756350144174 0.21632740614206894 59
1756350144275 0.20338923581268475 60
1756350144644 0.196181191050488 61
1756350144744 0.19524213218170663 62
1756350144843 0.19064795517403146 63
1756350144943 0.21925457793733347 64
1756350145043 0.2067992045827534 65
1756350145142 0.18678075399087823 66
1756350145243 0.19124586815419403 67
1756350145343 0.19896052389041238 68
1756350145443 0.19913669837557751 69
1756350145565 0.19750999108604764 70
1756350145665 0.1992139343334281 71
1756350145766 0.18117122935212177 72
1756350145866 0.18301467143970987 73
1756350145966 0.18405277379181073 74
1756350146066 0.17303935729939005 75
1756350146166 0.16904767894226572 76
1756350146267 0.1762589235668597 77
1756350146378 0.18723161907299704 78
1756350146479 0.17338494826918063 79
1756350146580 0.16612723404946533 80
1756350146681 0.1615443990930267 81
1756350146782 0.16150158935266992 82
1756350146883 0.16707559448221457 83
1756350146983 0.16293436612771905 84
1756350147084 0.1667345950137014 85
1756350147185 0.1621015331019526 86
1756350147285 0.1656754528698714 87
1756350147385 0.15987453059009885 88
1756350147485 0.1526502704490786 89
1756350147586 0.1450487848209298 90
1756350147687 0.15028674349836682 91
1756350147789 0.14985788386801016 92
1756350147889 0.16370479373828226 93
1756350147990 0.15682758909204733 94
1756350148090 0.15023121334936307 95
1756350148191 0.16697362130102905 96
1756350275189 0.9908812071966089 1
1756350275304 0.8266967198123103 2
1756350275416 0.759389983571094 3
1756350275779 0.7927697249080824 4
1756350275891 0.7122788455175317 5
1756350276004 0.6390597042830094 6
1756350276117 0.5433417986268583 7
1756350276229 0.5451198712639187 8
1756350276342 0.5270537254603013 9
1756350276455 0.4879903300948765 10
1756350276568 0.4592512962610825 11
1756350276680 0.40349546463593194 12
1756350276794 0.4536287344020346 13
1756350276907 0.4514451441557511 14
1756350277019 0.40449305980101874 15
1756350277132 0.37176034113635187 16
1756350277245 0.36497298530910327 17
1756350277358 0.3561001588468966 18
1756350277471 0.36450318409048993 19
1756350277584 0.3700764231059862 20
1756350277697 0.3384362770163495 21
1756350277811 0.3125731063925702 22
1756350277924 0.29860485571882 23
1756350278037 0.32724461477735767 24
1756350278151 0.3325604368811068 25
1756350278264 0.30367126413013623 26
1756350278377 0.2885294401127359 27
1756350278491 0.255391674845115 28
1756350278604 0.25883155802021857 29
1756350278717 0.24860104594541632 30
1756350278830 0.27027006965616474 31
1756350278943 0.25563667455445166 32
1756350279057 0.2926513928434123 33
1756350279170 0.2675048061039137 34
1756350279284 0.26432446098845935 35
1756350279397 0.23790414890517358 36
1756350279511 0.2707278961720674 37
1756350279625 0.24086228984853494 38
1756350279738 0.2155194800832997 39
1756350279852 0.22641151366026505 40
1756350279966 0.26349295675754547 41
1756350280080 0.23768610734006632 42
1756350280194 0.22865423171416574 43
1756350280309 0.2483309014983799 44
1756350280423 0.2397178774294646 45
1756350280537 0.20587924122810364 46
1756350280651 0.20346989126309104 47
1756350280765 0.20035327841406284 48
1756350280878 0.1916753157325413 49
1756350280992 0.1853799891212712 50
1756350281107 0.20213007084701373 51
1756350281220 0.18034847210282864 52
1756350281334 0.1804321719252545 53
1756350281448 0.18874828323074008 54
1756350281562 0.20174969473610754 55
1756350281676 0.19004936969798544 56
1756350281790 0.17844932493956192 57
1756350281904 0.18255990354911142 58
1756350282018 0.17845010174357373 59
1756350282132 0.18242843837841696 60
1756350282246 0.1655640657181325 61
1756350282360 0.15258057253516238 62
1756350282474 0.1670758510413377 63
1756350397246 0.883250645969225 1
1756350397371 0.9879456525263579 2
1756350397494 0.9177677320397418 3
1756350397617 0.8472926772159078 4
1756350397740 0.7153665060582368 5
1756350397864 0.6477448162825211 6
1756350397988 0.5981737193853959 7
1756350398362 0.5418017260406328 8
1756350398487 0.5256137472131978 9
1756350398611 0.473760310722434 10
1756350398735 0.4480513528637264 11
1756350398859 0.4546801616316256 12
1756350398983 0.43774917462597723 13
1756350399106 0.41384224528851715 14
1756350399230 0.4434595781823863 15
1756350399354 0.4470036574031996 16
1756350399477 0.5173213741053706 17
1756350399600 0.5316982826460963 18
1756350399723 0.4775897510673689 19
1756350399847 0.4342687129974365 20
1756350399971 0.4211389668609785 21
1756350400096 0.3679770632930424 22
1756350400219 0.37479626484539197 23
1756350400343 0.3605195024739141 24
1756350400468 0.34314137826795166 25
1756350400592 0.33692736340605695 26
1756350400717 0.3514563648597054 27
1756350400840 0.3122844002816988 28
1756350400964 0.3107004826483519 29
1756350401087 0.3131722963374594 30
1756350401211 0.32638523695261584 31
1756350401335 0.2958751476329306 32
1756350401459 0.2768026596826056 33
1756350401583 0.2875333901332772 34
1756350401707 0.3005500053581984 35
1756350401831 0.2953198299459789 36
1756350401954 0.2938635193783304 37
1756350402078 0.3176524950110394 38
1756350402202 0.2860327291747798 39
1756350402326 0.25625937658807507 40
1756350402451 0.302064492650654 41
1756350402574 0.3206069929444272 42
1756350402698 0.3069572992946791 43
1756350402822 0.3154850686373918 44
1756350402946 0.2777350279300109 45
1756350403070 0.26976241430510645 46
1756350403366 0.2619099124618199 47
1756350403491 0.25914341729620227 48
1756350403616 0.28000799145387567 49
1756350403740 0.24737245945826822 50
1756350403864 0.23503314476946127 51
1756350403988 0.24268072519613348 52
1756350404111 0.21322623802267987 53
1756350404236 0.2180667513090631 54
1756350404361 0.22018033525218134 55
1756350404485 0.21262317571950995 56
1756350404610 0.23246172264866208 57
1756350404735 0.24211874733800473 58
1756350404860 0.2759256952482721 59
1756350404985 0.27094284283078235 60
1756350405109 0.2312392780314321 61
1756350405235 0.2206853245911391 62
1756350405359 0.2211940586566925 63
1756350405483 0.22662052900894827 64
1756350405608 0.20578447049078735 65
1756350405733 0.2064670602912488 66
1756350405857 0.21647786834965582 67
1756350405983 0.19777826252190964 68
1756350406108 0.18895359337329865 69
1756350558754 0.9145502422166907 1
1756350558891 0.9385698178540105 2
1756350559027 0.889243843762771 3
1756350559162 0.8052226978799571 4
1756350559299 0.766287966914799 5
1756350559435 0.6690174237541531 6
1756350559572 0.7005487291709237 7
1756350559707 0.5828457759774249 8
1756350559842 0.5931066119152567 9
1756350559977 0.5771476004434668 10
1756350560113 0.6753527146318684 11
1756350560249 0.5625341897425444 12
1756350560384 0.521132195773332 13
1756350560520 0.48351690821025683 14
1756350560655 0.4695006129534348 15
1756350560790 0.5123240610827571 16
1756350560925 0.5076252921767856 17
1756350561061 0.465725346751835 18
1756350561440 0.45407458880673285 19
1756350561578 0.46239170820816705 20
1756350561715 0.4264947966389034 21
1756350561851 0.4278216297211854 22
1756350561989 0.40754683898842853 23
1756350562127 0.39853579712950665 24
1756350562263 0.4104704105335733 25
1756350562401 0.4206199490505716 26
1756350562537 0.4053950257923292 27
1756350562673 0.41552624624708423 28
1756350562810 0.40149510684220685 29
1756350562947 0.4150406510933586 30
1756350563084 0.4288563235946324 31
1756350563221 0.38574210975481116 32
1756350563358 0.39721779849218286 33
1756350563498 0.36822161078453064 34
1756350563637 0.3590483062941095 35
1756350563775 0.34757952456888946 36
1756350563914 0.33767472466696863 37
1756350564051 0.36305573193923285 38
1756350564189 0.3449542224407196 39
1756350564328 0.3276226695465005 40
1756350564466 0.3229319997455763 41
1756350564604 0.34135956608730816 42
1756350564741 0.37607431282167847 43
1756350564878 0.3561422695284304 44
1756350565016 0.3611680301635162 45
1756350565154 0.35646347571974213 46
1756350565292 0.3288616758325826 47
1756350565429 0.3179471907408341 48
1756350565736 0.32947781228500866 49
1756350565875 0.33217728526695917 50
1756350566013 0.3254703374012657 51
1756350566151 0.3056111523638601 52
1756350566288 0.29769739249478216 53
1756350566427 0.293769522205643 54
1756350566566 0.30561237231544824 55
1756350566703 0.3064774663551994 56
1756350566841 0.34878395821737207 57
1756350566981 0.3246020285979561 58
1756350567120 0.28447234436221747 59
1756350567259 0.3038276038739992 60
1756350567397 0.2723145420136659 61
1756350567535 0.2859957192255103 62
1756350567673 0.39892134718273 63
1756350567812 0.3210518839566604 64
1756350567950 0.31109532454739447 65
1756350568088 0.2842107071824696 66
1756350568225 0.2861754434264224 67
1756350568363 0.28477036888184754 68
1756350568501 0.2597628987353781 69
1756350568640 0.25617126602193585 70
1756350568778 0.2707005862308585 71
1756350568916 0.2417509588210479 72
1756350569054 0.27015191770118213 73
1756350569193 0.25671863102394604 74
1756350569331 0.26732351922470593 75
1756350569470 0.26021054063154303 76
1756350569608 0.24338641827521118 77
1756350569747 0.2519286151813424 78
1756350569886 0.2554977834224701 79
1756350570025 0.25377177868200385 80
1756350570163 0.2541362507187802 81
1756350570465 0.23881281588388525 82
1756350570605 0.26065009054930316 83
1756350570744 0.2663217089746309 84
1756350570884 0.25861452714256616 85
1756350571023 0.25595427919989044 86
1756350571162 0.2630999250256497 87
1756350571300 0.23715238143568454 88
1756350571438 0.2459742193636687 89
1756350571577 0.24338382612104 90
1756350571715 0.2553681757139123 91
1756350571854 0.2398194741943608 92
1756350571992 0.21794573314811871 93
1756350572131 0.2094302650379098 94
1756350572271 0.21313699885554935 95
1756350572410 0.2078120241994443 96
1756350572548 0.22301795106867087 97
1756350572687 0.21665196639040243 98
1756350572826 0.22077420418677124 99
1756350572964 0.22191621168800021 100
1756350573103 0.21037514766921167 101
1756350573241 0.20404526137787363 102
1756350573380 0.20713550111521845 103
1756350573519 0.19650138914585114 104
1756350573657 0.20753764134386313 105
1756350573796 0.19792692428049835 106
1756350573938 0.19652474574420764 107
1756350574077 0.2047533464172612 108
1756350574216 0.19607262054215308 109
1756350574356 0.196941244861354 110
1756350574496 0.19375225577665411 111
1756350574792 0.19087155033712802 112
1756350574932 0.18725462905738666 113
1756350575073 0.1991509425899257 114
1756350575212 0.19054646077363388 115
1756350575352 0.18919607996940613 116
1756350575492 0.1937975578981897 117
1756350575633 0.18417640030384064 118
1756350575773 0.1842790142349575 119
1756350575914 0.16841811978298685 120
1756350576054 0.177714378937431 121
1756350576193 0.18929258118505063 122
1756350576333 0.18695742604525192 123
1756350576472 0.19149858407352283 124
1756350576613 0.1801684725543727 125
1756350576752 0.1901204061249028 126
1756350576891 0.19005559838336447 127
1756350577031 0.1859247017165889 128
1756350577171 0.1660420648429705 129
1756350577311 0.17412808019181955 130
1756350577450 0.18294725534708603 131
1756350577590 0.18282885525537573 132
1756350577729 0.18332781934219858 133
1756350714733 0.9669440906980763 1
1756350714886 0.948678327643353 2
1756350715037 0.8147433711134869 3
1756350715187 0.7315828916819199 4
1756350715337 0.6547458016354105 5
1756350715488 0.621817586214646 6
1756350715637 0.622165850971056 7
1756350715788 0.5691387173922166 8
1756350715939 0.5501496843669725 9
1756350716090 0.5313403139943662 10
1756350716241 0.5171836031519849 11
1756350716391 0.49343914959741675 12
1756350716543 0.5198201252066571 13
1756350716694 0.48095164609991986 14
1756350716846 0.4532569517260012 15
1756350716996 0.48972289717715717 16
1756350717147 0.46447814547497296 17
1756350717298 0.4365863139214723 18
1756350717450 0.4725280313388161 19
1756350717601 0.4365876433642014 20
1756350717752 0.44740827057672583 21
1756350717905 0.4385040052559065 22
1756350718305 0.44530122176460596 23
1756350718457 0.4341149926185608 24
1756350718608 0.4073740101378897 25
1756350718760 0.3773365189199862 26
1756350718912 0.40828715977461444 27
1756350719063 0.39834458672482037 28
1756350719214 0.3919743195824001 29
1756350719364 0.37300879929376685 30
1756350719515 0.3539153700289519 31
1756350719666 0.3614885314651158 32
1756350719817 0.34814311887906946 33
1756350719969 0.3473533482655235 34
1756350720120 0.36327646737513336 35
1756350720271 0.34060717276904895 36
1756350720422 0.35181978474492615 37
1756350720574 0.33230382333631103 38
1756350720726 0.32039383701656177 39
1756350720878 0.3170628716116366 40
1756350721030 0.32097506263981695 41
1756350721181 0.322396004329557 42
1756350721332 0.3258379956950312 43
1756350721484 0.33894483680310455 44
1756350721636 0.34211871675823047 45
1756350721787 0.34109293118767114 46
1756350721939 0.31584927698840265 47
1756350722090 0.30867499437021173 48
1756350722406 0.2736343845077183 49
1756350722558 0.29443748943183734 50
1756350722710 0.3169854937688164 51
1756350722862 0.30119236331918964 52
1756350723013 0.29316442362640216 53
1756350723166 0.2737091941678006 54
1756350723318 0.2673236500957738 55
1756350723469 0.2710362672805786 56
1756350723622 0.28057175615559454 57
1756350723773 0.3054283177075179 58
1756350723925 0.2978888309520224 59
1756350724077 0.2937380056018415 60
1756350724228 0.2815875145404235 61
1756350724380 0.2690417079821877 62
1756350724533 0.26515344174011896 63
1756350724684 0.24700338296268298 64
1756350724836 0.25852069971354114 65
1756350724989 0.275945620044418 66
1756350725140 0.24494248369465704 67
1756350725292 0.24618153468422269 68
1756350725444 0.2751220833996068 69
1756350725596 0.24132689509702765 70
1756350725747 0.2490144300719966 71
1756350725898 0.24716409652129465 72
1756350726050 0.2654057922570602 73
1756350726202 0.25425936994345294 74
1756350726354 0.23038979716922925 75
1756350726506 0.2389624209507652 76
1756350726657 0.2222504797189132 77
1756350726809 0.23531984894172006 78
1756350727125 0.23982456715210623 79
1756350727278 0.24989729730979257 80
1756350727430 0.2372086851493172 81
1756350727584 0.2762134813744089 82
1756350727737 0.21469459520733875 83
1756350727890 0.2211886210286099 84
1756350728043 0.2265210307162741 85
1756350728196 0.2274369241102882 86
1756350728348 0.2075316601473352 87
1756350728504 0.2096086312895236 88
1756350728656 0.21239973928617395 89
1756350728810 0.19627594364726025 90
1756350728963 0.20831470580204672 91
1756350729115 0.20437370953352554 92
1756350729268 0.2108099674401076 93
1756350729421 0.20051045327082925 94
1756350729573 0.2044375188972639 95
1756350729726 0.2093851695890012 96
1756350729879 0.20064315005489017 97
1756350730033 0.2059715837240219 98
1756350730186 0.21503408123617587 99
1756350730339 0.20553526865399402 100
1756350730493 0.18991501694140228 101
1756350730646 0.17853356962618622 102
1756350730800 0.18702693283557892 103
1756350730953 0.19755950505318848 104
1756350731266 0.18642451776110608 105
1756350731419 0.18526849150657654 106
1756350731573 0.1926521386789239 107
1756350731726 0.18774194432341534 108
1756350731880 0.1911489795083585 109
1756350732032 0.17375172869018887 110
1756350732186 0.17936643893304077 111
1756350732338 0.17396212369203568 112
1756350732490 0.18679726382960443 113
1756350732643 0.17773213205130203 114
1756350959559 0.9608765063078507 1
1756350959733 1.0464595893154973 2
1756350959906 0.9634745198747386 3
1756350960077 0.6911650377771129 4
1756350960249 0.6739314639050028 5
1756350960421 0.6593772924464681 6
1756350960592 0.6226905739825704 7
1756350960765 0.6271728329036547 8
1756350960936 0.5499063095320826 9
1756350961108 0.6152421495188838 10
1756350961280 0.5448261253211809 11
1756350961452 0.5183600433494734 12
1756350961624 0.5806373318900233 13
1756350961797 0.5499581888965939 14
1756350961969 0.5127400846584983 15
1756350962391 0.45443412013675855 16
1756350962564 0.49787567879842676 17
1756350962736 0.5402026344900546 18
1756350962908 0.4852605967418007 19
1756350963080 0.46125459800595825 20
1756350963253 0.4455931549486907 21
1756350963425 0.4193294812803683 22
1756350963597 0.41209923573162244 23
1756350963770 0.4268253847308781 24
1756350963942 0.43786162267560547 25
1756350964115 0.47040158121482184 26
1756350964287 0.43840883737025055 27
1756350964460 0.4986728663029878 28
1756350964632 0.4271680038908254 29
1756350964805 0.4115010448124098 30
1756350964977 0.42799170768779254 31
1756350965319 0.43600948738015216 32
1756350965493 0.39595776537190314 33
1756350965666 0.3734529847684114 34
1756350965838 0.3653895071019297 35
1756350966014 0.39803012816802313 36
1756350966187 0.40433233976364136 37
1756350966360 0.39589214972827746 38
1756350966534 0.3829102231108624 39
1756350966707 0.341211833383726 40
1756350966879 0.3456421442653822 41
1756350967052 0.34320635640102887 42
1756350967226 0.32938254656999005 43
1756350967400 0.3477002045382624 44
1756350967572 0.3400408379409624 45
1756350967745 0.3171857271505439 46
1756350968090 0.3241818482461183 47
1756350968263 0.30671440259270044 48
1756350968436 0.3460519987603892 49
1756350968609 0.3247442822093549 50
1756350968781 0.33919256148131 51
1756350968954 0.3444140903327776 52
1756350969127 0.3500554639360179 53
1756350969300 0.31933526953925256 54
1756350969473 0.30333782732486725 55
1756350969646 0.29301947096119757 56
1756350969820 0.29069669803847437 57
1756350969993 0.2924154640539833 58
1756350970165 0.28178270355514856 59
1756350970337 0.3013520700776059 60
1756350970510 0.28474257108957873 61
1756350970683 0.296255512729935 62
1756350971023 0.3141245453254036 63
1756350971196 0.2999497075443682 64
1756350971370 0.29267155217087787 65
1756350971543 0.2788339535827222 66
1756350971717 0.28128267176773236 67
1756350971890 0.2788067544284074 68
1756350972064 0.2726047213958657 69
1756350972238 0.2639331377070883 70
1756350972411 0.26004003895365674 71
1756350972584 0.23816478446773862 72
1756350972757 0.24165693638117416 73
1756350972930 0.2559836500364801 74
1756350973103 0.23975218184616254 75
1756350973276 0.24635484425917917 76
1756350973449 0.24297702765983084 77
1756350973789 0.23310024453246075 78
1756350973962 0.24731777802757596 79
1756350974137 0.23795807750328726 80
1756350974310 0.23516011562036432 81
1756350974485 0.24737216078716776 82
1756350974659 0.22263513894184775 83
1756350974833 0.223879957328672 84
1756350975006 0.2187659468339837 85
1756350975180 0.22257032601729684 86
1756350975354 0.21582956158596536 87
1756350975528 0.21395150604455368 88
1756350975701 0.21461065178332123 89
1756350975875 0.21854587482369464 90
1756350976048 0.2057289474684259 91
1756350976224 0.21856914201508398 92
1756350976399 0.21264681220054626 93
1756350976755 0.20822966422723688 94
1756350976931 0.19467936844929404 95
1756350977105 0.18728985993758493 96
1756350977279 0.18380044465479645 97
1756350977452 0.19489456194898355 98
1756350977626 0.20351789308630902 99
1756350977800 0.19718431778576062 100
1756350977975 0.1880024930705195 101
1756350978149 0.19501688363759415 102
1756350978323 0.19071640268616055 103
1756350978497 0.18412897573864978 104
1756350978672 0.18114473638327225 105
1756350978846 0.18761545160542364 106
1756350979020 0.18425712183765744 107
1756351202662 1.0683886486551035 1
1756351202855 0.95670369397039 2
1756351203045 0.943365242170251 3
1756351203235 0.848343621129575 4
1756351203424 0.7455626415169757 5
1756351203614 0.6572841820509537 6
1756351203806 0.5880056282748347 7
1756351203998 0.608547735473384 8
1756351204190 0.5879495415998541 9
1756351204380 0.540584613447604 10
1756351204848 0.5277812804864801 11
1756351205039 0.5576847130837648 12
1756351205230 0.4847338795661926 13
1756351205421 0.45941707232724066 14
1756351205611 0.5034859413686006 15
1756351205802 0.4613120866858441 16
1756351205993 0.5773651262988215 17
1756351206183 0.5072998741398687 18
1756351206373 0.4852444723896358 19
1756351206564 0.507117704204891 20
1756351206753 0.5068414133528004 21
1756351206945 0.44617283473844116 22
1756351207135 0.4570731131926827 23
1756351207327 0.43262863936631574 24
1756351207517 0.41253977625266364 25
1756351207882 0.4116482138633728 26
1756351208074 0.3792069372923478 27
1756351208266 0.3682423182155775 28
1756351208456 0.38202883367953094 29
1756351208646 0.3798229720281518 30
1756351208836 0.3856050851552383 31
1756351209026 0.3793791545474011 32
1756351209216 0.34999302677486255 33
1756351209406 0.3775064997051073 34
1756351209597 0.33826105102248816 35
1756351209788 0.3361444265946098 36
1756351209979 0.3424339838649916 37
1756351210171 0.32506189268568286 38
1756351210362 0.3414478600025177 39
1756351210553 0.335864394903183 40
1756351210744 0.31752961485282233 41
1756351211105 0.3217456457407578 42
1756351211297 0.39542127821756445 43
1756351211489 0.36535337567329407 44
1756351211680 0.3289658310620681 45
1756351211871 0.3484065403109011 46
1756351212063 0.3321888349626375 47
1756351212254 0.35501434751178906 48
1756351212445 0.33586862164994946 49
1756351212637 0.32156048650326935 50
1756351212828 0.29974541521590686 51
1756351213020 0.28764468561048095 52
1756351213210 0.28912588889184204 53
1756351213401 0.32304252878479334 54
1756351213593 0.3373785278071528 55
1756351213785 0.31662577844184375 56
1756351214147 0.285629043760507 57
1756351214340 0.28551449205564416 58
1756351214533 0.2784927519767181 59
1756351214725 0.29997786102087604 60
1756351214917 0.2862095534801483 61
1756351215109 0.2899536697760872 62
1756351215300 0.27164407592752704 63
1756351215492 0.2824881957924884 64
1756351215682 0.2819800176050352 65
1756351215873 0.2670349200134692 66
1756351216063 0.2684460496125014 67
1756351216254 0.2701435419528381 68
1756351216445 0.2671327383621879 69
1756351216636 0.2747018576964088 70
1756351216826 0.2971978245869927 71
1756351217017 0.25696536963400635 72
1756351217370 0.26212969422340393 73
1756351217561 0.2543746310731639 74
1756351217752 0.25426995948604914 75
1756351217943 0.25488896862320276 76
1756351218135 0.24204119197700336 77
1756351218325 0.24702280630236087 78
1756351218516 0.23946040091307266 79
1756351218708 0.24566948672999506 80
1756351218900 0.2537535804769267 81
1756351219090 0.2423566320668096 82
1756351219282 0.23644418820090915 83
1756351219473 0.21536664859108304 84
1756351219664 0.23099325143772623 85
1756351219855 0.2210702261199122 86
1756351220046 0.23503021766310153 87
1756351220238 0.22576163579588351 88
1756351220594 0.233544972927674 89
1756351220787 0.21956278059793555 90
1756351220980 0.23678010896496152 91
1756351221173 0.2183940501316734 92
1756351221366 0.2119472888500794 93
1756351221558 0.22142679924550263 94
1756351221751 0.22603590656881747 95
1756351221944 0.22060743298219598 96
1756351222137 0.20161353051662445 97
1756351222329 0.2098847394404204 98
1756351222522 0.1898898158384406 99
1756351222714 0.20284898319970007 100
1756351384912 0.8821092014727385 1
1756351385117 0.8984876611958379 2
1756351385321 0.8556392788887024 3
1756351385524 0.7757254502047664 4
1756351385727 0.7332570112269857 5
1756351385929 0.635439730208853 6
1756351386131 0.6521691343058711 7
1756351386590 0.5858114050782245 8
1756351386793 0.6047001144160395 9
1756351386997 0.601532827252927 10
1756351387199 0.5311970283155856 11
1756351387402 0.5440398428751074 12
1756351387604 0.504552115564761 13
1756351387806 0.5630940121153126 14
1756351388010 0.5309323072433472 15
1756351388213 0.5037428024022476 16
1756351388417 0.4764311611652374 17
1756351388620 0.5091044190137283 18
1756351388822 0.4754616864349531 19
1756351389026 0.5082670683446138 20
1756351389230 0.49849393315937207 21
1756351389433 0.485162193360536 22
1756351389803 0.49593739017196325 23
1756351390006 0.42659398395082226 24
1756351390210 0.4231267079063084 25
1756351390412 0.4258128339829652 26
1756351390615 0.45017071521800495 27
1756351390819 0.43621884739917255 28
1756351391021 0.4215878222299659 29
1756351391224 0.4183022081851959 30
1756351391427 0.43652208214220795 31
1756351391630 0.3920454875282619 32
1756351391833 0.38985360446183576 33
1756351392036 0.44281918717467267 34
1756351392239 0.4399648490159408 35
1756351392443 0.4022205614525339 36
1756351392646 0.3913330396880274 37
1756351392850 0.36305937559708307 38
1756351393220 0.3919012196685957 39
1756351393425 0.38284876424333325 40
1756351393629 0.3602371552716131 41
1756351393833 0.3666134256383647 42
1756351394036 0.357114438129508 43
1756351394240 0.3502997807834459 44
1756351394443 0.3466734121675077 45
1756351394647 0.3342084858728492 46
1756351394851 0.3726055155629697 47
1756351395056 0.3331128566161446 48
1756351395259 0.33723632926526276 49
1756351395463 0.3533047917096511 50
1756351395667 0.40937209129333496 51
1756351395872 0.39047495826430945 52
1756351396075 0.3516626967036206 53
1756351396278 0.3408925947935685 54
1756351396646 0.3254122759984887 55
1756351396850 0.31561066793358844 56
1756351397055 0.3316592010466949 57
1756351397259 0.31043642111446546 58
1756351397464 0.30870943484099017 59
1756351397668 0.3100300599699435 60
1756351397873 0.2883215429990188 61
1756351398078 0.2916531368442204 62
1756351398282 0.31954457189725793 63
1756351398486 0.31261281086050946 64
1756351398690 0.30271663678729016 65
1756351398894 0.27195676189401874 66
1756351399098 0.25956989436045935 67
1756351399302 0.2770222872495651 68
1756351399505 0.3006763924723086 69
1756351399869 0.2739349772100863 70
1756351400075 0.2813908788173095 71
1756351400282 0.2776005928931029 72
1756351400488 0.25069249518539594 73
1756351400693 0.27267835710359656 74
1756351400898 0.2520844359760699 75
1756351401102 0.2605305288148963 76
1756351401307 0.2776934504508972 77
1756351401511 0.2616145714469578 78
1756351401715 0.2484116333982219 79
1756351401920 0.24710503933222397 80
1756351402124 0.25204077233438904 81
1756351402329 0.24669319196887637 82
1756351402534 0.25525888994984003 83
1756351402738 0.25682582285093225 84
1756351402943 0.2564095200403877 85
1756351403313 0.23797213059404623 86
1756351403518 0.24033987910851187 87
1756351403723 0.2364604149175727 88
1756351403928 0.24703562713187674 89
1756351404132 0.23796455497327057 90
1756351404337 0.2482749703137771 91
1756351404541 0.2313286603792854 92
1756351404745 0.23092441843903583 93
1756351404952 0.23484944649364636 94
1756351405158 0.2506143437779468 95
1756351405364 0.2360937044672344 96
1756351405571 0.22496649428554202 97
1756351405777 0.21723192347132642 98
1756351405982 0.23482183788133704 99
1756351586422 0.94204740938933 1
1756351586641 0.8473497888316279 2
1756351586857 0.8003977796305781 3
1756351587075 0.7302393602288287 4
1756351587289 0.7659774396730505 5
1756351587507 0.7267577078031457 6
1756351587967 0.6398095488548279 7
1756351588184 0.6466191825659379 8
1756351588400 0.6349233622136323 9
1756351588616 0.5270548644273177 10
1756351588832 0.5656065331852954 11
1756351589048 0.5525373051995817 12
1756351589264 0.49864924731461896 13
1756351589480 0.4962527129961097 14
1756351589695 0.45694711545239325 15
1756351589910 0.4861354763093202 16
1756351590125 0.4633256171060645 17
1756351590341 0.45699356949847675 18
1756351590557 0.42500029698662134 19
1756351590772 0.45629098493119946 20
1756351590989 0.45924182819283527 21
1756351591361 0.47062363443167315 22
1756351591578 0.45124054991680645 23
1756351591795 0.4426986303018487 24
1756351592012 0.4429982887661975 25
1756351592228 0.4139172434806824 26
1756351592447 0.3941162565480108 27
1756351592665 0.4101120298323424 28
1756351592882 0.3949141061824301 29
1756351593099 0.39500894105952716 30
1756351593316 0.37007471400758496 31
1756351593533 0.3453825232775315 32
1756351593749 0.35849245216535486 33
1756351593965 0.36929077557895496 34
1756351594182 0.3463148604268613 35
1756351594397 0.3239838079265926 36
1756351594614 0.33329188694124634 37
1756351595023 0.3625679054985876 38
1756351595240 0.3451625627020131 39
1756351595456 0.3891011023003122 40
1756351595674 0.3434498219386391 41
1756351595892 0.35020275997078937 42
1756351596109 0.33134686039841693 43
1756351596326 0.3381249956462694 44
1756351596544 0.3053949520639751 45
1756351596762 0.3094653973112936 46
1756351596979 0.33906322976817255 47
1756351597196 0.32577543802883313 48
1756351597416 0.3139458927123443 49
1756351597635 0.3239370869553607 50
1756351597854 0.3007742464542389 51
1756351598070 0.31986023680023523 52
1756351598474 0.30184398008429486 53
1756351598691 0.29811169854972674 54
1756351598908 0.2804534279781839 55
1756351599126 0.298238015693167 56
1756351599343 0.3096414836852447 57
1756351599561 0.2771147379408712 58
1756351599779 0.2614883495413739 59
1756351599996 0.28229203625865606 60
1756351600213 0.3020445859950522 61
1756351600431 0.2782843637725581 62
1756351600648 0.27359522036884143 63
1756351600866 0.25242649083552154 64
1756351601083 0.27006852885951166 65
1756351601301 0.2949496540038482 66
1756351601519 0.2765091463275578 67
1756351601737 0.26427007434160815 68
1756351602136 0.27814474313155463 69
1756351602355 0.24722794929276343 70
1756351602573 0.24056009300377057 71
1756351602791 0.22943460228650467 72
1756351603009 0.23709383866061334 73
1756351603226 0.23989810049533844 74
1756351603444 0.2681898779195288 75
1756351603661 0.24219015370244565 76
1756351603879 0.2356162615444349 77
1756351604096 0.22518797089224277 78
1756351604315 0.2181676885356074 79
1756351604533 0.23624519744644995 80
1756351604750 0.21896126218464063 81
1756351604968 0.21877760342929675 82
1756351605187 0.22377081215381622 83
1756351605404 0.212869542448417 84
1756351776975 0.9453760048617488 1
1756351777205 0.9682860840921816 2
1756351777432 1.071525065795235 3
1756351777660 0.862721033718275 4
1756351777886 0.7167498495267786 5
1756351778113 0.6820213846538378 6
1756351778341 0.6332999053208724 7
1756351778569 0.583629266075466 8
1756351778795 0.5867206052593563 9
1756351779021 0.5577173712460891 10
1756351779248 0.5604607968226724 11
1756351779478 0.5079168936480647 12
1756351779952 0.5153285640737285 13
1756351780181 0.524130440276602 14
1756351780408 0.5366409433924634 15
1756351780634 0.5206447995227316 16
1756351780860 0.4913334574388421 17
1756351781088 0.46753003545429395 18
1756351781316 0.48600419837495556 19
1756351781545 0.5160031888795935 20
1756351781773 0.5138431398764901 21
1756351782001 0.4671174326668615 22
1756351782229 0.4763392754223036 23
1756351782454 0.42860025297040527 24
1756351782683 0.42227111951164575 25
1756351782911 0.40331541973611584 26
1756351783141 0.4020647380663001 27
1756351783370 0.3956952963186347 28
1756351783759 0.420727313860603 29
1756351783987 0.43793490399485047 30
1756351784216 0.40428716592166736 31
1756351784446 0.4065654692442521 32
1756351784673 0.38267797102098877 33
1756351784900 0.3664105923279472 34
1756351785128 0.4039055627325307 35
1756351785355 0.3969174921512604 36
1756351785584 0.38321236164673517 37
1756351785812 0.3747795016869255 38
1756351786039 0.35805634830308997 39
1756351786266 0.31930080704067065 40
1756351786493 0.3535512530285379 41
1756351786721 0.33948118401610333 42
1756351786951 0.3329678890497788 43
1756351787179 0.34900885690813477 44
1756351787569 0.30734305666840595 45
1756351787798 0.3373081431440685 46
1756351788026 0.3425319816755212 47
1756351788254 0.2993186686349952 48
1756351788484 0.3056137224902277 49
1756351788713 0.31963046607763873 50
1756351788941 0.36845094483831653 51
1756351789170 0.3966785721156908 52
1756351789398 0.31729856457399286 53
1756351789625 0.3086986820334974 54
1756351789855 0.3059093848518703 55
1756351790084 0.317250348303629 56
1756351790312 0.3165394916482594 57
1756351790540 0.3053149062654246 58
1756351790769 0.3049412207758945 59
1756351791154 0.28299944491490076 60
1756351791382 0.32394626347914984 61
1756351791611 0.26384402422801306 62
1756351791840 0.2723736892575803 63
1756351792069 0.2640784596619399 64
1756351792298 0.28265234180118726 65
1756351792527 0.2854931795078775 66
1756351792758 0.307703268268834 67
1756351792987 0.29384474132371985 68
1756351793217 0.26074274143447046 69
1756351793449 0.26201518268688867 70
1756351793679 0.2430446815231572 71
1756351793909 0.25733302857564844 72
1756351794137 0.26004574868990027 73
1756351794365 0.25908965001935547 74
1756351794753 0.2467178436725036 75
1756351794983 0.2460513412952423 76
1756351795212 0.2342735794575318 77
1756351795442 0.24866762498150702 78
1756351795671 0.24531904381254446 79
1756351795900 0.23936703606792117 80
1756351796130 0.23675685602685678 81
1756351796360 0.2560532280932302 82
1756351796589 0.2617345666107924 83
1756351796821 0.25809316077957983 84
1756351797051 0.25049300232659216 85
1756351797281 0.24155659455320108 86
1756351797511 0.2320647524750751 87
1756351797742 0.25846144880937494 88
1756351797974 0.2318797960229542 89
1756351798370 0.23579979137234067 90
1756351798601 0.23999874552954797 91
1756351798833 0.21509332695732947 92
1756351799064 0.20982358442700427 93
1756351799294 0.22102953040081522 94
1756351799527 0.23585568692373193 95
1756351799761 0.21339535907558774 96
1756351799993 0.19705987430137137 97
1756351800226 0.21739573452783667 98
1756351800458 0.218956026694049 99
1756351800690 0.2128949048726455 100
1756351801105 0.20965857998184537 101
1756351801337 0.19989478005015332 102
1756351801568 0.21337109091489212 103
1756351801800 0.20671040532381638 104
1756351802031 0.19468933149524356 105
1756351802262 0.18384084688580554 106
1756351802493 0.21347391475801883 107
1756351802724 0.19714796348758365 108
1756351802955 0.19035265173601068 109
1756351803186 0.18761152223400449 110
1756351803416 0.1971439874690512 111
1756351803646 0.1790883508713349 112
1756351803878 0.1825383882159772 113
1756351804313 0.1892849958461264 114
1756351804545 0.19275462433047916 115
1756351804776 0.19619235914686453 116
1756351805007 0.1848442211099293 117
1756351805238 0.17616006991137628 118
1756351805469 0.17959109855734784 119
1756351805699 0.18529836185600446 120
1756351805930 0.16687458559222842 121
1756351806162 0.1674085849005243 122
1756351806393 0.17317767700423364 123
1756351806625 0.18394579705984695 124
1756351806857 0.17684627875037814 125
1756351981623 0.9343037449795267 1
1756351982113 0.8976303053938824 2
1756351982356 0.9289596028949904 3
1756351982600 0.852272163266721 4
1756351982843 0.7343408361725186 5
1756351983084 0.6589805898459061 6
1756351983328 0.6589529281077178 7
1756351983571 0.660180283629376 8
1756351983813 0.5993600124898164 9
1756351984221 0.5623631529186083 10
1756351984462 0.5071216121963833 11
1756351984704 0.4844801231570866 12
1756351984946 0.48727951231210126 13
1756351985188 0.5024257574392401 14
1756351985431 0.48125008137329767 15
1756351985672 0.47550622535788495 16
1756351985915 0.4565922993680705 17
1756351986157 0.4445730279321256 18
1756351986400 0.4515976581884467 19
1756351986644 0.4278875848521357 20
1756351986885 0.482745419377866 21
1756351987305 0.4354033236918242 22
1756351987549 0.4072033568568852 23
1756351987792 0.4090637642404307 24
1756351988038 0.39972709313682886 25
1756351988281 0.4222058187360349 26
1756351988524 0.415542624566866 27
1756351988767 0.38131116654561914 28
1756351989010 0.3841451626756917 29
1756351989254 0.3996291354946468 30
1756351989495 0.39631520017333655 31
1756351989740 0.39536090648692584 32
1756351990147 0.3818542348301929 33
1756351990392 0.3623737485512443 34
1756351990636 0.3599899514861729 35
1756351990880 0.3580780910409015 36
1756351991125 0.3339405228262362 37
1756351991372 0.3230099665082019 38
1756351991616 0.3370569775933805 39
1756351991859 0.3325415007446123 40
1756351992281 0.3577062358026919 41
1756351992525 0.34035208302995434 42
1756351992770 0.32006665286810504 43
1756351993015 0.3420300885387089 44
1756351993260 0.2982461964306624 45
1756351993504 0.29044626912345056 46
1756351993749 0.3193864304086436 47
1756351993996 0.3144143962341806 48
1756351994240 0.30507833866969397 49
1756351994649 0.31548062355622003 50
1756351994894 0.29070598923641705 51
1756351995138 0.2684347558280696 52
1756351995382 0.2875086211639902 53
1756351995626 0.29245372181353363 54
1756351995871 0.30732250796711963 55
1756351996116 0.3127061264670413 56
1756351996359 0.2853963640720948 57
1756351996604 0.3306267391080442 58
1756351996849 0.35743871396002563 59
1756351997092 0.36796821977781213 60
1756351997512 0.3835301567678866 61
1756351997756 0.35056670204452844 62
1756351998000 0.30199271310930664 63
1756351998246 0.30206596916136536 64
1756351998489 0.2968673770842345 65
1756351998734 0.320435533704965 66
1756351998978 0.3160785760568536 67
1756351999221 0.27961095908413763 68
1756351999464 0.2647744780001433 69
1756351999707 0.2757516172916993 70
1756351999950 0.2833202422960945 71
1756352000361 0.2914950316366942 72
1756352000606 0.25314002516477 73
1756352000849 0.27659074119899585 74
1756352001094 0.2620355020398679 75
1756352001338 0.26332299476084503 76
1756352001580 0.2696749775306038 77
1756352001824 0.24182535124861676 78
1756352002067 0.2414020721031272 79
1756352002311 0.24226883960806805 80
1756352002555 0.25004006922245026 81
1756352002799 0.21714262664318085 82
1756352003213 0.2326121932786444 83
1756352003457 0.2259140863366749 84
1756352154963 1.043762919695481 1
1756352155219 1.024576337441154 2
1756352155472 0.8529432752858037 3
1756352155726 0.7217845579852229 4
1756352156223 0.649888400150382 5
1756352156478 0.6068968021351359 6
1756352156732 0.5857579125010449 7
1756352156986 0.5574237652446913 8
1756352157240 0.5374913889428844 9
1756352157493 0.5214723711428435 10
1756352157748 0.563835392827573 11
1756352158001 0.6213991680870885 12
1756352158415 0.5665081881958506 13
1756352158670 0.4624319504136625 14
1756352158922 0.5110005788181139 15
1756352159175 0.5131511480911918 16
1756352159428 0.4605960081452909 17
1756352159682 0.4723759306513745 18
1756352159935 0.4792559522649516 19
1756352160192 0.49144569557646045 20
1756352160445 0.42670444561087567 21
1756352160870 0.42476645500763605 22
1756352161123 0.3816149727157924 23
1756352161377 0.39074139750522113 24
1756352161631 0.402472497328468 25
1756352161885 0.3951123447521873 26
1756352162139 0.37513487753660785 27
1756352162393 0.3658004545647165 28
1756352162648 0.3885268672652867 29
1756352162902 0.36505130581233813 30
1756352163314 0.40998439296432165 31
1756352163567 0.37696881916212 32
1756352163821 0.32830849289894104 33
1756352164075 0.3601878116960111 34
1756352164329 0.34714138637418335 35
1756352164584 0.3987046337645987 36
1756352164837 0.3829951234485792 37
1756352165091 0.3566225482069928 38
1756352165345 0.3562127649784088 39
1756352165760 0.3518877094206603 40
1756352166015 0.3308837115764618 41
1756352166268 0.3219025860662046 42
1756352166523 0.30458215786063153 43
1756352166778 0.3014421838781108 44
1756352167033 0.3882119927717292 45
1756352167288 0.3558266240617503 46
1756352167543 0.3174707299989203 47
1756352167953 0.33412688970565796 48
1756352168208 0.30893983270811 49
1756352168462 0.29486479189084924 50
1756352168718 0.30540581954562146 51
1756352168973 0.29801319539546967 52
1756352169228 0.29880935407203174 53
1756352169485 0.3341680927121121 54
1756352169740 0.2913807818423147 55
1756352169994 0.29182834664116736 56
1756352170402 0.2610300254562627 57
1756352170657 0.28243180915065436 58
1756352170911 0.26710815209409466 59
1756352171165 0.26883375709471496 60
1756352171418 0.24626050824704376 61
1756352171674 0.24928910835929538 62
1756352171928 0.2414172447246054 63
1756352172183 0.24238814413547516 64
1756352172439 0.24098317519478177 65
1756352172881 0.23321346031582874 66
1756352173135 0.22529069884963657 67
1756352173389 0.23749933165052664 68
1756352173644 0.23142851111681564 69
1756352173899 0.22878415817799774 70
1756352174154 0.2251600409331529 71
1756352174409 0.2486905099257179 72
1756352174663 0.2598547734644102 73
1756352174921 0.32826739031335583 74
1756352175349 0.2645112314949865 75
1756352175606 0.22893963754177094 76
1756352175861 0.22096614928349204 77
1756352176116 0.2518440238807512 78
1756352176372 0.258131667971611 79
1756352176629 0.22330582336239194 80
1756352176887 0.23884929327861124 81
1756352177144 0.2171675277792889 82
1756352177582 0.2057273102843243 83
1756352177838 0.20573089433752972 84
1756352178094 0.2197344439185184 85
1756352178349 0.21126027146111365 86
1756352178605 0.2127128690481186 87
1756352178860 0.21222275754679804 88
1756352179114 0.19732955940391705 89
1756352179370 0.20355556840481964 90
1756352179624 0.2226361684177233 91
1756352180048 0.19262727641541025 92
1756352180305 0.20435266391090726 93
1756352180560 0.2171672109676444 94
1756352180816 0.19318395010803058 95
1756352181071 0.2037695341784021 96
1756352181328 0.19701214652994406 97
1756352181585 0.18699789954268414 98
1756352181843 0.1833173360513604 99
1756352182101 0.18212059852869614 100
1756352182529 0.1995651074077772 101
1756352182786 0.1889162601336189 102
1756352183041 0.18856032581433005 103
1756352183297 0.1775854255842126 104
1756352183553 0.18196540811787482 105
1756352385206 1.058477943358214 1
1756352385476 0.9592097323873768 2
1756352385742 0.8426003767096478 3
1756352386008 0.7364503378453462 4
1756352386275 0.6828291753064031 5
1756352386542 0.7108987932619841 6
1756352386808 0.6568864519181459 7
1756352387316 0.5719889078451239 8
1756352387583 0.555360690407131 9
1756352387850 0.5161979418733845 10
1756352388116 0.4800632751506308 11
1756352388383 0.4737377879412278 12
1756352388649 0.4763477755629498 13
1756352388913 0.49552109578381415 14
1756352389182 0.49674042281897174 15
1756352389449 0.4901742494624594 16
1756352389866 0.4755652922651042 17
1756352390133 0.47314546419226605 18
1756352390399 0.4862054327259893 19
1756352390667 0.5835313123205433 20
1756352390933 0.48896982488424884 21
1756352391201 0.47365710268849914 22
1756352391467 0.416360625754232 23
1756352391733 0.4078515275664952 24
1756352391999 0.42936258471530414 25
1756352392416 0.4358937831028648 26
1756352392683 0.4529211909874626 27
1756352392949 0.42745875405228656 28
1756352393215 0.4237148709919142 29
1756352393481 0.4395487852718519 30
1756352393747 0.4110158526379129 31
1756352394015 0.38737022099287616 32
1756352394285 0.37600768908210425 33
1756352394552 0.3639525064955587 34
1756352394971 0.385216500448144 35
1756352395239 0.40453264246816223 36
1756352395505 0.366740424995837 37
1756352395770 0.3926328861195108 38
1756352396036 0.34882598985796387 39
1756352396303 0.3184050697347392 40
1756352396571 0.3345763190932896 41
1756352396838 0.3179154415493426 42
1756352397105 0.35981650326562964 43
1756352397523 0.37653819374416186 44
1756352397789 0.3341179010660752 45
1756352398056 0.3039380882097327 46
1756352398325 0.3227089883192726 47
1756352398594 0.3414013295069985 48
1756352398862 0.31011104130226635 49
1756352399130 0.29816741787869 50
1756352399397 0.2966398881829303 51
1756352399665 0.29718159074368683 52
1756352400084 0.33085408677225525 53
1756352400350 0.2851919596609862 54
1756352400618 0.2882522772187772 55
1756352400885 0.2831765931585561 56
1756352401152 0.3010329850341963 57
1756352401420 0.28455178957918414 58
1756352401688 0.31080441500829614 59
1756352401957 0.2896138805410136 60
1756352402386 0.30536838329356647 61
1756352402656 0.3182462233564128 62
1756352402924 0.2946585131728131 63
1756352403193 0.2662097870007805 64
1756352403460 0.2583709320296412 65
1756352403727 0.2660700367844623 66
1756352403995 0.2816559393768725 67
1756352404263 0.26587143086868786 68
1756352404533 0.28344641690668854 69
1756352404958 0.2802979006715443 70
1756352405228 0.2668048123950544 71
1756352405496 0.24685518184433813 72
1756352405763 0.25481055676937103 73
1756352406034 0.2618209713179132 74
1756352406304 0.2501122199970743 75
1756352406571 0.2574625747359317 76
1756352406839 0.2457286819167759 77
1756352407109 0.2497689698053443 78
1756352407566 0.23191651961077814 79
1756352407834 0.23133353824200836 80
1756352408101 0.2260895047498786 81
1756352408370 0.23973346598770306 82
1756352408641 0.2274406928083171 83
1756352408909 0.22563868890637936 84
1756352409177 0.20704472907211469 85
1756352409446 0.21347701096016428 86
1756352409714 0.21621513625849847 87
1756352410149 0.21904621111310046 88
1756352410417 0.21854503128839575 89
1756352410684 0.21461172661055689 90
1756352410951 0.21317747947962387 91
1756352411219 0.19703461100225864 92
1756352411487 0.2129365264073662 93
1756352411756 0.2085224713968194 94
1756352412023 0.2114566454420919 95
1756352412453 0.21619926911333334 96
1756352412723 0.22017665855262591 97
1756352412992 0.19537659183792447 98
1756352413261 0.21780927608842435 99
1756352413529 0.22467489929302878 100
1756352413798 0.2197429349888926 101
1756352414066 0.2036715065655501 102
1756352414335 0.19268654092498447 103
1756352414604 0.1882511694794116 104
1756352415034 0.18239603677521582 105
1756352415306 0.1983143343873646 106
1756352415575 0.18401893066323322 107
1756352415843 0.19330644218818002 108
1756352416109 0.17450296619664069 109
1756352416377 0.19001262019509854 110
1756352416644 0.1974265024713848 111
1756352416912 0.18756825120552725 112
1756352417181 0.18662218490372534 113
1756352417609 0.18808946207813595 114
1756352417877 0.1780567836502324 115
1756352418146 0.17128048383671304 116
1756352418414 0.17301361586736597 117
1756352418683 0.1747185827597328 118
1756352418952 0.16216929807611133 119
1756352419221 0.17263632364895032 120
1756352419488 0.1778744627600131 121
1756352419757 0.17335936686267023 122
1756352420182 0.17356676705505536 123
1756352420450 0.1727392245893893 124
1756352420719 0.17523092679355456 125
1756352420988 0.16932241003150525 126
1756352421258 0.16227131077776785 127
1756352421526 0.16258440523043924 128
1756352421793 0.16502065762229587 129
1756352422062 0.16124514976273413 130
1756352422491 0.17613638419172037 131
1756352422760 0.16474667321080746 132
1756352423028 0.1728381054556888 133
1756352423297 0.16170021373292673 134
1756352423568 0.16481696004452911 135
1756352606379 1.1027891869130342 1
1756352606665 1.0291996235432832 2
1756352606948 0.8339204140331434 3
1756352607230 0.7391415964002195 4
1756352607510 0.6655674369438834 5
1756352608055 0.6923298654348954 6
1756352608336 0.6141123642092166 7
1756352608618 0.6337691389996073 8
1756352608900 0.5309082114178202 9
1756352609181 0.5499063885730245 10
1756352609461 0.5497260832268259 11
1756352609741 0.5258785240028215 12
1756352610188 0.4726300174775331 13
1756352610470 0.46309020337851153 14
1756352610751 0.5181003394334213 15
1756352611033 0.6488662867442422 16
1756352611315 0.5348788072233615 17
1756352611597 0.47280136269071826 18
1756352611878 0.491552947655968 19
1756352612159 0.5244478388972904 20
1756352612610 0.42583591652953107 21
1756352612895 0.4229904594628707 22
1756352613178 0.41946890431901684 23
1756352613459 0.45282021164894104 24
1756352613741 0.42970485790916113 25
1756352614022 0.45663183538810065 26
1756352614304 0.42930158713589545 27
1756352614585 0.40178464029146277 28
1756352615041 0.38923527883446735 29
1756352615325 0.3997567568136298 30
1756352615606 0.4051141829594322 31
1756352615888 0.3600671913312829 32
1756352616172 0.36009147892827575 33
1756352616453 0.36283400395642157 34
1756352616735 0.36737537124882574 35
1756352617017 0.37315570271533466 36
1756352617463 0.3471841928751572 37
1756352617743 0.3570635357628698 38
1756352618024 0.3729637472525887 39
1756352618305 0.3656663220861684 40
1756352618588 0.3483262606289076 41
1756352618870 0.36446711550588196 42
1756352619152 0.3225331565608149 43
1756352619433 0.3256013600722603 44
1756352619879 0.34672090735124506 45
1756352620161 0.29753717650537903 46
1756352620443 0.32218950662923895 47
1756352620725 0.29702164167943207 48
1756352621009 0.2958860177060832 49
1756352621292 0.31087749030279077 50
1756352621576 0.3170038824496062 51
1756352621859 0.3220662967018459 52
1756352622308 0.3158334027165952 53
1756352622592 0.35531497519949207 54
1756352622873 0.3110947738523069 55
1756352623156 0.2948837293230969 56
1756352623443 0.35318524811578833 57
1756352623729 0.31896749981071637 58
1756352624010 0.30103224580702576 59
1756352624459 0.29086649936178455 60
1756352624741 0.2743079908516096 61
1756352625023 0.3300079657979634 62
1756352625307 0.3015761498523795 63
1756352625590 0.2863941386989925 64
1756352625873 0.2875344630168832 65
1756352626155 0.26279915286147076 66
1756352626438 0.24447085287259973 67
1756352626721 0.26634834901146265 68
1756352627170 0.2835749413656152 69
1756352627453 0.26078580902970355 70
1756352627737 0.28604111075401306 71
1756352887148 1.0040349597516267 1
1756352887447 1.0139547171800032 2
1756352887743 0.8685232971025549 3
1756352888040 0.749191403388977 4
1756352888336 0.7018850549407627 5
1756352888632 0.6819769740104675 6
1756352888929 0.6254867470782736 7
1756352889470 0.6408474082532136 8
1756352889769 0.6223600454952406 9
1756352890068 0.6769489931023639 10
1756352890367 0.5679341152958248 11
1756352890664 0.5430921173614004 12
1756352890961 0.5041148831015048 13
1756352891409 0.5147440122521442 14
1756352891705 0.5095989587514297 15
1756352892002 0.4770071584245433 16
1756352892299 0.49150251564772235 17
1756352892597 0.4630688195643218 18
1756352892893 0.4348851792190386 19
1756352893189 0.44635039827098016 20
1756352893484 0.4425622548746026 21
1756352893780 0.42729437869528064 22
1756352894080 0.4349114389523216 23
1756352894546 0.4136497132156206 24
1756352894843 0.40954532701036206 25
1756352895142 0.4387725151103476 26
1756352895441 0.4119024458138839 27
1756352895739 0.4006230416505233 28
1756352896040 0.41931295265322144 29
1756352896509 0.41190992230954376 30
1756352896806 0.4111888914004616 31
1756352897103 0.4034911225671354 32
1756352897403 0.3641026836374532 33
1756352897701 0.34145355224609375 34
1756352898002 0.3648796340693598 35
1756352898299 0.3926300341668336 36
1756352898596 0.35045160353183746 37
1756352898896 0.35254313764364825 38
1756352899193 0.3509090257727582 39
1756352899491 0.3373490999574247 40
1756352899788 0.33964706374251324 41
1756352900086 0.3468998275373293 42
1756352900557 0.3339588382969732 43
1756352900855 0.3049982235483501 44
1756352901153 0.319126361090204 45
1756352901451 0.31147239130476245 46
1756352901748 0.2852155643960704 47
1756352902048 0.3047568344551584 48
1756352902347 0.31111169444478076 49
1756352902823 0.31075393505718396 50
1756352903122 0.34141076777292334 51
1756352903424 0.33998577491096826 52
1756352903724 0.32214127416196076 53
1756352904024 0.33003044970657514 54
1756352904324 0.3062792245460593 55
1756352904793 0.34792688683323236 56
1756352905095 0.2938631805388824 57
1756352905393 0.26568059623241425 58
1756352905692 0.29268645268419513 59
1756352905992 0.28331946160482324 60
1756352906291 0.2834337347227594 61
1756352906758 0.27754327590050903 62
1756352907058 0.27410513097825256 63
1756352907359 0.2915186564559522 64
1756352907660 0.27673736344213073 65
1756352908133 0.27770095934038574 66
1756352908432 0.2622706773488418 67
1756352908730 0.28090324414813 68
1756352909028 0.25726286548635235 69
1756353122466 0.9740836957226628 1
1756353122783 0.8915399261142897 2
1756353123095 0.9665863643521848 3
1756353123403 0.8914212532665419 4
1756353123713 0.6925700358722521 5
1756353124299 0.7055457545363385 6
1756353124612 0.6107477416162905 7
1756353124926 0.5755708982115206 8
1756353125238 0.5275971695132877 9
1756353125548 0.5572482515936312 10
1756353125860 0.48956495912178705 11
1756353126173 0.5050593899643939 12
1756353126486 0.46614883904871734 13
1756353126959 0.4809473234674205 14
1756353127271 0.5380613855693651 15
1756353127582 0.5130990056887917 16
1756353127893 0.4537242819433627 17
1756353128206 0.4746008178462153 18
1756353128518 0.4427142078461854 19
1756353128830 0.5128136510434358 20
1756353129306 0.5594519739565642 21
1756353129618 0.4933653305406156 22
1756353129929 0.5102943778038025 23
1756353130242 0.48470961529275647 24
1756353130553 0.4460177162419195 25
1756353130867 0.44832200459812 26
1756353131181 0.43681199135987653 27
1756353131654 0.46748020078824915 28
1756353131967 0.42173008167225384 29
1756353132279 0.40360349675883417 30
1756353132592 0.41657609524934186 31
1756353132906 0.3842842073544212 32
1756353133218 0.37512969711552496 33
1756353133530 0.4177831981493079 34
1756353134004 0.38814113710237585 35
1756353134319 0.39646373624386994 36
1756353134632 0.373108288516169 37
1756353134945 0.3841996011526688 38
1756353135258 0.4374308236267256 39
1756353135570 0.4203786111396292 40
1756353135881 0.3492206179577371 41
1756353136355 0.326108887143757 42
1756353136668 0.3454857248327006 43
1756353136980 0.3629396220912104 44
1756353137292 0.3480505230634109 45
1756353137604 0.3222048438113669 46
1756353137916 0.3391338120336118 47
1756353138230 0.31857775086941925 48
1756353138705 0.3139498505903327 49
1756353139020 0.302978023238804 50
1756353139332 0.3373238709957703 51
1756353139645 0.3078834220119145 52
1756353139960 0.3027411142121191 53
1756353140274 0.30918008024277893 54
1756353140588 0.2953458272892496 55
1756353141062 0.2999179227196652 56
1756353141376 0.2865403994269993 57
1756353141687 0.29354999376379926 58
1756353141998 0.2879607249861178 59
1756353142312 0.3066362634949062 60
1756353142624 0.2863990314628767 61
1756353142937 0.27869253961936286 62
1756353143453 0.2897133049757584 63
1756353143770 0.27519062420596246 64
1756353144086 0.2792629968860875 65
1756353144398 0.25569299446499866 66
1756353144712 0.26534493980200397 67
1756353145025 0.2741531885188559 68
1756353145338 0.25131094002205395 69
1756353145846 0.2585191461055175 70
1756353146162 0.23707019181355185 71
1756353146474 0.232755896837815 72
1756353146789 0.23442855282970096 73
1756353147103 0.24017942923566568 74
1756353147415 0.23391926094241763 75
1756353147727 0.25009269753228064 76
1756353148231 0.23652349477228912 77
1756353148545 0.23455863348815753 78
1756353148860 0.22795975013919498 79
1756353149174 0.240805904502454 80
1756353149489 0.22645047630952753 81
1756353149803 0.2361538053854652 82
1756353150119 0.22022477116273798 83
1756353150622 0.22923643044803454 84
1756353150936 0.2553403034158375 85
1756353151248 0.2305912505025449 86
1756353151563 0.23267238684322522 87
1756353151877 0.20480877614539603 88
1756353152191 0.20437509080638055 89
1756353152505 0.19926880688770957 90
1756353152992 0.1961092488921207 91
1756353153306 0.19708635431268942 92
1756353153621 0.19597234544546707 93
1756353153936 0.20718220653741257 94
1756353154250 0.1971511212380036 95
1756353154563 0.18722503146399622 96
1756353154877 0.19676642249459805 97
1756353155361 0.19315144225307132 98
1756353155674 0.1862869470015816 99
1756353155988 0.19638234441695007 100
1756353156301 0.19810088367565817 101
1756353156615 0.19186253975266995 102
1756353156929 0.19775863963624704 103
1756353157411 0.18967205026875372 104
1756353157723 0.1853276102439217 105
1756353158037 0.1808645530887272 106
1756353158351 0.17976636083229727 107
1756353158663 0.18882618585358496 108
1756353158976 0.18500066451404407 109
1756353159289 0.1999604073555573 110
1756353159768 0.1894508315169293 111
1756353419292 0.940336393273395 1
1756353419620 0.8999126294384832 2
1756353419946 0.7949683122012926 3
1756353420529 0.7631432984186255 4
1756353420852 0.6640600393647733 5
1756353421176 0.6121364015599956 6
1756353421501 0.6124318099540212 7
1756353421828 0.7042883064435876 8
1756353422327 0.6325557905694713 9
1756353422653 0.5526727412057959 10
1756353422979 0.5683499807896821 11
1756353423303 0.6015754899253016 12
1756353423628 0.5123866200447083 13
1756353423952 0.49780745998672815 14
1756353424450 0.46302605064018915 15
1756353424776 0.4485696580099023 16
1756353425101 0.4525864266830942 17
1756353425425 0.46157413980235223 18
1756353425749 0.44091662764549255 19
1756353426073 0.4638496391151262 20
1756353426570 0.44874915610189026 21
1756353426894 0.42915116185727326 22
1756353427221 0.44003151940262836 23
1756353427545 0.40467110664948175 24
1756353427869 0.4261193132918814 25
1756353428194 0.41187579865040985 26
1756353428687 0.3916628827219424 27
1756353429013 0.3960181630176047 28
1756353429339 0.40669841870017676 29
1756353429666 0.36811735059904016 30
1756353429993 0.3884296119213104 31
1756353430319 0.3499852574389914 32
1756353430818 0.36913172188012494 33
1756353431143 0.34802712824033655 34
1756353431468 0.344719463068506 35
1756353431794 0.3301931904709857 36
1756353432121 0.32700068536012067 37
1756353432449 0.34025784549505816 38
1756353432945 0.3361849117538203 39
1756353433272 0.34160632024640625 40
1756353433597 0.48489398671233136 41
1756353433922 0.37204020956288214 42
1756353434250 0.3930355958316637 43
1756353434748 0.3410121228383935 44
1756353435074 0.35096838681594184 45
1756353435400 0.3693952236486518 46
1756353435727 0.37367363468460413 47
1756353436053 0.3726941087971563 48
1756353436380 0.33238024167392566 49
1756353436875 0.31319604230963666 50
1756353437201 0.30890102360559546 51
1756353437528 0.296292614677678 52
1756353437853 0.3072933684224668 53
1756353438181 0.2853979915380478 54
1756353438506 0.28978891929854517 55
1756353439001 0.2686638812655988 56
1756353439326 0.2856011138014171 57
1756353439653 0.27936094545799756 58
1756353439980 0.27161436754724255 59
1756353440305 0.2642920574416285 60
1756353440630 0.3086321431657542 61
1756353441127 0.2985963419727657 62
1756353441452 0.2759275041196657 63
1756353441777 0.2827784574550131 64
1756353442104 0.2973374264395755 65
1756353442434 0.2892020752896433 66
1756353442761 0.27610289726568304 67
1756353443280 0.27346772732942 68
1756353443607 0.26985426182332245 69
1756353443933 0.27431561311949854 70
1756353444259 0.2551219774329144 71
1756353444585 0.2765969394341759 72
1756353445094 0.24762329653553342 73
1756353445422 0.24829497998175415 74
1756353445749 0.2350666827481726 75
1756353446074 0.23688853953195654 76
1756353446399 0.22827467127986575 77
1756353446726 0.23468868564004483 78
1756353447228 0.25652047667814337 79
1756353447556 0.25635843238104944 80
1756353447882 0.23596285607503809 81
1756353448209 0.22870079913864966 82
1756353448536 0.21550277976886087 83
1756353448864 0.2291696583447249 84
1756353449366 0.22673631232717764 85
1756353449695 0.20430866920429727 86
1756353450023 0.21251082225986148 87
1756353450351 0.21628498512765634 88
1756353450683 0.23388638574144113 89
1756353451183 0.22052258253097534 90
1756353451513 0.2059261274078618 91
1756353451842 0.21662266552448273 92
1756353452171 0.20491800165694693 93
1756353452502 0.2033620632213095 94
1756353453005 0.18333144680313443 95
1756353453335 0.2034070556578429 96
1756353453664 0.2079407475564791 97
1756353736212 1.059521936851999 1
1756353736557 0.9490726512411366 2
1756353736899 0.8290203706077908 3
1756353737242 0.7483468833176986 4
1756353737836 0.7156292433324067 5
1756353738177 0.7303221640379532 6
1756353738521 0.6597730063873789 7
1756353738864 0.6270300616388735 8
1756353739208 0.5972159440102784 9
1756353739709 0.5765140561953835 10
1756353740052 0.5972297269365062 11
1756353740396 0.5270049831141597 12
1756353740739 0.5717748623827229 13
1756353741082 0.5398492942685666 14
1756353741422 0.5242671059525531 15
1756353741925 0.5959854074146437 16
1756353742269 0.5319431281608084 17
1756353742610 0.5068957196629565 18
1756353742954 0.5008512165235437 19
1756353743296 0.5916058602540389 20
1756353743796 0.5463197620018668 21
1756353744139 0.5065772572289342 22
1756353744484 0.5077496792959131 23
1756353744826 0.4888464601143547 24
1756353745168 0.473632011724555 25
1756353745509 0.44428550419600116 26
1756353746008 0.4624744562999062 27
1756353746351 0.4301470751347749 28
1756353746694 0.4529818736988565 29
1756353747037 0.4656590041906937 30
1756353747381 0.433438241481781 31
1756353747879 0.43257560418999713 32
1756353748222 0.43041039679361426 33
1756353748566 0.3951768292033154 34
1756353748908 0.3943513696608336 35
1756353749250 0.39665809403295105 36
1756353749748 0.3843762693197831 37
1756353750090 0.3861071739507758 38
1756353750433 0.3986606170301852 39
1756353750775 0.38195859349292255 40
1756353751116 0.3947953970535942 41
1756353751619 0.38584825785263727 42
1756353751963 0.411210932161497 43
1756353752306 0.4491575891556947 44
1756353752650 0.3928094907947209 45
1756353752995 0.3788698497025863 46
1756353753338 0.37648441998854926 47
1756353753847 0.39809640723726025 48
1756353754193 0.37716378984243976 49
1756353754538 0.35043351546577783 50
1756353754880 0.34864038747289905 51
1756353755224 0.3489209063675093 52
1756353755730 0.3453088104724884 53
1756353756073 0.3575400826723679 54
1756353756416 0.3316848874092102 55
1756353756762 0.32320446035136347 56
1756353757106 0.32209576212841534 57
1756353757614 0.34301017678302265 58
1756353757958 0.3720107052637183 59
1756353758302 0.3369898200035095 60
1756353758645 0.3440549619819807 61
1756353758990 0.3386313565399336 62
1756353759496 0.32772991773874866 63
1756353759839 0.3340167759553246 64
1756353760181 0.36999192186023877 65
1756353760523 0.33829647043476935 66
1756353760867 0.3666544154934261 67
1756353761211 0.32463947068090027 68
1756353761716 0.3716038640426553 69
1756353762060 0.33076133805772534 70
1756354041599 1.1962276852649192 1
1756354041959 1.1474231118741243 2
1756354042317 1.084531898083894 3
1756354042922 0.9526477559753086 4
1756354043280 0.867390205030856 5
1756354043636 0.7053728103637695 6
1756354043993 0.6254885067110476 7
1756354044350 0.6276510241238967 8
1756354044866 0.5768317683883335 9
1756354045223 0.556201362091562 10
1756354045580 0.5320806995682095 11
1756354045937 0.4976251086463099 12
1756354046293 0.5052840657856154 13
1756354046811 0.5525472436262213 14
1756354047167 0.520574354607126 15
1756354047525 0.46584584272426105 16
1756354047883 0.4464149358479873 17
1756354048241 0.4579017188238061 18
1756354048756 0.4648986769759137 19
1756354049112 0.42282803032709204 20
1756354049468 0.4233462771643763 21
1756354049825 0.48219029022299725 22
1756354050182 0.480790790008462 23
1756354050697 0.4930004438628321 24
1756354051055 0.49824198562165967 25
1756354051411 0.4542890463186347 26
1756354051768 0.4415958083194235 27
1756354052124 0.42940062025318976 28
1756354052676 0.3774964304073997 29
1756354053037 0.38181921062262164 30
1756354053396 0.3637351963831031 31
1756354053755 0.39331508719402813 32
1756354054114 0.4262219110260839 33
1756354054473 0.40625924001569336 34
1756354055027 0.3955647375272668 35
1756354055386 0.39183471772981726 36
1756354055746 0.34964823981989984 37
1756354056105 0.32843195485032123 38
1756354056463 0.3810654178909633 39
1756354057004 0.34992057797701465 40
1756354057363 0.33283138534297113 41
1756354057722 0.33180001637210016 42
1756354058080 0.36673275154569873 43
1756354058439 0.34024108751960425 44
1756354058985 0.32150829615800275 45
1756354059346 0.31539570896521857 46
1756354059704 0.2942518766807473 47
1756354060060 0.3463059119556261 48
1756354060417 0.31768550950547925 49
1756354060959 0.3128613946230515 50
1756354061315 0.2859801824973977 51
1756354061677 0.2834435999393463 52
1756354062036 0.30060894463373267 53
1756354062397 0.31812690716722736 54
1756354062950 0.3670350054036016 55
1756354063310 0.32634441619334015 56
1756354063670 0.32314279481120733 57
1756354064028 0.3206897455713023 58
1756354064387 0.3296993368345758 59
1756354064943 0.29389587692592456 60
1756354065302 0.2707452152086341 61
1756354065662 0.27965017894039984 62
1756354066019 0.29381517288477527 63
1756354066378 0.29030243987622467 64
1756354066734 0.28210940762706427 65
1756354067277 0.29338414383971173 66
1756354067636 0.25162071961423627 67
1756354067995 0.2604597651440164 68
1756354068357 0.28096335089724994 69
1756354068717 0.24882343735383905 70
1756354069251 0.2491791546344757 71
1756354069611 0.24232195123382236 72
1756354069972 0.24159443184085513 73
1756354070332 0.2555782289608665 74
1756354070689 0.23776898371136707 75
1756354071219 0.23214438816775446 76
1756354071578 0.23682265566742938 77
1756354071936 0.22975835139336792 78
1756354072292 0.23188404933266019 79
1756354072653 0.22360183492950772 80
1756354073182 0.25969894943029986 81
1756354073542 0.2234619842923206 82
1756354073903 0.21059350539808688 83
1756354074263 0.21696270937504974 84
1756354074625 0.20231153006139008 85
1756354075182 0.21032905384250308 86
1756354075542 0.2099417260159617 87
1756354075901 0.20852803989596988 88
1756354076259 0.20893990734349127 89
1756354076620 0.20889884686988333 90
1756354077169 0.20495404821375143 91
1756354077527 0.2358016144970189 92
1756354077887 0.2145571443049804 93
1756354336004 0.8812027729075887 1
1756354336379 0.8553365702214448 2
1756354336752 0.8971961166547693 3
1756354337366 0.7987002315728561 4
1756354337738 0.7292697351911793 5
1756354338110 0.7440811577050582 6
1756354338483 0.6642741833044135 7
1756354339029 0.611506392126498 8
1756354339401 0.6181323139563851 9
1756354339772 0.5761849789515786 10
1756354340146 0.5189856187157009 11
1756354340681 0.4804742673169012 12
1756354341054 0.5146575971789982 13
1756354341425 0.4759805176569068 14
1756354341797 0.4628762667593749 15
1756354342169 0.4586076891940573 16
1756354342703 0.44623837781989056 17
1756354343076 0.42315747556479083 18
1756354343448 0.4964430889357691 19
1756354343820 0.4653720428114352 20
1756354344347 0.4431539618450662 21
1756354344722 0.4574921921543453 22
1756354345094 0.460926019627115 23
1756354345622 0.4064577273700548 24
1756354345994 0.39561702116676 25
1756354346369 0.4333195517892423 26
1756354346740 0.4236667246922203 27
1756354347113 0.40860169866810675 28
1756354347646 0.38505879174108093 29
1756354348018 0.37893558325974835 30
1756354348388 0.3755246504493382 31
1756354348761 0.3861957918042722 32
1756354349292 0.3867449721564417 33
1756354349669 0.37376923923907074 34
1756354350043 0.3826024687808493 35
1756354350416 0.37016735776611 36
1756354350945 0.3655300619809524 37
1756354351320 0.37229811108630634 38
1756354351692 0.38147877351097437 39
1756354352064 0.33764753263929614 40
1756354352591 0.37007853388786316 41
1756354352968 0.3770623531030572 42
1756354353341 0.4144683195197064 43
1756354353714 0.37553221116895263 44
1756354354243 0.3732977975969729 45
1756354354616 0.38331190658652264 46
1756354354989 0.3571358050989068 47
1756354355360 0.3158342851244885 48
1756354355886 0.3061369605686354 49
1756354356259 0.3063142066416533 50
1756354356632 0.31846293288728467 51
1756354357003 0.3061921123577201 52
1756354357536 0.3094954393480135 53
1756354357908 0.28460776611514715 54
1756354358281 0.2814081337140954 55
1756354358654 0.27870430181855743 56
1756354359184 0.2837586040082185 57
1756354359556 0.2787871010925459 58
1756354359930 0.2643061701370322 59
1756354360304 0.2651526124581047 60
1756354360833 0.28237736030765204 61
1756354361208 0.3131425782390263 62
1756354361581 0.3076246419678564 63
1756354361955 0.28279068159020465 64
1756354362493 0.2726708022148713 65
1756354362865 0.2730354763891386 66
1756354363238 0.25031257971473364 67
1756354363613 0.2765977829694748 68
1756354363986 0.27217430848142377 69
1756354364536 0.2659961250813111 70
1756354364910 0.2638871287522109 71
1756354365285 0.2803090221208075 72
1756354365829 0.2748039572135262 73
1756354366204 0.25370786436226056 74
1756354366579 0.2320109644661779 75
1756354366955 0.23829690334589584 76
1756354367329 0.24298155048619147 77
1756354367884 0.2544934710730677 78
1756354368258 0.2752887276203736 79
1756354569595 0.9040659951127094 1
1756354569980 0.9431491338688395 2
1756354570362 0.871820462786633 3
1756354570998 0.8421320448751035 4
1756354571379 0.7393886783848638 5
1756354571759 0.6500084814818009 6
1756354572309 0.653406604476597 7
1756354572691 0.6221304963464322 8
1756354573075 0.5344614205153092 9
1756354573457 0.52743385149085 10
1756354574004 0.5145413979240085 11
1756354574387 0.5056593884592471 12
1756354574771 0.5187681239584218 13
1756354575156 0.5596769724203192 14
1756354575538 0.48973674100378284 15
1756354576083 0.48288072840027185 16
1756354576467 0.4780803219131801 17
1756354576849 0.45937450165333954 18
1756354577232 0.4897226626458375 19
1756354577778 0.46470432566559833 20
1756354578161 0.4412440087484277 21
1756354578546 0.4165749148182247 22
1756354578930 0.41190417953159497 23
1756354579480 0.4441155467344367 24
1756354579862 0.41572361277497333 25
1756354580244 0.4549315325591875 26
1756354580627 0.42780568029569543 27
1756354581176 0.4374462469764378 28
1756354581557 0.4672773661820785 29
1756354581940 0.44539018169693323 30
1756354582322 0.4143559129341789 31
1756354582864 0.4639259097368821 32
1756354583248 0.3970101242480071 33
1756354583629 0.3901150174762892 34
1756354584012 0.38318852821122046 35
1756354584557 0.37123891970385675 36
1756354584940 0.3604738841886106 37
1756354585325 0.3408185036286064 38
1756354585709 0.3755499461422796 39
1756354586091 0.36100792755251343 40
1756354586636 0.3555405055699141 41
1756354587022 0.35772336436354596 42
1756354587406 0.4284924683363541 43
1756354587973 0.3527005327784497 44
1756354588356 0.3394612864307735 45
1756354588739 0.32924667389496515 46
1756354589124 0.33080227608266083 47
1756354589508 0.30902537314788153 48
1756354590065 0.31448266622812854 49
1756354590450 0.30923879535301874 50
1756354590833 0.3022243328716444 51
1756354591218 0.2928637914035631 52
1756354591774 0.2727665305137634 53
1756354592157 0.284376956846403 54
1756354592541 0.2807887377946273 55
1756354592924 0.33058657140835473 56
1756354593482 0.37641571526942047 57
1756354593867 0.41044701700625214 58
1756354594248 0.3517757122931273 59
1756354594794 0.334886662338091 60
1756354595181 0.3138428978298021 61
1756354595566 0.33129527257836383 62
1756354595953 0.3022018198085868 63
1756354596337 0.3025912098262621 64
1756354596885 0.3085883881734765 65
1756354597269 0.28027409315109253 66
1756354597655 0.2752663687519405 67
1756354598043 0.294375549192014 68
1756354598589 0.34337899348010187 69
1756354598974 0.3117123660833939 70
1756354599356 0.2736067784869153 71
1756354599741 0.26455331172632135 72
1756354600290 0.2596060484647751 73
1756354600674 0.26529551977696625 74
1756354601057 0.2734297656494638 75
1756354601442 0.2635370467020118 76
1756354602008 0.2750169900448426 77
1756354602395 0.2346359160931214 78
1756354602781 0.23240788864052814 79
1756354603165 0.23183523831160172 80
1756354603730 0.24868529063204062 81
1756354604116 0.2303703265345615 82
1756354962888 0.9511603531630143 1
1756354963541 1.063276726266612 2
1756354963942 0.9299854843512826 3
1756354964349 0.7736692713654559 4
1756354964750 0.7210276386012202 5
1756354965334 0.7017543678698333 6
1756354965733 0.700618098611417 7
1756354966134 0.6205651682356129 8
1756354966530 0.5664482259232065 9
1756354966926 0.5194057601949443 10
1756354967502 0.49263324037842127 11
1756354967902 0.4983894734278969 12
1756354968300 0.5097422185151473 13
1756354968867 0.5116424288438715 14
1756354969267 0.4753481421781623 15
1756354969669 0.46480960560881573 16
1756354970071 0.4466607350370158 17
1756354970634 0.44589496565901715 18
1756354971032 0.4811160719912985 19
1756354971433 0.4687200577362724 20
1756354971832 0.46417243843493255 21
1756354972232 0.4784517262292945 22
1756354972796 0.4156269768010015 23
1756354973193 0.4530048668384552 24
1756354973592 0.42929073390753375 25
1756354973992 0.4304279775723167 26
1756354974561 0.4394170901049738 27
1756354974962 0.4068089594011721 28
1756354975362 0.38013836352721503 29
1756354975761 0.36144137252932007 30
1756354976343 0.37088372785112134 31
1756354976745 0.38077685496081476 32
1756354977143 0.3813446086385976 33
1756354977543 0.35930594024450885 34
1756354978115 0.3581208703310593 35
1756354978514 0.46309131124745245 36
1756354978916 0.45361212284668634 37
1756354979316 0.39563227866006934 38
1756354979876 0.382219734399215 39
1756354980273 0.3605882046015366 40
1756354980671 0.36213452142217883 41
1756354981067 0.341225380482881 42
1756354981628 0.3462901892869369 43
1756354982031 0.29325203273607336 44
1756354982433 0.2950363917195279 45
1756354982833 0.30699613625588623 46
1756354983394 0.3291516783444778 47
1756354983794 0.3173142542009768 48
1756354984194 0.3047288403562877 49
1756354984593 0.29982315392597864 50
1756354985151 0.2779534893191379 51
1756354985552 0.30077977867230127 52
1756354985951 0.27687760150950885 53
1756354986351 0.3050488797218903 54
1756354986907 0.2939222623472628 55
1756354987304 0.2820920976607696 56
1756354987705 0.29886455639548926 57
1756354988107 0.26916417673878046 58
1756354988664 0.2577716870152432 59
1756354989061 0.31176284992176556 60
1756354989457 0.2914543715508088 61
1756354989855 0.2842956114074458 62
1756354990419 0.2784766198500343 63
1756354990818 0.27447065516658453 64
1756354991221 0.28410219433514966 65
1756354991622 0.2740259267713713 66
1756354992023 0.2658834133459174 67
1756354992584 0.2655546989129937 68
1756354992984 0.2897880025531935 69
1756354993383 0.2863002555525821 70
1756354993942 0.26270243266354437 71
1756354994344 0.25015710164671356 72
1756354994749 0.25291770437489386 73
1756354995153 0.24552867205246634 74
1756354995552 0.2648623669924943 75
1756354996115 0.2493422912514728 76
1756354996514 0.2666935622692108 77
1756354996915 0.2573240496542143 78
1756354997318 0.25935204456681793 79
1756354997881 0.2749657611484113 80
1756354998286 0.25293605547884235 81
1756354998688 0.23844453822011533 82
1756354999090 0.2388039820868036 83
1756354999684 0.2230872498906177 84
1756355000084 0.22056250792482626 85
1756355000483 0.21903465817803922 86
1756355001040 0.23399682796519736 87
1756355001441 0.2224818643020547 88
1756355001842 0.2236908013406007 89
1756355002244 0.21778356705022894 90
1756355002645 0.22327141658119534 91
1756355003200 0.22356100445208343 92
1756355003600 0.21421532332897186 93
1756355004001 0.215441033244133 94
1756355004404 0.21887723712817483 95
1756355004963 0.20216187964315 96
1756355005363 0.19583562923514325 97
1756355005764 0.2058175750400709 98
1756355006166 0.18559292023596557 99
1756355006721 0.2138553358938383 100
1756355007122 0.20258978657100513 101
1756355007526 0.2016392874976863 102
1756355007929 0.20974638215873553 103
1756355008484 0.208521601298581 104
1756355008886 0.1868418416251307 105
1756355009289 0.19279798865318298 106
1756355009692 0.20355535914068637 107
1756355010251 0.17964732258216196 108
1756355010649 0.18842152927232825 109
1756355011049 0.1893320303896199 110
1756355241802 0.9489002227783203 1
1756355242482 1.0009727996328603 2
1756355242891 0.8825782900271208 3
1756355243302 0.7949167697325997 4
1756355243715 0.6498874244482621 5
1756355244297 0.6667376601177714 6
1756355244709 0.6480902951696644 7
1756355245121 0.6417101051496423 8
1756355245533 0.5297288117201432 9
1756355246114 0.5222981636938842 10
1756355246528 0.5032609286515609 11
1756355246939 0.49888695322948956 12
1756355247347 0.49848038606021716 13
1756355247928 0.487097873635914 14
1756355248340 0.4739626503509024 15
1756355248752 0.46822901653206866 16
1756355249160 0.4707727341548256 17
1756355249740 0.4461826993071515 18
1756355250151 0.4502245498740155 19
1756355250565 0.43008660622265027 20
1756355250976 0.44122873570608057 21
1756355251575 0.43789301747861115 22
1756355251988 0.419530284145604 23
1756355252399 0.4057537019252777 24
1756355252810 0.4353132532990497 25
1756355253397 0.4798337622829106 26
1756355253809 0.4223629326924034 27
1756355254220 0.40409491113994433 28
1756355254631 0.38151754892390705 29
1756355255218 0.3840125980584518 30
1756355255630 0.37724678412727686 31
1756355256045 0.38419566595036053 32
1756355256457 0.3446307026821634 33
1756355257040 0.3603934347629547 34
1756355257453 0.3708190088686736 35
1756355257864 0.35498256657434546 36
1756355258276 0.3745357808859452 37
1756355258856 0.37978681144507037 38
1756355259268 0.34846223825993744 39
1756355259680 0.376815729815027 40
1756355260094 0.35838313335957733 41
1756355260505 0.3630828177151473 42
1756355261083 0.3243722811989162 43
1756355261495 0.31426774418872333 44
1756355261908 0.3303939304921938 45
1756355262486 0.32400725457979285 46
1756355262899 0.3275364909483039 47
1756355263309 0.3074783436630083 48
1756355263722 0.3080793573804524 49
1756355264298 0.2947476979183114 50
1756355264713 0.29572168510893115 51
1756355265127 0.28717961129934894 52
1756355265539 0.2841062973374906 53
1756355266134 0.2713826208010964 54
1756355266549 0.2604397107725558 55
1756355266965 0.27587016833865124 56
1756355267379 0.27083259496999823 57
1756355267795 0.26632178995920264 58
1756355268377 0.2835148845029914 59
1756355268790 0.29650399153647217 60
1756355269202 0.2734507108512132 61
1756355269613 0.2597177864416786 62
1756355270190 0.2809433917636457 63
1756355270603 0.25882430115471716 64
1756355271016 0.26785210098909296 65
1756355271429 0.2602275778418002 66
1756355272004 0.2538576566654703 67
1756355272416 0.2521725763445315 68
1756355272827 0.25381701148074604 69
1756355273243 0.23986495901709018 70
1756355273816 0.26421968185383343 71
1756355274230 0.35912553253381146 72
1756355274643 0.30572716826977936 73
1756355275056 0.2596552294233571 74
1756355275628 0.24550516255523847 75
1756355276042 0.23903884187988614 76
1756355276458 0.23665188123350558 77
1756355276871 0.23407698390276535 78
1756355277445 0.25032734935698303 79
1756355277859 0.24507879303849261 80
1756355278274 0.23793019743069357 81
1756355527512 1.0381928475006768 1
1756355527942 0.9262411205664925 2
1756355528365 0.7763651272524958 3
1756355529046 0.810662795668063 4
1756355529474 0.7154497867045195 5
1756355529901 0.6419356698575227 6
1756355530327 0.5841762099577033 7
1756355530922 0.5557902196179265 8
1756355531349 0.5191268169361613 9
1756355531775 0.4945313865723817 10
1756355532362 0.4945516987987187 11
1756355532790 0.4863397362439529 12
1756355533216 0.46787028986474744 13
1756355533641 0.4772919455300207 14
1756355534244 0.4810589862906415 15
1756355534674 0.45977675396463147 16
1756355535103 0.45999308902284375 17
1756355535692 0.4246173656505087 18
1756355536121 0.4160851952822312 19
1756355536547 0.40674571887306543 20
1756355536975 0.3969585234704225 21
1756355537567 0.3947033597075421 22
1756355537997 0.38077153071113257 23
1756355538427 0.4046521899492844 24
1756355539041 0.38964597816052643 25
1756355539469 0.48463476481645 26
1756355539900 0.40512922276621277 27
1756355540327 0.4191751596720322 28
1756355540942 0.45241236297980597 29
1756355541369 0.3886719073938287 30
1756355541797 0.3723415784213854 31
1756355542385 0.429030681433885 32
1756355542812 0.3912405889967214 33
1756355543236 0.3706345752529476 34
1756355543661 0.37560907006263733 35
1756355544249 0.3753628717816394 36
1756355544676 0.34976800628330396 37
1756355545105 0.3325784154560255 38
1756355545691 0.3336291844430177 39
1756355546118 0.35959070402642956 40
1756355546546 0.3156566982683928 41
1756355546973 0.2894754532886588 42
1756355547567 0.3379245795633482 43
1756355547993 0.3268168892549432 44
1756355548425 0.2896409300358399 45
1756355549035 0.2753539474114128 46
1756355549458 0.2741767576207285 47
1756355549887 0.27773445002410724 48
1756355550314 0.2690247070530187 49
1756355550928 0.2792883275643639 50
1756355551354 0.28507866678030597 51
1756355551781 0.27570182797701465 52
1756355552373 0.2702546184477599 53
1756355552799 0.2626593631246816 54
1756355553226 0.25177927898324054 55
1756355553652 0.24922755814116934 56
1756355554240 0.2584981872983601 57
1756355554665 0.27147043010462885 58
1756355555091 0.27068606602108997 59
1756355555683 0.29186265753663104 60
1756355556110 0.27124482004538825 61
1756355556535 0.2541290392046389 62
1756355556960 0.3046228140592575 63
1756355557547 0.2839055326969727 64
1756355557973 0.2536958792935247 65
1756355558402 0.27283117175102234 66
1756355559006 0.2680409991222879 67
1756355559434 0.25662871936093207 68
1756355559860 0.2604003328344096 69
1756355560288 0.2567619733188463 70
1756355560881 0.2456893221191738 71
1756355561307 0.2591653103413789 72
1756355561735 0.2338251303071561 73
1756355562320 0.22900858391886172 74
1756355562747 0.22094760770383087 75
1756355563173 0.22217185406581216 76
1756355563599 0.22826468102310016 77
1756355564183 0.2247411654047344 78
1756355564610 0.22652506310006845 79
1756355565038 0.22436880287916763 80
1756355565641 0.21988017727499423 81
1756355566067 0.19793541275936624 82
1756355566495 0.22451899168284042 83
1756355566921 0.2716330918280975 84
1756355567518 0.2530029092146003 85
1756355567946 0.24150750494521597 86
1756355568376 0.22021662346694781 87
1756355568969 0.22935275992621545 88
1756355569395 0.2255772494751474 89
1756355569822 0.21734267149282538 90
1756355570251 0.21553725004196167 91
1756355570846 0.22091579113317572 92
1756355571271 0.20723389996134717 93
1756355571698 0.19315634797448697 94
1756355572295 0.20776872855165732 95
1756355572720 0.21079830371815225 96
1756355573148 0.18698088112084763 97
1756355573575 0.1842901946409889 98
1756355574186 0.19378711153631625 99
1756355574615 0.18066302589748218 100
1756355575044 0.1887434772823168 101
1756355575674 0.23071172120778458 102
1756355576100 0.21677565833796625 103
1756355576545 0.18406182721905087 104
1756355576973 0.1750346804442613 105
1756355577608 0.18202552005000736 106
1756355798351 0.9050959193188212 1
1756355798794 0.8723065308902574 2
1756355799496 0.7906876724699269 3
1756355799932 0.7400894476019818 4
1756355800369 0.665520551412002 5
1756355800970 0.6135681595491327 6
1756355801406 0.5630102779554285 7
1756355801840 0.6057650783787603 8
1756355802436 0.552966111380121 9
1756355802871 0.543876641470453 10
1756355803307 0.5126583459584609 11
1756355803902 0.4587572022624638 12
1756355804337 0.4608256933481797 13
1756355804776 0.44764030627582385 14
1756355805376 0.4531396705171336 15
1756355805811 0.43115798934646277 16
1756355806246 0.4278294625489608 17
1756355806839 0.39189019540081854 18
1756355807276 0.44408064691916754 19
1756355807712 0.424243134001027 20
1756355808307 0.3845113775004511 21
1756355808744 0.3794273552687272 22
1756355809181 0.40819611756697943 23
1756355809771 0.42400167947230133 24
1756355810206 0.3785997097906859 25
1756355810642 0.38665033941683563 26
1756355811236 0.36778954837633215 27
1756355811674 0.3452988668628361 28
1756355812111 0.3747535270193349 29
1756355812705 0.3801974511664847 30
1756355813139 0.34525161204130755 31
1756355813577 0.3257259830184605 32
1756355814171 0.342106889123502 33
1756355814608 0.3541434990323108 34
1756355815045 0.34260865268499957 35
1756355815637 0.3269125352735105 36
1756355816074 0.3717035430928935 37
1756355816512 0.33544355630874634 38
1756355817105 0.31192238952802576 39
1756355817544 0.31872748939887335 40
1756355817981 0.3004805380883424 41
1756355818419 0.3219243002974469 42
1756355819012 0.2869444729193397 43
1756355819450 0.29577497036560724 44
1756355819888 0.27799978787484375 45
1756355820483 0.28560997545719147 46
1756355820919 0.27779656324697577 47
1756355821359 0.33079726022222766 48
1756355821960 0.2975725790728693 49
1756355822401 0.2579645618148472 50
1756355822841 0.2669867387284403 51
1756355823482 0.27852111277372943 52
1756355823920 0.2807297564071158 53
1756355824357 0.2600469803032668 54
1756355825004 0.24522999641687973 55
1756355825442 0.2473837338064028 56
1756355825880 0.2638460987288019 57
1756355826505 0.24550321633401123 58
1756355826942 0.24524625099223593 59
1756355827380 0.26043391551660455 60
1756355827995 0.2670659494140874 61
1756355828435 0.2337565143471179 62
1756355828877 0.2772650938967 63
1756355829509 0.27529727959114575 64
1756355829946 0.2770212098308232 65
1756355830386 0.25259461869364197 66
1756355831012 0.2615786006917124 67
1756355831452 0.2622095417717229 68
1756355831889 0.26171194729597674 69
1756355832510 0.2661502179892167 70
1756355832950 0.25052926397841907 71
1756355833390 0.2259189732696699 72
1756355834004 0.230255461257437 73
1756355834445 0.2219976173794788 74
1756355834884 0.2072963526715403 75
1756355835497 0.21969254509262418 76
1756355835936 0.20288038642510123 77
1756355836545 0.2035003699686216 78
1756355836984 0.19566568991412286 79
1756355837422 0.20808901994124704 80
1756355838032 0.20355886544870294 81
1756355838472 0.20835238630356995 82
1756355838910 0.2007391835036485 83
1756355839520 0.1872948557138443 84
1756355839958 0.18757595510586447 85
1756355840398 0.2028720780559208 86
1756355841003 0.17682289947634158 87
1756355841444 0.18394282265849735 88
1756355841882 0.18395296710988748 89
1756355842489 0.1895499333091404 90
1756355842931 0.18819086674762808 91
1756355843372 0.18512772736342056 92
1756355843979 0.18676514470058939 93
1756355844420 0.180882823208104 94
1756356156076 0.9199696856996288 1
1756356156535 0.7823634769605554 2
1756356157254 0.9257254781930343 3
1756356157705 0.8505556350168975 4
1756356158155 0.7176571410635243 5
1756356158792 0.743938684463501 6
1756356159240 0.6457995940809664 7
1756356159688 0.5913666888423588 8
1756356160328 0.5526646505231443 9
1756356160780 0.5018857587938723 10
1756356161232 0.5172358621721682 11
1756356161888 0.5144983309766521 12
1756356162342 0.46645498794058093 13
1756356162794 0.48406623886979144 14
1756356163441 0.48179623095885565 15
1756356163894 0.4527052213316378 16
1756356164544 0.46025883503582166 17
1756356164998 0.45308106619378796 18
1756356165449 0.4336485486963521 19
1756356166107 0.4147489615108656 20
1756356166556 0.4239575772181801 21
1756356167009 0.4154099809086841 22
1756356167656 0.4101370948812236 23
1756356168103 0.38398841412171075 24
1756356168553 0.36695066742275073 25
1756356169194 0.3615337143773618 26
1756356169644 0.39244174568549445 27
1756356170094 0.35788870116938715 28
1756356170732 0.40307491499444714 29
1756356171184 0.36484259626139764 30
1756356171634 0.3477131581824759 31
1756356172272 0.31764283517132635 32
1756356172724 0.3270971859278886 33
1756356173175 0.33462029565935547 34
1756356173809 0.3776082007781319 35
1756356174260 0.33935797603234 36
1756356174711 0.32962342967157776 37
1756356175344 0.3428999159647071 38
1756356175798 0.36727062126864557 39
1756356176435 0.3731202094451241 40
1756356176886 0.3413900130468866 41
1756356177337 0.324571474738743 42
1756356177967 0.33465162826621014 43
1756356178416 0.31163153570631275 44
1756356178866 0.3072426992913951 45
1756356179493 0.29661948266236676 46
1756356179942 0.3208885698214821 47
1756356180393 0.321105253437291 48
1756356181018 0.2967125961314077 49
1756356181468 0.291708895045778 50
1756356181917 0.30079369052596716 51
1756356182547 0.31213747094506805 52
1756356182995 0.38953486862389936 53
1756356183443 0.3795749298904253 54
1756356184066 0.3584596851597662 55
1756356184516 0.32116202945294586 56
1756356184967 0.2905132498430169 57
1756356185591 0.3293688064036162 58
1756356186040 0.29857652342837787 59
1756356186490 0.2866702896097432 60
1756356187119 0.27976765645586926 61
1756356187569 0.2687628204407899 62
1756356188196 0.25411046199176623 63
1756356188648 0.25931783603585284 64
1756356189101 0.2511741810518762 65
1756356189726 0.2567850765974625 66
1756356190176 0.2600120642910833 67
1756356190630 0.22916252328001935 68
1756356486846 0.9697337124658667 1
1756356487311 0.9291965287664662 2
1756356487773 0.8309689967528634 3
1756356488507 0.755412555259207 4
1756356488967 0.7343650797139043 5
1756356489431 0.6171159977498262 6
1756356490093 0.5804925327715666 7
1756356490556 0.6062326807042827 8
1756356491020 0.515437214270882 9
1756356491666 0.4791758488053861 10
1756356492132 0.5113438782484635 11
1756356492774 0.47484490275382996 12
1756356493239 0.4504957406417183 13
1756356493700 0.4681565904099008 14
1756356494336 0.4914492886999379 15
1756356494797 0.4691641162271085 16
1756356495262 0.5032327952592269 17
1756356495895 0.4547203390494637 18
1756356496359 0.4833683436331542 19
1756356496822 0.5016149567521136 20
1756356497455 0.509522294220717 21
1756356497921 0.4275216097417085 22
1756356498385 0.3892805472664211 23
1756356499045 0.37358329607092816 24
1756356499511 0.3553396955780361 25
1756356499974 0.4020603726739469 26
1756356500624 0.3982267457505931 27
1756356501091 0.3708934485912323 28
1756356501556 0.4078766457412554 29
1756356502204 0.3654345805230348 30
1756356502667 0.3974708590818488 31
1756356503133 0.36939426219981647 32
1756356503776 0.35020039262978925 33
1756356504243 0.3508948275576467 34
1756356504707 0.35215095851732336 35
1756356505348 0.31584664142650104 36
1756356505812 0.3672093554683354 37
1756356506449 0.39716403510259546 38
1756356506917 0.3740417011406111 39
1756356507385 0.3309911722722261 40
1756356508020 0.3253461420536041 41
1756356508485 0.3450349906216497 42
1756356508946 0.31902618058349774 43
1756356509576 0.3140941910121752 44
1756356510040 0.2933714422194854 45
1756356510505 0.26288762105547864 46
1756356511133 0.280051589012146 47
1756356511598 0.26761690365231555 48
1756356512064 0.27789785874926526 49
1756356512693 0.28680498185365094 50
1756356513162 0.2743517212245775 51
1756356513634 0.2797322927609734 52
1756356514273 0.26896562654039136 53
1756356514737 0.2659679087607757 54
1756356515202 0.3102737457855888 55
1756356515834 0.3061173169509224 56
1756356516299 0.2901937670033911 57
1756356516765 0.297844797372818 58
1756356517391 0.28021539035050763 59
1756356517857 0.286934917387755 60
1756356518483 0.27080924290677777 61
1756356518949 0.3024147444445154 62
1756356519413 0.30703465575757233 63
1756356520061 0.2642983833084936 64
1756356520531 0.24811178834541983 65
1756356520995 0.23688722239888232 66
1756356521645 0.2815404190965321 67
1756356522109 0.29632893722990283 68
1756356522575 0.23808324337005615 69
1756356523211 0.23887074835922406 70
1756356523678 0.27079335243805597 71
1756356524146 0.2550975732181383 72
1756356524774 0.22943555142568506 73
1756356525239 0.22225894098696503 74
1756356525704 0.22156758865584497 75
1756356526333 0.21352793405885281 76
1756356526798 0.20748266577720642 77
1756356527267 0.20196828246116638 78
1756356527894 0.21350711389728214 79
1756356528363 0.20777716390464618 80
1756356528830 0.20224979908569998 81
1756356529459 0.1955968582111856 82
1756356529924 0.2295759449834409 83
1756356530551 0.21741672961608224 84
1756356531017 0.20571831710960553 85
1756356531483 0.21985031470008518 86
1756356532115 0.20478686172029245 87
1756356532583 0.1944310477246409 88
1756356533048 0.1836394913818525 89
1756356533693 0.2024121977712797 90
1756356534158 0.1923944354057312 91
1756356534622 0.19059064271657364 92
1756356535254 0.19358782535013946 93
1756356535721 0.1726878019778625 94
1756356536186 0.19199753844219705 95
1756356536831 0.1875069620816604 96
1756356537300 0.1771130471125893 97
1756356537767 0.1818157576996347 98
1756356538407 0.18463631298231042 99
1756356538874 0.17976945897807245 100
1756356539341 0.17507989963759546 101
1756356539976 0.17755497797675754 102
1756356540441 0.18535043623136438 103
1756356540905 0.17400414269903433 104
1756356541536 0.16793637074854062 105
1756356542004 0.15996767126995584 106
1756356542650 0.16654398130333942 107
1756356543116 0.16769953655159991 108
1756356543584 0.16519836498343426 109
1756356544228 0.1640946722548941 110
1756356544698 0.17080034445161404 111
1756356545162 0.15739243250826132 112
1756356545822 0.1654069206636885 113
1756356546290 0.1580967219627422 114
1756356546759 0.1541375981076904 115
1756356946148 0.9828886286072109 1
1756356946885 0.9523901965307153 2
1756356947368 0.8239413370256838 3
1756356948010 0.6470505413801774 4
1756356948494 0.6383101460726365 5
1756356948975 0.6355579339939615 6
1756356949614 0.5681543920351111 7
1756356950096 0.6617322952851005 8
1756356950578 0.6154919733171877 9
1756356951218 0.5893987792989482 10
1756356951701 0.527289867401123 11
1756356952341 0.5177502062009729 12
1756356952824 0.4457201309826063 13
1756356953306 0.4372377123521722 14
1756356953947 0.5151908721612848 15
1756356954435 0.4681154463602149 16
1756356954919 0.41880586872930115 17
1756356955563 0.4281948455001997 18
1756356956049 0.4367256708767103 19
1756356956689 0.5119067547113999 20
1756356957172 0.4302370250225067 21
1756356957655 0.4145650138025698 22
1756356958296 0.4126405314258907 23
1756356958779 0.4317793159381203 24
1756356959263 0.3781686243803605 25
1756356959906 0.3587554667306983 26
1756356960389 0.37361330830532574 27
1756356961029 0.4422458902649257 28
1756356961511 0.36368692828261334 29
1756356961999 0.3554736194403275 30
1756356962646 0.3602308345877606 31
1756356963131 0.33349691396174225 32
1756356963616 0.370456936566726 33
1756356964257 0.41353509348371753 34
1756356964743 0.36324573081472644 35
1756356965387 0.388126948605413 36
1756356965868 0.39287738307662634 37
1756356966349 0.3493978420029516 38
1756356966997 0.3344396579524745 39
1756356967479 0.35338565707206726 40
1756356967961 0.39639282615288446 41
1756356968608 0.3372804431811623 42
1756356969094 0.31052597579748736 43
1756356969730 0.2978971393212028 44
1756356970215 0.30049734530241595 45
1756356970696 0.304458521630453 46
1756356971338 0.3003627806901932 47
1756356971823 0.29871474076872284 48
1756356972309 0.2801230796005415 49
1756356972949 0.2910313068524651 50
1756356973435 0.28871992295203003 51
1756356974123 0.2850307815748712 52
1756356974607 0.2710803209439568 53
1756356975093 0.29137149971464404 54
1756356975747 0.27989580449850665 55
1756356976230 0.2770736515522003 56
1756356976711 0.27179809173812036 57
1756356977360 0.2567580847636513 58
1756356977847 0.25318402829377545 59
1756356978520 0.291821565317071 60
1756356979005 0.2896270162385443 61
1756356979489 0.2644686711871106 62
1756356980140 0.27784251130145526 63
1756356980623 0.30053184732146887 64
1756356981113 0.29331732055415277 65
1756356981787 0.2743566243544869 66
1756356982279 0.27405890757622925 67
1756356982953 0.2636027245417885 68
1756356983444 0.2792453532633574 69
1756356983929 0.24333596229553223 70
1756356984585 0.23544030409792197 71
1756356985069 0.23358397380165433 72
1756356985557 0.22582541341366974 73
1756356986212 0.24312668066957724 74
1756356986696 0.2385558958934701 75
1756356987351 0.3017910958632179 76
1756356987838 0.2601060361965843 77
1756356988321 0.23340871411821115 78
1756356988968 0.2238390231909959 79
1756356989452 0.24126234067522961 80
1756356989937 0.23541532521662506 81
1756356990581 0.25359406160271686 82
1756356991066 0.24921561324078104 83
1756356991712 0.2254126998393432 84
1756356992197 0.2342500161865483 85
1756356992683 0.22577475918375928 86
1756356993355 0.25949583558932593 87
1756356993841 0.2551166305075521 88
1756356994329 0.25737685029921326 89
1756356994988 0.23910121814064358 90
1756356995472 0.22586051536642987 91
1756357316194 1.0154690561087236 1
1756357316698 0.9829715697661691 2
1756357317195 0.7890817030616428 3
1756357317950 0.7613192019255265 4
1756357318447 0.6862752618996993 5
1756357319111 0.6960655917292056 6
1756357319610 0.587607011846874 7
1756357320273 0.56817896210629 8
1756357320770 0.5351196903249492 9
1756357321444 0.5441634810489157 10
1756357321945 0.5480001478091531 11
1756357322443 0.5424867725890615 12
1756357323109 0.5114491776279781 13
1756357323605 0.5219936357892078 14
1756357324272 0.5446370386559031 15
1756357324768 0.5909043045147605 16
1756357325434 0.5136060468528582 17
1756357325930 0.48750448615654657 18
1756357326426 0.5221583713655886 19
1756357327089 0.4853761986545894 20
1756357327589 0.45435027195059735 21
1756357328254 0.4879213143949923 22
1756357328771 0.48236942809561023 23
1756357329436 0.41177411053491675 24
1756357329933 0.4078774815020354 25
1756357330432 0.3990048960499141 26
1756357331096 0.39468349969905353 27
1756357331597 0.3957461844319883 28
1756357332261 0.3719810532486957 29
1756357332757 0.37280397441076196 30
1756357333256 0.4314770776292552 31
1756357333917 0.4247607653555663 32
1756357334414 0.3888166456118874 33
1756357335079 0.36830078130183014 34
1756357335581 0.38416653871536255 35
1756357336252 0.377583771944046 36
1756357336748 0.3954674549724745 37
1756357337244 0.3543182741040769 38
1756357337913 0.3625968616941701 39
1756357338410 0.3350040873755579 40
1756357339083 0.3566813119079756 41
1756357339582 0.337475026431291 42
1756357340248 0.38989849842112995 43
1756357340746 0.33926040970760846 44
1756357341245 0.33374560656754865 45
1756357341906 0.3326255873493526 46
1756357342403 0.31755603137223615 47
1756357343070 0.3077929926955182 48
1756357343569 0.3322090234445489 49
1756357344243 0.30052448420420935 50
1756357344741 0.3079084779905236 51
1756357345241 0.32413186715996783 52
1756357345898 0.32304782711941266 53
1756357346394 0.31011203838431317 54
1756357347056 0.30945567462755286 55
1756357347555 0.27893080076445703 56
1756357348214 0.2823317569235097 57
1756357348713 0.28321110489575757 58
1756357349212 0.2835653800031413 59
1756357349872 0.3082133641709452 60
1756357350371 0.29419083439785504 61
1756357351039 0.30087046778720355 62
1756357351539 0.2821897974480753 63
1756357352203 0.31797210159509076 64
1756357352703 0.2969236950511518 65
1756357353203 0.29897540937299316 66
1756357353869 0.2695615874684375 67
1756357354368 0.24850146602029385 68
1756357355030 0.2627713408159173 69
1756357355530 0.25167993618094403 70
1756357356195 0.2571312137272047 71
