1756349401380 0.0012300402055784926 1
1756349401387 0.002460080411156985 2
1756349401394 0.0036901206167354777 3
1756349401400 0.00492016082231397 4
1756349401406 0.006150201027892463 5
1756349401412 0.006150201027892463 6
1756349401418 0.00614947941305947 7
1756349401424 0.006147314907289353 8
1756349401431 0.006143708526609701 9
1756349401437 0.006138661963869893 10
1756349401443 0.006132177587946482 11
1756349401449 0.006124258442631223 12
1756349401456 0.006114908245202312 13
1756349401462 0.006104131384679475 14
1756349401468 0.006091932919763752 15
1756349401475 0.006078318576462918 16
1756349401481 0.006063294745403671 17
1756349401488 0.006046868478831851 18
1756349401494 0.006029047487302084 19
1756349401501 0.00600984013605842 20
1756349401507 0.005989255441107652 21
1756349401514 0.005967303064987167 22
1756349401520 0.005943993312229313 23
1756349401527 0.005919337124524416 24
1756349401534 0.005893346075584693 25
1756349401540 0.005866032365711523 26
1756349401547 0.005837408816068564 27
1756349401554 0.005807488862663454 28
1756349401561 0.005776286550040896 29
1756349401568 0.0057438165246900905 30
1756349401574 0.0057100940281696174 31
1756349401581 0.005675134889952987 32
1756349401588 0.005638955519998221 33
1756349401595 0.005601572901044957 34
1756349401602 0.0055630045806426805 35
1756349401609 0.0055232686629138345 36
1756349401616 0.005482383800055677 37
1756349401623 0.005440369183584861 38
1756349401631 0.0053972445353288635 39
1756349401638 0.00535303009816848 40
1756349401645 0.005307746626535737 41
1756349401652 0.005261415376671678 42
1756349401659 0.005214058096648602 43
1756349401667 0.00516569701616143 44
1756349401674 0.005116354836093 45
1756349401681 0.00506605471785818 46
1756349401688 0.005014820272531811 47
1756349401696 0.004962675549765571 48
1756349401703 0.00490964502649898 49
1756349401710 0.00485575359546982 50
1756349401718 0.00480102655352939 51
1756349401725 0.00474548958976806 52
1756349401733 0.004689168773456718 53
1756349401740 0.004632090541809738 54
1756349401748 0.00457428168757526 55
1756349401755 0.004515769346458559 56
1756349401763 0.004456580984384443 57
1756349401771 0.004396744384604632 58
1756349401778 0.0043362876346562 59
1756349401786 0.004275239113177164 60
1756349401794 0.004213627476585443 61
1756349401801 0.004151481645627422 62
1756349401809 0.004088830791802438 63
1756349401817 0.004025704323669565 64
1756349401825 0.003962131873043117 65
1756349401832 0.003898143281083356 66
1756349401840 0.0038337685842889375 67
1756349401848 0.0037690380003976565 68
1756349401856 0.0037039819142021205 69
1756349401864 0.003638630863287009 70
1756349401872 0.00357301552369461 71
1756349401880 0.003507166695525363 72
1756349401888 0.0034411152884801723 73
1756349401896 0.00337489230735127 74
1756349401904 0.003308528837468439 75
1756349401912 0.0032420560301074444 76
1756349401921 0.0031755050878674957 77
1756349401929 0.0031089072500246227 78
1756349401937 0.0030422937778678406 79
1756349401945 0.002975695940024968 80
1756349401954 0.002909144997785019 81
1756349401962 0.0028426721904240243 82
1756349401970 0.0027763087205411943 83
1756349401979 0.002710085739412291 84
1756349401987 0.0026440343323671004 85
1756349401995 0.002578185504197854 86
1756349402004 0.002512570164605454 87
1756349402014 0.002447219113690343 88
1756349402028 0.002382163027494807 89
1756349402037 0.002317432443603526 90
1756349402046 0.002253057746809108 91
1756349402054 0.0021890691548493474 92
1756349402063 0.0021254967042228985 93
1756349402072 0.0020623702360900256 94
1756349402080 0.0019997193822650417 95
1756349402089 0.0019375735513070202 96
1756349402099 0.001875961914715299 97
1756349402108 0.0018149133932362624 98
1756349402117 0.001754456643287831 99
1756349402126 0.0016946200435080214 100
1756349402135 0.001635431681433904 101
1756349402144 0.0015769193403172034 102
1756349402153 0.0015191104860827248 103
1756349402162 0.0014620322544357455 104
1756349402171 0.0014057114381244018 105
1756349402180 0.0013501744743630733 106
1756349402190 0.0012954474324226432 107
1756349402199 0.0012415560013934838 108
1756349421137 0.0006771277250172403 1
1756349421148 0.0013542554500344806 2
1756349421158 0.002031383175051721 3
1756349421167 0.002708510900068961 4
1756349421177 0.0033856386250862014 5
1756349421186 0.0033856386250862014 6
1756349421196 0.00338524143439019 7
1756349421205 0.0033840500487450423 8
1756349421215 0.003382065027391902 9
1756349421225 0.0033792873021076587 10
1756349421234 0.003375718176767569 11
1756349421244 0.0033713593267332125 12
1756349421254 0.0033662127980660693 13
1756349421264 0.003360281006567091 14
1756349421273 0.0033535667366427157 15
1756349421283 0.0033460731399978555 16
1756349421293 0.003337803734156472 17
1756349421303 0.003328762400810439 18
1756349421313 0.00331895338399746 19
1756349421322 0.0033083812881089017 20
1756349421332 0.0032970510757284704 21
1756349421342 0.00328496806530276 22
1756349421352 0.0032721379286447493 23
1756349421362 0.003258566688271433 24
1756349421372 0.003244260714576824 25
1756349421382 0.003229226722841671 26
1756349421393 0.003213471770081274 27
1756349421403 0.0031970032517328953 28
1756349421413 0.0031798288981843142 29
1756349421423 0.0031619567711451482 30
1756349421433 0.0031433952598626577 31
1756349421443 0.0031241530771837986 32
1756349421454 0.003104239255465377 33
1756349421464 0.0030836631423342277 34
1756349421474 0.0030624343962993975 35
1756349421484 0.0030405629822184053 36
1756349421495 0.003018059166619698 37
1756349421505 0.0029949335128835013 38
1756349421516 0.0029711968762833264 39
1756349421526 0.0029468603988904623 40
1756349421537 0.0029219355043438437 41
1756349421547 0.002896433892487749 42
1756349421558 0.002870367533879847 43
1756349421568 0.0028437486641721696 44
1756349421579 0.00281658977836765 45
1756349421589 0.002788903624954915 46
1756349421600 0.0027607031999240996 47
1756349421611 0.0027320017406664704 48
1756349421622 0.002702812719760749 49
1756349421632 0.0026731498386490253 50
1756349421643 0.002643027021205248 51
1756349421654 0.0026124584071993023 52
1756349421665 0.0025814583456597482 53
1756349421676 0.0025500413881383256 54
1756349421687 0.0025182222818794023 55
1756349421698 0.0024860159628975554 56
1756349421709 0.0024534375489665508 57
1756349421720 0.0024205023325229954 58
1756349421731 0.002387225773488012 59
1756349421742 0.0023536234920102884 60
1756349421753 0.0023197112611339165 61
1756349421764 0.002285504999394464 62
1756349421775 0.0022510207633467537 63
1756349421786 0.002216274740027847 64
1756349421798 0.0021812832393587906 65
1756349421809 0.00214606268648867 66
1756349421820 0.002110629614084583 67
1756349421831 0.002075000654571138 68
1756349421843 0.0020391925323231305 69
1756349421854 0.002003222055815051 70
1756349421865 0.0019671061097311262 71
1756349421877 0.0019308616470395746 72
1756349421888 0.0018945056810348228 73
1756349421900 0.0018580552773513938 74
1756349421911 0.001821527545953229 75
1756349421923 0.0017849396331022082 76
1756349421934 0.001748308713309623 77
1756349421946 0.001711651981274393 78
1756349421958 0.0016749866438118084 79
1756349421969 0.0016383299117765785 80
1756349421981 0.0016016989919839931 81
1756349421993 0.0015651110791329724 82
1756349422004 0.0015285833477348082 83
1756349422016 0.0014921329440513785 84
1756349422028 0.0014557769780466267 85
1756349422040 0.0014195325153550755 86
1756349422052 0.00138341656927115 87
1756349422064 0.0013474460927630713 88
1756349422075 0.0013116379705150633 89
1756349422087 0.0012760090110016187 90
1756349422099 0.001240575938597532 91
1756349422111 0.0012053553857274111 92
1756349422123 0.0011703638850583545 93
1756349422135 0.0011356178617394478 94
1756349422148 0.0011011336256917372 95
1756349422160 0.001066927363952285 96
1756349422172 0.001033015133075913 97
1756349506480 0.000518311125775726 1
1756349506506 0.001036622251551452 2
1756349506530 0.0015549333773271783 3
1756349506553 0.002073244503102904 4
1756349506577 0.0025915556288786303 5
1756349506600 0.0025915556288786303 6
1756349506624 0.002591251624608968 7
1756349506648 0.002590339754500789 8
1756349506672 0.0025888204465895374 9
1756349506695 0.002586694414044367 10
1756349506719 0.0025839626548333798 11
1756349506743 0.0025806264512551755 12
1756349506767 0.002576687369336936 13
1756349506791 0.002572147258099323 14
1756349506815 0.002567008248688545 15
1756349506839 0.0025612727533759856 16
1756349506863 0.002554943464425874 17
1756349506887 0.0025480233528315274 18
1756349506911 0.0025405156669207514 19
1756349506935 0.002532423930831067 20
1756349506959 0.0025237519428554615 21
1756349506984 0.002514503773659459 22
1756349507008 0.0025046837643703302 23
1756349507033 0.002494296524539353 24
1756349507057 0.002483346929978068 25
1756349507081 0.0024718401204695565 26
1756349507106 0.0024597814973558044 27
1756349507130 0.0024471767210022884 28
1756349507155 0.002434031708140983 29
1756349507179 0.0024203526290930196 30
1756349507203 0.0024061459048723135 31
1756349507228 0.002391418204171516 32
1756349507252 0.002376176440231701 33
1756349507277 0.002360427767597267 34
1756349507302 0.002344179578757561 35
1756349507326 0.0023274395006768157 36
1756349507351 0.002310215391214024 37
1756349507376 0.0022925153354344274 38
1756349507400 0.0022743476418143546 39
1756349507425 0.0022557208383411904 40
1756349507450 0.0022366436685103035 41
1756349507475 0.002217125087220816 42
1756349507500 0.0021971742565721378 43
1756349507524 0.0021768005415632413 44
1756349507549 0.0021560135056966933 45
1756349507575 0.002134822906489509 46
1756349507600 0.0021132386908929357 47
1756349507625 0.002091270990623313 48
1756349507650 0.002068930117406207 49
1756349507675 0.0020462265581360417 50
1756349507700 0.002023170969953515 51
1756349507725 0.0019997741752430893 52
1756349507750 0.0019760471565529237 53
1756349507775 0.0019520010514396222 54
1756349507801 0.0019276471472402213 55
1756349507826 0.0019029968757738667 56
1756349507851 0.0018780618079756752 57
1756349507877 0.0018528536484652886 58
1756349507902 0.0018273842300526829 59
1756349507928 0.0018016655081837965 60
1756349507953 0.0017757095553285992 61
1756349507978 0.0017495285553142251 62
1756349508004 0.0017231347976058371 63
1756349508029 0.001696540671537903 64
1756349508055 0.0016697586604985928 65
1756349508080 0.0016428013360700257 66
1756349508106 0.0016156813521271212 67
1756349508131 0.0015884114388978196 68
1756349508157 0.0015610043969874626 69
1756349508182 0.0015334730913701378 70
1756349508208 0.0015058304453498092 71
1756349508234 0.0014780894344940672 72
1756349508260 0.0014502630805433463 73
1756349508285 0.0014223644452984682 74
1756349508311 0.001394406624489379 75
1756349508337 0.0013664027416279646 76
1756349508363 0.0013383659418478209 77
1756349508389 0.0013103093857338745 78
1756349508414 0.0012822462431447555 79
1756349508440 0.0012541896870308096 80
1756349508466 0.0012261528872506656 81
1756349508492 0.0011981490043892512 82
1756349508518 0.0011701911835801625 83
1756349508544 0.001142292548335284 84
1756349508570 0.001114466194384563 85
1756349508597 0.0010867251835288212 86
1756349508623 0.0010590825375084922 87
1756349508649 0.0010315512318911676 88
1756349508675 0.0010041441899808104 89
1756349508701 0.000976874276751509 90
1756349508727 0.000949754292808605 91
1756349508754 0.0009227969683800376 92
1756349508780 0.0008960149573407272 93
1756349508807 0.0008694208312727931 94
1756349508833 0.0008430270735644052 95
1756349508860 0.0008168460735500311 96
1756349508886 0.0007908901206948336 97
1756349508913 0.0007651713988259473 98
1756349508939 0.0007397019804133418 99
1756349508966 0.0007144938209029557 100
1756349508992 0.0006895587531047635 101
1756349509019 0.0006649084816384091 102
1756349509045 0.0006405545774390078 103
1756349509072 0.0006165084723257069 104
1756349509099 0.0005927814536355411 105
1756349509125 0.0005693846589251156 106
1756349509152 0.0005463290707425889 107
1756349509179 0.0005236255114724243 108
1756349509205 0.0005012846382553175 109
1756349509232 0.00047931693798569495 110
1756349509259 0.0004577327223891215 111
1756349509286 0.00043654212318193746 112
1756349594181 0.000739631264756316 1
1756349594219 0.001479262529512632 2
1756349594255 0.002218893794268948 3
1756349594290 0.002958525059025264 4
1756349594325 0.00369815632378158 5
1756349594361 0.00369815632378158 6
1756349594397 0.003697722458823997 7
1756349594432 0.003696421067609179 8
1756349594468 0.0036942527610153205 9
1756349594503 0.003691218556854128 10
1756349594539 0.003687319879393061 11
1756349594575 0.0036825585586867694 12
1756349594610 0.0036769368297180625 13
1756349594646 0.0036704573313487963 14
1756349594682 0.0036631231050811845 15
1756349594718 0.003654937593630104 16
1756349594754 0.0036459046393070675 17
1756349594790 0.003636028482216633 18
1756349594826 0.003625313758266078 19
1756349594862 0.0036137654969892884 20
1756349594898 0.003601389119185873 21
1756349594934 0.003588190434376621 22
1756349594970 0.0035741756380764877 23
1756349595006 0.003559351308886399 24
1756349595043 0.003543724405405225 25
1756349595079 0.00352730226296339 26
1756349595115 0.003510092590179638 27
1756349595151 0.003492103465342575 28
1756349595187 0.0034733433326186924 29
1756349595223 0.0034538209980886367 30
1756349595259 0.003433545625613605 31
1756349595296 0.0034125267325337883 32
1756349595332 0.0033907741852008963 33
1756349595368 0.0033682981943468546 34
1756349595404 0.003345109310290842 35
1756349595441 0.0033212184179869327 36
1756349595477 0.003296636731914655 37
1756349595513 0.0032713757908148693 38
1756349595550 0.003245447452273437 39
1756349595586 0.003218863887155225 40
1756349595622 0.0031916375738910508 41
1756349595659 0.00316378129262026 42
1756349595695 0.003135308119191676 43
1756349595732 0.003106231419025746 44
1756349595768 0.0030765648408407602 45
1756349595805 0.0030463223102460885 46
1756349595841 0.0030155180232054437 47
1756349595878 0.0029841664393732404 48
1756349595915 0.002952282275307178 49
1756349595951 0.0029198804975602267 50
1756349595988 0.0028869763156552696 51
1756349596024 0.0028535851749456934 52
1756349596061 0.0028197227493652784 53
1756349596098 0.002785404934070788 54
1756349596135 0.0027506478379807258 55
1756349596172 0.002715467776213739 56
1756349596209 0.0026798812624302414 57
1756349596246 0.0026439050010808327 58
1756349596282 0.0026075558795651656 59
1756349596319 0.0025708509603049323 60
1756349596356 0.0025338074727346968 61
1756349596393 0.0024964428052143286 62
1756349596430 0.002458774496866839 63
1756349596467 0.002420820229345447 64
1756349596504 0.002382597818533742 65
1756349596541 0.0023441252061828345 66
1756349596578 0.0023054204514894303 67
1756349596615 0.0022665017226187714 68
1756349596653 0.002227387288176426 69
1756349596690 0.002188095508632932 70
1756349596728 0.002148644827705322 71
1756349596765 0.0021090537636995685 72
1756349596803 0.0020693409008180155 73
1756349596840 0.002029524880435884 74
1756349596877 0.0019896243923509323 75
1756349596915 0.0019496581660103946 76
1756349596953 0.0019096449617193034 77
1756349596990 0.0018696035618343257 78
1756349597028 0.0018295527619472541 79
1756349597066 0.0017895113620622766 80
1756349597103 0.0017494981577711852 81
1756349597141 0.001709531931430648 82
1756349597179 0.0016696314433456965 83
1756349597221 0.0016298154229635645 84
1756349597259 0.0015901025600820115 85
1756349597297 0.0015505114960762578 86
1756349597335 0.001511060815148648 87
1756349597373 0.0014717690356051546 88
1756349597411 0.0014326546011628086 89
1756349597449 0.0013937358722921496 90
1756349597487 0.001355031117598746 91
1756349597525 0.0013165585052478384 92
1756349597564 0.001278336094436133 93
1756349597602 0.0012403818269147411 94
1756349597641 0.0012027135185672516 95
1756349597679 0.001165348851046883 96
1756349597718 0.0011283053634766475 97
1756349704819 0.0009467732480590482 1
1756349704870 0.0018935464961180963 2
1756349704920 0.0028403197441771444 3
1756349704969 0.0037870929922361927 4
1756349705018 0.004733866240295241 5
1756349705068 0.004733866240295241 6
1756349705117 0.004733310833752818 7
1756349705167 0.004731644874835579 8
1756349705216 0.004728869145551244 9
1756349705266 0.004724984948838139 10
1756349705315 0.004719994107953593 11
1756349705365 0.004713898965618098 12
1756349705414 0.0047067023829156195 13
1756349705464 0.0046984077379506 14
1756349705513 0.004689018924262256 15
1756349705563 0.0046785403489969435 16
1756349705612 0.004666976930839418 17
1756349705662 0.0046543340977039886 18
1756349705712 0.004640617784186632 19
1756349705761 0.004625834428779274 20
1756349705810 0.004609990970847527 21
1756349705860 0.004593094847373334 22
1756349705909 0.004575153989464012 23
1756349705959 0.004556176818629367 24
1756349706008 0.004536172242828592 25
1756349706058 0.004515149652288849 26
1756349706107 0.004493118915097451 27
1756349706157 0.004470090372569743 28
1756349706206 0.00444607483439485 29
1756349706256 0.0044210835735615656 30
1756349706305 0.004395128321066768 31
1756349706355 0.004368221260408838 32
1756349706405 0.004340375021868683 33
1756349706454 0.004311602676581028 34
1756349706504 0.004281917730398778 35
1756349706554 0.0042513341175533115 36
1756349706604 0.004219866194113704 37
1756349706654 0.004187528731247926 38
1756349706703 0.004154336908289201 39
1756349706753 0.004120306305610766 40
1756349706803 0.004085452897312381 41
1756349706853 0.00404979304372203 42
1756349706903 0.0040133434837163065 43
1756349706953 0.003976121326863129 44
1756349707002 0.0039381440453904355 45
1756349707052 0.003899429465984657 46
1756349707102 0.003859995761422792 47
1756349707153 0.0038198614420420396 48
1756349707203 0.0037790453470509704 49
1756349707254 0.0037375666356863286 50
1756349707304 0.00369544477821961 51
1756349707354 0.00365269954681764 52
1756349707405 0.00360935100626144 53
1756349707455 0.003565419504527737 54
1756349707505 0.003520925663237549 55
1756349707556 0.0034758903679763067 56
1756349707606 0.0034303347584900825 57
1756349707657 0.003384280218762507 58
1756349707707 0.0033377483669770444 59
1756349707757 0.00329076104536933 60
1756349707808 0.003243340309974339 61
1756349707859 0.003195508420273195 62
1756349707909 0.003147287828744483 63
1756349707960 0.003098701170324967 64
1756349708010 0.0030497712517846597 65
1756349708061 0.003000521041021234 66
1756349708112 0.0029509736562788025 67
1756349708163 0.002901152355296121 68
1756349708213 0.0028510805243893147 69
1756349708264 0.0028007816674742478 70
1756349708315 0.0027502793950336915 71
1756349708366 0.0026995974130344714 72
1756349708417 0.0026487595117997927 73
1756349708468 0.002597789554841968 74
1756349708518 0.002546711467660787 75
1756349708570 0.002495549226512797 76
1756349708621 0.0024443268471567516 77
1756349708672 0.0023930683735805154 78
1756349708723 0.0023417978667147257 79
1756349708774 0.00229053939313849 80
1756349708825 0.002239317013782444 81
1756349708876 0.0021881547726344546 82
1756349708928 0.0021370766854532743 83
1756349708979 0.0020861067284954488 84
1756349709030 0.0020352688272607697 85
1756349709081 0.00198458684526155 86
1756349709133 0.001934084572820993 87
1756349709185 0.0018837857159059266 88
1756349709236 0.00183371388499912 89
1756349709288 0.001783892584016439 90
1756349709339 0.0017343451992740079 91
1756349709391 0.0016850949885105816 92
1756349709443 0.0016361650699702741 93
1756349724772 0.000638871689527252 1
1756349724826 0.001277743379054504 2
1756349724878 0.0019166150685817561 3
1756349724930 0.002555486758109008 4
1756349724982 0.00319435844763626 5
1756349725034 0.00319435844763626 6
1756349725086 0.0031939837038585848 7
1756349725138 0.003192859648431773 8
1756349725190 0.003190986808991897 9
1756349725242 0.0031883660646572116 10
1756349725294 0.0031849986456154943 11
1756349725346 0.003180886132546588 12
1756349725398 0.0031760304558804252 13
1756349725450 0.003170433894890876 14
1756349725502 0.0031640990766258485 15
1756349725554 0.003157028974674142 16
1756349725606 0.003149226907769631 17
1756349725659 0.00314069653823344 18
1756349725711 0.003131441870254836 19
1756349725764 0.003121467248011645 20
1756349725816 0.0031107773536310766 21
1756349725869 0.0030993772049919184 22
1756349725921 0.0030872721533691198 23
1756349725974 0.0030744678809218867 24
1756349726026 0.0030609703980264483 25
1756349726078 0.0030467860404547677 26
1756349726131 0.003031921466400501 27
1756349726183 0.0030163836533536183 28
1756349726236 0.0030001798948251415 29
1756349726289 0.0029833177969235385 30
1756349726341 0.002965805274784391 31
1756349726394 0.002947650548854993 32
1756349726447 0.0029288621410356428 33
1756349726500 0.002909448870679431 34
1756349726553 0.0028894198504523976 35
1756349726605 0.002868784482056013 36
1756349726658 0.002847552451813981 37
1756349726710 0.00282573372612544 38
1756349726763 0.002803338546786698 39
1756349726817 0.0027803774261836874 40
1756349726870 0.002756861142357416 41
1756349726923 0.002732800733944708 42
1756349726975 0.002708207494996624 43
1756349727028 0.002683092969676989 44
1756349727081 0.0026574689468435195 45
1756349727135 0.0026313474545140818 46
1756349727188 0.002604740754220695 47
1756349727241 0.0025776613352539203 48
1756349727295 0.0025501219088003377 49
1756349727348 0.0025221354019758636 50
1756349727401 0.002493714951757713 51
1756349727454 0.0024648738988178494 52
1756349727507 0.0024356257812608215 53
1756349727560 0.0024059843282689206 54
1756349727614 0.0023759634536576523 55
1756349727667 0.0023455772493445317 56
1756349727720 0.002314839978734286 57
1756349727774 0.0022837660700235508 58
1756349727827 0.0022523701094282235 59
1756349727881 0.0022206668343366298 60
1756349727934 0.002188671126391739 61
1756349727988 0.002156398004505661 62
1756349728041 0.0021238626178097073 63
1756349728094 0.0020910802385433326 64
1756349728148 0.0020580662548852825 65
1756349728201 0.002024836163730321 66
1756349728255 0.0019914055634149275 67
1756349728308 0.0019577901463953776 68
1756349728362 0.0019240056918816387 69
1756349728416 0.001890068058430549 70
1756349728470 0.001855993176501746 71
1756349728523 0.0018217970409798467 72
1756349728577 0.0017874957036663856 73
1756349728630 0.0017531052657450356 74
1756349728684 0.0017186418702236463 75
1756349728738 0.001684121694356655 76
1756349728791 0.0016495609420514193 77
1756349728844 0.0016149758362620356 78
1756349750859 0.0008879532820172418 1
1756349750915 0.0017759065640344837 2
1756349750968 0.0026638598460517254 3
1756349751022 0.0035518131280689673 4
1756349751076 0.004439766410086209 5
1756349751130 0.004439766410086209 6
1756349751184 0.0044392455164502425 7
1756349751238 0.00443768308005188 8
1756349751292 0.004435079834304957 9
1756349751346 0.004431437001183347 10
1756349751400 0.004426756290647352 11
1756349751454 0.004421039899841048 12
1756349751508 0.004414290512060933 13
1756349751562 0.004406511295496379 14
1756349751616 0.0043977059017424715 15
1756349751670 0.004387878464085935 16
1756349751724 0.0043770335955649504 17
1756349751778 0.004365176386803781 18
1756349751832 0.00435231240362321 19
1756349751886 0.004338447684427923 20
1756349751941 0.004323588737372055 21
1756349751995 0.004307742537304241 22
1756349752049 0.004290916522493593 23
1756349752104 0.004273118591138145 24
1756349752158 0.004254357097657408 25
1756349752212 0.004234640848770775 26
1756349752267 0.004213979099363608 27
1756349752321 0.0041923815481429635 28
1756349752376 0.0041698583330849765 29
1756349752430 0.004146420026676054 30
1756349752484 0.0041220776309501125 31
1756349752539 0.004096842572324176 32
1756349752593 0.004070726696234768 33
1756349752648 0.004043742261577625 34
1756349752702 0.004015901934953315 35
1756349752757 0.003987218784721487 36
1756349752811 0.003957706274866533 37
1756349752866 0.003927378258677537 38
1756349752921 0.0038962489722454896 39
1756349752975 0.003864333027780808 40
1756349753030 0.003831645406754308 41
1756349753085 0.003798201452864842 42
1756349753140 0.003764016864836904 43
1756349753195 0.00372910768905159 44
1756349753249 0.003693490312014359 45
1756349753304 0.0036571814526631455 46
1756349753359 0.0036201981545204223 47
1756349753414 0.003582557777692903 48
1756349753469 0.003544277990722641 49
1756349753524 0.003505376762293344 50
1756349753579 0.0034658723527958035 51
1756349753634 0.003425783305756394 52
1756349753689 0.003385128439132672 53
1756349753744 0.0033439268364801452 54
1756349753799 0.0033021978379943833 55
1756349753854 0.003259961031432648 56
1756349753909 0.003217236242919326 57
1756349753964 0.003174043527639464 58
1756349754019 0.0031304031604247893 59
1756349754074 0.0030863356262366207 60
1756349754129 0.0030418616105501468 61
1756349754184 0.002997001989644583 62
1756349754239 0.002951777820803762 63
1756349754294 0.0029062103324317625 64
1756349754349 0.002860320914088213 65
1756349754405 0.002814131106447944 66
1756349754460 0.0027676625911897137 67
1756349754516 0.0027209371808187403 68
1756349754571 0.0026739768084278266 69
1756349754626 0.0026268035174018783 70
1756349754682 0.002579439451070653 71
1756349754737 0.0025319068423145896 72
1756349754793 0.0024842280031286135 73
1756349754848 0.0024364253141487915 74
1756349754904 0.002388521214146773 75
1756349754959 0.0023405381894969443 76
1756349755015 0.0022924987636212357 77
1756349755071 0.0022444254864165338 78
1756349755126 0.0021963409236696757 79
1756349755182 0.002148267646464974 80
1756349755237 0.002100228220589265 81
1756349755293 0.002052245195939437 82
1756349755349 0.002004341095937419 83
1756349755405 0.001956538406957596 84
1756349755461 0.0019088595677716196 85
1756349755517 0.001861326959015557 86
1756349755573 0.0018139628926843309 87
1756349755629 0.0017667896016583832 88
1756349755685 0.0017198292292674694 89
1756349755742 0.0016731038188964962 90
1756349755798 0.0016266353036382662 91
1756349755854 0.0015804454959979966 92
1756349755911 0.0015345560776544467 93
1756349755968 0.0014889885892824476 94
1756349756024 0.0014437644204416268 95
1756349756080 0.0013989047995360627 96
1756349756136 0.0013544307838495888 97
1756349756193 0.00131036324966142 98
1756349756249 0.0012667228824467457 99
1756349756305 0.0012235301671668843 100
1756349756362 0.0011808053786535615 101
1756349756418 0.0011385685720918266 102
1756349756475 0.001096839573606064 103
1756349756532 0.0010556379709535375 104
1756349756589 0.0010149831043298147 105
1756349756645 0.0009748940572904064 106
1756349756702 0.000935389647792866 107
1756349756758 0.0008964884193635692 108
1756349756815 0.0008582086323933067 109
1756349756872 0.0008205682555657876 110
1756349756929 0.000783584957423064 111
1756349867274 0.0010883831829749213 1
1756349867348 0.0021767663659498426 2
1756349867416 0.003265149548924764 3
1756349867484 0.004353532731899685 4
1756349867552 0.005441915914874606 5
1756349867620 0.005441915914874606 6
1756349867689 0.005441277418001365 7
1756349867757 0.005439362227094604 8
1756349867826 0.005436171241152525 9
1756349867894 0.005431705958036575 10
1756349867963 0.0054259684737683455 11
1756349868031 0.005418961481545689 12
1756349868100 0.0054106882704785236 13
1756349868168 0.005401152724044911 14
1756349868237 0.005390359318268137 15
1756349868306 0.005378313119615649 16
1756349868374 0.005365019782620833 17
1756349868444 0.0053504855472287565 18
1756349868512 0.0053347172358671115 19
1756349868580 0.005317722250243743 20
1756349868649 0.005299508567872252 21
1756349868717 0.005280084738327328 22
1756349868786 0.005259459879231533 23
1756349868856 0.005237643671975468 24
1756349868924 0.0052146463571732735 25
1756349868992 0.005190478729855658 26
1756349869061 0.005165152134402662 27
1756349869128 0.005138678459218561 28
1756349869198 0.005111070131151401 29
1756349869267 0.005082340109659791 30
1756349869335 0.005052501880729678 31
1756349869404 0.00502156945054397 32
1756349869473 0.004989557338907983 33
1756349869543 0.004956480572433784 34
1756349869613 0.004922354677486638 35
1756349869682 0.004887195672896879 36
1756349869751 0.004851020062440595 37
1756349869819 0.004813844827092702 38
1756349869888 0.0047756874170559955 39
1756349869957 0.0047365657435699685 40
1756349870025 0.0046964981705031935 41
1756349870094 0.004655503505733259 42
1756349870163 0.004613600992318271 43
1756349870231 0.004570810299464085 44
1756349870300 0.004527151513291511 45
1756349870369 0.004482645127407798 46
1756349870437 0.004437312033286861 47
1756349870507 0.0043911735104627345 48
1756349870576 0.004344251216540883 49
1756349870645 0.0042965671770320265 50
1756349870714 0.004248143775013285 51
1756349870783 0.0041990037406214676 52
1756349870852 0.004149170140383464 53
1756349870921 0.004098666366388716 54
1756349870991 0.004047516125308886 55
1756349871060 0.003995743427269847 56
1756349871129 0.003943372574581234 57
1756349871198 0.003890428150328847 58
1756349871267 0.0038369350068352508 59
1756349871337 0.0037829182539939965 60
1756349871406 0.003728403247482938 61
1756349871475 0.0036734155768621754 62
1756349871544 0.003617981053562217 63
1756349871614 0.0035621256987679872 64
1756349871683 0.0035058757312043847 65
1756349871753 0.003449257554829103 66
1756349871822 0.0033922977464385124 67
1756349871892 0.0033350230431924053 68
1756349871962 0.0032774603300634673 69
1756349872032 0.0032196366272173632 70
1756349872102 0.0031615790773293667 71
1756349872172 0.0031033149328434785 72
1756349872241 0.0030448715431800233 73
1756349872311 0.002986276341897723 74
1756349872381 0.0029275568338162725 75
1756349872712 0.002868740582105473 76
1756349872783 0.002809855195346969 77
1756349872854 0.002750928314574669 78
1756349872925 0.0026919876002999376 79
1756349872995 0.0026330607195276376 80
1756349873066 0.0025741753327691336 81
1756349873136 0.002515359081058334 82
1756349873207 0.0024566395729768843 83
1756349873278 0.0023980443716945833 84
1756349873348 0.002339600982031128 85
1756349983232 0.0005310216075189692 1
1756349983314 0.0010620432150379383 2
1756349983394 0.0015930648225569075 3
1756349983473 0.0021240864300758767 4
1756349983553 0.002655108037594846 5
1756349983632 0.002655108037594846 6
1756349983711 0.0026547965753870553 7
1756349983791 0.002653862334965279 8
1756349983870 0.002652305754865673 9
1756349983949 0.0026501275657531045 10
1756349984028 0.002647328790078176 11
1756349984108 0.0026439107415972803 12
1756349984187 0.0026398750247559207 13
1756349984267 0.0026352235339355753 14
1756349984346 0.00262995845256447 15
1756349984427 0.002624082252092666 16
1756349984507 0.0026175976908319517 17
1756349984587 0.0026105078126610823 18
1756349984667 0.002602815945596968 19
1756349984746 0.002594525700232492 20
1756349984826 0.002585640968041683 21
1756349984906 0.002576165919553042 22
1756349984985 0.0025661050023918783 23
1756349985065 0.002555462939192581 24
1756349985145 0.002544244725381789 25
1756349985225 0.002532455626833524 26
1756349985305 0.0025201011773973653 27
1756349985384 0.002507187176300839 28
1756349985464 0.002493719685427238 29
1756349985544 0.002479705026470151 30
1756349985624 0.0024651497779660334 31
1756349985705 0.0024500607722062156 32
1756349985785 0.0024344450920297986 33
1756349985865 0.002418310067498944 34
1756349985945 0.002401663272458109 35
1756349986026 0.0023845125209788582 36
1756349986106 0.002366865863691905 37
1756349986186 0.002348731584008114 38
1756349986266 0.0023301181942302356 39
1756349986348 0.0023110344315571967 40
1756349986429 0.0022914892539828255 41
1756349986509 0.0022714918360909344 42
1756349986590 0.0022510515647487317 43
1756349986670 0.0022301780347005903 44
1756349986752 0.002208881044064238 45
1756349986832 0.0021871705897314802 46
1756349986913 0.00216505686267562 47
1756349986994 0.0021425502431677737 48
1756349987074 0.002119661295904334 49
1756349987155 0.002096400765047856 50
1756349987236 0.002072779569183705 51
1756349987316 0.002048808796194831 52
1756349987396 0.0020244996980570734 53
1756349987477 0.0019998636855574348 54
1756349987558 0.0019749123229378164 55
1756349987638 0.0019496573224667135 56
1756349987719 0.0019241105389414357 57
1756349987800 0.0018982839641234106 58
1756349987881 0.0018721897211092103 59
1756349987962 0.001845840058639918 60
1756349988042 0.0018192473453515212 61
1756349988123 0.0017924240639690249 62
1756349988204 0.0017653828054470118 63
1756349988285 0.0017381362630593973 64
1756349988366 0.0017106972264411579 65
1756349988447 0.001683078575584823 66
1756349988528 0.0016552932747945584 67
1756349988609 0.0016273543666006692 68
1756349988690 0.0015992749656373844 69
1756349988771 0.0015710682524867957 70
1756349988852 0.0015427474674918403 71
1756349988934 0.0015143259045412305 72
1756349989015 0.001485816904829251 73
1756349989096 0.0014572338505933495 74
1756349989177 0.0014285901588324587 75
1756349989258 0.0013998992750090076 76
1756349989340 0.0013711746667375657 77
1756349989421 0.001342429817463092 78
1756349989503 0.0013136782201317535 79
1756349989584 0.00128493337085728 80
1756349989666 0.0012562087625858382 81
1756349989747 0.001227517878762387 82
1756349989829 0.0011988741870014965 83
1756349989911 0.0011702911327655947 84
1756349989993 0.0011417821330536153 85
1756349990074 0.0011133605701030055 86
1756349990156 0.0010850397851080499 87
1756349990238 0.0010568330719574616 88
1756349990319 0.0010287536709941765 89
1756349990401 0.0010008147628002874 90
1756349990482 0.0009730294620100232 91
1756349990564 0.0009454108111536881 92
1756349990646 0.0009179717745354484 93
1756349990727 0.000890725232147834 94
1756349990810 0.000863683973625821 95
1756349990891 0.0008368606922433247 96
1756349990973 0.0008102679789549277 97
1756349991055 0.0007839183164856352 98
1756349991136 0.0007578240734714352 99
1756349991218 0.0007319974986534107 100
1756349991300 0.0007064507151281321 101
1756349991382 0.0006811957146570301 102
1756349991464 0.000656244352037411 103
1756349991546 0.0006316083395377725 104
1756349991628 0.0006072992414000146 105
1756349991710 0.0005833284684111415 106
1756349991793 0.0005597072725469906 107
1756349991875 0.0005364467416905123 108
1756349991957 0.0005135577944270723 109
1756349992039 0.0004910511749192265 110
1756349992122 0.0004689374478633657 111
1756349992204 0.000447226993530608 112
1756349992287 0.0004259300028942555 113
1756349992369 0.0004050564728461145 114
1756349992451 0.00038461620150391176 115
1756349992534 0.00036461878361202047 116
1756349992616 0.00034507360603764937 117
1756349992698 0.00032598984336461057 118
1756349992780 0.0003073764535867318 119
1756349992863 0.000289242173902941 120
1756349992945 0.00027159551661598753 121
1756349993272 0.00025444476513673695 122
1756349993355 0.00023779797009590225 123
1756349993438 0.00022166294556504742 124
1756349993521 0.0002060472653886305 125
1756349993603 0.00019095825962881245 126
1756349993686 0.00017640301112469437 127
1756349993768 0.00016238835216760778 128
1756349993851 0.0001489208612940069 129
1756349993934 0.00013600686019748064 130
1756349994017 0.00012365241076132188 131
1756349994100 0.00011186331221305682 132
1756349994182 0.00010064509840226507 133
1756349994265 9.000303520296745e-05 134
1756349994348 7.994211804180414e-05 135
1756349994430 7.046706955316289e-05 136
1756349994513 6.158233736235362e-05 137
1756349994596 5.329209199787775e-05 138
1756349994679 4.5600224933763615e-05 139
1756349994762 3.851034676289394e-05 140
1756349994845 3.2025785502179956e-05 141
1756349994928 2.614958503037581e-05 142
1756350004038 0.0005860793586613647 1
1756350004123 0.0011721587173227294 2
1756350004206 0.001758238075984094 3
1756350004289 0.002344317434645459 4
1756350004372 0.0029303967933068235 5
1756350004456 0.0029303967933068235 6
1756350004539 0.002930053025690806 7
1756350004622 0.0029290218842086342 8
1756350004706 0.0029273038528822063 9
1756350004790 0.002924899738162236 10
1756350004873 0.0029218106685497004 11
1756350004957 0.0029180380940661173 12
1756350005040 0.0029135837855729005 13
1756350005124 0.002908449833940109 14
1756350005207 0.002902638649064985 15
1756350005291 0.0028961529587407395 16
1756350005375 0.0028889958073761136 17
1756350005459 0.0028811705545663214 18
1756350005542 0.0028726808735160436 19
1756350005627 0.0028635307493152106 20
1756350005711 0.0028537244770683837 21
1756350005795 0.0028432666598786184 22
1756350005879 0.002832162206686749 23
1756350005963 0.0028204163299671106 24
1756350006047 0.0028080345432807837 25
1756350006132 0.00279502265868751 26
1756350006216 0.0027813867840174827 27
1756350006301 0.002767133320004312 28
1756350006386 0.0027522689572804923 29
1756350006470 0.002736800673236794 30
1756350006554 0.0027207357287470494 31
1756350006639 0.0027040816647598675 32
1756350006723 0.0026868462987588836 33
1756350006807 0.002669037721093204 34
1756350006892 0.0026506642911797596 35
1756350006976 0.0026317346335793675 36
1756350007060 0.0026122576339483233 37
1756350007147 0.0025922424348674426 38
1756350007232 0.0025716984315504944 39
1756350007317 0.002550635267434052 40
1756350007402 0.0025290628296508262 41
1756350007488 0.002506991244388605 42
1756350007572 0.002484430872136979 43
1756350007657 0.002461392302824093 44
1756350007742 0.002437886350845683 45
1756350007827 0.002413924049988764 46
1756350007912 0.0023895166482523207 47
1756350007997 0.0023646756025674557 48
1756350008082 0.00233941257341946 49
1756350008167 0.0023137394193743326 50
1756350008252 0.002287668191512327 51
1756350008338 0.0022612111277711218 52
1756350008423 0.002234380647201288 53
1756350008508 0.0022071893441367343 54
1756350008594 0.0021796499822828806 55
1756350008679 0.002151775488725319 56
1756350008764 0.0021235789478617944 57
1756350008850 0.00209507359526033 58
1756350008935 0.0020662728114464062 59
1756350009020 0.002037190115622083 60
1756350009106 0.0020078391593200363 61
1756350009191 0.0019782337199954723 62
1756350009277 0.0019483876945589377 63
1756350009363 0.0019183150928530535 64
1756350009448 0.001888030031076239 65
1756350009534 0.0018575467251565128 66
1756350009619 0.0018268794840784796 67
1756350009705 0.001796042703166637 68
1756350009790 0.001765050857328152 69
1756350009876 0.0017339184942582833 70
1756350009962 0.0017026602276116341 71
1756350010048 0.0016712907301424456 72
1756350010133 0.0016398247268171484 73
1756350010219 0.0016082769879024047 74
1756350010305 0.0015766623220318848 75
1756350010391 0.0015449955692550383 76
1756350010476 0.0015132915940711158 77
1756350010561 0.0014815652784517118 78
1756350010647 0.0014498315148551114 79
1756350010733 0.0014181051992357076 80
1756350025088 0.001588241339888869 1
1756350025176 0.003176482679777738 2
1756350025261 0.0047647240196666074 3
1756350025348 0.006352965359555476 4
1756350025433 0.007941206699444345 5
1756350025519 0.007941206699444345 6
1756350025605 0.007940274908321342 7
1756350025691 0.007937479972338781 8
1756350025777 0.007932823203450685 9
1756350025863 0.007926306787562828 10
1756350025949 0.007917933783506654 11
1756350026035 0.007907708121603445 12
1756350026122 0.007895634601819426 13
1756350026208 0.00788171889151263 14
1756350026294 0.007865967522772624 15
1756350026380 0.007848387889354318 16
1756350026466 0.007828988243207307 17
1756350026553 0.007807777690602374 18
1756350026639 0.007784766187856969 19
1756350026726 0.007759964536661676 20
1756350026812 0.007733384379009857 21
1756350026898 0.007705038191732851 22
1756350026985 0.007674939280643302 23
1756350027071 0.007643101774289361 24
1756350027158 0.007609540617322681 25
1756350027244 0.007574271563483347 26
1756350027331 0.007537311168205003 27
1756350027417 0.0074986767808436685 28
1756350027504 0.00745838653653388 29
1756350027591 0.007416459347675987 30
1756350027677 0.007372914895058601 31
1756350027764 0.007327773618620347 32
1756350027852 0.00728105670785528 33
1756350027939 0.007232786091866456 34
1756350028027 0.007182984429072317 35
1756350028114 0.007131675096570743 36
1756350028202 0.007078882179165753 37
1756350028289 0.007024630458061997 38
1756350028376 0.00696894539923236 39
1756350028463 0.006911853141464141 40
1756350028550 0.006853380484089392 41
1756350028638 0.006793554874405216 42
1756350028725 0.006732404394789888 43
1756350029060 0.006669957749520883 44
1756350029148 0.006606244251300965 45
1756350029235 0.0065412938074987 46
1756350029323 0.006475136906109808 47
1756350029411 0.006407804601445983 48
1756350029498 0.006339328499557875 49
1756350029586 0.006269740743399082 50
1756350029673 0.006199073997738124 51
1756350029761 0.006127361433825468 52
1756350029848 0.006054636713822816 53
1756350029936 0.005980933975001946 54
1756350030023 0.005906287813720547 55
1756350030111 0.00583073326918255 56
1756350030200 0.005754305806990587 57
1756350030288 0.005677041302498292 58
1756350030375 0.0055989760239702775 59
1756350030463 0.005520146615557661 60
1756350030550 0.005440590080097154 61
1756350030638 0.005360343761741786 62
1756350030726 0.005279445328431411 63
1756350030814 0.00519793275421123 64
1756350030902 0.005115844301406619 65
1756350030990 0.0050332185026626414 66
1756350031078 0.004950094142856677 67
1756350031166 0.004866510240892644 68
1756350031254 0.00478250603138537 69
1756350031341 0.0046981209462437085 70
1756350031429 0.004613394596161047 71
1756350031517 0.004528366752021885 72
1756350031604 0.004443077326233231 73
1756350031692 0.004357566353989556 74
1756350038410 0.0007106812095467206 1
1756350038501 0.0014213624190934412 2
1756350038590 0.0021320436286401618 3
1756350038679 0.0028427248381868823 4
1756350038767 0.003553406047733603 5
1756350038855 0.003553406047733603 6
1756350038943 0.0035529891693643267 7
1756350039031 0.0035517387299408574 8
1756350039119 0.0035496553164244154 9
1756350039208 0.003546739906777562 10
1756350039296 0.0035429938695051397 11
1756350039384 0.0035384189630118896 12
1756350039472 0.00353301733477705 13
1756350039561 0.003526791520346321 14
1756350039649 0.0035197444421416696 15
1756350039737 0.0035118794080895334 16
1756350039825 0.0035032001100680655 17
1756350039915 0.003493710622174153 18
1756350040003 0.0034834153988110212 19
1756350040092 0.003472319272597317 20
1756350040180 0.0034604274520986587 21
1756350040269 0.003447745519382717 22
1756350040357 0.0034342794273989666 23
1756350040446 0.0034200354971843524 24
1756350040534 0.003405020414896165 25
1756350040623 0.003389241228673537 26
1756350040711 0.003372705345329014 27
1756350040799 0.0033554205268717698 28
1756350040888 0.003337394886864089 29
1756350040977 0.0033186368866128277 30
1756350041065 0.003299155331197642 31
1756350041154 0.0032789593653378504 32
1756350041243 0.0032580584690998634 33
1756350041332 0.003236462453447207 34
1756350041421 0.0032141814556352144 35
1756350041509 0.003191225934452558 36
1756350041599 0.0031676066653118554 37
1756350041688 0.0031433347351916448 38
1756350041777 0.0031184215374321146 39
1756350041865 0.0030928787663870253 40
1756350041954 0.0030667184119343325 41
1756350042043 0.0030399527538480906 42
1756350042132 0.0030125943560342775 43
1756350042221 0.00298465606063325 44
1756350042310 0.0029561509819915903 45
1756350042400 0.0029270925005061782 46
1756350042488 0.002897494256343383 47
1756350042577 0.0028673701430363134 48
1756350042666 0.002836734300963139 49
1756350042755 0.0028056011107095396 50
1756350042844 0.0027739851863184018 51
1756350042933 0.0027419013684299295 52
1756350043023 0.0027093647173153895 53
1756350043112 0.002676390505807758 54
1756350043201 0.002642994212132595 55
1756350043290 0.002609191512642502 56
1756350043378 0.0025749982744585815 57
1756350043468 0.0025404305480223447 58
1756350043557 0.002505504559561574 59
1756350043647 0.0024702367034736667 60
1756350043736 0.0024346435346300375 61
1756350043826 0.0023987417606051984 62
1756350043916 0.002362548233834156 63
1756350044005 0.0023260799437018137 64
1756350044095 0.002289354008568084 65
1756350044184 0.0022523876677324655 66
1756350044273 0.0022151982733418438 67
1756350044362 0.0021778032822453294 68
1756350044452 0.002140220247799941 69
1756350044541 0.0021024668116309897 70
1756350044630 0.002064560695351031 71
1756350044720 0.00202651969224127 72
1756350044809 0.0019883616588993237 73
1756350044899 0.0019501045068572656 74
1756350044989 0.0019117661941738771 75
1756350045078 0.0018733647170050684 76
1756350045168 0.001834918101156409 77
1756350045258 0.0017964443936217427 78
1756350045348 0.00175796165411186 79
1756350045438 0.001719487946577194 80
1756350045527 0.0016810413307285345 81
1756350045617 0.0016426398535597257 82
1756350045707 0.0016043015408763377 83
1756350045797 0.0015660443888342792 84
1756350045887 0.0015278863554923333 85
1756350045978 0.0014898453523825722 86
1756350046069 0.0014519392361026133 87
1756350046158 0.0014141857999336622 88
1756350046248 0.0013766027654882735 89
1756350046338 0.0013392077743917595 90
1756350046428 0.0013020183800011383 91
1756350046518 0.001265052039165519 92
1756350046609 0.0012283261040317895 93
1756350046699 0.001191857813899447 94
1756350046789 0.0011556642871284049 95
1756350046880 0.0011197625131035653 96
1756350046972 0.001084169344259936 97
1756350047063 0.0010489014881720285 98
1756350066882 0.000789443184962195 1
1756350066975 0.00157888636992439 2
1756350067066 0.0023683295548865848 3
1756350067157 0.00315777273984878 4
1756350067248 0.003947215924810975 5
1756350067338 0.003947215924810975 6
1756350067429 0.0039467528324624536 7
1756350067520 0.003945363772794273 8
1756350067610 0.003943049397836547 9
1756350067701 0.003939810793966052 10
1756350067793 0.00393564948139628 11
1756350067883 0.0039305674134638416 12
1756350067975 0.003924566975711566 13
1756350068066 0.003917650984768714 14
1756350068157 0.00390982268702884 15
1756350068499 0.0039010857571259313 16
1756350068591 0.0038914442962095057 17
1756350068683 0.0038809028300195274 18
1756350068775 0.0038694663067620027 19
1756350068867 0.003857140094786272 20
1756350068959 0.0038439299800650853 21
1756350069053 0.003829842163478645 22
1756350069145 0.0038148832579038873 23
1756350069237 0.0037990602851103723 24
1756350069331 0.0037823806724642355 25
1756350069423 0.0037648522494417545 26
1756350069515 0.0037464832439541625 27
1756350069607 0.003727282278485432 28
1756350069699 0.003707258366044848 29
1756350069791 0.0036864209059362654 30
1756350069883 0.003664779679346039 31
1756350069975 0.0036423448447516957 32
1756350070068 0.0036191269331535022 33
1756350070160 0.003595136843131178 34
1756350070252 0.0035703858357280516 35
1756350070344 0.003544885529165088 36
1756350070437 0.003518647893387246 37
1756350070529 0.0034916852444447405 38
1756350070621 0.0034640102387118385 39
1756350070714 0.0034356358669459085 40
1756350070807 0.0034065754481895057 41
1756350070899 0.003376842623518362 42
1756350070992 0.0033464513496382093 43
1756350071085 0.0033154158923334493 44
1756350071177 0.0032837508197707354 45
1756350071269 0.003251470995660618 46
1756350071361 0.0032185915722804607 47
1756350071454 0.003185127983361899 48
1756350071546 0.0031510959368461905 49
1756350071638 0.0031165114075108386 50
1756350071731 0.003081390629470973 51
1756350071823 0.0030457500885589903 52
1756350071917 0.0030096065145860398 53
1756350072010 0.0029729768734889817 54
1756350072102 0.002935878359366512 55
1756350072195 0.002898328386408182 56
1756350072287 0.002860344580720111 57
1756350072380 0.002821944772051218 58
1756350072473 0.002783146985423874 59
1756350072565 0.0027439694326728773 60
1756350072658 0.002704430503896752 61
1756350072751 0.002664548758825359 62
1756350072844 0.002624342918107888 63
1756350072936 0.002583831854525308 64
1756350073029 0.0025430345841314125 65
1756350073122 0.002501970257326604 66
1756350073215 0.002460658149868625 67
1756350073308 0.002419117653824436 68
1756350073400 0.002377368268467508 69
1756350073493 0.0023354295911247815 70
1756350073586 0.002293321307977605 71
1756350073679 0.002251063184820964 72
1756350073773 0.0022086750577853384 73
1756350073866 0.002166176824025546 74
1756350073959 0.002123588432380933 75
1756350074052 0.0020809298740113178 76
1756350074145 0.0020382211730130564 77
1756350074239 0.0019954823770196527 78
1756350074331 0.0019527335477913222 79
1756350074424 0.0019099947517979188 80
1756350074517 0.0018672860507996571 81
1756350074611 0.001824627492430042 82
1756350074705 0.0017820391007854297 83
1756350074799 0.0017395408670256363 84
1756350074892 0.001697152739990011 85
1756350074985 0.00165489461683337 86
1756350075078 0.001612786333686193 87
1756350075171 0.0015708476563434668 88
1756350075265 0.0015290982709865385 89
1756350075358 0.0014875577749423503 90
1756350075452 0.0014462456674843712 91
1756350075546 0.0014051813406795628 92
1756350075639 0.001364384070285667 93
1756350075732 0.001323873006703087 94
1756350075826 0.001283667165985616 95
1756350075920 0.0012437854209142228 96
1756350076014 0.0012042464921380974 97
1756350076107 0.001165068939387101 98
1756350076201 0.0011262711527597572 99
1756350076295 0.001087871344090865 100
1756350076388 0.001049887538402793 101
1756350076482 0.0010123375654444633 102
1756350182325 0.0007688154878258205 1
1756350182433 0.001537630975651641 2
1756350182535 0.0023064464634774615 3
1756350182637 0.003075261951303282 4
1756350182762 0.0038440774391291024 5
1756350182865 0.0038440774391291024 6
1756350182968 0.003843626450184061 7
1756350183071 0.0038422736950449355 8
1756350183174 0.0038400198087003485 9
1756350183276 0.0038368658491334828 10
1756350183379 0.003832813296825458 11
1756350183482 0.0038278640540603884 12
1756350183597 0.0038220204440324416 13
1756350183700 0.003815285209755323 14
1756350183803 0.003807661512774694 15
1756350183905 0.0037991529316841314 16
1756350184009 0.003789763460445318 17
1756350184111 0.003779497506513264 18
1756350184215 0.00376835988876743 19
1756350184318 0.0037563558352497243 20
1756350184421 0.00374349098071044 21
1756350184532 0.003729771363963282 22
1756350184634 0.003715203425050723 23
1756350184737 0.0036997940022210226 24
1756350184843 0.0036835503287183232 25
1756350184947 0.0036664800293873426 26
1756350185050 0.003648591117094236 27
1756350185153 0.003629891988965328 28
1756350185256 0.003610391422445469 29
1756350185359 0.003590098571177863 30
1756350185463 0.0035690229607073178 31
1756350185566 0.003547174484008911 32
1756350185669 0.00352456339684419 33
1756350185772 0.0035012003129470796 34
1756350185877 0.0034770961990417495 35
1756350185980 0.003452262369694792 36
1756350186084 0.00342671048200412 37
1756350186188 0.0034004525301270785 38
1756350186291 0.0033735008396503395 39
1756350186395 0.0033458680618042233 40
1756350186498 0.0033175671675241608 41
1756350186601 0.0032886114413620835 42
1756350186704 0.003259014475250605 43
1756350186807 0.0032287901621229115 44
1756350186911 0.003197952689391365 45
1756350187021 0.0031665165322878764 46
1756350187125 0.0031344964470691717 47
1756350187228 0.003101907464090149 48
1756350187331 0.0030687648807485703 49
1756350187434 0.0030350842543044013 50
1756350187837 0.0030008813945771717 51
1756350187941 0.002966172356524785 52
1756350188046 0.0029309734327072562 53
1756350188150 0.002895301145638919 54
1756350188254 0.0028591722400326948 55
1756350188358 0.002822603674940054 56
1756350188462 0.0027856126157903747 57
1756350188566 0.0027482164263334164 58
1756350188685 0.0027104326604887145 59
1756350188790 0.0026722790541056944 60
1756350188895 0.0026337735166383955 61
1756350188999 0.0025949341227387043 62
1756350189103 0.0025557791037720385 63
1756350189208 0.0025163268392594737 64
1756350189312 0.002476595848250324 65
1756350189418 0.0024366047806292225 66
1756350189523 0.002396372408361797 67
1756350189627 0.0023559176166830322 68
1756350189732 0.0023152593952324657 69
1756350189837 0.002274416829140376 70
1756350189942 0.002233409090069148 71
1756350190047 0.002192255427214015 72
1756350190152 0.002150975158267416 73
1756350190256 0.0021095876603511895 74
1756350190361 0.002068112360920876 75
1756350190474 0.002026568728646397 76
1756350190580 0.001984976264273381 77
1756350190684 0.001943354491469436 78
1756350190789 0.0019017229476596665 79
1756350190894 0.001860101174855722 80
1756350190998 0.0018185087104827056 81
1756350191103 0.0017769650782082267 82
1756350191207 0.001735489778777914 83
1756350191312 0.0016941022808616868 84
1756350203868 0.0006173383074484143 1
1756350203974 0.0012346766148968286 2
1756350204078 0.001852014922345243 3
1756350204182 0.0024693532297936573 4
1756350204286 0.0030866915372420715 5
1756350204390 0.0030866915372420715 6
1756350204495 0.003086329428283003 7
1756350204600 0.0030852432713811767 8
1756350204705 0.0030834335763829483 9
1756350204810 0.0030809011927663207 10
1756350204914 0.0030776473092422 11
1756350205019 0.0030736734531964073 12
1756350205124 0.0030689814899727197 13
1756350205229 0.003063573621997268 14
1756350205334 0.0030574523877447113 15
1756350205439 0.0030506206605466673 16
1756350205544 0.0030430816472429567 17
1756350205649 0.0030348388866763016 18
1756350205754 0.003025896248031178 19
1756350205859 0.0030162579290176064 20
1756350205964 0.0030059284539007284 21
1756350206070 0.0029949126713771 22
1756350206176 0.002983215752298694 23
1756350206281 0.0029708431872456803 24
1756350206387 0.0029578007839491283 25
1756350206494 0.002944094664564833 26
1756350206600 0.0029297312627995504 27
1756350206705 0.002914717320890992 28
1756350206811 0.0028990598864429905 29
1756350206916 0.002882766309117327 30
1756350207022 0.0028658442371837702 31
1756350207128 0.0028483016139299482 32
1756350207234 0.0028301466739327377 33
1756350207339 0.002811387939192923 34
1756350207445 0.0027920342151349317 35
1756350207550 0.0027720945864735365 36
1756350207656 0.002751578412949452 37
1756350207762 0.0027304953249358372 38
1756350207867 0.002708855218917758 39
1756350207973 0.0026866682528467406 40
1756350208079 0.0026639448413725854 41
1756350208186 0.002640695650954693 42
1756350208292 0.002616931594855182 43
1756350208398 0.002592663828016163 44
1756350208505 0.002567903741823565 45
1756350208612 0.0025426629587599714 46
1756350208718 0.002516953326948983 47
1756350208824 0.0024907869145936582 48
1756350208931 0.0024641760043116563 49
1756350209037 0.0024371330873697236 50
1756350209144 0.002409670857820244 51
1756350209251 0.002381802206542602 52
1756350209358 0.002353540215192152 53
1756350209708 0.0023248981500596363 54
1756350209816 0.0022958894558439383 55
1756350209923 0.0022665277493410844 56
1756350210031 0.0022368268130524695 57
1756350210139 0.002206800588715292 58
1756350210246 0.0021764631707582513 59
1756350210353 0.0021458287996855645 60
1756350210460 0.0021149118553924185 61
1756350210567 0.0020837268504149886 62
1756350322216 0.0009038511400050941 1
1756350322336 0.0018077022800101882 2
1756350322453 0.0027115534200152823 3
1756350322569 0.0036154045600203764 4
1756350322686 0.0045192557000254705 5
1756350322803 0.0045192557000254705 6
1756350322920 0.004518725478242575 7
1756350323037 0.004517135061782094 8
1756350323154 0.004514485197191817 9
1756350323272 0.004510777128328685 10
1756350323389 0.004506012595774917 11
1756350323506 0.004500193836020975 12
1756350323624 0.004493323580415748 13
1756350323741 0.004485405053884445 14
1756350323859 0.004476441973414799 15
1756350323976 0.004466438546312306 16
1756350324094 0.004455399468225291 17
1756350324211 0.004443329920940754 18
1756350324329 0.004430235569952026 19
1756350324446 0.0044161225617993525 20
1756350324563 0.00440099752118469 21
1756350324681 0.004384867547862045 22
1756350324799 0.004367740213304819 23
1756350324916 0.00434962355715173 24
1756350325034 0.004330526083432971 25
1756350325154 0.004310456756578391 26
1756350325272 0.00428942499720955 27
1756350325389 0.004267440677717646 28
1756350325508 0.004244514117629372 29
1756350325626 0.0042206560787628935 30
1756350325744 0.004195877760176205 31
1756350325862 0.004170190792910247 32
1756350325979 0.004143607234529252 33
1756350326097 0.0041161395634608765 34
1756350326215 0.0040878006731387756 35
1756350326333 0.004058603865950373 36
1756350326450 0.0040285628469926725 37
1756350326568 0.003997691717639026 38
1756350326686 0.0039660049689198935 39
1756350326803 0.003933517474720702 40
1756350326921 0.003900244484799976 41
1756350327039 0.0038662016176310467 42
1756350327158 0.003831404853070676 43
1756350327275 0.0037958705248580487 44
1756350327394 0.0037596153129476526 45
1756350327512 0.003722656235679638 46
1756350327630 0.003685010641791345 47
1756350327747 0.0036466962022737356 48
1756350327865 0.0036077309020765605 49
1756350327984 0.0035681330316661526 50
1756350328102 0.003527921178439811 51
1756350328220 0.0034871142180007996 52
1756350328338 0.0034457313052980694 53
1756350328456 0.003403791865634844 54
1756350328574 0.003361315585550309 55
1756350328693 0.00331832240357867 56
1756350328812 0.0032748325008899294 57
1756350328930 0.0032308662918167598 58
1756350329049 0.0031864444142719398 59
1756350329168 0.003141587720060835 60
1756350329539 0.003096317265093476 61
1756350329658 0.0030506542995008333 62
1756350329777 0.003004620257659919 63
1756350329896 0.002958236748132408 64
1756350330016 0.0029115255435214924 65
1756350330134 0.002864508570251734 66
1756350330253 0.0028172078982767147 67
1756350330373 0.0027696457307193148 68
1756350330492 0.0027218443934494754 69
1756350330611 0.0026738263246043497 70
1756350330730 0.002625614064055751 71
1756350330849 0.0025772302428298463 72
1756350330968 0.0025286975724840666 73
1756350331088 0.002480038834446209 74
1756350331208 0.002431276869320744 75
1756350331328 0.0023824345661673458 76
1756350331447 0.00233353485175668 77
1756350331567 0.0022846006798084807 78
1756350331687 0.00223565502021699 79
1756350331807 0.002186720848268791 80
1756350331927 0.0021378211338581254 81
1756350332047 0.0020889788307047277 82
1756350332166 0.0020402168655792624 83
1756350332286 0.0019915581275414046 84
1756350332407 0.0019430254571956244 85
1756350332526 0.00189464163596972 86
1756350332646 0.0018464293754211207 87
1756350332766 0.0017984113065759955 88
1756350332885 0.0017506099693061561 89
1756350333005 0.0017030478017487562 90
1756350333125 0.0016557471297737377 91
1756350333245 0.0016087301565039787 92
1756350333365 0.001562018951893063 93
1756350333486 0.0015156354423655517 94
1756350333606 0.0014696014005246376 95
1756350333726 0.0014239384349319943 96
1756350333846 0.0013786679799646356 97
1756350333967 0.0013338112857535307 98
1756350450866 0.0009104249105305977 1
1756350450996 0.0018208498210611954 2
1756350451123 0.0027312747315917933 3
1756350451250 0.003641699642122391 4
1756350451376 0.004552124552652989 5
1756350451503 0.004552124552652989 6
1756350451629 0.004551590473677672 7
1756350451755 0.00454998848745051 8
1756350451881 0.004547319345950186 9
1756350452008 0.004543584302082297 10
1756350452134 0.0045387851090912396 11
1756350452261 0.004532924019737221 12
1756350452388 0.004526003785238813 13
1756350452514 0.004518027653981512 14
1756350452641 0.004508999369992941 15
1756350452769 0.0044989231711853855 16
1756350452896 0.004487803787366495 17
1756350453022 0.0044756464380191026 18
1756350453149 0.004462456829851171 19
1756350453277 0.004448241154117046 20
1756350453404 0.004433006083711253 21
1756350453531 0.004416758770036219 22
1756350453658 0.004399506839645371 23
1756350453786 0.004381258390663204 24
1756350453914 0.004362021988983989 25
1756350454041 0.004341806664250911 26
1756350454168 0.004320621905617512 27
1756350454295 0.004298477657293449 28
1756350454423 0.004275384313876647 29
1756350454816 0.004251352715474023 30
1756350454944 0.004226394142613106 31
1756350455073 0.004200520310946909 32
1756350455200 0.004173743365754553 33
1756350455327 0.004146075876240231 34
1756350455454 0.004117530829633169 35
1756350455582 0.004088121625091367 36
1756350455709 0.004057862067411987 37
1756350455836 0.004026766360551324 38
1756350455964 0.0039948491009574125 39
1756350456092 0.003962125270718393 40
1756350456220 0.003928610230529867 41
1756350456349 0.0038943197124845196 42
1756350456477 0.003859269812687415 43
1756350456604 0.003823476983700422 44
1756350456732 0.003786958026819316 45
1756350456859 0.0037497300841871826 46
1756350456987 0.0037118106307478284 47
1756350457115 0.003673217466042973 48
1756350457242 0.0036339687058570772 49
1756350457370 0.003594082773713715 50
1756350457498 0.0035535783922275026 51
1756350457626 0.003512474574315631 52
1756350457754 0.003470790614273124 53
1756350457883 0.00342854607871602 54
1756350458011 0.003385760797396726 55
1756350458139 0.003342454853895853 56
1756350458267 0.0032986485761949025 57
1756350458395 0.0032543625271342328 58
1756350458523 0.003209617494760781 59
1756350458651 0.0031644344825700684 60
1756350458780 0.00311883469964708 61
1756350458909 0.003072839550710632 62
1756350459037 0.003026470626065916 63
1756350459167 0.0029797496914699215 64
1756350459295 0.002932698677914505 65
1756350459424 0.002885339671331894 66
1756350459552 0.0028376949022274624 67
1756350459681 0.0027897867352446467 68
1756350459810 0.00274163765866689 69
1756350459939 0.0026932702738615547 70
1756350460070 0.0026447072846707493 71
1756350460200 0.002595971486754056 72
1756350460329 0.00254708575688816 73
1756350460460 0.0024980730422283952 74
1756350460589 0.0024489563495372615 75
1756350460718 0.002399758734384959 76
1756350460847 0.002350503290327013 77
1756350460976 0.0023012131380640644 78
1756350461106 0.002251911414588925 79
1756350479153 0.0006733566495955247 1
1756350479287 0.0013467132991910494 2
1756350479415 0.002020069948786574 3
1756350479543 0.0026934265983820987 4
1756350479671 0.0033667832479776236 5
1756350479800 0.003366783247977623 6
1756350479928 0.0033663882699787964 7
1756350480058 0.0033652035213865544 8
1756350480187 0.0033632295583265817 9
1756350480316 0.003360467307384961 10
1756350480446 0.0033569180651732314 11
1756350480575 0.003352583497719753 12
1756350480706 0.0033474656396876665 13
1756350480844 0.0033415668934198145 14
1756350481246 0.003334890027811071 15
1756350481377 0.003327438177008615 16
1756350481507 0.003319214838940744 17
1756350481640 0.003310223873674937 18
1756350481769 0.0033004695016059207 19
1756350481898 0.0032899563014746015 20
1756350482029 0.003278689208218785 21
1756350482159 0.003266673510656698 22
1756350482288 0.0032539148490043934 23
1756350482417 0.0032404192122282155 24
1756350482549 0.003226192935233549 25
1756350482678 0.003211242695891196 26
1756350482809 0.0031955755119027506 27
1756350482939 0.003179198737506467 28
1756350483069 0.003162120060025149 29
1756350483198 0.0031443474962576886 30
1756350483330 0.003125889388715953 31
1756350483462 0.0031067544017087715 32
1756350483592 0.0030869515172748776 33
1756350483722 0.0030664900309667043 34
1756350483851 0.003045379547487014 35
1756350483981 0.003023629976180414 36
1756350484112 0.0030012515263818694 37
1756350484244 0.0029782547026244027 38
1756350484375 0.0029546502997082223 39
1756350484505 0.0029304493976336026 40
1756350484635 0.0029056633563998855 41
1756350484765 0.0028803038106730546 42
1756350484896 0.0028543826643243745 43
1756350485027 0.0028279120848426677 44
1756350485159 0.002800904497622847 45
1756350485289 0.002773372580133385 46
1756350485420 0.002745329255965461 47
1756350485550 0.002716787688766576 48
1756350485681 0.0026877612760614843 49
1756350485811 0.0026582636429633424 50
1756350485942 0.002628308635778027 51
1756350486073 0.0025979103155046226 52
1756350486203 0.002567082951235136 53
1756350486334 0.002535841013456524 54
1756350486464 0.002504199167258194 55
1756350486596 0.0024721722654481486 56
1756350486727 0.0024397753415810208 57
1756350486857 0.002407023602901264 58
1756350486988 0.0023739324232048106 59
1756350487118 0.0023405173356225517 60
1756350487249 0.0023067940253290236 61
1756350487379 0.002272778322179724 62
1756350487510 0.002238486193280517 63
1756350487641 0.0022039337354926086 64
1756350487772 0.002169137167876617 65
1756350487903 0.002134112824079281 66
1756350488034 0.0020988771446663816 67
1756350488164 0.002063446669405475 68
1756350488295 0.0020278380295020615 69
1756350488425 0.001992067939792829 70
1756350488556 0.0019561531908996463 71
1756350488687 0.001920110641347974 72
1756350488818 0.0018839572096534098 73
1756350488949 0.001847709866380069 74
1756350489079 0.0018113856261745324 75
1756350489211 0.0017750015397791066 76
1756350489342 0.0017385746860281378 77
1756350489473 0.0017021221638311367 78
1756350489605 0.0016656610841464864 79
1756350489735 0.0016292085619494853 80
1756350489867 0.0015927817081985165 81
1756350489998 0.001556397621803091 82
1756350490129 0.0015200733815975546 83
1756350490261 0.0014838260383242133 84
1756350490393 0.0014476726066296492 85
1756350490524 0.001411630057077977 86
1756350490655 0.0013757153081847937 87
1756350490787 0.0013399452184755622 88
1756350490918 0.0013043365785721482 89
1756350491049 0.0012689061033112421 90
1756350491345 0.0012336704238983427 91
1756350491477 0.0011986460801010064 92
1756350622056 0.001057190024256256 1
1756350622202 0.002114380048512512 2
1756350622344 0.003171570072768768 3
1756350622486 0.004228760097025024 4
1756350622628 0.00528595012128128 5
1756350622769 0.00528595012128128 6
1756350622911 0.005285329927148441 7
1756350623053 0.00528346963587151 8
1756350623195 0.005280370120678582 9
1756350623337 0.005276032836494373 10
1756350623480 0.005270459819257269 11
1756350623623 0.005263653684963646 12
1756350623766 0.0052556176284399144 13
1756350623908 0.005246355421842854 14
1756350624051 0.0052358714128889474 15
1756350624194 0.005224170522813547 16
1756350624337 0.005211258244060824 17
1756350624481 0.005197140637705598 18
1756350624624 0.005181824330608239 19
1756350625015 0.005165316512304 20
1756350625159 0.005147624931628211 21
1756350625303 0.005128757893078956 22
1756350625449 0.005108724252918898 23
1756350625593 0.005087533415018126 24
1756350625737 0.005065195326439926 25
1756350625881 0.005041720472771607 26
1756350626024 0.005017119873202511 27
1756350626168 0.004991405075351568 28
1756350626311 0.004964588149846798 29
1756350626455 0.00493668168465931 30
1756350626599 0.004907698779194458 31
1756350626743 0.004877653038142926 32
1756350626888 0.004846558565094636 33
1756350627032 0.004814429955918465 34
1756350627177 0.004781282291910888 35
1756350627321 0.004747131132716754 36
1756350627465 0.004711992509025533 37
1756350627609 0.004675882915046438 38
1756350627752 0.004638819300765989 39
1756350627896 0.004600819063991613 40
1756350628039 0.004561900042185047 41
1756350628183 0.004522080504089365 42
1756350628326 0.004481379141153556 43
1756350628470 0.00443981505875868 44
1756350628613 0.004397407767249737 45
1756350628757 0.004354177172777419 46
1756350628901 0.0043101435679540985 47
1756350629045 0.0042653276223283835 48
1756350629189 0.00421975037268276 49
1756350629333 0.004173433213158835 50
1756350629478 0.0041263978852148445 51
1756350629622 0.0040786664674201285 52
1756350629766 0.004030261365091362 53
1756350630064 0.0039812052997754074 54
1756350630209 0.003931521298583736 55
1756350630353 0.003881232683383406 56
1756350630497 0.003830363059849688 57
1756350630642 0.0037789363063854657 58
1756350630787 0.003726976562912622 59
1756350630931 0.003674508219540661 60
1756350631076 0.003621555905117896 61
1756350631220 0.003568144475670567 62
1756350631364 0.0035142990027353283 63
1756350631509 0.0034600447615905677 64
1756350631653 0.0034054072193920905 65
1756350631797 0.0033504120232187335 66
1756350631942 0.003295084988033528 67
1756350632087 0.003239452084566054 68
1756350632231 0.0031835394271216735 69
1756350632378 0.0031273732613233745 70
1756350632522 0.0030709799517919718 71
1756350632667 0.003014385969770446 72
1756350632812 0.002957617880698243 73
1756350632957 0.0029007023317413486 74
1756350633101 0.0028436660392839987 75
1756350633245 0.00278653577638791 76
1756350633390 0.0027293383602248955 77
1756350633534 0.0026721006394887768 78
1756350633679 0.002614849481792504 79
1756350633822 0.0025576117610563854 80
1756350633967 0.002500414344893371 81
1756350634111 0.0024432840819972827 82
1756350634255 0.002386247789539933 83
1756350634579 0.0023293322405830374 84
1756350634724 0.0022725641515108346 85
1756350634870 0.0022159701694893096 86
1756350635016 0.002159576859957906 87
1756350635162 0.002103410694159608 88
1756350635308 0.002047498036715227 89
1756350635453 0.001991865133247753 90
1756350635598 0.0019365380980625481 91
1756350794567 0.001060537454979474 1
1756350794990 0.002121074909958948 2
1756350795148 0.0031816123649384223 3
1756350795306 0.004242149819917896 4
1756350795464 0.00530268727489737 5
1756350795622 0.00530268727489737 6
1756350795781 0.005302065116642972 7
1756350795939 0.005300198933923328 8
1756350796096 0.005297089602732004 9
1756350796253 0.00529273858260138 10
1756350796411 0.005287147915917553 11
1756350796569 0.005280320226961617 12
1756350796726 0.0052722587206778275 13
1756350796883 0.005262967181169182 14
1756350797043 0.005252449969921148 15
1756350797201 0.005240712023754367 16
1756350797360 0.005227758852507286 17
1756350797518 0.005213596536449823 18
1756350797675 0.00519823172342926 19
1756350797834 0.0051816716257497225 20
1756350797991 0.005163924016786686 21
1756350798310 0.005144997227338135 22
1756350798468 0.005124900141714042 23
1756350798626 0.005103642193566047 24
1756350798783 0.005081233361459254 25
1756350798941 0.005057684164188262 26
1756350799099 0.005033005655839595 27
1756350799257 0.005007209420602876 28
1756350799415 0.004980307567333154 29
1756350799574 0.0049523127238669685 30
1756350799733 0.0049232380310947855 31
1756350799892 0.004893097136792618 32
1756350800051 0.004861904189215699 33
1756350800208 0.00482967383045724 34
1756350800367 0.004796421189575373 35
1756350800525 0.004762161875491508 36
1756350800684 0.004726911969663449 37
1756350800842 0.004690688018536686 38
1756350801002 0.004653507025777435 39
1756350801160 0.004615386444291047 40
1756350801320 0.004576344168029545 41
1756350801479 0.004536398523592131 42
1756350801637 0.004495568261622611 43
1756350801796 0.004453872548007764 44
1756350801953 0.004411330954880803 45
1756350802112 0.004367963451434136 46
1756350802271 0.004323790394545746 47
1756350802430 0.004278832519223596 48
1756350802588 0.004233110928872534 49
1756350802907 0.004186647085388263 50
1756350803066 0.004139462799083056 51
1756350803225 0.004091580218447895 52
1756350803384 0.004043021819755892 53
1756350803544 0.00399381039651183 54
1756350803703 0.003943969048752807 55
1756350803862 0.0038935211722049834 56
1756350804020 0.0038424904473015387 57
1756350804179 0.003790900828066977 58
1756350804338 0.0037387765308730197 59
1756350804497 0.003686142023071339 60
1756350804655 0.0036330220115084904 61
1756350804814 0.0035794414309284167 62
1756350804973 0.003525425432267984 63
1756350805133 0.0034709993708510307 64
1756350805291 0.0034161887944864785 65
1756350805451 0.0033610194314760886 66
1756350805609 0.0033055171785374956 67
1756350805769 0.0032497080886481865 68
1756350805928 0.003193618358816129 69
1756350806086 0.0031372743177827908 70
1756350806245 0.003080702413664327 71
1756350806404 0.003023929201536726 72
1756350806564 0.0029669813309707556 73
1756350806881 0.0029098855335225457 74
1756350807040 0.0028526686101856898 75
1756350807199 0.0027953574188107552 76
1756350807358 0.0027379788614981 77
1756350807518 0.002680559871969919 78
1756350807677 0.0026231274029274517 79
1756350807836 0.0025657084133992704 80
1756350807995 0.0025083298560866153 81
1756350808154 0.002451018664711681 82
1756350808312 0.0023938017413748253 83
1756350808472 0.002336705943926615 84
1756350808632 0.002279758073360644 85
1756350808792 0.0022229848612330435 86
1756350808951 0.0021664129571145794 87
1756350809111 0.0021100689160812418 88
1756350809270 0.002053979186249184 89
1756350809429 0.001998170096359875 90
1756350809588 0.0019426678434212824 91
1756350809747 0.0018874984804108919 92
1756350809906 0.0018326879040463397 93
1756350810251 0.0017782618426293861 94
1756350810410 0.0017242458439689534 95
1756350810569 0.0016706652633888797 96
1756350810728 0.0016175452518260307 97
1756350810888 0.0015649107440243505 98
1756350811046 0.0015127864468303936 99
1756350811205 0.0014611968275958327 100
1756350811367 0.0014101661026923867 101
1756350811527 0.0013597182261445638 102
1756350811686 0.0013098768783855405 103
1756350811846 0.0012606654551414788 104
1756350812005 0.0012121070564494747 105
1756350812165 0.0011642244758143145 106
1756350812325 0.0011170401895091073 107
1756350812484 0.0010705763460248379 108
1756350812645 0.0010248547556737742 109
1756350812805 0.000979896880351625 110
1756350812964 0.000935723823463235 111
1756350813125 0.0008923563200165675 112
1756350813285 0.000849814726889606 113
1756350813625 0.0008081190132747594 114
1756350824689 0.0012245149333634442 1
1756350824851 0.0024490298667268883 2
1756350825011 0.0036735448000903325 3
1756350825190 0.004898059733453777 4
1756350825351 0.006122574666817221 5
1756350825512 0.006122574666817221 6
1756350825674 0.006121856293965071 7
1756350825835 0.006119701512615686 8
1756350825997 0.00611611133423197 9
1756350826162 0.006111087444057884 10
1756350826324 0.006104632200327386 11
1756350826485 0.006096748633157466 12
1756350826646 0.006087440443125796 13
1756350826807 0.006076711999533665 14
1756350826969 0.006064568338355012 15
1756350827131 0.006051015159872521 16
1756350827293 0.0060360588260018845 17
1756350827455 0.006019706357305491 18
1756350827617 0.006001965429696953 19
1756350827779 0.005982844370837999 20
1756350827941 0.005962352156229434 21
1756350828367 0.005940498404998005 22
1756350828531 0.0059172933753811495 23
1756350828693 0.005892747959911731 24
1756350828856 0.005866873680305045 25
1756350829019 0.00583968268205048 26
1756350829181 0.005811187728710375 27
1756350829343 0.005781402195928753 28
1756350829505 0.005750340065152744 29
1756350829666 0.005718015917069635 30
1756350829828 0.005684444924762637 31
1756350829991 0.005649642846588584 32
1756350830154 0.005613626018780888 33
1756350830320 0.005576411347781262 34
1756350830483 0.005538016302303755 35
1756350830645 0.005498458905134874 36
1756350830806 0.005457757724673617 37
1756350830969 0.005415931866215394 38
1756350831131 0.005373000962983923 39
1756350831294 0.005328985166915315 40
1756350831456 0.005283905139198682 41
1756350831780 0.005237782040577689 42
1756350831949 0.005190637521417614 43
1756350832113 0.005142493711542586 44
1756350832276 0.005093373209847757 45
1756350832445 0.005043299073691288 46
1756350832608 0.0049922948080711365 47
1756350832770 0.004940384354591715 48
1756350832933 0.004887592080225612 49
1756350833094 0.004833942765875631 50
1756350833255 0.00477946159474254 51
1756350833417 0.004724174140503982 52
1756350833579 0.0046681063553100826 53
1756350833743 0.004611284557601408 54
1756350833904 0.004553735419754992 55
1756350834067 0.004495485955564206 56
1756350834229 0.004436563507558389 57
1756350834392 0.004376995734168142 58
1756350834553 0.004316810596742367 59
1756350834716 0.004256036346423086 60
1756350834879 0.004194701510884249 61
1756350835042 0.00413283488094073 62
1756350835204 0.004070465497033804 63
1756350835368 0.0040076226355994496 64
1756350835531 0.003944335795325871 65
1756350835693 0.003880634683306701 66
1756350835856 0.0038165492010963703 67
1756350836019 0.0037521094306742016 68
1756350836181 0.0036873456203238082 69
1756350836526 0.0036222881704344296 70
1756350836689 0.0035569676192308687 71
1756350836853 0.0034914146284387272 72
1756350837016 0.003425659968891672 73
1756350837180 0.003359734506087483 74
1756350837343 0.0032936691856996635 75
1756350837506 0.003227495019051423 76
1756350837668 0.003161243068558838 77
1756350837832 0.0030949444331500263 78
1756350837995 0.003028630233667195 79
1756350838172 0.0029623315982583837 80
1756350838335 0.002896079647765798 81
1756350838501 0.002829905481117558 82
1756350838665 0.0027638401607297395 83
1756350838829 0.0026979146979255494 84
1756350838993 0.002632160038378494 85
1756350839156 0.0025666070475863527 86
1756350839319 0.0025012864963827913 87
1756350839483 0.0024362290464934135 88
1756350839646 0.0023714652361430198 89
1756350839810 0.0023070254657208515 90
1756350839974 0.002242939983510521 91
1756350840139 0.0021792388714913504 92
1756350840303 0.002115952031217772 93
1756350840649 0.0020531091697834165 94
1756350840813 0.0019907397858764907 95
1756350840977 0.0019288731559329714 96
1756350841143 0.0018675383203941348 97
1756350841307 0.0018067640700748537 98
1756350841471 0.0017465789326490792 99
1756350863845 0.0019820099960459643 1
1756350864011 0.003964019992091929 2
1756350864174 0.005946029988137893 3
1756350864338 0.007928039984183857 4
1756350864501 0.009910049980229822 5
1756350864666 0.009910049980229822 6
1756350864829 0.009908887143397173 7
1756350864992 0.009905399178739439 8
1756350865155 0.009899587723521059 9
1756350865319 0.00989145550566214 10
1756350865483 0.009881006342457971 11
1756350865647 0.009868245138787176 12
1756350865810 0.009853177884809328 13
1756350866223 0.009835811653153156 14
1756350866387 0.009816154595596621 15
1756350866554 0.009794215939240446 16
1756350866719 0.009770005982176866 17
1756350866883 0.009743536088655668 18
1756350867047 0.009714818683749777 19
1756350867211 0.009683867247522862 20
1756350867376 0.009650696308701748 21
1756350867542 0.009615321437856577 22
1756350867708 0.009577759240091915 23
1756350867874 0.009538027347252252 24
1756350868037 0.009496144409645546 25
1756350868201 0.009452130087288695 26
1756350868365 0.009406005040679042 27
1756350868530 0.009357790921096258 28
1756350868694 0.009307510360439152 29
1756350868859 0.00925518696060216 30
1756350869024 0.009200845282396525 31
1756350869188 0.009144510834021355 32
1756350869355 0.00908621005908997 33
1756350869698 0.009025970324217172 34
1756350869863 0.008963819906173242 35
1756350870028 0.008899787978610714 36
1756350870192 0.008833904598370147 37
1756350870356 0.008766200691371323 38
1756350870520 0.0086967080380965 39
1756350870685 0.00862545925867253 40
1756350870850 0.00855248779755883 41
1756350871015 0.00847782790784844 42
1756350871181 0.008401514635189466 43
1756350871345 0.008323583801334529 44
1756350871510 0.00824407198732588 45
1756350871675 0.008163016516324124 46
1756350871840 0.008080455436088575 47
1756350872005 0.007996427501117488 48
1756350872170 0.007910972154456544 49
1756350872335 0.007824129509184125 50
1756350872500 0.007735940329582086 51
1756350872666 0.007646446012000824 52
1756350872834 0.007555688565427686 53
1756350872999 0.007463710591767763 54
1756350873165 0.007370555265846407 55
1756350873334 0.00727626631514278 56
1756350873499 0.007180887999264015 57
1756350873670 0.007084465089169568 58
1756350873836 0.00698704284615557 59
1756350874001 0.006888667000608976 60
1756350874167 0.006789383730541553 61
1756350874513 0.006689239639913733 62
1756350874679 0.006588281736758531 63
1756350874844 0.006486557411115788 64
1756350875009 0.006384114412787097 65
1756350875175 0.006281000828921859 66
1756350875363 0.006177265061444981 67
1756350875528 0.006072955804336826 68
1756350875692 0.0059681220207760625 69
1756350875857 0.005862812920156152 70
1756350876022 0.005757077934986269 71
1756350876188 0.005650966697687484 72
1756350876366 0.005544529017295106 73
1756350876531 0.00543781485607813 74
1756350876697 0.0053308743060867395 75
1756350876861 0.00522375756563891 76
1756350877028 0.005116514915757115 77
1756350877193 0.005009196696566216 78
1756350877359 0.004901853283663608 79
1756350877526 0.004794535064472708 80
1756350877691 0.004687292414590914 81
1756350877857 0.004580175674143084 82
1756350878023 0.004473235124151695 83
1756350878190 0.004366520962934717 84
1756350878535 0.004260083282542339 85
1756350878701 0.004153972045243554 86
1756350878869 0.0040482370600736705 87
1756350879035 0.003942927959453762 88
1756350879202 0.003838094175892997 89
1756350879369 0.0037337849187848425 90
1756350879536 0.003630049151307966 91
1756350879701 0.0035269355674427266 92
1756350879868 0.0034244925691140357 93
1756350880034 0.0033227682434712924 94
1756350880201 0.0032218103403160903 95
1756350880368 0.00312166624968827 96
1756350880534 0.0030223829796208472 97
1756350880700 0.002924007134074253 98
1756350880867 0.002826584891060255 99
1756350881034 0.002730161980965811 100
1756350881200 0.002634783665087043 101
1756350881368 0.0025404947143834165 102
1756350881535 0.002447339388462059 103
1756350881703 0.0023553614148021378 104
1756350881870 0.002264603968228998 105
1756350882200 0.002175109650647738 106
1756350882369 0.0020869204710456985 107
1756350882537 0.002000077825773281 108
1756350882706 0.0019146224791123344 109
1756350882874 0.001830594544141247 110
1756350883043 0.0017480334639056977 111
1756350883212 0.001666977992903943 112
1756350883381 0.0015874661788952934 113
1756350883549 0.0015095353450403559 114
1756351017871 0.0014065410389211017 1
1756351018050 0.0028130820778422033 2
1756351018231 0.004219623116763304 3
1756351018412 0.005626164155684407 4
1756351018588 0.007032705194605508 5
1756351018766 0.007032705194605508 6
1756351018944 0.007031880017034204 7
1756351019120 0.0070294048716619114 8
1756351019298 0.007025280920331679 9
1756351019475 0.007019510098842604 10
1756351019653 0.007012095116041163 11
1756351019830 0.00700303945254967 12
1756351020269 0.006992347359132454 13
1756351020448 0.00698002385470054 14
1756351020626 0.0069660747239557435 15
1756351020803 0.006950506514675321 16
1756351020980 0.006933326534638404 17
1756351021158 0.006914542848195707 18
1756351021335 0.006894164272484087 19
1756351021512 0.006872200373287743 20
1756351021689 0.0068486614605480015 21
1756351021867 0.006823558583523789 22
1756351022047 0.006796903525605062 23
1756351022224 0.006768708798781646 24
1756351022402 0.006738987637770045 25
1756351022579 0.006707753993801025 26
1756351022755 0.006675022528070847 27
1756351022934 0.006640808604859236 28
1756351023274 0.006605128284317343 29
1756351023452 0.00656799831492903 30
1756351023630 0.006529436125649076 31
1756351023808 0.006489459817721953 32
1756351023987 0.006448088156185027 33
1756351024165 0.0064053405610601825 34
1756351024343 0.006361237098237981 35
1756351024521 0.0063157984700586535 36
1756351024700 0.006269046005594344 37
1756351024877 0.006221001650637152 38
1756351025055 0.006171687957397696 39
1756351025233 0.006121128073919016 40
1756351025412 0.006069345733210784 41
1756351025589 0.006016365242108947 42
1756351025768 0.005962211469865989 43
1756351026110 0.005906909836477215 44
1756351026288 0.0058504863007485 45
1756351026467 0.005792967348111124 46
1756351026645 0.005734379978189402 47
1756351026824 0.00567475169212696 48
1756351027001 0.005614110479677587 49
1756351027179 0.005552484806066726 50
1756351027357 0.005489903598629797 51
1756351027534 0.00542639623323358 52
1756351027713 0.0053619925204870765 53
1756351027890 0.005296722691748281 54
1756351028067 0.005230617384933472 55
1756351028245 0.005163707630135644 56
1756351028425 0.005096024835058867 57
1756351028604 0.005027600770275376 58
1756351028784 0.004958467554312349 59
1756351029121 0.004888657638575336 60
1756351029300 0.004818203792115443 61
1756351029479 0.004747139086247409 62
1756351029659 0.004675496879025799 63
1756351029839 0.004603310799586604 64
1756351030019 0.004530614732361589 65
1756351030199 0.004457442801172807 66
1756351030378 0.0043838293532147375 67
1756351030557 0.004309808942931587 68
1756351030736 0.004235416315797288 69
1756351030915 0.004160686392005837 70
1756351031095 0.004085654250079618 71
1756351031273 0.004010355110403406 72
1756351031451 0.003934824318691779 73
1756351031630 0.0038590973293976976 74
1756351031963 0.0037832096890700433 75
1756351032142 0.003707197019667931 76
1756351032322 0.0036310950018396205 77
1756351032500 0.003554939358173873 78
1756351032680 0.0034787658364316357 79
1756351032859 0.0034026101927658887 80
1756351033038 0.0033265081749375776 81
1756351033217 0.003250495505535466 82
1756351033396 0.0031746078652078124 83
1756351033576 0.00309888087591373 84
1756351033756 0.0030233500842021025 85
1756351033935 0.0029480509445258913 86
1756351034114 0.002873018802599672 87
1756351034292 0.002798288878808221 88
1756351054366 0.0008308289734253567 1
1756351054549 0.0016616579468507135 2
1756351054728 0.00249248692027607 3
1756351054908 0.003323315893701427 4
1756351055087 0.004154144867126784 5
1756351055268 0.004154144867126784 6
1756351055447 0.004153657491461865 7
1756351055627 0.004152195593243178 8
1756351055806 0.00414975985869154 9
1756351055985 0.004146351431150401 10
1756351056166 0.00414197191054916 11
1756351056345 0.004136623352652139 12
1756351056526 0.004130308268093615 13
1756351056706 0.004123029621199305 14
1756351056887 0.0041147908285949055 15
1756351057067 0.004105595757602319 16
1756351057497 0.004095448724424307 17
1756351057677 0.004084354492118456 18
1756351057858 0.00407231826836138 19
1756351058039 0.004059345703004208 20
1756351058220 0.004045442885420529 21
1756351058401 0.004030616341648017 22
1756351058582 0.004014873031325073 23
1756351058762 0.003998220344423958 24
1756351058943 0.003980666097781895 25
1756351059126 0.003962218531431828 26
1756351059306 0.003942886304734509 27
1756351059486 0.003922678492313764 28
1756351059666 0.0039016045797968272 29
1756351059846 0.0038796744593617514 30
1756351060025 0.0038568984250939783 31
1756351060369 0.003833287168154256 32
1756351060550 0.003808851771760163 33
1756351060731 0.0037836037059836053 34
1756351060911 0.0037575548223667174 35
1756351061093 0.003730717348358702 36
1756351061274 0.0037031038815762154 37
1756351061457 0.0036747273838899992 38
1756351061638 0.003645601175340524 39
1756351061818 0.0036157389278855105 40
1756351062000 0.0035851546589822595 41
1756351062180 0.0035538627250078013 42
1756351062363 0.0035218778145199533 43
1756351062545 0.003489214941362456 44
1756351062727 0.003455889437617414 45
1756351062909 0.003421916946408355 46
1756351063090 0.003387313414557287 47
1756351063437 0.003352095085099194 48
1756351063618 0.0033162784896574975 49
1756351063799 0.003279880440684039 50
1756351063980 0.0032429180235672528 51
1756351064161 0.003205408588612217 52
1756351064342 0.0031673697428963514 53
1756351064524 0.003128819342004583 54
1756351064705 0.0030897754816478678 55
1756351064886 0.003050256489168989 56
1756351065066 0.003010280914939631 57
1756351065247 0.0029698675236527615 58
1756351065427 0.0029290352855144103 59
1756351065608 0.002887803367338979 60
1756351065789 0.002846191123552263 61
1756351065970 0.0028042180871064057 62
1756351066309 0.002761903960311055 63
1756351066489 0.0027192686055850217 64
1756351066671 0.0026763320361327795 65
1756351066852 0.0026331144065501874 66
1756351067034 0.002589636003363845 67
1756351067216 0.0025459172355085137 68
1756351067397 0.0025019786247470845 69
1756351067579 0.002457840796037578 70
1756351067760 0.002413524467851711 71
1756351067941 0.00236905044244956 72
1756351068122 0.0023244395961149016 73
1756351068304 0.0022797128693557997 74
1756351068486 0.002234891257075047 75
1756351068668 0.0021899957987150786 76
1756351068849 0.0021450475683819706 77
1756351069031 0.0021000676649531726 78
1756351069376 0.002055077202173612 79
1756351069559 0.002010097298744814 80
1756351069742 0.001965149068411706 81
1756351069925 0.001920253610051737 82
1756351070107 0.0018754319977709849 83
1756351070289 0.0018307052710118822 84
1756351070472 0.0017860944246772235 85
1756351070655 0.0017416203992750728 86
1756351070838 0.0016973040710892054 87
1756351071021 0.0016531662423796998 88
1756351071204 0.0016092276316182702 89
1756351071388 0.0015655088637629394 90
1756351071571 0.0015220304605765972 91
1756351071753 0.0014788128309940049 92
1756351071937 0.0014358762615417624 93
1756351072120 0.0013932409068157289 94
1756351072466 0.0013509267800203785 95
1756351072649 0.0013089537435745208 96
1756351072831 0.0012673414997878044 97
1756351073013 0.0012261095816123732 98
1756351073195 0.0011852773434740224 99
1756351073377 0.0011448639521871534 100
1756351091817 0.0010219450043279278 1
1756351092003 0.0020438900086558556 2
1756351092184 0.003065835012983783 3
1756351092368 0.004087780017311711 4
1756351092552 0.005109725021639639 5
1756351092733 0.005109725021639639 6
1756351092915 0.005109125507696839 7
1756351093358 0.005107327247282662 8
1756351093541 0.005104331084507672 9
1756351093723 0.0051001384257825496 10
1756351093906 0.0050947512391579155 11
1756351094088 0.005088172053400521 12
1756351094271 0.005080403956806236 13
1756351094455 0.005071450595750384 14
1756351094638 0.005061316172976128 15
1756351094820 0.005050005445621683 16
1756351095003 0.005037523722987294 17
1756351095185 0.005023876864043028 18
1756351095367 0.005009071274678559 19
1756351095549 0.004993113904696209 20
1756351095732 0.004976012244548687 21
1756351095914 0.00495777432182304 22
1756351096097 0.004938408697472475 23
1756351096449 0.004917924461797808 24
1756351096632 0.004896331230180443 25
1756351096815 0.004873639138568877 26
1756351096997 0.004849858838720841 27
1756351097179 0.004825001493203327 28
1756351097361 0.00479907877015283 29
1756351097542 0.004772102837798284 30
1756351097724 0.004744086358749243 31
1756351097906 0.004715042484052002 32
1756351098088 0.004684984847016443 33
1756351098271 0.004653927556816514 34
1756351098453 0.004621885191867314 35
1756351098635 0.004588872792981935 36
1756351098816 0.004554905856311243 37
1756351098998 0.004520000326069924 38
1756351099351 0.004484172587052205 39
1756351099533 0.0044474394569407666 40
1756351099716 0.004409818178412458 41
1756351099898 0.004371326411044514 42
1756351100081 0.0043319822230250835 43
1756351100263 0.004291804082671942 44
1756351100451 0.004250810849763401 45
1756351100634 0.004209021766685444 46
1756351100818 0.004166456449399279 47
1756351101001 0.004123134878233528 48
1756351101183 0.004079077388505383 49
1756351101367 0.004034304660975121 50
1756351101552 0.00398883771213848 51
1756351101734 0.003942697884361434 52
1756351101919 0.0038959068358619935 53
1756351102102 0.0038484865305437573 54
1756351102453 0.003800459227685972 55
1756351102637 0.0037518474714949316 56
1756351102820 0.003702674080521643 57
1756351103004 0.0036529621369507034 58
1756351103187 0.003602734975765436 59
1756351103370 0.003552016173794353 60
1756351103553 0.0035008295386441 61
1756351103736 0.0034491990975240696 62
1756351103919 0.0033971490859679375 63
1756351104103 0.0033447039364574043 64
1756351104285 0.0032918882669534916 65
1756351104469 0.003238726869340775 66
1756351104652 0.0031852446977899736 67
1756351104834 0.0031314668570443654 68
1756351105018 0.0030774185906355194 69
1756351105376 0.0030231252690338835 70
1756351105559 0.0029686123777397833 71
1756351105742 0.002913905505320428 72
1756351105925 0.002859030331398537 73
1756351106109 0.002804012614598222 74
1756351106292 0.0027488781804537845 75
1756351106475 0.0026936529092871113 76
1756351106659 0.0026383627240593494 77
1756351106843 0.0025830335782025594 78
1756351107026 0.00252769144343708 79
1756351107209 0.0024723622975802904 80
1756351107393 0.0024170721123525276 81
1756351107577 0.0023618468411858553 82
1756351107761 0.0023067124070414178 83
1756351107945 0.002251694690241102 84
1756351108128 0.002196819516319211 85
1756351108474 0.002142112643899856 86
1756351108658 0.0020875997526057554 87
1756351108842 0.00203330643100412 88
1756351109025 0.001979258164595274 89
1756351278862 0.0011730658690639266 1
1756351279059 0.002346131738127853 2
1756351279254 0.00351919760719178 3
1756351279450 0.004692263476255706 4
1756351279645 0.005865329345319633 5
1756351280090 0.005865329345319633 6
1756351280284 0.005864641160460829 7
1756351280479 0.005862576928921117 8
1756351280675 0.005859137619658962 9
1756351280870 0.005854324847099761 10
1756351281065 0.005848140870378028 11
1756351281261 0.005840588592276943 12
1756351281457 0.005831671557865776 13
1756351281651 0.005821393952835819 14
1756351281845 0.005809760601535602 15
1756351282040 0.0057967769647063305 16
1756351282234 0.005782449136918586 17
1756351282430 0.005766783843711514 18
1756351282626 0.005749788438435826 19
1756351282821 0.005731470898802115 20
1756351283175 0.005711839823136076 21
1756351283371 0.005690904426342425 22
1756351283566 0.005668674535579385 23
1756351283762 0.005645160585645779 24
1756351283957 0.00562037361408289 25
1756351284154 0.005594325255993404 26
1756351284350 0.0055670277385798375 27
1756351284546 0.005538493875405044 28
1756351284740 0.00550873706037748 29
1756351284936 0.005477771261464045 30
1756351285131 0.00544561101413347 31
1756351285326 0.005412271414533303 32
1756351285520 0.005377768112403721 33
1756351285715 0.005342117303731482 34
1756351285909 0.0053053357231474625 35
1756351286108 0.005267440636071355 36
1756351286465 0.005228449830607212 37
1756351286661 0.0051883816091936414 38
1756351286857 0.0051472547800125645 39
1756351287052 0.0051050886481605875 40
1756351287248 0.005061903006587106 41
1756351287443 0.005017718126803422 42
1756351287639 0.004972554749367211 43
1756351287835 0.004926434074146826 44
1756351288031 0.004879377750369993 45
1756351288226 0.004831407866461579 46
1756351288421 0.0047825469396751965 47
1756351288618 0.004732817905523516 48
1756351288815 0.004682244107012246 49
1756351289011 0.004630849283682834 50
1756351289208 0.0045786575604690296 51
1756351289404 0.0045256934363725465 52
1756351289755 0.004471981772963136 53
1756351289951 0.0044175477827084605 54
1756351290147 0.004362417017139272 55
1756351290343 0.004306615354855412 56
1756351290539 0.004250168989378301 57
1756351290735 0.004193104416855591 58
1756351290931 0.004135448423623776 59
1756351291126 0.004077228073634569 60
1756351291323 0.004018470695750985 61
1756351291518 0.00395920387091906 62
1756351291714 0.003899455419221246 63
1756351291909 0.0038392533868175545 64
1756351292105 0.00377862603278058 65
1756351292301 0.0037176018158305746 66
1756351292498 0.003656209380976815 67
1756351292851 0.003594477546071522 68
1756351293047 0.003532435288282646 69
1756351293244 0.003470111730491868 70
1756351293441 0.003407536127624206 71
1756351293638 0.003344737852915634 72
1756351293834 0.003281746384125172 73
1756351294031 0.003218591289697909 74
1756351294227 0.0031553022148854528 75
1756351294424 0.003091908867830337 76
1756351294621 0.003028441005620901 77
1756351294818 0.002964928420323189 78
1756351295015 0.0029014009249964446 79
1756351295212 0.002837888339698733 80
1756351295407 0.002774420477489296 81
1756351295605 0.002711027130434181 82
1756351295802 0.0026477380556217253 83
1756351296155 0.0025845829611944615 84
1756351296353 0.0025215914924039996 85
1756351296556 0.0024587932176954276 86
1756351296755 0.002396217614827765 87
1756351296951 0.002333894057036988 88
1756351297148 0.0022718517992481113 89
1756351297346 0.002210119964342819 90
1756351297543 0.00214872752948906 91
1756351297740 0.0020877033125390534 92
1756351297938 0.0020270759585020786 93
1756351298135 0.0019668739260983877 94
1756351298332 0.0019071254744005733 95
1756351298530 0.0018478586495686478 96
1756351298727 0.001789101271685064 97
1756351298925 0.001730880921695857 98
1756351299281 0.0016732249284640418 99
1756351299479 0.0016161603559413334 100
1756351299677 0.0015597139904642214 101
1756351299874 0.0015039123281803616 102
1756351300070 0.0014487815626111722 103
1756351300268 0.0013943475723564975 104
1756351300466 0.0013406359089470857 105
1756351300664 0.0012876717848506038 106
1756351300862 0.0012354800616367998 107
1756351301059 0.0011840852383073882 108
1756351301256 0.0011335114397961177 109
1756351301453 0.0010837824056444375 110
1756351301652 0.0010349214788580542 111
1756351301850 0.0009869515949496404 112
1756351302048 0.0009398952711728069 113
1756351302246 0.0008937745959524222 114
1756351302602 0.0008486112185162119 115
1756351302800 0.0008044263387325277 116
1756351302997 0.0007612406971590463 117
1756351303197 0.0007190745653070689 118
1756351303394 0.0006779477361259918 119
1756351303592 0.0006378795147124211 120
1756351303790 0.0005988887092482778 121
1756351303988 0.0005609936221721704 122
1756351304186 0.0005242120415881511 123
1756351304386 0.0004885612329159126 124
1756351304583 0.0004540579307863303 125
1756351304781 0.00042071833118616307 126
1756351304978 0.00038855808385558724 127
1756351305175 0.00035759228494215375 128
1756351305371 0.0003278354699145893 129
1756351305728 0.00029930160673979656 130
1756351305925 0.00027200408932622963 131
1756351306123 0.0002459557312367427 132
1756351306320 0.00022116875967385463 133
1756351306518 0.0001976548097402484 134
1756351306715 0.00017542491897720838 135
1756351306918 0.0001544895221835578 136
1756351307116 0.00013485844651751802 137
1756351450923 0.0010180517277634936 1
1756351451140 0.0020361034555269873 2
1756351451348 0.0030541551832904807 3
1756351451555 0.0040722069110539745 4
1756351451765 0.005090258638817468 5
1756351451972 0.005090258638817468 6
1756351452181 0.005089661409273979 7
1756351452388 0.005087870000985428 8
1756351452594 0.005084885254845964 9
1756351452801 0.005080708571907254 10
1756351453701 0.005075341912720821 11
1756351453912 0.005068787796417756 12
1756351454122 0.005061049299526227 13
1756351454332 0.005052130054527341 14
1756351454541 0.005042034248150047 15
1756351454750 0.005030766619405871 16
1756351454958 0.0050183324573643984 17
1756351455166 0.005004737598670568 18
1756351455376 0.004989988424804928 19
1756351455586 0.004974091859088143 20
1756351455796 0.004957055363431157 21
1756351456005 0.004938886934832549 22
1756351456214 0.004919595101624706 23
1756351456428 0.004899188919470589 24
1756351456639 0.004877677967112971 25
1756351456848 0.004855072341878138 26
1756351457545 0.004831382654936161 27
1756351457756 0.004806620026319975 28
1756351457966 0.004780796079705587 29
1756351458175 0.004753922936955878 30
1756351458383 0.004726013212430556 31
1756351458592 0.004697080007064919 32
1756351458801 0.004667136902220228 33
1756351459009 0.004636197953308563 34
1756351459217 0.004604277683195156 35
1756351459425 0.004571391075381299 36
1756351459632 0.00453755356697103 37
1756351459840 0.0045027810414248965 38
1756351460047 0.004467089821104194 39
1756351460256 0.004430496659609186 40
1756351460463 0.0043930187339149 41
1756351461121 0.004354673636308181 42
1756351461332 0.004315479366129809 43
1756351461541 0.004275454321325535 44
1756351461750 0.00423461728981001 45
1756351461959 0.004192987440647665 46
1756351462170 0.004150584315054678 47
1756351462380 0.004107427817226247 48
1756351462589 0.004063538204993484 49
1756351462798 0.004018936080314306 50
1756351463006 0.003973642379602798 51
1756351463215 0.003927678363901573 52
1756351463422 0.0038810656089017597 53
1756351463631 0.003833825994815281 54
1756351463840 0.0037859816961042024 55
1756351464048 0.0037375551710719475 56
1756351464258 0.003688569151321282 57
1756351464916 0.003639046631084009 58
1756351465127 0.0035890108564273888 59
1756351465336 0.0035384853143423374 60
1756351465544 0.003487493721718545 61
1756351465752 0.0034360600142116695 62
1756351465962 0.003384208335007848 63
1756351466171 0.003331963023490789 64
1756351466379 0.0032793486038167692 65
1756351466588 0.003226389773402895 66
1756351466795 0.0031731113913340404 67
1756351467003 0.003119538466693893 68
1756351467211 0.0030656961468255896 69
1756351467418 0.0030116097055274556 70
1756351467626 0.0029573045311893824 71
1756351467835 0.002902806114875417 72
1756351468042 0.0028481400383581564 73
1756351468693 0.0027933319621105627 74
1756351468904 0.00273840761326083 75
1756351469115 0.0026833927735159767 76
1756351469325 0.002628313267059805 77
1756351469534 0.0025731949484309262 78
1756351469742 0.0025180636903865423 79
1756351469950 0.0024629453717576635 80
1756351470159 0.0024078658653014914 81
1756351470369 0.0023528510255566384 82
1756351470578 0.0022979266767069063 83
1756351470786 0.0022431186004593117 84
1756351470994 0.0021884525239420512 85
1756351471202 0.002133954107628086 86
1756351471412 0.0020796489332900125 87
1756351471621 0.002025562491991879 88
1756351472288 0.0019717201721235755 89
1756351472500 0.0019181472474834279 90
1756351472713 0.0018648688654145738 91
1756351472923 0.001811910035000699 92
1756351473132 0.001759295615326679 93
1756351473341 0.0017070503038096201 94
1756351473549 0.0016551986246057988 95
1756351473758 0.001603764917098923 96
1756351473967 0.0015527733244751303 97
1756351474177 0.0015022477823900793 98
1756351474385 0.0014522120077334593 99
1756351474595 0.0014026894874961872 100
1756351474803 0.0013537034677455209 101
1756351475011 0.001305276942713266 102
1756351475219 0.001257432644002187 103
1756351475427 0.0012101930299157088 104
1756351476200 0.0011635802749158945 105
1756351476413 0.0011176162592146704 106
1756351476624 0.0010723225585031622 107
1756351476834 0.0010277204338239847 108
1756351477043 0.0009838308215912208 109
1756351477252 0.0009406743237627904 110
1756351477461 0.0008982711981698032 111
1756351477669 0.0008566413490074588 112
1756351477879 0.0008158043174919329 113
1756351478088 0.0007757792726876588 114
1756351478297 0.0007365850025092877 115
1756351478507 0.0006982399049025691 116
1756351652675 0.0010002789327297323 1
1756351652897 0.0020005578654594645 2
1756351653116 0.003000836798189197 3
1756351653335 0.004001115730918929 4
1756351653555 0.005001394663648661 5
1756351653773 0.005001394663648661 6
1756351653992 0.005000807862380702 7
1756351654210 0.0049990477340236626 8
1756351654429 0.004996115104788771 9
1756351654648 0.004992011351263811 10
1756351654867 0.004986738399766951 11
1756351655335 0.004980298725442521 12
1756351655555 0.00497269535109917 13
1756351655776 0.004963931845790945 14
1756351655997 0.004954012323141968 15
1756351656218 0.004942941439415484 16
1756351656438 0.004930724391328188 17
1756351656658 0.004917366913610867 18
1756351656878 0.0049028752763164984 19
1756351657098 0.00488725628187706 20
1756351657319 0.004870517261910439 21
1756351657537 0.004852666073778946 22
1756351657756 0.004833711096901033 23
1756351657976 0.004813661228817968 24
1756351658197 0.004792525881017286 25
1756351658417 0.004770314974515005 26
1756351658800 0.004747038935198659 27
1756351659021 0.004722708688933349 28
1756351659243 0.004697335656433091 29
1756351659468 0.004670931747899895 30
1756351659690 0.004643509357433067 31
1756351659910 0.004615081357211369 32
1756351660129 0.004585661091450764 33
1756351660349 0.004555262370140594 34
1756351660569 0.004523899462561114 35
1756351660790 0.004491587090585432 36
1756351661011 0.004458340421769011 37
1756351661231 0.00442417506222995 38
1756351661451 0.004389107049323414 39
1756351661671 0.004353152844113638 40
1756351661892 0.004316329323647035 41
1756351662112 0.004278653773030045 42
1756351662497 0.004240143877315436 43
1756351662718 0.004200817713200873 44
1756351662939 0.004160693740543643 45
1756351663159 0.004119790793695522 46
1756351663380 0.004078128072661863 47
1756351663601 0.004035725134089027 48
1756351663822 0.0039926018820844265 49
1756351664043 0.003948778558873449 50
1756351664263 0.0039042757352976856 51
1756351664484 0.0038591143011588868 52
1756351664705 0.003813315455413215 53
1756351664926 0.0037669006962203636 54
1756351665147 0.003719891810852243 55
1756351665369 0.0036723108654659413 56
1756351665588 0.003624180194745789 57
1756351665965 0.0035755223914193633 58
1756351666187 0.00352636029565238 59
1756351666409 0.0034767169843274224 60
1756351666631 0.0034266157602115647 61
1756351666855 0.003376080141017959 62
1756351667076 0.0033251338483665295 63
1756351667297 0.0032738007966489485 64
1756351667519 0.0032221050818031275 65
1756351667744 0.0031700709700024855 66
1756351667967 0.003117722886265315 67
1756351668190 0.0030650854029895796 68
1756351668411 0.003012183228418533 69
1756351668633 0.002959041195042572 70
1756351668855 0.0029056842479427665 71
1756351669076 0.0028521374330815405 72
1756351669298 0.002798425885545997 73
1756351669697 0.0027445748177494116 74
1756351669920 0.0026906095075964194 75
1756351670143 0.0026365552866174733 76
1756351670365 0.0025824375280781194 77
1756351670586 0.0025282816350686863 78
1756351670807 0.0024741130285799756 79
1756351671028 0.0024199571355705426 80
1756351671251 0.0023658393770311886 81
1756351671472 0.0023117851560522425 82
1756351671694 0.0022578198458992507 83
1756351671915 0.0022039687781026645 84
1756351672138 0.0021502572305671214 85
1756351672360 0.0020967104157058954 86
1756351672583 0.0020433534686060896 87
1756351672805 0.001990211435230129 88
1756351673199 0.001937309260659082 89
1756351673422 0.0018846717773833468 90
1756351673644 0.0018323236936461768 91
1756351673866 0.0017802895818455344 92
1756351674088 0.001728593866999713 93
1756351674311 0.0016772608152821318 94
1756351674535 0.0016263145226307024 95
1756351674758 0.0015757789034370967 96
1756351869542 0.0010062910062092261 1
1756351869779 0.0020125820124184523 2
1756351870013 0.0030188730186276784 3
1756351870248 0.004025164024836905 4
1756351870738 0.005031455031046131 5
1756351870974 0.005031455031046131 6
1756351871210 0.005030864702164274 7
1756351871444 0.005029093992621421 8
1756351871677 0.005026143733595649 9
1756351871912 0.005022015309950235 10
1756351872145 0.005016710659583601 11
1756351872380 0.005010232272519651 12
1756351872615 0.0050025831897389465 13
1756351872850 0.004993767001751258 14
1756351873086 0.004983787846910166 15
1756351873319 0.004972650409470502 16
1756351873553 0.004960359917389537 17
1756351873788 0.004946922139872962 18
1756351874022 0.0049323433846667954 19
1756351874257 0.004916630495096511 20
1756351874651 0.004899790846854739 21
1756351874905 0.004881832344539105 22
1756351875139 0.004862763417941763 23
1756351875373 0.0048425930180924295 24
1756351875606 0.004821330613056729 25
1756351875841 0.00479898618349185 26
1756351876077 0.004775570217961582 27
1756351876313 0.004751093708012941 28
1756351876548 0.0047255681430167 29
1756351876782 0.004699005504774227 30
1756351877015 0.00467141826189318 31
1756351877250 0.004642819363934699 32
1756351877483 0.004613222235334821 33
1756351877718 0.004582640769103008 34
1756351878122 0.004551089320300702 35
1756351878359 0.004518582699303012 36
1756351878593 0.004485136164846659 37
1756351878828 0.004450765416867465 38
1756351879063 0.004415486589130746 39
1756351879299 0.004379316241658051 40
1756351879535 0.004342271352953828 41
1756351879771 0.004304369312035645 42
1756351880008 0.004265627910271717 43
1756351880244 0.004226065333029564 44
1756351880481 0.004185700151139732 45
1756351880717 0.004144551312178569 46
1756351880954 0.004102638131574157 47
1756351881372 0.004059980283539575 48
1756351881609 0.004016597791837745 49
1756351881846 0.003972511020382197 50
1756351882083 0.0039277406636781705 51
1756351882322 0.0038823077371085285 52
1756351882558 0.003836233567069056 53
1756351882794 0.0037895397809577605 54
1756351883032 0.003742248297022894 55
1756351883269 0.003694381314074432 56
1756351883507 0.0036459613010638692 57
1756351883744 0.003597010986537202 58
1756351883984 0.003547553347966062 59
1756351884400 0.003497611600961996 60
1756351884639 0.0034472091883789692 61
1756351884877 0.0033963697693091934 62
1756351885114 0.0033451172079774585 63
1756351885352 0.0032934755625391695 64
1756351885594 0.003241469073787353 65
1756351885833 0.003189122153773932 66
1756351886070 0.003136459374350612 67
1756351886306 0.0030835054556347607 68
1756351886547 0.00303028525440568 69
1756351886787 0.002976823752436741 70
1756351887195 0.0029231460447688377 71
1756351887434 0.0028692773279306743 72
1756351887672 0.0028152428881114194 73
1756351887909 0.002761068089291265 74
1756351888146 0.0027067783613354724 75
1756351888384 0.0026523991880574955 76
1756351888622 0.0025979560952567793 77
1756351888860 0.0025434746387368425 78
1756351889098 0.002488980392309289 79
1756351889337 0.002434498935789352 80
1756351889744 0.0023800558429886353 81
1756351889981 0.002325676669710659 82
1756351890219 0.0022713869417548666 83
1756351890458 0.002217212142934712 84
1756351890695 0.002163177703115457 85
1756351890932 0.002109308986277294 86
1756351891171 0.00205563127860939 87
1756351891408 0.0020021697766404514 88
1756351891647 0.0019489495754113704 89
1756351891886 0.001895995656695519 90
1756351892290 0.0018433328772722 91
1756351892528 0.0017909859572587783 92
1756351892767 0.0017389794685069614 93
1756351893005 0.0016873378230686724 94
1756351893242 0.0016360852617369377 95
1756351893480 0.0015852458426671618 96
1756351893718 0.0015348434300841347 97
1756351893959 0.001484901683080069 98
1756351894199 0.0014354440445089292 99
1756351894436 0.001386493729982263 100
1756351894840 0.0013380737169716992 101
1756351895079 0.0012902067340232373 102
1756351895319 0.0012429152500883702 103
1756351895559 0.0011962214639770754 104
1756351895798 0.0011501472939376017 105
1756351896038 0.0011047143673679604 106
1756351896277 0.0010599440106639343 107
1756351896515 0.001015857239208387 108
1756351896756 0.0009724747475065562 109
1756351896995 0.000929816899471974 110
1756351897401 0.0008879037188675615 111
1756351897641 0.0008467548799063986 112
1756351897881 0.0008063896980165663 113
1756351898121 0.000766827120774414 114
1756351898359 0.0007280857190104862 115
1756351898599 0.0006901836780923039 116
1756351898838 0.0006531387893880808 117
1756351899079 0.0006169684419153858 118
1756352042887 0.0010195341365100052 1
1756352043137 0.0020390682730200105 2
1756352043384 0.003058602409530016 3
1756352043631 0.004078136546040021 4
1756352043879 0.005097670682550026 5
1756352044126 0.005097670682550026 6
1756352044374 0.0050970725831958625 7
1756352044868 0.005095278565883577 8
1756352045118 0.005092289472732006 9
1756352045365 0.005088106706833321 10
1756352045614 0.0050827322315944124 11
1756352045861 0.005076168569815256 12
1756352046109 0.0050684188025047015 13
1756352046358 0.005059486567434238 14
1756352046605 0.0050493760574304054 15
1756352046854 0.0050380920184066695 16
1756352047101 0.005025639747135667 17
1756352047350 0.00501202508876288 18
1756352047757 0.004997254434062904 19
1756352048005 0.004981334716439593 20
1756352048254 0.004964273408671489 21
1756352048503 0.004946078519404072 22
1756352048751 0.004926758589390472 23
1756352048999 0.004906322687482404 24
1756352049246 0.004884780406373209 25
1756352049495 0.004862141858095015 26
1756352049744 0.0048384176692721 27
1756352050152 0.004813618976132717 28
1756352050402 0.004787757419281703 29
1756352050651 0.004760845138236335 30
1756352050900 0.00473289476572799 31
1756352051149 0.004703919421772293 32
1756352051399 0.004673932707510524 33
1756352051647 0.004642948698825197 34
1756352051899 0.00461098193973278 35
1756352052310 0.004578047435556677 36
1756352052558 0.004544160645883666 37
1756352052808 0.004509337477307117 38
1756352053056 0.004473594275960363 39
1756352053304 0.0044369478198437685 40
1756352053552 0.004399415310949066 41
1756352053800 0.004361014367184673 42
1756352054050 0.004321763014105776 43
1756352054299 0.0042816796764530655 44
1756352054548 0.004240783169504086 45
1756352054798 0.004199092690241275 46
1756352055046 0.004156627808340818 47
1756352055458 0.00411340845698657 48
1756352055708 0.0040694549235133345 49
1756352055957 0.004024787839883915 50
1756352056206 0.0039794281730043835 51
1756352056456 0.003933397214882134 52
1756352056706 0.003886716572631333 53
1756352056955 0.0038394081583304485 54
1756352057204 0.003791494178736639 55
1756352057453 0.0037429971248618098 56
1756352057702 0.003693939761415246 57
1756352057952 0.003644345116117764 58
1756352058363 0.0035942364688924125 59
1756352058613 0.003543637340936781 60
1756352058863 0.0034925714836820583 61
1756352059113 0.0034410628676440143 62
1756352059363 0.0033891356711711483 63
1756352059613 0.003336814269095274 64
1756352059863 0.003284123221289877 65
1756352060112 0.003231087261141613 66
1756352060523 0.003177731283940359 67
1756352060774 0.0031240803351932646 68
1756352061024 0.003070159598868293 69
1756352061274 0.0030159943855727635 70
1756352061523 0.0029616101206724563 71
1756352061773 0.0029070323323568416 72
1756352062024 0.0028522866396560485 73
1756352062277 0.002797398740415191 74
1756352062528 0.002742394399231693 75
1756352062937 0.00268729943536129 76
1756352063188 0.002632139710598368 77
1756352063439 0.0025769411171363285 78
1756352063689 0.0025217295654136984 79
1756352063938 0.002466530971951659 80
1756352234030 0.0011470636455245327 1
1756352234306 0.0022941272910490655 2
1756352234564 0.003441190936573598 3
1756352234823 0.004588254582098131 4
1756352235352 0.0057353182276226634 5
1756352235612 0.0057353182276226634 6
1756352235875 0.00573464529969733 7
1756352236134 0.005732626831796367 8
1756352236393 0.005729263771396605 9
1756352236651 0.005724557697131923 10
1756352236919 0.005718510818052233 11
1756352237177 0.005711125972586537 12
1756352237436 0.005702406627210566 13
1756352237867 0.005692356874819591 14
1756352238127 0.005680981432807212 15
1756352238387 0.005668285640850994 16
1756352238647 0.005654275458405993 17
1756352238914 0.005638957461907372 18
1756352239173 0.0056223388416833915 19
1756352239434 0.005604427398580247 20
1756352239694 0.005585231540300314 21
1756352239951 0.005564760277455542 22
1756352240382 0.00554302321933784 23
1756352240642 0.005520030569408433 24
1756352240903 0.0054957931205083166 25
1756352241163 0.005470322249792061 26
1756352241423 0.00544362991338732 27
1756352241683 0.005415728640782585 28
1756352241944 0.005386631528945791 29
1756352242205 0.005356352236176547 30
1756352242464 0.0053249049756948766 31
1756352242894 0.005292304508969477 32
1756352243154 0.005258566138788624 33
1756352243415 0.005223705702076987 34
1756352243676 0.005187739562461713 35
1756352243936 0.005150684602591271 36
1756352244195 0.005112558216210676 37
1756352244456 0.005073378299996789 38
1756352244715 0.0050331632451575525 39
1756352244974 0.004991931928799082 40
1756352245414 0.004949703705064677 41
1756352245674 0.004906498396049911 42
1756352245934 0.004862336282498059 43
1756352246195 0.004817238094280238 44
1756352246457 0.004771225000664722 45
1756352246717 0.004724318600380007 46
1756352246976 0.004676540911476278 47
1756352247235 0.00462791436099005 48
1756352247499 0.004578461774416831 49
1756352247936 0.00452820636499674 50
1756352248196 0.0044771717228181225 51
1756352248457 0.004425381803744268 52
1756352248716 0.004372860918168437 53
1756352248978 0.00431963371960246 54
1756352249238 0.004265725193104284 55
1756352249501 0.00421116064354989 56
1756352249762 0.004155965683755079 57
1756352250025 0.004100166222452717 58
1756352250462 0.004043788452131076 59
1756352250724 0.003986858836738971 60
1756352250985 0.003929404099263482 61
1756352251245 0.003871451209186074 62
1756352251506 0.003813027369823018 63
1756352251767 0.0037541600055560473 64
1756352252029 0.003694876748959243 65
1756352252290 0.003635205427828191 66
1756352252551 0.003575174052117511 67
1756352252984 0.0035148108007928666 68
1756352253246 0.0034541440086036527 69
1756352253509 0.0033932021527825467 70
1756352253772 0.003332013839678185 71
1756352254034 0.0032706077913272303 72
1756352254295 0.0032090128319721325 73
1756352254557 0.0031472578745309174 74
1756352254818 0.003085371907025342 75
1756352255240 0.0030233839789738106 76
1756352255501 0.002961323187755411 77
1756352255762 0.0028992186649514896 78
1756352256023 0.0028370995626711745 79
1756352256284 0.0027749950398672533 80
1756352256546 0.0027129342486488534 81
1756352256806 0.002650946320597322 82
1756352257067 0.0025890603530917475 83
1756352257330 0.002527305395650531 84
1756352257747 0.0024657104362954337 85
1756352258009 0.002404304387944479 86
1756352258271 0.002343116074840117 87
1756352258532 0.0022821742190190114 88
1756352258793 0.002221507426829797 89
1756352259055 0.002161144175505153 90
1756352259316 0.0021011127997944737 91
1756352259577 0.0020414414786634216 92
1756352259841 0.0019821582220666163 93
1756352260264 0.0019232908577996456 94
1756352483496 0.0013100244685017724 1
1756352483772 0.002620048937003545 2
1756352484315 0.003930073405505318 3
1756352484588 0.00524009787400709 4
1756352484862 0.006550122342508862 5
1756352485135 0.006550122342508862 6
1756352485408 0.006549353796513373 7
1756352485680 0.006547048519285444 8
1756352485954 0.006543207592931342 9
1756352486226 0.006537832820397116 10
1756352486498 0.006530926724622298 11
1756352486951 0.006522492547355612 12
1756352487225 0.006512534247633291 13
1756352487502 0.0065010564999206915 14
1756352487775 0.006488064691918074 15
1756352488049 0.006473564922031606 16
1756352488320 0.006457563996510731 17
1756352488592 0.006440069426253303 18
1756352488865 0.0064210894232799316 19
1756352489138 0.006400632896879231 20
1756352489587 0.006378709449425765 21
1756352489860 0.006355329371872648 22
1756352490133 0.0063305036389209425 23
1756352490406 0.006304243903868081 24
1756352490678 0.0062765624931377636 25
1756352490954 0.006247472400493892 26
1756352491227 0.006216987280941237 27
1756352491501 0.0061851214443157275 28
1756352491949 0.006151889848567365 29
1756352492224 0.00611730809273889 30
1756352492498 0.006081392409643536 31
1756352492771 0.006044159658245285 32
1756352493047 0.006005627315745196 33
1756352493320 0.005965813469377544 34
1756352493594 0.005924736807919598 35
1756352493866 0.005882416612919035 36
1756352494140 0.005838872749643102 37
1756352494588 0.00579412565775379 38
1756352494863 0.005748196341713362 39
1756352495138 0.005701106360924791 40
1756352495411 0.005652877819611675 41
1756352495685 0.00560353335644244 42
1756352495960 0.005553096133903648 43
1756352496234 0.005501589827427446 44
1756352496510 0.005449038614278214 45
1756352496784 0.005395467162203667 46
1756352497232 0.005340900617855714 47
1756352497507 0.005285364594986519 48
1756352497784 0.005228885162425311 49
1756352498059 0.005171488831841562 50
1756352498333 0.005113202545300311 51
1756352498608 0.005054053662615451 52
1756352498883 0.004994069948506926 53
1756352499159 0.004933279559567853 54
1756352499432 0.004871711031047715 55
1756352499876 0.004809393263457798 56
1756352500152 0.004746355509005175 57
1756352500426 0.004682627357861607 58
1756352500701 0.004618238724273797 59
1756352500975 0.004553219832521526 60
1756352501250 0.004487601202730256 61
1756352501525 0.004421413636544857 62
1756352501800 0.004354688202671201 63
1756352502245 0.004287456222292383 64
1756352502522 0.004219749254366436 65
1756352502796 0.004151599080812429 66
1756352503073 0.004083037691591909 67
1756352503348 0.004014097269692687 68
1756352503621 0.003944810176022016 69
1756352503895 0.0038752089342162536 70
1756352504170 0.003805326215374133 71
1756352504446 0.0037351948227208266 72
1756352504895 0.0036648476762099792 73
1756352505172 0.003594317797070952 74
1756352505448 0.0035236382923085224 75
1756352505723 0.0034528423391623326 76
1756352505999 0.0033819631695333565 77
1756352506274 0.003311034054384713 78
1756352506550 0.0032400882881241494 79
1756352506826 0.0031691591729755063 80
1756352507102 0.0030982800033465298 81
1756352507551 0.00302748405020034 82
1756352507825 0.0029568045454379114 83
1756352508100 0.002886274666298883 84
1756352508376 0.0028159275197880357 85
1756352508651 0.0027457961271347294 86
1756352695219 0.0010516042136698557 1
1756352695513 0.0021032084273397114 2
1756352695799 0.003154812641009567 3
1756352696087 0.004206416854679423 4
1756352696373 0.005258021068349278 5
1756352696661 0.005258021068349278 6
1756352697207 0.005257404151718472 7
1756352697495 0.005255553691409165 8
1756352697782 0.0052524705560347594 9
1756352698069 0.005248156192831219 10
1756352698356 0.005242612626977729 11
1756352698641 0.005235842460646072 12
1756352699100 0.005227848871779152 13
1756352699386 0.005218635612599263 14
1756352699672 0.005208207007846776 15
1756352699957 0.005196567952750092 16
1756352700243 0.005183723910727798 17
1756352700531 0.005169680910824122 18
1756352700817 0.005154445544878871 19
1756352701104 0.005138024964433197 20
1756352701390 0.005120426877372638 21
1756352701678 0.005101659544309001 22
1756352702151 0.005081731774702802 23
1756352702439 0.005060652922728068 24
1756352702728 0.005038432882881453 25
1756352703014 0.005015082085337719 26
1756352703301 0.004990611491053774 27
1756352703589 0.00496503258662355 28
1756352704045 0.004938357378886159 29
1756352704330 0.004910598389289828 30
1756352704618 0.004881768648014282 31
1756352704903 0.00485188168785433 32
1756352705188 0.004820951537867511 33
1756352705473 0.00478899271678881 34
1756352705758 0.004756020226215493 35
1756352706045 0.004722049543565307 36
1756352706334 0.004687096614811314 37
1756352706619 0.0046511778469967915 38
1756352706905 0.0046143101005336985 39
1756352707189 0.004576510681288332 40
1756352707475 0.004537797332457888 41
1756352707929 0.004498188226241729 42
1756352708217 0.004457701955311283 43
1756352708503 0.004416357524082576 44
1756352708790 0.0043741743397954745 45
1756352709076 0.004331172203403857 46
1756352709364 0.004287371300280963 47
1756352709650 0.004242792190744304 48
1756352710098 0.004197455800404566 49
1756352710387 0.0041513834103430415 50
1756352710673 0.004104596647122214 51
1756352710961 0.004057117472634154 52
1756352711248 0.004008968173791531 53
1756352711534 0.003960171352066037 54
1756352711984 0.003910749912879174 55
1756352712273 0.0038607270548503543 56
1756352712560 0.0038101262589073804 57
1756352712848 0.003758971277264398 58
1756352713316 0.0037072861222725204 59
1756352713602 0.0036550950551483313 60
1756352713888 0.0036024225745855737 61
1756352714175 0.003549293405255365 62
1756352714462 0.0034957324862003427 63
1756352714748 0.003441764959128174 64
1756352715036 0.0033874161566099423 65
1756352715324 0.003332711590188936 66
1756352715610 0.0032776769384054273 67
1756352715898 0.003222338034743069 68
1756352716184 0.00316672085550255 69
1756352716470 0.003110851507608218 70
1756352716759 0.003054756216353387 71
1756352717215 0.0029984613130900786 72
1756352717506 0.0029419932228689836 73
1756352717795 0.002885378452035438 74
1756352718081 0.0028286435757872343 75
1756352718369 0.0027718152257001274 76
1756352718655 0.0027149200772268603 77
1756352718943 0.002657984837175604 78
1756352719393 0.002601036231173675 79
1756352719681 0.0025441009911224186 80
1756352719969 0.0024872058426491516 81
1756352720256 0.0024303774925620446 82
1756352720543 0.002373642616313842 83
1756352720829 0.0023170278454802953 84
1756352721116 0.0022605597552592003 85
1756352721403 0.002204264851995892 86
1756352721691 0.0021481695607410605 87
1756352721977 0.002092300212846729 88
1756352722432 0.0020366830336062095 89
1756352722722 0.0019813441299438516 90
1756352723009 0.0019263094781603435 91
1756352723298 0.0018716049117393364 92
1756352723596 0.0018172561092211048 93
1756352723883 0.001763288582148936 94
1756352724342 0.0017097276630939136 95
1756352724628 0.0016565984937637048 96
1756352724915 0.0016039260132009467 97
1756352725210 0.0015517349460767577 98
1756352725499 0.001500049791084881 99
1756352725786 0.0014488948094418996 100
1756352726099 0.0013982940134989242 101
1756352726390 0.001348271155470105 102
1756352726679 0.0012988497162832412 103
1756352726983 0.0012500528945577475 104
1756352727456 0.0012019035957151238 105
1756352727746 0.0011544244212270654 106
1756352728036 0.0011076376580062377 107
1756352728324 0.0010615652679447142 108
1756352728612 0.0010162288776049745 109
1756352729065 0.0009716497680683162 110
1756352729354 0.0009278488649454225 111
1756352729646 0.0008848467285538049 112
1756352729934 0.0008426635442667027 113
1756352730223 0.0008013191130379956 114
1756352730512 0.0007608328421075509 115
1756352730800 0.0007212237358913912 116
1756352731089 0.0006825103870609463 117
1756352731377 0.0006447109678155807 118
1756352731665 0.000607843221352487 119
1756352731952 0.0005719244535379647 120
1756352732402 0.0005369715247839714 121
1756352732691 0.0005030008421337853 122
1756352732981 0.00047002835156046856 123
1756352733271 0.00043806953048176737 124
1756352733559 0.00040713938049494934 125
1756352734010 0.0003772524203349968 126
1756352734298 0.0003484226790594502 127
1756352734586 0.00032066368946311903 128
1756352734874 0.0002939884817257282 129
1756352735163 0.0002684095772955055 130
1756352735451 0.00024393898301155992 131
1756352735739 0.00022058818546782558 132
1756352736027 0.0001983681456212104 133
1756352736314 0.00017728929364647694 134
1756352736601 0.00015736152404027744 135
1756352736890 0.0001385941909766406 136
1756352737179 0.00012099610391608089 137
1756352737468 0.00010457552347040746 138
1756352737922 8.93401575251563e-05 139
1756352738241 7.529715762147977e-05 140
1756352738536 6.245311559918633e-05 141
1756352738826 5.0814060502502285e-05 142
1756352739130 4.038545575001585e-05 143
1756352759360 0.001315679065564951 1
1756352759660 0.002631358131129902 2
1756352759949 0.003947037196694854 3
1756352760240 0.005262716262259804 4
1756352760531 0.006578395327824756 5
1756352760821 0.006578395327824755 6
1756352761405 0.006577623463966428 7
1756352761693 0.006575308234707401 8
1756352761983 0.006571450726825465 9
1756352762273 0.006566052751050105 10
1756352762563 0.0065591168412125435 11
1756352762853 0.006550646253056345 12
1756352763142 0.00654064496270916 13
1756352763431 0.006529117664816312 14
1756352763719 0.006516069770337115 15
1756352764007 0.006501507404004948 16
1756352764462 0.006485437401452277 17
1756352764752 0.006467867306001986 18
1756352765042 0.006448805365126512 19
1756352765332 0.006428260526576444 20
1756352765623 0.006406242434180417 21
1756352765914 0.00638276142331826 22
1756352766366 0.006357828516069527 23
1756352766656 0.006331455416039693 24
1756352766946 0.006303654502866427 25
1756352767237 0.0062744388264085495 26
1756352767527 0.006243822100620373 27
1756352767818 0.006211818697114316 28
1756352768108 0.006178443638414815 29
1756352768398 0.006143712590906691 30
1756352768698 0.006107641857481284 31
1756352768989 0.006070248369883815 32
1756352769281 0.0060315496807655505 33
1756352769572 0.005991563955444529 34
1756352769862 0.005950309963378681 35
1756352770316 0.0059078070693553714 36
1756352770606 0.005864075224401496 37
1756352770897 0.005819134956418387 38
1756352771187 0.005773007360545936 39
1756352771478 0.00572571408926045 40
1756352771770 0.005677277342210896 41
1756352772223 0.005627719855798293 42
1756352772515 0.005577064892503163 43
1756352772807 0.005525336229966024 44
1756352773099 0.005472558149826072 45
1756352773389 0.005418755426323287 46
1756352773680 0.005363953314669304 47
1756352774138 0.0053081775391925125 48
1756352774432 0.005251454281262966 49
1756352774725 0.005193810167002731 50
1756352775018 0.005135272254787488 51
1756352775310 0.005075868022545216 52
1756352775775 0.005015625354857953 53
1756352776068 0.004954572529872653 54
1756352776361 0.00489273820602732 55
1756352776654 0.004830151408598617 56
1756352776946 0.004766841516077292 57
1756352777239 0.004702838246377792 58
1756352777532 0.004638171642888562 59
1756352777823 0.004572872060369555 60
1756352778116 0.004506970150703591 61
1756352778409 0.004440496848508237 62
1756352778700 0.004373483356614981 63
1756352778990 0.0043059611314224915 64
1756352779285 0.00423796186813087 65
1756352779750 0.004169517485863787 66
1756352780047 0.004100660112685525 67
1756352780341 0.0040314220705199395 68
1756352780634 0.003961835859978414 69
1756352780929 0.003891934145103952 70
1756352781222 0.003821749738038536 71
1756352781678 0.003751315583620985 72
1756352781970 0.0036806647439225166 73
1756352782262 0.0036098303827272775 74
1756352782553 0.0035388457499651296 75
1756352782844 0.003467744166104006 76
1756352783136 0.003396559006509151 77
1756352783428 0.003325323685776585 78
1756352783718 0.0032540716420481706 79
1756352784013 0.003182836321315605 80
1756352784307 0.003111651161720749 81
1756352784599 0.0030405495778596265 82
1756352785081 0.002969564945097479 83
1756352785374 0.002898730583902239 84
1756352785669 0.0028280797442037705 85
1756352785963 0.00275764558978622 86
1756352786256 0.0026874611827208033 87
1756352786744 0.0026175594678463413 88
1756352787036 0.002547973257304816 89
1756352787330 0.002478735215139231 90
1756352787623 0.00240987784196097 91
1756352787916 0.0023414334596938862 92
1756352788211 0.002273434196402264 93
1756352788505 0.002205911971209775 94
1756352788799 0.002138898479316518 95
1756352789091 0.0020724251771211642 96
1756352789383 0.0020065232674552 97
1756352985905 0.0011122403447424494 1
1756352986212 0.002224480689484899 2
1756352986513 0.0033367210342273483 3
1756352986815 0.004448961378969798 4
1756352987376 0.005561201723712247 5
1756352987677 0.005561201723712247 6
1756352987977 0.0055605492285311555 7
1756352988279 0.005558592049271704 8
1756352988579 0.005555331104641595 9
1756352988878 0.005550767925341159 10
1756352989178 0.005544904653344845 11
1756352989477 0.005537744040895764 12
1756352989779 0.005529289449213777 13
1756352990080 0.0055195448469177255 14
1756352990539 0.0055085148081625455 15
1756352990842 0.005496204510492142 16
1756352991145 0.005482619732409026 17
1756352991446 0.005467766850661868 18
1756352991747 0.005451652837252222 19
1756352992048 0.005434285256161842 20
1756352992507 0.0054156722598021215 21
1756352992824 0.005395822585187314 22
1756352993129 0.005374745549833351 23
1756352993430 0.005352451047384155 24
1756352993730 0.005328949542967529 25
1756352994030 0.0053042520682827846 26
1756352994331 0.005278370216422415 27
1756352994630 0.005251316136430254 28
1756352994930 0.0052231025275986664 29
1756352995231 0.005193742633507449 30
1756352995529 0.005163250235807243 31
1756352995831 0.005131639647750371 32
1756352996131 0.005098925707472139 33
1756352996625 0.005065123771025763 34
1756352996926 0.005030249705174166 35
1756352997228 0.004994319879942068 36
1756352997531 0.004957351160931822 37
1756352997834 0.004919360901406642 38
1756352998135 0.004880366934144904 39
1756352998600 0.0048403875630693765 40
1756352998903 0.00479944155465528 41
1756352999208 0.004757548129121236 42
1756352999510 0.004714726951407214 43
1756352999812 0.004670998121943735 44
1756353000114 0.004626382167216649 45
1756353000580 0.004580900030131917 46
1756353000885 0.004534573060184935 47
1756353001190 0.004487423003438992 48
1756353001494 0.004439471992317582 49
1756353001798 0.004390742535215355 50
1756353002264 0.004341257505932592 51
1756353002567 0.004291040132938149 52
1756353002869 0.004240113988465924 53
1756353003170 0.004188502977449951 54
1756353003471 0.004136231326303341 55
1756353003773 0.004083323571546294 56
1756353004075 0.004029804548288568 57
1756353004378 0.003975699378571778 58
1756353004679 0.00392103345957701 59
1756353004980 0.003865832451703283 60
1756353005281 0.003810122266522456 61
1756353005584 0.003753929054616234 62
1756353005885 0.003697279193300981 63
1756353006356 0.003640199274246104 64
1756353006660 0.0035827160909918175 65
1756353006963 0.003524856626372148 66
1756353007266 0.0034666480398490864 67
1756353007568 0.00340811765476383 68
1756353007872 0.003349292945511095 69
1756353008338 0.0032902015246425295 70
1756353008641 0.00323087112990527 71
1756353008946 0.003171329611221734 72
1756353009248 0.0031116049176167565 73
1756353009553 0.0030517250840982084 74
1756353009856 0.002991718218497246 75
1756353010156 0.002931612488274393 76
1756353010457 0.0028714361072976176 77
1756353010761 0.0028112173225986296 78
1756353011063 0.002750984401113618 79
1756353011374 0.0026907656164146306 80
1756353011842 0.0026305892354378546 81
1756353012145 0.002570483505215002 82
1756353012450 0.0025104766396140403 83
1756353012753 0.0024505968060954913 84
1756353013058 0.002390872112490514 85
1756353013519 0.002331330593806978 86
1756353013826 0.002272000199069718 87
1756353014129 0.0022129087782011532 88
1756353014432 0.002154084068948418 89
1756353014736 0.0020955536838631614 90
1756353015039 0.0020373450973401007 91
1756353015343 0.0019794856327204303 92
1756353015646 0.0019220024494661435 93
1756353015951 0.0018649225304112665 94
1756353016258 0.0018082726690960137 95
1756353016564 0.0017520794571897916 96
1756353017039 0.0016963692720089645 97
1756353017348 0.0016411682641352373 98
1756353017653 0.00158650234514047 99
1756353017958 0.0015323971754236808 100
1756353018268 0.0014788781521659542 101
1756353018732 0.0014259703974089071 102
1756353019038 0.001373698746262296 103
1756353019343 0.0013220877352463241 104
1756353019646 0.0012711615907740979 105
1756353019952 0.0012209442177796557 106
1756353020258 0.0011714591884968934 107
1756353020561 0.0011227297313946669 108
1756353020866 0.0010747787202732553 109
1756353021171 0.0010276286635273126 110
1756353021473 0.0009813016935803307 111
1756353021957 0.0009358195564955998 112
1756353022262 0.0008912036017685122 113
1756353022567 0.0008474747723050336 114
1756353022872 0.0008046535945910121 115
1756353023179 0.0007627601690569678 116
1756353023481 0.0007218141606428712 117
1756353023785 0.0006818347895673431 118
1756353024282 0.000642840822305605 119
1756353024589 0.0006048505627804253 120
1756353223274 0.0011663108661016503 1
1756353223589 0.0023326217322033006 2
1756353224148 0.0034989325983049505 3
1756353224463 0.004665243464406601 4
1756353224777 0.005831554330508251 5
1756353225091 0.005831554330508251 6
1756353225406 0.005830870109180898 7
1756353225718 0.005828817766375041 8
1756353226033 0.005825398265468527 9
1756353226510 0.005820613211588633 10
1756353226825 0.0058144648508586146 11
1756353227139 0.005806956069343363 12
1756353227453 0.005798090391694679 13
1756353227765 0.0057878719794967875 14
1756353228078 0.005776305629312867 15
1756353228391 0.005763396770433536 16
1756353228866 0.005749151462328308 17
1756353229181 0.005733576391801261 18
1756353229497 0.005716678869852228 19
1756353229811 0.005698466828244975 20
1756353230125 0.0056789488157840086 21
1756353230439 0.005658133994301728 22
1756353230753 0.005636032134357825 23
1756353231227 0.005612653610652952 24
1756353231541 0.005588009397158782 25
1756353231856 0.005562111061966797 26
1756353232171 0.0055349707618581705 27
1756353232486 0.005506601236597332 28
1756353232800 0.005477015802951869 29
1756353233117 0.005446228348441582 30
1756353233594 0.0054142533248196295 31
1756353233912 0.005381105741288819 32
1756353234228 0.005346801157456223 33
1756353234541 0.0053113556760294445 34
1756353234855 0.005274785935257935 35
1756353235169 0.005237109101122941 36
1756353235642 0.005198342859279719 37
1756353235956 0.005158505406755823 38
1756353236273 0.005117615443409345 39
1756353236590 0.005075692163151126 40
1756353236906 0.005032755244935065 41
1756353237224 0.004988824843520732 42
1756353237698 0.004943921580012648 43
1756353238013 0.004898066532180657 44
1756353238328 0.004851281224565936 45
1756353238643 0.004803587618377292 46
1756353238956 0.0047550081011824815 47
1756353239431 0.004705565476399396 48
1756353239745 0.004655282952592053 49
1756353240060 0.0046041841325763985 50
1756353240375 0.004552293002341053 51
1756353240690 0.004499633919788197 52
1756353241007 0.00444623160329987 53
1756353241484 0.004392111120135066 54
1756353241801 0.004337297874663064 55
1756353242117 0.004281817596438515 56
1756353242433 0.0042256963281238884 57
1756353242749 0.004168960413264941 58
1756353243065 0.004111636483924953 59
1756353243541 0.004053751448183535 60
1756353243856 0.003995332477505863 61
1756353244171 0.003936406993988289 62
1756353244485 0.0038770026574863007 63
1756353244802 0.0038171473526308723 64
1756353245117 0.003756869175739313 65
1756353245592 0.0036961964216267393 66
1756353245906 0.003635157570324379 67
1756353246221 0.0035737812737109322 68
1756353246537 0.0035120963420632667 69
1756353246852 0.003450131730532757 70
1756353247170 0.0033879165255536227 71
1756353247645 0.003325479931189642 72
1756353247962 0.003262851255425647 73
1756353248281 0.003200059896410243 74
1756353248599 0.003137135328656193 75
1756353248915 0.003074107089204974 76
1756353249231 0.003011004763761968 77
1756353249704 0.0029478579728088134 78
1756353250021 0.002884696357699438 79
1756353250335 0.0028215495667462836 80
1756353250652 0.0027584472413032775 81
1756353250970 0.0026954190018520586 82
1756353251442 0.0026324944340980097 83
1756353251758 0.002569703075082604 84
1756353252074 0.0025070743993186096 85
1756353252390 0.002444637804954629 86
1756353252706 0.002382422599975494 87
1756353253021 0.002320457988444985 88
1756353253498 0.0022587730567973194 89
1756353253813 0.002197396760183873 90
1756353254129 0.002136357908881513 91
1756353254444 0.0020756851547689384 92
1756353254759 0.002015406977877379 93
1756353255074 0.001955551673021951 94
1756353255549 0.0018961473365199622 95
1756353255866 0.0018372218530023883 96
1756353256183 0.0017788028823247162 97
1756353256499 0.0017209178465832978 98
1756353256816 0.001663593917243311 99
1756353257134 0.0016068580023843638 100
1756353257619 0.0015507367340697362 101
1756353257937 0.0014952564558451877 102
1756353258255 0.0014404432103731853 103
1756353258573 0.0013863227272083813 104
1756353258892 0.0013329204107200535 105
1756353259209 0.001280261328167198 106
1756353259690 0.0012283701979318535 107
1756353260008 0.0011772713779161993 108
1756353260326 0.0011269888541088555 109
1756353260642 0.0010775462293257706 110
1756353260960 0.001028966712130959 111
1756353261279 0.0009812731059423154 112
1756353261759 0.0009344877983275945 113
1756353262075 0.0008886327504956038 114
1756353281567 0.00147851018394496 1
1756353282159 0.00295702036788992 2
1756353282480 0.004435530551834879 3
1756353282800 0.00591404073577984 4
1756353283120 0.007392550919724799 5
1756353283439 0.007392550919724799 6
1756353283757 0.007391683513901132 7
1756353284255 0.007389081703593861 8
1756353284575 0.007384746710103055 9
1756353284895 0.007378680568291839 10
1756353285212 0.00737088612563122 11
1756353285534 0.007361367040863471 12
1756353285854 0.007350127782284708 13
1756353286346 0.0073371736256474486 14
1756353286665 0.0073225106516841545 15
1756353286986 0.0073061457432529175 16
1756353287307 0.007288086582106607 17
1756353287625 0.007268341645287036 18
1756353287945 0.007246920201145796 19
1756353288432 0.007223832304993661 20
1756353288753 0.007199088794380582 21
1756353289070 0.0071727012840085026 22
1756353289387 0.007144682160279364 23
1756353289704 0.007115044575480887 24
1756353290021 0.007083802441612829 25
1756353290507 0.007050970423856642 26
1756353290825 0.0070165639336915745 27
1756353291143 0.006980599121660464 28
1756353291461 0.006943092869788608 29
1756353291780 0.0069040627836592745 30
1756353292097 0.006863527184149568 31
1756353292583 0.006821505098830546 32
1756353292901 0.006778016253035587 33
1756353293220 0.0067330810606012585 34
1756353293539 0.006686720614284968 35
1756353293859 0.006638956675863943 36
1756353294341 0.006589811665920169 37
1756353294661 0.006539308653316078 38
1756353294980 0.00648747134436593 39
1756353295298 0.00643432407170798 40
1756353295615 0.006379891782882638 41
1756353295934 0.006324200028621995 42
1756353296416 0.006267274950856209 43
1756353296735 0.006209143270442378 44
1756353297056 0.006149832274621669 45
1756353297377 0.0060893698042105695 46
1756353297696 0.0060277842405323055 47
1756353298016 0.005965104492094533 48
1756353298502 0.005901359981019571 49
1756353298825 0.0058365806292335395 50
1756353299144 0.005770796844420889 51
1756353299465 0.005704039505750914 52
1756353299783 0.005636339949382949 53
1756353300103 0.005567729953757046 54
1756353300589 0.005498241724677057 55
1756353300911 0.005427907880193096 56
1756353301230 0.0053567614352905005 57
1756353301551 0.00528483578639246 58
1756353301871 0.005212164695683613 59
1756353302192 0.005138782275261936 60
1756353302674 0.005064722971126393 61
1756353302995 0.004990021547007842 62
1756353303315 0.004914713068050809 63
1756353303635 0.004838832884353768 64
1756353303955 0.004762416614375661 65
1756353304439 0.004685500128216455 66
1756353304758 0.0046081195307795765 67
1756353305079 0.0045303111448241245 68
1756353305398 0.004452111493914822 69
1756353305719 0.004373557285277716 70
1756353306038 0.004294685392569652 71
1756353306524 0.004215532838569638 72
1756353306842 0.004136136777800207 73
1756353307163 0.004056534479086935 74
1756353307484 0.003976763308064301 75
1756353307808 0.0038968607096361197 76
1756353308129 0.0038168641903987516 77
1756353308625 0.0037368113010353534 78
1756353308951 0.0036567396186894465 79
1756353309279 0.0035766867293260487 80
1756353309603 0.00349669021008868 81
1756353309925 0.0034167876116604993 82
1756353310246 0.003337016440637866 83
1756353310759 0.003257414141924593 84
1756353311080 0.003178018081155162 85
1756353311401 0.0030988655271551487 86
1756353311724 0.0030199936344470837 87
1756353312044 0.002941439425809978 88
1756353312541 0.002863239774900676 89
1756353312864 0.0027854313889452234 90
1756353313186 0.0027080507915083455 91
1756353313506 0.0026311343053491395 92
1756353501131 0.001258709303289968 1
1756353501465 0.002517418606579936 2
1756353501793 0.0037761279098699045 3
1756353502123 0.005034837213159872 4
1756353502454 0.00629354651644984 5
1756353503032 0.00629354651644984 6
1756353503363 0.006292808079881744 7
1756353503694 0.006290593116802508 8
1756353504023 0.006286902666924579 9
1756353504353 0.006281738462559756 10
1756353504865 0.006275102927806033 11
1756353505197 0.00626699917740972 12
1756353505529 0.00625743101530337 13
1756353505860 0.006246402932820192 14
1756353506190 0.006233920106585808 15
1756353506701 0.006219988396088326 16
1756353507032 0.006204614340927863 17
1756353507365 0.00618780515774684 18
1756353507697 0.006169568736842456 19
1756353508028 0.006149913638462957 20
1756353508360 0.006128849088789414 21
1756353508862 0.006106384975604924 22
1756353509193 0.006082531843653243 23
1756353509523 0.006057300889689039 24
1756353509852 0.006030703957222093 25
1756353510183 0.006002753530957912 26
1756353510688 0.005973462730937349 27
1756353511020 0.005942845306378017 28
1756353511351 0.005910915629220342 29
1756353511682 0.0058776886873813175 30
1756353512011 0.005843180077719125 31
1756353512516 0.005807405998711899 32
1756353512847 0.005770383242854095 33
1756353513177 0.00573212918877404 34
1756353513507 0.005692661793076318 35
1756353513835 0.005651999581912881 36
1756353514166 0.005610161642286796 37
1756353514673 0.005567167613092726 38
1756353515006 0.005523037675898364 39
1756353515337 0.005477792545471116 40
1756353515669 0.005431453460054513 41
1756353516001 0.005384042171398892 42
1756353516504 0.005335580934551041 43
1756353516836 0.00528609249740759 44
1756353517167 0.005235600090037058 45
1756353517500 0.005184127413775567 46
1756353517836 0.005131698630101344 47
1756353518348 0.00507833834929322 48
1756353518680 0.005024071618878478 49
1756353519010 0.004968923911875433 50
1756353519341 0.004912921114836304 51
1756353519672 0.004856089515695963 52
1756353520178 0.004798455791432274 53
1756353520510 0.0047400469955438075 54
1756353520843 0.0046808905453508305 55
1756353521175 0.004621014209125503 56
1756353521506 0.0045604460930573415 57
1756353521838 0.0044992146280600585 58
1756353522345 0.00443734855642599 59
1756353522677 0.004374876918334335 60
1756353523009 0.004311829038219595 61
1756353523340 0.004248234511006552 62
1756353523674 0.004184123188218309 63
1756353524183 0.004119525163963858 64
1756353524517 0.004054470760811789 65
1756353524848 0.003988990515556752 66
1756353525183 0.0039231151648853714 67
1756353525515 0.003856875630948318 68
1756353537696 0.0011339770348500876 1
1756353538031 0.0022679540697001753 2
1756353538362 0.0034019311045502625 3
1756353538947 0.004535908139400351 4
1756353539282 0.005669885174250438 5
1756353539613 0.005669885174250438 6
1756353539946 0.005669219924958747 7
1756353540278 0.005667224489354327 8
1756353540771 0.005663899804102559 9
1756353541103 0.005659247429823876 10
1756353541434 0.005653269550361203 11
1756353541769 0.005645968971754848 12
1756353542101 0.005637349120925343 13
1756353542432 0.005627414044064828 14
1756353542932 0.005616168404737752 15
1756353543264 0.005603617481691786 16
1756353543598 0.005589767166379945 17
1756353543930 0.0055746239601951264 18
1756353544262 0.005558194971418326 19
1756353544753 0.005540487911881983 20
1756353545085 0.00552151109335002 21
1756353545416 0.005501273423616259 22
1756353545748 0.005479784402323077 23
1756353546081 0.005457054116502233 24
1756353546415 0.005433093235839967 25
1756353546908 0.005407913007668623 26
1756353547243 0.005381525251687095 27
1756353547575 0.005353942354412613 28
1756353547906 0.005325177263366473 29
1756353548238 0.0052952434809964075 30
1756353548732 0.00526415505833849 31
1756353549067 0.005231926588421521 32
1756353549403 0.005198573199417 33
1756353549737 0.005164110547537909 34
1756353550069 0.005128554809689614 35
1756353550590 0.005091922675876371 36
1756353550924 0.005054231341366966 37
1756353551256 0.00501549849862319 38
1756353551589 0.004975742328994925 39
1756353551920 0.004934981494185752 40
1756353552432 0.004893235127493064 41
1756353552763 0.004850522824826831 42
1756353553094 0.004806864635511194 43
1756353553427 0.004762281052873236 44
1756353553758 0.004716793004623334 45
1756353554091 0.0046704218430316065 46
1756353554603 0.0046231893349050765 47
1756353554936 0.00457511765137024 48
1756353555271 0.00452622935746586 49
1756353555605 0.004476547401550841 50
1756353555939 0.00442609510453218 51
1756353556448 0.004374896148918041 52
1756353556782 0.004322974567701094 53
1756353557116 0.004270354733077328 54
1756353557450 0.004217061345005649 55
1756353557781 0.004163119419613622 56
1756353558304 0.004108554277454801 57
1756353558638 0.004053391531623155 58
1756353558972 0.003997657075730192 59
1756353559306 0.003941377071750385 60
1756353559642 0.0038845779377406427 61
1756353560163 0.0038272863354395638 62
1756353560496 0.003769529157752318 63
1756353560829 0.0037113335161270047 64
1756353561168 0.003652726727828435 65
1756353561503 0.003593736303115296 66
1756353561838 0.0035343899323267286 67
1756353562360 0.0034747154728843733 68
1756353562694 0.0034147409362159844 69
1756353563027 0.003354494474606754 70
1756353563358 0.0032940043679845214 71
1756353563691 0.003233299010645058 72
1756353564203 0.0031724068979236764 73
1756353564535 0.003111356612819407 74
1756353564867 0.0030501768125780196 75
1756353565198 0.002988896215240206 76
1756353565532 0.002927543586161214 77
1756353565866 0.002866147724508275 78
1756353566381 0.002804737449742164 79
1756353566714 0.002743341588089225 80
1756353567047 0.002681988959010233 81
1756353567379 0.0026207083616724192 82
1756353567714 0.0025595285614310325 83
1756353568237 0.0024984782763267624 84
1756353568572 0.002437586163605381 85
1756353568905 0.0023768808062659174 86
1756353569240 0.0023163906996436843 87
1756353569572 0.002256144238034455 88
1756353570077 0.002196169701366065 89
1756353570414 0.00213649524192371 90
1756353570750 0.0020771488711351436 91
1756353571085 0.002018158446422004 92
1756353571417 0.001959551658123434 93
1756353571919 0.0019013560164981207 94
1756353572253 0.0018435988388108746 95
1756353572590 0.0017863072365097957 96
1756353572925 0.0017295081025000523 97
1756353573258 0.0016732280985202457 98
1756353573594 0.0016174936426272836 99
1756353574093 0.001562330896795639 100
1756353596320 0.0016521511528806356 1
1756353596661 0.003304302305761271 2
1756353597246 0.004956453458641907 3
1756353597584 0.006608604611522542 4
1756353597923 0.008260755764403178 5
1756353598261 0.008260755764403178 6
1756353598606 0.008259786473880806 7
1756353599110 0.008256879057302505 8
1756353599451 0.008252034879421138 9
1756353599790 0.008245256214113 10
1756353600127 0.008236546243310449 11
1756353600466 0.008225909055508301 12
1756353600804 0.008213349643844665 13
1756353601325 0.008198873903757148 14
1756353601665 0.008182488630215513 15
1756353602003 0.0081642015145321 16
1756353602342 0.008144021140751481 17
1756353602682 0.008121956981621086 18
1756353603182 0.008098019394144649 19
1756353603520 0.0080722196147206 20
1756353603857 0.008044569753867642 21
1756353604195 0.008015082790540038 22
1756353604533 0.007983772566035233 23
1756353605029 0.007950653777496694 24
1756353605370 0.007915741971015008 25
1756353605708 0.007879053534330499 26
1756353606045 0.007840605689140741 27
1756353606383 0.007800416483016636 28
1756353606900 0.007758504780930811 29
1756353607238 0.007714890256402321 30
1756353607576 0.007669593382261827 31
1756353607915 0.007622635421041563 32
1756353608251 0.00757403841499462 33
1756353608593 0.007523825175748231 34
1756353609119 0.007472019273595892 35
1756353609461 0.007418645026433384 36
1756353609799 0.007363727488343848 37
1756353610136 0.007307292437837303 38
1756353610474 0.00724936636575011 39
1756353610980 0.007189976462810071 40
1756353611319 0.00712915060687299 41
1756353611662 0.0070669173498366985 42
1756353612002 0.007003305904238681 43
1756353612341 0.006938346129543595 44
1756353612848 0.006872068518127121 45
1756353613188 0.006804504180962719 46
1756353613529 0.006735684833018013 47
1756353613866 0.006665642778367659 48
1756353614206 0.006594410895029692 49
1756353614706 0.006522022619532444 50
1756353615043 0.0064485119312193105 51
1756353615379 0.0063739133362987095 52
1756353615720 0.006298261851646736 53
1756353616060 0.006221592988370093 54
1756353616400 0.0061439427351370444 55
1756353616901 0.006065347541284187 56
1756353617243 0.005985844299706993 57
1756353617583 0.00590547032954213 58
1756353617921 0.00582426335864972 59
1756353618259 0.005742261505903724 60
1756353618759 0.005659503263298798 61
1756353619099 0.005576027477881994 62
1756353619437 0.005491873333517804 63
1756353619776 0.005407080332495098 64
1756353620115 0.005321688276984594 65
1756353620456 0.005235737250355559 66
1756353620960 0.005149267598360519 67
1756353621303 0.005062319910196803 68
1756353621645 0.0049749349994538125 69
1756353621986 0.004887153884954959 70
1756353622328 0.004799017771503267 71
1756353622853 0.004710568030539677 72
1756353623219 0.0046218461807231255 73
1756353623560 0.0045328938684415275 74
1756353623899 0.004443752848262785 75
1756353624238 0.004354464963335039 76
1756353624762 0.004265072125745327 77
1756353625102 0.0041756162968458795 78
1756353625441 0.004086139467557299 79
1756353625791 0.003996683638657852 80
1756353626130 0.00390729080106814 81
1756353626645 0.0038180029161403945 82
1756353626983 0.003728861895961653 83
1756353627321 0.0036399095836800533 84
1756353627659 0.0035511877338635024 85
1756353627999 0.0034627379928999125 86
1756353628524 0.00337460187944822 87
1756353628864 0.003286820764949367 88
1756353629204 0.003199435854206376 89
1756353629545 0.003112488166042661 90
1756353629885 0.003026018514047622 91
1756353630225 0.002940067487418586 92
1756353630730 0.0028546754319080814 93
1756353631069 0.002769882430885375 94
1756353631412 0.002685728286521185 95
1756353631753 0.0026022525011043804 96
1756353632096 0.0025194942584994546 97
1756353632639 0.002437492405753459 98
1756353632984 0.002356285434861049 99
1756353633324 0.0022759114646961876 100
1756353633662 0.002196408223118992 101
1756353634006 0.0021178130292661356 102
1756353634522 0.0020401627760330858 103
1756353634865 0.001963493912756443 104
1756353635206 0.0018878424281044684 105
1756353635549 0.001813243833183869 106
1756353635888 0.0017397331448707357 107
1756353636232 0.0016673448693734882 108
1756353636748 0.0015961129860355202 109
1756353637089 0.0015260709313851676 110
1756353817237 0.0009375032412552522 1
1756353817587 0.0018750064825105044 2
1756353817932 0.0028125097237657565 3
1756353818277 0.003750012965021009 4
1756353818622 0.004687516206276261 5
1756353819230 0.004687516206276261 6
1756353819579 0.004686966238956251 7
1756353819927 0.0046853165951530615 8
1756353820272 0.004682568049216031 9
1756353820617 0.004678721891323515 10
1756353820960 0.004673779926877271 11
1756353821481 0.004667744475654995 12
1756353821828 0.004660618370721409 13
1756353822174 0.00465240495709841 14
1756353822520 0.004643108090194902 15
1756353822867 0.004632732133997055 16
1756353823414 0.004621281959019828 17
1756353823761 0.004608762940020731 18
1756353824109 0.004595180953476897 19
1756353824456 0.004580542374826636 20
1756353824800 0.004564854075476778 21
1756353825336 0.004548123419577213 22
1756353825683 0.0045303582605641214 23
1756353826028 0.004511566937473552 24
1756353826377 0.00449175827102703 25
1756353826723 0.00447094155949109 26
1756353827256 0.004449126574312625 27
1756353827603 0.004426323555532128 28
1756353827951 0.004402543206976987 29
1756353828299 0.004377796691237054 30
1756353828645 0.0043520956244248905 31
1756353828994 0.004325452070723111 32
1756353829528 0.004297878536721412 33
1756353829879 0.004269387965545929 34
1756353830224 0.004239993730783681 35
1756353830570 0.004209709630204957 36
1756353830916 0.004178549879286582 37
1756353831451 0.004146529104539128 38
1756353831799 0.004113662336641158 39
1756353832146 0.004079965003383778 40
1756353832492 0.00404545292242876 41
1756353832839 0.004010142293883678 42
1756353833366 0.003974049692697508 43
1756353833713 0.003937192060880283 44
1756353834060 0.003899586699550447 45
1756353834407 0.0038612512608136376 46
1756353834753 0.0038222037394767235 47
1756353835276 0.003782462464600966 48
1756353835624 0.0037420460908982886 49
1756353835973 0.0037009735899746787 50
1756353836321 0.003659264241424841 51
1756353836668 0.00361693762378228 52
1756353837016 0.00357401360532906 53
1756353837535 0.0035305123347695506 54
1756353837882 0.0034864542317725507 55
1756353838229 0.0034418599773862104 56
1756353838577 0.0033967505043302672 57
1756353838925 0.0033511469871701427 58
1756353839440 0.0033050708323775213 59
1756353839789 0.003258543668282064 60
1756353840139 0.0032115873349189855 61
1756353840486 0.0031642238737772553 62
1756353840833 0.0031164755174532366 63
1756353841344 0.003068364679214616 64
1756353841690 0.003019913942479529 65
1756353842036 0.0029711460502158085 66
1756353842384 0.002922083894265353 67
1756353842730 0.0028727505045986006 68
1756353843077 0.0028231690385041703 69
1756353843592 0.0027733627697187403 70
1756353843939 0.002723355077502262 71
1756353844286 0.002673169435663643 72
1756353844633 0.002622829401542051 73
1756353844979 0.002572358604949002 74
1756353845490 0.002521780737076433 75
1756353845837 0.002471119539375965 76
1756353846183 0.0024203987924145713 77
1756353846529 0.002369642304711883 78
1756353846877 0.0023188739015643786 79
1756353847384 0.00226811741386169 80
1756353847733 0.0022173966669002967 81
1756353848081 0.0021667354691998287 82
1756353848430 0.0021161576013272597 83
1756353848779 0.00206568680473421 84
1756353849286 0.002015346770612618 85
1756353849636 0.0019651611287739997 86
1756353849984 0.0019151534365575206 87
1756353850332 0.001865347167772091 88
1756353850684 0.0018157657016776604 89
1756353851031 0.0017664323120109083 90
1756353851539 0.0017173701560604532 91
1756353851887 0.0016686022637967327 92
1756353852234 0.001620151527061645 93
1756353852583 0.0015720406888230245 94
1756353852931 0.001524292332499006 95
1756353853437 0.0014769288713572758 96
1756353853785 0.001429972537994197 97
1756353854133 0.0013834453738987393 98
1756353854481 0.0013373692191061186 99
1756353854828 0.0012917657019459949 100
1756353855177 0.0012466562288900509 101
1756353855685 0.0012020619745037105 102
1756353856032 0.0011580038715067102 103
1756353856381 0.0011145026009472016 104
1756353856729 0.0010715785824939807 105
1756353857077 0.0010292519648514205 106
1756353857583 0.0009875426163015828 107
1756353857932 0.0009464701153779732 108
1756353858280 0.0009060537416752952 109
1756353858627 0.0008663124667995382 110
1756353858976 0.0008272649454626236 111
1756353859485 0.0007889295067258146 112
1756353859834 0.0007513241453959772 113
1756353860181 0.0007144665135787526 114
1756353860530 0.0006783739123925833 115
1756353884418 0.0013566811890661375 1
1756353884769 0.002713362378132275 2
1756353885115 0.004070043567198412 3
1756353885463 0.00542672475626455 4
1756353886062 0.006783405945330686 5
1756353886411 0.006783405945330687 6
1756353886758 0.00678261002327328 7
1756353887108 0.0067802226307100266 8
1756353887458 0.006776244888292458 9
1756353887987 0.006770678663188628 10
1756353888336 0.006763526568206659 11
1756353888684 0.0067547919605682825 12
1756353889031 0.0067444789403329364 13
1756353889381 0.006732592348473191 14
1756353889729 0.006719137764602371 15
1756353890246 0.006704121504355469 16
1756353890596 0.006687550616424553 17
1756353890944 0.006669432879250089 18
1756353891294 0.006649776797369708 19
1756353891644 0.006628591597426143 20
1756353892159 0.006605887223836203 21
1756353892507 0.006581674334122831 22
1756353892856 0.0065559642939124144 23
1756353893204 0.006528769171599719 24
1756353893553 0.006500101732682931 25
1756353893903 0.00646997543377149 26
1756353894418 0.0064384044162694954 27
1756353894768 0.00640540349973768 28
1756353895119 0.006370988174937048 29
1756353895468 0.006335174596557448 30
1756353895819 0.006297979575634504 31
1756353896333 0.006259420571658442 32
1756353896685 0.006219515684378537 33
1756353897034 0.0061782836453070245 34
1756353897382 0.006135743808926447 35
1756353897730 0.006091916143604589 36
1756353898237 0.006046821222221244 37
1756353898587 0.00600048021251122 38
1756353898939 0.005952914867128128 39
1756353899288 0.005904147513433592 40
1756353899639 0.005854201043016704 41
1756353900157 0.005803098900948616 42
1756353900505 0.0057508650747773345 43
1756353900853 0.005697524083267868 44
1756353901203 0.005643100964893026 45
1756353901554 0.00558762126608025 46
1756353901902 0.005531111029220034 47
1756353902419 0.00547359678044151 48
1756353902770 0.005415105517160987 49
1756353903122 0.00535566469540925 50
1756353903472 0.005295302216943596 51
1756353903822 0.005234046416150634 52
1756353904341 0.005171926046746017 53
1756353904688 0.0051089702682773274 54
1756353905038 0.0050452086324364745 55
1756353905387 0.00498067106918801 56
1756353905739 0.00491538787271989 57
1756353906260 0.004849389687223253 58
1756353906611 0.004782707492507925 59
1756353906960 0.00471537258946037 60
1756353907309 0.004647416585350929 61
1756353907657 0.004578871378997241 62
1756353908004 0.0045097691457908155 63
1756353908515 0.004440142322593775 64
1756353908866 0.004370023592512862 65
1756353909214 0.004299445869557859 66
1756353909565 0.00422844228319162 67
1756353909914 0.004157046162778978 68
1756353910428 0.0040852910219417995 69
1756353910778 0.00401321054282756 70
1756353911128 0.003940838560298815 71
1756353911478 0.0038682090460509726 72
1756353911829 0.003795356092665856 73
1756353912337 0.0037223138976085045 74
1756353912686 0.003649116747174743 75
1756353913038 0.0035757990003970693 76
1756353913389 0.003502395072916382 77
1756353913738 0.0034289394208271407 78
1756353914245 0.0033554665245035466 79
1756353914598 0.0032820108724143063 80
1756353914950 0.0032086069449336185 81
1756353915302 0.003135289198155945 82
1756353915652 0.0030620920477221845 83
1756353916160 0.0029890498526648312 84
1756353916510 0.002916196899279715 85
1756353916861 0.0028435673850318735 86
1756353917210 0.002771195402503127 87
1756353917561 0.0026991149233888886 88
1756353918072 0.0026273597825517093 89
1756353918424 0.0025559636621390676 90
1756353918774 0.0024849600757728303 91
1756353919126 0.002414382352817826 92
1756353919477 0.0023442636227369125 93
1756353919827 0.0022746367995398723 94
1756353920331 0.0022055345663334475 95
1756353920680 0.0021369893599797593 96
1756353921032 0.0020690333558703172 97
1756353921384 0.002001698452822762 98
1756353921735 0.001935016258107435 99
1756353922244 0.001869018072610799 100
1756353922594 0.0018037348761426773 101
1756353922945 0.0017391973128942136 102
1756353923298 0.0016754356770533598 103
1756353923650 0.0016124798985846704 104
1756353924161 0.0015503595291800527 105
1756353924511 0.0014891037283870923 106
1756353924860 0.0014287412499214384 107
1756353925210 0.0013693004281697021 108
1756353925560 0.0013108091648891774 109
1756353926072 0.001253294916110654 110
1756353926423 0.0011967846792504371 111
1756353926774 0.0011413049804376624 112
1756353927124 0.0010868818620628185 113
1756353927475 0.0010335408705533533 114
1756353927825 0.0009813070443820725 115
1756353928335 0.0009302049023139846 116
1756354163158 0.0008776056101704567 1
1756354163523 0.0017552112203409135 2
1756354163885 0.0026328168305113702 3
1756354164496 0.003510422440681827 4
1756354164859 0.004388028050852284 5
1756354165221 0.004388028050852284 6
1756354165585 0.004387513228764034 7
1756354166109 0.00438596900415881 8
1756354166471 0.004383396101901765 9
1756354166835 0.0043797957297234125 10
1756354167197 0.0043751695776527225 11
1756354167560 0.00436951981722381 12
1756354168089 0.004362849100456611 13
1756354168454 0.004355160558612011 14
1756354168815 0.004346457800722022 15
1756354169177 0.00433674491189569 16
1756354169702 0.004326026451401519 17
1756354170068 0.004314307450527344 18
1756354170433 0.004301593410218616 19
1756354170796 0.004287890298496246 20
1756354171161 0.00427320454765518 21
1756354171690 0.004257543051245062 22
1756354172054 0.004240913160834376 23
1756354172418 0.004223322682559584 24
1756354172780 0.004204779873460901 25
1756354173312 0.004185293437606403 26
1756354173677 0.004164872522006305 27
1756354174044 0.00414352671231932 28
1756354174406 0.004121266028353107 29
1756354174934 0.004098100919360941 30
1756354175299 0.0040740422591367875 31
1756354175663 0.0040491013409111 32
1756354176029 0.004023289872049735 33
1756354176394 0.003996619968558468 34
1756354176922 0.003969104149395691 35
1756354177286 0.003940755330595966 36
1756354177651 0.0039115868192071855 37
1756354178015 0.0038816123070441895 38
1756354178545 0.003850845864261778 39
1756354178913 0.0038193019327501213 40
1756354179276 0.003786995319355681 41
1756354179645 0.003753941188930816 42
1756354180181 0.0037201550572153424 43
1756354180548 0.003685652783553383 44
1756354180913 0.0036504505634489285 45
1756354181278 0.0036145649209636034 46
1756354181644 0.0035780127009602063 47
1756354182179 0.003540811061195664 48
1756354182547 0.003502977464267114 49
1756354182912 0.00346452966941489 50
1756354183278 0.003425485724186265 51
1756354183811 0.0033858639559638617 52
1756354184176 0.0033456829633627073 53
1756354184542 0.003304961607499965 54
1756354184908 0.0032637190031414597 55
1756354185271 0.0032219745097291207 56
1756354185801 0.0031797477222935923 57
1756354186167 0.003137058462256241 58
1756354186533 0.003093926768124908 59
1756354186899 0.0030503728860877513 60
1756354187264 0.0030064172605096047 61
1756354187798 0.0029620805243353106 62
1756354188166 0.0029173834894045386 63
1756354188534 0.0028723471366826204 64
1756354188901 0.0028269926064120048 65
1756354189434 0.002781341188188941 66
1756354189801 0.002735414310970062 67
1756354190169 0.0026892335330135435 68
1756354190536 0.0026428205317595745 69
1756354191064 0.0025961970936548796 70
1756354191429 0.0025493851039260756 71
1756354191796 0.002502406536306658 72
1756354192160 0.002455283442722445 73
1756354192524 0.002408037942940317 74
1756354193057 0.0023606922141851047 75
1756354193423 0.0023132684807295194 76
1756354193789 0.002265789003461987 77
1756354194153 0.0022182760694372996 78
1756354194521 0.0021707519814149847 79
1756354195055 0.0021232390473902973 80
1756354195421 0.002075759570122765 81
1756354195790 0.0020283358366671796 82
1756354196156 0.001980990107911968 83
1756354196686 0.0019337446081298388 84
1756354197051 0.001886621514545626 85
1756354197418 0.0018396429469262085 86
1756354197782 0.001792830957197404 87
1756354198311 0.0017462075190927098 88
1756354198676 0.0016997945178387406 89
1756354199041 0.001653613739882222 90
1756354199406 0.0016076868626633434 91
1756354199773 0.0015620354444402795 92
1756354200305 0.0015166809141696636 93
1756354200673 0.0014716445614477453 94
1756354201040 0.001426947526516973 95
1756354201408 0.0013826107903426794 96
1756354201776 0.0013386551647645323 97
1756354202310 0.0012951012827273755 98
1756354202675 0.0012519695885960433 99
1756354203041 0.0012092803285586925 100
1756354203408 0.0011670535411231631 101
1756354203958 0.0011253090477108246 102
1756354204324 0.0010840664433523182 103
1756354426053 0.0009994175501580774 1
1756354426691 0.0019988351003161547 2
1756354427072 0.002998252650474232 3
1756354427451 0.003997670200632309 4
1756354427825 0.004997087750790386 5
1756354428387 0.004997087750790386 6
1756354428764 0.004996501454942917 7
1756354429143 0.004994742842610105 8
1756354429521 0.004991812739291548 9
1756354430072 0.004987712520389356 10
1756354430448 0.00498244411056253 11
1756354430826 0.004976009982823523 12
1756354431206 0.004968413157377395 13
1756354431585 0.004959657200204114 14
1756354432150 0.0049497462213846785 15
1756354432526 0.004938684873171825 16
1756354432907 0.004926478347806241 17
1756354433288 0.004913132375079307 18
1756354433843 0.004898653219643511 19
1756354434225 0.004883047678071798 20
1756354434604 0.004866323075667226 21
1756354435156 0.004848487263024443 22
1756354435534 0.004829548612344587 23
1756354435910 0.004809516013505344 24
1756354436290 0.004788398869887998 25
1756354436673 0.00476620709396345 26
1756354437219 0.0047429511026392665 27
1756354437598 0.004718641812369938 28
1756354437979 0.004693290634032657 29
1756354438358 0.004666909467571001 30
1756354438904 0.004639510696409059 31
1756354439284 0.004611107181638595 32
1756354439660 0.004581712255982006 33
1756354440042 0.004551339717533889 34
1756354440609 0.004520003823284158 35
1756354440990 0.004487719282425759 36
1756354441368 0.004454501249450117 37
1756354441746 0.004420365317033554 38
1756354442296 0.004385327508718027 39
1756354442676 0.004349404271389618 40
1756354443056 0.00431261246755829 41
1756354443436 0.004274969367442573 42
1756354443987 0.004236492640862838 43
1756354444366 0.004197200348947029 44
1756354444745 0.004157110935652686 45
1756354445123 0.004116243219109287 46
1756354445668 0.0040746163827849345 47
1756354446049 0.00403224996648157 48
1756354446429 0.003989163857162905 49
1756354446808 0.003945378279619406 50
1756354447361 0.003900913786974695 51
1756354447741 0.0038557912510378324 52
1756354448121 0.0038100318525060117 53
1756354448501 0.003763657071022247 54
1756354449045 0.0037166886750927535 55
1756354449424 0.0036691487118687164 56
1756354449803 0.003621059496797277 57
1756354450182 0.0035724436031465668 58
1756354450719 0.003523323851409733 59
1756354451096 0.0034737232985929045 60
1756354451475 0.0034236652273921414 61
1756354451854 0.003373173135264447 62
1756354452392 0.0033222707233979674 63
1756354452773 0.0032709818855865616 64
1756354453151 0.0032193306970139577 65
1756354453532 0.003167341402952766 66
1756354453913 0.003115038407383654 67
1756354454454 0.0030624462615400205 68
1756354454833 0.0030095896523835495 69
1756354455211 0.0029564933910160513 70
1756354455746 0.002903182401033034 71
1756354456124 0.0028496817068244676 72
1756354456501 0.0027960164218282396 73
1756354456879 0.002742211736741805 74
1756354457257 0.002688292907697572 75
1756354457792 0.002634285244407576 76
1756354458169 0.002580214098283 77
1756354458550 0.0025261048505341196 78
1756354685295 0.001055474598646578 1
1756354685683 0.002110949197293156 2
1756354686337 0.0031664237959397345 3
1756354686722 0.004221898394586312 4
1756354687108 0.005277372993232891 5
1756354687493 0.005277372993232891 6
1756354688057 0.0052767538056345265 7
1756354688441 0.005274896533488546 8
1756354688827 0.005271802048605855 9
1756354689213 0.005267471803549921 10
1756354689780 0.005261907830954935 11
1756354690166 0.005255112742571682 12
1756354690551 0.00524708972804158 13
1756354690938 0.005237842553399442 14
1756354691326 0.005227375559305694 15
1756354691918 0.0052156936590088444 16
1756354692308 0.005202802336039189 17
1756354692695 0.005188707641634816 18
1756354693275 0.005173416191901139 19
1756354693664 0.005156935164705263 20
1756354694052 0.005139272296306668 21
1756354694441 0.005120435877725778 22
1756354695009 0.005100434750852125 23
1756354695399 0.005079278304293931 24
1756354695788 0.00505697646897105 25
1756354696176 0.005033539713453368 26
1756354696565 0.005008979039046805 27
1756354697130 0.004983305974629261 28
1756354697519 0.004956532571238919 29
1756354697907 0.004928671396417432 30
1756354698300 0.004899735528310678 31
1756354698862 0.004869738549529819 32
1756354699250 0.004838694540775574 33
1756354699637 0.00480661807422868 34
1756354700024 0.004773524206709654 35
1756354700579 0.0047394284726110635 36
1756354700968 0.004704346876605614 37
1756354701356 0.004668295886133503 38
1756354701743 0.004631292423672527 39
1756354702292 0.0045933538587946115 40
1756354702680 0.004554498000012463 41
1756354703069 0.00451474308642018 42
1756354703458 0.004474107779131752 43
1756354704011 0.00443261115252146 44
1756354704400 0.004390272685270288 45
1756354704788 0.004347112251222552 46
1756354705175 0.004303150110057039 47
1756354705726 0.004258406897777037 48
1756354706111 0.004212903617023708 49
1756354706499 0.004166661627217369 50
1756354706886 0.004119702634531293 51
1756354707273 0.004072048681702748 52
1756354707822 0.004023722137686045 53
1756354708207 0.003974745687152464 54
1756354708595 0.003925142319841984 55
1756354709143 0.0038749353197717966 56
1756354709532 0.0038241482543067097 57
1756354709921 0.0037728049630965203 58
1756354710311 0.0037209295468855997 59
1756354710700 0.003668546356199901 60
1756354711304 0.003615679979916728 61
1756354711693 0.003562355233722619 62
1756354712080 0.0035085971484647652 63
1756354712473 0.0034544309584014317 64
1756354713100 0.0033998820893568972 65
1756354713488 0.0033449761467864696 66
1756354713878 0.0032897389037571845 67
1756354714267 0.003234196288849828 68
1756354714866 0.0031783743739879546 69
1756354715254 0.0031222993621996247 70
1756354715641 0.0030659975753175982 71
1756354716246 0.0030094954416237632 72
1756354716638 0.0029528194834435952 73
1756354717025 0.0028959963046964747 74
1756354717413 0.002839052578407695 75
1756354717801 0.002782015034188046 76
1756354718374 0.0027249104456868282 77
1756354718763 0.002667765618024189 78
1756354719153 0.0026106073752087022 79
1756354719544 0.0025534625475460634 80
1756354720106 0.0024963579590448447 81
1756354720493 0.0024393204148251964 82
1756354720881 0.0023823766885364174 83
1756354721268 0.0023255535097892956 84
1756354721827 0.002268877551609128 85
1756354722215 0.0022123754179152934 86
1756354722603 0.002156073631033266 87
1756354722989 0.0020999986192449366 88
1756354723547 0.002044176704383063 89
1756354723935 0.0019886340894757068 90
1756354724326 0.0019333968464464223 91
1756354724716 0.0018784909038759938 92
1756354725279 0.0018239420348314592 93
1756354725668 0.0017697758447681256 94
1756354726056 0.0017160177595102718 95
1756354726443 0.0016626930133161627 96
1756354726995 0.0016098266370329897 97
1756354727383 0.0015574434463472909 98
1756354727773 0.0015055680301363707 99
1756354728161 0.0014542247389261824 100
1756354728715 0.0014034376734610942 101
1756354729103 0.0013532306733909075 102
1756354729497 0.001303627306080426 103
1756354729885 0.0012546508555468462 104
1756354730453 0.0012063243115301428 105
1756354730842 0.0011586703587015978 106
1756354731233 0.0011117113660155224 107
1756354731622 0.001065469376209184 108
1756354732188 0.0010199660954558541 109
1756354732575 0.0009752228831758522 110
1756354732962 0.0009312607420103393 111
1756354733350 0.0008881003079626031 112
1756354733906 0.0008457618407114303 113
1756354734297 0.0008042652141011389 114
1756354734686 0.0007636299068127118 115
1756354735075 0.0007238749932204285 116
1756354735465 0.0006850191344382792 117
1756354736023 0.0006470805695603642 118
1756354736412 0.0006100771070993877 119
1756354736803 0.0005740261166272766 120
1756354737366 0.0005389445206218274 121
1756354737754 0.0005048487865232365 122
1756354738142 0.0004717549190042115 123
1756354738532 0.00043967845245731786 124
1756354738924 0.00040863444370307206 125
1756354739479 0.0003786374649222133 126
1756354739868 0.00034970159681545855 127
1756354740256 0.00032184042199397253 128
1756354740645 0.0002950670186036297 129
1756354741197 0.00026939395418608663 130
1756354741585 0.00024483327977952346 131
1756354741981 0.00022139652426184081 132
1756354742371 0.00019909468893896027 133
1756354742956 0.00017793824238076513 134
1756354743345 0.00015793711550711264 135
1756354743734 0.00013910069692622346 136
1756354744325 0.00012143782852762773 137
1756354744714 0.00010495680133175139 138
1756354745103 8.966535159807451e-05 139
1756354745492 7.5570657193702e-05 140
1756354745881 6.267933422404583e-05 141
1756354746458 5.0997433927196367e-05 142
1756354746848 4.053043983344858e-05 143
1756354747238 3.1283265191311495e-05 144
1756354747627 2.3260250661208326e-05 145
1756354774123 0.0011910705501020217 1
1756354774515 0.0023821411002040434 2
1756354775165 0.003573211650306065 3
1756354775556 0.004764282200408087 4
1756354775947 0.005955352750510109 5
1756354776337 0.005955352750510109 6
1756354776902 0.005954654001315514 7
1756354777297 0.0059525580817273716 8
1756354777689 0.005949065975578641 9
1756354778080 0.005944179322077789 10
1756354778644 0.005937900415039335 11
1756354779037 0.005930232201807125 12
1756354779429 0.005921178281870843 13
1756354779819 0.005910742905176383 14
1756354780382 0.005898930970130924 15
1756354780772 0.005885748021303587 16
1756354781162 0.005871200246822797 17
1756354781553 0.005855294475471546 18
1756354782124 0.005838038173481944 19
1756354782517 0.005819439441030532 20
1756354782910 0.005799507008436028 21
1756354783302 0.0057782502320612855 22
1756354783867 0.005755679089921377 23
1756354784257 0.005731804176999874 24
1756354784648 0.005706636700275516 25
1756354785041 0.005680188473461619 26
1756354785608 0.005652471911460665 27
1756354786003 0.005623500024536696 28
1756354786395 0.005593286412208253 29
1756354786789 0.005561845256864701 30
1756354787383 0.005529191317108959 31
1756354787775 0.005495339920829758 32
1756354788168 0.005460306958006664 33
1756354788562 0.005424108873251266 34
1756354788955 0.005386762658087999 35
1756354789535 0.0053482858429782665 36
1756354789928 0.005308696489091566 37
1756354790320 0.005268013179827505 38
1756354790713 0.005226255012092682 39
1756354791286 0.00518344158733652 40
1756354791678 0.0051395930023502715 41
1756354792071 0.0050947298398335015 42
1756354792463 0.0050488731587324896 43
1756354793028 0.005002044484355076 44
1756354793420 0.004954265798266597 45
1756354793813 0.004905559527971653 46
1756354794205 0.004855948536386542 47
1756354794768 0.004805456111107324 48
1756354795160 0.004754105953478531 49
1756354795550 0.004701922167467654 50
1756354795943 0.004648929248350654 51
1756354796509 0.004595152071213774 52
1756354796902 0.004540615879277087 53
1756354797297 0.004485346272045214 54
1756354797689 0.004429369193290825 55
1756354798255 0.004372710918876528 56
1756354798649 0.00431539804442087 57
1756354799041 0.004257457472814253 58
1756354799433 0.00419891640159061 59
1756354799999 0.004139802310160774 60
1756354800393 0.004080142946913534 61
1756354800785 0.004019966316190427 62
1756354801177 0.003959300665140399 63
1756354801749 0.0038981744704604717 64
1756354802145 0.0038366164250286743 65
1756354802537 0.003774655424435488 66
1756354802930 0.0037123205534201438 67
1756354803497 0.003649641072218132 68
1756354803887 0.00358664640282633 69
1756354804278 0.003523366115192201 70
1756354804668 0.003459829913333541 71
1756354805227 0.0033960676213952976 72
1756354805619 0.00333210916965 73
1756354806012 0.003267984580448368 74
1756354806404 0.0032037239541266977 75
1756354806794 0.0031393574548776526 76
1756354807362 0.003074915296591068 77
1756354807753 0.0030104277286714274 78
1756354808147 0.0029459250218386818 79
1756354808712 0.002881437453919042 80
1756354809105 0.0028169952956324565 81
1756354809497 0.0027526287963834115 82
1756354809892 0.002688368170061742 83
1756354810287 0.0026242435808601088 84
1756354810845 0.0025602851291148115 85
1756354811236 0.0024965228371765687 86
1756354811627 0.002432986635317908 87
1756354812019 0.002369706347683779 88
1756354812583 0.0023067116782919768 89
1756354812974 0.002244032197089966 90
1756354813368 0.0021816973260746224 91
1756354813760 0.002119736325481435 92
1756354814319 0.002058178280049637 93
1756354814713 0.00199705208536971 94
1756354815106 0.0019363864343196818 95
1756354815666 0.0018762098035965753 96
1756354816060 0.0018165504403493344 97
1756354816454 0.0017574363489194984 98
1756354816847 0.0016988952776958563 99
1756354817242 0.0016409547060892403 100
1756354817806 0.0015836418316335812 101
1756354818205 0.0015269835572192837 102
1756354818600 0.0014710064784648948 103
1756354818992 0.001415736871233022 104
1756354819590 0.0013612006792963337 105
1756354819987 0.0013074235021594558 106
1756354820380 0.0012544305830424552 107
1756354820773 0.0012022467970315787 108
1756354821354 0.0011508966394027844 109
1756354821749 0.0011004042141235678 110
1756354822143 0.0010507932225384564 111
1756354822536 0.0010020869522435116 112
1756354823115 0.0009543082661550326 113
1756354823509 0.0009074795917776196 114
1756354823903 0.0008616229106766083 115
1756354824297 0.0008167597481598382 116
1756354824874 0.0007729111631735889 117
1756354825266 0.0007300977384174273 118
1756354825662 0.0006883395706826037 119
1756354826058 0.0006476562614185433 120
1756354826636 0.0006080669075318421 121
1756354827033 0.0005695900924221099 122
1756354827428 0.0005322438772588434 123
1756354827823 0.0004960457925034446 124
1756354828398 0.00046101282968035096 125
1756354828793 0.00042716143340115005 126
1756354829185 0.0003945074936454077 127
1756354829580 0.0003630663383018556 128
1756354830158 0.00033285272597341264 129
1756355076714 0.0009748522240410375 1
1756355077124 0.001949704448082075 2
1756355077528 0.0029245566721231124 3
1756355078206 0.00389940889616415 4
1756355078609 0.004874261120205187 5
1756355079012 0.004874261120205187 6
1756355079414 0.004873689238184509 7
1756355079971 0.004871973860566162 8
1756355080376 0.004869115792555196 9
1756355080779 0.004865116375740064 10
1756355081181 0.004859977487462869 11
1756355081740 0.0048537015399381335 12
1756355082145 0.004846291479120497 13
1756355082549 0.004837750783321873 14
1756355082953 0.0048280834615787175 15
1756355083514 0.004817294051770169 16
1756355083919 0.004805387618487949 17
1756355084323 0.004792369750659027 18
1756355084726 0.004778246558922151 19
1756355085286 0.004763024672759493 20
1756355085690 0.0047467112373847445 21
1756355086094 0.00472931391038912 22
1756355086497 0.004710840858146856 23
1756355087055 0.004691300751981885 24
1756355087460 0.00467070276409748 25
1756355087865 0.0046490565632707846 26
1756355088269 0.00462637231031425 27
1756355088857 0.004602660653306112 28
1756355089263 0.004577932722592142 29
1756355089670 0.004552200125561014 30
1756355090077 0.004525474941195753 31
1756355090485 0.004497769714403814 32
1756355091077 0.004469097450128449 33
1756355091481 0.004439471607244138 34
1756355091888 0.0044089060922389385 35
1756355092468 0.004377415252686727 36
1756355092875 0.004345013870512389 37
1756355093284 0.004311717155053123 38
1756355093691 0.004277540735919122 39
1756355094266 0.004242500655656972 40
1756355094673 0.00420661336221921 41
1756355095076 0.0041698957012436 42
1756355095480 0.004132364908145716 43
1756355095883 0.004094038600028575 44
1756355096457 0.004054934767413095 45
1756355096862 0.004015071765793275 46
1756355097268 0.003974468307020055 47
1756355097672 0.003933143450517895 48
1756355098244 0.0038911165943382093 49
1756355098647 0.0038484074660538417 50
1756355099054 0.0038050361134988665 51
1756355099458 0.0037610228953580556 52
1756355100027 0.00371638847161043 53
1756355100433 0.0036711537938313842 54
1756355100840 0.003625340095357935 55
1756355101247 0.003578968881321706 56
1756355101822 0.003532061918554337 57
1756355102228 0.003484641225370044 58
1756355102636 0.003436729061230138 59
1756355103041 0.003388347916294344 60
1756355103606 0.0033395205008638303 61
1756355104010 0.003290269734720905 62
1756355104415 0.0032406187363703772 63
1756355104820 0.003190590812187642 64
1756355105384 0.003140209445478573 65
1756355105788 0.003089498285456366 66
1756355106194 0.003038481136140505 67
1756355106602 0.002987181945183062 68
1756355107008 0.0029356247926275725 69
1756355107574 0.002883833879605769 70
1756355107980 0.002831833516977473 71
1756355108387 0.002779648113918981 72
1756355108951 0.0027273021664653008 73
1756355109357 0.002674820246011617 74
1756355109764 0.0026222269877793766 75
1756355110172 0.002569547079252423 76
1756355110578 0.0025168052485885915 77
1756355111139 0.002464026253012212 78
1756355111545 0.0024112348671929754 79
1756355111951 0.002358455871616597 80
1756355112355 0.002305714040952765 81
1756355112916 0.0022530341324258113 82
1756355113320 0.0022004408741935714 83
1756355113727 0.002147958953739887 84
1756355114134 0.002095613006286207 85
1756355114695 0.0020434276032277147 86
1756355115102 0.0019914272405994185 87
1756355115509 0.0019396363275776152 88
1756355116070 0.0018880791750221257 89
1756355116475 0.0018367799840646828 90
1756355116881 0.0017857628347488223 91
1756355117286 0.0017350516747266147 92
1756355117694 0.0016846703080175456 93
1756355118255 0.0016346423838348102 94
1756355118661 0.0015849913854842825 95
1756355119069 0.001535740619341357 96
1756355119475 0.0014869132039108434 97
1756355120040 0.0014385320589750492 98
1756355120449 0.0013906198948351438 99
1756355120858 0.0013431992016508514 100
1756355121265 0.0012962922388834817 101
1756355121831 0.0012499210248472527 102
1756355122241 0.0012041073263738028 103
1756355122651 0.0011588726485947576 104
1756355123058 0.0011142382248471316 105
1756355123619 0.0010702250067063212 106
1756355124023 0.0010268536541513465 107
1756355124429 0.0009841445258669792 108
1756355124834 0.0009421176696872925 109
1756355125397 0.0009007928131851325 110
1756355125804 0.000860189354411912 111
1756355126211 0.0008203263527920928 112
1756355126620 0.0007812225201766121 113
1756355127181 0.0007428962120594713 114
1756355127596 0.0007053654189615881 115
1756355340396 0.0010993924490764176 1
1756355340817 0.002198784898152835 2
1756355341235 0.003298177347229253 3
1756355341654 0.00439756979630567 4
1756355342332 0.005496962245382088 5
1756355342750 0.005496962245382088 6
1756355343164 0.005496317288767425 7
1756355343581 0.005494382721668624 8
1756355344173 0.00549115945217915 9
1756355344593 0.005486648993314473 10
1756355345010 0.0054808534623018625 11
1756355345425 0.00547377557958654 12
1756355346025 0.0054654186675547065 13
1756355346442 0.005455786648973984 14
1756355346859 0.005444884045152067 15
1756355347274 0.005432715973814399 16
1756355347868 0.005419288146701888 17
1756355348286 0.005404606866889794 18
1756355348702 0.005388679025829043 19
1756355349119 0.005371512100111354 20
1756355349534 0.00535311414795969 21
1756355349951 0.005333493805445702 22
1756355350547 0.005312660282435924 23
1756355350985 0.00529062335826862 24
1756355351403 0.005267393377163326 25
1756355351832 0.005242981243365237 26
1756355352249 0.0052173984160267 27
1756355352664 0.005190656903828255 28
1756355353250 0.005162769259341706 29
1756355353666 0.005133748573137894 30
1756355354081 0.005103608467641934 31
1756355354498 0.0050723630907387905 32
1756355355087 0.005040027109132208 33
1756355355506 0.005006615701460103 34
1756355355924 0.004972144551169646 35
1756355356512 0.004936629839155394 36
1756355356931 0.004900088236163912 37
1756355357349 0.00486253689496846 38
1756355357932 0.004823993442317413 39
1756355358349 0.0047844759706601936 40
1756355358773 0.004744003029654606 41
1756355359189 0.004702593617459555 42
1756355359778 0.0046602671718172315 43
1756355360199 0.00461704356092896 44
1756355360624 0.00457294307412899 45
1756355361219 0.004527986412360595 46
1756355361647 0.004482194678458975 47
1756355362257 0.004435589367245496 48
1756355362673 0.004388192355437943 49
1756355363091 0.004340025891381492 50
1756355363507 0.004291112584605256 51
1756355363925 0.004241475395209282 52
1756355364519 0.004191137623086986 53
1756355364941 0.004140122896988091 54
1756355365359 0.004088455163427203 55
1756355365779 0.004036158675443215 56
1756355366364 0.00398325798121484 57
1756355366784 0.003929777912537595 58
1756355367202 0.0038757435731676605 59
1756355367788 0.003821180327038077 60
1756355368203 0.0037661137863528146 61
1756355368620 0.0037105697995642993 62
1756355369035 0.0036545744392400535 63
1756355369452 0.0035981539898241243 64
1756355370042 0.0035413349352990645 65
1756355370460 0.0034841439467542426 66
1756355370879 0.0034266078698663317 67
1756355371296 0.0033687537122978404 68
1756355371886 0.0033106086310196094 69
1756355372303 0.0032521999195632215 70
1756355372725 0.00319355499520931 71
1756355373313 0.003134701386117777 72
1756355373730 0.00307566671840597 73
1756355374148 0.0030164787031808703 74
1756355374568 0.0029571651235313864 75
1756355374986 0.0028977538214868676 76
1756355375402 0.002838272684947944 77
1756355375818 0.002778749634595831 78
1756355376396 0.0027192126107862574 79
1756355376817 0.0026596895604341446 80
1756355377235 0.0026002084238952207 81
1756355377657 0.0025407971218507023 82
1756355378251 0.002481483542201219 83
1756355378674 0.002422295526976118 84
1756355379095 0.0023632608592643115 85
1756355379678 0.0023044072501727793 86
1756355380095 0.002245762325818867 87
1756355380512 0.0021873536143624797 88
1756355381095 0.0021292085330842482 89
1756355381514 0.002071354375515757 90
1756355381933 0.0020138182986278465 91
1756355382353 0.0019566273100830246 92
1756355382933 0.0018998082555579641 93
1756355383352 0.0018433878061420348 94
1756355383934 0.001787392445817789 95
1756355384349 0.0017318484590292738 96
1756355384766 0.0016767819183440107 97
1756355385183 0.0016222186722144275 98
1756355661440 0.000958022691757955 1
1756355662134 0.00191604538351591 2
1756355662566 0.002874068075273865 3
1756355662996 0.00383209076703182 4
1756355663603 0.004790113458789775 5
1756355664034 0.004790113458789775 6
1756355664467 0.004789551451580534 7
1756355664898 0.004787865693761222 8
1756355665525 0.004785056976633239 9
1756355665957 0.004781126618619538 10
1756355666388 0.004776076464645745 11
1756355667017 0.004769908885274151 12
1756355667448 0.004762626775590954 13
1756355667879 0.004754233553847298 14
1756355668311 0.004744733159854733 15
1756355668919 0.0047341300531358495 16
1756355669351 0.004722429210830962 17
1756355669782 0.004709636125361819 18
1756355670417 0.004695756801853438 19
1756355670851 0.00468079775531528 20
1756355671284 0.004664766007583072 21
1756355671892 0.004647669084022734 22
1756355672324 0.004629515009997941 23
1756355672756 0.0046103123071029855 24
1756355673359 0.004590069989162706 25
1756355673790 0.004568797558001367 26
1756355674223 0.004546504998982457 27
1756355674655 0.004523202776321527 28
1756355675312 0.00449890182817424 29
1756355675746 0.004473613561501962 30
1756355676178 0.004447349846717289 31
1756355676786 0.004420123012112023 32
1756355677217 0.004391945838070229 33
1756355677648 0.00436283155106907 34
1756355678078 0.004332793817470244 35
1756355678680 0.004301846737104943 36
1756355679112 0.004270004836655335 37
1756355679546 0.0042372830628356825 38
1756355680148 0.0042036967753762925 39
1756355680580 0.004169261739813602 40
1756355681010 0.004133994120089772 41
1756355681439 0.004097910470965267 42
1756355682036 0.004061027730247987 43
1756355682469 0.004023363210842593 44
1756355682900 0.003984934592623757 45
1756355683498 0.003945759914137168 46
1756355683930 0.003905857564132156 47
1756355684361 0.0038652462729299474 48
1756355684984 0.003823945103631578 49
1756355685415 0.003781973443169593 50
1756355685849 0.003739350993207749 51
1756355686455 0.003696097760892971 52
1756355686886 0.0036522340494639237 53
1756355687320 0.003607780448720583 54
1756355687922 0.0035627578253593097 55
1756355688354 0.003517187313177936 56
1756355688783 0.0034710903031554773 57
1756355689388 0.003424488433411121 58
1756355689819 0.0033774035790472105 59
1756355690253 0.003329857841880983 60
1756355690852 0.00328187354006989 61
1756355691283 0.003233473197635364 62
1756355691715 0.0031846795338899563 63
1756355692315 0.0031355154527728 64
1756355692751 0.0030860040320984106 65
1756355693184 0.0030361685127238674 66
1756355693788 0.0029860322876394643 67
1756355694222 0.0029356188909879476 68
1756355694656 0.002884951987017496 69
1756355695276 0.0028340553589736276 70
1756355695711 0.0027829528979352513 71
1756355696144 0.002731668591600098 72
1756355696583 0.0026802265130248036 73
1756355697187 0.002628650809324919 74
1756355697619 0.0025769656903401553 75
1756355698058 0.0025251954172701937 76
1756355698664 0.002473364291286382 77
1756355699096 0.002421496642124664 78
1756355699529 0.002369616816665111 79
1756355700136 0.0023177491675033936 80
1756355700569 0.002265918041519581 81
1756355701002 0.0022141477684496204 82
1756355934918 0.0012713454070819837 1
1756355935365 0.0025426908141639674 2
1756355936071 0.003814036221245951 3
1756355936515 0.005085381628327935 4
1756355936959 0.006356727035409919 5
1756355937580 0.0063567270354099184 6
1756355938025 0.006355981184545326 7
1756355938468 0.0063537439820569004 8
1756355939088 0.006350016478096356 9
1756355939534 0.006344800422368824 10
1756355940160 0.006338098263311534 11
1756355940602 0.006329913146944509 12
1756355941043 0.00632024891539381 13
1756355941660 0.006309110105088025 14
1756355942104 0.006296501944628855 15
1756355942549 0.006282430352336788 16
1756355943168 0.00626690193347301 17
1756355943614 0.006249923977138876 18
1756355944060 0.006231504452854374 19
1756355944677 0.0062116520068172 20
1756355945122 0.0061903759578441995 21
1756355945564 0.006167686292997078 22
1756355946183 0.006143593662894435 23
1756355946627 0.006118109376712321 24
1756355947068 0.006091245396875664 25
1756355947687 0.006063014333443062 26
1756355948131 0.006033429438187571 27
1756355948572 0.00600250459837627 28
1756355949192 0.005970254330251523 29
1756355949637 0.005936693772216996 30
1756355950081 0.0059018386777316325 31
1756355950702 0.005865705407914916 32
1756355951146 0.005828310923866893 33
1756355951764 0.005789672778706576 34
1756355952208 0.005749809109332423 35
1756355952653 0.005708738627908822 36
1756355953278 0.005666480613082515 37
1756355953721 0.0056230549009331325 38
1756355954164 0.005578481875662055 39
1756355954780 0.0055327824600239885 40
1756355955223 0.005485978105505742 41
1756355955667 0.005438090782256814 42
1756355956284 0.005389142968776515 43
1756355956728 0.005339157641362476 44
1756355957173 0.005288158263325477 45
1756355957792 0.005236168773975682 46
1756355958237 0.005183213577385428 47
1756355958680 0.005129317530933857 48
1756355959297 0.005074505933638765 49
1756355959741 0.005018804514281143 50
1756355960185 0.004962239419327983 51
1756355960804 0.004904837200659025 52
1756355961245 0.004846624803103202 53
1756355961690 0.00478762955179062 54
1756355962306 0.004727879139326048 55
1756355962752 0.004667401612789889 56
1756355963369 0.004606225360572774 57
1756355963815 0.004544379099049936 58
1756355964259 0.004481891859101633 59
1756355964875 0.004418792972485936 60
1756355965320 0.004355112058070285 61
1756355965763 0.004290879007928275 62
1756355966380 0.004226123973308203 63
1756355966823 0.004160877350479943 64
1756355967269 0.0040951697664668284 65
1756355967886 0.004029032064669193 66
1756355968331 0.003962495290386368 67
1756355968774 0.0038955906762438873 68
1756355969394 0.003828349627532777 69
1756355969837 0.0037608037074677797 70
1756355970280 0.00369298462237146 71
1756355970900 0.003624924206791132 72
1756355971346 0.0035566544085555932 73
1756355971790 0.0034882072737786934 74
1756355972410 0.0034196149318167527 75
1756355972854 0.0033509095801869215 76
1756355973301 0.003282123469453538 77
1756355973916 0.003213288888089581 78
1756355974360 0.003144438147320338 79
1756355974975 0.003075603565956381 80
1756355975417 0.0030068174552229975 81
1756355975861 0.0029381121035931667 82
1756355976478 0.0028695197616312265 83
1756355976924 0.0028010726268543258 84
1756355977370 0.002732802828618787 85
1756355977990 0.002664742413038459 86
1756355978435 0.002596923327942139 87
1756355978881 0.002529377407877142 88
1756355979497 0.0024621363591660313 89
1756355979942 0.002395231745023552 90
1756355980389 0.002328694970740727 91
1756355981007 0.002262557268943091 92
1756355981454 0.0021968496849299754 93
1756355981899 0.0021316030621017163 94
1756355982520 0.0020668480274816433 95
1756355982964 0.002002614977339634 96
1756355983406 0.0019389340629239827 97
1756355984026 0.0018758351763082856 98
1756355984472 0.0018133479363599831 99
1756355984914 0.0017515016748371457 100
1756355985533 0.0016903254226200296 101
1756355985978 0.001629847896083871 102
1756355986596 0.0015700974836192986 103
1756355987044 0.0015111022323067175 104
1756355987489 0.0014528898347508927 105
1756355988108 0.001395487616081936 106
1756355988554 0.0013389225211287764 107
1756355989001 0.0012832211017711544 108
1756355989623 0.0012284095044760616 109
1756355990068 0.0011745134580244906 110
1756355990514 0.001121558261434236 111
1756355991134 0.0010695687720844416 112
1756355991579 0.0010185693940474427 113
1756355992024 0.0009685840666334036 114
1756355992644 0.0009196362531531055 115
1756355993089 0.0008717489299041771 116
1756355993534 0.0008249445753859301 117
1756355994151 0.0007792451597478637 118
1756355994595 0.0007346721344767856 119
1756355995039 0.0006912464223274039 120
1756355995658 0.000648988407501097 121
1756356009398 0.0008541524344724824 1
1756356009845 0.0017083048689449647 2
1756356010551 0.002562457303417447 3
1756356010994 0.0034166097378899294 4
1756356011439 0.004270762172362412 5
1756356012058 0.004270762172362412 6
1756356012504 0.004270261111541184 7
1756356012949 0.004268758164277437 8
1756356013571 0.004266254036060572 9
1756356014016 0.0042627499023382975 10
1756356014462 0.00425824740796487 11
1756356015083 0.0042527486664289925 12
1756356015527 0.004246256258861734 13
1756356015973 0.004238773232824934 14
1756356016593 0.004230303100880671 15
1756356017041 0.004220849838942448 16
1756356017484 0.004210417884408882 17
1756356018105 0.004199012134080772 18
1756356018550 0.004186637941862524 19
1756356019175 0.004173301116249005 20
1756356019621 0.004159007917599012 21
1756356020070 0.004143765055196634 22
1756356020516 0.004127579684101893 23
1756356021138 0.004110459401792125 24
1756356021583 0.004092412244595691 25
1756356022211 0.004073446683919703 26
1756356022661 0.0040535716222735016 27
1756356023106 0.00403279638908979 28
1756356023723 0.004011130736345358 29
1756356024172 0.003988584833983465 30
1756356024619 0.003965169265140029 31
1756356025231 0.003940895021175864 32
1756356025681 0.003915773496517284 33
1756356026125 0.003889816483307523 34
1756356026765 0.0038630361658714483 35
1756356027213 0.003835445114996197 36
1756356027662 0.003807056282030393 37
1756356028302 0.003777882992804738 38
1756356028750 0.0037479389413768074 39
1756356029197 0.003717238183603012 40
1756356029828 0.0036857951305407184 41
1756356030273 0.003653624541683644 42
1756356030908 0.003620741518033691 43
1756356031354 0.003587161495012477 44
1756356031803 0.003552900235215888 45
1756356032252 0.0035179738210150495 46
1756356032888 0.0034823986470072033 47
1756356033333 0.0034461914123200127 48
1756356033964 0.003409369112772932 49
1756356034412 0.0033719490328992952 50
1756356034856 0.003333948737832892 51
1756356035484 0.0032953860650628236 52
1756356035934 0.0032562791160605136 53
1756356036379 0.0032166462477828048 54
1756356037000 0.003176506064055134 55
1756356037447 0.0031358774068388187 56
1756356037893 0.0030947793473865707 57
1756356038514 0.0030532311772903673 58
1756356038962 0.00301125239942591 59
1756356039409 0.0029688627187978915 60
1756356040028 0.0029260820332903904 61
1756356271070 0.001124823491964725 1
1756356271818 0.00224964698392945 2
1756356272273 0.003374470475894175 3
1756356272729 0.0044992939678589 4
1756356273365 0.005624117459823625 5
1756356273819 0.005624117459823625 6
1756356274273 0.005623457581418566 7
1756356274913 0.005621478255952929 8
1756356275367 0.005618180412529931 9
1756356275824 0.005613565599170344 10
1756356276459 0.005607635982085847 11
1756356276915 0.005600394344662201 12
1756356277544 0.00559184408615271 13
1756356278000 0.005581989220082603 14
1756356278453 0.005570834372365068 15
1756356279080 0.005558384779129832 16
1756356279538 0.005544646284265297 17
1756356279995 0.0055296253366754 18
1756356280621 0.005513328987252466 19
1756356281078 0.005495764885567498 20
1756356281534 0.005476941276279434 21
1756356282160 0.005456866995265072 22
1756356282614 0.005435551465471476 23
1756356283074 0.005413004692492805 24
1756356283696 0.0053892372598736485 25
1756356284152 0.005364260324141069 26
1756356284774 0.005338085609567684 27
1756356285231 0.005310725402668245 28
1756356285689 0.005282192546432299 29
1756356286309 0.005252500434295642 30
1756356286764 0.005221663003853382 31
1756356287220 0.005189694730317576 32
1756356287835 0.0051566106197225145 33
1756356288292 0.005122426201880823 34
1756356288748 0.005087157523093712 35
1756356289364 0.005050821138618773 36
1756356289823 0.005013434104898883 37
1756356290281 0.004975013971555834 38
1756356290896 0.00493557877315248 39
1756356291350 0.004895147020727232 40
1756356291967 0.0048537376931049115 41
1756356292422 0.004811370227988012 42
1756356292879 0.004768064512832562 43
1756356293336 0.004723840875512877 44
1756356293952 0.004678720074779575 45
1756356294407 0.004632723290515335 46
1756356295019 0.004585872113792978 47
1756356295476 0.00453818853674053 48
1756356295931 0.004489694942218031 49
1756356296544 0.004440414093310932 50
1756356296999 0.00439036912264501 51
1756356297455 0.004339583521527826 52
1756356298071 0.004288081128921811 53
1756356298530 0.004235886120254158 54
1756356298988 0.004183022996068786 55
1756356299601 0.004129516570525687 56
1756356300060 0.0040753919597530585 57
1756356300519 0.004020674570057694 58
1756356301132 0.003965390085999164 59
1756356301587 0.003909564458333378 60
1756356302043 0.0038532238918312037 61
1756356302663 0.003796394832977835 62
1756356303120 0.003739103957558713 63
1756356303739 0.0036813781581378057 64
1756356304196 0.0036232445314341305 65
1756356304653 0.0035647303656024466 66
1756356305111 0.0035058631274240896 67
1756356305757 0.0034466704494139524 68
1756356306215 0.0033871801168496767 69
1756356306859 0.0033274200547291294 70
1756356307316 0.0032674183146623017 71
1756356307771 0.003207203061703768 72
1756356308408 0.0031468025611319033 73
1756356308869 0.0030862451651810464 74
1756356309325 0.003025559299732845 75
1756356309964 0.002964773450973041 76
1756356310424 0.00290391615201994 77
1756356310881 0.002843015969530848 78
1756356311510 0.0027821014902927772 79
1756356311965 0.002721201307803686 80
1756356312424 0.0026603440088505846 81
1756356313074 0.002599558160090781 82
1756356313532 0.00253887229464258 83
1756356313989 0.002478314898691722 84
1756356314638 0.0024179143981198576 85
1756356315097 0.0023576991451613244 86
1756356315734 0.0022976974050944957 87
1756356316190 0.002237937342973949 88
1756356316652 0.0021784470104096727 89
1756356317110 0.0021192543323995364 90
1756356317767 0.00206038709422118 91
1756356318223 0.0020018729283894955 92
1756356318864 0.0019437393016858197 93
1756356319323 0.0018860135022649121 94
1756356319780 0.0018287226268457904 95
1756356320414 0.0017718935679924214 96
1756356320876 0.0017155530014902466 97
1756356321335 0.0016597273738244616 98
1756356321968 0.0016044428897659317 99
1756356322427 0.0015497255000705677 100
1756356322883 0.0014956008892979382 101
1756356323512 0.0014420944637548395 102
1756356323970 0.0013892313395694675 103
1756356324426 0.0013370363309018146 104
1756356325051 0.0012855339382957984 105
1756356325508 0.0012347483371786157 106
1756356325966 0.0011847033665126942 107
1756356326594 0.001135422517605595 108
1756356327053 0.0010869289230830952 109
1756356327676 0.0010392453460306476 110
1756356328135 0.0009923941693082902 111
1756356328594 0.0009463973850440512 112
1756356329054 0.0009012765843107486 113
1756356329682 0.0008570529469910638 114
1756356330139 0.0008137472318356138 115
1756356330762 0.0007713797667187139 116
1756356331220 0.0007299704390963933 117
1756356331679 0.0006895386866711456 118
1756356332306 0.0006501034882677903 119
1756356332764 0.0006116833549247425 120
1756356333224 0.0005742963212048516 121
1756356333850 0.0005379599367299137 122
1756356334308 0.0005026912579428023 123
1756356334765 0.0004685068401011115 124
1756356335391 0.0004354227295060492 125
1756356335850 0.0004034544559702437 126
1756356336309 0.0003726170255279822 127
1756356336948 0.0003429249133913258 128
1756356337408 0.0003143920571553806 129
1756356337865 0.00028703185025594186 130
1756356627608 0.0014843066638442388 1
1756356628081 0.0029686133276884776 2
1756356628801 0.004452919991532717 3
1756356629271 0.005937226655376955 4
1756356629744 0.007421533319221194 5
1756356630380 0.007421533319221194 6
1756356630851 0.007420662512284231 7
1756356631321 0.00741805050023357 8
1756356631959 0.007413698509158018 9
1756356632431 0.007407608581899433 10
1756356632902 0.007399783577093805 11
1756356633534 0.0073902271678294015 12
1756356634004 0.0073789438399226035 13
1756356634633 0.0073659388898122445 14
1756356635103 0.007351218422073446 15
1756356635572 0.007334789346552105 16
1756356636204 0.007316659375121377 17
1756356636674 0.007296837018061703 18
1756356637147 0.007275331580066042 19
1756356637804 0.007252153155872219 20
1756356638273 0.007227312625524403 21
1756356638739 0.007200821649265985 22
1756356639394 0.007172692662066206 23
1756356639866 0.007142938867783134 24
1756356640336 0.007111574232965719 25
1756356640981 0.007078613480297845 26
1756356641451 0.007044072081687437 27
1756356641923 0.007007966251003893 28
1756356642574 0.006970312936467223 29
1756356643043 0.006931129812692493 30
1756356643708 0.006890435272393287 31
1756356644179 0.006848248417748095 32
1756356644650 0.006804589051433673 33
1756356645123 0.006759477667329596 34
1756356645760 0.006712935440898338 35
1756356646227 0.006664984219245435 36
1756356646860 0.006615646510864363 37
1756356647331 0.0065649454750709635 38
1756356647806 0.006512904911132366 39
1756356648438 0.006459549247095523 40
1756356648908 0.0064049035283205834 41
1756356649380 0.006348993405724504 42
1756356650020 0.006291845123740402 43
1756356650495 0.006233485507998324 44
1756356650964 0.00617394195273318 45
1756356651629 0.006113242407925783 46
1756356652102 0.0060514153661830215 47
1756356652572 0.00598848984936331 48
1756356653227 0.005924495394953622 49
1756356653700 0.005859462042204468 50
1756356654170 0.005793420318029358 51
1756356654805 0.005726401222675343 52
1756356655276 0.005658436215171386 53
1756356655908 0.0055895571985613525 54
1756356656380 0.005519796504928611 55
1756356656851 0.005449186880219216 56
1756356657323 0.0053777614688708345 57
1756356657978 0.005305553798254614 58
1756356658448 0.005232597762937303 59
1756356659102 0.005158927608771007 60
1756356659572 0.00508457791681805 61
1756356660043 0.005009583587118483 62
1756356660679 0.004933979822307872 63
1756356661150 0.00485780211109304 64
1756356661621 0.004781086211593526 65
1756356662254 0.004703868134556583 66
1756356662724 0.004626184126453588 67
1756356663194 0.00454807065246581 68
1756356663825 0.004469564379367506 69
1756356664295 0.004390702158314389 70
1756356664766 0.0043115210075455575 71
1756356665398 0.004232058095006977 72
1756356665872 0.004152350720904708 73
1756356666343 0.0040724363001960395 74
1756356666977 0.003992352345026751 75
1756356667447 0.003912136447122778 76
1756356668081 0.003831826260144493 77
1756356668552 0.0037514594820119355 78
1756356669024 0.003671073837209259 79
1756356669494 0.0035907070590767017 80
1756356670122 0.0035103968720984167 81
1756356670595 0.003430180974194443 82
1756356671228 0.0033500970190251562 83
1756356671702 0.0032701825983164866 84
1756356672174 0.003190475224214218 85
1756356672800 0.003111012311675638 86
1756356673274 0.003031831160906805 87
1756356673747 0.002952968939853689 88
1756356674379 0.002874462666755384 89
1756356674849 0.0027963491927676066 90
1756356675319 0.0027186651846646125 91
1756356675944 0.0026414471076276684 92
1756356676417 0.0025647312081281547 93
1756356676889 0.0024885534969133222 94
1756356677516 0.002412949732102712 95
1756356677988 0.0023379554024031443 96
1756356678458 0.0022636057104501867 97
1756356679093 0.002189935556283891 98
1756356679564 0.0021169795209665812 99
1756356680194 0.0020447718503503612 100
1756356680662 0.001973346439001979 101
1756356681131 0.0019027368142925836 102
1756356681602 0.0018329761206598413 103
1756356682229 0.0017640971040498083 104
1756356682702 0.0016961320965458496 105
1756356683340 0.001629113001191837 106
1756356683812 0.001563071277016727 107
1756356684282 0.0014980379242675733 108
1756356684916 0.0014340434698578838 109
1756356685391 0.0013711179530381732 110
1756356685862 0.0013092909112954107 111
1756356686493 0.0012485913664880145 112
1756356686966 0.0011890478112228692 113
1756356687438 0.0011306881954807914 114
1756356688066 0.001073539913496691 115
1756356688536 0.0010176297909006108 116
1756356689007 0.0009629840721256712 117
1756356689637 0.0009096284080888286 118
1756356690109 0.0008575878441502309 119
1756356690580 0.0008068868083568314 120
1756356691210 0.0007575490999757586 121
1756356691684 0.000709597878322856 122
1756356692156 0.0006630556518915984 123
1756356692789 0.0006179442677875213 124
1756356693263 0.0005742849014730998 125
1756356693893 0.0005320980468279075 126
1756356694363 0.0004914035065287006 127
1756356694837 0.0004522203827539711 128
1756356695315 0.0004145670682173012 129
1756356695947 0.0003784612375337574 130
1756356696423 0.00034391983892335004 131
1756356697056 0.00031095908625547496 132
1756356697529 0.0002795944514380602 133
1756356698003 0.00024984065715498796 134
1756356698637 0.0002217116699552087 135
1756356699112 0.00019522069369679168 136
1756356699586 0.0001703801633489756 137
1756356700248 0.0001472017391551512 138
1756356700722 0.0001256963011594911 139
1756356701196 0.00010587394409981644 140
1756356701834 8.774397266908882e-05 141
1756356702307 7.131489714774702e-05 142
1756356702779 5.6594429408949574e-05 143
1756356703413 4.358947929859129e-05 144
1756356703886 3.230615139179207e-05 145
1756356722391 0.0013316401736807443 1
1756356722878 0.0026632803473614886 2
1756356723661 0.0039949205210422336 3
1756356724134 0.005326560694722977 4
1756356724812 0.006658200868403722 5
1756356725283 0.006658200868403722 6
1756356725758 0.00665741963928614 7
1756356726432 0.006655076318645438 8
1756356726903 0.006651172006445613 9
1756356727377 0.0066457085353862815 10
1756356728031 0.006638688470042413 11
1756356728504 0.0066301151056605 12
1756356728979 0.00661999246661176 13
1756356729625 0.006608325304503079 14
1756356730097 0.006595119095946587 15
1756356730569 0.006580380039988918 16
1756356731219 0.00656411505520135 17
1756356731690 0.0065463317764322005 18
1756356732163 0.006527038551222999 19
1756356732808 0.0065062444358901204 20
1756356733282 0.006483959191273708 21
1756356733755 0.0064601932781559014 22
1756356734401 0.006434957852350503 23
1756356734875 0.006408264759466398 24
1756356735358 0.0063801265293471675 25
1756356736008 0.006350556370189545 26
1756356736487 0.006319568162343425 27
1756356737139 0.006287176451796378 28
1756356737613 0.006253396443345704 29
1756356738087 0.006218243993461243 30
1756356738740 0.0061817356028422785 31
1756356739213 0.006143888408672053 32
1756356739689 0.006104720176573497 33
1756356740338 0.006064249292269985 34
1756356740815 0.006022494752954995 35
1756356741288 0.005979476158374757 36
1756356741935 0.005935213701628051 37
1756356742407 0.005889728159687487 38
1756356742879 0.005843040883646711 39
1756356743522 0.005795173788698122 40
1756356743996 0.005746149343845788 41
1756356744471 0.0056959905613584065 42
1756356745109 0.005644720985967258 43
1756356745584 0.005592364683814215 44
1756356746058 0.005538946231154997 45
1756356746701 0.005484490702822982 46
1756356747183 0.005429023660458978 47
1756356747659 0.005372571140512487 48
1756356748296 0.005315159642020097 49
1756356748769 0.005256816114166722 50
1756356749408 0.005197567943635555 51
1756356749883 0.005137442941752645 52
1756356750357 0.005076469331432154 53
1756356750995 0.005014675733928406 54
1756356751471 0.004952091155400959 55
1756356751947 0.004888744973298999 56
1756356752594 0.004824666922571448 57
1756356753068 0.00475988708170926 58
1756356753543 0.00469443585862646 59
1756356754182 0.00462834397638655 60
1756356754657 0.004561642458780976 61
1756356755132 0.004494362615766443 62
1756356755773 0.004426536028767894 63
1756356756247 0.004358194535854065 64
1756356756891 0.00428937021679257 65
1756356757369 0.004220095377991529 66
1756356757843 0.004150402537334812 67
1756356758485 0.00408032440891802 68
1756356758961 0.004009893887692353 69
1756356759437 0.003939144034023594 70
1756356760075 0.003868108058173438 71
1756356760552 0.0037968193047104664 72
1756356761027 0.0037253112368580746 73
1756356761669 0.003653617420786703 74
1756356762145 0.0035817715098577373 75
1756356762622 0.0035098072288264966 76
1756356763263 0.003437758358011695 77
1756356763737 0.0033656587174388224 78
1756356764215 0.0032935421509649 79
1756356764855 0.003221442510392028 80
1756356765330 0.0031493936395772253 81
1756356765976 0.003077429358545985 82
1756356766450 0.0030055834476170203 83
1756356766925 0.0029338896315456477 84
1756356767569 0.002862381563693256 85
1756356768046 0.0027910928102302846 86
1756357079495 0.001354919969176709 1
1756357079985 0.002709839938353418 2
1756357080472 0.004064759907530127 3
1756357081225 0.005419679876706836 4
1756357081718 0.006774599845883545 5
1756357082208 0.006774599845883545 6
1756357082875 0.006773804957230633 7
1756357083361 0.006771420664395779 8
1756357084020 0.006767448086575492 9
1756357084506 0.006761889088513541 10
1756357084992 0.006754746279625648 11
1756357085655 0.006746023012774613 12
1756357086143 0.006735723382696466 13
1756357086629 0.006723852224078382 14
1756357087293 0.006710415109289263 15
1756357087783 0.006695418345764045 16
1756357088461 0.006678868973042956 17
1756357088949 0.006660774759467139 18
1756357089439 0.006641144198532152 19
1756357090108 0.006619986504901098 20
1756357090595 0.0065973116100792135 21
1756357091083 0.00657313015775199 22
1756357091738 0.006547453498788981 23
1756357092225 0.0065202936859156645 24
1756357092874 0.006491663468055834 25
1756357093361 0.006461576284347217 26
1756357093849 0.006430046257833083 27
1756357094499 0.006397088188832832 28
1756357094984 0.0063627175479946665 29
1756357095468 0.006326950469033608 30
1756357096119 0.006289803741158268 31
1756357096608 0.006251294801189924 32
1756357097258 0.0062114417253776085 33
1756357097747 0.006170263220913048 34
1756357098234 0.006127778617149428 35
1756357098884 0.006084007856528126 36
1756357099371 0.00603897148521764 37
1756357099859 0.005992690643469145 38
1756357100507 0.00594518705569317 39
1756357100995 0.005896483020262074 40
1756357101648 0.005846601399043106 41
1756357102135 0.005795565606666948 42
1756357102624 0.005743399599536797 43
1756357103269 0.005690127864583136 44
1756357103755 0.005635775407769469 45
1756357104247 0.005580367742354426 46
1756357104902 0.005523930876915736 47
1756357105392 0.0054664913031416944 48
1756357106041 0.005408075983395868 49
1756357106529 0.005348712338060846 50
1756357107021 0.0052884282326670085 51
1756357107671 0.0052272519648123355 52
1756357108159 0.005165212250879403 53
1756357108648 0.005102338212555793 54
1756357109296 0.0050386593631642695 55
1756357126110 0.0017751818819279476 1
1756357126606 0.003550363763855895 2
1756357127354 0.005325545645783842 3
1756357127843 0.00710072752771179 4
1756357128328 0.008875909409639738 5
1756357128994 0.008875909409639738 6
1756357129482 0.00887486793022763 7
1756357130144 0.008871743980865869 8
1756357130630 0.008866539027948666 9
1756357131120 0.008859255514701547 10
1756357131779 0.008849896860034496 11
1756357132267 0.008838467456937102 12
1756357132756 0.008824972670416473 13
1756357133409 0.008809418834978884 14
1756357133899 0.008791813251656327 15
1756357134550 0.008772164184579389 16
1756357135040 0.008750480857098022 17
1756357135532 0.008726773447452079 18
1756357136182 0.008701053083993602 19
1756357136673 0.008673331839963128 20
1756357137326 0.008643622727822466 21
1756357137816 0.00861193969314659 22
1756357138305 0.00857829760807754 23
1756357138957 0.008542712264343374 24
1756357139447 0.008505200365845463 25
1756357139937 0.008465779520817625 26
1756357140585 0.008424468233560741 27
1756357141071 0.008381285895756768 28
1756357141726 0.008336252777366205 29
1756357142213 0.008289390017113289 30
1756357142701 0.008240719612563405 31
1756357143353 0.00819026440979733 32
1756357143844 0.008138048092687197 33
1756357144494 0.008084095171779193 34
1756357144986 0.008028430972788209 35
1756357145473 0.007971081624709851 36
1756357146121 0.007912074047555383 37
1756357146609 0.007851435939715374 38
1756357147254 0.00778919576495795 39
1756357147742 0.007725382739067805 40
1756357148232 0.007660026816132182 41
1756357148877 0.007593158674480318 42
1756357149368 0.007524809702282902 43
1756357150014 0.0074550119828183554 44
1756357150504 0.007383798279412803 45
1756357150994 0.007311202020060847 46
1756357151641 0.007237257281734328 47
1756357152133 0.007161998774386461 48
1756357152623 0.007085461824658849 49
1756357153271 0.007007682359299011 50
1756357153761 0.00692869688829623 51
1756357154406 0.006848542487743615 52
1756357154897 0.006767256782434442 53
1756357155387 0.006684877928200919 54
1756357156036 0.006601444594003697 55
1756357156527 0.006516995943780492 56
1756357157172 0.006431571618062396 57
1756357157660 0.006345211715366437 58
1756357158151 0.006257956773373189 59
1756357158797 0.006169847749898217 60
1756357159287 0.006080926003666321 61
1756357159931 0.00599123327489758 62
1756357160424 0.005900811665714333 63
1756357160915 0.005809703620378275 64
1756357161565 0.005717951905366952 65
1756357162056 0.005625599589299005 66
1756357162714 0.005532690022717588 67
1756357163205 0.005439266817741462 68
1756357163693 0.00534537382759328 69
1756357164343 0.005251055126014719 70
1756357164835 0.0051563549865780885 71
1756357165487 0.0050613178619041375 72
1756357165976 0.004965988362795826 73
1756357166468 0.004870411237297829 74
1756357167150 0.004774631349691627 75
1756357167641 0.004678693659436043 76
1756357168307 0.00458264320006309 77
1756357168800 0.004486525058039045 78
