1756349470975 1.7159433287122976 1
1756349470995 1.3487504331961921 2
1756349471013 0.830567787522855 3
1756349471031 0.8611785756505054 4
1756349471049 0.8501354546650596 5
1756349471068 0.7923170729823734 6
1756349471086 0.5956392560316168 7
1756349471105 0.48285430669784546 8
1756349471123 0.4910097342470418 9
1756349471141 0.44813383791757666 10
1756349471159 0.41403768891873566 11
1756349471178 0.47541292983552685 12
1756349471197 0.3886684457892957 13
1756349471215 0.4212023965690447 14
1756349471234 0.4670073344655659 15
1756349471252 0.40817776451940124 16
1756349471271 0.3484724183445391 17
1756349471289 0.28718514222165814 18
1756349471308 0.268675917516584 19
1756349471326 0.3062828364579574 20
1756349471345 0.3121844795734986 21
1756349471363 0.350541801556297 22
1756349471382 0.26119098650372546 23
1756349471401 0.2831249787755635 24
1756349471419 0.2719281568475392 25
1756349471438 0.23814703264962073 26
1756349471457 0.23066734166248984 27
1756349471476 0.233835448389468 28
1756349471495 0.2109261252309965 29
1756349471513 0.20363106546194656 30
1756349471532 0.19847520991511966 31
1756349471551 0.1974640015674674 32
1756349471570 0.21589008168033932 33
1756349471589 0.19189861935117972 34
1756349471608 0.21943995000227637 35
1756349471627 0.2014038251793903 36
1756349471646 0.19587370073017868 37
1756349471666 0.15820925585601642 38
1756349471685 0.17987203403659488 39
1756349471704 0.16669542115667593 40
1756349471723 0.1895643615204355 41
1756349471742 0.17904195124688355 42
1756349471761 0.15502903578074081 43
1756349471781 0.18989740603643915 44
1756349471800 0.1734348156529924 45
1756349471820 0.1737707325297853 46
1756349471839 0.12957399532846783 47
1756349471858 0.13182091178453487 48
1756349471878 0.16831889197878216 49
1756349471897 0.1454823619645575 50
1756349471917 0.16720848238986472 51
1756349471936 0.13807086225437082 52
1756349471956 0.15994586406842523 53
1756349471975 0.13512383822513663 54
1756349471995 0.11818418522243915 55
1756349472015 0.1333640833263812 56
1756349472035 0.11713541201923204 57
1756349472055 0.1648549664279689 58
1756349472074 0.12407952935799309 59
1756349472094 0.12674230110386145 60
1756349472114 0.1173472809402839 61
1756349472134 0.12587411539710086 62
1756349472154 0.10367423004430273 63
1756349472174 0.1182010049081367 64
1756349472194 0.11892452479704567 65
1756349472214 0.09652587965778682 66
1756349472234 0.0983667904916017 67
1756349472254 0.08645171623515047 68
1756349472274 0.0901142891658389 69
1756349472294 0.09213096680848495 70
1756349472314 0.08910284839246584 71
1756349472334 0.07527580549535544 72
1756349472354 0.08185654554678046 73
1756349472374 0.07415011670926343 74
1756349472394 0.08417376308985379 75
1756349472414 0.07312245424027028 76
1756349472434 0.07321683884314868 77
1756349472455 0.07360037481007368 78
1756349472475 0.07353200552904088 79
1756349472495 0.07185649256343427 80
1756349472516 0.08247855451443921 81
1756349472536 0.07348318122651266 82
1756349472556 0.07186437236226123 83
1756349472577 0.0695810258064581 84
1756349472597 0.06593318996222122 85
1756349472618 0.06987101552279099 86
1756349472638 0.06485012805332309 87
1756349472659 0.06192734643169071 88
1756349472679 0.06802322245810342 89
1756349472700 0.06737085707161737 90
1756349472721 0.06829582349113796 91
1756349472741 0.07113957534665646 92
1756349472762 0.072814147433509 93
1756349472783 0.05703992445183837 94
1756349472804 0.07052943628767262 95
1756349472825 0.05994573640434638 96
1756349472846 0.056269157353950584 97
1756349556562 1.4061557598735974 1
1756349556594 1.3523931114569954 2
1756349556625 1.2616950118023416 3
1756349556656 0.9101189452668895 4
1756349556687 1.0534323635308638 5
1756349556718 0.8727358527805494 6
1756349556749 0.5557936637297921 7
1756349556781 0.6020647844542628 8
1756349556812 0.4071088465659515 9
1756349556843 0.3933128351750581 10
1756349556874 0.37143861729165784 11
1756349556906 0.3624052638592927 12
1756349556937 0.35020302365655487 13
1756349556968 0.3664096917795098 14
1756349556999 0.32206232716207916 15
1756349557031 0.2983146413512852 16
1756349557062 0.2884519987780115 17
1756349557094 0.26654445477153943 18
1756349557125 0.2986942374187967 19
1756349557157 0.2782197633515234 20
1756349557188 0.26609303316344385 21
1756349557219 0.28563781536143756 22
1756349557251 0.24158992132414941 23
1756349557282 0.23664382618406546 24
1756349557314 0.2492716908454895 25
1756349557345 0.22476057773051056 26
1756349557377 0.19892011291306952 27
1756349557408 0.20596375996651856 28
1756349557440 0.16844992015672766 29
1756349557471 0.17048368667778763 30
1756349557503 0.14525884454664978 31
1756349557535 0.1654104606612869 32
1756349557566 0.17356366210657617 33
1756349557598 0.1612875561999238 34
1756349557630 0.15458703980497693 35
1756349557661 0.1675850140011829 36
1756349557693 0.182465140586314 37
1756349557725 0.20261889372182929 38
1756349557757 0.22455441498238107 39
1756349557789 0.22760885435601938 40
1756349557821 0.1775248646736145 41
1756349557852 0.17395381370316382 42
1756349557884 0.15466355661983075 43
1756349557916 0.15418705570956934 44
1756349557948 0.14391128654065338 45
1756349557980 0.12389725122762762 46
1756349558013 0.12842843066091122 47
1756349558045 0.1372564457680868 48
1756349558077 0.11836055293679237 49
1756349558109 0.11120186292606851 50
1756349558142 0.10111264690108922 51
1756349558174 0.10709872841835022 52
1756349558206 0.11604707234579584 53
1756349558239 0.09892354176744171 54
1756349558271 0.0981524458721928 55
1756349558303 0.08774129123143527 56
1756349558336 0.09306129213908444 57
1756349558368 0.09468073770403862 58
1756349558401 0.0981470056526039 59
1756349558434 0.13526194769403208 60
1756349558466 0.12477084929528444 61
1756349558499 0.0820586652211521 62
1756349558531 0.08674463872676311 63
1756349558564 0.08848823606967926 64
1756349558597 0.0967871724911358 65
1756349558629 0.08109346712413042 66
1756349558662 0.08271478780585786 67
1756349558695 0.07551545892720637 68
1756349558727 0.0704375043835329 69
1756349558760 0.07463870537669762 70
1756349558793 0.06595522861765779 71
1756349558826 0.0676518584723058 72
1756349558859 0.07116241817889006 73
1756349558892 0.09687126184935155 74
1756349558925 0.0636533834040165 75
1756349558957 0.07134863005384155 76
1756349558990 0.0685481971696667 77
1756349559024 0.06558566378510516 78
1756349559057 0.06974501033192096 79
1756349559090 0.06568901208431824 80
1756349559124 0.05652549101606659 81
1756349559157 0.055818977563277535 82
1756349559190 0.05517427688059599 83
1756349559223 0.05494380499357763 84
1756349559257 0.0643896629790897 85
1756349559290 0.055019404739141464 86
1756349559323 0.05885927541100461 87
1756349559356 0.048375540615423866 88
1756349559389 0.049699166303743485 89
1756349559423 0.05401794393749341 90
1756349559456 0.05382408120709917 91
1756349660523 1.5985050253246142 1
1756349660569 1.2240549170452615 2
1756349660613 1.2220608151477317 3
1756349660657 1.2731956424920454 4
1756349660701 0.9333797434101934 5
1756349660744 0.9507400069547736 6
1756349660788 0.5966504656750223 7
1756349660832 0.5606617486995199 8
1756349660875 0.5011580171792404 9
1756349660919 0.4325957414896592 10
1756349660963 0.3778870293627615 11
1756349661006 0.3688823658487071 12
1756349661050 0.3568974312232888 13
1756349661094 0.31940596323946246 14
1756349661138 0.42115308797877765 15
1756349661182 0.37638774384622986 16
1756349661226 0.38878564730934473 17
1756349661270 0.36912006722844165 18
1756349661314 0.467628683085027 19
1756349661358 0.4041581432456556 20
1756349661402 0.30182688456514606 21
1756349661446 0.300522708374521 22
1756349661491 0.23271275732828223 23
1756349661535 0.25452553707620373 24
1756349661579 0.2693159573751947 25
1756349661623 0.23097133960412897 26
1756349661667 0.23799446549104608 27
1756349661711 0.21883251032103662 28
1756349661755 0.2771708608969398 29
1756349661799 0.3127835671538892 30
1756349661844 0.22918346783389215 31
1756349661888 0.22145038324853647 32
1756349661933 0.23239484234996463 33
1756349661977 0.23604365405829056 34
1756349662021 0.18528192781883737 35
1756349662066 0.20197134950886603 36
1756349662110 0.18961437694404437 37
1756349662155 0.20809736005637958 38
1756349662199 0.18412115360083786 39
1756349662244 0.17650467675665152 40
1756349662289 0.20951544720193613 41
1756349662333 0.18629175035849863 42
1756349662378 0.15916398945062057 43
1756349662423 0.1861588096489077 44
1756349662467 0.1628497991224994 45
1756349662512 0.17910259022660877 46
1756349662557 0.15795648162779602 47
1756349662601 0.14368313550949097 48
1756349662646 0.14844926122737967 49
1756349662691 0.15423473683388336 50
1756349662736 0.13430152023616043 51
1756349662780 0.15345414922289227 52
1756349662825 0.13781996492458426 53
1756349662870 0.11766187538919241 54
1756349662915 0.12838361703831216 55
1756349662960 0.13525877471851266 56
1756349663005 0.1451648253461589 57
1756349663050 0.1463693454861641 58
1756349663096 0.14153466049743735 59
1756349663141 0.13647161683310632 60
1756349663186 0.12855102899281876 61
1756349663231 0.13976409221472946 62
1756349663277 0.11846119586540305 63
1756349663322 0.0893455337247123 64
1756349663367 0.10441168462452681 65
1756349663412 0.09264832654077074 66
1756349663457 0.10215001342737157 67
1756349663503 0.09499837069407753 68
1756349663549 0.09697591902121254 69
1756349663594 0.09961707728064578 70
1756349663640 0.0944644084767155 71
1756349663685 0.09304282069206238 72
1756349663730 0.09546688199043274 73
1756349663776 0.08444398026103558 74
1756349663821 0.08615478387345439 75
1756349663867 0.09154604747891426 76
1756349663912 0.09084200049224107 77
1756349663958 0.09072109441394391 78
1756349664003 0.08664118077443994 79
1756349664049 0.07448636011584946 80
1756349664095 0.08162459164209988 81
1756349664141 0.09298179752152899 82
1756349664186 0.08302550795285599 83
1756349664232 0.07189794694599898 84
1756349664278 0.07828724886412206 85
1756349664324 0.0923677791395913 86
1756349664370 0.09085872186266858 87
1756349664416 0.07874220220938973 88
1756349664462 0.0852696495535581 89
1756349664508 0.08017172923554546 90
1756349664554 0.0791620223418526 91
1756349664600 0.07258575199090916 92
1756349664646 0.07745808784080588 93
1756349664692 0.06913729319753854 94
1756349664739 0.0714168767242328 95
1756349664785 0.08070712326013524 96
1756349664831 0.08170336177167685 97
1756349664877 0.09086070290726164 98
1756349664923 0.07226091752881589 99
1756349664969 0.06366336637217065 100
1756349665015 0.061738641851622124 101
1756349665062 0.0541375750756782 102
1756349665108 0.06915115921393684 103
1756349818914 1.6788007850232332 1
1756349818978 1.614185939664426 2
1756349819040 1.399843384390292 3
1756349819102 1.5901614479396655 4
1756349819164 1.082345337971397 5
1756349819227 0.9025244298188583 6
1756349819289 0.6972894279853158 7
1756349819351 0.6433715003988018 8
1756349819414 0.6844141146411067 9
1756349819476 0.624934953192006 10
1756349819539 0.5390673888766248 11
1756349819602 0.5791339900182642 12
1756349819664 0.5022770684698353 13
1756349819727 0.41600168269613513 14
1756349819790 0.45042338837747986 15
1756349819853 0.3927743719971698 16
1756349819915 0.49448862153550854 17
1756349819978 0.44267860314120416 18
1756349820040 0.3984779722016791 19
1756349820103 0.36728683761928393 20
1756349820165 0.33836988651234173 21
1756349820228 0.3978645853374315 22
1756349820291 0.2950404403002366 23
1756349820354 0.32115451797195105 24
1756349820416 0.30399029086465423 25
1756349820480 0.2677226254473562 26
1756349820543 0.3205450047617373 27
1756349820605 0.3493139555920725 28
1756349820668 0.33735721914664557 29
1756349820732 0.3255601246719775 30
1756349820795 0.26607592339101044 31
1756349820858 0.27708466934121173 32
1756349820921 0.3006947960542596 33
1756349820984 0.3004890421162481 34
1756349821047 0.29839364018129266 35
1756349821110 0.29365498345831165 36
1756349821173 0.2936506478682808 37
1756349821237 0.2748374064331469 38
1756349821300 0.23568554805672687 39
1756349821365 0.24357991957146188 40
1756349821429 0.20101081936255746 41
1756349821492 0.2015166839827662 42
1756349821556 0.20952603026576663 43
1756349821619 0.18200934289590173 44
1756349821682 0.19191969639581183 45
1756349821746 0.1743305568461833 46
1756349821809 0.21012767566287 47
1756349821873 0.20151139990143155 48
1756349821936 0.219857900686886 49
1756349822000 0.19477424900168958 50
1756349822063 0.1741259849589804 51
1756349822127 0.18669179341067438 52
1756349822190 0.17009845214045566 53
1756349822254 0.16755265904509503 54
1756349822318 0.16291289841351303 55
1756349822381 0.14746042081843252 56
1756349822447 0.15926542521818823 57
1756349822511 0.18407229981992557 58
1756349822576 0.16792958974838257 59
1756349822639 0.19265538194905157 60
1756349822703 0.1931732604685037 61
1756349822768 0.16471351100050885 62
1756349822833 0.15506878689579343 63
1756349822897 0.15539032901110855 64
1756349822961 0.15852686082539352 65
1756349823025 0.17543261530606644 66
1756349823089 0.14589534019646438 67
1756349823153 0.14291607944861703 68
1756349823217 0.12997434255869492 69
1756349823281 0.17213386038075323 70
1756349823346 0.12088403413477151 71
1756349823410 0.1418440868349179 72
1756349823474 0.13661887755860452 73
1756349823538 0.11720283021745474 74
1756349823602 0.13760035290666248 75
1756349823667 0.11098819064057391 76
1756349823731 0.11941581867311311 77
1756349823796 0.11172726296860239 78
1756349823860 0.11509872519451639 79
1756349823924 0.10535726080770078 80
1756349823989 0.10747775467841522 81
1756349824053 0.10045679691045181 82
1756349824118 0.09909554376550343 83
1756349824182 0.098585262408723 84
1756349824247 0.1071716031950453 85
1756349824312 0.10330431730203006 86
1756349824377 0.08694999924172526 87
1756349824441 0.07893955545580905 88
1756349824506 0.09003765362760295 89
1756349824571 0.08601068980667902 90
1756349824635 0.0994484102272469 91
1756349824700 0.10905824747422467 92
1756349824765 0.1017600296308165 93
1756349824829 0.086643829293873 94
1756349824894 0.08551286792625552 95
1756349824959 0.07946000555935114 96
1756349825024 0.08958505531368048 97
1756349825090 0.08664375009096187 98
1756349825154 0.07162087928989659 99
1756349825219 0.0775769469530686 100
1756349825284 0.07798900196085805 101
1756349825349 0.08174489487124525 102
1756349825664 0.0824167637721352 103
1756349825729 0.07906023364352144 104
1756349926029 1.5192730996919714 1
1756349926107 1.9296543598175049 2
1756349926183 1.5577943350957788 3
1756349926258 1.017927278643069 4
1756349926334 0.7516637522241344 5
1756349926410 0.6796923448210177 6
1756349926486 0.607792634031047 7
1756349926563 0.5567756943080736 8
1756349926638 0.5202263451140859 9
1756349926714 0.5726686534674271 10
1756349926790 0.42598553196243616 11
1756349926865 0.41067592346149945 12
1756349926941 0.376318097114563 13
1756349927017 0.3815896828537402 14
1756349927092 0.4509330132733221 15
1756349927168 0.3627826215132423 16
1756349927244 0.35394053485082544 17
1756349927320 0.3005587575228318 18
1756349927396 0.323072682256284 19
1756349927473 0.25385882802631543 20
1756349927549 0.25327895192996314 21
1756349927625 0.24690192289974378 22
1756349927701 0.2799053600300913 23
1756349927777 0.30164066086644714 24
1756349927853 0.2763870941556018 25
1756349927930 0.2611918371656667 26
1756349928006 0.23097325278365094 27
1756349928082 0.2246261141870333 28
1756349928158 0.27937076337959454 29
1756349928235 0.279270738363266 30
1756349928311 0.2572559098834577 31
1756349928388 0.20183730902879135 32
1756349928464 0.19267923806024634 33
1756349928540 0.2244390553754309 34
1756349928617 0.1758832043927649 35
1756349928693 0.2059327153408009 36
1756349928770 0.20190062471058057 37
1756349928846 0.15917966644401135 38
1756349928922 0.14628386497497559 39
1756349928998 0.17535548981117166 40
1756349929075 0.17874403459870297 41
1756349929151 0.17468119250691455 42
1756349929228 0.15615130280670914 43
1756349929305 0.16064943664747736 44
1756349929381 0.18385656534329706 45
1756349929458 0.16971379972022513 46
1756349929535 0.15213492901428885 47
1756349929611 0.12112105767364087 48
1756349929688 0.14070312192906503 49
1756349929764 0.13753422706023508 50
1756349929841 0.15436343492373175 51
1756349929918 0.15541291593209558 52
1756349929995 0.14622813592786374 53
1756349930072 0.11536643038625302 54
1756349930149 0.12226473734430644 55
1756349930226 0.10827081035012784 56
1756349930303 0.12145420811746431 57
1756349930380 0.12216350889724234 58
1756350138433 1.6646609099014946 1
1756350138535 1.351846684580264 2
1756350138632 1.4399861097335815 3
1756350138730 0.9956636027149532 4
1756350138828 0.6647291429664778 5
1756350138926 0.5817569753398066 6
1756350139024 0.5173303173935931 7
1756350139122 0.43089831264122674 8
1756350139219 0.3295365435921628 9
1756350139317 0.37944428169209027 10
1756350139414 0.343493754449098 11
1756350139512 0.3049798614304999 12
1756350139610 0.28082622717256134 13
1756350139708 0.29943848044975946 14
1756350139806 0.3299549060023349 15
1756350139904 0.25752865361130756 16
1756350140003 0.2068918023420417 17
1756350140101 0.19991587685502094 18
1756350140199 0.2468994195046632 19
1756350140298 0.23936330494673355 20
1756350140396 0.19171413682077243 21
1756350140495 0.18751704530871433 22
1756350140594 0.1746870175651882 23
1756350140695 0.1654107360088307 24
1756350140799 0.16024076582297034 25
1756350140898 0.17235106229782104 26
1756350140997 0.19107729164154633 27
1756350141096 0.1456805807740792 28
1756350141195 0.13944206775530524 29
1756350141294 0.14929258434668832 30
1756350141393 0.1565040696574294 31
1756350141492 0.13499636850927188 32
1756350141591 0.14371565502622854 33
1756350141690 0.1291272701776546 34
1756350141789 0.13016556980817215 35
1756350141889 0.11291457064773726 36
1756350141988 0.11960358010685962 37
1756350142087 0.1162559840342273 38
1756350142186 0.17756652443305307 39
1756350142285 0.20472492504379022 40
1756350142384 0.1820762708135273 41
1756350142484 0.1888220886821332 42
1756350142583 0.2103833977295005 43
1756350142683 0.1433337013358655 44
1756350142782 0.18485490556644357 45
1756350142881 0.14841556257527808 46
1756350142983 0.1354391283315161 47
1756350143082 0.09552353134621745 48
1756350143181 0.0944448720825755 49
1756350143280 0.07910612225532532 50
1756350143380 0.1092607693179794 51
1756350143479 0.09844170316405919 52
1756350143579 0.08635807085944258 53
1756350143678 0.10033556948537412 54
1756350143778 0.0904895627628202 55
1756350143876 0.07917136294038399 56
1756350143975 0.10166200865869937 57
1756350144075 0.08439450711011887 58
1756350144174 0.08227809032668239 59
1756350144275 0.07754408600537674 60
1756350144644 0.07002103587855464 61
1756350144744 0.06720264547544977 62
1756350144843 0.06285835656782855 63
1756350144943 0.08732231673987015 64
1756350145043 0.07612984125380931 65
1756350145142 0.06125917480043743 66
1756350145243 0.0651361678281556 67
1756350145343 0.06991515600163004 68
1756350145443 0.07015364406549413 69
1756350145565 0.06853698517965234 70
1756350145665 0.07031788887537044 71
1756350145766 0.05753331453255985 72
1756350145866 0.06026274338364601 73
1756350145966 0.06068741335817005 74
1756350146066 0.053360068279763924 75
1756350146166 0.049744095572310944 76
1756350146267 0.05685766284232554 77
1756350146378 0.061724473600802215 78
1756350146479 0.05122484040001164 79
1756350146580 0.04975929993974126 80
1756350146681 0.04430794991228892 81
1756350146782 0.046435078039117485 82
1756350146883 0.049606414349830666 83
1756350146983 0.04695637224485045 84
1756350147084 0.04952167347073555 85
1756350147185 0.04672609366800474 86
1756350147285 0.05019980069735776 87
1756350147385 0.045503627832816994 88
1756350147485 0.04047728386586127 89
1756350147586 0.03689416619422643 90
1756350147687 0.04042075558201126 91
1756350147789 0.039480485669944596 92
1756350147889 0.045344558261010956 93
1756350147990 0.04290402680635452 94
1756350148090 0.03890419273596743 95
1756350148191 0.04880883091169855 96
1756350275189 1.9746123733727827 1
1756350275304 1.246286127878272 2
1756350275416 1.085518997648488 3
1756350275779 1.174913069476252 4
1756350275891 0.9516419405522554 5
1756350276004 0.7716617415780607 6
1756350276117 0.5705347644246143 7
1756350276229 0.5453610303609268 8
1756350276342 0.5005870085695515 9
1756350276455 0.4254344688809436 10
1756350276568 0.3798559437627378 11
1756350276680 0.2965953661047894 12
1756350276794 0.3821815206952717 13
1756350276907 0.3528923735670421 14
1756350277019 0.291173464578131 15
1756350277132 0.25158932092397107 16
1756350277245 0.23397323618764462 17
1756350277358 0.23678783424522565 18
1756350277471 0.23243552899878958 19
1756350277584 0.25499321066814923 20
1756350277697 0.2041636080197666 21
1756350277811 0.17101957908143167 22
1756350277924 0.16049269036106442 23
1756350278037 0.19359534233808517 24
1756350278151 0.20381109060152716 25
1756350278264 0.16180790831213412 26
1756350278377 0.14860940854186597 27
1756350278491 0.11660853417023369 28
1756350278604 0.11684414744377136 29
1756350278717 0.10684084050033403 30
1756350278830 0.12662349479353946 31
1756350278943 0.11732297876606816 32
1756350279057 0.15802817467762076 33
1756350279170 0.12576451541289038 34
1756350279284 0.12288303608479707 35
1756350279397 0.09913700041563614 36
1756350279511 0.1325194262292074 37
1756350279625 0.10326978499474733 38
1756350279738 0.08497933055395665 39
1756350279852 0.08826795382344205 40
1756350279966 0.12572086893993875 41
1756350280080 0.10173909900629002 42
1756350280194 0.09121839864098508 43
1756350280309 0.10668379521888235 44
1756350280423 0.10462474110333816 45
1756350280537 0.07378025417742522 46
1756350280651 0.07101209170144537 47
1756350280765 0.0692947014518406 48
1756350280878 0.06466675727911618 49
1756350280992 0.06333428054400113 50
1756350281107 0.07553687124796536 51
1756350281220 0.05687660124638806 52
1756350281334 0.05825153398125068 53
1756350281448 0.06284741296068481 54
1756350281562 0.0717504878083001 55
1756350281676 0.06405996612232664 56
1756350281790 0.0548208085415156 57
1756350281904 0.05800940339332041 58
1756350282018 0.05731523409485817 59
1756350282132 0.057595727722282 60
1756350282246 0.04874388274291287 61
1756350282360 0.04000399245516113 62
1756350282474 0.04821014631053676 63
1756350397246 1.4509645804114963 1
1756350397371 1.7340091518733813 2
1756350397494 1.5684013599934785 3
1756350397617 1.4486353552859763 4
1756350397740 0.9912181302257206 5
1756350397864 0.7553300274455029 6
1756350397988 0.6352960039740023 7
1756350398362 0.506805111532626 8
1756350398487 0.4953781171985295 9
1756350398611 0.39416279611380206 10
1756350398735 0.35013320264608966 11
1756350398859 0.3768580646618553 12
1756350398983 0.33984025988889777 13
1756350399106 0.30911922195683356 14
1756350399230 0.3548971615407778 15
1756350399354 0.3626931763213614 16
1756350399477 0.4953116217385168 17
1756350399600 0.5159837409206058 18
1756350399723 0.427793118616809 19
1756350399847 0.34906152409055957 20
1756350399971 0.33046775473200757 21
1756350400096 0.2429174664227859 22
1756350400219 0.25037624395411945 23
1756350400343 0.23545951817346655 24
1756350400468 0.20942407392937204 25
1756350400592 0.21390302090541177 26
1756350400717 0.21282595590404843 27
1756350400840 0.172804426887761 28
1756350400964 0.17152850686208063 29
1756350401087 0.1781324455919473 30
1756350401211 0.18930527146743692 31
1756350401335 0.15792333237502887 32
1756350401459 0.1390325132271518 33
1756350401583 0.1478143088195635 34
1756350401707 0.16100387501975763 35
1756350401831 0.16102667120487793 36
1756350401954 0.15559953872276389 37
1756350402078 0.1852667814363604 38
1756350402202 0.1467413403417753 39
1756350402326 0.11920744504617609 40
1756350402451 0.16821304838294568 41
1756350402574 0.19377960815377857 42
1756350402698 0.1682110445007034 43
1756350402822 0.1813809654634932 44
1756350402946 0.14113742955352948 45
1756350403070 0.13435918675816577 46
1756350403366 0.12261576885762422 47
1756350403491 0.11736370817474696 48
1756350403616 0.14542286098003387 49
1756350403740 0.10951412533936293 50
1756350403864 0.09849249004669812 51
1756350403988 0.10423598357516786 52
1756350404111 0.08307434780442197 53
1756350404236 0.08650069602805635 54
1756350404361 0.08653066663638405 55
1756350404485 0.07835968195096306 56
1756350404610 0.10210294729989508 57
1756350404735 0.10487409891641658 58
1756350404860 0.14335090148708093 59
1756350404985 0.13461443198763806 60
1756350405109 0.09647348166807838 61
1756350405235 0.09204059482916542 62
1756350405359 0.08794828957837561 63
1756350405483 0.09383993514853975 64
1756350405608 0.07622983922129092 65
1756350405733 0.08381284773349762 66
1756350405857 0.08685389582229697 67
1756350405983 0.06971260581327521 68
1756350406108 0.06399520599971646 69
1756350558754 1.5576346801674885 1
1756350558891 1.5746698120365972 2
1756350559027 1.4259451446325884 3
1756350559162 1.195150209509808 4
1756350559299 1.0363411385080088 5
1756350559435 0.7914707816165426 6
1756350559572 0.8686700774275739 7
1756350559707 0.6041618948397429 8
1756350559842 0.6198081685149152 9
1756350559977 0.6020555638748667 10
1756350560113 0.8400852680206299 11
1756350560249 0.5622067321901736 12
1756350560384 0.49677147813465283 13
1756350560520 0.41337520143260126 14
1756350560655 0.3948891046254531 15
1756350560790 0.4858966243007909 16
1756350560925 0.46996266297672107 17
1756350561061 0.39902910395808844 18
1756350561440 0.3796769646198853 19
1756350561578 0.3889975755111031 20
1756350561715 0.330137246976728 21
1756350561851 0.32731641893801483 22
1756350561989 0.3068342597588249 23
1756350562127 0.2966187881386798 24
1756350562263 0.3154202803321507 25
1756350562401 0.329217417732529 26
1756350562537 0.2880116124515948 27
1756350562673 0.33158647949280945 28
1756350562810 0.28987797317297564 29
1756350562947 0.3155645993740662 30
1756350563084 0.3432296747746675 31
1756350563221 0.27399084684641467 32
1756350563358 0.28167682691760687 33
1756350563498 0.25555525979270105 34
1756350563637 0.2404690313598384 35
1756350563775 0.21610475882239963 36
1756350563914 0.21295159957979037 37
1756350564051 0.26909602822169015 38
1756350564189 0.21993365397919779 39
1756350564328 0.19916790594225345 40
1756350564466 0.20534661023513132 41
1756350564604 0.22686731264643048 42
1756350564741 0.2696921903154124 43
1756350564878 0.23916805956674658 44
1756350565016 0.24267813790103662 45
1756350565154 0.2444672545661097 46
1756350565292 0.20153213292360306 47
1756350565429 0.18756734838952188 48
1756350565736 0.19275336323872858 49
1756350565875 0.20311061033736105 50
1756350566013 0.1922275307385818 51
1756350566151 0.1720571245836175 52
1756350566288 0.16590369622344556 53
1756350566427 0.15447244145300076 54
1756350566566 0.1718984774273375 55
1756350566703 0.17049964744111765 56
1756350566841 0.22540414786857108 57
1756350566981 0.19264778689197873 58
1756350567120 0.14948953331812567 59
1756350567259 0.17206603223862854 60
1756350567397 0.13587279423423435 61
1756350567535 0.1654820021079934 62
1756350567673 0.30464856844881305 63
1756350567812 0.18480979618818863 64
1756350567950 0.17592943913262823 65
1756350568088 0.15156825081161832 66
1756350568225 0.1519668776056041 67
1756350568363 0.1527971544343492 68
1756350568501 0.12518791012142017 69
1756350568640 0.12241527600132901 70
1756350568778 0.13360152037247366 71
1756350568916 0.10576386231443156 72
1756350569054 0.15992750940115555 73
1756350569193 0.11765435143657353 74
1756350569331 0.128838616868724 75
1756350569470 0.12699368223547935 76
1756350569608 0.10946669429540634 77
1756350569747 0.11519147390904634 78
1756350569886 0.12773837440687677 79
1756350570025 0.11398038235695465 80
1756350570163 0.12258423054995744 81
1756350570465 0.12271716073155403 82
1756350570605 0.13289954934431158 83
1756350570744 0.1469651766769264 84
1756350570884 0.13977490057763847 85
1756350571023 0.12861062780670499 86
1756350571162 0.12619446120832278 87
1756350571300 0.10843801676579144 88
1756350571438 0.114044523757437 89
1756350571577 0.1139938541404579 90
1756350571715 0.11893370326446451 91
1756350571854 0.10571063844406087 92
1756350571992 0.08495883530248767 93
1756350572131 0.08039364494059396 94
1756350572271 0.08806157565635184 95
1756350572410 0.08234356181777042 96
1756350572548 0.09368131131581638 97
1756350572687 0.08602111673225528 98
1756350572826 0.09092772298532983 99
1756350572964 0.09305917682207149 100
1756350573103 0.07816070302025131 101
1756350573241 0.07939939589604088 102
1756350573380 0.0809864175060521 103
1756350573519 0.07123595233196797 104
1756350573657 0.08180045660423196 105
1756350573796 0.07145402207970619 106
1756350573938 0.07179032865425815 107
1756350574077 0.07997524495358052 108
1756350574216 0.07655087858438492 109
1756350574356 0.07129600660308548 110
1756350574496 0.07178161277071289 111
1756350574792 0.0787245778609877 112
1756350574932 0.06382991843249487 113
1756350575073 0.07378026470541954 114
1756350575212 0.073649852010219 115
1756350575352 0.07036479173795036 116
1756350575492 0.07309394880481389 117
1756350575633 0.06498471096805904 118
1756350575773 0.06061516524009083 119
1756350575914 0.05147958255332449 120
1756350576054 0.060906695121008415 121
1756350576193 0.06823084276655446 122
1756350576333 0.06102373515782149 123
1756350576472 0.069188316717096 124
1756350576613 0.05857513164696486 125
1756350576752 0.06593824623395568 126
1756350576891 0.06711493950823079 127
1756350577031 0.065114658244926 128
1756350577171 0.05021401106015495 129
1756350577311 0.05325307454104009 130
1756350577450 0.0642576063780681 131
1756350577590 0.0631977203099624 132
1756350577729 0.06405196930079357 133
1756350714733 1.7160826092180999 1
1756350714886 1.6810078569080518 2
1756350715037 1.2904208717138872 3
1756350715187 0.9992249763530233 4
1756350715337 0.7910595354826554 5
1756350715488 0.7122390529383784 6
1756350715637 0.6989500224590302 7
1756350715788 0.6062654464141183 8
1756350715939 0.5248735391575358 9
1756350716090 0.5152523012264915 10
1756350716241 0.48693770882876025 11
1756350716391 0.45717564613922784 12
1756350716543 0.5170394143332606 13
1756350716694 0.4092676211958346 14
1756350716846 0.38144101461638574 15
1756350716996 0.4418100222297337 16
1756350717147 0.39429234162620874 17
1756350717298 0.3277009382196095 18
1756350717450 0.41450580047524493 19
1756350717601 0.3479132885518281 20
1756350717752 0.37093524634838104 21
1756350717905 0.3443941117628761 22
1756350718305 0.36050519411978516 23
1756350718457 0.3518103749855705 24
1756350718608 0.30406575747158215 25
1756350718760 0.25133053893628327 26
1756350718912 0.3085398615702339 27
1756350719063 0.29225746250670886 28
1756350719214 0.28097225531287817 29
1756350719364 0.25132277348767157 30
1756350719515 0.21999342739582062 31
1756350719666 0.24478528810584027 32
1756350719817 0.22384141126404639 33
1756350719969 0.22583598999873453 34
1756350720120 0.24298296868801117 35
1756350720271 0.2050048841730408 36
1756350720422 0.23279610924098804 37
1756350720574 0.2029678717903469 38
1756350720726 0.1834494938021121 39
1756350720878 0.18434145528337229 40
1756350721030 0.1934565104868101 41
1756350721181 0.18463069977967636 42
1756350721332 0.19811488299266153 43
1756350721484 0.21952237869086472 44
1756350721636 0.22188929500787155 45
1756350721787 0.21303641213023145 46
1756350721939 0.18029471000899439 47
1756350722090 0.17639184354440027 48
1756350722406 0.13482901972273123 49
1756350722558 0.15846790373325348 50
1756350722710 0.1894774372163026 51
1756350722862 0.16736935079097748 52
1756350723013 0.16275591403245926 53
1756350723166 0.13113274490055832 54
1756350723318 0.12864446024531903 55
1756350723469 0.1333172616103421 56
1756350723622 0.14492236952418866 57
1756350723773 0.16847910213729608 58
1756350723925 0.16391854895197827 59
1756350724077 0.16120487645916318 60
1756350724228 0.1477334133308867 61
1756350724380 0.13381578546503317 62
1756350724533 0.1265912334556165 63
1756350724684 0.1102136237465817 64
1756350724836 0.12003297909446385 65
1756350724989 0.1430044715171275 66
1756350725140 0.11116125531818556 67
1756350725292 0.11219864727362343 68
1756350725444 0.13892835022314734 69
1756350725596 0.10655129214991695 70
1756350725747 0.11213192197939624 71
1756350725898 0.11144129510806955 72
1756350726050 0.13056526592244272 73
1756350726202 0.11786235123872757 74
1756350726354 0.0940919779241085 75
1756350726506 0.10430683535726173 76
1756350726657 0.08924831385197847 77
1756350726809 0.10269432045195413 78
1756350727125 0.10823431578667267 79
1756350727278 0.11879345126774 80
1756350727430 0.10247145803726238 81
1756350727584 0.147524598500003 82
1756350727737 0.08626187770910886 83
1756350727890 0.09144377173936885 84
1756350728043 0.09419428508566774 85
1756350728196 0.0937788274301135 86
1756350728348 0.07515850954729578 87
1756350728504 0.07912531446503557 88
1756350728656 0.07840122962775438 89
1756350728810 0.06921421469229719 90
1756350728963 0.07845038078401399 91
1756350729115 0.07923768768491952 92
1756350729268 0.07796281252218329 93
1756350729421 0.07300837030229361 94
1756350729573 0.07367262519572092 95
1756350729726 0.08036060112973918 96
1756350729879 0.07439216436899226 97
1756350730033 0.07714800811980081 98
1756350730186 0.08548065307347671 99
1756350730339 0.07526546004025833 100
1756350730493 0.06410782217331555 101
1756350730646 0.055729589060596794 102
1756350730800 0.06439898997221304 103
1756350730953 0.0696013304202453 104
1756350731266 0.06444518527258998 105
1756350731419 0.06077710798253184 106
1756350731573 0.06777077524558357 107
1756350731726 0.06360362599725308 108
1756350731880 0.06591285020112991 109
1756350732032 0.05710762204683345 110
1756350732186 0.057525650962539344 111
1756350732338 0.05366213571118272 112
1756350732490 0.06115513618873513 113
1756350732643 0.056654583581763764 114
1756350959559 1.7802076054655986 1
1756350959733 2.005763758783755 2
1756350959906 1.8637208161146745 3
1756350960077 0.8636715515800144 4
1756350960249 0.822810428298038 5
1756350960421 0.7988359733768131 6
1756350960592 0.681042519600495 7
1756350960765 0.723005499528802 8
1756350960936 0.5495348171047543 9
1756350961108 0.7027435911738354 10
1756350961280 0.5367992598077526 11
1756350961452 0.4820848081422889 12
1756350961624 0.6073692259581193 13
1756350961797 0.5366300797980764 14
1756350961969 0.4864605665206909 15
1756350962391 0.37892589620921924 16
1756350962564 0.45679003648135974 17
1756350962736 0.5583012466845305 18
1756350962908 0.4538812106070311 19
1756350963080 0.38566828940225684 20
1756350963253 0.37515364911245264 21
1756350963425 0.32955518235330994 22
1756350963597 0.32013649525849713 23
1756350963770 0.3254457841748777 24
1756350963942 0.37964510464149975 25
1756350964115 0.41132937047792517 26
1756350964287 0.35352538526058197 27
1756350964460 0.47298947624538257 28
1756350964632 0.34565639819787897 29
1756350964805 0.31610195273938385 30
1756350964977 0.34328256158725073 31
1756350965319 0.3598721785389859 32
1756350965493 0.28516548159329785 33
1756350965666 0.25672945898512134 34
1756350965838 0.25678104421366815 35
1756350966014 0.301816767324572 36
1756350966187 0.3090622081704762 37
1756350966360 0.27546201257602027 38
1756350966534 0.2690082380305166 39
1756350966707 0.20839204995528512 40
1756350966879 0.21909508109092712 41
1756350967052 0.22730972002381863 42
1756350967226 0.19928031965442325 43
1756350967400 0.21452675047128097 44
1756350967572 0.21424706604169763 45
1756350967745 0.18146999892981155 46
1756350968090 0.19576333787130273 47
1756350968263 0.16810443543869516 48
1756350968436 0.21798706702564075 49
1756350968609 0.1920466225432313 50
1756350968781 0.21018708724042642 51
1756350968954 0.21259169701648795 52
1756350969127 0.22410407597604004 53
1756350969300 0.1888119196114333 54
1756350969473 0.1705374552503876 55
1756350969646 0.14926931780317557 56
1756350969820 0.1518898334192193 57
1756350969993 0.1540922499869181 58
1756350970165 0.14262352203545364 59
1756350970337 0.1646929953409278 60
1756350970510 0.1495799179310384 61
1756350970683 0.15729875992173734 62
1756350971023 0.17653369158506393 63
1756350971196 0.1730874634307364 64
1756350971370 0.15931459127560907 65
1756350971543 0.13769356647263403 66
1756350971717 0.142088761796122 67
1756350971890 0.1454444760861604 68
1756350972064 0.13346073387757593 69
1756350972238 0.12542854055114414 70
1756350972411 0.12371398119822792 71
1756350972584 0.10526355582734813 72
1756350972757 0.10448185613621837 73
1756350972930 0.12077420156287111 74
1756350973103 0.10345667357677998 75
1756350973276 0.10754442668479422 76
1756350973449 0.10766539301561273 77
1756350973789 0.09848662303841632 78
1756350973962 0.11462554529957149 79
1756350974137 0.10277199728981308 80
1756350974310 0.10137251392006874 81
1756350974485 0.1094379058998564 82
1756350974659 0.08953615116036456 83
1756350974833 0.08994333089693733 84
1756350975006 0.08609334525206815 85
1756350975180 0.08907746183483498 86
1756350975354 0.08272161253768465 87
1756350975528 0.08062611423108888 88
1756350975701 0.08120549000475717 89
1756350975875 0.08448066222278969 90
1756350976048 0.07326375855051953 91
1756350976224 0.08461736984874892 92
1756350976399 0.07935242759792702 93
1756350976755 0.07651290103145268 94
1756350976931 0.06871238448049712 95
1756350977105 0.0606306127232054 96
1756350977279 0.05891482791175013 97
1756350977452 0.06870211579877397 98
1756350977626 0.0734778814341711 99
1756350977800 0.06925334862392882 100
1756350977975 0.0645365049333676 101
1756350978149 0.07143042187975801 102
1756350978323 0.06416970750559932 103
1756350978497 0.05989422948788042 104
1756350978672 0.057242586236933006 105
1756350978846 0.0649044836020988 106
1756350979020 0.05959282540108846 107
1756351202662 2.1085535080536553 1
1756351202855 1.755472976228465 2
1756351203045 1.5875980931779612 3
1756351203235 1.3414930753085925 4
1756351203424 1.0243325622185417 5
1756351203614 0.7731462263542673 6
1756351203806 0.6228944464870121 7
1756351203998 0.7038732494996942 8
1756351204190 0.6193056922891865 9
1756351204380 0.5131746012231578 10
1756351204848 0.4914526252642922 11
1756351205039 0.5502420715663744 12
1756351205230 0.4161778442237688 13
1756351205421 0.37731257599333057 14
1756351205611 0.4661975282689799 15
1756351205802 0.38640785346860473 16
1756351205993 0.6053561568260193 17
1756351206183 0.4510288717954055 18
1756351206373 0.421641882347024 19
1756351206564 0.47986752831417584 20
1756351206753 0.4655890140844428 21
1756351206945 0.35795830125394074 22
1756351207135 0.38165062536364014 23
1756351207327 0.3289935854466065 24
1756351207517 0.2967763251584509 25
1756351207882 0.3127237998920938 26
1756351208074 0.26320001223812933 27
1756351208266 0.24804758895998416 28
1756351208456 0.25835413129433343 29
1756351208646 0.25368818640708923 30
1756351208836 0.27343541578106256 31
1756351209026 0.25233854677366174 32
1756351209216 0.22726473017879154 33
1756351209406 0.25954472305982007 34
1756351209597 0.20645542734343073 35
1756351209788 0.21393483488456064 36
1756351209979 0.21668977193210437 37
1756351210171 0.19522524041974026 38
1756351210362 0.21849332620268283 39
1756351210553 0.2068530366472576 40
1756351210744 0.18104171364203744 41
1756351211105 0.19138128051291342 42
1756351211297 0.28193650167921314 43
1756351211489 0.24520004702650983 44
1756351211680 0.18911898395289545 45
1756351211871 0.22442252610040747 46
1756351212063 0.20151342743116876 47
1756351212254 0.23530058174029642 48
1756351212445 0.20194664532723633 49
1756351212637 0.18454610718333203 50
1756351212828 0.15875922013884006 51
1756351213020 0.1538078075517779 52
1756351213210 0.15586068772751352 53
1756351213401 0.1920444566918456 54
1756351213593 0.21637321879034457 55
1756351213785 0.18398417629625485 56
1756351214147 0.14287252691776856 57
1756351214340 0.1493487053591272 58
1756351214533 0.13989782722099967 59
1756351214725 0.1614622522307479 60
1756351214917 0.14802434846110965 61
1756351215109 0.15013969786789105 62
1756351215300 0.13736390484415967 63
1756351215492 0.1438352455911429 64
1756351215682 0.15082268967576648 65
1756351215873 0.1303452839669974 66
1756351216063 0.12775002970643665 67
1756351216254 0.13738571884839432 68
1756351216445 0.12912921607494354 69
1756351216636 0.1403943186868792 70
1756351216826 0.16282480566397958 71
1756351217017 0.12304762167775113 72
1756351217370 0.12698022081800128 73
1756351217561 0.11878421222386153 74
1756351217752 0.11686673274506694 75
1756351217943 0.12000960419359415 76
1756351218135 0.10694363130175549 77
1756351218325 0.11294554303521695 78
1756351218516 0.10303195403969806 79
1756351218708 0.11182800648005112 80
1756351218900 0.1159712759696919 81
1756351219090 0.10723177602757579 82
1756351219282 0.10361839409755624 83
1756351219473 0.08214212889256685 84
1756351219664 0.09430443236361379 85
1756351219855 0.08832655928057173 86
1756351220046 0.10026774814595348 87
1756351220238 0.09018192845194237 88
1756351220594 0.09732653071051059 89
1756351220787 0.09237503956841386 90
1756351220980 0.10297955912740334 91
1756351221173 0.08586372516077498 92
1756351221366 0.08422344307536664 93
1756351221558 0.09035697304036307 94
1756351221751 0.09575401343729185 95
1756351221944 0.09201492126221242 96
1756351222137 0.07483549156914586 97
1756351222329 0.07747490347727486 98
1756351222522 0.06533228703167128 99
1756351222714 0.07368198296298152 100
1756351384912 1.3769292624100395 1
1756351385117 1.5329546721085259 2
1756351385321 1.4043699425199758 3
1756351385524 1.1198102676350137 4
1756351385727 1.0443912459456401 5
1756351385929 0.7763575082239897 6
1756351386131 0.798726825610451 7
1756351386590 0.6017257746147073 8
1756351386793 0.6880128681659698 9
1756351386997 0.6648646165495333 10
1756351387199 0.5101634212162184 11
1756351387402 0.5233690699805384 12
1756351387604 0.465466417696165 13
1756351387806 0.590439577465472 14
1756351388010 0.5063661751539811 15
1756351388213 0.4522000499393629 16
1756351388417 0.412730454750683 17
1756351388620 0.47055033367613086 18
1756351388822 0.417024613722511 19
1756351389026 0.47757893282434216 20
1756351389230 0.46012379034705786 21
1756351389433 0.4215962096400883 22
1756351389803 0.45175759429517 23
1756351390006 0.3220305131829303 24
1756351390210 0.32705868327099347 25
1756351390412 0.3318768746179083 26
1756351390615 0.3683102856511655 27
1756351390819 0.33716346064339514 28
1756351391021 0.3141248141941817 29
1756351391224 0.3143216760262199 30
1756351391427 0.3474593778019366 31
1756351391630 0.27308629064456275 32
1756351391833 0.2745249012242193 33
1756351392036 0.3703946672056032 34
1756351392239 0.3549934288729792 35
1756351392443 0.28984307400558307 36
1756351392646 0.27484684405119525 37
1756351392850 0.235528490141682 38
1756351393220 0.27777131484902423 39
1756351393425 0.2644105138986007 40
1756351393629 0.2416339944238248 41
1756351393833 0.24052357868007992 42
1756351394036 0.22577443589334903 43
1756351394240 0.2218594515453214 44
1756351394443 0.21978506478278534 45
1756351394647 0.2109933113274367 46
1756351394851 0.2500851021512695 47
1756351395056 0.2018101403246755 48
1756351395259 0.20564322951047317 49
1756351395463 0.23530052472715793 50
1756351395667 0.31404266214889026 51
1756351395872 0.2813469573207524 52
1756351396075 0.2241518565494081 53
1756351396278 0.2224082985649938 54
1756351396646 0.18939459939365802 55
1756351396850 0.18315364744352258 56
1756351397055 0.1950582262614499 57
1756351397259 0.17396205858044003 58
1756351397464 0.1787203628083934 59
1756351397668 0.17317400840313538 60
1756351397873 0.1521556983175485 61
1756351398078 0.15435145147468732 62
1756351398282 0.18180158734321594 63
1756351398486 0.17970429976349292 64
1756351398690 0.1734174237303112 65
1756351398894 0.13155341958222183 66
1756351399098 0.12562299422595813 67
1756351399302 0.14556762252164923 68
1756351399505 0.16940153616925943 69
1756351399869 0.1386489657604176 70
1756351400075 0.1483598218663879 71
1756351400282 0.13715717941522598 72
1756351400488 0.11100560378121294 73
1756351400693 0.13534623643626337 74
1756351400898 0.11588822013658026 75
1756351401102 0.12477112367101338 76
1756351401307 0.1375066858270894 77
1756351401511 0.12115255808052809 78
1756351401715 0.11485897166573483 79
1756351401920 0.10949444365890129 80
1756351402124 0.11418983372657196 81
1756351402329 0.1087096385333849 82
1756351402534 0.11729509189077046 83
1756351402738 0.11728301644325256 84
1756351402943 0.11649236520347388 85
1756351403313 0.10007418627324312 86
1756351403518 0.10159922391176224 87
1756351403723 0.10239119665778201 88
1756351403928 0.11053002512325412 89
1756351404132 0.100361375057179 90
1756351404337 0.11091254198032877 91
1756351404541 0.09726016174839891 92
1756351404745 0.09492783928694933 93
1756351404952 0.1007459348310595 94
1756351405158 0.11526621813359468 95
1756351405364 0.10123075949756996 96
1756351405571 0.08843549632507822 97
1756351405777 0.0833253596463929 98
1756351405982 0.10041001827820488 99
1756351586422 1.6165845134983892 1
1756351586641 1.3826854358548704 2
1756351586857 1.1949006915092468 3
1756351587075 0.9540148636569148 4
1756351587289 1.1503062805403834 5
1756351587507 0.9659841112468553 6
1756351587967 0.7724849400313004 7
1756351588184 0.7664883110834204 8
1756351588400 0.7350630876810654 9
1756351588616 0.5214352309703827 10
1756351588832 0.5877980304800946 11
1756351589048 0.5534420298493427 12
1756351589264 0.4641634070354959 13
1756351589480 0.4456682555053545 14
1756351589695 0.3659804430992707 15
1756351589910 0.4184134887612384 16
1756351590125 0.38705333613831067 17
1756351590341 0.3755483730979588 18
1756351590557 0.33085394423940906 19
1756351590772 0.3607054346281549 20
1756351590989 0.38538218840308813 21
1756351591361 0.40217017090838886 22
1756351591578 0.3654940225507902 23
1756351591795 0.35654702005179034 24
1756351592012 0.34841036278268567 25
1756351592228 0.31112842391366546 26
1756351592447 0.28423950723979785 27
1756351592665 0.3020379737667415 28
1756351592882 0.28508805969487067 29
1756351593099 0.2639280583547509 30
1756351593316 0.24371740481127863 31
1756351593533 0.2108359861633052 32
1756351593749 0.23175463663495105 33
1756351593965 0.24723196029663086 34
1756351594182 0.22017242014408112 35
1756351594397 0.19186775062395178 36
1756351594614 0.19535108688084976 37
1756351595023 0.2390202724415323 38
1756351595240 0.22268299823221954 39
1756351595456 0.2735465564157652 40
1756351595674 0.22345956058605856 41
1756351595892 0.227307077659213 42
1756351596109 0.20512839633485544 43
1756351596326 0.2048121768495311 44
1756351596544 0.17228496269039487 45
1756351596762 0.17716236153374548 46
1756351596979 0.208136018851529 47
1756351597196 0.20131916455600574 48
1756351597416 0.17998067581135294 49
1756351597635 0.18934377768765326 50
1756351597854 0.16462782932364423 51
1756351598070 0.1941348615547885 52
1756351598474 0.16914390610611957 53
1756351598691 0.15963945116685785 54
1756351598908 0.14039282565531525 55
1756351599126 0.15899118424757666 56
1756351599343 0.1753709248226622 57
1756351599561 0.1361688365754874 58
1756351599779 0.12793841504532358 59
1756351599996 0.14206892737875815 60
1756351600213 0.16297716258660608 61
1756351600431 0.14524969782518304 62
1756351600648 0.1324817700230557 63
1756351600866 0.11768638828526372 64
1756351601083 0.13263139679380084 65
1756351601301 0.1619693073241607 66
1756351601519 0.13917032337707022 67
1756351601737 0.12358409457880518 68
1756351602136 0.14437619499538257 69
1756351602355 0.11504997021478156 70
1756351602573 0.10290195890094923 71
1756351602791 0.09702851736675137 72
1756351603009 0.10033252349366313 73
1756351603226 0.10332829764355785 74
1756351603444 0.13536778724063997 75
1756351603661 0.10717872238677481 76
1756351603879 0.10102217482483905 77
1756351604096 0.08930774988687556 78
1756351604315 0.08537293646646582 79
1756351604533 0.09926125002296074 80
1756351604750 0.08403143853597018 81
1756351604968 0.08613585113831189 82
1756351605187 0.09079690245182617 83
1756351605404 0.07985893313003622 84
1756351776975 1.6605509053105894 1
1756351777205 1.7752119639645452 2
1756351777432 2.055024131484654 3
1756351777660 1.3238993390746738 4
1756351777886 0.9193101369816324 5
1756351778113 0.84023099489834 6
1756351778341 0.7387251102406046 7
1756351778569 0.5936172837796418 8
1756351778795 0.5812831663567087 9
1756351779021 0.5502212552920632 10
1756351779248 0.5570289375989333 11
1756351779478 0.4517842608949412 12
1756351779952 0.4569930123246234 13
1756351780181 0.48891601873480756 14
1756351780408 0.5245646562265314 15
1756351780634 0.4717762431372767 16
1756351780860 0.4243326588817265 17
1756351781088 0.3835974931716919 18
1756351781316 0.41225554502528644 19
1756351781545 0.47880802854247717 20
1756351781773 0.46386554966802185 21
1756351782001 0.39191501425660175 22
1756351782229 0.40070483218068664 23
1756351782454 0.3247831386068593 24
1756351782683 0.3252806339574897 25
1756351782911 0.2839825030254281 26
1756351783141 0.28696760081726574 27
1756351783370 0.2709121840155643 28
1756351783759 0.316416485801987 29
1756351783987 0.34475276522014453 30
1756351784216 0.2987472661163496 31
1756351784446 0.299359653307044 32
1756351784673 0.26164113438647724 33
1756351784900 0.24424906593302023 34
1756351785128 0.29678296654120734 35
1756351785355 0.2856845091218534 36
1756351785584 0.26559600298819336 37
1756351785812 0.24983418311761774 38
1756351786039 0.23660084281278693 39
1756351786266 0.18931300549403482 40
1756351786493 0.23063046711942423 41
1756351786721 0.2137764507661695 42
1756351786951 0.20074106493721838 43
1756351787179 0.22316403298274332 44
1756351787569 0.17432367250971173 45
1756351787798 0.21099652835856314 46
1756351788026 0.21098787985418155 47
1756351788254 0.1651496080600697 48
1756351788484 0.17714993299349494 49
1756351788713 0.18781146536702695 50
1756351788941 0.24969978889693384 51
1756351789170 0.2801933411670768 52
1756351789398 0.1850705658612044 53
1756351789625 0.18167669811974402 54
1756351789855 0.1691795367261638 55
1756351790084 0.18735025045664414 56
1756351790312 0.18829832485188608 57
1756351790540 0.1720114243419274 58
1756351790769 0.16685643241457318 59
1756351791154 0.14812874275705087 60
1756351791382 0.18508120982543283 61
1756351791611 0.12267993358166321 62
1756351791840 0.1400758682385735 63
1756351792069 0.12997617572546005 64
1756351792298 0.1474631742938705 65
1756351792527 0.14910178663937942 66
1756351792758 0.1785375184339026 67
1756351792987 0.15935375735811566 68
1756351793217 0.12497285883063855 69
1756351793449 0.12306027146785156 70
1756351793679 0.11041249431993651 71
1756351793909 0.11664246897334637 72
1756351794137 0.12137502820595451 73
1756351794365 0.11942414647859076 74
1756351794753 0.11260675055825192 75
1756351794983 0.10977995703401773 76
1756351795212 0.09930449724197388 77
1756351795442 0.10979715540357259 78
1756351795671 0.10939924775258354 79
1756351795900 0.10435282179842824 80
1756351796130 0.09664511470043141 81
1756351796360 0.12571992984284525 82
1756351796589 0.12259310224781865 83
1756351796821 0.11772026073025621 84
1756351797051 0.11373507490624553 85
1756351797281 0.10371652520869089 86
1756351797511 0.0952839286107084 87
1756351797742 0.12356223619502524 88
1756351797974 0.09908813772642094 89
1756351798370 0.1010183704935986 90
1756351798601 0.1033717050500538 91
1756351798833 0.08304520437250966 92
1756351799064 0.07722594443222751 93
1756351799294 0.08998714193053868 94
1756351799527 0.09933035205239835 95
1756351799761 0.08087024416612543 96
1756351799993 0.07181056005799252 97
1756351800226 0.08145385397517163 98
1756351800458 0.09054348925533502 99
1756351800690 0.08152186498045921 100
1756351801105 0.07931473632545574 101
1756351801337 0.07336589920779933 102
1756351801568 0.08271073776742686 103
1756351801800 0.07685687166193257 104
1756351802031 0.06833928774880327 105
1756351802262 0.0607915208067583 106
1756351802493 0.08230128430801889 107
1756351802724 0.0706788303087587 108
1756351802955 0.06443894265786461 109
1756351803186 0.06352614125479823 110
1756351803416 0.0692879792464816 111
1756351803646 0.05822450262696847 112
1756351803878 0.05920666472419449 113
1756351804313 0.06481453776359558 114
1756351804545 0.06746571146599624 115
1756351804776 0.06979763054329416 116
1756351805007 0.059837190515321236 117
1756351805238 0.05426096041565356 118
1756351805469 0.05885378319932067 119
1756351805699 0.06054925319293271 120
1756351805930 0.04950599048448646 121
1756351806162 0.05036841972690562 122
1756351806393 0.05430497650219047 123
1756351806625 0.0625848256699417 124
1756351806857 0.05419577512404193 125
1756351981623 1.6411430213762366 1
1756351982113 1.5320958909781084 2
1756351982356 1.5370898220850073 3
1756351982600 1.3420820080715676 4
1756351982843 0.9335467426673226 5
1756351983084 0.7530371222807013 6
1756351983328 0.7889059807943262 7
1756351983571 0.7599793568901394 8
1756351983813 0.6603588733984076 9
1756351984221 0.5508221400820691 10
1756351984462 0.44649807007416437 11
1756351984704 0.42143601114335266 12
1756351984946 0.4125466858563216 13
1756351985188 0.4613459447155828 14
1756351985431 0.42147320897682855 15
1756351985672 0.4114625155925751 16
1756351985915 0.360688672117565 17
1756351986157 0.3494768298190573 18
1756351986400 0.36134786968645843 19
1756351986644 0.3197404813507329 20
1756351986885 0.41666379570961 21
1756351987305 0.3500913018765657 22
1756351987549 0.29576305397178815 23
1756351987792 0.2956718167533045 24
1756351988038 0.2799665727045225 25
1756351988281 0.32067078740700433 26
1756351988524 0.3009142895107684 27
1756351988767 0.2581934604955756 28
1756351989010 0.2728863028080567 29
1756351989254 0.2836503023686616 30
1756351989495 0.27258528769016266 31
1756351989740 0.2919379725404408 32
1756351990147 0.2774195386015851 33
1756351990392 0.23247183859348297 34
1756351990636 0.23797585458859152 35
1756351990880 0.226238115326218 36
1756351991125 0.20445343236560407 37
1756351991372 0.18915609270334244 38
1756351991616 0.20986238154380218 39
1756351991859 0.19905597165874814 40
1756351992281 0.2322179299333821 41
1756351992525 0.20734101145163827 42
1756351992770 0.18429557007292044 43
1756351993015 0.2192288556176683 44
1756351993260 0.1604941412806511 45
1756351993504 0.14959720878497415 46
1756351993749 0.19386411944161291 47
1756351993996 0.17924171686172485 48
1756351994240 0.16293329648349597 49
1756351994649 0.18359442184800687 50
1756351994894 0.15519610014946564 51
1756351995138 0.13169071369844934 52
1756351995382 0.14451422639515088 53
1756351995626 0.15705211460590363 54
1756351995871 0.1689507948315662 55
1756351996116 0.17787938467834308 56
1756351996359 0.1494867895608363 57
1756351996604 0.19906457448783127 58
1756351996849 0.23058550869641098 59
1756351997092 0.25881447805010754 60
1756351997512 0.27905515484187915 61
1756351997756 0.22040885557299075 62
1756351998000 0.16578055205552475 63
1756351998246 0.17357431157775546 64
1756351998489 0.15712054916050122 65
1756351998734 0.18737767539594485 66
1756351998978 0.17829911540383878 67
1756351999221 0.1421407088637352 68
1756351999464 0.12791189583747284 69
1756351999707 0.13976904685082642 70
1756351999950 0.1465522326205088 71
1756352000361 0.15264411464981412 72
1756352000606 0.11303394514581432 73
1756352000849 0.13861838080312894 74
1756352001094 0.12507192207419354 75
1756352001338 0.12425751530605814 76
1756352001580 0.13310230328984882 77
1756352001824 0.10817592914985574 78
1756352002067 0.10439597037823303 79
1756352002311 0.10686713716258174 80
1756352002555 0.11078255850335826 81
1756352002799 0.08399142616468927 82
1756352003213 0.09828408321608668 83
1756352003457 0.09081857181761575 84
1756352154963 2.041296020798061 1
1756352155219 1.9282092374304067 2
1756352155472 1.37261229235193 3
1756352155726 0.9204628441644751 4
1756352156223 0.7461501904155897 5
1756352156478 0.6829399544259777 6
1756352156732 0.5956743398438329 7
1756352156986 0.5531508741171464 8
1756352157240 0.5047140795251598 9
1756352157493 0.4691879010718802 10
1756352157748 0.5983424666135208 11
1756352158001 0.6710233040477919 12
1756352158415 0.6091640345428301 13
1756352158670 0.37889447808265686 14
1756352158922 0.4732795539109603 15
1756352159175 0.4622315932875094 16
1756352159428 0.39088215905687085 17
1756352159682 0.39433704705342004 18
1756352159935 0.40628150753352954 19
1756352160192 0.4437223711739416 20
1756352160445 0.343745280219161 21
1756352160870 0.32735583186149597 22
1756352161123 0.2575646230707998 23
1756352161377 0.262540010654408 24
1756352161631 0.29063365511272266 25
1756352161885 0.27298425073209015 26
1756352162139 0.2483663312766863 27
1756352162393 0.24325098486050314 28
1756352162648 0.2703553671422212 29
1756352162902 0.24834276930145596 30
1756352163314 0.29987597789453424 31
1756352163567 0.26332378257875855 32
1756352163821 0.19466761726400125 33
1756352164075 0.24318729924119037 34
1756352164329 0.21732663589975107 35
1756352164584 0.29446379581223364 36
1756352164837 0.2597653541875922 37
1756352165091 0.23908796906471252 38
1756352165345 0.230798553513444 39
1756352165760 0.22648673310228015 40
1756352166015 0.19914287587870722 41
1756352166268 0.18838348369235577 42
1756352166523 0.1643571886031524 43
1756352166778 0.16670455815999405 44
1756352167033 0.27724105022523715 45
1756352167288 0.23297572135925293 46
1756352167543 0.1884383458806121 47
1756352167953 0.21064965815647788 48
1756352168208 0.1800061033471771 49
1756352168462 0.16034398098354755 50
1756352168718 0.17056198061808295 51
1756352168973 0.1619935317531876 52
1756352169228 0.1679597153611805 53
1756352169485 0.20971363135006116 54
1756352169740 0.15436067853284918 55
1756352169994 0.15741937672314438 56
1756352170402 0.12581471548132275 57
1756352170657 0.14689424504404483 58
1756352170911 0.12317242991665135 59
1756352171165 0.12687191464330838 60
1756352171418 0.11154689121505489 61
1756352171674 0.11352720662303593 62
1756352171928 0.1046515591442585 63
1756352172183 0.10761625222537828 64
1756352172439 0.10569306884122931 65
1756352172881 0.0990257305295571 66
1756352173135 0.08804982382318248 67
1756352173389 0.10084812375514404 68
1756352173644 0.09557030576726665 69
1756352173899 0.09226883656304816 70
1756352174154 0.09236947090729423 71
1756352174409 0.10904743911131569 72
1756352174663 0.12490529243064963 73
1756352174921 0.19696367758771646 74
1756352175349 0.12799799118352972 75
1756352175606 0.09526554559883864 76
1756352175861 0.08746669733006021 77
1756352176116 0.11560395651537439 78
1756352176372 0.1233419852088327 79
1756352176629 0.0918879546225071 80
1756352176887 0.10259311257497124 81
1756352177144 0.08454211995653484 82
1756352177582 0.07587830365999886 83
1756352177838 0.07523431645139404 84
1756352178094 0.08683816748468773 85
1756352178349 0.08378262801662735 86
1756352178605 0.08437220930405286 87
1756352178860 0.0818338360151519 88
1756352179114 0.07212487656785094 89
1756352179370 0.07600954563721367 90
1756352179624 0.0891603187698385 91
1756352180048 0.06672645676071229 92
1756352180305 0.07733311973836111 93
1756352180560 0.08500712640259576 94
1756352180816 0.06707473083034805 95
1756352181071 0.07521115154351878 96
1756352181328 0.07230721041560173 97
1756352181585 0.06346403596841771 98
1756352181843 0.060806461164484855 99
1756352182101 0.06006411511612975 100
1756352182529 0.07266234217778496 101
1756352182786 0.0631300047363924 102
1756352183041 0.06270307836973149 103
1756352183297 0.05686238788716171 104
1756352183553 0.057778001479480576 105
1756352385206 2.1041125370108564 1
1756352385476 1.705502916937289 2
1756352385742 1.2567527527394502 3
1756352386008 1.038685661295186 4
1756352386275 0.8225848830264547 5
1756352386542 0.8867639951083971 6
1756352386808 0.7725487299587416 7
1756352387316 0.5879454677519591 8
1756352387583 0.5770559673723967 9
1756352387850 0.48354081485582434 10
1756352388116 0.4177403346351955 11
1756352388383 0.40782864327016083 12
1756352388649 0.4015365748301796 13
1756352388913 0.43398453748744464 14
1756352389182 0.42682427427043085 15
1756352389449 0.42811266559621564 16
1756352389866 0.4104505868061729 17
1756352390133 0.39628629775150964 18
1756352390399 0.4247328587200331 19
1756352390667 0.611652126778727 20
1756352390933 0.41851793164792267 21
1756352391201 0.39582484571830084 22
1756352391467 0.30963921546936035 23
1756352391733 0.29365408355775086 24
1756352391999 0.33180341254109924 25
1756352392416 0.3424493242865023 26
1756352392683 0.3671997500502545 27
1756352392949 0.3151883107164632 28
1756352393215 0.33181566388710687 29
1756352393481 0.3406153204648391 30
1756352393747 0.29185357365919196 31
1756352394015 0.26105718314647675 32
1756352394285 0.24523919561634894 33
1756352394552 0.23713474979867105 34
1756352394971 0.26513577608958533 35
1756352395239 0.2932982081952302 36
1756352395505 0.24316834431627524 37
1756352395770 0.27940933730291284 38
1756352396036 0.21994012529435364 39
1756352396303 0.18787271335073139 40
1756352396571 0.20028637284817902 41
1756352396838 0.1861342266201973 42
1756352397105 0.2407989916594132 43
1756352397523 0.25718404417452606 44
1756352397789 0.19544691171335138 45
1756352398056 0.16873978369909784 46
1756352398325 0.1955265658705131 47
1756352398594 0.20726442984912707 48
1756352398862 0.17589950658704923 49
1756352399130 0.15619697972484256 50
1756352399397 0.1642742574862812 51
1756352399665 0.1581380801356357 52
1756352400084 0.20526505099690479 53
1756352400350 0.14799685808627502 54
1756352400618 0.15585855848115424 55
1756352400885 0.1478704037549703 56
1756352401152 0.16750376995490945 57
1756352401420 0.14597402480633362 58
1756352401688 0.1834943922965423 59
1756352401957 0.15418178944484048 60
1756352402386 0.17287171534869983 61
1756352402656 0.18700832549644553 62
1756352402924 0.1623295493747877 63
1756352403193 0.13186688947936762 64
1756352403460 0.1232728167720463 65
1756352403727 0.12823556979065356 66
1756352403995 0.14669083382772363 67
1756352404263 0.13352900257577066 68
1756352404533 0.15175604269556378 69
1756352404958 0.14665876490914304 70
1756352405228 0.130599707365036 71
1756352405496 0.10800876500813858 72
1756352405763 0.12082521714594054 73
1756352406034 0.12523242377716562 74
1756352406304 0.11567951220533122 75
1756352406571 0.12400438312603079 76
1756352406839 0.11096543851106064 77
1756352407109 0.1105635789749415 78
1756352407566 0.09618749923032263 79
1756352407834 0.09653503059045128 80
1756352408101 0.09431889750387358 81
1756352408370 0.10237641486784686 82
1756352408641 0.09457787207287291 83
1756352408909 0.09249620333961818 84
1756352409177 0.07975279750383418 85
1756352409446 0.08074948871913164 86
1756352409714 0.08535935826923537 87
1756352410149 0.08656556272636289 88
1756352410417 0.08680034995726917 89
1756352410684 0.08311734251354051 90
1756352410951 0.08394045528510342 91
1756352411219 0.07113462735129439 92
1756352411487 0.08280803295581238 93
1756352411756 0.0792542794800323 94
1756352412023 0.0814876614705376 95
1756352412453 0.0845809157775796 96
1756352412723 0.0863386203089486 97
1756352412992 0.06854018342235814 98
1756352413261 0.08762204371716666 99
1756352413529 0.09165011872739895 100
1756352413798 0.08903589666537616 101
1756352414066 0.0764856451879377 102
1756352414335 0.06698630733982376 103
1756352414604 0.06373215677297633 104
1756352415034 0.05935691661484863 105
1756352415306 0.06774439905648647 106
1756352415575 0.061093066211627876 107
1756352415843 0.06709954709462497 108
1756352416109 0.05636024134962455 109
1756352416377 0.064991042341875 110
1756352416644 0.07098450965207556 111
1756352416912 0.06743498600047568 112
1756352417181 0.06269442873156589 113
1756352417609 0.06476137916678967 114
1756352417877 0.05833900606502657 115
1756352418146 0.05209566401722639 116
1756352418414 0.05195454248915548 117
1756352418683 0.055638600221794586 118
1756352418952 0.047149232224277825 119
1756352419221 0.051897803402465324 120
1756352419488 0.057683566180260284 121
1756352419757 0.05673701299921326 122
1756352420182 0.0530182346701622 123
1756352420450 0.052996617620405945 124
1756352420719 0.05552591253881869 125
1756352420988 0.053372983537290405 126
1756352421258 0.04818080001227234 127
1756352421526 0.04692825772192167 128
1756352421793 0.05121405811413475 129
1756352422062 0.04572600717453853 130
1756352422491 0.055357119230472526 131
1756352422760 0.04827165287797865 132
1756352423028 0.054192267034364784 133
1756352423297 0.04557640097387459 134
1756352423568 0.04786538267913072 135
1756352606379 2.264998539634373 1
1756352606665 2.014693698157435 2
1756352606948 1.2079428252966509 3
1756352607230 1.0001859172530796 4
1756352607510 0.7656372448672419 5
1756352608055 0.8721576644026715 6
1756352608336 0.6836133780686752 7
1756352608618 0.7098975427772688 8
1756352608900 0.5018372354300126 9
1756352609181 0.5188973157302194 10
1756352609461 0.5320129381573718 11
1756352609741 0.48942056946132495 12
1756352610188 0.3922504484653473 13
1756352610470 0.37779412062271783 14
1756352610751 0.4745894450208415 15
1756352611033 0.7663719032121741 16
1756352611315 0.519617955321851 17
1756352611597 0.38594665475513623 18
1756352611878 0.4312262483265089 19
1756352612159 0.4889809087566707 20
1756352612610 0.3218824435835299 21
1756352612895 0.3277206071045088 22
1756352613178 0.316811317982881 23
1756352613459 0.3671284635429797 24
1756352613741 0.3440371758264044 25
1756352614022 0.37262925246487494 26
1756352614304 0.34095284796279407 27
1756352614585 0.2899629752273145 28
1756352615041 0.26706173303334607 29
1756352615325 0.3005921639825987 30
1756352615606 0.29093511337819306 31
1756352615888 0.23066791179387466 32
1756352616172 0.23244225136611774 33
1756352616453 0.236516075613706 34
1756352616735 0.24624614482340607 35
1756352617017 0.25124994632990466 36
1756352617463 0.21516666528971298 37
1756352617743 0.22678821371949237 38
1756352618024 0.25336760930393054 39
1756352618305 0.24681657099205515 40
1756352618588 0.21911074156346527 41
1756352618870 0.2452731702638709 42
1756352619152 0.1823096346596013 43
1756352619433 0.1950034719446431 44
1756352619879 0.22101490102384402 45
1756352620161 0.15989343951577725 46
1756352620443 0.18500039694101914 47
1756352620725 0.1596424958628157 48
1756352621009 0.16306498905886774 49
1756352621292 0.18307484200467233 50
1756352621576 0.1867172533403272 51
1756352621859 0.19195143101008041 52
1756352622308 0.18836133473593256 53
1756352622592 0.23175874222879825 54
1756352622873 0.17622531140628067 55
1756352623156 0.1635500487426053 56
1756352623443 0.23151997703572977 57
1756352623729 0.19058654522118362 58
1756352624010 0.1754112855895706 59
1756352624459 0.14811341950426932 60
1756352624741 0.13301415935806607 61
1756352625023 0.20959845476824304 62
1756352625307 0.16351490079060846 63
1756352625590 0.14899174188790115 64
1756352625873 0.14967210526051727 65
1756352626155 0.12548710470614227 66
1756352626438 0.10825676632964093 67
1756352626721 0.12932890556428744 68
1756352627170 0.14534526480280835 69
1756352627453 0.1248172116668328 70
1756352627737 0.1562743248498958 71
1756352887148 1.8245801562848298 1
1756352887447 1.91492600026338 2
1756352887743 1.4485477571902068 3
1756352888040 0.9993545205696769 4
1756352888336 0.8870548074660094 5
1756352888632 0.7872092490610869 6
1756352888929 0.7096433082352513 7
1756352889470 0.7599487602710724 8
1756352889769 0.6917878052462703 9
1756352890068 0.8362414124219314 10
1756352890367 0.5782473631527113 11
1756352890664 0.5231052533439968 12
1756352890961 0.454753691735475 13
1756352891409 0.47205119547636615 14
1756352891705 0.4640129998974178 15
1756352892002 0.41722410398980847 16
1756352892299 0.42524518785269366 17
1756352892597 0.3763192995734837 18
1756352892893 0.33213544215845026 19
1756352893189 0.3527804742688718 20
1756352893484 0.34640005036540655 21
1756352893780 0.3362085547136224 22
1756352894080 0.3334626561921576 23
1756352894546 0.3094660458357438 24
1756352894843 0.30794591165107227 25
1756352895142 0.3504539799431096 26
1756352895441 0.3002335908620254 27
1756352895739 0.2975405325060305 28
1756352896040 0.3207195051338362 29
1756352896509 0.3057616365992505 30
1756352896806 0.3170633328997571 31
1756352897103 0.2873043994540754 32
1756352897403 0.23665574581726737 33
1756352897701 0.21090036857387293 34
1756352898002 0.24622620447822238 35
1756352898299 0.2682371929935787 36
1756352898596 0.22531985912633978 37
1756352898896 0.22481244348961374 38
1756352899193 0.2205225890097411 39
1756352899491 0.2083015467809594 40
1756352899788 0.20660023132096167 41
1756352900086 0.21699409186840057 42
1756352900557 0.19760232289200244 43
1756352900855 0.16538923719654913 44
1756352901153 0.1835315642149552 45
1756352901451 0.1728615009266397 46
1756352901748 0.14500832557678223 47
1756352902048 0.17585948303989743 48
1756352902347 0.1785800790657168 49
1756352902823 0.17670300084611643 50
1756352903122 0.20820865358995355 51
1756352903424 0.21963994075422702 52
1756352903724 0.1884098785079044 53
1756352904024 0.2002456563970317 54
1756352904324 0.16749158242474432 55
1756352904793 0.21906414530847385 56
1756352905095 0.15635323103355325 57
1756352905393 0.12813999795395395 58
1756352905692 0.16060441667618958 59
1756352905992 0.14724323963341507 60
1756352906291 0.14105797461841418 61
1756352906758 0.14092981750550476 62
1756352907058 0.13439001790855243 63
1756352907359 0.17110445609559183 64
1756352907660 0.1435902572196463 65
1756352908133 0.1374626052768334 66
1756352908432 0.13017484642889188 67
1756352908730 0.14720540331757587 68
1756352909028 0.12105439635722534 69
1756353122466 1.7602187550586204 1
1756353122783 1.4738425716109897 2
1756353123095 1.7252531155295994 3
1756353123403 1.4220138710478079 4
1756353123713 0.8896075901777848 5
1756353124299 0.9145146919333417 6
1756353124612 0.6792120998320372 7
1756353124926 0.6059345227220784 8
1756353125238 0.5128252350765726 9
1756353125548 0.5632890903431437 10
1756353125860 0.43107514212960785 11
1756353126173 0.46238828612410504 12
1756353126486 0.39193453866502515 13
1756353126959 0.41226570049057837 14
1756353127271 0.5189797463624374 15
1756353127582 0.4765671193599701 16
1756353127893 0.37131456577259564 17
1756353128206 0.4183561963879544 18
1756353128518 0.35402685015097907 19
1756353128830 0.48853954608025757 20
1756353129306 0.5820636360541634 21
1756353129618 0.4772479702597079 22
1756353129929 0.5334711606087892 23
1756353130242 0.44071014808571857 24
1756353130553 0.3462271554314572 25
1756353130867 0.383229470771292 26
1756353131181 0.3434462553781012 27
1756353131654 0.4112155372681825 28
1756353131967 0.3211701810359955 29
1756353132279 0.29758916600890783 30
1756353132592 0.3053804467553678 31
1756353132906 0.2668700036795243 32
1756353133218 0.2575702265552852 33
1756353133530 0.31649642081364343 34
1756353134004 0.2764744859026826 35
1756353134319 0.2940015041309854 36
1756353134632 0.24456258118152618 37
1756353134945 0.2746477029893709 38
1756353135258 0.36050421323465265 39
1756353135570 0.3132606654063515 40
1756353135881 0.2220495492219925 41
1756353136355 0.1959939391716667 42
1756353136668 0.21638441215390744 43
1756353136980 0.2342832211567008 44
1756353137292 0.22432857492695685 45
1756353137604 0.18977970111629236 46
1756353137916 0.21816844655119855 47
1756353138230 0.18280277919510138 48
1756353138705 0.17757598926191745 49
1756353139020 0.16480053993670837 50
1756353139332 0.21515389045943384 51
1756353139645 0.17179223733103793 52
1756353139960 0.16713361182938452 53
1756353140274 0.1757519591761672 54
1756353140588 0.15760797910068347 55
1756353141062 0.16149468817140744 56
1756353141376 0.14733919792849084 57
1756353141687 0.15974948101717493 58
1756353141998 0.15159792388262955 59
1756353142312 0.18324257498202118 60
1756353142624 0.148207760375479 61
1756353142937 0.14249694444563077 62
1756353143453 0.15148320956074673 63
1756353143770 0.1348453429730042 64
1756353144086 0.1498508280062157 65
1756353144398 0.11819860468740048 66
1756353144712 0.12458200849916624 67
1756353145025 0.137999991359918 68
1756353145338 0.11621919954600542 69
1756353145846 0.12388495647388956 70
1756353146162 0.102228751325089 71
1756353146474 0.09881651433913605 72
1756353146789 0.09889489930608998 73
1756353147103 0.10603374388554822 74
1756353147415 0.10021079428817915 75
1756353147727 0.10914053735525711 76
1756353148231 0.10416871276886566 77
1756353148545 0.10055300803936046 78
1756353148860 0.09587400633355846 79
1756353149174 0.10765923964588539 80
1756353149489 0.0937883915460628 81
1756353149803 0.10440027454625005 82
1756353150119 0.08732826278909393 83
1756353150622 0.09580231943856114 84
1756353150936 0.11961981524591861 85
1756353151248 0.09857038181761037 86
1756353151563 0.09831990398790526 87
1756353151877 0.07506598985713461 88
1756353152191 0.07678453851005305 89
1756353152505 0.07300848594826201 90
1756353152992 0.06868201186475546 91
1756353153306 0.07031387204061383 92
1756353153621 0.0681964450556299 93
1756353153936 0.07650384792815083 94
1756353154250 0.07264852313243825 95
1756353154563 0.06517479973642723 96
1756353154877 0.06866916107094806 97
1756353155361 0.0665869411566983 98
1756353155674 0.06167148337092088 99
1756353155988 0.07053602389667345 100
1756353156301 0.07271722898535106 101
1756353156615 0.0639013281982878 102
1756353156929 0.07134305475198705 103
1756353157411 0.06397149323121361 104
1756353157723 0.06328885759348454 105
1756353158037 0.05873886479631714 106
1756353158351 0.059449133017788765 107
1756353158663 0.061736432106598564 108
1756353158976 0.06054284010568391 109
1756353159289 0.07321595076633536 110
1756353159768 0.0629859791825647 111
1756353419292 1.6866058888642683 1
1756353419620 1.5174435947252356 2
1756353419946 1.1955244437507961 3
1756353420529 1.0612869081289873 4
1756353420852 0.779917308817739 5
1756353421176 0.6678300694279049 6
1756353421501 0.6529393351596334 7
1756353421828 0.8790459062742151 8
1756353422327 0.740254591340604 9
1756353422653 0.5660077463025632 10
1756353422979 0.569639680178269 11
1756353423303 0.6872766328894574 12
1756353423628 0.45442071168319037 13
1756353423952 0.443665518708851 14
1756353424450 0.3856882556625035 15
1756353424776 0.3755980036828829 16
1756353425101 0.36719914558141126 17
1756353425425 0.3851633389358935 18
1756353425749 0.36029773821001465 19
1756353426073 0.38392894423526264 20
1756353426570 0.3550483992566233 21
1756353426894 0.3302886868300645 22
1756353427221 0.3374268548644107 23
1756353427545 0.29086469956066296 24
1756353427869 0.3173352402189504 25
1756353428194 0.30875093327916187 26
1756353428687 0.2692175086425698 27
1756353429013 0.2811835194411485 28
1756353429339 0.29746298686317774 29
1756353429666 0.2497512063254481 30
1756353429993 0.26971662303675775 31
1756353430319 0.22253084182739258 32
1756353430818 0.2470809318449186 33
1756353431143 0.21912197120811627 34
1756353431468 0.20844277609949527 35
1756353431794 0.2030556435170381 36
1756353432121 0.20086416278196417 37
1756353432449 0.20586344470148502 38
1756353432945 0.2028653375480486 39
1756353433272 0.2138592688285786 40
1756353433597 0.42969170277533325 41
1756353433922 0.2520760686501213 42
1756353434250 0.2927913011416145 43
1756353434748 0.21407007523204968 44
1756353435074 0.22075170796850455 45
1756353435400 0.26621378601893136 46
1756353435727 0.2561442936244218 47
1756353436053 0.25699637571106787 48
1756353436380 0.19678551833266797 49
1756353436875 0.1810758107382318 50
1756353437201 0.1729014940235926 51
1756353437528 0.15884511593891226 52
1756353437853 0.17393105865820593 53
1756353438181 0.14832867746767792 54
1756353438506 0.1500768178830976 55
1756353439001 0.1320541575551033 56
1756353439326 0.1525424239428147 57
1756353439653 0.14093551460815512 58
1756353439980 0.13575308186852414 59
1756353440305 0.12813291763481888 60
1756353440630 0.1750420756314112 61
1756353441127 0.1676021043373191 62
1756353441452 0.14383033889791239 63
1756353441777 0.1487548124531041 64
1756353442104 0.1632889454131541 65
1756353442434 0.1538340232294539 66
1756353442761 0.1372763929159745 67
1756353443280 0.13941207625295804 68
1756353443607 0.13327448555956717 69
1756353443933 0.1349215488071027 70
1756353444259 0.11858937613989996 71
1756353444585 0.14756680863059085 72
1756353445094 0.10907125634991605 73
1756353445422 0.11284768532799638 74
1756353445749 0.10026406108037285 75
1756353446074 0.10532263342453085 76
1756353446399 0.09109282412606737 77
1756353446726 0.09959810972213745 78
1756353447228 0.1210250323233397 79
1756353447556 0.12097125144108482 80
1756353447882 0.09938266938147337 81
1756353448209 0.09785645811454109 82
1756353448536 0.08445907951049182 83
1756353448864 0.09707851869904477 84
1756353449366 0.08834043825450151 85
1756353449695 0.0747666232611822 86
1756353450023 0.08103344816228618 87
1756353450351 0.08415433942623761 88
1756353450683 0.09730365337884944 89
1756353451183 0.08668661959793257 90
1756353451513 0.0763784157841102 91
1756353451842 0.08366033337686372 92
1756353452171 0.07472364345322484 93
1756353452502 0.07477008664737576 94
1756353453005 0.06138264323058336 95
1756353453335 0.07420220566184624 96
1756353453664 0.07962153544244559 97
1756353736212 2.100455211556476 1
1756353736557 1.6622393830962803 2
1756353736899 1.2449742918429167 3
1756353737242 0.9878892950389696 4
1756353737836 0.9356516392334647 5
1756353738177 1.0287376072095789 6
1756353738521 0.7548341388287751 7
1756353738864 0.7194902689560599 8
1756353739208 0.6419255863065305 9
1756353739709 0.5910941699276799 10
1756353740052 0.6378676956114562 11
1756353740396 0.5058569947014684 12
1756353740739 0.592531567034514 13
1756353741082 0.5588790554067363 14
1756353741422 0.4812168686286263 15
1756353741925 0.6158824368663456 16
1756353742269 0.4954687473566636 17
1756353742610 0.46863060541774915 18
1756353742954 0.4558624547460805 19
1756353743296 0.628142272648604 20
1756353743796 0.5582621278970138 21
1756353744139 0.4681156899618066 22
1756353744484 0.48525110275849054 23
1756353744826 0.4346766316372415 24
1756353745168 0.4079048244849495 25
1756353745509 0.3387798317100691 26
1756353746008 0.39654724429483 27
1756353746351 0.3288048803806305 28
1756353746694 0.3695128760907961 29
1756353747037 0.3982774705990501 30
1756353747381 0.3324379033368567 31
1756353747879 0.32820364314576855 32
1756353748222 0.3354263804529024 33
1756353748566 0.2810742595921392 34
1756353748908 0.2714180816774783 35
1756353749250 0.28594886738321057 36
1756353749748 0.2755255271559176 37
1756353750090 0.27103140885415283 38
1756353750433 0.2939033709142519 39
1756353750775 0.26847394847351574 40
1756353751116 0.28199977395327197 41
1756353751619 0.27121202388535376 42
1756353751963 0.3177704571381859 43
1756353752306 0.3945212053216022 44
1756353752650 0.2885978286680968 45
1756353752995 0.2662500492904497 46
1756353753338 0.26022691700769507 47
1756353753847 0.29072458847709326 48
1756353754193 0.2596623949382616 49
1756353754538 0.2270076598810113 50
1756353754880 0.22484907183958136 51
1756353755224 0.2174673867614373 52
1756353755730 0.2188467817462009 53
1756353756073 0.2277671992778778 54
1756353756416 0.20218272053677103 55
1756353756762 0.18292894279179367 56
1756353757106 0.19007586201895837 57
1756353757614 0.21600185626226923 58
1756353757958 0.25666137493175006 59
1756353758302 0.20744167009125586 60
1756353758645 0.2217257712846217 61
1756353758990 0.20699955749770868 62
1756353759496 0.19747055159962695 63
1756353759839 0.211044753699199 64
1756353760181 0.26009959695131885 65
1756353760523 0.2093648097437361 66
1756353760867 0.25055283502392145 67
1756353761211 0.1962481711221778 68
1756353761716 0.25022782385349274 69
1756353762060 0.19527472620425018 70
1756354041599 2.570307819739632 1
1756354041959 2.2265493040499478 2
1756354042317 1.9368745762368906 3
1756354042922 1.6370705106984014 4
1756354043280 1.387553748877152 5
1756354043636 0.8822471343952677 6
1756354043993 0.6784122119779172 7
1756354044350 0.6907031860040582 8
1756354044866 0.571883007236149 9
1756354045223 0.533309475235317 10
1756354045580 0.49986089182936627 11
1756354045937 0.4393522700537806 12
1756354046293 0.46264853814373846 13
1756354046811 0.5560880031274713 14
1756354047167 0.4845678573069365 15
1756354047525 0.38509293094925257 16
1756354047883 0.3553305184063704 17
1756354048241 0.3713336664697398 18
1756354048756 0.3726370807575143 19
1756354049112 0.3167993452238 20
1756354049468 0.3277170444312303 21
1756354049825 0.40775606813638104 22
1756354050182 0.3971883861914925 23
1756354050697 0.42971274775007495 24
1756354051055 0.44344236669333087 25
1756354051411 0.3671139012212339 26
1756354051768 0.35875975696936896 27
1756354052124 0.3350085622590521 28
1756354052676 0.255115257009216 29
1756354053037 0.26599499129730725 30
1756354053396 0.23907700958459274 31
1756354053755 0.2834331619998683 32
1756354054114 0.3241497550321662 33
1756354054473 0.2973920029142629 34
1756354055027 0.2827817914278611 35
1756354055386 0.2715962522703668 36
1756354055746 0.22855909103932587 37
1756354056105 0.1937850130640942 38
1756354056463 0.25437296279098676 39
1756354057004 0.22233951804430588 40
1756354057363 0.20074113749939462 41
1756354057722 0.19975885943226193 42
1756354058080 0.2505720452122066 43
1756354058439 0.21038622538680615 44
1756354058985 0.18502592651740365 45
1756354059346 0.18014023744541666 46
1756354059704 0.15922634757083395 47
1756354060060 0.21413377445677054 48
1756354060417 0.17710023794485175 49
1756354060959 0.177857485478339 50
1756354061315 0.1516908841288608 51
1756354061677 0.14984337402426678 52
1756354062036 0.16288281329300092 53
1756354062397 0.18540297804967218 54
1756354062950 0.243137635614561 55
1756354063310 0.19744387463383054 56
1756354063670 0.1923588436582814 57
1756354064028 0.1957409164827803 58
1756354064387 0.19863094778164572 59
1756354064943 0.1586323422582253 60
1756354065302 0.1322553928779519 61
1756354065662 0.14206145444641943 62
1756354066019 0.1597533511078876 63
1756354066378 0.15037351166424545 64
1756354066734 0.14347823741643326 65
1756354067277 0.1604386082162028 66
1756354067636 0.1208010526454967 67
1756354067995 0.1299859437605609 68
1756354068357 0.1441107372874799 69
1756354068717 0.10887960474128308 70
1756354069251 0.1126210268424905 71
1756354069611 0.10458748220749524 72
1756354069972 0.10385773217548495 73
1756354070332 0.11543785521517629 74
1756354070689 0.10320625227430592 75
1756354071219 0.09785926261025926 76
1756354071578 0.1016516779427943 77
1756354071936 0.09605237015563509 78
1756354072292 0.09424641096721524 79
1756354072653 0.09097733591561732 80
1756354073182 0.11870228013266688 81
1756354073542 0.08760058296763379 82
1756354073903 0.07817862118067949 83
1756354074263 0.0841175458677437 84
1756354074625 0.07522794490923053 85
1756354075182 0.07699676392518956 86
1756354075542 0.07783138233682384 87
1756354075901 0.07601728873408359 88
1756354076259 0.07757706130328386 89
1756354076620 0.07832132798174153 90
1756354077169 0.07708618142034697 91
1756354077527 0.0980046576131945 92
1756354077887 0.08072039242024007 93
1756354336004 1.3309792798498403 1
1756354336379 1.3323610917381619 2
1756354336752 1.5822660197382388 3
1756354337366 1.1899733258330303 4
1756354337738 1.0209426983543064 5
1756354338110 1.0294714595960535 6
1756354338483 0.8400479270064313 7
1756354339029 0.6797028080276821 8
1756354339401 0.6737921717374221 9
1756354339772 0.583390720512556 10
1756354340146 0.486265699500623 11
1756354340681 0.40912035496338556 12
1756354341054 0.47371595190918964 13
1756354341425 0.3897000447563503 14
1756354341797 0.39417011647120764 15
1756354342169 0.36826348045597906 16
1756354342703 0.3478879047476727 17
1756354343076 0.3318552459063737 18
1756354343448 0.4253690288118694 19
1756354343820 0.3769342704959538 20
1756354344347 0.3492946585883265 21
1756354344722 0.3706473319426827 22
1756354345094 0.3802140679048455 23
1756354345622 0.29233113125614496 24
1756354345994 0.2786712367897448 25
1756354346369 0.3378390520811081 26
1756354346740 0.31894132430138794 27
1756354347113 0.29223984479904175 28
1756354347646 0.2536265973163688 29
1756354348018 0.2597057579652123 30
1756354348388 0.24797221370365308 31
1756354348761 0.2614752358716467 32
1756354349292 0.2591317399688389 33
1756354349669 0.24983335448348004 34
1756354350043 0.26243649941423663 35
1756354350416 0.24969674517279086 36
1756354350945 0.2373670452962751 37
1756354351320 0.24827074810214664 38
1756354351692 0.2671790544105613 39
1756354352064 0.2034532029343688 40
1756354352591 0.24027135320331738 41
1756354352968 0.26672263054744055 42
1756354353341 0.2960546884847724 43
1756354353714 0.249740956918053 44
1756354354243 0.2474215445311173 45
1756354354616 0.2651244525028312 46
1756354354989 0.23326640284579733 47
1756354355360 0.18008061142071433 48
1756354355886 0.16412847942632178 49
1756354356259 0.16631665242754895 50
1756354356632 0.18048204546389374 51
1756354357003 0.16865206768979196 52
1756354357536 0.1713327221248461 53
1756354357908 0.14298433324565057 54
1756354358281 0.14110166871029398 55
1756354358654 0.13642364805159363 56
1756354359184 0.1429074468172115 57
1756354359556 0.1360377902569978 58
1756354359930 0.12336101577333781 59
1756354360304 0.12664837438775145 60
1756354360833 0.1437988333080126 61
1756354361208 0.18122368111558582 62
1756354361581 0.16655838359957156 63
1756354361955 0.14034651867721393 64
1756354362493 0.1317125542656235 65
1756354362865 0.12719329867673956 66
1756354363238 0.1104973677707755 67
1756354363613 0.1384964611219323 68
1756354363986 0.1332909108504005 69
1756354364536 0.1290496714089228 70
1756354364910 0.12209308536156364 71
1756354365285 0.1412582413657852 72
1756354365829 0.13387106423792633 73
1756354366204 0.11491811178300691 74
1756354366579 0.09510007338679355 75
1756354366955 0.09965843464369359 76
1756354367329 0.10137054534709972 77
1756354367884 0.11368707243515097 78
1756354368258 0.1352350190281868 79
1756354569595 1.5696813645570173 1
1756354569980 1.6828892438308052 2
1756354570362 1.421193752599799 3
1756354570998 1.2593292956766875 4
1756354571379 1.0137287948442542 5
1756354571759 0.72231819966565 6
1756354572309 0.7704520691996035 7
1756354572691 0.7033278242401455 8
1756354573075 0.5154178816339244 9
1756354573457 0.4788872003555298 10
1756354574004 0.462383420571037 11
1756354574387 0.43244387533353723 12
1756354574771 0.47609984226848767 13
1756354575156 0.5393512210120326 14
1756354575538 0.4283688871756844 15
1756354576083 0.4076885153418002 16
1756354576467 0.3974161847777989 17
1756354576849 0.3801457888406256 18
1756354577232 0.44102427752121637 19
1756354577778 0.37688155018764996 20
1756354578161 0.32802096333192743 21
1756354578546 0.30215502497942553 22
1756354578930 0.29836147829242377 23
1756354579480 0.35067036488781805 24
1756354579862 0.3038139440443205 25
1756354580244 0.36439200069593347 26
1756354580627 0.3100773083127063 27
1756354581176 0.34746408009010815 28
1756354581557 0.3850788642530856 29
1756354581940 0.34702171709226526 30
1756354582322 0.2984719218119331 31
1756354582864 0.3707231846840485 32
1756354583248 0.28287348021631653 33
1756354583629 0.26631833159405255 34
1756354584012 0.25462750701800635 35
1756354584557 0.24434412497541178 36
1756354584940 0.22595159839028897 37
1756354585325 0.20062358709781067 38
1756354585709 0.26031125563642254 39
1756354586091 0.2336247647586076 40
1756354586636 0.22625137671180393 41
1756354587022 0.22865276816098587 42
1756354587406 0.3285264411698217 43
1756354587973 0.22301007677679477 44
1756354588356 0.20911080584577893 45
1756354588739 0.19778080349383148 46
1756354589124 0.18972765200811884 47
1756354589508 0.17268825030845145 48
1756354590065 0.18466009717920553 49
1756354590450 0.16842263289119885 50
1756354590833 0.16554938418709714 51
1756354591218 0.1511041006964186 52
1756354591774 0.13347846528758173 53
1756354592157 0.1424083113670349 54
1756354592541 0.1431074800050777 55
1756354592924 0.19677732690520908 56
1756354593482 0.2782739757195763 57
1756354593867 0.3096611927384916 58
1756354594248 0.23088084873945816 59
1756354594794 0.20742742069389508 60
1756354595181 0.1778834938355114 61
1756354595566 0.19523208685543225 62
1756354595953 0.16695536284343057 63
1756354596337 0.17061943366475726 64
1756354596885 0.17010547544645227 65
1756354597269 0.1516728618222734 66
1756354597655 0.1331980066454929 67
1756354598043 0.1551996929490048 68
1756354598589 0.21636492726595505 69
1756354598974 0.1779915981966516 70
1756354599356 0.1368882827784704 71
1756354599741 0.124429184295561 72
1756354600290 0.11752209132132323 73
1756354600674 0.12752163183429968 74
1756354601057 0.14055735034787137 75
1756354601442 0.12445300040037735 76
1756354602008 0.13892712832792944 77
1756354602395 0.09808767651734145 78
1756354602781 0.09866559505462646 79
1756354603165 0.09652868544925815 80
1756354603730 0.11372844388951427 81
1756354604116 0.09881452487214752 82
1756354962888 1.6735530936199685 1
1756354963541 2.03472057632778 2
1756354963942 1.539735021798507 3
1756354964349 1.0606240293254023 4
1756354964750 0.9036984676900117 5
1756354965334 0.8509978263274484 6
1756354965733 0.8923474498417067 7
1756354966134 0.7063490281934324 8
1756354966530 0.5816476630127948 9
1756354966926 0.4770997730286225 10
1756354967502 0.43129283578499505 11
1756354967902 0.4381448885668879 12
1756354968300 0.46138367834298505 13
1756354968867 0.4520856815835704 14
1756354969267 0.40542538982370624 15
1756354969669 0.37979671812575794 16
1756354970071 0.35742903014887933 17
1756354970634 0.35872609135897265 18
1756354971032 0.42242697529170825 19
1756354971433 0.3918788316457168 20
1756354971832 0.3802357121654179 21
1756354972232 0.40676254293192987 22
1756354972796 0.31385679607806 23
1756354973193 0.37157219194847607 24
1756354973592 0.3260758305373399 25
1756354973992 0.3318295057701028 26
1756354974561 0.3423619050046672 27
1756354974962 0.2830744664306226 28
1756354975362 0.2530098116916159 29
1756354975761 0.23909992303537286 30
1756354976343 0.2479544443928677 31
1756354976745 0.25899414653363434 32
1756354977143 0.26280900900778564 33
1756354977543 0.22322527027648428 34
1756354978115 0.2449619031470755 35
1756354978514 0.39192957009958185 36
1756354978916 0.38366365821465204 37
1756354979316 0.2854669670695844 38
1756354979876 0.2740280032157898 39
1756354980273 0.2364559776109198 40
1756354980671 0.2444148283937703 41
1756354981067 0.2153131884077321 42
1756354981628 0.20664061087629068 43
1756354982031 0.1563732060401336 44
1756354982433 0.1561641135941381 45
1756354982833 0.1679898079322732 46
1756354983394 0.1917988457109617 47
1756354983794 0.18084242162497147 48
1756354984194 0.16990991876177167 49
1756354984593 0.15940906755302264 50
1756354985151 0.14300116637478705 51
1756354985552 0.16121848121933316 52
1756354985951 0.14125783579505008 53
1756354986351 0.16927686528019284 54
1756354986907 0.15864857934091403 55
1756354987304 0.14339310805434766 56
1756354987705 0.16144603264072668 57
1756354988107 0.13029016295204993 58
1756354988664 0.12321233328269876 59
1756354989061 0.17900924838107565 60
1756354989457 0.1573423150440921 61
1756354989855 0.14306003729934277 62
1756354990419 0.14785112570161404 63
1756354990818 0.14100823680991711 64
1756354991221 0.14480741192465243 65
1756354991622 0.14436262716417728 66
1756354992023 0.12802767980357874 67
1756354992584 0.12912017398554346 68
1756354992984 0.15504497484020566 69
1756354993383 0.1496844191266143 70
1756354993942 0.12489529699087143 71
1756354994344 0.11172098860792491 72
1756354994749 0.11554697868616684 73
1756354995153 0.11043693530170814 74
1756354995552 0.12401158524596173 75
1756354996115 0.11291625804227332 76
1756354996514 0.1332595743562864 77
1756354996915 0.12249688949921857 78
1756354997318 0.12545688806668573 79
1756354997881 0.14104108674370724 80
1756354998286 0.12171721847161003 81
1756354998688 0.10701246851164362 82
1756354999090 0.10047758710773094 83
1756354999684 0.09080192122770392 84
1756355000084 0.08999787983687027 85
1756355000483 0.09013647100199824 86
1756355001040 0.09912727805583374 87
1756355001441 0.08791514550862105 88
1756355001842 0.09420766260312952 89
1756355002244 0.08451088517904282 90
1756355002645 0.08652399269782979 91
1756355003200 0.08818557307772014 92
1756355003600 0.08286286372205486 93
1756355004001 0.08507702386249667 94
1756355004404 0.08515776207913524 95
1756355004963 0.07259949102349904 96
1756355005363 0.07143034429653831 97
1756355005764 0.0740221777687902 98
1756355006166 0.06270916808558546 99
1756355006721 0.08461171923124272 100
1756355007122 0.07575746933403223 101
1756355007526 0.07443117155976918 102
1756355007929 0.08005950988634773 103
1756355008484 0.07713589946860852 104
1756355008886 0.06125785450896491 105
1756355009289 0.06965533514385638 106
1756355009692 0.07378680024134077 107
1756355010251 0.05686890584943087 108
1756355010649 0.06470037527058435 109
1756355011049 0.06561643322524817 110
1756355241802 1.6151349103969077 1
1756355242482 1.7903064230213994 2
1756355242891 1.4416186187578284 3
1756355243302 1.19739359098932 4
1756355243715 0.7522543461426444 5
1756355244297 0.8052306563957877 6
1756355244709 0.7390486001968384 7
1756355245121 0.7236027406609576 8
1756355245533 0.5165766879268314 9
1756355246114 0.48163818146871484 10
1756355246528 0.44262791457383527 11
1756355246939 0.4401771490988524 12
1756355247347 0.4444193658621415 13
1756355247928 0.4337231322475102 14
1756355248340 0.4036451720673105 15
1756355248752 0.3834124939597171 16
1756355249160 0.4053514716417893 17
1756355249740 0.35438706369503686 18
1756355250151 0.370028190638708 19
1756355250565 0.33467629487099854 20
1756355250976 0.34038953742255335 21
1756355251575 0.35263778722804523 22
1756355251988 0.31647956241732056 23
1756355252399 0.2912942546865214 24
1756355252810 0.3441379718158556 25
1756355253397 0.409212923568228 26
1756355253809 0.31407928466796875 27
1756355254220 0.29534999896650727 28
1756355254631 0.2688923698404561 29
1756355255218 0.2566399017105932 30
1756355255630 0.25460878208927484 31
1756355256045 0.26427246565404144 32
1756355256457 0.21272516121035037 33
1756355257040 0.23776233261046203 34
1756355257453 0.24363169203633847 35
1756355257864 0.2303882798422938 36
1756355258276 0.25415902746760327 37
1756355258856 0.26655614116917487 38
1756355259268 0.21323526099972104 39
1756355259680 0.25240149381368054 40
1756355260094 0.23532706499099731 41
1756355260505 0.23130097402178723 42
1756355261083 0.1899030198869498 43
1756355261495 0.1762815202059953 44
1756355261908 0.200632244348526 45
1756355262486 0.19305196793183035 46
1756355262899 0.19118366196103717 47
1756355263309 0.1766662302872409 48
1756355263722 0.17505904546250467 49
1756355264298 0.15867298258387524 50
1756355264713 0.15569838589948157 51
1756355265127 0.1504970231781835 52
1756355265539 0.14945083305887555 53
1756355266134 0.1360595618253169 54
1756355266549 0.11954693755377895 55
1756355266965 0.13775728416183722 56
1756355267379 0.13682230302821036 57
1756355267795 0.13046432092137958 58
1756355268377 0.147451541993929 59
1756355268790 0.15470210786746896 60
1756355269202 0.13347562240517657 61
1756355269613 0.12191500611927199 62
1756355270190 0.14664528097795404 63
1756355270603 0.11969691385393558 64
1756355271016 0.12934454303720724 65
1756355271429 0.11828321833973346 66
1756355272004 0.1147323859774548 67
1756355272416 0.11943775059088417 68
1756355272827 0.11800946845956471 69
1756355273243 0.10436037020838779 70
1756355273816 0.12478640027668166 71
1756355274230 0.23423294723033905 72
1756355274643 0.17391882674849551 73
1756355275056 0.12029275654450707 74
1756355275628 0.11132270518852316 75
1756355276042 0.10669385738994765 76
1756355276458 0.10400244042925212 77
1756355276871 0.09451154651849167 78
1756355277445 0.11287780170855315 79
1756355277859 0.11365875779934552 80
1756355278274 0.10127044857844063 81
1756355527512 2.060981299566186 1
1756355527942 1.6823988971502886 2
1756355528365 1.1392294116642163 3
1756355529046 1.2134494885154392 4
1756355529474 0.9163728174955948 5
1756355529901 0.7559468759142834 6
1756355530327 0.6105586886405945 7
1756355530922 0.5502380236335422 8
1756355531349 0.48196136368357617 9
1756355531775 0.4347262848978457 10
1756355532362 0.4517984817857328 11
1756355532790 0.4199196994304657 12
1756355533216 0.3867811767951302 13
1756355533641 0.3907086214293604 14
1756355534244 0.41110943193021027 15
1756355534674 0.36871946441090625 16
1756355535103 0.3756264253802922 17
1756355535692 0.31272140274877136 18
1756355536121 0.31836830792219745 19
1756355536547 0.28941187003384466 20
1756355536975 0.2882985032123068 21
1756355537567 0.29178946627222974 22
1756355537997 0.25720931460028107 23
1756355538427 0.3013425709112831 24
1756355539041 0.27071822013544 25
1756355539469 0.4247503624014232 26
1756355539900 0.30063431548035663 27
1756355540327 0.32402630344681116 28
1756355540942 0.3832745137421981 29
1756355541369 0.2741603916106017 30
1756355541797 0.2572028902561768 31
1756355542385 0.3291056071934493 32
1756355542812 0.2755875153386075 33
1756355543236 0.24591086610503818 34
1756355543661 0.24988392416549765 35
1756355544249 0.25479822897392773 36
1756355544676 0.21682517619236655 37
1756355545105 0.1972433380458666 38
1756355545691 0.2025671134824338 39
1756355546118 0.24126150102719016 40
1756355546546 0.1780732196310292 41
1756355546973 0.15141096387220465 42
1756355547567 0.2122992468268975 43
1756355547993 0.19380083097063977 44
1756355548425 0.15024324700884198 45
1756355549035 0.1410852346731269 46
1756355549458 0.13524936495915704 47
1756355549887 0.13663467926823575 48
1756355550314 0.13241399306318033 49
1756355550928 0.1404535543659459 50
1756355551354 0.14892863968144293 51
1756355551781 0.13596239297286325 52
1756355552373 0.1310966931607412 53
1756355552799 0.12712815144787665 54
1756355553226 0.11381193914491197 55
1756355553652 0.11175568466601164 56
1756355554240 0.11813108072332713 57
1756355554665 0.14066397949405338 58
1756355555091 0.13348168588202933 59
1756355555683 0.15596717693235562 60
1756355556110 0.13387785495623297 61
1756355556535 0.11861167005870653 62
1756355556960 0.17395443112953848 63
1756355557547 0.15309658193069955 64
1756355557973 0.1210233585342117 65
1756355558402 0.13487995221563007 66
1756355559006 0.14071440016445907 67
1756355559434 0.12100933395002199 68
1756355559860 0.12793604835220004 69
1756355560288 0.12122833113307538 70
1756355560881 0.111402476935283 71
1756355561307 0.12227717657452045 72
1756355561735 0.09855362610972446 73
1756355562320 0.09623377316671869 74
1756355562747 0.08862533695671869 75
1756355563173 0.08945332386571428 76
1756355563599 0.09430581428434538 77
1756355564183 0.08890421801935071 78
1756355564610 0.09218303891627685 79
1756355565038 0.08995145008615825 80
1756355565641 0.0888078607942747 81
1756355566067 0.06759947765132655 82
1756355566495 0.09833329964591109 83
1756355566921 0.14148425829151404 84
1756355567518 0.11939587865186774 85
1756355567946 0.10384195038805837 86
1756355568376 0.08817338198423386 87
1756355568969 0.09246347957979077 88
1756355569395 0.09282064535047697 89
1756355569822 0.0873471066031767 90
1756355570251 0.08314202563918155 91
1756355570846 0.08964130347189696 92
1756355571271 0.07965830583935199 93
1756355571698 0.06643187659590141 94
1756355572295 0.07852409083558165 95
1756355572720 0.08063438534736633 96
1756355573148 0.06282970390242079 97
1756355573575 0.058554306626319885 98
1756355574186 0.06780571474329285 99
1756355574615 0.05699181475717088 100
1756355575044 0.06500736462033313 101
1756355575674 0.09740704492382381 102
1756355576100 0.08267279568573703 103
1756355576545 0.06091381172123163 104
1756355576973 0.05346503238315168 105
1756355577608 0.05904594185235708 106
1756355798351 1.4958314221838247 1
1756355798794 1.420059279255245 2
1756355799496 1.1563819128534067 3
1756355799932 0.9845981701560642 4
1756355800369 0.8108329513798589 5
1756355800970 0.6763246616591578 6
1756355801406 0.5762150015520013 7
1756355801840 0.6653654057046642 8
1756355802436 0.5429425550543744 9
1756355802871 0.5231980046500331 10
1756355803307 0.4577381908893585 11
1756355803902 0.37032806743746216 12
1756355804337 0.3804250832485116 13
1756355804776 0.3544778998779214 14
1756355805376 0.37280957983887714 15
1756355805811 0.33696386023708014 16
1756355806246 0.3455273049033206 17
1756355806839 0.27006609997023706 18
1756355807276 0.37274948151215265 19
1756355807712 0.33845146972200146 20
1756355808307 0.2674802561169085 21
1756355808744 0.25996749297432276 22
1756355809181 0.2942940638117168 23
1756355809771 0.3230386609616487 24
1756355810206 0.25944715025632276 25
1756355810642 0.2733538921760476 26
1756355811236 0.2347133904695511 27
1756355811674 0.21606994161139365 28
1756355812111 0.2597323371016461 29
1756355812705 0.26369121152421704 30
1756355813139 0.2185489340968754 31
1756355813577 0.19039855573488318 32
1756355814171 0.220473974943161 33
1756355814608 0.2341401738964993 34
1756355815045 0.21371096243029056 35
1756355815637 0.19903455998586572 36
1756355816074 0.25667024306629016 37
1756355816512 0.20382498528646387 38
1756355817105 0.17945412060488825 39
1756355817544 0.18070020818192026 40
1756355817981 0.16115936118623483 41
1756355818419 0.1947568807265033 42
1756355819012 0.15104098099729288 43
1756355819450 0.1573528245739315 44
1756355819888 0.1371090282564578 45
1756355820483 0.1484089542342269 46
1756355820919 0.14050610233908115 47
1756355821359 0.20161349585522775 48
1756355821960 0.16078330770782803 49
1756355822401 0.12060667736374814 50
1756355822841 0.12794151124746903 51
1756355823482 0.14057735418495926 52
1756355823920 0.14224816308073376 53
1756355824357 0.12874334791432257 54
1756355825004 0.11368610515542653 55
1756355825442 0.11000517626171527 56
1756355825880 0.13118029580168103 57
1756355826505 0.1066309931161611 58
1756355826942 0.11028744442307431 59
1756355827380 0.1267279551728912 60
1756355827995 0.13220303278902304 61
1756355828435 0.10081957572180292 62
1756355828877 0.14443512277110762 63
1756355829509 0.13674345742101254 64
1756355829946 0.14232705274353857 65
1756355830386 0.11718349709458974 66
1756355831012 0.12475950319481932 67
1756355831452 0.1302228569984436 68
1756355831889 0.126701009662255 69
1756355832510 0.13391774730837863 70
1756355832950 0.11425906095815741 71
1756355833390 0.09249951820010724 72
1756355834004 0.09948969324645789 73
1756355834445 0.09166555624941121 74
1756355834884 0.07746058151773784 75
1756355835497 0.08935668853961903 76
1756355835936 0.07269235927125682 77
1756355836545 0.07422462518772353 78
1756355836984 0.07202400072761204 79
1756355837422 0.07872758238859799 80
1756355838032 0.07412004163083823 81
1756355838472 0.07655983353438585 82
1756355838910 0.07304394812039706 83
1756355839520 0.06225746627087179 84
1756355839958 0.06453601837806079 85
1756355840398 0.07402099717570387 86
1756355841003 0.056863225024679435 87
1756355841444 0.06168182663943456 88
1756355841882 0.06144362177861774 89
1756355842489 0.06454404160056425 90
1756355842931 0.0623407440017099 91
1756355843372 0.06276973166867443 92
1756355843979 0.06266236888325732 93
1756355844420 0.058655220691276634 94
1756356156076 1.685899371686189 1
1756356156535 1.1557567301003828 2
1756356157254 1.6566391846408015 3
1756356157705 1.3849086916964988 4
1756356158155 0.9832199267719103 5
1756356158792 1.0281798010287078 6
1756356159240 0.7549831763557766 7
1756356159688 0.5858236784520356 8
1756356160328 0.5394365321034971 9
1756356160780 0.4557854870091314 10
1756356161232 0.4719608970310377 11
1756356161888 0.4633973072404447 12
1756356162342 0.3823041721530583 13
1756356162794 0.42925309098285175 14
1756356163441 0.4000733060681302 15
1756356163894 0.36080559829007025 16
1756356164544 0.36148552272630774 17
1756356164998 0.36939440084540326 18
1756356165449 0.33398607697175897 19
1756356166107 0.3028945715531059 20
1756356166556 0.3178722003231878 21
1756356167009 0.32382660326750384 22
1756356167656 0.2927978019351545 23
1756356168103 0.2679773070242094 24
1756356168553 0.23732501916263415 25
1756356169194 0.23572788419930832 26
1756356169644 0.269724700761878 27
1756356170094 0.22617904258810956 28
1756356170732 0.2903477335753648 29
1756356171184 0.2439388704040776 30
1756356171634 0.2091752096362736 31
1756356172272 0.18901086404271747 32
1756356172724 0.18734089609073556 33
1756356173175 0.20752092094525046 34
1756356173809 0.2531426931205003 35
1756356174260 0.20711633563041687 36
1756356174711 0.19323233741780985 37
1756356175344 0.20955711084863413 38
1756356175798 0.24611703565587167 39
1756356176435 0.25787427632705023 40
1756356176886 0.20988014923489612 41
1756356177337 0.1979171283867048 42
1756356177967 0.20613792311886084 43
1756356178416 0.17576059051181958 44
1756356178866 0.16960231214761734 45
1756356179493 0.157974764380766 46
1756356179942 0.18176382423742957 47
1756356180393 0.1886713035080744 48
1756356181018 0.155016941220864 49
1756356181468 0.15635292847519336 50
1756356181917 0.1638241756869399 51
1756356182547 0.18194376968819162 52
1756356182995 0.2897347438594569 53
1756356183443 0.25659507059532666 54
1756356184066 0.23701263316299603 55
1756356184516 0.19494689515103464 56
1756356184967 0.159193382638952 57
1756356185591 0.1941454196753709 58
1756356186040 0.16374422739381375 59
1756356186490 0.14669308843819992 60
1756356187119 0.13843026336120523 61
1756356187569 0.12947568880475085 62
1756356188196 0.11499656412912451 63
1756356188648 0.125627589614495 64
1756356189101 0.11535293965236 65
1756356189726 0.11886443100545717 66
1756356190176 0.12036996788304785 67
1756356190630 0.09444771221150523 68
1756356486846 1.716059456700864 1
1756356487311 1.5314727814301201 2
1756356487773 1.3393402281014815 3
1756356488507 1.0826046104016511 4
1756356488967 0.9180504887000375 5
1756356489431 0.65916882260986 6
1756356490093 0.6125878821248594 7
1756356490556 0.6573969177577806 8
1756356491020 0.4791893984960473 9
1756356491666 0.4056332487127055 10
1756356492132 0.4577085621978926 11
1756356492774 0.39833945878173993 12
1756356493239 0.3600911809050519 13
1756356493700 0.4073036572207575 14
1756356494336 0.43653250777203106 15
1756356494797 0.3915455794852713 16
1756356495262 0.4491161755893541 17
1756356495895 0.36529552742190985 18
1756356496359 0.43567053520161175 19
1756356496822 0.4681544433469358 20
1756356497455 0.46770843798699585 21
1756356497921 0.32619383736797003 22
1756356498385 0.2673191635505013 23
1756356499045 0.2491074534861938 24
1756356499511 0.23927422839662302 25
1756356499974 0.30266462396020477 26
1756356500624 0.278568843136663 27
1756356501091 0.24672310831754105 28
1756356501556 0.30545916570269543 29
1756356502204 0.23921565193197 30
1756356502667 0.2894077974817027 31
1756356503133 0.2464318845583045 32
1756356503776 0.2211497134488562 33
1756356504243 0.22445278971091562 34
1756356504707 0.22878042835256326 35
1756356505348 0.17817663336577622 36
1756356505812 0.23776058204796002 37
1756356506449 0.2926190074371255 38
1756356506917 0.26154086188129755 39
1756356507385 0.19671620622925137 40
1756356508020 0.19897428867609604 41
1756356508485 0.21253489800121472 42
1756356508946 0.18874292010846344 43
1756356509576 0.18136455183443817 44
1756356510040 0.15434759369362955 45
1756356510505 0.12623027226199274 46
1756356511133 0.14673226747823798 47
1756356511598 0.13412092901442363 48
1756356512064 0.1409392298563667 49
1756356512693 0.1492467885432036 50
1756356513162 0.13661818789399188 51
1756356513634 0.1395774341147879 52
1756356514273 0.1314932846504709 53
1756356514737 0.12886812959028326 54
1756356515202 0.1712919726319935 55
1756356515834 0.1731242339896119 56
1756356516299 0.157972886186579 57
1756356516765 0.15642561828312668 58
1756356517391 0.14624106171338455 59
1756356517857 0.15026575586070184 60
1756356518483 0.1338804403077001 61
1756356518949 0.1698282989470855 62
1756356519413 0.17208249737387118 63
1756356520061 0.1272907069195872 64
1756356520531 0.11349642924640489 65
1756356520995 0.09956806962904723 66
1756356521645 0.14377607955880786 67
1756356522109 0.16271162421806998 68
1756356522575 0.10492195755891177 69
1756356523211 0.10499582925568456 70
1756356523678 0.1309961164775102 71
1756356524146 0.11951820163623146 72
1756356524774 0.09338324824753015 73
1756356525239 0.08881734149611514 74
1756356525704 0.08790347449805426 75
1756356526333 0.07916024213899737 76
1756356526798 0.07808340065505194 77
1756356527267 0.07247408900571906 78
1756356527894 0.08062651607653369 79
1756356528363 0.07698447079114291 80
1756356528830 0.07144296412234721 81
1756356529459 0.06666421614911246 82
1756356529924 0.09499615463225738 83
1756356530551 0.08408320387420447 84
1756356531017 0.07554001312540926 85
1756356531483 0.08967335619356322 86
1756356532115 0.07804099648543027 87
1756356532583 0.06922735241444214 88
1756356533048 0.060680238449055214 89
1756356533693 0.0758518437328546 90
1756356534158 0.0663684543384158 91
1756356534622 0.06426779002599094 92
1756356535254 0.06667418680761171 93
1756356535721 0.05356064147275427 94
1756356536186 0.06532702975622985 95
1756356536831 0.061350313703651016 96
1756356537300 0.05612942884149759 97
1756356537767 0.0595158988043018 98
1756356538407 0.06121311846958554 99
1756356538874 0.05627639923730622 100
1756356539341 0.05553240183254947 101
1756356539976 0.05409920239902061 102
1756356540441 0.061365143922360046 103
1756356540905 0.05318604393497757 104
1756356541536 0.04987281892934571 105
1756356542004 0.04481783007150111 106
1756356542650 0.04863409552237262 107
1756356543116 0.0518967209626799 108
1756356543584 0.04876323368238366 109
1756356544228 0.04812746486910011 110
1756356544698 0.05064198277566744 111
1756356545162 0.043901045280306236 112
1756356545822 0.04943050589898358 113
1756356546290 0.04285800303130046 114
1756356546759 0.04302506375571956 115
1756356946148 1.8189192854839822 1
1756356946885 1.6905367892721426 2
1756356947368 1.2288117279177126 3
1756356948010 0.75481734327648 4
1756356948494 0.7294710148935732 5
1756356948975 0.7357980103596397 6
1756356949614 0.5469775199890137 7
1756356950096 0.8042646853820138 8
1756356950578 0.6902179355206697 9
1756356951218 0.6624721159105715 10
1756356951701 0.49418379431185516 11
1756356952341 0.4671240189801092 12
1756356952824 0.3498607258433881 13
1756356953306 0.33979989005171735 14
1756356953947 0.4767619034518366 15
1756356954435 0.38840878722460376 16
1756356954919 0.3056147506703501 17
1756356955563 0.32814899929191754 18
1756356956049 0.34983287492524023 19
1756356956689 0.47221801980682043 20
1756356957172 0.34831874461277673 21
1756356957655 0.30865964941356494 22
1756356958296 0.3114224743583928 23
1756356958779 0.33840605746144836 24
1756356959263 0.2574014255534048 25
1756356959906 0.22278611588737238 26
1756356960389 0.2588813133213831 27
1756356961029 0.3579945635536443 28
1756356961511 0.2477303296327591 29
1756356961999 0.2305047006710716 30
1756356962646 0.2330353901438091 31
1756356963131 0.2051200565436612 32
1756356963616 0.2620359691588775 33
1756356964257 0.3156776091326838 34
1756356964743 0.23984064161777496 35
1756356965387 0.27048009245292 36
1756356965868 0.2851524333591047 37
1756356966349 0.230663793242496 38
1756356966997 0.20261874956929166 39
1756356967479 0.22783316477485324 40
1756356967961 0.27990310736324475 41
1756356968608 0.20672869520342868 42
1756356969094 0.1783942593180615 43
1756356969730 0.15431362196155216 44
1756356970215 0.16288614694191061 45
1756356970696 0.1627196131840996 46
1756356971338 0.16340383692927982 47
1756356971823 0.16622261897377347 48
1756356972309 0.14686956127052722 49
1756356972949 0.15447498112916946 50
1756356973435 0.15328775637823602 51
1756356974123 0.1491289835261262 52
1756356974607 0.14109354919713477 53
1756356975093 0.15353228184192078 54
1756356975747 0.1419583976916645 55
1756356976230 0.14414546217607416 56
1756356976711 0.13723902242339175 57
1756356977360 0.11727556391902592 58
1756356977847 0.11851017954556839 59
1756356978520 0.15829571854809057 60
1756356979005 0.15262003210575684 61
1756356979489 0.1268486565221911 62
1756356980140 0.14514356981153073 63
1756356980623 0.16482562701339307 64
1756356981113 0.15665145769067432 65
1756356981787 0.13838663081759991 66
1756356982279 0.14648113658894663 67
1756356982953 0.12847045517486075 68
1756356983444 0.14319142731635467 69
1756356983929 0.10760481153493343 70
1756356984585 0.10194539262548737 71
1756356985069 0.09775835340437682 72
1756356985557 0.09421842415695605 73
1756356986212 0.10852206482187561 74
1756356986696 0.10268973364778188 75
1756356987351 0.1754052182254584 76
1756356987838 0.12336930729772734 77
1756356988321 0.10073277127483617 78
1756356988968 0.0921802770184434 79
1756356989452 0.10681211673047232 80
1756356989937 0.10439550649860631 81
1756356990581 0.12062186359063438 82
1756356991066 0.11459779399244682 83
1756356991712 0.09479638059502063 84
1756356992197 0.09985072003758472 85
1756356992683 0.09669082708980727 86
1756356993355 0.13749477850354236 87
1756356993841 0.12369128025096396 88
1756356994329 0.1268761681149835 89
1756356994988 0.10473891380040543 90
1756356995472 0.09375386328800865 91
1756357316194 1.935399996197742 1
1756357316698 1.8362728253654812 2
1756357317195 1.1993958043015522 3
1756357317950 1.030155114505602 4
1756357318447 0.8645540734995967 5
1756357319111 0.8605918042037798 6
1756357319610 0.6241368612517482 7
1756357320273 0.5497590951297594 8
1756357320770 0.521600745294405 9
1756357321444 0.5203690140143685 10
1756357321945 0.5309278407822484 11
1756357322443 0.535417932531108 12
1756357323109 0.45962231703426526 13
1756357323605 0.4892716226370438 14
1756357324272 0.5367354770069537 15
1756357324768 0.6183941908504652 16
1756357325434 0.47535597241443134 17
1756357325930 0.4244205783242765 18
1756357326426 0.4983753976614579 19
1756357327089 0.4347528841184533 20
1756357327589 0.36533760117447894 21
1756357328254 0.43229732176531915 22
1756357328771 0.41800134337466693 23
1756357329436 0.30817807627760846 24
1756357329933 0.3043682458608047 25
1756357330432 0.2782739854377249 26
1756357331096 0.2908344664003538 27
1756357331597 0.28221021592617035 28
1756357332261 0.24635437001352725 29
1756357332757 0.25527605414390564 30
1756357333256 0.3494906619839046 31
1756357333917 0.3276093841894813 32
1756357334414 0.2648437133301859 33
1756357335079 0.24594752814458765 34
1756357335581 0.26351409956164984 35
1756357336252 0.2655000518197599 36
1756357336748 0.2887231454901073 37
1756357337244 0.23354604354371195 38
1756357337913 0.2338191517021345 39
1756357338410 0.20318397490874582 40
1756357339083 0.2264343849990679 41
1756357339582 0.20224579326484515 42
1756357340248 0.2874558878981549 43
1756357340746 0.21113989534585373 44
1756357341245 0.20018449879210928 45
1756357341906 0.19678232073783875 46
1756357342403 0.17736213945824167 47
1756357343070 0.18246654615454053 48
1756357343569 0.19922627411458804 49
1756357344243 0.16946322989204657 50
1756357344741 0.1698430611387543 51
1756357345241 0.19368112411188043 52
1756357345898 0.18844490530698196 53
1756357346394 0.17764627544776254 54
1756357347056 0.17077956121900809 55
1756357347555 0.1410748773942823 56
1756357348214 0.14883977109971253 57
1756357348713 0.1471033180537431 58
1756357349212 0.14429372484269348 59
1756357349872 0.1753740712352421 60
1756357350371 0.15463448704584784 61
1756357351039 0.16136264153148816 62
1756357351539 0.14507300568663556 63
1756357352203 0.18621420439170755 64
1756357352703 0.16145441778328107 65
1756357353203 0.16047810892695966 66
1756357353869 0.1286039945224057 67
1756357354368 0.11285294754349667 68
1756357355030 0.12840092441310053 69
1756357355530 0.11846050425716069 70
1756357356195 0.11850693335999614 71
