1756349401380 2.89002525806427 1
1756349401387 2.0904192129770913 2
1756349401394 2.0153644680976868 3
1756349401400 1.7956075072288513 4
1756349401406 1.6394593914349873 5
1756349401412 1.3933845559755962 6
1756349401418 0.9710901280244192 7
1756349401424 1.047705352306366 8
1756349401431 0.8027787109216055 9
1756349401437 0.7745984494686127 10
1756349401443 0.683204342921575 11
1756349401449 0.558019777139028 12
1756349401456 0.5542732775211334 13
1756349401462 0.6201566159725189 14
1756349401468 0.5454491376876831 15
1756349401475 0.521845151980718 16
1756349401481 0.4716479281584422 17
1756349401488 0.45121247073014575 18
1756349401494 0.39051254590352374 19
1756349401501 0.4544188529253006 20
1756349401507 0.40760400891304016 21
1756349401514 0.5923798580964407 22
1756349401520 0.3948114464680354 23
1756349401527 0.5650703062613806 24
1756349401534 0.3746912082036336 25
1756349401540 0.43880804379781085 26
1756349401547 0.35741594433784485 27
1756349401554 0.3764652411142985 28
1756349401561 0.30599651237328845 29
1756349401568 0.35864285628000897 30
1756349401574 0.3170640269915263 31
1756349401581 0.29135937988758087 32
1756349401588 0.2936533987522125 33
1756349401595 0.2798856124281883 34
1756349401602 0.24938195447127023 35
1756349401609 0.2935948520898819 36
1756349401616 0.2850399315357208 37
1756349401623 0.2674819156527519 38
1756349401631 0.22053571542104086 39
1756349401638 0.2336582193771998 40
1756349401645 0.24098721394936243 41
1756349401652 0.2366187423467636 42
1756349401659 0.22706441829601923 43
1756349401667 0.2052195891737938 44
1756349401674 0.24532696853081384 45
1756349401681 0.18803930779298147 46
1756349401688 0.24388336886962256 47
1756349401696 0.19268407672643661 48
1756349401703 0.23046868791182837 49
1756349401710 0.18714900563160577 50
1756349401718 0.18007496992746988 51
1756349401725 0.21133939921855927 52
1756349401733 0.17652157694101334 53
1756349401740 0.18720145771900812 54
1756349401748 0.16034625470638275 55
1756349401755 0.2085836554567019 56
1756349401763 0.16699346154928207 57
1756349401771 0.16343863556782404 58
1756349401778 0.16585939129193625 59
1756349401786 0.1501265987753868 60
1756349401794 0.15998318791389465 61
1756349401801 0.1456469086309274 62
1756349401809 0.14209853236873946 63
1756349401817 0.13868248214324316 64
1756349401825 0.13397083679835 65
1756349401832 0.13797983403007189 66
1756349401840 0.1737737978498141 67
1756349401848 0.15039497489730516 68
1756349401856 0.15521804988384247 69
1756349401864 0.1450836881995201 70
1756349401872 0.13064525152246156 71
1756349401880 0.1403670534491539 72
1756349401888 0.1385482003291448 73
1756349401896 0.12904604027668634 74
1756349401904 0.13036028295755386 75
1756349401912 0.12334127972523372 76
1756349401921 0.12542999784151712 77
1756349401929 0.11851531639695168 78
1756349401937 0.121731402973334 79
1756349401945 0.11458154643575351 80
1756349401954 0.11400177205602328 81
1756349401962 0.12276643762985866 82
1756349401970 0.10334858174125354 83
1756349401979 0.10348496213555336 84
1756349401987 0.09448982402682304 85
1756349401995 0.09275056297580402 86
1756349402004 0.10111706579724948 87
1756349402014 0.09314521153767903 88
1756349402028 0.10153920948505402 89
1756349402037 0.09592615316311519 90
1756349402046 0.08938864866892497 91
1756349402054 0.08681096012393634 92
1756349402063 0.0940649372835954 93
1756349402072 0.08739189927776654 94
1756349402080 0.08491035799185435 95
1756349402089 0.08229568228125572 96
1756349402099 0.08991703142722447 97
1756349402108 0.07878249262770017 98
1756349402117 0.07873696647584438 99
1756349402126 0.08813975378870964 100
1756349402135 0.07937704461316268 101
1756349402144 0.08269123608867328 102
1756349402153 0.07568922266364098 103
1756349402162 0.07870616391301155 104
1756349402171 0.07782353833317757 105
1756349402180 0.08275403082370758 106
1756349402190 0.07413394128282864 107
1756349402199 0.07426521057883899 108
1756349421137 1.670983480370563 1
1756349421148 1.0996796618337217 2
1756349421158 0.8963511016057886 3
1756349421167 0.8095895635045093 4
1756349421177 0.8172955901726432 5
1756349421186 0.7506727485553079 6
1756349421196 0.688900219357532 7
1756349421205 0.707429561925971 8
1756349421215 0.5482834266579669 9
1756349421225 0.4616464959538501 10
1756349421234 0.5157208092834639 11
1756349421244 0.41675174365872925 12
1756349421254 0.5130067843457927 13
1756349421264 0.3910043207199677 14
1756349421273 0.3698267781216165 15
1756349421283 0.3995832282563914 16
1756349421293 0.325848000852958 17
1756349421303 0.2876176743403725 18
1756349421313 0.2746892377086308 19
1756349421322 0.2824062568985898 20
1756349421332 0.31699049861534784 21
1756349421342 0.257261639703875 22
1756349421352 0.2663671886143477 23
1756349421362 0.3636589030856672 24
1756349421372 0.25722025723561 25
1756349421382 0.2516319900751114 26
1756349421393 0.25360534631687665 27
1756349421403 0.2684519770352737 28
1756349421413 0.29015615647253784 29
1756349421423 0.23832571636075559 30
1756349421433 0.22188269735678381 31
1756349421443 0.19372375244679657 32
1756349421454 0.1846104546085648 33
1756349421464 0.18080461154813351 34
1756349421474 0.151030990416589 35
1756349421484 0.17407753350942032 36
1756349421495 0.18287206732708475 37
1756349421505 0.17007674276828766 38
1756349421516 0.20846913690152374 39
1756349421526 0.1535182906233746 40
1756349421537 0.1647193875649701 41
1756349421547 0.16063854389864465 42
1756349421558 0.15874620041121607 43
1756349421568 0.1373617376970208 44
1756349421579 0.1409315528429073 45
1756349421589 0.1281429811016373 46
1756349421600 0.11716381525215895 47
1756349421611 0.1246959401861481 48
1756349421622 0.12940271943807602 49
1756349421632 0.12676725309828055 50
1756349421643 0.11066345902888672 51
1756349421654 0.12033157083003418 52
1756349421665 0.12442303060189537 53
1756349421676 0.12741844194090884 54
1756349421687 0.11009303447992905 55
1756349421698 0.10246086655103642 56
1756349421709 0.10038856773272804 57
1756349421720 0.09846091173265291 58
1756349421731 0.09916642518795055 59
1756349421742 0.09384087035837381 60
1756349421753 0.09723196340643842 61
1756349421764 0.11259221803882848 62
1756349421775 0.11523768305778503 63
1756349421786 0.10469020190446274 64
1756349421798 0.09463069814702739 65
1756349421809 0.08940705624611481 66
1756349421820 0.08798219992414764 67
1756349421831 0.0875417920558349 68
1756349421843 0.10618608849851982 69
1756349421854 0.09283257211032121 70
1756349421865 0.09268003783148268 71
1756349421877 0.08492976977773335 72
1756349421888 0.10716311892737514 73
1756349421900 0.08673378695612369 74
1756349421911 0.08561532442336497 75
1756349421923 0.08180305928639743 76
1756349421934 0.07891572023863377 77
1756349421946 0.07217254505857178 78
1756349421958 0.08125661831835042 79
1756349421969 0.0898299515247345 80
1756349421981 0.08520500993599063 81
1756349421993 0.07752831312625305 82
1756349422004 0.06565521544088489 83
1756349422016 0.06217323178830354 84
1756349422028 0.06895248656687529 85
1756349422040 0.06915224424522856 86
1756349422052 0.06918437163466992 87
1756349422064 0.0703156481942405 88
1756349422075 0.07393259150178536 89
1756349422087 0.07347823501281116 90
1756349422099 0.06578917995743129 91
1756349422111 0.07406906799777695 92
1756349422123 0.07730636389359184 93
1756349422135 0.06833964262319647 94
1756349422148 0.06679709028938542 95
1756349422160 0.0604660996924276 96
1756349422172 0.06261823439727658 97
1756349506480 1.7199340592259946 1
1756349506506 1.1313860571902732 2
1756349506530 1.2947416797928188 3
1756349506553 1.326726312222688 4
1756349506577 1.060926362224247 5
1756349506600 0.7123876382475314 6
1756349506624 0.5512871470140375 7
1756349506648 0.6000423910825149 8
1756349506672 0.46386778613795404 9
1756349506695 0.4272038690421892 10
1756349506719 0.44232007537199103 11
1756349506743 0.49308935066928034 12
1756349506767 0.5007052965786146 13
1756349506791 0.4088900309541951 14
1756349506815 0.4384009721486465 15
1756349506839 0.36295677721500397 16
1756349506863 0.32241892425910285 17
1756349506887 0.3443370364282442 18
1756349506911 0.2976568023795667 19
1756349506935 0.2761259843473849 20
1756349506959 0.27265873875307 21
1756349506984 0.2798776082370592 22
1756349507008 0.24540214953215225 23
1756349507033 0.22731971287209055 24
1756349507057 0.22953747342462125 25
1756349507081 0.23918206082737964 26
1756349507106 0.22420238476732504 27
1756349507130 0.252661996561548 28
1756349507155 0.2508266516353773 29
1756349507179 0.22538921690505484 30
1756349507203 0.18374047169218893 31
1756349507228 0.19798349232777304 32
1756349507252 0.21235320004432098 33
1756349507277 0.2020134459371152 34
1756349507302 0.2392893106393192 35
1756349507326 0.22207829226618228 36
1756349507351 0.21604829637900644 37
1756349507376 0.17974242341259253 38
1756349507400 0.1702846806982289 39
1756349507425 0.17235797222541727 40
1756349507450 0.15019317360027976 41
1756349507475 0.16365362120711285 42
1756349507500 0.17903576402560525 43
1756349507524 0.17519384039484936 44
1756349507549 0.21118940024272256 45
1756349507575 0.17947573311950848 46
1756349507600 0.18181125495744788 47
1756349507625 0.17275783063276953 48
1756349507650 0.13526821298443753 49
1756349507675 0.15328535437583923 50
1756349507700 0.22633517792691354 51
1756349507725 0.18044010582177536 52
1756349507750 0.14388429114352103 53
1756349507775 0.11721106813005779 54
1756349507801 0.11740547337609789 55
1756349507826 0.1288205381968747 56
1756349507851 0.12536143803078195 57
1756349507877 0.11767155709473984 58
1756349507902 0.10626765210991321 59
1756349507928 0.12360573754362437 60
1756349507953 0.11730575885461725 61
1756349507978 0.09247671488834464 62
1756349508004 0.10067107074934503 63
1756349508029 0.10834181114383366 64
1756349508055 0.09018305753884108 65
1756349508080 0.1242699998876323 66
1756349508106 0.13949651465467786 67
1756349508131 0.11107635562834532 68
1756349508157 0.08433425458876984 69
1756349508182 0.10489979856040167 70
1756349508208 0.09085074601613957 71
1756349508234 0.08778272893117822 72
1756349508260 0.0820934246091739 73
1756349508285 0.08006496921829555 74
1756349508311 0.07794209229557411 75
1756349508337 0.07670328183018643 76
1756349508363 0.07443832006791364 77
1756349508389 0.07560619290756143 78
1756349508414 0.07370540272930394 79
1756349508440 0.07568720290842264 80
1756349508466 0.07117519462886064 81
1756349508492 0.08007715464286182 82
1756349508518 0.08199451151101486 83
1756349508544 0.07021052098792532 84
1756349508570 0.06838065094274023 85
1756349508597 0.06780442935617073 86
1756349508623 0.061922700508781105 87
1756349508649 0.06397810448770938 88
1756349508675 0.06531387680898541 89
1756349508701 0.05960855584429658 90
1756349508727 0.06181442883351575 91
1756349508754 0.05354153818410376 92
1756349508780 0.060587173570757324 93
1756349508807 0.058161037609629006 94
1756349508833 0.05559642710115598 95
1756349508860 0.0704365641526554 96
1756349508886 0.06375870043816774 97
1756349508913 0.05633899731480557 98
1756349508939 0.059265536134657654 99
1756349508966 0.06383336270632951 100
1756349508992 0.06679702177643776 101
1756349509019 0.05631855033014132 102
1756349509045 0.055011774534764496 103
1756349509072 0.0621224784332773 104
1756349509099 0.051551095007554344 105
1756349509125 0.05531473684570064 106
1756349509152 0.048080621854118676 107
1756349509179 0.048214352811160294 108
1756349509205 0.054518402432617935 109
1756349509232 0.04641673827300901 110
1756349509259 0.0514473673766074 111
1756349509286 0.05458803685462993 112
1756349594181 1.8306238495785256 1
1756349594219 1.275852566180022 2
1756349594255 1.157710622186246 3
1756349594290 1.1883951192316802 4
1756349594325 0.8582499726958897 5
1756349594361 0.9297450495802838 6
1756349594397 0.7718643895957781 7
1756349594432 0.5868751043858735 8
1756349594468 0.6296973733798318 9
1756349594503 0.6012040324833082 10
1756349594539 0.48679894856784656 11
1756349594575 0.557206013928289 12
1756349594610 0.435057599907336 13
1756349594646 0.48187033508134924 14
1756349594682 0.45976922952610516 15
1756349594718 0.3782656626856845 16
1756349594754 0.36214928652929224 17
1756349594790 0.3342798326326453 18
1756349594826 0.3029756908831389 19
1756349594862 0.30971337725286896 20
1756349594898 0.32302865709947504 21
1756349594934 0.38450694732044055 22
1756349594970 0.3225399637999742 23
1756349595006 0.31901576208031696 24
1756349595043 0.31640370449294214 25
1756349595079 0.2502512549576552 26
1756349595115 0.23537677785624628 27
1756349595151 0.2715061728073203 28
1756349595187 0.42412226161231165 29
1756349595223 0.2953502717225448 30
1756349595259 0.29078979984573694 31
1756349595296 0.2915051132440567 32
1756349595332 0.27446064547352167 33
1756349595368 0.2301099928824798 34
1756349595404 0.22242573940235635 35
1756349595441 0.21912791094054346 36
1756349595477 0.21764483205650165 37
1756349595513 0.22923672069673953 38
1756349595550 0.2403769625917725 39
1756349595586 0.21931841839914737 40
1756349595622 0.21846542669379193 41
1756349595659 0.26908263240171515 42
1756349595695 0.273980007223461 43
1756349595732 0.16815194843903833 44
1756349595768 0.16000257788792902 45
1756349595805 0.1578820636091025 46
1756349595841 0.13730015411325122 47
1756349595878 0.17005368678466135 48
1756349595915 0.16978672243978665 49
1756349595951 0.13764832363180493 50
1756349595988 0.1801145054076029 51
1756349596024 0.13987251954234164 52
1756349596061 0.14387717519117438 53
1756349596098 0.13881434662186581 54
1756349596135 0.15156896606735562 55
1756349596172 0.16062498351801996 56
1756349596209 0.15500490950501483 57
1756349596246 0.1143183734105981 58
1756349596282 0.1315359683788341 59
1756349596319 0.12252543153970138 60
1756349596356 0.10497158215097759 61
1756349596393 0.10837739738433258 62
1756349596430 0.12298728881970696 63
1756349596467 0.10385860340750735 64
1756349596504 0.13254912618709647 65
1756349596541 0.11154153440957484 66
1756349596578 0.11414061389539552 67
1756349596615 0.10813128624273383 68
1756349596653 0.1168019630662773 69
1756349596690 0.10172154398068138 70
1756349596728 0.11502640710576721 71
1756349596765 0.117087638248568 72
1756349596803 0.11209627694409827 73
1756349596840 0.08864777778153834 74
1756349596877 0.11376884822612224 75
1756349596915 0.09864132867559143 76
1756349596953 0.08846941072007884 77
1756349596990 0.08314790511908739 78
1756349597028 0.08070794719716777 79
1756349597066 0.10740433941068857 80
1756349597103 0.11854326789793761 81
1756349597141 0.10225877165794373 82
1756349597179 0.09940321338565453 83
1756349597221 0.10925461157508519 84
1756349597259 0.08392595775101495 85
1756349597297 0.08233697145529416 86
1756349597335 0.07990563628466232 87
1756349597373 0.10254244117633156 88
1756349597411 0.08345240759460823 89
1756349597449 0.08255166722380597 90
1756349597487 0.07304054239521855 91
1756349597525 0.09173904456522154 92
1756349597564 0.07361753220143526 93
1756349597602 0.08610390256280484 94
1756349597641 0.08687662057902502 95
1756349597679 0.07286425096833188 96
1756349597718 0.08019531898848388 97
1756349704819 1.7922110661216404 1
1756349704870 1.842276412507762 2
1756349704920 1.2817260908043904 3
1756349704969 0.8588734800400941 4
1756349705018 0.851813238600026 5
1756349705068 0.8616802847903707 6
1756349705117 0.653907975424891 7
1756349705167 0.5889601947172828 8
1756349705216 0.6967693761638973 9
1756349705266 0.5338503225989963 10
1756349705315 0.4882660326750382 11
1756349705365 0.5254592727059904 12
1756349705414 0.449557531139125 13
1756349705464 0.4896562177201976 14
1756349705513 0.42028897482415906 15
1756349705563 0.4480240008105402 16
1756349705612 0.3910974490901698 17
1756349705662 0.3344007153873858 18
1756349705712 0.3064357605965241 19
1756349705761 0.3489162053750909 20
1756349705810 0.3290513073620589 21
1756349705860 0.3146056137655092 22
1756349705909 0.3301666832488516 23
1756349705959 0.33854117665601813 24
1756349706008 0.33512710877086804 25
1756349706058 0.3098390925189723 26
1756349706107 0.2780401350363441 27
1756349706157 0.25520363126112067 28
1756349706206 0.29347812157610187 29
1756349706256 0.24829771596452463 30
1756349706305 0.2649424412976141 31
1756349706355 0.265373936165934 32
1756349706405 0.3266725825226825 33
1756349706454 0.24619581906691843 34
1756349706504 0.23532685313535773 35
1756349706554 0.22760219871997833 36
1756349706604 0.2666004507437996 37
1756349706654 0.22170233272987863 38
1756349706703 0.19721166206442792 39
1756349706753 0.20048404776531717 40
1756349706803 0.20608415713776712 41
1756349706853 0.18751706636470297 42
1756349706903 0.18040977483210358 43
1756349706953 0.21860052515631137 44
1756349707002 0.2409994751214981 45
1756349707052 0.19859153842148575 46
1756349707102 0.18892189212467358 47
1756349707153 0.1524108058732489 48
1756349707203 0.16821331271658774 49
1756349707254 0.17493363275476123 50
1756349707304 0.14403889976117923 51
1756349707354 0.14391066587489584 52
1756349707405 0.1311363905020382 53
1756349707455 0.15005728829166162 54
1756349707505 0.1520272684486016 55
1756349707556 0.1445698184163674 56
1756349707606 0.17612842438013657 57
1756349707657 0.14832518346931622 58
1756349707707 0.1152566742637883 59
1756349707757 0.13316737374533777 60
1756349707808 0.12604146645120953 61
1756349707859 0.1288853909658349 62
1756349707909 0.13774514910967453 63
1756349707960 0.1156461630826411 64
1756349708010 0.11348619700773903 65
1756349708061 0.12524227409259134 66
1756349708112 0.12473432525344517 67
1756349708163 0.129617749672869 68
1756349708213 0.10987810337025186 69
1756349708264 0.12323393057221951 70
1756349708315 0.12167733713336613 71
1756349708366 0.1139011545025784 72
1756349708417 0.09238397038501242 73
1756349708468 0.10863031301161517 74
1756349708518 0.11228249967098236 75
1756349708570 0.10070518128897833 76
1756349708621 0.09511150743650354 77
1756349708672 0.11089947835906692 78
1756349708723 0.09386905217948167 79
1756349708774 0.08840345202580742 80
1756349708825 0.07883744314312935 81
1756349708876 0.07630912036351535 82
1756349708928 0.08479294035097827 83
1756349708979 0.09551133280215056 84
1756349709030 0.085605230992255 85
1756349709081 0.09366850036641826 86
1756349709133 0.11247681729171587 87
1756349709185 0.10559431042360223 88
1756349709236 0.08648049070135407 89
1756349709288 0.08432165176972099 90
1756349709339 0.07574584059741186 91
1756349709391 0.07994143033157224 92
1756349709443 0.08527004492023717 93
1756349724772 2.0306609506192417 1
1756349724826 1.5494530719259512 2
1756349724878 1.517573558765909 3
1756349724930 1.05983181880868 4
1756349724982 0.8147778679495272 5
1756349725034 0.8400997376960256 6
1756349725086 0.6527989143910615 7
1756349725138 0.5554495440877002 8
1756349725190 0.6197700966959414 9
1756349725242 0.5349280121533767 10
1756349725294 0.47123630798381305 11
1756349725346 0.5068444350491399 12
1756349725398 0.4297026778044908 13
1756349725450 0.3858027710862782 14
1756349725502 0.32506482886231464 15
1756349725554 0.4236995551897132 16
1756349725606 0.35807830678380054 17
1756349725659 0.3515776331010072 18
1756349725711 0.3007895791012308 19
1756349725764 0.26451789490554645 20
1756349725816 0.3207903685777084 21
1756349725869 0.3044114482143651 22
1756349725921 0.23826765949311463 23
1756349725974 0.26143980609334033 24
1756349726026 0.30170080519240833 25
1756349726078 0.2890973952801331 26
1756349726131 0.24021030962467194 27
1756349726183 0.22413102245849112 28
1756349726236 0.2384768899368203 29
1756349726289 0.21862569969633353 30
1756349726341 0.2038402699905893 31
1756349726394 0.16799199192420297 32
1756349726447 0.17793348625950192 33
1756349726500 0.1951519892267559 34
1756349726553 0.18359068489593008 35
1756349726605 0.16792399501023086 36
1756349726658 0.1761468516095825 37
1756349726710 0.1624496038193288 38
1756349726763 0.19182082654341406 39
1756349726817 0.1783009903586429 40
1756349726870 0.16893363096143887 41
1756349726923 0.15382601029199103 42
1756349726975 0.16007386633883353 43
1756349727028 0.13470134090470232 44
1756349727081 0.15504661753125812 45
1756349727135 0.1594791350805241 46
1756349727188 0.1385305170779643 47
1756349727241 0.16149453527253607 48
1756349727295 0.1311016743597777 49
1756349727348 0.13899358135202658 50
1756349727401 0.16059204093787982 51
1756349727454 0.15400837491387906 52
1756349727507 0.13874643814304602 53
1756349727560 0.1310346832741862 54
1756349727614 0.1333945759612581 55
1756349727667 0.11184899670922238 56
1756349727720 0.12809520733097327 57
1756349727774 0.11126950966275256 58
1756349727827 0.0924673031853593 59
1756349727881 0.10697721187835155 60
1756349727934 0.09612991644636444 61
1756349727988 0.09667607882748479 62
1756349728041 0.09669948563627574 63
1756349728094 0.1028303069912869 64
1756349728148 0.10993839346844217 65
1756349728201 0.09665918107266011 66
1756349728255 0.086656855824201 67
1756349728308 0.09540949389338493 68
1756349728362 0.1038304130020349 69
1756349728416 0.11065371464128079 70
1756349728470 0.11809576740083487 71
1756349728523 0.09161900340215019 72
1756349728577 0.09442496105380681 73
1756349728630 0.09846991251992143 74
1756349728684 0.10454934138966643 75
1756349728738 0.08711246352480806 76
1756349728791 0.0969243064198805 77
1756349728844 0.0845039554912111 78
1756349750859 1.732909928197446 1
1756349750915 2.070553183555603 2
1756349750968 2.072321671506633 3
1756349751022 1.4813461355541064 4
1756349751076 0.9526276432949564 5
1756349751130 0.8762832594954449 6
1756349751184 0.8302787516428076 7
1756349751238 0.6701886433622112 8
1756349751292 0.7068847819514896 9
1756349751346 0.6008338396963866 10
1756349751400 0.5737262134966643 11
1756349751454 0.5137209905230481 12
1756349751508 0.47496732680693915 13
1756349751562 0.4627207724944405 14
1756349751616 0.5297988121924193 15
1756349751670 0.4198101810787035 16
1756349751724 0.46139441624931665 17
1756349751778 0.3938625597435495 18
1756349751832 0.3901228347550268 19
1756349751886 0.40196157408797223 20
1756349751941 0.4388531614904818 21
1756349751995 0.3623571506013041 22
1756349752049 0.37495909307314 23
1756349752104 0.42630015831926593 24
1756349752158 0.3359151761169019 25
1756349752212 0.29729352308356244 26
1756349752267 0.35355589052905206 27
1756349752321 0.3737943159497302 28
1756349752376 0.34736584839613543 29
1756349752430 0.2917866739241973 30
1756349752484 0.24852706621522488 31
1756349752539 0.29555164925430133 32
1756349752593 0.30463083217973297 33
1756349752648 0.32947307695513184 34
1756349752702 0.3347905090321665 35
1756349752757 0.2731444343276646 36
1756349752811 0.22740461839281995 37
1756349752866 0.26114566235438635 38
1756349752921 0.2290051210185756 39
1756349752975 0.22736689837082572 40
1756349753030 0.3087574826634448 41
1756349753085 0.2791253211705581 42
1756349753140 0.22765257306720899 43
1756349753195 0.22860456873541293 44
1756349753249 0.18537993955871332 45
1756349753304 0.21476576833621316 46
1756349753359 0.2028723611779835 47
1756349753414 0.17679434366848157 48
1756349753469 0.2574130717826926 49
1756349753524 0.260253198120905 50
1756349753579 0.3300276197817015 51
1756349753634 0.26336061824922974 52
1756349753689 0.23420222492321677 53
1756349753744 0.21782001917776855 54
1756349753799 0.2509236841098122 55
1756349753854 0.23637006302242694 56
1756349753909 0.2105800334526145 57
1756349753964 0.19111032265683878 58
1756349754019 0.20065935603950336 59
1756349754074 0.16437966732875162 60
1756349754129 0.178851959174094 61
1756349754184 0.20463381934425104 62
1756349754239 0.16279697806938834 63
1756349754294 0.17087805368330167 64
1756349754349 0.1572975509840509 65
1756349754405 0.17413812001114307 66
1756349754460 0.13233958508657373 67
1756349754516 0.1322807507670444 68
1756349754571 0.1730328143938728 69
1756349754626 0.14275267687828644 70
1756349754682 0.12882013683733734 71
1756349754737 0.14161023432793823 72
1756349754793 0.1338301765853944 73
1756349754848 0.1218618987047154 74
1756349754904 0.1347398715822593 75
1756349754959 0.13486172647579855 76
1756349755015 0.13163658685010413 77
1756349755071 0.16527300133653308 78
1756349755126 0.12236387849501941 79
1756349755182 0.12638123544014018 80
1756349755237 0.14130163581474967 81
1756349755293 0.125554744316184 82
1756349755349 0.14562450835238333 83
1756349755405 0.11146267989407414 84
1756349755461 0.13897636694752652 85
1756349755517 0.1329153439273005 86
1756349755573 0.12411869932775912 87
1756349755629 0.10539473998157875 88
1756349755685 0.09393649256747702 89
1756349755742 0.09011284407714139 90
1756349755798 0.10748963673477588 91
1756349755854 0.10778569268143695 92
1756349755911 0.08683549143050028 93
1756349755968 0.08095593215978664 94
1756349756024 0.0995284706030203 95
1756349756080 0.11515863903838655 96
1756349756136 0.08423744579372199 97
1756349756193 0.08035905675395676 98
1756349756249 0.0865026579602905 99
1756349756305 0.1010921362625516 100
1756349756362 0.0966239940860997 101
1756349756418 0.07750196722538574 102
1756349756475 0.08594492061630539 103
1756349756532 0.11635267961284389 104
1756349756589 0.09598896814429242 105
1756349756645 0.09453076529114143 106
1756349756702 0.08382764507247054 107
1756349756758 0.07045212339447893 108
1756349756815 0.07050179852091748 109
1756349756872 0.07346948932694353 110
1756349756929 0.07428472489118576 111
1756349867274 1.9382545688877935 1
1756349867348 1.2492707086646038 2
1756349867416 1.3107517206150552 3
1756349867484 1.0952121200768843 4
1756349867552 0.8820537704488506 5
1756349867620 0.7396247024121492 6
1756349867689 0.5757172444592351 7
1756349867757 0.5307604644609534 8
1756349867826 0.44062300350355066 9
1756349867894 0.45565878308337665 10
1756349867963 0.43725360865178314 11
1756349868031 0.36672711890676746 12
1756349868100 0.39611822431502136 13
1756349868168 0.3662025254705678 14
1756349868237 0.33022462738596875 15
1756349868306 0.3353145990682685 16
1756349868374 0.4072795238183892 17
1756349868444 0.4850882486156795 18
1756349868512 0.3756565944008205 19
1756349868580 0.3537962449633557 20
1756349868649 0.37782131135463715 21
1756349868717 0.3378937367511832 22
1756349868786 0.4728803207045016 23
1756349868856 0.35645886348641437 24
1756349868924 0.2619832060907198 25
1756349868992 0.2750934757616209 26
1756349869061 0.24424705362838248 27
1756349869128 0.2540389746427536 28
1756349869198 0.2323322173046029 29
1756349869267 0.22767537508321845 30
1756349869335 0.21944054054177325 31
1756349869404 0.2325838192001633 32
1756349869473 0.18932245477386142 33
1756349869543 0.19245944690445196 34
1756349869613 0.1810094118118286 35
1756349869682 0.17462660048318945 36
1756349869751 0.19151631483565207 37
1756349869819 0.1735069460195044 38
1756349869888 0.17563098345113837 39
1756349869957 0.1500575846951941 40
1756349870025 0.12917005076356555 41
1756349870094 0.13653700766356094 42
1756349870163 0.19410949621511542 43
1756349870231 0.16468241292497385 44
1756349870300 0.16230329288088757 45
1756349870369 0.14549743999605594 46
1756349870437 0.14060334634521734 47
1756349870507 0.11675546933775363 48
1756349870576 0.14582556874855704 49
1756349870645 0.1369717976321345 50
1756349870714 0.11471742342995561 51
1756349870783 0.11807266234055809 52
1756349870852 0.1424569817988769 53
1756349870921 0.12281683702831683 54
1756349870991 0.11542655074078104 55
1756349871060 0.11772632015788037 56
1756349871129 0.10927363225947255 57
1756349871198 0.12025780182169832 58
1756349871267 0.1261437872181768 59
1756349871337 0.15457578230163324 60
1756349871406 0.11619778204223384 61
1756349871475 0.11730715648635574 62
1756349871544 0.10906580722202426 63
1756349871614 0.10369297181782515 64
1756349871683 0.10261831805109978 65
1756349871753 0.09482753341612608 66
1756349871822 0.10391003573718278 67
1756349871892 0.1054435991074728 68
1756349871962 0.10226442697255508 69
1756349872032 0.08931776962202528 70
1756349872102 0.09036926730819371 71
1756349872172 0.09212266799548398 72
1756349872241 0.09443779759432959 73
1756349872311 0.09298782406941704 74
1756349872381 0.10048032422428546 75
1756349872712 0.07464267426858777 76
1756349872783 0.07518762787399084 77
1756349872854 0.06799158275775287 78
1756349872925 0.06555112904828528 79
1756349872995 0.06860265492097191 80
1756349873066 0.06829329385705617 81
1756349873136 0.07410074851435164 82
1756349873207 0.06421890174565108 83
1756349873278 0.061116432366163834 84
1756349873348 0.06800502052773601 85
1756349983232 2.0643056890238887 1
1756349983314 2.0578363149062446 2
1756349983394 1.8660145790680596 3
1756349983473 1.4872482652249543 4
1756349983553 1.3764012585515562 5
1756349983632 1.1237930370413738 6
1756349983711 0.8454925081004268 7
1756349983791 0.7687353815721429 8
1756349983870 0.7648190052612968 9
1756349983949 0.7921490928401118 10
1756349984028 0.5708396577316782 11
1756349984108 0.5332774869773699 12
1756349984187 0.5904763535312985 13
1756349984267 0.5120743396489517 14
1756349984346 0.47648711049038434 15
1756349984427 0.4684998613336812 16
1756349984507 0.5452415269354115 17
1756349984587 0.5031225538772085 18
1756349984667 0.4036587722923445 19
1756349984746 0.3636073819969011 20
1756349984826 0.35434806994769885 21
1756349984906 0.3877036338267119 22
1756349984985 0.38251919202182605 23
1756349985065 0.3816544050755708 24
1756349985145 0.32279437391654303 25
1756349985225 0.35794515972552093 26
1756349985305 0.33514111391876056 27
1756349985384 0.3303533177012983 28
1756349985464 0.3942726474741231 29
1756349985544 0.3981676283090011 30
1756349985624 0.34611859204976453 31
1756349985705 0.28036764847195667 32
1756349985785 0.27288771064385126 33
1756349985865 0.30502297502496967 34
1756349985945 0.2835991972166559 35
1756349986026 0.283657180874244 36
1756349986106 0.2765751779079437 37
1756349986186 0.2651741297348686 38
1756349986266 0.2833827941314034 39
1756349986348 0.2666042466526446 40
1756349986429 0.23620330833870432 41
1756349986509 0.24597507326499277 42
1756349986590 0.21610550388045932 43
1756349986670 0.2189428848416909 44
1756349986752 0.23742630689040475 45
1756349986832 0.2308417604021404 46
1756349986913 0.21368841243826825 47
1756349986994 0.22189381070758984 48
1756349987074 0.21126831744028174 49
1756349987155 0.1943501098000485 50
1756349987236 0.19092144849507706 51
1756349987316 0.1880539134144783 52
1756349987396 0.17556434481040292 53
1756349987477 0.16569728857797125 54
1756349987558 0.18946336922438248 55
1756349987638 0.2169001905814461 56
1756349987719 0.19424177576666293 57
1756349987800 0.20760139175083325 58
1756349987881 0.1948787249300791 59
1756349987962 0.16865199512761572 60
1756349988042 0.17956732083921847 61
1756349988123 0.16621291054331738 62
1756349988204 0.16283922512894092 63
1756349988285 0.16848847010861273 64
1756349988366 0.13998801682306372 65
1756349988447 0.16188395800797836 66
1756349988528 0.16721359964298166 67
1756349988609 0.19337493407985437 68
1756349988690 0.18671454068111337 69
1756349988771 0.15831511176150778 70
1756349988852 0.16330560717893683 71
1756349988934 0.1575065060802128 72
1756349989015 0.2045797452978466 73
1756349989096 0.19229279199372168 74
1756349989177 0.15420354546412177 75
1756349989258 0.14277210766854492 76
1756349989340 0.17967564904171487 77
1756349989421 0.13500360820604407 78
1756349989503 0.15900149455536966 79
1756349989584 0.16955342046592548 80
1756349989666 0.14907913914193277 81
1756349989747 0.12389427034751228 82
1756349989829 0.11345212809417558 83
1756349989911 0.11671675288158914 84
1756349989993 0.12815118224724478 85
1756349990074 0.12352787865244824 86
1756349990156 0.13736090064048767 87
1756349990238 0.12689579537381296 88
1756349990319 0.11889607297337573 89
1756349990401 0.11850853167150331 90
1756349990482 0.10153661506331485 91
1756349990564 0.13554645977590396 92
1756349990646 0.11400576616111009 93
1756349990727 0.09507590240758398 94
1756349990810 0.10330748234106146 95
1756349990891 0.10640899415897287 96
1756349990973 0.10131267879320227 97
1756349991055 0.09447785078183464 98
1756349991136 0.09453276625793913 99
1756349991218 0.09200155443471411 100
1756349991300 0.09806325367611388 101
1756349991382 0.09985280085517012 102
1756349991464 0.08854458157135092 103
1756349991546 0.09045943747396054 104
1756349991628 0.08189824239715286 105
1756349991710 0.08592469309983046 106
1756349991793 0.08844017221227936 107
1756349991875 0.07916937412127205 108
1756349991957 0.09007547504228094 109
1756349992039 0.08064552850049475 110
1756349992122 0.09947984698026077 111
1756349992204 0.0821040065392204 112
1756349992287 0.0901019066248251 113
1756349992369 0.0781230714334094 114
1756349992451 0.09190841780408569 115
1756349992534 0.08138760454628778 116
1756349992616 0.07767781161743662 117
1756349992698 0.07222329776572145 118
1756349992780 0.08304944278105446 119
1756349992863 0.07195267243229825 120
1756349992945 0.07415301174573276 121
1756349993272 0.07114249305880588 122
1756349993355 0.06815550589691037 123
1756349993438 0.06384457744981932 124
1756349993521 0.0664343610405922 125
1756349993603 0.06797394755741824 126
1756349993686 0.07615341634854027 127
1756349993768 0.06988984816100287 128
1756349993851 0.06739128721149071 129
1756349993934 0.06825227484754894 130
1756349994017 0.06352622790828995 131
1756349994100 0.0739728013134521 132
1756349994182 0.06490834024937256 133
1756349994265 0.062491973295159965 134
1756349994348 0.06187587174708429 135
1756349994430 0.0635572717241619 136
1756349994513 0.0656832116453544 137
1756349994596 0.07241362252313158 138
1756349994679 0.06436014013445895 139
1756349994762 0.06766085666806801 140
1756349994845 0.06509560589557109 141
1756349994928 0.06214473024010658 142
1756350004038 1.922368158896764 1
1756350004123 1.1936105291048686 2
1756350004206 1.204095184803009 3
1756350004289 1.421144296725591 4
1756350004372 1.1881774266560872 5
1756350004456 1.1830475181341171 6
1756350004539 1.0243427554766338 7
1756350004622 0.9571443398793539 8
1756350004706 0.8131896654764811 9
1756350004790 0.9002279291550318 10
1756350004873 0.7773437400658926 11
1756350004957 0.6396413246790568 12
1756350005040 0.5550348783532778 13
1756350005124 0.5571257124344507 14
1756350005207 0.4744829808672269 15
1756350005291 0.5079902137319247 16
1756350005375 0.4586343715588252 17
1756350005459 0.4568733473618825 18
1756350005542 0.4242832660675049 19
1756350005627 0.424244003991286 20
1756350005711 0.36790253470341366 21
1756350005795 0.30286717042326927 22
1756350005879 0.36240258688728016 23
1756350005963 0.3228086394568284 24
1756350006047 0.37172623723745346 25
1756350006132 0.40359482169151306 26
1756350006216 0.35138627141714096 27
1756350006301 0.3351833149790764 28
1756350006386 0.30243225147326785 29
1756350006470 0.2697477725644906 30
1756350006554 0.26601633181174594 31
1756350006639 0.31061191608508426 32
1756350006723 0.30706050122777623 33
1756350006807 0.32628173505266506 34
1756350006892 0.34299072871605557 35
1756350006976 0.28588278715809184 36
1756350007060 0.3012864763538043 37
1756350007147 0.3030460985998313 38
1756350007232 0.2571055044730504 39
1756350007317 0.259674026320378 40
1756350007402 0.2719391460220019 41
1756350007488 0.2084561511874199 42
1756350007572 0.21307689075668654 43
1756350007657 0.19288704295953116 44
1756350007742 0.21770834550261497 45
1756350007827 0.20253244042396545 46
1756350007912 0.21338991448283195 47
1756350007997 0.19049064939220747 48
1756350008082 0.17728998760382333 49
1756350008167 0.19044379889965057 50
1756350008252 0.17573085178931555 51
1756350008338 0.17738697056969008 52
1756350008423 0.18828698496023813 53
1756350008508 0.18865532676378885 54
1756350008594 0.17629602178931236 55
1756350008679 0.16670014460881552 56
1756350008764 0.15871189845105013 57
1756350008850 0.17996058613061905 58
1756350008935 0.17370153280595937 59
1756350009020 0.16551394698520502 60
1756350009106 0.1471033754448096 61
1756350009191 0.16991273189584413 62
1756350009277 0.1676592001070579 63
1756350009363 0.16121810302138329 64
1756350009448 0.18895870571335158 65
1756350009534 0.16024432890117168 66
1756350009619 0.15785552188754082 67
1756350009705 0.18710574073096117 68
1756350009790 0.14233953567842642 69
1756350009876 0.14125875942409039 70
1756350009962 0.1394805802653233 71
1756350010048 0.12705187064905962 72
1756350010133 0.1251475034902493 73
1756350010219 0.12103070442875226 74
1756350010305 0.11871965415775776 75
1756350010391 0.1309749105324348 76
1756350010476 0.13470356600979963 77
1756350010561 0.12798359555502734 78
1756350010647 0.14370941122372946 79
1756350010733 0.13597995229065418 80
1756350025088 1.6149160136347231 1
1756350025176 1.1329473153404568 2
1756350025261 0.9919004932693813 3
1756350025348 1.0576409205146458 4
1756350025433 1.0050837527150693 5
1756350025519 0.8812890752502109 6
1756350025605 0.7360298957513727 7
1756350025691 0.6273170891015426 8
1756350025777 0.5689357583937438 9
1756350025863 0.5411022182392038 10
1756350025949 0.5120865663756495 11
1756350026035 0.6181309547113336 12
1756350026122 0.5911274681920591 13
1756350026208 0.47820346381353296 14
1756350026294 0.518714067728623 15
1756350026380 0.5659217977005503 16
1756350026466 0.5080712405235871 17
1756350026553 0.5067404702953671 18
1756350026639 0.5424268530762714 19
1756350026726 0.4622018894423609 20
1756350026812 0.3949427760165671 21
1756350026898 0.40088838727577875 22
1756350026985 0.39646282403365424 23
1756350027071 0.41878842335680255 24
1756350027158 0.4334122564481652 25
1756350027244 0.3748627661362938 26
1756350027331 0.3727207008911216 27
1756350027417 0.3518211984116098 28
1756350027504 0.3341178764467654 29
1756350027591 0.30871345232362335 30
1756350027677 0.32765747282816016 31
1756350027764 0.3051471710205078 32
1756350027852 0.2846237123012543 33
1756350027939 0.31332339799922443 34
1756350028027 0.3082794896934343 35
1756350028114 0.2926057097704514 36
1756350028202 0.2887830410314643 37
1756350028289 0.33102773324303003 38
1756350028376 0.2857539679693139 39
1756350028463 0.27196686293767847 40
1756350028550 0.2557590020739514 41
1756350028638 0.2336232331783875 42
1756350028725 0.24699273446331854 43
1756350029060 0.2419507788575214 44
1756350029148 0.2196189495532409 45
1756350029235 0.21384396306846454 46
1756350029323 0.2684596705695857 47
1756350029411 0.25571893997814343 48
1756350029498 0.26249211313931836 49
1756350029586 0.2169431376716365 50
1756350029673 0.22381520595239557 51
1756350029761 0.193304313265759 52
1756350029848 0.2076559112123821 53
1756350029936 0.22845466499743255 54
1756350030023 0.20580708267896072 55
1756350030111 0.20566978791485663 56
1756350030200 0.19377923789231674 57
1756350030288 0.18699468089186627 58
1756350030375 0.206409541161164 59
1756350030463 0.20108501872290735 60
1756350030550 0.19826165424740833 61
1756350030638 0.20408282072647757 62
1756350030726 0.16035916818224866 63
1756350030814 0.17755401393641596 64
1756350030902 0.16549732438896014 65
1756350030990 0.17874577479517978 66
1756350031078 0.16799295434485312 67
1756350031166 0.16146013626585837 68
1756350031254 0.16426724908144577 69
1756350031341 0.16324302521736725 70
1756350031429 0.1496483013033867 71
1756350031517 0.1449424355574276 72
1756350031604 0.13402720897094064 73
1756350031692 0.13403350827486618 74
1756350038410 1.8626904686292012 1
1756350038501 1.4597731630007427 2
1756350038590 1.2315655450026195 3
1756350038679 1.209172397851944 4
1756350038767 0.8368901014328003 5
1756350038855 0.621806393067042 6
1756350038943 0.5867015818754832 7
1756350039031 0.5594344139099121 8
1756350039119 0.4962412863969803 9
1756350039208 0.4377187490463257 10
1756350039296 0.39339078962802887 11
1756350039384 0.43271535138289136 12
1756350039472 0.3572028527657191 13
1756350039561 0.42327461143334705 14
1756350039649 0.37097948292891186 15
1756350039737 0.353186493118604 16
1756350039825 0.2941020379463832 17
1756350039915 0.29223092397054035 18
1756350040003 0.28914041817188263 19
1756350040092 0.26242278267939884 20
1756350040180 0.22834591070810953 21
1756350040269 0.2596730465690295 22
1756350040357 0.2381343295176824 23
1756350040446 0.2156965285539627 24
1756350040534 0.20127917329470316 25
1756350040623 0.18458674848079681 26
1756350040711 0.18208288153012595 27
1756350040799 0.1748528853058815 28
1756350040888 0.17663795749346414 29
1756350040977 0.18973247706890106 30
1756350041065 0.16874793668588003 31
1756350041154 0.18977872530619302 32
1756350041243 0.2009895866115888 33
1756350041332 0.16810997078816095 34
1756350041421 0.15791436036427817 35
1756350041509 0.13513346513112387 36
1756350041599 0.13418053090572357 37
1756350041688 0.1305785464743773 38
1756350041777 0.1637606273094813 39
1756350041865 0.13605195532242456 40
1756350041954 0.14089387406905493 41
1756350042043 0.11049860219160716 42
1756350042132 0.11604689185818036 43
1756350042221 0.10823137685656548 44
1756350042310 0.10219969848791759 45
1756350042400 0.09347446387012799 46
1756350042488 0.09657033781210582 47
1756350042577 0.09962811817725499 48
1756350042666 0.10000935693581899 49
1756350042755 0.10146990790963173 50
1756350042844 0.09386097267270088 51
1756350042933 0.086393886556228 52
1756350043023 0.09582673261562984 53
1756350043112 0.08812739575902621 54
1756350043201 0.08541776239871979 55
1756350043290 0.08807288855314255 56
1756350043378 0.08299342915415764 57
1756350043468 0.08083258693416913 58
1756350043557 0.07832997664809227 59
1756350043647 0.07088870430986087 60
1756350043736 0.08101780712604523 61
1756350043826 0.07221249490976334 62
1756350043916 0.07110248443981011 63
1756350044005 0.07442405944069226 64
1756350044095 0.07689289251963298 65
1756350044184 0.06957857372860114 66
1756350044273 0.07133103162050247 67
1756350044362 0.06941085557142894 68
1756350044452 0.08277870280047257 69
1756350044541 0.09327025959889094 70
1756350044630 0.09403193121155103 71
1756350044720 0.08986456009248893 72
1756350044809 0.07958154504497846 73
1756350044899 0.06925286228458087 74
1756350044989 0.06801386674245198 75
1756350045078 0.0673029621442159 76
1756350045168 0.07286897053321202 77
1756350045258 0.05758369900286198 78
1756350045348 0.06802085104087989 79
1756350045438 0.057728009298443794 80
1756350045527 0.053872413312395416 81
1756350045617 0.053724901750683784 82
1756350045707 0.05457143299281597 83
1756350045797 0.05575054449339708 84
1756350045887 0.0500722819318374 85
1756350045978 0.047303458054860435 86
1756350046069 0.051694730296730995 87
1756350046158 0.05147886027892431 88
1756350046248 0.048361641044418015 89
1756350046338 0.05415913462638855 90
1756350046428 0.05041603557765484 91
1756350046518 0.0449117012321949 92
1756350046609 0.041430010770757995 93
1756350046699 0.045954640954732895 94
1756350046789 0.04725863039493561 95
1756350046880 0.0473772045224905 96
1756350046972 0.050748164455095925 97
1756350047063 0.04712294662992159 98
1756350066882 1.430803506270699 1
1756350066975 1.4245976598366448 2
1756350067066 1.8100042394969775 3
1756350067157 1.434153287307076 4
1756350067248 1.080676556929298 5
1756350067338 0.6678766945134038 6
1756350067429 0.6747411657934603 7
1756350067520 0.5493131318817968 8
1756350067610 0.5836225424123846 9
1756350067701 0.4936782445596612 10
1756350067793 0.43678618902745453 11
1756350067883 0.3476740115362665 12
1756350067975 0.3127646238907524 13
1756350068066 0.29735326507817145 14
1756350068157 0.3327941382708757 15
1756350068499 0.28485259996808093 16
1756350068591 0.30729662335437274 17
1756350068683 0.2347431966791982 18
1756350068775 0.2132231275672498 19
1756350068867 0.18820806625096695 20
1756350068959 0.19011354478804962 21
1756350069053 0.2004368619426437 22
1756350069145 0.25178271046151285 23
1756350069237 0.2116217535475026 24
1756350069331 0.1982073482611905 25
1756350069423 0.1841372497703718 26
1756350069515 0.21180490631124246 27
1756350069607 0.21570925868075827 28
1756350069699 0.2071392069692197 29
1756350069791 0.17431908424781717 30
1756350069883 0.16981335891329724 31
1756350069975 0.1340689574894698 32
1756350070068 0.15399800402962643 33
1756350070160 0.1232898329263148 34
1756350070252 0.12301962401555933 35
1756350070344 0.14998031116050223 36
1756350070437 0.13292746893737628 37
1756350070529 0.11759687101711398 38
1756350070621 0.12472104831882146 39
1756350070714 0.13759039180434268 40
1756350070807 0.13136475500853165 41
1756350070899 0.12872555495604224 42
1756350070992 0.1155645826264568 43
1756350071085 0.11473625444847604 44
1756350071177 0.10272721103999925 45
1756350071269 0.09704236524260562 46
1756350071361 0.10684878281925035 47
1756350071454 0.15766918140908945 48
1756350071546 0.13504592394051346 49
1756350071638 0.09302841029737306 50
1756350071731 0.10431705026522926 51
1756350071823 0.08098569771517879 52
1756350071917 0.11303068243938943 53
1756350072010 0.08968993243963821 54
1756350072102 0.09643141309852185 55
1756350072195 0.10433239360218463 56
1756350072287 0.09742332282273666 57
1756350072380 0.08213991914754329 58
1756350072473 0.09024986900065256 59
1756350072565 0.08621609227164932 60
1756350072658 0.08802216402862383 61
1756350072751 0.06464392222140146 62
1756350072844 0.08313210794459218 63
1756350072936 0.08000186393442361 64
1756350073029 0.08625052156655685 65
1756350073122 0.0831753618043402 66
1756350073215 0.07634282508945983 67
1756350073308 0.06525815326882445 68
1756350073400 0.08745480442176694 69
1756350073493 0.07141533315829608 70
1756350073586 0.07741418173131735 71
1756350073679 0.07455463901810024 72
1756350073773 0.056681937497595085 73
1756350073866 0.06304666934453923 74
1756350073959 0.05984280145038729 75
1756350074052 0.06698957652501437 76
1756350074145 0.04946794830586599 77
1756350074239 0.06502244856370532 78
1756350074331 0.07606507716295512 79
1756350074424 0.06313359640214754 80
1756350074517 0.06319393662978774 81
1756350074611 0.05220724188763162 82
1756350074705 0.051387595012784004 83
1756350074799 0.047708467782839485 84
1756350074892 0.051014222690592644 85
1756350074985 0.05017869887144669 86
1756350075078 0.06332096149740012 87
1756350075171 0.05088747535710749 88
1756350075265 0.043683002905353256 89
1756350075358 0.049803282741619194 90
1756350075452 0.04068539558869341 91
1756350075546 0.051024923748944115 92
1756350075639 0.045097934406088745 93
1756350075732 0.04420836788156758 94
1756350075826 0.04991668357473353 95
1756350075920 0.0436699996985819 96
1756350076014 0.040933841353525284 97
1756350076107 0.039529973722022514 98
1756350076201 0.040770591034189514 99
1756350076295 0.03959015692057817 100
1756350076388 0.03751902751948522 101
1756350076482 0.03249161755261214 102
1756350182325 1.819366719411767 1
1756350182433 1.4745003814282625 2
1756350182535 1.75402787975643 3
1756350182637 1.32382470369339 4
1756350182762 0.751499161772106 5
1756350182865 0.6811610356621121 6
1756350182968 0.4855502312598021 7
1756350183071 0.46200640953105426 8
1756350183174 0.4599495646746262 9
1756350183276 0.4325425106546153 10
1756350183379 0.3736035046370133 11
1756350183482 0.36353303297706274 12
1756350183597 0.36834456609643024 13
1756350183700 0.28076289011084515 14
1756350183803 0.27488584492517554 15
1756350183905 0.26000716180905054 16
1756350184009 0.21417695737403372 17
1756350184111 0.2153986815525138 18
1756350184215 0.24691482924896738 19
1756350184318 0.2130081251911495 20
1756350184421 0.20466039621311685 21
1756350184532 0.17726210310407306 22
1756350184634 0.17757865203463513 23
1756350184737 0.16576676038296326 24
1756350184843 0.16848802696103635 25
1756350184947 0.1634129065534343 26
1756350185050 0.15503766711639322 27
1756350185153 0.13092991288589395 28
1756350185256 0.13289285418779953 29
1756350185359 0.14444288368458333 30
1756350185463 0.14178575834502344 31
1756350185566 0.1613576700506003 32
1756350185669 0.19712049287298453 33
1756350185772 0.30636346566936246 34
1756350185877 0.166221568117971 35
1756350185980 0.157502472076727 36
1756350186084 0.15059435173221256 37
1756350186188 0.1375385918047117 38
1756350186291 0.1325099474709967 39
1756350186395 0.12228906138435654 40
1756350186498 0.1452502864210502 41
1756350186601 0.1413475692920063 42
1756350186704 0.13592311982875285 43
1756350186807 0.1181135242399962 44
1756350186911 0.11167228464847026 45
1756350187021 0.13607858445333398 46
1756350187125 0.17980961145266242 47
1756350187228 0.14418252395546954 48
1756350187331 0.11498185571121133 49
1756350187434 0.10599620478308719 50
1756350187837 0.10967847186586131 51
1756350187941 0.0952552019254021 52
1756350188046 0.09237035736441612 53
1756350188150 0.07788240407472072 54
1756350188254 0.07158280261184859 55
1756350188358 0.08049353940979294 56
1756350188462 0.07639584836104642 57
1756350188566 0.08896216215646785 58
1756350188685 0.09871528945539308 59
1756350188790 0.06424275396958641 60
1756350188895 0.06443196535110474 61
1756350188999 0.07526173766540445 62
1756350189103 0.07997091260293256 63
1756350189208 0.07892213907578717 64
1756350189312 0.06962370451377786 65
1756350189418 0.06311570286102917 66
1756350189523 0.05685097303079522 67
1756350189627 0.06176212041274361 68
1756350189732 0.06730464295200679 69
1756350189837 0.055908363312482834 70
1756350189942 0.06615195034638695 71
1756350190047 0.06512945558389892 72
1756350190152 0.07782611591012581 73
1756350190256 0.060667898343956986 74
1756350190361 0.06541652102833209 75
1756350190474 0.06114739908472351 76
1756350190580 0.06107456577212914 77
1756350190684 0.0704061312843924 78
1756350190789 0.06142531788867453 79
1756350190894 0.05799115060464195 80
1756350190998 0.044798716821748276 81
1756350191103 0.04387446152775184 82
1756350191207 0.04762677605385366 83
1756350191312 0.04328381666994613 84
1756350203868 1.777646795563076 1
1756350203974 1.121282054030377 2
1756350204078 1.3709552132565042 3
1756350204182 1.3142511455909065 4
1756350204286 1.075371856274812 5
1756350204390 0.699651424003684 6
1756350204495 0.5260525099609209 7
1756350204600 0.4486025183097176 8
1756350204705 0.4724618585213371 9
1756350204810 0.4278051801349806 10
1756350204914 0.31412320810815564 11
1756350205019 0.3336101465899011 12
1756350205124 0.3524600695008817 13
1756350205229 0.3160558582647987 14
1756350205334 0.41089143312495685 15
1756350205439 0.2950406579867653 16
1756350205544 0.30501060770905536 17
1756350205649 0.3003827262183894 18
1756350205754 0.32925396963306097 19
1756350205859 0.26811044566009357 20
1756350205964 0.2632274796133456 21
1756350206070 0.19121831849865292 22
1756350206176 0.1936624144082484 23
1756350206281 0.15251553544531699 24
1756350206387 0.17159524009279584 25
1756350206494 0.1470163966650548 26
1756350206600 0.16002561832251755 27
1756350206705 0.15119601688955142 28
1756350206811 0.13165965158006418 29
1756350206916 0.12798714896906976 30
1756350207022 0.1260109566476034 31
1756350207128 0.10739105745502141 32
1756350207234 0.10453490621369818 33
1756350207339 0.09599120801557666 34
1756350207445 0.10213871591764948 35
1756350207550 0.09385656695003095 36
1756350207656 0.1021179032066594 37
1756350207762 0.10522492958799652 38
1756350207867 0.11107546933319258 39
1756350207973 0.09879203545658485 40
1756350208079 0.14005174585010693 41
1756350208186 0.1467464809184489 42
1756350208292 0.11706389778334161 43
1756350208398 0.1025199894995793 44
1756350208505 0.08341835196251454 45
1756350208612 0.09723242874378743 46
1756350208718 0.14293019441158875 47
1756350208824 0.13349179923534393 48
1756350208931 0.1333848438833071 49
1756350209037 0.09427112826834554 50
1756350209144 0.08145677346898161 51
1756350209251 0.07073393253528554 52
1756350209358 0.06420405873137972 53
1756350209708 0.061685061811105064 54
1756350209816 0.06837285990300386 55
1756350209923 0.056932303082683815 56
1756350210031 0.059509726241230965 57
1756350210139 0.06906800879084546 58
1756350210246 0.08417594772966011 59
1756350210353 0.049553830662499306 60
1756350210460 0.06009943410754204 61
1756350210567 0.07470373388217844 62
1756350322216 1.6983860471974248 1
1756350322336 1.407146718191064 2
1756350322453 1.1317667365074158 3
1756350322569 0.9884419700373774 4
1756350322686 0.7769818539204805 5
1756350322803 0.9239951864532803 6
1756350322920 0.6312543840511985 7
1756350323037 0.5200246093065842 8
1756350323154 0.4721673195776732 9
1756350323272 0.45889242187790247 10
1756350323389 0.3648766162602798 11
1756350323506 0.3789138780987781 12
1756350323624 0.4116679883521536 13
1756350323741 0.28650759354881616 14
1756350323859 0.26978678353454755 15
1756350323976 0.31669036266596423 16
1756350324094 0.3051515571449114 17
1756350324211 0.28762990365857666 18
1756350324329 0.2704095581303472 19
1756350324446 0.2741128271040709 20
1756350324563 0.283767084064691 21
1756350324681 0.2623396165992903 22
1756350324799 0.2577291111583295 23
1756350324916 0.2177777199641518 24
1756350325034 0.23115942756766858 25
1756350325154 0.3023582003686739 26
1756350325272 0.3072577844495359 27
1756350325389 0.2100484954274219 28
1756350325508 0.18526769785777383 29
1756350325626 0.18585391860941183 30
1756350325744 0.21052922049294348 31
1756350325862 0.18429776248724564 32
1756350325979 0.1532147695188937 33
1756350326097 0.14946045013873474 34
1756350326215 0.14498305320739746 35
1756350326333 0.171913575866948 36
1756350326450 0.1563637810556785 37
1756350326568 0.12074192613363266 38
1756350326686 0.1268582810526309 39
1756350326803 0.10732293776843858 40
1756350326921 0.11954708624145259 41
1756350327039 0.12384903852058493 42
1756350327158 0.15051231112169183 43
1756350327275 0.12004608822905499 44
1756350327394 0.09699639678001404 45
1756350327512 0.09593524508502173 46
1756350327630 0.09942653645639835 47
1756350327747 0.09711254987379779 48
1756350327865 0.12848919727232144 49
1756350327984 0.09235672976659692 50
1756350328102 0.0880269843923009 51
1756350328220 0.09165507555007935 52
1756350328338 0.10020200130732163 53
1756350328456 0.09332633229053539 54
1756350328574 0.11180759043149326 55
1756350328693 0.08671075591574544 56
1756350328812 0.11280602411083553 57
1756350328930 0.12050626783267311 58
1756350329049 0.09034143517846646 59
1756350329168 0.08429055304630943 60
1756350329539 0.06105300152431364 61
1756350329658 0.07510771942527397 62
1756350329777 0.07042866750903752 63
1756350329896 0.0784861247824586 64
1756350330016 0.06174717665366505 65
1756350330134 0.07705138234988503 66
1756350330253 0.08332808445329251 67
1756350330373 0.07819277064307877 68
1756350330492 0.06095524772029856 69
1756350330611 0.06276290604601735 70
1756350330730 0.06753916552533275 71
1756350330849 0.06829232706323914 72
1756350330968 0.05510705037285452 73
1756350331088 0.061623888495175735 74
1756350331208 0.05455763832382534 75
1756350331328 0.05958130907105363 76
1756350331447 0.05195025597577509 77
1756350331567 0.06732042133808136 78
1756350331687 0.053514119885537934 79
1756350331807 0.04829616164383681 80
1756350331927 0.05163507017752399 81
1756350332047 0.06040348647081334 82
1756350332166 0.07492701822648877 83
1756350332286 0.08536868833977243 84
1756350332407 0.06970806290274081 85
1756350332526 0.0636972111204396 86
1756350332646 0.06112263351678848 87
1756350332766 0.06125792083532914 88
1756350332885 0.04953741282224655 89
1756350333005 0.05171545343878477 90
1756350333125 0.04762517790431562 91
1756350333245 0.04990076419451962 92
1756350333365 0.04271476165108059 93
1756350333486 0.041099397141648376 94
1756350333606 0.047017183721713394 95
1756350333726 0.04832302859943846 96
1756350333846 0.04386379950396393 97
1756350333967 0.045712424523156624 98
1756350450866 1.7456748744715815 1
1756350450996 1.6235917340154233 2
1756350451123 1.1746437212695247 3
1756350451250 1.0327310510303662 4
1756350451376 0.7111110117124475 5
1756350451503 0.731757306534311 6
1756350451629 0.6711050427478292 7
1756350451755 0.48316833247309143 8
1756350451881 0.38682395349378174 9
1756350452008 0.42249295245046203 10
1756350452134 0.41898660296979157 11
1756350452261 0.4005208002484363 12
1756350452388 0.3363276273012161 13
1756350452514 0.3861602531827014 14
1756350452641 0.38208214873852936 15
1756350452769 0.3389619167732156 16
1756350452896 0.3618641495704651 17
1756350453022 0.32299619977888855 18
1756350453149 0.33413237916386646 19
1756350453277 0.34558653507543646 20
1756350453404 0.29432417711485986 21
1756350453531 0.25613411224406696 22
1756350453658 0.2595931220313777 23
1756350453786 0.2389741054047709 24
1756350453914 0.2335519861915837 25
1756350454041 0.22641690010609833 26
1756350454168 0.25917782278164575 27
1756350454295 0.24239525069361148 28
1756350454423 0.2097983813804129 29
1756350454816 0.24218481001646622 30
1756350454944 0.23124873702940735 31
1756350455073 0.18564777529757956 32
1756350455200 0.17985609756863635 33
1756350455327 0.21926250211570575 34
1756350455454 0.2243325240586115 35
1756350455582 0.2176284501733987 36
1756350455709 0.16869085573631784 37
1756350455836 0.17698242450537888 38
1756350455964 0.1577589489195658 39
1756350456092 0.18618223816156387 40
1756350456220 0.12566082924604416 41
1756350456349 0.1255244726072187 42
1756350456477 0.1329833325808463 43
1756350456604 0.12775920882173206 44
1756350456732 0.09607840329408646 45
1756350456859 0.09582090183444646 46
1756350456987 0.10054127612839574 47
1756350457115 0.108458929411743 48
1756350457242 0.0980672590110613 49
1756350457370 0.09989587881642839 50
1756350457498 0.1042197369362997 51
1756350457626 0.08180881518384685 52
1756350457754 0.07344202745867812 53
1756350457883 0.08946558460593224 54
1756350458011 0.08094057505545409 55
1756350458139 0.07280988618731499 56
1756350458267 0.08851587497021841 57
1756350458395 0.07724019650207914 58
1756350458523 0.07837319649432016 59
1756350458651 0.06213618652976077 60
1756350458780 0.06501448365009349 61
1756350458909 0.09688722050708273 62
1756350459037 0.07302584742074428 63
1756350459167 0.05972121558759524 64
1756350459295 0.05585603464556777 65
1756350459424 0.06083182699006537 66
1756350459552 0.06991778492279675 67
1756350459681 0.05919115958006486 68
1756350459810 0.05660071118694285 69
1756350459939 0.05942434266857479 70
1756350460070 0.07218012019343999 71
1756350460200 0.08816039497437685 72
1756350460329 0.07422662728830524 73
1756350460460 0.07003116073167842 74
1756350460589 0.07857354616989261 75
1756350460718 0.061032821140859436 76
1756350460847 0.05168548112978106 77
1756350460976 0.04756393210719461 78
1756350461106 0.04575648758074512 79
1756350479153 1.6767476226972498 1
1756350479287 1.2290899364844612 2
1756350479415 1.211082678774129 3
1756350479543 1.2849692624548208 4
1756350479671 0.7908534239167753 5
1756350479800 1.015606551066689 6
1756350479928 0.8818032275075498 7
1756350480058 0.6521098613739014 8
1756350480187 0.5435959683812183 9
1756350480316 0.5122665555580802 10
1756350480446 0.5730444128098695 11
1756350480575 0.4134121556644854 12
1756350480706 0.430070707331533 13
1756350480844 0.39758207746174024 14
1756350481246 0.4297054539556089 15
1756350481377 0.4058198112508525 16
1756350481507 0.425315683302672 17
1756350481640 0.4497141851031262 18
1756350481769 0.35690827602925507 19
1756350481898 0.4514724560405897 20
1756350482029 0.3065503097098807 21
1756350482159 0.28790578893993213 22
1756350482288 0.3202151902343916 23
1756350482417 0.32976411088653235 24
1756350482549 0.4149496697861215 25
1756350482678 0.29465892198293103 26
1756350482809 0.2728776128395744 27
1756350482939 0.2778720965851908 28
1756350483069 0.25939520739990735 29
1756350483198 0.23532538083584412 30
1756350483330 0.24843768710675446 31
1756350483462 0.25293748534244037 32
1756350483592 0.2847640592118968 33
1756350483722 0.2118108965780424 34
1756350483851 0.23980675378571387 35
1756350483981 0.2259059982455295 36
1756350484112 0.22357826323612875 37
1756350484244 0.21197719871997833 38
1756350484375 0.22606921779072803 39
1756350484505 0.23937116692895474 40
1756350484635 0.23710263164147086 41
1756350484765 0.2251894402763118 42
1756350484896 0.17995560493158258 43
1756350485027 0.2011078651184621 44
1756350485159 0.26312099138031836 45
1756350485289 0.2059091038030127 46
1756350485420 0.1845874643844107 47
1756350485550 0.18247540035973425 48
1756350485681 0.211347340889599 49
1756350485811 0.18162740767002106 50
1756350485942 0.1520265648546426 51
1756350486073 0.18394033027731854 52
1756350486203 0.19730282607285873 53
1756350486334 0.1877819322373556 54
1756350486464 0.17529867654261383 55
1756350486596 0.15301970198102618 56
1756350486727 0.14935646821623264 57
1756350486857 0.15586124004229254 58
1756350486988 0.1413561439384585 59
1756350487118 0.1394423029345015 60
1756350487249 0.1508818952285725 61
1756350487379 0.17707005467103876 62
1756350487510 0.17872594005387762 63
1756350487641 0.15958579564871994 64
1756350487772 0.13750326536271884 65
1756350487903 0.13213777412538943 66
1756350488034 0.12862557982620987 67
1756350488164 0.13283916821946268 68
1756350488295 0.12337952301554057 69
1756350488425 0.12271502452052158 70
1756350488556 0.14715599398250165 71
1756350488687 0.15402179826860843 72
1756350488818 0.13242364318474478 73
1756350488949 0.11788065925888393 74
1756350489079 0.11628406818794168 75
1756350489211 0.10382369743741077 76
1756350489342 0.12799907394725343 77
1756350489473 0.11652597784996033 78
1756350489605 0.10645756222631621 79
1756350489735 0.10452926158905029 80
1756350489867 0.11146638412838397 81
1756350489998 0.09606946081570956 82
1756350490129 0.12137697410324345 83
1756350490261 0.11772292852401733 84
1756350490393 0.09580756966834483 85
1756350490524 0.09059441122023956 86
1756350490655 0.09754084342199823 87
1756350490787 0.08945881883087366 88
1756350490918 0.10082178498091905 89
1756350491049 0.08558961975833644 90
1756350491345 0.09589653850897499 91
1756350491477 0.08341170847415924 92
1756350622056 1.8277479436086572 1
1756350622202 1.8802029309065447 2
1756350622344 1.2597230776496555 3
1756350622486 1.17479677044827 4
1756350622628 1.0660452298496081 5
1756350622769 1.2027981695921526 6
1756350622911 0.7323123203671497 7
1756350623053 0.7492769464202549 8
1756350623195 0.7768731013588284 9
1756350623337 0.6257548474747202 10
1756350623480 0.5827459498592045 11
1756350623623 0.5163592177888622 12
1756350623766 0.5214003194933352 13
1756350623908 0.5180558886217035 14
1756350624051 0.5422312798707382 15
1756350624194 0.4706468646940978 16
1756350624337 0.41782600983329443 17
1756350624481 0.4151028763988744 18
1756350624624 0.3803993087747823 19
1756350625015 0.3317122193782226 20
1756350625159 0.3629560172557831 21
1756350625303 0.45483222279859625 22
1756350625449 0.36623816256937775 23
1756350625593 0.363989993929863 24
1756350625737 0.35704971655555395 25
1756350625881 0.3064161195703175 26
1756350626024 0.30491479065107263 27
1756350626168 0.3466071130140968 28
1756350626311 0.3345043691604034 29
1756350626455 0.3057682358700296 30
1756350626599 0.29404463457024616 31
1756350626743 0.30228798868863477 32
1756350626888 0.30268965791101043 33
1756350627032 0.2639531195163727 34
1756350627177 0.24054332142290863 35
1756350627321 0.29364791901215265 36
1756350627465 0.2571798614833666 37
1756350627609 0.22628093543259994 38
1756350627752 0.22285755950471628 39
1756350627896 0.21917567693668863 40
1756350628039 0.22567719253508942 41
1756350628183 0.263491120999274 42
1756350628326 0.2200043207925299 43
1756350628470 0.2412515755580819 44
1756350628613 0.27080255617266114 45
1756350628757 0.23274602676215378 46
1756350628901 0.20005704527315887 47
1756350629045 0.27339421342248504 48
1756350629189 0.2550996503104334 49
1756350629333 0.20115590646215106 50
1756350629478 0.21768537682035696 51
1756350629622 0.21564650146857553 52
1756350629766 0.19969889521598816 53
1756350630064 0.1941975419935973 54
1756350630209 0.21175494466138922 55
1756350630353 0.1835424770479617 56
1756350630497 0.19704464984976727 57
1756350630642 0.17103373712819556 58
1756350630787 0.16583887098923975 59
1756350630931 0.14183589848487274 60
1756350631076 0.13484421372413635 61
1756350631220 0.13285296086383902 62
1756350631364 0.15524274953033612 63
1756350631509 0.16321259413076483 64
1756350631653 0.14864686714566272 65
1756350631797 0.15431747715110364 66
1756350631942 0.14521857739790625 67
1756350632087 0.1344454638336016 68
1756350632231 0.16379213495099026 69
1756350632378 0.1432540374605552 70
1756350632522 0.1330012128404949 71
1756350632667 0.1403386622019436 72
1756350632812 0.1379569853129594 73
1756350632957 0.11601091613588126 74
1756350633101 0.1367731353510981 75
1756350633245 0.1251891922691594 76
1756350633390 0.15599116035129712 77
1756350633534 0.1877983980204748 78
1756350633679 0.1216935457094856 79
1756350633822 0.1110762458132661 80
1756350633967 0.11367310907529748 81
1756350634111 0.09651224282772644 82
1756350634255 0.10225418857906175 83
1756350634579 0.10477798334930254 84
1756350634724 0.0977697456660478 85
1756350634870 0.1118111391754254 86
1756350635016 0.10732157204462134 87
1756350635162 0.10392424496619598 88
1756350635308 0.0911511738339196 89
1756350635453 0.09767491953528445 90
1756350635598 0.09165925208641135 91
1756350794567 1.7531692567078963 1
1756350794990 1.438312706740006 2
1756350795148 1.2488588302031807 3
1756350795306 0.9329214368177496 4
1756350795464 1.1400287980618684 5
1756350795622 0.968362904113272 6
1756350795781 0.7473902313605599 7
1756350795939 0.6502241051715353 8
1756350796096 0.5875411448271378 9
1756350796253 0.5730448611404585 10
1756350796411 0.5382189957991891 11
1756350796569 0.653082426475442 12
1756350796726 0.5376177326492642 13
1756350796883 0.5185584011285201 14
1756350797043 0.4482358059157496 15
1756350797201 0.4729645796444105 16
1756350797360 0.36633322290752246 17
1756350797518 0.35697661016298377 18
1756350797675 0.5527492839357128 19
1756350797834 0.5377933395945508 20
1756350797991 0.499202751595041 21
1756350798310 0.4521803661533024 22
1756350798468 0.42203151143115497 23
1756350798626 0.40341417297073034 24
1756350798783 0.3855283525974854 25
1756350798941 0.37916640289451764 26
1756350799099 0.5533363391523776 27
1756350799257 0.5180610146211542 28
1756350799415 0.44468896285347315 29
1756350799574 0.43309897443522577 30
1756350799733 0.3993422725926275 31
1756350799892 0.3672027885913849 32
1756350800051 0.3061254788999972 33
1756350800208 0.30120217411414435 34
1756350800367 0.3241485726574193 35
1756350800525 0.3174672509017198 36
1756350800684 0.3472049398266751 37
1756350800842 0.3246419092883234 38
1756350801002 0.32016508734744525 39
1756350801160 0.3298809690319974 40
1756350801320 0.31887096296186035 41
1756350801479 0.35525970031385834 42
1756350801637 0.31847927881323773 43
1756350801796 0.3207079107346742 44
1756350801953 0.24679386550965515 45
1756350802112 0.25088390448819037 46
1756350802271 0.23473411539326544 47
1756350802430 0.19692916876595953 48
1756350802588 0.20169600455657297 49
1756350802907 0.2216975837945938 50
1756350803066 0.23297032325164133 51
1756350803225 0.2027433184177979 52
1756350803384 0.21535567356192548 53
1756350803544 0.20542247561009033 54
1756350803703 0.2025320069945377 55
1756350803862 0.17672410251005835 56
1756350804020 0.18751047098118326 57
1756350804179 0.19162663979374844 58
1756350804338 0.17380622741968735 59
1756350804497 0.15928007370751837 60
1756350804655 0.17121169521756793 61
1756350804814 0.16959501608558322 62
1756350804973 0.17588045933972235 63
1756350805133 0.15802794435749884 64
1756350805291 0.15243242000756058 65
1756350805451 0.15383044857045877 66
1756350805609 0.17306511525226675 67
1756350805769 0.1483836650200512 68
1756350805928 0.15559991740662119 69
1756350806086 0.1346925322128379 70
1756350806245 0.12991371167742688 71
1756350806404 0.1361721355630004 72
1756350806564 0.11434766941744348 73
1756350806881 0.13024773967006933 74
1756350807040 0.10113725843636887 75
1756350807199 0.12425418813591418 76
1756350807358 0.13475408631822336 77
1756350807518 0.1353909357086472 78
1756350807677 0.14576263110274854 79
1756350807836 0.1342756382149199 80
1756350807995 0.10076573604474896 81
1756350808154 0.11393446993568669 82
1756350808312 0.10450079000514487 83
1756350808472 0.10061113196222679 84
1756350808632 0.10241038093100423 85
1756350808792 0.09105437994003296 86
1756350808951 0.09990173837412959 87
1756350809111 0.09884012798252313 88
1756350809270 0.09262784084548122 89
1756350809429 0.0851763230950936 90
1756350809588 0.09598729646076327 91
1756350809747 0.07529972412663957 92
1756350809906 0.07095854211112727 93
1756350810251 0.08005955831512161 94
1756350810410 0.07658531743547191 95
1756350810569 0.0752324168772801 96
1756350810728 0.074997972049143 97
1756350810888 0.07444364690910214 98
1756350811046 0.06748764297884444 99
1756350811205 0.06705879371451295 100
1756350811367 0.06745117303469907 101
1756350811527 0.06470711027150569 102
1756350811686 0.06517740225662357 103
1756350811846 0.07171353487216908 104
1756350812005 0.058617489331442375 105
1756350812165 0.05675412617299868 106
1756350812325 0.05513058262674705 107
1756350812484 0.07416159270898155 108
1756350812645 0.08423346604989923 109
1756350812805 0.06759850429775922 110
1756350812964 0.053593278093182525 111
1756350813125 0.050423197691207344 112
1756350813285 0.05776359238054441 113
1756350813625 0.054640618193408715 114
1756350824689 1.5065536101659138 1
1756350824851 1.4902492264906566 2
1756350825011 1.4400708079338074 3
1756350825190 1.081684986750285 4
1756350825351 0.8888661215702692 5
1756350825512 0.7062516808509827 6
1756350825674 0.8401553680499395 7
1756350825835 0.6175786902507147 8
1756350825997 0.5864101673165957 9
1756350826162 0.6047189484039942 10
1756350826324 0.5134203558166822 11
1756350826485 0.45379382620255154 12
1756350826646 0.47693025569121045 13
1756350826807 0.48669691880544025 14
1756350826969 0.4807722941040993 15
1756350827131 0.453108216325442 16
1756350827293 0.4415169581770897 17
1756350827455 0.33470287422339123 18
1756350827617 0.3578871215383212 19
1756350827779 0.30185089881221455 20
1756350827941 0.3148798222343127 21
1756350828367 0.3310443013906479 22
1756350828531 0.31058111290136975 23
1756350828693 0.31579114496707916 24
1756350828856 0.3898637729386489 25
1756350829019 0.30837830404440564 26
1756350829181 0.30624618877967197 27
1756350829343 0.29781504223744076 28
1756350829505 0.31559597700834274 29
1756350829666 0.27142538626988727 30
1756350829828 0.2528184528152148 31
1756350829991 0.22899344315131506 32
1756350830154 0.2084954691429933 33
1756350830320 0.2416148396829764 34
1756350830483 0.2638310876985391 35
1756350830645 0.24336030706763268 36
1756350830806 0.2743778924147288 37
1756350830969 0.2756381904085477 38
1756350831131 0.20158384491999945 39
1756350831294 0.22067690268158913 40
1756350831456 0.22854875524838766 41
1756350831780 0.21229677523175874 42
1756350831949 0.17951344947020212 43
1756350832113 0.19001598159472147 44
1756350832276 0.19992681220173836 45
1756350832445 0.16714278856913248 46
1756350832608 0.13736874423921108 47
1756350832770 0.14057757332921028 48
1756350832933 0.14390194229781628 49
1756350833094 0.16144951370855173 50
1756350833255 0.15683474143346152 51
1756350833417 0.15710420968631902 52
1756350833579 0.1501606081922849 53
1756350833743 0.1425819993019104 54
1756350833904 0.14168818232913813 55
1756350834067 0.12472188845276833 56
1756350834229 0.1508854441344738 57
1756350834392 0.143218744546175 58
1756350834553 0.1711811392257611 59
1756350834716 0.1711029832561811 60
1756350834879 0.13604382363458475 61
1756350835042 0.14655707776546478 62
1756350835204 0.13647796710332236 63
1756350835368 0.19280389323830605 64
1756350835531 0.1619451561321815 65
1756350835693 0.14118650679787 66
1756350835856 0.13743245912094912 67
1756350836019 0.12931902520358562 68
1756350836181 0.13270833591620126 69
1756350836526 0.16117310151457787 70
1756350836689 0.14713588232795397 71
1756350836853 0.11111179366707802 72
1756350837016 0.09835734032094479 73
1756350837180 0.10082375568648179 74
1756350837343 0.12352159370978673 75
1756350837506 0.10958307733138402 76
1756350837668 0.11171529876689117 77
1756350837832 0.11800530552864075 78
1756350837995 0.1035688587774833 79
1756350838172 0.09495289189120133 80
1756350838335 0.09615149348974228 81
1756350838501 0.10103870493670304 82
1756350838665 0.08955098999043305 83
1756350838829 0.0882256596038739 84
1756350838993 0.08741738895575206 85
1756350839156 0.10137311990062396 86
1756350839319 0.0979722539583842 87
1756350839483 0.09499205121149619 88
1756350839646 0.11833168317874272 89
1756350839810 0.10334431007504463 90
1756350839974 0.0847835981597503 91
1756350840139 0.08659871170918147 92
1756350840303 0.07639328359315793 93
1756350840649 0.07612383241454761 94
1756350840813 0.08621297155817349 95
1756350840977 0.07631409013022979 96
1756350841143 0.06610383217533429 97
1756350841307 0.07803050583849351 98
1756350841471 0.08377221940706174 99
1756350863845 2.291483889455381 1
1756350864011 1.678889124289803 2
1756350864174 1.6350001044895337 3
1756350864338 1.0690499621888865 4
1756350864501 0.9789636057356129 5
1756350864666 0.7681919621384662 6
1756350864829 0.8287582643654036 7
1756350864992 0.6847739232623059 8
1756350865155 0.7213853208915048 9
1756350865319 0.5646265058413796 10
1756350865483 0.7703279308650804 11
1756350865647 0.6410225292910701 12
1756350865810 0.5387504670930945 13
1756350866223 0.5164345606513645 14
1756350866387 0.552477962296942 15
1756350866554 0.6389193949492081 16
1756350866719 0.47382289819095447 17
1756350866883 0.570257113031719 18
1756350867047 0.49410944010900415 19
1756350867211 0.48834545327269513 20
1756350867376 0.45498368921487226 21
1756350867542 0.41891257205735083 22
1756350867708 0.45609086751937866 23
1756350867874 0.4182098158027815 24
1756350868037 0.3904366460831269 25
1756350868201 0.5172421932220459 26
1756350868365 0.3679666843103326 27
1756350868530 0.5443993871626647 28
1756350868694 0.4406324612057727 29
1756350868859 0.40189320496890857 30
1756350869024 0.3320646765439407 31
1756350869188 0.32966065536374634 32
1756350869355 0.33178282237571216 33
1756350869698 0.29167995699073956 34
1756350869863 0.2707784046297488 35
1756350870028 0.30523607005243714 36
1756350870192 0.3055665298648503 37
1756350870356 0.2766106672908949 38
1756350870520 0.2938609764627788 39
1756350870685 0.2876104216860688 40
1756350870850 0.23799423290335614 41
1756350871015 0.22083968507206958 42
1756350871181 0.19812950880631156 43
1756350871345 0.2368745084690011 44
1756350871510 0.24100300151368845 45
1756350871675 0.1903160884976387 46
1756350871840 0.1790778293557789 47
1756350872005 0.2017316244866537 48
1756350872170 0.1943984323221704 49
1756350872335 0.1814530556616576 50
1756350872500 0.1808080316885658 51
1756350872666 0.18525545817354452 52
1756350872834 0.14602494822896045 53
1756350872999 0.1500850209723348 54
1756350873165 0.22064322233200073 55
1756350873334 0.18960661473481552 56
1756350873499 0.16909571283537408 57
1756350873670 0.1810571820191715 58
1756350873836 0.1842640353285748 59
1756350874001 0.15264254516881445 60
1756350874167 0.15359534614759943 61
1756350874513 0.18158691732779794 62
1756350874679 0.18450117597113486 63
1756350874844 0.14836220346067264 64
1756350875009 0.11908034526783487 65
1756350875175 0.15873103102912073 66
1756350875363 0.15083330869674683 67
1756350875528 0.15266810001238532 68
1756350875692 0.1489516917778098 69
1756350875857 0.11235074018654616 70
1756350876022 0.11239878153023512 71
1756350876188 0.13911667012650034 72
1756350876366 0.13130485881929813 73
1756350876531 0.13781645148992538 74
1756350876697 0.11794153406568196 75
1756350876861 0.11213534487330395 76
1756350877028 0.10747624998507292 77
1756350877193 0.09612444691036058 78
1756350877359 0.11015379266894382 79
1756350877526 0.11230785594038341 80
1756350877691 0.1167758913791698 81
1756350877857 0.09859826820700066 82
1756350878023 0.09918417716803758 83
1756350878190 0.09120345374812251 84
1756350878535 0.08221047420216643 85
1756350878701 0.11654542823848517 86
1756350878869 0.09439194348195325 87
1756350879035 0.0919102639283823 88
1756350879202 0.08056879140760588 89
1756350879369 0.08556038270825925 90
1756350879536 0.08453093744490457 91
1756350879701 0.08559492781110432 92
1756350879868 0.09944387816864511 93
1756350880034 0.07454486968724625 94
1756350880201 0.08046454547540001 95
1756350880368 0.08026014219807542 96
1756350880534 0.07050410811991795 97
1756350880700 0.08071163960773012 98
1756350880867 0.06610582477372626 99
1756350881034 0.07618054634203082 100
1756350881200 0.06509102913348572 101
1756350881368 0.06692038994768391 102
1756350881535 0.07089292517174846 103
1756350881703 0.0636963544656401 104
1756350881870 0.07086201433254324 105
1756350882200 0.07526946553717488 106
1756350882369 0.06711302406114081 107
1756350882537 0.06365723632599997 108
1756350882706 0.06445905355655629 109
1756350882874 0.058400924439015595 110
1756350883043 0.05556367159537647 111
1756350883212 0.06487058014001536 112
1756350883381 0.06068497515566971 113
1756350883549 0.05286093517813994 114
1756351017871 2.068269431591034 1
1756351018050 2.21175483862559 2
1756351018231 2.2640861670176187 3
1756351018412 2.1722710331281028 4
1756351018588 2.2649680376052856 5
1756351018766 1.4638851483662922 6
1756351018944 1.5155160625775654 7
1756351019120 1.0154770414034526 8
1756351019298 1.0564068953196208 9
1756351019475 0.7092552284399668 10
1756351019653 0.6704071859518687 11
1756351019830 0.606529176235199 12
1756351020269 0.5334590375423431 13
1756351020448 0.47885848085085553 14
1756351020626 0.43232731024424237 15
1756351020803 0.4284709294637044 16
1756351020980 0.35860706865787506 17
1756351021158 0.36050249139467877 18
1756351021335 0.372007558743159 19
1756351021512 0.3314726303021113 20
1756351021689 0.42418362696965534 21
1756351021867 0.3823768049478531 22
1756351022047 0.35242336988449097 23
1756351022224 0.31219098965326947 24
1756351022402 0.2765315001209577 25
1756351022579 0.26013558109601337 26
1756351022755 0.23410062988599142 27
1756351022934 0.23730367670456567 28
1756351023274 0.2310160497824351 29
1756351023452 0.2589126105109851 30
1756351023630 0.2552899246414502 31
1756351023808 0.2683501789967219 32
1756351023987 0.24378108233213425 33
1756351024165 0.22354414562384287 34
1756351024343 0.24754518270492554 35
1756351024521 0.20503340661525726 36
1756351024700 0.19485935817162195 37
1756351024877 0.19317578027645746 38
1756351025055 0.16833840310573578 39
1756351025233 0.1667208100358645 40
1756351025412 0.17854687571525574 41
1756351025589 0.14547587682803473 42
1756351025768 0.17967516432205835 43
1756351026110 0.2038820261756579 44
1756351026288 0.14770561705032983 45
1756351026467 0.1703722116847833 46
1756351026645 0.16564559688170752 47
1756351026824 0.14847313861052194 48
1756351027001 0.13907029231389365 49
1756351027179 0.18057240545749664 50
1756351027357 0.2157023698091507 51
1756351027534 0.18594168623288473 52
1756351027713 0.17700204998254776 53
1756351027890 0.1291363500058651 54
1756351028067 0.11954106017947197 55
1756351028245 0.11274231721957524 56
1756351028425 0.09970042606194814 57
1756351028604 0.11279763157169025 58
1756351028784 0.11196675524115562 59
1756351029121 0.12043577805161476 60
1756351029300 0.10274359335501988 61
1756351029479 0.0963735356926918 62
1756351029659 0.09579450140396754 63
1756351029839 0.08240549887220065 64
1756351030019 0.08581694091359775 65
1756351030199 0.09264157091577847 66
1756351030378 0.09954912091294925 67
1756351030557 0.09874757565557957 68
1756351030736 0.09769003962477048 69
1756351030915 0.09475590412815411 70
1756351031095 0.10292663921912511 71
1756351031273 0.08427451178431511 72
1756351031451 0.08472352288663387 73
1756351031630 0.0935941847662131 74
1756351031963 0.11445036282142003 75
1756351032142 0.1103375976284345 76
1756351032322 0.1020628238717715 77
1756351032500 0.08580172806978226 78
1756351032680 0.08265097935994466 79
1756351032859 0.07014613536496957 80
1756351033038 0.08859362204869588 81
1756351033217 0.07730103035767873 82
1756351033396 0.07188993195692699 83
1756351033576 0.0698309913277626 84
1756351033756 0.07654545207818349 85
1756351033935 0.07001756380001704 86
1756351034114 0.07591781578958035 87
1756351034292 0.059170148645838104 88
1756351054366 1.881367185841436 1
1756351054549 1.7821861712828926 2
1756351054728 1.605801706728728 3
1756351054908 1.7808742834174114 4
1756351055087 1.3579710877459983 5
1756351055268 0.9244265297184819 6
1756351055447 0.7091446182002192 7
1756351055627 0.6495673669421155 8
1756351055806 0.6499529701212178 9
1756351055985 0.7006015414777009 10
1756351056166 0.46670416774957074 11
1756351056345 0.5134774433529895 12
1756351056526 0.422489477240521 13
1756351056706 0.477078791545785 14
1756351056887 0.4428135273249253 15
1756351057067 0.44121292103891785 16
1756351057497 0.3913880262685859 17
1756351057677 0.34513797319453693 18
1756351057858 0.3120285356822221 19
1756351058039 0.3174089944880942 20
1756351058220 0.3084355942581011 21
1756351058401 0.28452514695084613 22
1756351058582 0.2965057278456895 23
1756351058762 0.32706178789553436 24
1756351058943 0.27155658732289856 25
1756351059126 0.2538727159085481 26
1756351059306 0.24807693841664688 27
1756351059486 0.29454937188521674 28
1756351059666 0.2629035743682281 29
1756351059846 0.23846534671990768 30
1756351060025 0.251409487231918 31
1756351060369 0.20399921419827835 32
1756351060550 0.18787060710399048 33
1756351060731 0.20601728688115659 34
1756351060911 0.2127800026665563 35
1756351061093 0.21846743964630624 36
1756351061274 0.2556550463904505 37
1756351061457 0.2171225159064583 38
1756351061638 0.18905826107315396 39
1756351061818 0.17824083955391593 40
1756351062000 0.22086123085540274 41
1756351062180 0.1965698272637699 42
1756351062363 0.17872261353161023 43
1756351062545 0.19501845117496408 44
1756351062727 0.19484480178874472 45
1756351062909 0.20219164762807929 46
1756351063090 0.18595785323692404 47
1756351063437 0.3505581656227941 48
1756351063618 0.28949524332647736 49
1756351063799 0.3269168073716371 50
1756351063980 0.2612156731926877 51
1756351064161 0.23881253081819284 52
1756351064342 0.22144922095796335 53
1756351064524 0.18955328477465588 54
1756351064705 0.21608932705029196 55
1756351064886 0.19312570568012155 56
1756351065066 0.1751553127947061 57
1756351065247 0.17297944750474847 58
1756351065427 0.19853728685690009 59
1756351065608 0.15204067657823148 60
1756351065789 0.13947319498528604 61
1756351065970 0.13827898191369098 62
1756351066309 0.17644181394058725 63
1756351066489 0.1384931355714798 64
1756351066671 0.1266943498150162 65
1756351066852 0.12472827279049417 66
1756351067034 0.14505275695220285 67
1756351067216 0.1261687294944473 68
1756351067397 0.13472437988156857 69
1756351067579 0.11689377770475719 70
1756351067760 0.14660010616416516 71
1756351067941 0.1413840991647347 72
1756351068122 0.12224549670582233 73
1756351068304 0.12510014033835867 74
1756351068486 0.1084445358618446 75
1756351068668 0.11691472290650658 76
1756351068849 0.125181730998599 77
1756351069031 0.10216346966183704 78
1756351069376 0.10774256710125052 79
1756351069559 0.11201769858598709 80
1756351069742 0.10343682296250177 81
1756351069925 0.093670596247134 82
1756351070107 0.10132439645088237 83
1756351070289 0.09908714339784953 84
1756351070472 0.12208112879939702 85
1756351070655 0.08807433963469836 86
1756351070838 0.1036636957331844 87
1756351071021 0.09596680849790573 88
1756351071204 0.08827360184944194 89
1756351071388 0.08030733336573062 90
1756351071571 0.08577946152376092 91
1756351071753 0.0831766672756361 92
1756351071937 0.09314352241547211 93
1756351072120 0.08418702933451404 94
1756351072466 0.08167044850795166 95
1756351072649 0.09023258397760599 96
1756351072831 0.08894057183162025 97
1756351073013 0.08086883778805318 98
1756351073195 0.07085517680515414 99
1756351073377 0.07982487701203513 100
1756351091817 1.820622216100278 1
1756351092003 1.6140170719312585 2
1756351092184 2.011363604794378 3
1756351092368 1.133839355862659 4
1756351092552 0.9833451146664827 5
1756351092733 0.7632851626562036 6
1756351092915 0.6744189599285955 7
1756351093358 0.5504470869250919 8
1756351093541 0.4798594635465871 9
1756351093723 0.4448248186837072 10
1756351093906 0.6085771192675051 11
1756351094088 0.5735124103401018 12
1756351094271 0.528440465097842 13
1756351094455 0.476422940907271 14
1756351094638 0.4672863289065983 15
1756351094820 0.44806335672088293 16
1756351095003 0.44359544113926264 17
1756351095185 0.41109005070250965 18
1756351095367 0.35893794829430786 19
1756351095549 0.4718111636845962 20
1756351095732 0.4080501717069875 21
1756351095914 0.3464994909970657 22
1756351096097 0.3698923056540282 23
1756351096449 0.3133341229480246 24
1756351096632 0.29029651569283527 25
1756351096815 0.31552536202513654 26
1756351096997 0.3292138913403387 27
1756351097179 0.3031199308841125 28
1756351097361 0.2558223456144333 29
1756351097542 0.2719277946845345 30
1756351097724 0.2609253350807273 31
1756351097906 0.2689059182353642 32
1756351098088 0.2618152285399644 33
1756351098271 0.23787051828011221 34
1756351098453 0.23721906931503958 35
1756351098635 0.2407696745965792 36
1756351098816 0.2071457116500191 37
1756351098998 0.2460352545199187 38
1756351099351 0.23111264148484106 39
1756351099533 0.1991991497900175 40
1756351099716 0.1923654617174812 41
1756351099898 0.18248112046200296 42
1756351100081 0.2252689347318981 43
1756351100263 0.2925818523635035 44
1756351100451 0.29284151999846747 45
1756351100634 0.22470376802527386 46
1756351100818 0.22928123823974444 47
1756351101001 0.23093592796636664 48
1756351101183 0.183684053628341 49
1756351101367 0.17249356404594754 50
1756351101552 0.20468476544255795 51
1756351101734 0.20436383524666663 52
1756351101919 0.18605334344117538 53
1756351102102 0.184549397100573 54
1756351102453 0.15730730541374371 55
1756351102637 0.1695357658292936 56
1756351102820 0.15726825951234155 57
1756351103004 0.16470824214427368 58
1756351103187 0.13943208689274994 59
1756351103370 0.14319130065648453 60
1756351103553 0.14320899254601935 61
1756351103736 0.1434382125735283 62
1756351103919 0.14186425150736517 63
1756351104103 0.14164618953414584 64
1756351104285 0.15201955839343692 65
1756351104469 0.13642859523710998 66
1756351104652 0.13133105635643005 67
1756351104834 0.13680692664954974 68
1756351105018 0.1258355852054513 69
1756351105376 0.12210251455721648 70
1756351105559 0.1257947058133457 71
1756351105742 0.11216237088260443 72
1756351105925 0.11570095853961032 73
1756351106109 0.13074635487535727 74
1756351106292 0.16097946141077124 75
1756351106475 0.12772199187589728 76
1756351106659 0.11300923189391261 77
1756351106843 0.10417242542557094 78
1756351107026 0.09702910742034083 79
1756351107209 0.10168232590607974 80
1756351107393 0.12101041979115942 81
1756351107577 0.11316751170417537 82
1756351107761 0.09562989551088084 83
1756351107945 0.09332265850642453 84
1756351108128 0.09919991538576457 85
1756351108474 0.09320107912239821 86
1756351108658 0.09943451813381651 87
1756351108842 0.08919442882356436 88
1756351109025 0.08205507841447125 89
1756351278862 1.7462750984274822 1
1756351279059 1.5583927579548047 2
1756351279254 1.3826858090317768 3
1756351279450 1.4054496132809182 4
1756351279645 0.9775688181752744 5
1756351280090 0.8555500157501387 6
1756351280284 0.752233141142389 7
1756351280479 0.8160747496978097 8
1756351280675 0.7415539622306824 9
1756351280870 0.5137066633804984 10
1756351281065 0.5220235819401948 11
1756351281261 0.5661812554235044 12
1756351281457 0.5090564968793289 13
1756351281651 0.45363748462303827 14
1756351281845 0.42422005922898004 15
1756351282040 0.44046415971673053 16
1756351282234 0.38441596925258636 17
1756351282430 0.341058725896089 18
1756351282626 0.31415459448876587 19
1756351282821 0.3841903702072475 20
1756351283175 0.36569961775904114 21
1756351283371 0.3478837447321933 22
1756351283566 0.30292496668255847 23
1756351283762 0.2937777489423752 24
1756351283957 0.4433230854894804 25
1756351284154 0.3483657493539479 26
1756351284350 0.3658409338930379 27
1756351284546 0.3336977278408797 28
1756351284740 0.43225181556266284 29
1756351284936 0.3038903941278872 30
1756351285131 0.3235286921262741 31
1756351285326 0.2817543550677922 32
1756351285520 0.2566364595423574 33
1756351285715 0.24641548356284265 34
1756351285909 0.2215866822263469 35
1756351286108 0.2544274232957674 36
1756351286465 0.2793851902951365 37
1756351286661 0.27012702433959296 38
1756351286857 0.32150483066621033 39
1756351287052 0.2779862738173941 40
1756351287248 0.20905613899230957 41
1756351287443 0.23638239826845087 42
1756351287639 0.17988680659428888 43
1756351287835 0.18394092891527258 44
1756351288031 0.1670995863235515 45
1756351288226 0.18547903390034384 46
1756351288421 0.1924985873958339 47
1756351288618 0.20395200181266535 48
1756351288815 0.183625602527805 49
1756351289011 0.18139451644990756 50
1756351289208 0.18325191055950912 51
1756351289404 0.14611752169287723 52
1756351289755 0.16768471410740976 53
1756351289951 0.2156154856733654 54
1756351290147 0.23645066793846048 55
1756351290343 0.16857045111448868 56
1756351290539 0.14928911853095758 57
1756351290735 0.14984972062318222 58
1756351290931 0.15079497837502023 59
1756351291126 0.1521926499579264 60
1756351291323 0.1421816326353861 61
1756351291518 0.14047008752822876 62
1756351291714 0.15019597761009051 63
1756351291909 0.15622386595477228 64
1756351292105 0.15418482604234116 65
1756351292301 0.16075211892957272 66
1756351292498 0.17266275992859964 67
1756351292851 0.15635606095842694 68
1756351293047 0.12609058780514676 69
1756351293244 0.1223748417004295 70
1756351293441 0.11589825509682945 71
1756351293638 0.1295081373790036 72
1756351293834 0.12904196912827698 73
1756351294031 0.12300338110198146 74
1756351294227 0.11268840422448904 75
1756351294424 0.13060836493968964 76
1756351294621 0.11070025647464006 77
1756351294818 0.10475869995096455 78
1756351295015 0.09716251022789789 79
1756351295212 0.13293460238239038 80
1756351295407 0.10147640562575796 81
1756351295605 0.11263013048016507 82
1756351295802 0.12453720329896263 83
1756351296155 0.13085458654424417 84
1756351296353 0.11256520612084348 85
1756351296556 0.09408006671330203 86
1756351296755 0.09919601111956265 87
1756351296951 0.08657003275078276 88
1756351297148 0.10344939743695052 89
1756351297346 0.10810174404279045 90
1756351297543 0.08427324664333592 91
1756351297740 0.08700537244262903 92
1756351297938 0.08988548847644226 93
1756351298135 0.08205469373775565 94
1756351298332 0.0988186173464941 95
1756351298530 0.0821598339016023 96
1756351298727 0.09002048003932704 97
1756351298925 0.08878066795675651 98
1756351299281 0.07549129912386769 99
1756351299479 0.08636425111604773 100
1756351299677 0.08481743607832037 101
1756351299874 0.07822750800329706 102
1756351300070 0.0800505523448405 103
1756351300268 0.07434059517539066 104
1756351300466 0.07478742965537569 105
1756351300664 0.07294142683563025 106
1756351300862 0.06810228056881738 107
1756351301059 0.06560336944201718 108
1756351301256 0.06584938081062358 109
1756351301453 0.06693832592471786 110
1756351301652 0.07484567132980927 111
1756351301850 0.06387121521908304 112
1756351302048 0.07300645339748134 113
1756351302246 0.07260458082284617 114
1756351302602 0.06571038528952909 115
1756351302800 0.063866944902617 116
1756351302997 0.06922625879878583 117
1756351303197 0.07401874661445618 118
1756351303394 0.07105281625104987 119
1756351303592 0.06444148524947789 120
1756351303790 0.07125485688447952 121
1756351303988 0.06433827268040698 122
1756351304186 0.06091160602543665 123
1756351304386 0.05305440610517626 124
1756351304583 0.05682692887342494 125
1756351304781 0.06496814897526866 126
1756351304978 0.05521452086775199 127
1756351305175 0.0641636702677478 128
1756351305371 0.06110853507466938 129
1756351305728 0.06713929829066215 130
1756351305925 0.06684686162549516 131
1756351306123 0.06479714098184006 132
1756351306320 0.06221998482942581 133
1756351306518 0.06260407489279042 134
1756351306715 0.05291399926595066 135
1756351306918 0.048931446007412414 136
1756351307116 0.06003798123287118 137
1756351450923 1.631773451100225 1
1756351451140 1.3792831690415093 2
1756351451348 1.529425587343133 3
1756351451555 1.2081942221392756 4
1756351451765 1.2322395055190376 5
1756351451972 1.0878986327544502 6
1756351452181 0.6766822649085004 7
1756351452388 0.7647839188575745 8
1756351452594 0.7896750076957371 9
1756351452801 0.6898684216582257 10
1756351453701 0.5402165158935215 11
1756351453912 0.4951736460561338 12
1756351454122 0.5393214264641637 13
1756351454332 0.6142906831658405 14
1756351454541 0.5215498286744823 15
1756351454750 0.4339439480201058 16
1756351454958 0.4933389554853025 17
1756351455166 0.4652832532706468 18
1756351455376 0.4143831211587657 19
1756351455586 0.3512229472398758 20
1756351455796 0.29183341757110925 21
1756351456005 0.32242504086183466 22
1756351456214 0.2988420763741369 23
1756351456428 0.3023304265478383 24
1756351456639 0.2880147267942843 25
1756351456848 0.40970673509266065 26
1756351457545 0.31746771413346997 27
1756351457756 0.2819805397935536 28
1756351457966 0.25537088902100274 29
1756351458175 0.3120253209186637 30
1756351458383 0.25390820529149927 31
1756351458592 0.2441325861474742 32
1756351458801 0.22259894726069077 33
1756351459009 0.24837381036385245 34
1756351459217 0.20637604237898535 35
1756351459425 0.19040318060180414 36
1756351459632 0.249462243007577 37
1756351459840 0.2576106417438258 38
1756351460047 0.23445526478083237 39
1756351460256 0.257338076505972 40
1756351460463 0.270434373098871 41
1756351461121 0.24913060697524445 42
1756351461332 0.17968229269203934 43
1756351461541 0.17535011211167212 44
1756351461750 0.1683834340909253 45
1756351461959 0.17140934389570486 46
1756351462170 0.17850236011588055 47
1756351462380 0.19704142212867737 48
1756351462589 0.1811687188303989 49
1756351462798 0.19107823786528214 50
1756351463006 0.16269406741080078 51
1756351463215 0.14162934441929279 52
1756351463422 0.13664074371690335 53
1756351463631 0.1555073368160621 54
1756351463840 0.13021617739096933 55
1756351464048 0.12022802881572557 56
1756351464258 0.16407664265969527 57
1756351464916 0.18871608084958533 58
1756351465127 0.1670481954579768 59
1756351465336 0.14841613400241602 60
1756351465544 0.13674717104953268 61
1756351465752 0.11445599794387817 62
1756351465962 0.13164211096970932 63
1756351466171 0.1523638960459958 64
1756351466379 0.12548219866078833 65
1756351466588 0.10969391513777815 66
1756351466795 0.12893251621204874 67
1756351467003 0.11624143855727237 68
1756351467211 0.10486057238734287 69
1756351467418 0.13243695704833322 70
1756351467626 0.11075124986793684 71
1756351467835 0.11148598223276761 72
1756351468042 0.11762352919448978 73
1756351468693 0.09977218233372855 74
1756351468904 0.10754416607644247 75
1756351469115 0.12032562947791556 76
1756351469325 0.09776542011810385 77
1756351469534 0.11065099712299264 78
1756351469742 0.12627591322297635 79
1756351469950 0.1095881951243981 80
1756351470159 0.09382194118655246 81
1756351470369 0.09320401497509169 82
1756351470578 0.09900847968199979 83
1756351470786 0.08760235717763072 84
1756351470994 0.10791663064256958 85
1756351471202 0.10582884320098421 86
1756351471412 0.08961905862974084 87
1756351471621 0.08607834399394367 88
1756351472288 0.08629538750518924 89
1756351472500 0.08462264583162639 90
1756351472713 0.0808554602705914 91
1756351472923 0.08815619527645734 92
1756351473132 0.07983247401273769 93
1756351473341 0.09074030573601308 94
1756351473549 0.08477632669003113 95
1756351473758 0.09301233680351921 96
1756351473967 0.08620223208614018 97
1756351474177 0.0712506795383018 98
1756351474385 0.07045881320600925 99
1756351474595 0.08312349653114444 100
1756351474803 0.07733376631918161 101
1756351475011 0.06680954020956288 102
1756351475219 0.06585439488939616 103
1756351475427 0.06146749157620513 104
1756351476200 0.06870947923997174 105
1756351476413 0.07621992865334386 106
1756351476624 0.06271376185443091 107
1756351476834 0.0762873018241447 108
1756351477043 0.06535474146189897 109
1756351477252 0.055289647177509636 110
1756351477461 0.06700254037328389 111
1756351477669 0.06625226269597592 112
1756351477879 0.06159725526104803 113
1756351478088 0.06238311294304288 114
1756351478297 0.0542210781055948 115
1756351478507 0.06251480155017065 116
1756351652675 1.7401993222858594 1
1756351652897 1.7893631043641463 2
1756351653116 1.5872904114101245 3
1756351653335 1.2548282457434612 4
1756351653555 0.7556341523709504 5
1756351653773 0.6861621659734974 6
1756351653992 0.6365272584168807 7
1756351654210 0.5770228142323701 8
1756351654429 0.7070015020992445 9
1756351654648 0.5823638270730558 10
1756351654867 0.5097247077071149 11
1756351655335 0.4477579846330311 12
1756351655555 0.5857504683992137 13
1756351655776 0.43541319992231287 14
1756351655997 0.5152306491914003 15
1756351656218 0.429522393838219 16
1756351656438 0.38553240765695984 17
1756351656658 0.4001826954924542 18
1756351656878 0.42910483479499817 19
1756351657098 0.450299313534861 20
1756351657319 0.3773490695849709 21
1756351657537 0.42007263004779816 22
1756351657756 0.36690522795138153 23
1756351657976 0.32513077103573346 24
1756351658197 0.3099244755247365 25
1756351658417 0.2780579205440438 26
1756351658800 0.3286664012981498 27
1756351659021 0.3104374479988347 28
1756351659243 0.26049604558426404 29
1756351659468 0.3183308217836463 30
1756351659690 0.2914685555126356 31
1756351659910 0.30260746958463086 32
1756351660129 0.3117488227460695 33
1756351660349 0.24612385164136472 34
1756351660569 0.3638581827930782 35
1756351660790 0.2961900797875031 36
1756351661011 0.256751813966295 37
1756351661231 0.22682044071995694 38
1756351661451 0.2501922826404157 39
1756351661671 0.22381800542707028 40
1756351661892 0.2085940306601317 41
1756351662112 0.2003934163114299 42
1756351662497 0.22750251059946808 43
1756351662718 0.18697217139212982 44
1756351662939 0.1663544505186703 45
1756351663159 0.17700789188561233 46
1756351663380 0.1935980478706567 47
1756351663601 0.1603343305380448 48
1756351663822 0.2111174836754799 49
1756351664043 0.15077419643816742 50
1756351664263 0.1545228086735891 51
1756351664484 0.20736714938412543 52
1756351664705 0.17211979660003082 53
1756351664926 0.16256760514300803 54
1756351665147 0.16967028897741568 55
1756351665369 0.1623111658770105 56
1756351665588 0.15251214899446652 57
1756351665965 0.169459598219913 58
1756351666187 0.16120338796273523 59
1756351666409 0.14775168960509094 60
1756351666631 0.14174973802722018 61
1756351666855 0.14216032721426175 62
1756351667076 0.14521310284085895 63
1756351667297 0.14351912490699603 64
1756351667519 0.13060412102419397 65
1756351667744 0.13820849035097205 66
1756351667967 0.12595844074435855 67
1756351668190 0.1274628525842791 68
1756351668411 0.1258631504100302 69
1756351668633 0.135243391537148 70
1756351668855 0.16125749796628952 71
1756351669076 0.15374972282544427 72
1756351669298 0.12092792113190112 73
1756351669697 0.11650164231010106 74
1756351669920 0.11970360188380531 75
1756351670143 0.10959686241720033 76
1756351670365 0.10388940362178761 77
1756351670586 0.08973061293363571 78
1756351670807 0.09877295921678128 79
1756351671028 0.10866450226825217 80
1756351671251 0.09359454169221547 81
1756351671472 0.10532350757199785 82
1756351671694 0.0931870239260404 83
1756351671915 0.09758844874475313 84
1756351672138 0.10028937977293263 85
1756351672360 0.09849217922791191 86
1756351672583 0.08527890835767207 87
1756351672805 0.09143349657887997 88
1756351673199 0.11541642977491669 89
1756351673422 0.105302131532327 90
1756351673644 0.09943772690451663 91
1756351673866 0.09035270094223645 92
1756351674088 0.07702677696943283 93
1756351674311 0.07195635496274284 94
1756351674535 0.08050061276425487 95
1756351674758 0.08107185622920161 96
1756351869542 1.7471256515254145 1
1756351869779 1.4878883439561594 2
1756351870013 1.875025881373364 3
1756351870248 1.0751264846843223 4
1756351870738 0.8520294298296389 5
1756351870974 0.7651764620905337 6
1756351871210 0.7816253550674604 7
1756351871444 0.6828317370103754 8
1756351871677 0.6375261635883994 9
1756351871912 0.698728084564209 10
1756351872145 0.5018942524557528 11
1756351872380 0.4904859687971032 12
1756351872615 0.4711420523083728 13
1756351872850 0.375231155882711 14
1756351873086 0.3676478577696759 15
1756351873319 0.4106367437735848 16
1756351873553 0.40954207466996234 17
1756351873788 0.4554090461005335 18
1756351874022 0.4476378300915594 19
1756351874257 0.36791184544563293 20
1756351874651 0.4570833146572113 21
1756351874905 0.5045448114042697 22
1756351875139 0.3106122904497644 23
1756351875373 0.30099082381828973 24
1756351875606 0.3014607377674269 25
1756351875841 0.2589600960845533 26
1756351876077 0.30479051302308624 27
1756351876313 0.2932032916856849 28
1756351876548 0.24937317099260248 29
1756351876782 0.27336506156817725 30
1756351877015 0.2579216911740925 31
1756351877250 0.24513129371663797 32
1756351877483 0.2483120686981989 33
1756351877718 0.2087346963260485 34
1756351878122 0.22878229715253995 35
1756351878359 0.3848758709171544 36
1756351878593 0.3178374015766641 37
1756351878828 0.28945824179960333 38
1756351879063 0.3180974747823632 39
1756351879299 0.24284781386022983 40
1756351879535 0.23200940761877142 41
1756351879771 0.23195102681284366 42
1756351880008 0.22177847248056662 43
1756351880244 0.2607467038475949 44
1756351880481 0.23022359350453253 45
1756351880717 0.19152788623519565 46
1756351880954 0.2215503039567367 47
1756351881372 0.1801845204571019 48
1756351881609 0.20418967500976895 49
1756351881846 0.19153791374486426 50
1756351882083 0.19055982679128647 51
1756351882322 0.251239953805571 52
1756351882558 0.2052370873482331 53
1756351882794 0.15789003767397092 54
1756351883032 0.20645522034686545 55
1756351883269 0.17377886111321655 56
1756351883507 0.1534028331870618 57
1756351883744 0.15178810027630432 58
1756351883984 0.18495098404262378 59
1756351884400 0.17857726015474484 60
1756351884639 0.15345886673616327 61
1756351884877 0.14515576770772104 62
1756351885114 0.15411021916762643 63
1756351885352 0.14660059466310169 64
1756351885594 0.15844850533682367 65
1756351885833 0.15878524112960565 66
1756351886070 0.1508307431055152 67
1756351886306 0.15192660721747772 68
1756351886547 0.11730688032896622 69
1756351886787 0.12764804972254712 70
1756351887195 0.12929748646591022 71
1756351887434 0.11785051874492479 72
1756351887672 0.12213341373464336 73
1756351887909 0.12561992815007333 74
1756351888146 0.10304680806787117 75
1756351888384 0.09931772526191629 76
1756351888622 0.10884249129373094 77
1756351888860 0.09880778485018274 78
1756351889098 0.11995916457279869 79
1756351889337 0.13251176768023035 80
1756351889744 0.12187975904215938 81
1756351889981 0.11258321223051651 82
1756351890219 0.09456471839676732 83
1756351890458 0.09099560425333354 84
1756351890695 0.09429326118982356 85
1756351890932 0.08591608605954958 86
1756351891171 0.09771493287838023 87
1756351891408 0.10638181201141814 88
1756351891647 0.092300475453553 89
1756351891886 0.07074362120550612 90
1756351892290 0.08070461452007294 91
1756351892528 0.08190918065931486 92
1756351892767 0.07518516594301099 93
1756351893005 0.08431150958589885 94
1756351893242 0.08011126340083453 95
1756351893480 0.09195804855097896 96
1756351893718 0.08872532293848369 97
1756351893959 0.08945971079494643 98
1756351894199 0.08211408053403316 99
1756351894436 0.07958429517305415 100
1756351894840 0.09962112310787906 101
1756351895079 0.07475138698583064 102
1756351895319 0.07386437495765479 103
1756351895559 0.06994776184792104 104
1756351895798 0.0851254826006682 105
1756351896038 0.07616993007452591 106
1756351896277 0.07014871259098468 107
1756351896515 0.06551181816536447 108
1756351896756 0.06094077180909074 109
1756351896995 0.06038374032663262 110
1756351897401 0.05918645243281904 111
1756351897641 0.0672012889838737 112
1756351897881 0.0655023235341777 113
1756351898121 0.06197496244440908 114
1756351898359 0.05791594007092973 115
1756351898599 0.0674383656486221 116
1756351898838 0.06152334695924883 117
1756351899079 0.059324831418369126 118
1756352042887 1.5834173119586448 1
1756352043137 1.8105583242748096 2
1756352043384 1.792090628458106 3
1756352043631 1.281073712784311 4
1756352043879 0.7745338030483412 5
1756352044126 0.8153152362160061 6
1756352044374 0.7543557998926743 7
1756352044868 0.6401739068653273 8
1756352045118 0.7514260670413142 9
1756352045365 0.5448389325452887 10
1756352045614 0.4997115588706473 11
1756352045861 0.5518869446671527 12
1756352046109 0.47877957898637524 13
1756352046358 0.41409035739691363 14
1756352046605 0.3482328024895295 15
1756352046854 0.3397911521403686 16
1756352047101 0.44094678629999573 17
1756352047350 0.3626775113136872 18
1756352047757 0.32572942259518994 19
1756352048005 0.3271651708561441 20
1756352048254 0.33047632030818774 21
1756352048503 0.3155023708291676 22
1756352048751 0.3328163999578227 23
1756352048999 0.3336440920829773 24
1756352049246 0.34724334335845447 25
1756352049495 0.36241813004016876 26
1756352049744 0.3091130839741748 27
1756352050152 0.27927981511406275 28
1756352050402 0.23942366695922354 29
1756352050651 0.2546017455018085 30
1756352050900 0.25425949627938477 31
1756352051149 0.29702140455660614 32
1756352051399 0.24869830388089884 33
1756352051647 0.25431750002114667 34
1756352051899 0.2417277547976245 35
1756352052310 0.24233511284641598 36
1756352052558 0.20844223577043283 37
1756352052808 0.20099302899578345 38
1756352053056 0.1873884635127109 39
1756352053304 0.17111153155565262 40
1756352053552 0.18250356290651404 41
1756352053800 0.1560729738810788 42
1756352054050 0.17962089278127835 43
1756352054299 0.22619237005710602 44
1756352054548 0.18518072852621908 45
1756352054798 0.17090654632319574 46
1756352055046 0.16079816805279773 47
1756352055458 0.15251699122397797 48
1756352055708 0.16246325846599496 49
1756352055957 0.13858014312775238 50
1756352056206 0.119597970791485 51
1756352056456 0.13214862217073856 52
1756352056706 0.13409193086883295 53
1756352056955 0.13242550518201746 54
1756352057204 0.1447684359939202 55
1756352057453 0.15165114402770996 56
1756352057702 0.11835664397348529 57
1756352057952 0.15445442854062372 58
1756352058363 0.1319385430087214 59
1756352058613 0.1039099910336992 60
1756352058863 0.11827936541774998 61
1756352059113 0.1516758073931155 62
1756352059363 0.13009350131387296 63
1756352059613 0.14680775449327801 64
1756352059863 0.14248606465432956 65
1756352060112 0.12959220811076785 66
1756352060523 0.1519958487023478 67
1756352060774 0.1446703834378201 68
1756352061024 0.12291317854238593 69
1756352061274 0.13173951338166776 70
1756352061523 0.10664336901644002 71
1756352061773 0.11159232534144235 72
1756352062024 0.10514153086620828 73
1756352062277 0.09554010985986046 74
1756352062528 0.09036742150783539 75
1756352062937 0.0774663166831369 76
1756352063188 0.08733039576074351 77
1756352063439 0.0907552814030129 78
1756352063689 0.08385779935380687 79
1756352063938 0.08447012386244276 80
1756352234030 1.8440854808558589 1
1756352234306 1.5380405032116433 2
1756352234564 1.4566620769708052 3
1756352234823 1.027257087438003 4
1756352235352 1.0441887456437815 5
1756352235612 0.7870398500691289 6
1756352235875 0.8901308956353561 7
1756352236134 0.7198150494824285 8
1756352236393 0.645940451518349 9
1756352236651 0.6501168738240781 10
1756352236919 0.5965269752170729 11
1756352237177 0.5882489577583645 12
1756352237436 0.5500414241915164 13
1756352237867 0.5510017807069032 14
1756352238127 0.6930241610692895 15
1756352238387 0.5184017290239749 16
1756352238647 0.4286847814269688 17
1756352238914 0.36968595826107525 18
1756352239173 0.3863318873488385 19
1756352239434 0.3690358633580415 20
1756352239694 0.326382045512614 21
1756352239951 0.3780250290165777 22
1756352240382 0.32444014497425244 23
1756352240642 0.3444823110881059 24
1756352240903 0.3800882904425911 25
1756352241163 0.3177508251822513 26
1756352241423 0.36460658778315 27
1756352241683 0.37558032896207727 28
1756352241944 0.3474504079507745 29
1756352242205 0.26707642946554266 30
1756352242464 0.22395841323811075 31
1756352242894 0.24126555738241776 32
1756352243154 0.23478025781071704 33
1756352243415 0.23798701944558517 34
1756352243676 0.25164812025816546 35
1756352243936 0.23367347211941428 36
1756352244195 0.22063846238281415 37
1756352244456 0.23063151603159698 38
1756352244715 0.23289505295131518 39
1756352244974 0.2596496596284535 40
1756352245414 0.2187920371475427 41
1756352245674 0.22471211202766583 42
1756352245934 0.19033451572708462 43
1756352246195 0.21362376796162647 44
1756352246457 0.1809618194466052 45
1756352246717 0.1982999528231828 46
1756352246976 0.1592775064965953 47
1756352247235 0.16705309308093527 48
1756352247499 0.1779234101590903 49
1756352247936 0.1782235752629197 50
1756352248196 0.16101948754942935 51
1756352248457 0.17790415721095126 52
1756352248716 0.17200068837922552 53
1756352248978 0.15778670848711676 54
1756352249238 0.15859429246705511 55
1756352249501 0.15704890308172806 56
1756352249762 0.1434119826425677 57
1756352250025 0.16006050453237866 58
1756352250462 0.14490037314269855 59
1756352250724 0.12434621122868164 60
1756352250985 0.15735022464524145 61
1756352251245 0.15592099013535873 62
1756352251506 0.14957461700491284 63
1756352251767 0.12736025031494058 64
1756352252029 0.1318370541152747 65
1756352252290 0.12046170461436977 66
1756352252551 0.1167767797799214 67
1756352252984 0.120269856699135 68
1756352253246 0.13105443411547205 69
1756352253509 0.10616499639075735 70
1756352253772 0.12810961675384772 71
1756352254034 0.1047933636152226 72
1756352254295 0.12809250827716745 73
1756352254557 0.15413035484759705 74
1756352254818 0.16871921361788458 75
1756352255240 0.1456083065789679 76
1756352255501 0.1352842145639917 77
1756352255762 0.11137146470339401 78
1756352256023 0.09902213060337564 79
1756352256284 0.09620993147077768 80
1756352256546 0.09549073648193608 81
1756352256806 0.08869156290007674 82
1756352257067 0.10218124690911044 83
1756352257330 0.09617555400599605 84
1756352257747 0.1020249528405459 85
1756352258009 0.08307367547050766 86
1756352258271 0.09874209340499795 87
1756352258532 0.08753627895013145 88
1756352258793 0.09315640689886134 89
1756352259055 0.09218969471428705 90
1756352259316 0.07750252148379451 91
1756352259577 0.09918338692058688 92
1756352259841 0.08532994175734727 93
1756352260264 0.07510146320514056 94
1756352483496 2.0827146146608437 1
1756352483772 2.3115255521691362 2
1756352484315 1.5515408308609673 3
1756352484588 0.8806790916816049 4
1756352484862 1.0644190518752388 5
1756352485135 0.7440415789251742 6
1756352485408 0.7136217731496562 7
1756352485680 0.6550958765589673 8
1756352485954 0.6542019092518351 9
1756352486226 0.7221510151158208 10
1756352486498 0.5921591714672421 11
1756352486951 0.5251757074957308 12
1756352487225 0.5314107913038005 13
1756352487502 0.4159223832513975 14
1756352487775 0.39646625907524774 15
1756352488049 0.45367486062257184 16
1756352488320 0.4361772200335627 17
1756352488592 0.42628023546674976 18
1756352488865 0.3547231334707011 19
1756352489138 0.41753700569919916 20
1756352489587 0.37878205141295557 21
1756352489860 0.4534393406432608 22
1756352490133 0.43708012803741125 23
1756352490406 0.3533953395874604 24
1756352490678 0.3669806323621584 25
1756352490954 0.34566965569620545 26
1756352491227 0.33952423476654553 27
1756352491501 0.33104366128859314 28
1756352491949 0.28215525526067486 29
1756352492224 0.298739615989768 30
1756352492498 0.2903786159080008 31
1756352492771 0.2964508974033853 32
1756352493047 0.22804640168729035 33
1756352493320 0.23932539380115012 34
1756352493594 0.3004456700190254 35
1756352493866 0.32811098448608234 36
1756352494140 0.2843659254519836 37
1756352494588 0.27193459544492804 38
1756352494863 0.219369041207044 39
1756352495138 0.21120102120482404 40
1756352495411 0.21467594381259836 41
1756352495685 0.2696276666677516 42
1756352495960 0.22256152461404385 43
1756352496234 0.18918586943460547 44
1756352496510 0.21744756335797516 45
1756352496784 0.23710573853357977 46
1756352497232 0.2195951854405196 47
1756352497507 0.2378596358973047 48
1756352497784 0.2099001057769941 49
1756352498059 0.22830197733381521 50
1756352498333 0.17367556723563568 51
1756352498608 0.1849303183996159 52
1756352498883 0.16361233883577844 53
1756352499159 0.1513439264634381 54
1756352499432 0.16822317469379175 55
1756352499876 0.17014576462299927 56
1756352500152 0.15231500533611878 57
1756352500426 0.13207106713367545 58
1756352500701 0.12871332077876382 59
1756352500975 0.14880051884962164 60
1756352501250 0.13961122023022693 61
1756352501525 0.12554010684075562 62
1756352501800 0.13720229332861694 63
1756352502245 0.11185045507938965 64
1756352502522 0.12129319232443105 65
1756352502796 0.1255511218762916 66
1756352503073 0.14311631283034448 67
1756352503348 0.2595391305892364 68
1756352503621 0.18804211201875107 69
1756352503895 0.12149703794199487 70
1756352504170 0.11674628503944563 71
1756352504446 0.1341196305078009 72
1756352504895 0.12670488817536313 73
1756352505172 0.11688083912367406 74
1756352505448 0.1172098828398663 75
1756352505723 0.15179328393677008 76
1756352505999 0.1738904167128646 77
1756352506274 0.15899071583281393 78
1756352506550 0.12371782019086507 79
1756352506826 0.14621733355781305 80
1756352507102 0.11906324262204378 81
1756352507551 0.11929665570673735 82
1756352507825 0.11372886743882428 83
1756352508100 0.12211708562529605 84
1756352508376 0.10027439422581506 85
1756352508651 0.08647506910821666 86
1756352695219 2.1028578851533974 1
1756352695513 1.7934121515439905 2
1756352695799 1.42072434010713 3
1756352696087 1.0853869629942852 4
1756352696373 0.9535066096679025 5
1756352696661 1.209613844104435 6
1756352697207 0.8857343170953833 7
1756352697495 0.744318012310111 8
1756352697782 0.7505683549072432 9
1756352698069 0.6802282087180925 10
1756352698356 0.5987123238003772 11
1756352698641 0.5618316971737406 12
1756352699100 0.5726134427215742 13
1756352699386 0.5127804758756057 14
1756352699672 0.5362725789132325 15
1756352699957 0.5658417188602946 16
1756352700243 0.49180871896121814 17
1756352700531 0.4989869283593219 18
1756352700817 0.48835513514021167 19
1756352701104 0.4414650927419248 20
1756352701390 0.43187784889469977 21
1756352701678 0.5210650394792142 22
1756352702151 0.46671559175719385 23
1756352702439 0.4278403870437456 24
1756352702728 0.4522434265717216 25
1756352703014 0.45926284271737805 26
1756352703301 0.47482813182084455 27
1756352703589 0.4172059083762376 28
1756352704045 0.36247920925202576 29
1756352704330 0.35628494037234265 30
1756352704618 0.46449832553448883 31
1756352704903 0.41449315003726794 32
1756352705188 0.4384746642216392 33
1756352705473 0.40587105375269183 34
1756352705758 0.5280969091083693 35
1756352706045 0.45875940374706103 36
1756352706334 0.37295938574749493 37
1756352706619 0.3586429985968963 38
1756352706905 0.36743946826976276 39
1756352707189 0.3193828366372896 40
1756352707475 0.27663365330385126 41
1756352707929 0.29023476528084796 42
1756352708217 0.2790226657753405 43
1756352708503 0.29612295718296716 44
1756352708790 0.25226911578489386 45
1756352709076 0.3178382969420889 46
1756352709364 0.29987553798634076 47
1756352709650 0.29349404314289923 48
1756352710098 0.3025052106898764 49
1756352710387 0.2827383798101674 50
1756352710673 0.2763743024805318 51
1756352710961 0.33314295890538587 52
1756352711248 0.29387795147688495 53
1756352711534 0.25616758802662726 54
1756352711984 0.22010312132213428 55
1756352712273 0.19526384576507236 56
1756352712560 0.2643178992945215 57
1756352712848 0.2838065021711847 58
1756352713316 0.23818224214989206 59
1756352713602 0.22038074485633685 60
1756352713888 0.1924695638210877 61
1756352714175 0.19293164267488147 62
1756352714462 0.1775544561121775 63
1756352714748 0.20798457316730334 64
1756352715036 0.1943840517298035 65
1756352715324 0.19705602753421533 66
1756352715610 0.1739834511409635 67
1756352715898 0.18782278247501538 68
1756352716184 0.204214200053526 69
1756352716470 0.2101613888921945 70
1756352716759 0.17200116683607516 71
1756352717215 0.19843933277803918 72
1756352717506 0.16822653717320898 73
1756352717795 0.15695628815371057 74
1756352718081 0.16219851180263187 75
1756352718369 0.14831779540880866 76
1756352718655 0.15774530561073966 77
1756352718943 0.16840578939603723 78
1756352719393 0.16812793165445328 79
1756352719681 0.16114985489326974 80
1756352719969 0.14625507722730222 81
1756352720256 0.14308610850054285 82
1756352720543 0.13117069265116815 83
1756352720829 0.13972374408141428 84
1756352721116 0.12200602370759715 85
1756352721403 0.14822673635638278 86
1756352721691 0.11762915665040845 87
1756352721977 0.1341482054280198 88
1756352722432 0.11883452696644742 89
1756352722722 0.11465619245301122 90
1756352723009 0.11783779347720354 91
1756352723298 0.11529198224129884 92
1756352723596 0.11554570560869963 93
1756352723883 0.11871498434439949 94
1756352724342 0.11129905996115311 95
1756352724628 0.11468411237001419 96
1756352724915 0.11990603351074716 97
1756352725210 0.12111715583697609 98
1756352725499 0.0964390032965204 99
1756352725786 0.09045843974403713 100
1756352726099 0.09466969691540884 101
1756352726390 0.097922306669795 102
1756352726679 0.0980757194692674 103
1756352726983 0.09297449174134628 104
1756352727456 0.09715327296568 105
1756352727746 0.10901862544857938 106
1756352728036 0.10053934043516284 107
1756352728324 0.09756377112606297 108
1756352728612 0.07823248693476552 109
1756352729065 0.10100117665917976 110
1756352729354 0.07877021752621817 111
1756352729646 0.08568817798210226 112
1756352729934 0.08274975014121635 113
1756352730223 0.09994070620640465 114
1756352730512 0.0801072034822858 115
1756352730800 0.08420367943851845 116
1756352731089 0.08628432387891023 117
1756352731377 0.07904016161742418 118
1756352731665 0.07657293181704439 119
1756352731952 0.06980872931687729 120
1756352732402 0.07729543130034985 121
1756352732691 0.07167469369976417 122
1756352732981 0.07422375614228456 123
1756352733271 0.06503654417136441 124
1756352733559 0.07115740248042604 125
1756352734010 0.07931956600235857 126
1756352734298 0.06096143907179003 127
1756352734586 0.06727752850755402 128
1756352734874 0.06967363393177158 129
1756352735163 0.06562523252290228 130
1756352735451 0.06381081854519637 131
1756352735739 0.06578838290727657 132
1756352736027 0.07525050575318544 133
1756352736314 0.07143786241826804 134
1756352736601 0.06596499325140663 135
1756352736890 0.06308457174378893 136
1756352737179 0.07271908790520999 137
1756352737468 0.0689620947384316 138
1756352737922 0.07175137329360713 139
1756352738241 0.06995999132809431 140
1756352738536 0.06532254215815793 141
1756352738826 0.06929606490808984 142
1756352739130 0.06565907419375751 143
1756352759360 1.9337087610493535 1
1756352759660 1.7685829815657244 2
1756352759949 1.3740307766458262 3
1756352760240 0.926345310781313 4
1756352760531 1.0241498869398367 5
1756352760821 1.1416059473286504 6
1756352761405 0.7661523352498594 7
1756352761693 0.7394083064535389 8
1756352761983 0.5710856746072355 9
1756352762273 0.5257507329401763 10
1756352762563 0.4811513696027839 11
1756352762853 0.5975643655528193 12
1756352763142 0.481664873983549 13
1756352763431 0.40499493868454645 14
1756352763719 0.4134512349315312 15
1756352764007 0.5031011130498804 16
1756352764462 0.43449612674505816 17
1756352764752 0.40094290738520416 18
1756352765042 0.44821375608444214 19
1756352765332 0.43044199373411096 20
1756352765623 0.4063157244868901 21
1756352765914 0.3986443682857182 22
1756352766366 0.3240175681269687 23
1756352766656 0.42103961757991626 24
1756352766946 0.3486580634894578 25
1756352767237 0.3082735538482666 26
1756352767527 0.31517058740491455 27
1756352767818 0.2563316433326058 28
1756352768108 0.2289423987917278 29
1756352768398 0.23432716921619748 30
1756352768698 0.26885618204655853 31
1756352768989 0.24063928166161414 32
1756352769281 0.2505620905886526 33
1756352769572 0.22021507342224536 34
1756352769862 0.21589233045992645 35
1756352770316 0.3041539509659228 36
1756352770606 0.23468202093373175 37
1756352770897 0.21399907443834387 38
1756352771187 0.22992060592641 39
1756352771478 0.20046970572160638 40
1756352771770 0.17663340853608173 41
1756352772223 0.19671470250772394 42
1756352772515 0.23569150009880896 43
1756352772807 0.21798988723236581 44
1756352773099 0.24453912675380707 45
1756352773389 0.22085328335347382 46
1756352773680 0.22489885856275973 47
1756352774138 0.20467979914468268 48
1756352774432 0.24779880176419797 49
1756352774725 0.2172388887923697 50
1756352775018 0.22228013918451642 51
1756352775310 0.21390993957934173 52
1756352775775 0.22503979568896088 53
1756352776068 0.15815071275700693 54
1756352776361 0.19279743374689765 55
1756352776654 0.1577203234900599 56
1756352776946 0.1367984760714614 57
1756352777239 0.14414528692546097 58
1756352777532 0.14967720275339874 59
1756352777823 0.14812202071366104 60
1756352778116 0.1487578924583352 61
1756352778409 0.12710131121718365 62
1756352778700 0.1441481038928032 63
1756352778990 0.11853362133969432 64
1756352779285 0.12342183081352193 65
1756352779750 0.10384780735425327 66
1756352780047 0.1342969491429951 67
1756352780341 0.1284245664010877 68
1756352780634 0.13624456654424252 69
1756352780929 0.12560405776552533 70
1756352781222 0.12458856792553612 71
1756352781678 0.1328509404607441 72
1756352781970 0.12767658188291217 73
1756352782262 0.10025970799767453 74
1756352782553 0.1077607949466809 75
1756352782844 0.11297894366409468 76
1756352783136 0.12177186297333759 77
1756352783428 0.14300433481517044 78
1756352783718 0.1002099952943947 79
1756352784013 0.10131785370733427 80
1756352784307 0.09539601984231369 81
1756352784599 0.09132853441912195 82
1756352785081 0.09685253368123718 83
1756352785374 0.0969191214636616 84
1756352785669 0.0960075460050417 85
1756352785963 0.09472565887414891 86
1756352786256 0.08753225903796114 87
1756352786744 0.0882132142458273 88
1756352787036 0.09368110610091168 89
1756352787330 0.09615999330645023 90
1756352787623 0.10165450284662454 91
1756352787916 0.08297029445352762 92
1756352788211 0.07701801508665085 93
1756352788505 0.07348886553360068 94
1756352788799 0.0764907719972341 95
1756352789091 0.0821241585780745 96
1756352789383 0.07625665418479753 97
1756352985905 1.8348403132480124 1
1756352986212 1.4787834105284319 2
1756352986513 1.350515549597533 3
1756352986815 1.2184720557668935 4
1756352987376 0.874614285386127 5
1756352987677 0.7111372507136801 6
1756352987977 0.6739533206690913 7
1756352988279 0.8044368676517321 8
1756352988579 0.9123756172864333 9
1756352988878 0.6333246606847515 10
1756352989178 0.5302733830783678 11
1756352989477 0.43537916307863983 12
1756352989779 0.4035523948462113 13
1756352990080 0.3787575662136078 14
1756352990539 0.3956251248069432 15
1756352990842 0.3882768724275672 16
1756352991145 0.3486718950064286 17
1756352991446 0.34068429599637573 18
1756352991747 0.37862118430759595 19
1756352992048 0.29687147036842676 20
1756352992507 0.29847124413303705 21
1756352992824 0.261540153104326 22
1756352993129 0.2573253985332406 23
1756352993430 0.2778843388609264 24
1756352993730 0.25866393809733185 25
1756352994030 0.27801437157651654 26
1756352994331 0.2768416858237723 27
1756352994630 0.2550999146440755 28
1756352994930 0.372151854245559 29
1756352995231 0.28358655260956805 30
1756352995529 0.2732417978670286 31
1756352995831 0.2500683872596077 32
1756352996131 0.2802959550981936 33
1756352996625 0.2564881294965744 34
1756352996926 0.29239949454431946 35
1756352997228 0.2541574557190356 36
1756352997531 0.2534277808407079 37
1756352997834 0.2510311862696772 38
1756352998135 0.1926982765612395 39
1756352998600 0.20324761517669843 40
1756352998903 0.19319125912759616 41
1756352999208 0.15742676186820734 42
1756352999510 0.1734566899097484 43
1756352999812 0.21305973212356152 44
1756353000114 0.19966822311930035 45
1756353000580 0.16961013979238013 46
1756353000885 0.1505211883265039 47
1756353001190 0.1685771077223446 48
1756353001494 0.18245749985394272 49
1756353001798 0.2136146196204683 50
1756353002264 0.14989877297826434 51
1756353002567 0.1634612741029781 52
1756353002869 0.13751335960367453 53
1756353003170 0.15063247473343558 54
1756353003471 0.21436318010091782 55
1756353003773 0.1758187468285146 56
1756353004075 0.1380446767029555 57
1756353004378 0.13579172219919122 58
1756353004679 0.12779552586700604 59
1756353004980 0.14315880413936533 60
1756353005281 0.11601228428923566 61
1756353005584 0.11906020294712938 62
1756353005885 0.09783152944367865 63
1756353006356 0.10897825123823207 64
1756353006660 0.11337793586046799 65
1756353006963 0.12828016119158786 66
1756353007266 0.10615272269300792 67
1756353007568 0.10852881294229756 68
1756353007872 0.10633970100594603 69
1756353008338 0.11798983067274094 70
1756353008641 0.09707605579625005 71
1756353008946 0.09610811928692072 72
1756353009248 0.09501403829325801 73
1756353009553 0.0987000426520472 74
1756353009856 0.09907703927677611 75
1756353010156 0.10608729088436002 76
1756353010457 0.11722153651973476 77
1756353010761 0.10046456511253896 78
1756353011063 0.11964916794196419 79
1756353011374 0.1117493103703727 80
1756353011842 0.10049043012701947 81
1756353012145 0.09419405152616293 82
1756353012450 0.10299238465402437 83
1756353012753 0.10419576291156851 84
1756353013058 0.08828230947256088 85
1756353013519 0.08176796494618706 86
1756353013826 0.08090916907657748 87
1756353014129 0.07676684548673422 88
1756353014432 0.08000789906667627 89
1756353014736 0.06581456392355588 90
1756353015039 0.08210605172359425 91
1756353015343 0.07820343112815982 92
1756353015646 0.08124083750273871 93
1756353015951 0.06980176431977231 94
1756353016258 0.07056042066086894 95
1756353016564 0.0699031550599181 96
1756353017039 0.07740573617427246 97
1756353017348 0.07316312566399574 98
1756353017653 0.06988744632057521 99
1756353017958 0.05808796134331952 100
1756353018268 0.05460308297820713 101
1756353018732 0.061413395178058876 102
1756353019038 0.053333153867203255 103
1756353019343 0.055273770476165024 104
1756353019646 0.05726308019264885 105
1756353019952 0.06544506258290747 106
1756353020258 0.05035013527325962 107
1756353020561 0.051410245830598084 108
1756353020866 0.04974436419813529 109
1756353021171 0.06250599609768909 110
1756353021473 0.061734606633367745 111
1756353021957 0.0559886381354021 112
1756353022262 0.05307363475794378 113
1756353022567 0.05299657162116921 114
1756353022872 0.05260389962274095 115
1756353023179 0.04901486861964931 116
1756353023481 0.0543389976348566 117
1756353023785 0.05592855325211649 118
1756353024282 0.05230759991251904 119
1756353024589 0.05069174844285716 120
1756353223274 1.5525135086930317 1
1756353223589 1.6622079610824585 2
1756353224148 1.1558597735736682 3
1756353224463 0.8762301258418871 4
1756353224777 0.7893647162810616 5
1756353225091 0.7062747530315233 6
1756353225406 0.6401206501152205 7
1756353225718 0.6033742414868396 8
1756353226033 0.5984790571357893 9
1756353226510 0.5282118411167808 10
1756353226825 0.5232653280963069 11
1756353227139 0.4334963300953741 12
1756353227453 0.43661381433839386 13
1756353227765 0.33763987862545514 14
1756353228078 0.41369925892871356 15
1756353228391 0.40647049572156824 16
1756353228866 0.4203966797693916 17
1756353229181 0.34459530335405597 18
1756353229497 0.45699603661246924 19
1756353229811 0.4361916884132054 20
1756353230125 0.37753372671811475 21
1756353230439 0.3483686518409978 22
1756353230753 0.2975588103999262 23
1756353231227 0.3053738779347876 24
1756353231541 0.28312969142976013 25
1756353231856 0.2805021372826203 26
1756353232171 0.3330455208602159 27
1756353232486 0.28430226056472113 28
1756353232800 0.30932211163251294 29
1756353233117 0.3388063713260319 30
1756353233594 0.31022469245869183 31
1756353233912 0.25775675410809723 32
1756353234228 0.2439999405456626 33
1756353234541 0.2121074167282685 34
1756353234855 0.20871116026588107 35
1756353235169 0.18828722834587097 36
1756353235642 0.19946344520734705 37
1756353235956 0.22709200045336847 38
1756353236273 0.2048352555088375 39
1756353236590 0.2402916336837022 40
1756353236906 0.2156704878029616 41
1756353237224 0.16787484644547754 42
1756353237698 0.1742430157635523 43
1756353238013 0.16100470365389533 44
1756353238328 0.15706654994384103 45
1756353238643 0.23372211663619333 46
1756353238956 0.19109401722317157 47
1756353239431 0.1762203496435414 48
1756353239745 0.16870092892128488 49
1756353240060 0.1697520199029342 50
1756353240375 0.1345564515694328 51
1756353240690 0.14390369634265485 52
1756353241007 0.17497129511574042 53
1756353241484 0.17357495362343994 54
1756353241801 0.14884098813585614 55
1756353242117 0.1577553279373957 56
1756353242433 0.15943766709255136 57
1756353242749 0.12370301167602124 58
1756353243065 0.10323043912649155 59
1756353243541 0.1053699612941431 60
1756353243856 0.12759134043817935 61
1756353244171 0.13861564482035843 62
1756353244485 0.13849255215862524 63
1756353244802 0.11903202209783637 64
1756353245117 0.12610283558783325 65
1756353245592 0.10622158938128015 66
1756353245906 0.1055199233410151 67
1756353246221 0.1113683406425559 68
1756353246537 0.10164379976365877 69
1756353246852 0.11501022655030955 70
1756353247170 0.11103617999216785 71
1756353247645 0.11480896725602772 72
1756353247962 0.1173092091213102 73
1756353248281 0.094673128231712 74
1756353248599 0.10181010773648387 75
1756353248915 0.09571205516872199 76
1756353249231 0.12644713728324228 77
1756353249704 0.10346800510002219 78
1756353250021 0.0977849145622357 79
1756353250335 0.09694223883359329 80
1756353250652 0.08383889820264734 81
1756353250970 0.08427475587181422 82
1756353251442 0.07031744669960893 83
1756353251758 0.08771295991280804 84
1756353252074 0.0734307540823584 85
1756353252390 0.0744702187569245 86
1756353252706 0.06621925759574641 87
1756353253021 0.0729663122607314 88
1756353253498 0.0642559994821963 89
1756353253813 0.07595749150799669 90
1756353254129 0.07051646174943965 91
1756353254444 0.07584562225510245 92
1756353254759 0.07020776978005534 93
1756353255074 0.062043033378279724 94
1756353255549 0.06569745990893115 95
1756353255866 0.06599585614774538 96
1756353256183 0.07438433332287747 97
1756353256499 0.0833406430547652 98
1756353256816 0.06463772860234199 99
1756353257134 0.06745613641712976 100
1756353257619 0.061023357040856194 101
1756353257937 0.06043812924105188 102
1756353258255 0.07103898894527684 103
1756353258573 0.06428600944902586 104
1756353258892 0.058244719048557075 105
1756353259209 0.05669568738211756 106
1756353259690 0.05790072112627651 107
1756353260008 0.051733279924677765 108
1756353260326 0.05136675970709842 109
1756353260642 0.05494650761070459 110
1756353260960 0.045218466497633766 111
1756353261279 0.04399227561510127 112
1756353261759 0.05120423436164856 113
1756353262075 0.05127303326583427 114
1756353281567 1.8775894952856975 1
1756353282159 1.7868062257766724 2
1756353282480 1.5044427021690037 3
1756353282800 0.9911955763464388 4
1756353283120 1.0749484248783276 5
1756353283439 0.9154181454492651 6
1756353283757 0.7527297864789548 7
1756353284255 0.7853356807128243 8
1756353284575 0.7606907098189645 9
1756353284895 0.5328697341939678 10
1756353285212 0.46780620320983557 11
1756353285534 0.4297089939532073 12
1756353285854 0.6172093023424563 13
1756353286346 0.5113127788771754 14
1756353286665 0.39572135780168616 15
1756353286986 0.48493699794230255 16
1756353287307 0.38242204163385474 17
1756353287625 0.4054625734038975 18
1756353287945 0.386819319880527 19
1756353288432 0.3702982437351476 20
1756353288753 0.3328509103992711 21
1756353289070 0.30290343580038653 22
1756353289387 0.26479077209597046 23
1756353289704 0.32191050894882367 24
1756353290021 0.34801754161067633 25
1756353290507 0.38065241536368494 26
1756353290825 0.2873257618883382 27
1756353291143 0.2779746405456377 28
1756353291461 0.2885703463917193 29
1756353291780 0.2610931908306868 30
1756353292097 0.2701197911215865 31
1756353292583 0.3258108444835829 32
1756353292901 0.372163787484169 33
1756353293220 0.2848989445230235 34
1756353293539 0.2959942577973656 35
1756353293859 0.2738186755905981 36
1756353294341 0.2495294504839441 37
1756353294661 0.23867265426594278 38
1756353294980 0.2378990702007128 39
1756353295298 0.17687158772478934 40
1756353295615 0.1771771548234898 41
1756353295934 0.2061484060857607 42
1756353296416 0.22006446738605914 43
1756353296735 0.20826839526062427 44
1756353297056 0.1824096220990886 45
1756353297377 0.17924268900052362 46
1756353297696 0.1625955082152201 47
1756353298016 0.16270253904487775 48
1756353298502 0.18838749437228494 49
1756353298825 0.22688408066397128 50
1756353299144 0.17723135099462842 51
1756353299465 0.15654639025097308 52
1756353299783 0.13933335050292636 53
1756353300103 0.16149184334537256 54
1756353300589 0.1534684439716132 55
1756353300911 0.13653223572865777 56
1756353301230 0.1798442495257958 57
1756353301551 0.17616217097510461 58
1756353301871 0.17694741876228995 59
1756353302192 0.18750164495862048 60
1756353302674 0.15067328707031583 61
1756353302995 0.14269380579176155 62
1756353303315 0.16776569414397943 63
1756353303635 0.145064071468685 64
1756353303955 0.18075389544601025 65
1756353304439 0.13573888754067215 66
1756353304758 0.14868409218995468 67
1756353305079 0.17870204928128616 68
1756353305398 0.1447953568852466 69
1756353305719 0.11987718097541643 70
1756353306038 0.10764966322028119 71
1756353306524 0.13879541664019876 72
1756353306842 0.12524870491546133 73
1756353307163 0.12002060691947522 74
1756353307484 0.10068236097045567 75
1756353307808 0.10462773461704669 76
1756353308129 0.10847101814073065 77
1756353308625 0.11078693037447722 78
1756353308951 0.10748719100071036 79
1756353309279 0.0941272991830888 80
1756353309603 0.09408173953061519 81
1756353309925 0.08388227305334547 82
1756353310246 0.09657416460306747 83
1756353310759 0.08437956448482431 84
1756353311080 0.08299726685104163 85
1756353311401 0.07838332426288853 86
1756353311724 0.06836237272490626 87
1756353312044 0.07430410838645438 88
1756353312541 0.07672922928696094 89
1756353312864 0.07118079714153124 90
1756353313186 0.08058603010747743 91
1756353313506 0.08105047111925871 92
1756353501131 1.5125035228936567 1
1756353501465 1.541188201178675 2
1756353501793 1.2603459228640017 3
1756353502123 1.1287189903466597 4
1756353502454 0.9927740356196528 5
1756353503032 1.1471035117688386 6
1756353503363 0.8700792698756509 7
1756353503694 0.586704961631609 8
1756353504023 0.5581929592982583 9
1756353504353 0.48954018561736395 10
1756353504865 0.49198789570642554 11
1756353505197 0.4228593111038208 12
1756353505529 0.3843832897103351 13
1756353505860 0.3830435554618421 14
1756353506190 0.4301974410596101 15
1756353506701 0.370746629393619 16
1756353507032 0.3304806604333546 17
1756353507365 0.3745768659788629 18
1756353507697 0.40126975787722546 19
1756353508028 0.4053566267956858 20
1756353508360 0.3884243466283964 21
1756353508862 0.354930760419887 22
1756353509193 0.37474723419417505 23
1756353509523 0.328530833772991 24
1756353509852 0.2691969307868377 25
1756353510183 0.2810280361901159 26
1756353510688 0.26756243861239887 27
1756353511020 0.27914306132689765 28
1756353511351 0.27807433968004974 29
1756353511682 0.2712386244017145 30
1756353512011 0.26561109268147015 31
1756353512516 0.2713090602470481 32
1756353512847 0.2833139676114787 33
1756353513177 0.26116491141526593 34
1756353513507 0.30799500255481055 35
1756353513835 0.2822090393823126 36
1756353514166 0.2214136065348335 37
1756353514673 0.19917466783005258 38
1756353515006 0.21775561635908874 39
1756353515337 0.22217879411966904 40
1756353515669 0.22567280284736468 41
1756353516001 0.21885373540546582 42
1756353516504 0.1692466113878333 43
1756353516836 0.20225181851698004 44
1756353517167 0.1978548007166904 45
1756353517500 0.26780139622480975 46
1756353517836 0.26604380361411883 47
1756353518348 0.21384363524291827 48
1756353518680 0.22142878563507742 49
1756353519010 0.19438561473203742 50
1756353519341 0.1726768522158913 51
1756353519672 0.15913024739078854 52
1756353520178 0.13432701741871628 53
1756353520510 0.1519269246769988 54
1756353520843 0.14881711906712988 55
1756353521175 0.17418492941752725 56
1756353521506 0.14851655843465225 57
1756353521838 0.14082807334868805 58
1756353522345 0.14446734021539273 59
1756353522677 0.15198956624321316 60
1756353523009 0.13120167605254962 61
1756353523340 0.1240159985811814 62
1756353523674 0.12005460683418356 63
1756353524183 0.12533377305321072 64
1756353524517 0.17249992392633273 65
1756353524848 0.13216850193946258 66
1756353525183 0.13246064503555713 67
1756353525515 0.14576817465865094 68
1756353537696 1.6985931396484375 1
1756353538031 1.899914711713791 2
1756353538362 1.8822834293047588 3
1756353538947 1.3250221014022827 4
1756353539282 1.1097903350989025 5
1756353539613 0.9603494554758072 6
1756353539946 0.6821875125169754 7
1756353540278 0.6307944804430008 8
1756353540771 0.5623708715041479 9
1756353541103 0.5079730997482935 10
1756353541434 0.4233519062399864 11
1756353541769 0.4194253509243329 12
1756353542101 0.4848071013887723 13
1756353542432 0.44034265478452045 14
1756353542932 0.427092544734478 15
1756353543264 0.38449351117014885 16
1756353543598 0.364752600590388 17
1756353543930 0.3672261908650398 18
1756353544262 0.3283219213287036 19
1756353544753 0.31862683470050496 20
1756353545085 0.28691640868782997 21
1756353545416 0.3089140901962916 22
1756353545748 0.28758694355686504 23
1756353546081 0.258025864760081 24
1756353546415 0.3105374425649643 25
1756353546908 0.35652540251612663 26
1756353547243 0.33418120195468265 27
1756353547575 0.29544038449724513 28
1756353547906 0.2436045135060946 29
1756353548238 0.20597966139515242 30
1756353548732 0.19359579061468443 31
1756353549067 0.1897831397751967 32
1756353549403 0.24080833047628403 33
1756353549737 0.22998072455326715 34
1756353550069 0.30018099149068195 35
1756353550590 0.459402600924174 36
1756353550924 0.38730744024117786 37
1756353551256 0.2581363022327423 38
1756353551589 0.21073404947916666 39
1756353551920 0.1959871562818686 40
1756353552432 0.1927791970471541 41
1756353552763 0.17707213511069617 42
1756353553094 0.18838240578770638 43
1756353553427 0.1797275332113107 44
1756353553758 0.1569120604544878 45
1756353554091 0.15117151848971844 46
1756353554603 0.1258334598193566 47
1756353554936 0.14531239743034044 48
1756353555271 0.15212884296973547 49
1756353555605 0.136502830311656 50
1756353555939 0.12205516857405503 51
1756353556448 0.14074252670009932 52
1756353556782 0.17440682152907053 53
1756353557116 0.1285903255144755 54
1756353557450 0.17956875016291937 55
1756353557781 0.16292814537882805 56
1756353558304 0.11866116089125474 57
1756353558638 0.12161853288610776 58
1756353558972 0.11262183077633381 59
1756353559306 0.12735164413849512 60
1756353559642 0.11516798287630081 61
1756353560163 0.11512013462682565 62
1756353560496 0.1076302466293176 63
1756353560829 0.11119167072077592 64
1756353561168 0.10410945241649945 65
1756353561503 0.09727012614409129 66
1756353561838 0.08187416506310304 67
1756353562360 0.09213431179523468 68
1756353562694 0.08562382869422436 69
1756353563027 0.08673776096353929 70
1756353563358 0.07398250978440046 71
1756353563691 0.08113135707875092 72
1756353564203 0.08172467971841495 73
1756353564535 0.08984811045229435 74
1756353564867 0.07530737047394116 75
1756353565198 0.0914034725477298 76
1756353565532 0.08341587024430434 77
1756353565866 0.08295580372214317 78
1756353566381 0.07586332721014817 79
1756353566714 0.08383872422079246 80
1756353567047 0.07205421011894941 81
1756353567379 0.08198057984312375 82
1756353567714 0.06987802560130756 83
1756353568237 0.07773432632287343 84
1756353568572 0.07049536208311717 85
1756353568905 0.07690548462172349 86
1756353569240 0.08159523084759712 87
1756353569572 0.0792459004248182 88
1756353570077 0.05733983994772037 89
1756353570414 0.06579471845179796 90
1756353570750 0.0634576678276062 91
1756353571085 0.06550946334997813 92
1756353571417 0.06399240375806887 93
1756353571919 0.05292094529916843 94
1756353572253 0.05246507252256075 95
1756353572590 0.05102816534539064 96
1756353572925 0.04655407431224982 97
1756353573258 0.05535329350580772 98
1756353573594 0.06612337256471316 99
1756353574093 0.06321709354718526 100
1756353596320 1.8896179406539253 1
1756353596661 1.6213765610819277 2
1756353597246 1.318904900032541 3
1756353597584 1.226146319638128 4
1756353597923 1.0869081460911294 5
1756353598261 1.0410644256550332 6
1756353598606 0.7396292323651521 7
1756353599110 0.8320490653100221 8
1756353599451 0.7922560417133829 9
1756353599790 0.9054134591766025 10
1756353600127 0.5417020955811376 11
1756353600466 0.5927192387373551 12
1756353600804 0.6012745758761531 13
1756353601325 0.4949104824791784 14
1756353601665 0.449378191129021 15
1756353602003 0.40957230912602466 16
1756353602342 0.4678615344607312 17
1756353602682 0.5085865725641665 18
1756353603182 0.4837570009024247 19
1756353603520 0.4690496545770894 20
1756353603857 0.408796154934427 21
1756353604195 0.3894175226273744 22
1756353604533 0.44002980771272077 23
1756353605029 0.4086470798305843 24
1756353605370 0.35627866698348004 25
1756353605708 0.38144353874351666 26
1756353606045 0.32750868862089905 27
1756353606383 0.3586329040320023 28
1756353606900 0.3565478687701018 29
1756353607238 0.33095880435860675 30
1756353607576 0.38499439799267315 31
1756353607915 0.32932540903920715 32
1756353608251 0.4807053804397583 33
1756353608593 0.4703694102556809 34
1756353609119 0.35093920904657117 35
1756353609461 0.31441254460293316 36
1756353609799 0.4141584168309751 37
1756353610136 0.4364601438460143 38
1756353610474 0.31400454433067987 39
1756353610980 0.3007900371499684 40
1756353611319 0.28449089306852093 41
1756353611662 0.3726983102767364 42
1756353612002 0.31909630933533545 43
1756353612341 0.25644104117932526 44
1756353612848 0.301036910518356 45
1756353613188 0.2898259357265804 46
1756353613529 0.2336610873108325 47
1756353613866 0.2095219282352406 48
1756353614206 0.2387538493975349 49
1756353614706 0.21160034802944763 50
1756353615043 0.24902271770912668 51
1756353615379 0.25239582035852515 52
1756353615720 0.24556415074545404 53
1756353616060 0.21489961963632834 54
1756353616400 0.18827692289715228 55
1756353616901 0.20216103837541913 56
1756353617243 0.21137621610060983 57
1756353617583 0.22242017155108246 58
1756353617921 0.22238562936368195 59
1756353618259 0.1682681075256804 60
1756353618759 0.18613747474939926 61
1756353619099 0.17865337690581445 62
1756353619437 0.18231852028680884 63
1756353619776 0.15186690603909286 64
1756353620115 0.15369653313056283 65
1756353620456 0.19089189139397247 66
1756353620960 0.18212501510329868 67
1756353621303 0.16269146424272787 68
1756353621645 0.14597317349651587 69
1756353621986 0.14455253047787625 70
1756353622328 0.16820132343665414 71
1756353622853 0.1766785269846087 72
1756353623219 0.15858182829359305 73
1756353623560 0.15822285996830981 74
1756353623899 0.13463669173095538 75
1756353624238 0.12968494127626004 76
1756353624762 0.14358120346846787 77
1756353625102 0.14862305152675379 78
1756353625441 0.15797773230334985 79
1756353625791 0.12987112869387088 80
1756353626130 0.1304499072873074 81
1756353626645 0.12516191213027292 82
1756353626983 0.1203553741392882 83
1756353627321 0.11592146268357402 84
1756353627659 0.10934277008409085 85
1756353627999 0.11061599267565686 86
1756353628524 0.11752780300119649 87
1756353628864 0.10089992213508357 88
1756353629204 0.09959240597875221 89
1756353629545 0.10340723460135252 90
1756353629885 0.09453248815691989 91
1756353630225 0.0989359996241072 92
1756353630730 0.0942680795231591 93
1756353631069 0.08686824256311292 94
1756353631412 0.08179614952077037 95
1756353631753 0.08027335952805437 96
1756353632096 0.08248484604384589 97
1756353632639 0.09194374100669571 98
1756353632984 0.10807331424692403 99
1756353633324 0.09303108942897423 100
1756353633662 0.0859380999337072 101
1756353634006 0.08135210949441661 102
1756353634522 0.07222016674021016 103
1756353634865 0.0863602930760902 104
1756353635206 0.07959585685444914 105
1756353635549 0.08228873947392339 106
1756353635888 0.09013326077357582 107
1756353636232 0.08744302262430606 108
1756353636748 0.07905367243549098 109
1756353637089 0.07963022800243419 110
1756353817237 1.9537076155344646 1
1756353817587 1.333872656027476 2
1756353817932 1.5438506205876668 3
1756353818277 1.641215403874715 4
1756353818622 1.728665550549825 5
1756353819230 1.3865830103556316 6
1756353819579 0.8046348989009857 7
1756353819927 0.9322068591912588 8
1756353820272 0.746240238348643 9
1756353820617 0.6090521216392517 10
1756353820960 0.5654451300700506 11
1756353821481 0.4865895261367162 12
1756353821828 0.550237109263738 13
1756353822174 0.39726733167966205 14
1756353822520 0.47206338743368786 15
1756353822867 0.3964334577322006 16
1756353823414 0.4340975483258565 17
1756353823761 0.38756394386291504 18
1756353824109 0.4260111600160599 19
1756353824456 0.35418716073036194 20
1756353824800 0.3479393819967906 21
1756353825336 0.34963498016198474 22
1756353825683 0.30725329369306564 23
1756353826028 0.3154201755921046 24
1756353826377 0.32874032855033875 25
1756353826723 0.2940944607059161 26
1756353827256 0.27582014600435895 27
1756353827603 0.23417668292919794 28
1756353827951 0.23727798958619437 29
1756353828299 0.2214545508225759 30
1756353828645 0.22835377603769302 31
1756353828994 0.1986628621816635 32
1756353829528 0.22573203841845194 33
1756353829879 0.20408707360426584 34
1756353830224 0.24443775912125906 35
1756353830570 0.20251139750083288 36
1756353830916 0.19610965003569922 37
1756353831451 0.1937825083732605 38
1756353831799 0.16667678207159042 39
1756353832146 0.1637120321393013 40
1756353832492 0.17801701774199805 41
1756353832839 0.16579273839791617 42
1756353833366 0.18987470120191574 43
1756353833713 0.15927642087141672 44
1756353834060 0.17215507477521896 45
1756353834407 0.15941897531350455 46
1756353834753 0.18313804268836975 47
1756353835276 0.16414357473452887 48
1756353835624 0.15683996429045996 49
1756353835973 0.14350933829943338 50
1756353836321 0.16577985882759094 51
1756353836668 0.12214343870679538 52
1756353837016 0.13861614714066187 53
1756353837535 0.1429165912171205 54
1756353837882 0.1437024027109146 55
1756353838229 0.11962544545531273 56
1756353838577 0.10507096101840337 57
1756353838925 0.11666641260186832 58
1756353839440 0.11987995107968648 59
1756353839789 0.10753382121523221 60
1756353840139 0.10359690214196841 61
1756353840486 0.10106320679187775 62
1756353840833 0.09112273404995601 63
1756353841344 0.09790537009636562 64
1756353841690 0.09174390882253647 65
1756353842036 0.0913752776881059 66
1756353842384 0.09391497696439426 67
1756353842730 0.10124349469939868 68
1756353843077 0.09180102869868279 69
1756353843592 0.0933615912993749 70
1756353843939 0.08807951956987381 71
1756353844286 0.0847887359559536 72
1756353844633 0.09197466944654782 73
1756353844979 0.08489784536262353 74
1756353845490 0.07047668347756068 75
1756353845837 0.08443642656008403 76
1756353846183 0.08310150975982349 77
1756353846529 0.08243456731239955 78
1756353846877 0.08200228835145633 79
1756353847384 0.07757785233358543 80
1756353847733 0.08035976936419804 81
1756353848081 0.08357451607783635 82
1756353848430 0.08667072902123134 83
1756353848779 0.07139499299228191 84
1756353849286 0.0780702034632365 85
1756353849636 0.0661669634282589 86
1756353849984 0.06765837594866753 87
1756353850332 0.06040180412431558 88
1756353850684 0.05922988864282767 89
1756353851031 0.066385251780351 90
1756353851539 0.07618290310104688 91
1756353851887 0.06473433040082455 92
1756353852234 0.062383269891142845 93
1756353852583 0.06026140476266543 94
1756353852931 0.060756408299009 95
1756353853437 0.06163657084107399 96
1756353853785 0.05981769412755966 97
1756353854133 0.05893771909177303 98
1756353854481 0.05812313656012217 99
1756353854828 0.05119041291375955 100
1756353855177 0.05234559501210848 101
1756353855685 0.05586663323144118 102
1756353856032 0.06253356114029884 103
1756353856381 0.05366097204387188 104
1756353856729 0.057685221855839096 105
1756353857077 0.05270719466110071 106
1756353857583 0.05300715068976084 107
1756353857932 0.05319880818327268 108
1756353858280 0.04538393517335256 109
1756353858627 0.050492490331331887 110
1756353858976 0.052444462974866234 111
1756353859485 0.04673807881772518 112
1756353859834 0.04697684943675995 113
1756353860181 0.04738397834201654 114
1756353860530 0.045435006419817604 115
1756353884418 2.8916553777197134 1
1756353884769 2.359170799670012 2
1756353885115 1.6927496168924414 3
1756353885463 1.1866295337677002 4
1756353886062 0.7828157194282698 5
1756353886411 0.7099938846152761 6
1756353886758 0.6561033077861952 7
1756353887108 0.6273337524870167 8
1756353887458 0.7905993915122488 9
1756353887987 0.6481099167595739 10
1756353888336 0.543199026066324 11
1756353888684 0.5993783668331478 12
1756353889031 0.5304104582123135 13
1756353889381 0.5216397759707078 14
1756353889729 0.4752485467040021 15
1756353890246 0.47790956497192383 16
1756353890596 0.45013821513756463 17
1756353890944 0.43682141666826996 18
1756353891294 0.3971003384693809 19
1756353891644 0.42826386638309644 20
1756353892159 0.37173969136632007 21
1756353892507 0.3768088117889736 22
1756353892856 0.32730021813641424 23
1756353893204 0.34222690761089325 24
1756353893553 0.40143347952676856 25
1756353893903 0.29635171527447907 26
1756353894418 0.38389369197513745 27
1756353894768 0.32189926829027093 28
1756353895119 0.28012752468171326 29
1756353895468 0.25819470765797986 30
1756353895819 0.2981758001057998 31
1756353896333 0.26279953122138977 32
1756353896685 0.28797993193502014 33
1756353897034 0.25494173687437305 34
1756353897382 0.22039250705553137 35
1756353897730 0.21098928671816122 36
1756353898237 0.1877061744099078 37
1756353898587 0.1758744107640308 38
1756353898939 0.19778609405393185 39
1756353899288 0.2835230924513029 40
1756353899639 0.25475869036239124 41
1756353900157 0.16532744596833768 42
1756353900505 0.21179867503435715 43
1756353900853 0.20152293080868927 44
1756353901203 0.1675026329315227 45
1756353901554 0.1703433540204297 46
1756353901902 0.16655355335577673 47
1756353902419 0.15242656417514966 48
1756353902770 0.15043820861888968 49
1756353903122 0.15075768465581146 50
1756353903472 0.1414687173522037 51
1756353903822 0.17090099628852762 52
1756353904341 0.16640627772911734 53
1756353904688 0.13239941972753275 54
1756353905038 0.1349267402420873 55
1756353905387 0.1555206707638243 56
1756353905739 0.262636705585148 57
1756353906260 0.16008203411879746 58
1756353906611 0.1484173568694488 59
1756353906960 0.13170265373976334 60
1756353907309 0.12223339696293292 61
1756353907657 0.12337669017522232 62
1756353908004 0.17038746826026752 63
1756353908515 0.16472856862389523 64
1756353908866 0.18312838932742243 65
1756353909214 0.1613796476436698 66
1756353909565 0.13921619433423746 67
1756353909914 0.10661932242953259 68
1756353910428 0.10153251044128252 69
1756353910778 0.10956405232781949 70
1756353911128 0.10393156305603359 71
1756353911478 0.20662017182811446 72
1756353911829 0.16082321496113486 73
1756353912337 0.1514384863169297 74
1756353912686 0.12496419672084891 75
1756353913038 0.11426961778298668 76
1756353913389 0.11964101409134657 77
1756353913738 0.11490983451190202 78
1756353914245 0.10230640305773071 79
1756353914598 0.09711331339633983 80
1756353914950 0.10309877538162729 81
1756353915302 0.08027494099477063 82
1756353915652 0.08480418635451276 83
1756353916160 0.098704536323962 84
1756353916510 0.10392459854483604 85
1756353916861 0.09171097158737805 86
1756353917210 0.08817328561259352 87
1756353917561 0.09911227517801782 88
1756353918072 0.08241930555390276 89
1756353918424 0.08734748723066371 90
1756353918774 0.08430069328650185 91
1756353919126 0.07308247604447862 92
1756353919477 0.07214046140079913 93
1756353919827 0.062898314193539 94
1756353920331 0.07493719005066415 95
1756353920680 0.07484235663128935 96
1756353921032 0.05633984765280848 97
1756353921384 0.05333645900954371 98
1756353921735 0.07149656667657521 99
1756353922244 0.06267306241004364 100
1756353922594 0.05418915852256443 101
1756353922945 0.06364223069470862 102
1756353923298 0.05789547219224598 103
1756353923650 0.060376845786105034 104
1756353924161 0.062319516487743545 105
1756353924511 0.07945319621459297 106
1756353924860 0.07132041324739871 107
1756353925210 0.05479294029266938 108
1756353925560 0.05777010078663412 109
1756353926072 0.056740314011340554 110
1756353926423 0.05052940061558848 111
1756353926774 0.06697961380300314 112
1756353927124 0.06492989413116289 113
1756353927475 0.056022001835315124 114
1756353927825 0.05129940459585708 115
1756353928335 0.05632885270144628 116
1756354163158 1.6489454300507256 1
1756354163523 1.3402272592420164 2
1756354163885 1.311206472956616 3
1756354164496 1.3424071540003237 4
1756354164859 1.0337519179219785 5
1756354165221 0.7863996974799944 6
1756354165585 0.7121248426644698 7
1756354166109 0.719066972317903 8
1756354166471 0.7926153709059176 9
1756354166835 0.7011082846185436 10
1756354167197 0.6142998039722443 11
1756354167560 0.6476900473884915 12
1756354168089 0.6492635361526323 13
1756354168454 0.6127390174762063 14
1756354168815 0.4800951688185982 15
1756354169177 0.40700375385906384 16
1756354169702 0.4343240701633951 17
1756354170068 0.4054970695920613 18
1756354170433 0.35083408912886743 19
1756354170796 0.3327788457922313 20
1756354171161 0.3013149441584297 21
1756354171690 0.3178787905236949 22
1756354172054 0.319008399610934 23
1756354172418 0.2809063604344492 24
1756354172780 0.30636378021343896 25
1756354173312 0.29281024829201074 26
1756354173677 0.2627224669508312 27
1756354174044 0.27921066206434497 28
1756354174406 0.2544322506241176 29
1756354174934 0.255550772599552 30
1756354175299 0.3066543813632882 31
1756354175663 0.2587150724037834 32
1756354176029 0.23291706261427506 33
1756354176394 0.2072315442821254 34
1756354176922 0.2244673844264901 35
1756354177286 0.24952548094417737 36
1756354177651 0.22349179568498032 37
1756354178015 0.22497416967931 38
1756354178545 0.20563960723254993 39
1756354178913 0.1891664998686832 40
1756354179276 0.19179993641117346 41
1756354179645 0.16946403876594876 42
1756354180181 0.16737785125556198 43
1756354180548 0.15195033861243207 44
1756354180913 0.164918450233729 45
1756354181278 0.1697168635285419 46
1756354181644 0.17879063700852188 47
1756354182179 0.1549140506464502 48
1756354182547 0.22385430174029392 49
1756354182912 0.20123142392739005 50
1756354183278 0.20363092519666837 51
1756354183811 0.19026321917772293 52
1756354184176 0.19715519346620725 53
1756354184542 0.2744342088699341 54
1756354184908 0.2357838779040005 55
1756354185271 0.1821421854521917 56
1756354185801 0.17566443137500598 57
1756354186167 0.14622025904448135 58
1756354186533 0.1602733792818111 59
1756354186899 0.15454795114372089 60
1756354187264 0.15204223828471225 61
1756354187798 0.15506883743016617 62
1756354188166 0.13992833410916122 63
1756354188534 0.1617169700886892 64
1756354188901 0.1468379082887069 65
1756354189434 0.14450072821067728 66
1756354189801 0.15246375876924265 67
1756354190169 0.12840736786956372 68
1756354190536 0.17091469013172647 69
1756354191064 0.156673194921535 70
1756354191429 0.1425488195989443 71
1756354191796 0.13042595464250314 72
1756354192160 0.11234791479680849 73
1756354192524 0.13436739988948987 74
1756354193057 0.1471941976443581 75
1756354193423 0.1392238781504009 76
1756354193789 0.12223111676133197 77
1756354194153 0.10656772991237433 78
1756354194521 0.1595696635220362 79
1756354195055 0.19254103950832202 80
1756354195421 0.14896665448727814 81
1756354195790 0.11343320167582968 82
1756354196156 0.114200366579968 83
1756354196686 0.12083669055415236 84
1756354197051 0.11540572798770407 85
1756354197418 0.10872233140727748 86
1756354197782 0.09496407275614531 87
1756354198311 0.09573681863105815 88
1756354198676 0.10047858289402464 89
1756354199041 0.09659267346496167 90
1756354199406 0.0969306719691857 91
1756354199773 0.10872167640406152 92
1756354200305 0.08899065706392993 93
1756354200673 0.08398199405359186 94
1756354201040 0.09369615870325462 95
1756354201408 0.08901415036424347 96
1756354201776 0.082108737171992 97
1756354202310 0.06897342010684636 98
1756354202675 0.08533570008433383 99
1756354203041 0.08070698574833247 100
1756354203408 0.07905391992434212 101
1756354203958 0.08819720084252565 102
1756354204324 0.0707011922546055 103
1756354426053 1.8306388751320217 1
1756354426691 1.8353583449902742 2
1756354427072 1.1567659611287324 3
1756354427451 1.2469641618106677 4
1756354427825 0.8237524771172068 5
1756354428387 0.8608223316462144 6
1756354428764 0.7455222127230271 7
1756354429143 0.6590305074401523 8
1756354429521 0.5946710628011952 9
1756354430072 0.5567713626053022 10
1756354430448 0.5480727397877238 11
1756354430826 0.5316808340342148 12
1756354431206 0.5438648384550343 13
1756354431585 0.562477065169293 14
1756354432150 0.4797532752804134 15
1756354432526 0.38941532632578973 16
1756354432907 0.3337984305361043 17
1756354433288 0.3495200943687688 18
1756354433843 0.35082727800244873 19
1756354434225 0.359739341813585 20
1756354434604 0.3320534430120302 21
1756354435156 0.30316318830718164 22
1756354435534 0.2695353108903636 23
1756354435910 0.2982580700646276 24
1756354436290 0.40224588694779767 25
1756354436673 0.30444774873878644 26
1756354437219 0.24487880001897397 27
1756354437598 0.2455250154370847 28
1756354437979 0.26087258820948395 29
1756354438358 0.25634829440842505 30
1756354438904 0.24958301627117654 31
1756354439284 0.2712382998155511 32
1756354439660 0.259264992631 33
1756354440042 0.31271325570085773 34
1756354440609 0.26553892765356146 35
1756354440990 0.2785627388435861 36
1756354441368 0.28848261742488196 37
1756354441746 0.2617828994989395 38
1756354442296 0.1826695965036102 39
1756354442676 0.22326950534530307 40
1756354443056 0.20375597023445627 41
1756354443436 0.22624001878759134 42
1756354443987 0.18713686518047168 43
1756354444366 0.18036119704661163 44
1756354444745 0.156165247378142 45
1756354445123 0.17054213194743448 46
1756354445668 0.16353591175183005 47
1756354446049 0.1679828581602677 48
1756354446429 0.15196432950703995 49
1756354446808 0.20630229199710098 50
1756354447361 0.20136791467666626 51
1756354447741 0.1798782361590344 52
1756354448121 0.179087377436783 53
1756354448501 0.14305871077205823 54
1756354449045 0.1461385899911756 55
1756354449424 0.14457447373348734 56
1756354449803 0.16055023378652075 57
1756354450182 0.13124488034973975 58
1756354450719 0.1705960466162018 59
1756354451096 0.13214558395354645 60
1756354451475 0.12181988131740819 61
1756354451854 0.15494055592495462 62
1756354452392 0.15273987955373267 63
1756354452773 0.131405014058818 64
1756354453151 0.14176585428092792 65
1756354453532 0.1259498975199202 66
1756354453913 0.14450371524562006 67
1756354454454 0.1869878901735596 68
1756354454833 0.16982243890347687 69
1756354455211 0.11983107370526894 70
1756354455746 0.12569259366263513 71
1756354456124 0.09126924010722534 72
1756354456501 0.11054299383059792 73
1756354456879 0.1063145816974018 74
1756354457257 0.11350097653010617 75
1756354457792 0.11159514975936516 76
1756354458169 0.10184258805668872 77
1756354458550 0.09345973445021588 78
1756354685295 2.055542494939721 1
1756354685683 1.5012425339740256 2
1756354686337 1.340294617673625 3
1756354686722 1.0936955330164537 4
1756354687108 0.9542965370675792 5
1756354687493 1.0199416383453037 6
1756354688057 0.6619554926519808 7
1756354688441 0.6778588489345883 8
1756354688827 0.6781728773013406 9
1756354689213 0.6384487514910491 10
1756354689780 0.7219847350016885 11
1756354690166 0.7329897103102311 12
1756354690551 0.5923284305178601 13
1756354690938 0.5174259400886038 14
1756354691326 0.4420284745485886 15
1756354691918 0.46136773928352026 16
1756354692308 0.40795155323070026 17
1756354692695 0.4268111871636432 18
1756354693275 0.3949946605640909 19
1756354693664 0.39840022312558215 20
1756354694052 0.33736877208170685 21
1756354694441 0.33401196352813556 22
1756354695009 0.3388748136551484 23
1756354695399 0.3205818559812463 24
1756354695788 0.2747354928566062 25
1756354696176 0.25499627318071283 26
1756354696565 0.2511034581972205 27
1756354697130 0.27556856948396435 28
1756354697519 0.3604117696699889 29
1756354697907 0.31479528740696283 30
1756354698300 0.32122350516526593 31
1756354698862 0.2808340574088304 32
1756354699250 0.25916498057220294 33
1756354699637 0.2229561183763587 34
1756354700024 0.2640174063651458 35
1756354700579 0.2473513872727104 36
1756354700968 0.25296887237092724 37
1756354701356 0.24597009044626486 38
1756354701743 0.19903540805630063 39
1756354702292 0.1878819815490557 40
1756354702680 0.1985807794591655 41
1756354703069 0.20698279628287192 42
1756354703458 0.19892805102078812 43
1756354704011 0.18543624392022257 44
1756354704400 0.20081794488689172 45
1756354704788 0.180110901594162 46
1756354705175 0.17477777989014334 47
1756354705726 0.16876390479181125 48
1756354706111 0.16118445020654928 49
1756354706499 0.18854336894076804 50
1756354706886 0.1971338831860086 51
1756354707273 0.20287096727153528 52
1756354707822 0.18585438929174258 53
1756354708207 0.1372787777496421 54
1756354708595 0.12534019836912985 55
1756354709143 0.13963827199262122 56
1756354709532 0.14841106501610382 57
1756354709921 0.17878506688967996 58
1756354710311 0.19496219734782758 59
1756354710700 0.17101008347843005 60
1756354711304 0.18253609635259793 61
1756354711693 0.15905266417109448 62
1756354712080 0.13084083536396857 63
1756354712473 0.13162790659977042 64
1756354713100 0.13249975345704867 65
1756354713488 0.12124777973993965 66
1756354713878 0.13238614052534103 67
1756354714267 0.18134285574373993 68
1756354714866 0.11214557419652524 69
1756354715254 0.11696928933910701 70
1756354715641 0.12328648065095363 71
1756354716246 0.1135591164879177 72
1756354716638 0.1304596575058025 73
1756354717025 0.13018479846093967 74
1756354717413 0.12252278755540433 75
1756354717801 0.12100333266932031 76
1756354718374 0.09954115813193114 77
1756354718763 0.10489871304320253 78
1756354719153 0.08679377546776897 79
1756354719544 0.10896359254484592 80
1756354720106 0.09701801755506059 81
1756354720493 0.0875336756200894 82
1756354720881 0.08953684827555781 83
1756354721268 0.09869526326656342 84
1756354721827 0.09091124537846317 85
1756354722215 0.08148373436668645 86
1756354722603 0.08501309950066649 87
1756354722989 0.10277946131384891 88
1756354723547 0.08924812418611153 89
1756354723935 0.08839867911908937 90
1756354724326 0.07623180455487708 91
1756354724716 0.08870140997611958 92
1756354725279 0.06986375557987587 93
1756354725668 0.07717164735431256 94
1756354726056 0.08027480931385704 95
1756354726443 0.07767810364780219 96
1756354726995 0.06342697678052861 97
1756354727383 0.06301847780528276 98
1756354727773 0.06480027427491934 99
1756354728161 0.05799973982831706 100
1756354728715 0.06479415086948354 101
1756354729103 0.07212597423273584 102
1756354729497 0.06692635421843632 103
1756354729885 0.06721368318666583 104
1756354730453 0.06009684171041717 105
1756354730842 0.06518344937459282 106
1756354731233 0.07859450870234033 107
1756354731622 0.07192007565627927 108
1756354732188 0.0641579532428928 109
1756354732575 0.06222203292924425 110
1756354732962 0.060309446862210396 111
1756354733350 0.05152790880073672 112
1756354733906 0.0605268113962982 113
1756354734297 0.06438697858349136 114
1756354734686 0.052430969055580055 115
1756354735075 0.05572819920337718 116
1756354735465 0.06436592162303302 117
1756354736023 0.062244921112838 118
1756354736412 0.05289641208946705 119
1756354736803 0.05308298645136149 120
1756354737366 0.055704696994760765 121
1756354737754 0.056941028522408524 122
1756354738142 0.05314594685383465 123
1756354738532 0.04689054012946461 124
1756354738924 0.053717968742484634 125
1756354739479 0.05001339777980162 126
1756354739868 0.04538326030192168 127
1756354740256 0.048286890044160515 128
1756354740645 0.04916240906585818 129
1756354741197 0.04848273778739183 130
1756354741585 0.04973650270182153 131
1756354741981 0.05119360845697963 132
1756354742371 0.04960149251248525 133
1756354742956 0.05046685436821502 134
1756354743345 0.04814083023887614 135
1756354743734 0.05256116487409757 136
1756354744325 0.049696464739415955 137
1756354744714 0.04250011090999064 138
1756354745103 0.04552401901911134 139
1756354745492 0.046988793932225395 140
1756354745881 0.04540318963320359 141
1756354746458 0.049165789037942886 142
1756354746848 0.05287261566390162 143
1756354747238 0.04464088590896648 144
1756354747627 0.043603361300800156 145
1756354774123 2.0106722116470337 1
1756354774515 2.1355367432469907 2
1756354775165 1.2279174016869587 3
1756354775556 0.872578607953113 4
1756354775947 0.8456482343051744 5
1756354776337 0.8220129220382028 6
1756354776902 0.8012321928273076 7
1756354777297 0.6074874388134998 8
1756354777689 0.5924830022065536 9
1756354778080 0.4889241968807967 10
1756354778644 0.5705924526504849 11
1756354779037 0.45828523195308185 12
1756354779429 0.3766492721827134 13
1756354779819 0.43990811511226324 14
1756354780382 0.4738264019074647 15
1756354780772 0.45077254331630207 16
1756354781162 0.4088218199170154 17
1756354781553 0.4029912456222203 18
1756354782124 0.34308734924896905 19
1756354782517 0.3884396637263505 20
1756354782910 0.31862688323725824 21
1756354783302 0.3904191113036612 22
1756354783867 0.3685441600239795 23
1756354784257 0.3773164522388707 24
1756354784648 0.2849859880364459 25
1756354785041 0.2656124052794083 26
1756354785608 0.24439507398916327 27
1756354786003 0.2904338143441988 28
1756354786395 0.3140639189792716 29
1756354786789 0.31593063992002735 30
1756354787383 0.306993837589803 31
1756354787775 0.2589533665905828 32
1756354788168 0.22590062994024027 33
1756354788562 0.23648728818997092 34
1756354788955 0.19263691293156665 35
1756354789535 0.24995056248229483 36
1756354789928 0.20094261674777322 37
1756354790320 0.18881890436877374 38
1756354790713 0.23923696901487268 39
1756354791286 0.21713053920994635 40
1756354791678 0.21121593694324078 41
1756354792071 0.279663376186205 42
1756354792463 0.2635026800891627 43
1756354793028 0.26788192015627155 44
1756354793420 0.24831488663735596 45
1756354793813 0.23282950954592746 46
1756354794205 0.19197302408840344 47
1756354794768 0.1682283068480699 48
1756354795160 0.1776309236884117 49
1756354795550 0.18858750812385394 50
1756354795943 0.19434640718543011 51
1756354796509 0.17402414847975192 52
1756354796902 0.14037327371213748 53
1756354797297 0.14589404249968735 54
1756354797689 0.15885575828344925 55
1756354798255 0.15239694131457288 56
1756354798649 0.13837207853794098 57
1756354799041 0.22565863864577335 58
1756354799433 0.18532404886639636 59
1756354799999 0.17190521663945654 60
1756354800393 0.1451002919803495 61
1756354800785 0.1915251295203748 62
1756354801177 0.13538700860479605 63
1756354801749 0.13499375853849493 64
1756354802145 0.1305367651840915 65
1756354802537 0.12571526173016298 66
1756354802930 0.14409083387126093 67
1756354803497 0.1304197884772135 68
1756354803887 0.12314989644548167 69
1756354804278 0.13997159153223038 70
1756354804668 0.12995644237684167 71
1756354805227 0.11964982002973557 72
1756354805619 0.14756538103456082 73
1756354806012 0.11568441112404285 74
1756354806404 0.10805450703786768 75
1756354806794 0.09903337093799011 76
1756354807362 0.11009578698355219 77
1756354807753 0.09419882912998614 78
1756354808147 0.09143166389802228 79
1756354808712 0.08785495647917622 80
1756354809105 0.09577391393806624 81
1756354809497 0.10179263677286066 82
1756354809892 0.11093231258185013 83
1756354810287 0.09674031789536061 84
1756354810845 0.08516054811037105 85
1756354811236 0.08088685944676399 86
1756354811627 0.07339768791976183 87
1756354812019 0.08089271576508232 88
1756354812583 0.08205060272113136 89
1756354812974 0.08568581906349762 90
1756354813368 0.08092138786678729 91
1756354813760 0.07051908475873263 92
1756354814319 0.08424958432822124 93
1756354814713 0.08111344601797021 94
1756354815106 0.08384351853443228 95
1756354815666 0.06131013085984666 96
1756354816060 0.08133290043991545 97
1756354816454 0.0976479618769625 98
1756354816847 0.08134498009863107 99
1756354817242 0.0698612716210925 100
1756354817806 0.07081008653925813 101
1756354818205 0.07236193395827127 102
1756354818600 0.06236940014945424 103
1756354818992 0.058855108754790345 104
1756354819590 0.07485306117197742 105
1756354819987 0.06151557114461194 106
1756354820380 0.06713851314523946 107
1756354820773 0.0683098228081413 108
1756354821354 0.06471617973369101 109
1756354821749 0.05902305512648562 110
1756354822143 0.071513041044059 111
1756354822536 0.05650485193599825 112
1756354823115 0.05642221511706062 113
1756354823509 0.061501031822484474 114
1756354823903 0.06249779025497644 115
1756354824297 0.06201973387404629 116
1756354824874 0.0610043922358233 117
1756354825266 0.061172414894985115 118
1756354825662 0.05621987305905508 119
1756354826058 0.04913524627361609 120
1756354826636 0.05608551171810731 121
1756354827033 0.056860181300536446 122
1756354827428 0.05365289326595223 123
1756354827823 0.05463981466448825 124
1756354828398 0.05181372951230277 125
1756354828793 0.05287799959921319 126
1756354829185 0.049273476004600525 127
1756354829580 0.04743730446890644 128
1756354830158 0.05257546958392081 129
1756355076714 1.7314442707144695 1
1756355077124 1.7154173462287239 2
1756355077528 1.7780859833178313 3
1756355078206 1.292844603890958 4
1756355078609 1.0951495714809583 5
1756355079012 0.7857778279677682 6
1756355079414 0.6343793402547422 7
1756355079971 0.6552504443604014 8
1756355080376 0.640358875627103 9
1756355080779 0.6183848679065704 10
1756355081181 0.6130338868369227 11
1756355081740 0.5690988885319751 12
1756355082145 0.5022013161493384 13
1756355082549 0.4842389588770659 14
1756355082953 0.39068047313586524 15
1756355083514 0.4115446792996448 16
1756355083919 0.3997732724832452 17
1756355084323 0.35382465694261633 18
1756355084726 0.4010608338791391 19
1756355085286 0.41992456498353375 20
1756355085690 0.32204869519109314 21
1756355086094 0.3268817805725595 22
1756355086497 0.3359854072332382 23
1756355087055 0.3062967308189558 24
1756355087460 0.4138802782348964 25
1756355087865 0.3230718924947407 26
1756355088269 0.2950604655172514 27
1756355088857 0.317801169079283 28
1756355089263 0.31949729569580243 29
1756355089670 0.29063792526721954 30
1756355090077 0.2614561947791473 31
1756355090485 0.22425201600012573 32
1756355091077 0.20503072764562524 33
1756355091481 0.21157290397778802 34
1756355091888 0.21800504948781885 35
1756355092468 0.20303510518177695 36
1756355092875 0.20943042052828748 37
1756355093284 0.18881978710060535 38
1756355093691 0.2216639615919279 39
1756355094266 0.19935109304345172 40
1756355094673 0.19660623403994934 41
1756355095076 0.17690785585538202 42
1756355095480 0.2011471390724182 43
1756355095883 0.22934696337451105 44
1756355096457 0.2013008950845055 45
1756355096862 0.15846920434547507 46
1756355097268 0.19880678083585657 47
1756355097672 0.2145037100366924 48
1756355098244 0.1981697756311168 49
1756355098647 0.1772840525145116 50
1756355099054 0.16103788594836774 51
1756355099458 0.17453575166671173 52
1756355100027 0.14140233429877655 53
1756355100433 0.17167321365812552 54
1756355100840 0.16968425752028174 55
1756355101247 0.13194343836411185 56
1756355101822 0.14516859695963238 57
1756355102228 0.15212508323399918 58
1756355102636 0.18108538959337317 59
1756355103041 0.1817384682919668 60
1756355103606 0.19054577758778696 61
1756355104010 0.1418259088759837 62
1756355104415 0.13911976470895435 63
1756355104820 0.1143807946987774 64
1756355105384 0.12229567345069803 65
1756355105788 0.12129112073908681 66
1756355106194 0.11777554031299509 67
1756355106602 0.11937632962413457 68
1756355107008 0.1045008139765781 69
1756355107574 0.12331218304841415 70
1756355107980 0.1136139615074448 71
1756355108387 0.1179744082948436 72
1756355108951 0.10288883486519688 73
1756355109357 0.11950412425010101 74
1756355109764 0.11843441928858342 75
1756355110172 0.12769709268341894 76
1756355110578 0.12232025874697644 77
1756355111139 0.1079881343504657 78
1756355111545 0.0936426474996235 79
1756355111951 0.10946396965047588 80
1756355112355 0.10300198974816696 81
1756355112916 0.09742485407901846 82
1756355113320 0.09412508960003438 83
1756355113727 0.09728728364343228 84
1756355114134 0.09708561845447707 85
1756355114695 0.09091553415941156 86
1756355115102 0.11780233357263648 87
1756355115509 0.08925532808770305 88
1756355116070 0.08142611708330072 89
1756355116475 0.07210940705693286 90
1756355116881 0.08935276985816333 91
1756355117286 0.06893878543506497 92
1756355117694 0.07730417552849521 93
1756355118255 0.09498787007254103 94
1756355118661 0.07560464140513669 95
1756355119069 0.06305170221173245 96
1756355119475 0.06816986057421436 97
1756355120040 0.0733526569345723 98
1756355120449 0.07852026010337083 99
1756355120858 0.07041928220702254 100
1756355121265 0.05824938643237819 101
1756355121831 0.07244171623302542 102
1756355122241 0.05843690086318099 103
1756355122651 0.06184940963335659 104
1756355123058 0.07125932998631311 105
1756355123619 0.06569508868067162 106
1756355124023 0.06177665892502536 107
1756355124429 0.07169715736223303 108
1756355124834 0.0577568298448687 109
1756355125397 0.04945066911370858 110
1756355125804 0.060931248671334724 111
1756355126211 0.05758898867213208 112
1756355126620 0.0506875351395296 113
1756355127181 0.05948455664126769 114
1756355127596 0.05806141103739324 115
1756355340396 1.8505448310271553 1
1756355340817 1.764679675516875 2
1756355341235 1.6366470922594485 3
1756355341654 1.0264791431634321 4
1756355342332 0.9439051514086516 5
1756355342750 0.777169661677402 6
1756355343164 0.7508067553458007 7
1756355343581 0.6223154664039612 8
1756355344173 0.5139429919097734 9
1756355344593 0.5421097602533258 10
1756355345010 0.5847653733647388 11
1756355345425 0.5475848161655924 12
1756355346025 0.38673024203466333 13
1756355346442 0.3653709687616514 14
1756355346859 0.4176653999349345 15
1756355347274 0.38993565414262854 16
1756355347868 0.36180804605069367 17
1756355348286 0.35732896755570953 18
1756355348702 0.34742755734402203 19
1756355349119 0.3223924267551173 20
1756355349534 0.32519962735798047 21
1756355349951 0.4584606905346331 22
1756355350547 0.32243622126786603 23
1756355350985 0.2765999280888101 24
1756355351403 0.2447100404811942 25
1756355351832 0.2268487743061522 26
1756355352249 0.23364620752956555 27
1756355352664 0.2560622322818507 28
1756355353250 0.2480220438345619 29
1756355353666 0.23126949564270352 30
1756355354081 0.21924608103607013 31
1756355354498 0.3073813267376112 32
1756355355087 0.27000374832878943 33
1756355355506 0.2285704852446266 34
1756355355924 0.2525391507407893 35
1756355356512 0.22757719910663107 36
1756355356931 0.21259989621846573 37
1756355357349 0.19038379969804184 38
1756355357932 0.19252819859463235 39
1756355358349 0.1563244351874227 40
1756355358773 0.16806067591128143 41
1756355359189 0.17546381736579147 42
1756355359778 0.17260155535262564 43
1756355360199 0.21320739971554797 44
1756355360624 0.2208610326051712 45
1756355361219 0.17554815631845724 46
1756355361647 0.18973637890556586 47
1756355362257 0.19385376183883005 48
1756355362673 0.17500431738469913 49
1756355363091 0.19548566995755487 50
1756355363507 0.1554638293126355 51
1756355363925 0.14955228113609811 52
1756355364519 0.155212281514769 53
1756355364941 0.16900951220937396 54
1756355365359 0.15186328440904617 55
1756355365779 0.13479916524627936 56
1756355366364 0.16040857427794 57
1756355366784 0.16351462803457095 58
1756355367202 0.1573852961478026 59
1756355367788 0.1281747992919839 60
1756355368203 0.12291183662803276 61
1756355368620 0.1346432058059651 62
1756355369035 0.12662637687247733 63
1756355369452 0.12441426774729854 64
1756355370042 0.11933963697241701 65
1756355370460 0.11693161434453467 66
1756355370879 0.11512842968754146 67
1756355371296 0.11479153840438179 68
1756355371886 0.10269451886415482 69
1756355372303 0.10507535691494527 70
1756355372725 0.09180790655638861 71
1756355373313 0.0996007044678149 72
1756355373730 0.07750759354752043 73
1756355374148 0.09207736441622609 74
1756355374568 0.09620375963656799 75
1756355374986 0.09750442223056503 76
1756355375402 0.08284911351359409 77
1756355375818 0.08399881568291913 78
1756355376396 0.08646826786191567 79
1756355376817 0.08542057774637056 80
1756355377235 0.09496248966973761 81
1756355377657 0.08010431476261305 82
1756355378251 0.08720840529903122 83
1756355378674 0.08353976775770602 84
1756355379095 0.08605896114655164 85
1756355379678 0.07643289054217546 86
1756355380095 0.07032066777996394 87
1756355380512 0.07324842493171277 88
1756355381095 0.08183319364552913 89
1756355381514 0.07252005763027979 90
1756355381933 0.07527101315234018 91
1756355382353 0.06278966318653978 92
1756355382933 0.06540857093489688 93
1756355383352 0.06468174817121547 94
1756355383934 0.0657320388633272 95
1756355384349 0.08207810977878778 96
1756355384766 0.07016421951677489 97
1756355385183 0.05847252727202747 98
1756355661440 1.595614518808282 1
1756355662134 1.923460250315459 2
1756355662566 1.49032635792442 3
1756355662996 0.9762230489564978 4
1756355663603 0.8117560174154199 5
1756355664034 0.7101935899775961 6
1756355664467 0.5215564979159314 7
1756355664898 0.4937470037004222 8
1756355665525 0.5148514703564022 9
1756355665957 0.5135828528715216 10
1756355666388 0.5539027232190837 11
1756355667017 0.4267701623232468 12
1756355667448 0.43271627633467963 13
1756355667879 0.3698281140431114 14
1756355668311 0.3832051449495813 15
1756355668919 0.3134780221659204 16
1756355669351 0.31016124007494555 17
1756355669782 0.29339192872462067 18
1756355670417 0.3286712292743766 19
1756355670851 0.31787403575752093 20
1756355671284 0.2931172232265058 21
1756355671892 0.23910887733749722 22
1756355672324 0.2571598796740822 23
1756355672756 0.21727223759112152 24
1756355673359 0.26371915962385095 25
1756355673790 0.30208491760751477 26
1756355674223 0.48605446841405786 27
1756355674655 0.47019857038622315 28
1756355675312 0.49073255709979846 29
1756355675746 0.4029265758783921 30
1756355676178 0.31396845695765124 31
1756355676786 0.2416647918846296 32
1756355677217 0.22294216052345608 33
1756355677648 0.21106867945712546 34
1756355678078 0.2069855079702709 35
1756355678680 0.22178225607975668 36
1756355679112 0.21785368802754776 37
1756355679546 0.20501087832710016 38
1756355680148 0.21870098263025284 39
1756355680580 0.16977151710054147 40
1756355681010 0.19864007506681525 41
1756355681439 0.29584811887015466 42
1756355682036 0.23522459877573926 43
1756355682469 0.17252426529708115 44
1756355682900 0.18287878580715344 45
1756355683498 0.14550997640775598 46
1756355683930 0.15047663741785547 47
1756355684361 0.18089345648236896 48
1756355684984 0.21296326168205426 49
1756355685415 0.1531122453186823 50
1756355685849 0.12919585471567901 51
1756355686455 0.14399251115062964 52
1756355686886 0.1460169531081034 53
1756355687320 0.1212874926302744 54
1756355687922 0.12179974045442499 55
1756355688354 0.10469844613386237 56
1756355688783 0.11101063178933185 57
1756355689388 0.11607430583756903 58
1756355689819 0.11894818881283635 59
1756355690253 0.10445640009382497 60
1756355690852 0.10184694858996765 61
1756355691283 0.09597522862579512 62
1756355691715 0.09703849612370781 63
1756355692315 0.09261615153240121 64
1756355692751 0.09095977392533551 65
1756355693184 0.10739630169194678 66
1756355693788 0.10892875767920328 67
1756355694222 0.10677343153435251 68
1756355694656 0.09853846369230229 69
1756355695276 0.07935833299289578 70
1756355695711 0.09230143949389458 71
1756355696144 0.08383695392504982 72
1756355696583 0.07599261516462201 73
1756355697187 0.08570166450479756 74
1756355697619 0.09525431044723677 75
1756355698058 0.09034341282170752 76
1756355698664 0.07595780961539435 77
1756355699096 0.06972046504202097 78
1756355699529 0.08215382598016573 79
1756355700136 0.08378008412926094 80
1756355700569 0.08431320200147836 81
1756355701002 0.10115967804323071 82
1756355934918 1.6162222001863562 1
1756355935365 1.3922208495762036 2
1756355936071 1.1145772856214773 3
1756355936515 1.2878398947093799 4
1756355936959 1.0751381697862044 5
1756355937580 0.8969221737073816 6
1756355938025 0.9000317350677822 7
1756355938468 0.7517390639885612 8
1756355939088 0.757281939620557 9
1756355939534 0.7213748563890872 10
1756355940160 0.7597632991231006 11
1756355940602 0.7368834977564604 12
1756355941043 0.7480840035106825 13
1756355941660 0.5829086200050686 14
1756355942104 0.6748235977214315 15
1756355942549 0.5803445499876271 16
1756355943168 0.6059537659520688 17
1756355943614 0.6650066401647485 18
1756355944060 0.6069816402767015 19
1756355944677 0.4799815053525178 20
1756355945122 0.5014101279818494 21
1756355945564 0.3930316632208617 22
1756355946183 0.505020260810852 23
1756355946627 0.4784763235112895 24
1756355947068 0.42532467453376105 25
1756355947687 0.46175237064776214 26
1756355948131 0.5052437574967094 27
1756355948572 0.48715747439343 28
1756355949192 0.43625182172526483 29
1756355949637 0.44692297668560693 30
1756355950081 0.50750372591226 31
1756355950702 0.4481673836708069 32
1756355951146 0.5154947897662288 33
1756355951764 0.4551066535970439 34
1756355952208 0.4048183288263238 35
1756355952653 0.47414198776950006 36
1756355953278 0.4403010516063027 37
1756355953721 0.3986110350360041 38
1756355954164 0.4414519706498022 39
1756355954780 0.42462416965028515 40
1756355955223 0.3564469419095827 41
1756355955667 0.37700759846231213 42
1756355956284 0.35133635025957355 43
1756355956728 0.41161143131878064 44
1756355957173 0.39505398791769275 45
1756355957792 0.3701518200661825 46
1756355958237 0.29252806759398914 47
1756355958680 0.28567595455957495 48
1756355959297 0.27532551275647205 49
1756355959741 0.380348673981169 50
1756355960185 0.30306335182293603 51
1756355960804 0.2912563681602478 52
1756355961245 0.27905609815017035 53
1756355961690 0.24892682225807852 54
1756355962306 0.24701560904150424 55
1756355962752 0.24828944387643234 56
1756355963369 0.2785265704859858 57
1756355963815 0.30262173323527625 58
1756355964259 0.28400604556436126 59
1756355964875 0.2692504440960677 60
1756355965320 0.31198901715485944 61
1756355965763 0.3341573159331861 62
1756355966380 0.31779940815075586 63
1756355966823 0.30963541502537933 64
1756355967269 0.25435365023820294 65
1756355967886 0.2381037123825239 66
1756355968331 0.2300973029240318 67
1756355968774 0.22375202243742737 68
1756355969394 0.20346278762039932 69
1756355969837 0.20383021332647488 70
1756355970280 0.19432730746010077 71
1756355970900 0.18952464927797733 72
1756355971346 0.18421801017678302 73
1756355971790 0.18019079773322397 74
1756355972410 0.18643803635369177 75
1756355972854 0.1814314586960751 76
1756355973301 0.17249809982983963 77
1756355973916 0.18211899503417636 78
1756355974360 0.16955527404080267 79
1756355974975 0.1920099540249161 80
1756355975417 0.1733251699934835 81
1756355975861 0.1737195778152217 82
1756355976478 0.1582569450787876 83
1756355976924 0.1553597832503526 84
1756355977370 0.1555007803051368 85
1756355977990 0.15980512648820877 86
1756355978435 0.15790151999048566 87
1756355978881 0.15082965337711832 88
1756355979497 0.1451787320168122 89
1756355979942 0.1479259162493374 90
1756355980389 0.1465859526525373 91
1756355981007 0.14794854333867197 92
1756355981454 0.14019596576690674 93
1756355981899 0.1468363028505574 94
1756355982520 0.15089744491421658 95
1756355982964 0.1505360504531342 96
1756355983406 0.15336416337801062 97
1756355984026 0.13538130307975021 98
1756355984472 0.13199899345636368 99
1756355984914 0.11997600482857745 100
1756355985533 0.1184148357614227 101
1756355985978 0.11775019538143407 102
1756355986596 0.12077940611735634 103
1756355987044 0.12988072342198828 104
1756355987489 0.12710806111926617 105
1756355988108 0.10086223580267119 106
1756355988554 0.10311516795469367 107
1756355989001 0.11332207626622656 108
1756355989623 0.11182933754247168 109
1756355990068 0.10338648505832838 110
1756355990514 0.1179158852800079 111
1756355991134 0.10198700541387433 112
1756355991579 0.09981151961761972 113
1756355992024 0.1111402773986692 114
1756355992644 0.09122947975993156 115
1756355993089 0.10656107881146928 116
1756355993534 0.10273335938868315 117
1756355994151 0.10164644002266553 118
1756355994595 0.08968581307841383 119
1756355995039 0.10274249493427899 120
1756355995658 0.0922493704635164 121
1756356009398 1.73394731335018 1
1756356009845 1.8021533489227295 2
1756356010551 1.379099402738654 3
1756356010994 1.0007952840431877 4
1756356011439 0.8088244225667871 5
1756356012058 0.9007488022679868 6
1756356012504 0.7839171368142833 7
1756356012949 0.6725835061591604 8
1756356013571 0.5760430317857991 9
1756356014016 0.5451406175675599 10
1756356014462 0.5908906472765881 11
1756356015083 0.4994456029456595 12
1756356015527 0.4668378674465677 13
1756356015973 0.3775918082050655 14
1756356016593 0.35933695409608923 15
1756356017041 0.34940535996271216 16
1756356017484 0.2971232254867968 17
1756356018105 0.2828635443811831 18
1756356018550 0.35587595791920373 19
1756356019175 0.2967963581499846 20
1756356019621 0.27891080664551776 21
1756356020070 0.27947001029615814 22
1756356020516 0.34149219225282257 23
1756356021138 0.34322823454504425 24
1756356021583 0.2785416498132374 25
1756356022211 0.29094808127569116 26
1756356022661 0.2501754112865614 27
1756356023106 0.2455358615388041 28
1756356023723 0.26137836471847864 29
1756356024172 0.23578284421692725 30
1756356024619 0.22391740589038187 31
1756356025231 0.1999326166899308 32
1756356025681 0.18482434684815613 33
1756356026125 0.1785894548115523 34
1756356026765 0.17623736514993335 35
1756356027213 0.16720863464085953 36
1756356027662 0.18555889213862625 37
1756356028302 0.17972567709891693 38
1756356028750 0.19761142329029416 39
1756356029197 0.20558533202046933 40
1756356029828 0.16459170566952747 41
1756356030273 0.1627560410162677 42
1756356030908 0.1682511859613916 43
1756356031354 0.206886339770711 44
1756356031803 0.15271153365788254 45
1756356032252 0.18434610962867737 46
1756356032888 0.1728132623045341 47
1756356033333 0.1371708230479904 48
1756356033964 0.15032314865485483 49
1756356034412 0.1670672303956488 50
1756356034856 0.20806002163368723 51
1756356035484 0.181020299701587 52
1756356035934 0.15817160807226016 53
1756356036379 0.1813463416436444 54
1756356037000 0.14913639814957327 55
1756356037447 0.13975559498952783 56
1756356037893 0.1250441764359889 57
1756356038514 0.11014282509036687 58
1756356038962 0.11251610679470975 59
1756356039409 0.1258471144930176 60
1756356040028 0.12812923348468283 61
1756356271070 1.7805836148883984 1
1756356271818 1.7220839365668918 2
1756356272273 1.6942756383315376 3
1756356272729 1.0482590794563293 4
1756356273365 1.0483490254568018 5
1756356273819 0.8327924725802048 6
1756356274273 0.5772063071313112 7
1756356274913 0.6886000348174054 8
1756356275367 0.4547088431275409 9
1756356275824 0.47314046647237695 10
1756356276459 0.5516166246455648 11
1756356276915 0.4605701112228891 12
1756356277544 0.5029520340587782 13
1756356278000 0.43939439887585846 14
1756356278453 0.3709669398224872 15
1756356279080 0.3845404762288798 16
1756356279538 0.35164038383442425 17
1756356279995 0.31284574969955115 18
1756356280621 0.33084372269070667 19
1756356281078 0.36844208512617194 20
1756356281534 0.31862307307512866 21
1756356282160 0.27505058827607526 22
1756356282614 0.2776146874479625 23
1756356283074 0.29601457779822143 24
1756356283696 0.29171127923156903 25
1756356284152 0.21971889293712119 26
1756356284774 0.24270208179950714 27
1756356285231 0.2517160300327384 28
1756356285689 0.20774336224016937 29
1756356286309 0.21765419192936108 30
1756356286764 0.21426657036594723 31
1756356287220 0.2623855056970016 32
1756356287835 0.22189220300187235 33
1756356288292 0.18783928194771643 34
1756356288748 0.24718733131885529 35
1756356289364 0.2171747017165889 36
1756356289823 0.2074548012536505 37
1756356290281 0.21587794176910235 38
1756356290896 0.19555985668431158 39
1756356291350 0.213827195374862 40
1756356291967 0.2068522423505783 41
1756356292422 0.1525638041936833 42
1756356292879 0.15786423210216605 43
1756356293336 0.1638539653757344 44
1756356293952 0.1546410821054293 45
1756356294407 0.14140079947917358 46
1756356295019 0.14142315899548324 47
1756356295476 0.1369653068806814 48
1756356295931 0.13406952859266943 49
1756356296544 0.14725343818249909 50
1756356296999 0.1702362739521524 51
1756356297455 0.1493335868353429 52
1756356298071 0.14766120262767957 53
1756356298530 0.15633743061967517 54
1756356298988 0.12495762142150299 55
1756356299601 0.12049763487732928 56
1756356300060 0.13325658634952878 57
1756356300519 0.13492655494938727 58
1756356301132 0.1399763744810353 59
1756356301587 0.13293514757052713 60
1756356302043 0.13947652345118317 61
1756356302663 0.15502849286017212 62
1756356303120 0.15884311205666998 63
1756356303739 0.13563265586676804 64
1756356304196 0.13880999742642694 65
1756356304653 0.1316292425212653 66
1756356305111 0.1317051623178565 67
1756356305757 0.1334508126196654 68
1756356306215 0.09991941017949063 69
1756356306859 0.10035147129193596 70
1756356307316 0.12549787954143857 71
1756356307771 0.11659061941115753 72
1756356308408 0.09234681012837784 73
1756356308869 0.09733477996095367 74
1756356309325 0.09952097434712492 75
1756356309964 0.09624589704301047 76
1756356310424 0.0906342274468878 77
1756356310881 0.07211522077736647 78
1756356311510 0.08363719948607942 79
1756356311965 0.08325503555976826 80
1756356312424 0.0794561493979848 81
1756356313074 0.07876842938687491 82
1756356313532 0.09380082008631332 83
1756356313989 0.09096403468562209 84
1756356314638 0.07686236112014107 85
1756356315097 0.08097498313240382 86
1756356315734 0.07617882817335751 87
1756356316190 0.06804162296264069 88
1756356316652 0.07137281561027402 89
1756356317110 0.0630323525680148 90
1756356317767 0.06252581820539806 91
1756356318223 0.07869039540705473 92
1756356318864 0.07222398192338321 93
1756356319323 0.06339410595271898 94
1756356319780 0.05405718460679054 95
1756356320414 0.05607983648129131 96
1756356320876 0.06383374916470569 97
1756356321335 0.0636943303372549 98
1756356321968 0.06843149232799592 99
1756356322427 0.06544847462488257 100
1756356322883 0.057448173022788505 101
1756356323512 0.05502162468822106 102
1756356323970 0.05650938723398292 103
1756356324426 0.05629684703181619 104
1756356325051 0.0640554207822551 105
1756356325508 0.05265620650480623 106
1756356325966 0.05694494947143223 107
1756356326594 0.056310661137104034 108
1756356327053 0.04875363879229711 109
1756356327676 0.04674980611256931 110
1756356328135 0.050716698817584824 111
1756356328594 0.05700494243722895 112
1756356329054 0.0476315890479347 113
1756356329682 0.050085700562466744 114
1756356330139 0.05315214557492215 115
1756356330762 0.04519044891323732 116
1756356331220 0.04610058276549629 117
1756356331679 0.049120090092005936 118
1756356332306 0.047125592827796936 119
1756356332764 0.04463032462998577 120
1756356333224 0.04547635182414366 121
1756356333850 0.044198495214400085 122
1756356334308 0.045941621794000916 123
1756356334765 0.04424400408954724 124
1756356335391 0.043426176290149276 125
1756356335850 0.03911724386979704 126
1756356336309 0.04677781057746514 127
1756356336948 0.047576630973945495 128
1756356337408 0.039291089481633644 129
1756356337865 0.03711595224297565 130
1756356627608 2.894539217154185 1
1756356628081 2.295697639385859 2
1756356628801 2.2135705848534903 3
1756356629271 1.7088829477628071 4
1756356629744 1.1670124332110088 5
1756356630380 1.2640238503615062 6
1756356630851 0.9011413852373759 7
1756356631321 0.8763007968664169 8
1756356631959 1.223251183827718 9
1756356632431 1.0487199127674103 10
1756356632902 0.7586775223414103 11
1756356633534 0.6234545633196831 12
1756356634004 0.6209373399615288 13
1756356634633 0.5591152062018713 14
1756356635103 0.5111478666464487 15
1756356635572 0.4929159979025523 16
1756356636204 0.5696415354808172 17
1756356636674 0.5396424879630407 18
1756356637147 0.5633879825472832 19
1756356637804 0.48280112942059833 20
1756356638273 0.43381885687510174 21
1756356638739 0.4066945860783259 22
1756356639394 0.3962213148673375 23
1756356639866 0.37164100507895154 24
1756356640336 0.435846542318662 25
1756356640981 0.42282042404015857 26
1756356641451 0.4153294066588084 27
1756356641923 0.34411173065503436 28
1756356642574 0.30673932656645775 29
1756356643043 0.33885986854632694 30
1756356643708 0.5562310988704363 31
1756356644179 0.6723222260673841 32
1756356644650 0.603517067929109 33
1756356645123 0.4343978688120842 34
1756356645760 0.40591537455717724 35
1756356646227 0.34895241012175876 36
1756356646860 0.31372688462336856 37
1756356647331 0.30250607430934906 38
1756356647806 0.33100903034210205 39
1756356648438 0.3300917868812879 40
1756356648908 0.29634914298852283 41
1756356649380 0.33957791825135547 42
1756356650020 0.3608296637733777 43
1756356650495 0.3294930271804333 44
1756356650964 0.29588889082272846 45
1756356651629 0.27536264186104137 46
1756356652102 0.30966774622599286 47
1756356652572 0.25193434953689575 48
1756356653227 0.24867583562930426 49
1756356653700 0.20860972007115683 50
1756356654170 0.24933764711022377 51
1756356654805 0.2130012847483158 52
1756356655276 0.18741011122862497 53
1756356655908 0.17338336010773978 54
1756356656380 0.1873082642753919 55
1756356656851 0.17902662108341852 56
1756356657323 0.18065484737356505 57
1756356657978 0.18600910529494286 58
1756356658448 0.19566876192887625 59
1756356659102 0.2712830814222495 60
1756356659572 0.24769243970513344 61
1756356660043 0.2699805839608113 62
1756356660679 0.22328765938679376 63
1756356661150 0.19712031508485475 64
1756356661621 0.18018529812494913 65
1756356662254 0.18708579242229462 66
1756356662724 0.16164986354609331 67
1756356663194 0.1382543326665958 68
1756356663825 0.1755400113761425 69
1756356664295 0.15010236700375876 70
1756356664766 0.1588732674717903 71
1756356665398 0.14345338816444078 72
1756356665872 0.1318570040166378 73
1756356666343 0.14127511158585548 74
1756356666977 0.1755916327238083 75
1756356667447 0.15261546398202577 76
1756356668081 0.16611061617732048 77
1756356668552 0.14478706816832224 78
1756356669024 0.14907298299173513 79
1756356669494 0.12153017769257228 80
1756356670122 0.1255086318900188 81
1756356670595 0.10879531813164552 82
1756356671228 0.1183915672202905 83
1756356671702 0.13579542686541876 84
1756356672174 0.1508969155450662 85
1756356672800 0.13297474198043346 86
1756356673274 0.11480957455933094 87
1756356673747 0.1147153414785862 88
1756356674379 0.10242337081581354 89
1756356674849 0.09775456599891186 90
1756356675319 0.0939754241456588 91
1756356675944 0.09590437573691209 92
1756356676417 0.08770769958694775 93
1756356676889 0.10352563299238682 94
1756356677516 0.10151553774873416 95
1756356677988 0.09938222542405128 96
1756356678458 0.10252603826423486 97
1756356679093 0.08371240273118019 98
1756356679564 0.0940944254398346 99
1756356680194 0.08925664673248927 100
1756356680662 0.10434536884228389 101
1756356681131 0.09706222824752331 102
1756356681602 0.09586683909098308 103
1756356682229 0.09862766104439895 104
1756356682702 0.09035768173635006 105
1756356683340 0.09105171635746956 106
1756356683812 0.08312131464481354 107
1756356684282 0.07827137131243944 108
1756356684916 0.08118039276450872 109
1756356685391 0.07329727585117023 110
1756356685862 0.07084244458625714 111
1756356686493 0.08779022594292958 112
1756356686966 0.07963797139624755 113
1756356687438 0.08005025796592236 114
1756356688066 0.09124142241974671 115
1756356688536 0.08362996702392896 116
1756356689007 0.06904215645045042 117
1756356689637 0.07336594785253207 118
1756356690109 0.07435421117891867 119
1756356690580 0.07441046026845773 120
1756356691210 0.07129887553552787 121
1756356691684 0.07274943838516872 122
1756356692156 0.07011459798862536 123
1756356692789 0.06610373842219512 124
1756356693263 0.06574410013854504 125
1756356693893 0.06572181979815166 126
1756356694363 0.059354061571260296 127
1756356694837 0.0590451235572497 128
1756356695315 0.06822014320641756 129
1756356695947 0.0687101986259222 130
1756356696423 0.06157312293847402 131
1756356697056 0.07464077944556873 132
1756356697529 0.05794693995267153 133
1756356698003 0.06327727374931176 134
1756356698637 0.06492812496920426 135
1756356699112 0.05871512399365505 136
1756356699586 0.059965837436417736 137
1756356700248 0.06378872475276391 138
1756356700722 0.05450425110757351 139
1756356701196 0.06289838037143151 140
1756356701834 0.06102314653495947 141
1756356702307 0.06402955918262403 142
1756356702779 0.059089635498821735 143
1756356703413 0.061386640183627605 144
1756356703886 0.05341035407036543 145
1756356722391 1.73422212186067 1
1756356722878 1.855220711749533 2
1756356723661 1.2381705771321836 3
1756356724134 1.1722073814143306 4
1756356724812 0.9988229404325071 5
1756356725283 0.727851399908895 6
1756356725758 0.7014939642470815 7
1756356726432 0.6397783095421998 8
1756356726903 0.6777465809946475 9
1756356727377 0.46684261767760565 10
1756356728031 0.5068893743597943 11
1756356728504 0.48111431495003076 12
1756356728979 0.4429183861483698 13
1756356729625 0.49843218793039734 14
1756356730097 0.4405919028365094 15
1756356730569 0.3599734869988068 16
1756356731219 0.37462199058221735 17
1756356731690 0.36237746671490045 18
1756356732163 0.33609551320905273 19
1756356732808 0.4394216965074125 20
1756356733282 0.42930623111517535 21
1756356733755 0.31937254058278125 22
1756356734401 0.30543873815432837 23
1756356734875 0.3501256568276364 24
1756356735358 0.40169415525768115 25
1756356736008 0.39112684778545215 26
1756356736487 0.3259416883406432 27
1756356737139 0.2884087309889171 28
1756356737613 0.3105443353238313 29
1756356738087 0.27253584822882776 30
1756356738740 0.24754632879858432 31
1756356739213 0.23624470052511795 32
1756356739689 0.21007811764012213 33
1756356740338 0.2319598632014316 34
1756356740815 0.2353145402410756 35
1756356741288 0.3361320029134336 36
1756356741935 0.28254967215268506 37
1756356742407 0.30487837480462116 38
1756356742879 0.22956281317316968 39
1756356743522 0.23805199045202005 40
1756356743996 0.2337312620619069 41
1756356744471 0.22512919358585193 42
1756356745109 0.19834105735239776 43
1756356745584 0.19358785320883212 44
1756356746058 0.17683030211407205 45
1756356746701 0.16500554363364758 46
1756356747183 0.18251822079005448 47
1756356747659 0.18997694519550903 48
1756356748296 0.20788043575442355 49
1756356748769 0.18900093986936237 50
1756356749408 0.16169416159391403 51
1756356749883 0.13550364614828772 52
1756356750357 0.13842019163396047 53
1756356750995 0.14741426803495572 54
1756356751471 0.17231241905170938 55
1756356751947 0.14433101143525995 56
1756356752594 0.12656504174937372 57
1756356753068 0.1420521234040675 58
1756356753543 0.14703233896390253 59
1756356754182 0.14474119148824527 60
1756356754657 0.14478064458007397 61
1756356755132 0.11901984460975813 62
1756356755773 0.1357962975035543 63
1756356756247 0.11553345944570459 64
1756356756891 0.13433988392353058 65
1756356757369 0.13894812795131103 66
1756356757843 0.12403849658110867 67
1756356758485 0.13439782935640085 68
1756356758961 0.11935616236018098 69
1756356759437 0.14515336764895398 70
1756356760075 0.14879867240138675 71
1756356760552 0.10456997836413591 72
1756356761027 0.10621924763140471 73
1756356761669 0.09965687795825627 74
1756356762145 0.10752745134674985 75
1756356762622 0.1226404853489088 76
1756356763263 0.11265666880037474 77
1756356763737 0.09428095234477002 78
1756356764215 0.09121793881058693 79
1756356764855 0.09880783781409264 80
1756356765330 0.10448391136267911 81
1756356765976 0.09908163920044899 82
1756356766450 0.10249732888263205 83
1756356766925 0.08713438993562823 84
1756356767569 0.08129933152509772 85
1756356768046 0.08150066775472267 86
1756357079495 1.833320130472598 1
1756357079985 1.7097284742023633 2
1756357080472 1.6349191406498784 3
1756357081225 1.2680715115174004 4
1756357081718 0.8708548986393473 5
1756357082208 0.8741883272710054 6
1756357082875 0.7080194107864214 7
1756357083361 0.5699990262155947 8
1756357084020 0.6457912986693175 9
1756357084506 0.5791020471116771 10
1756357084992 0.5465304799701857 11
1756357085655 0.45174079485561536 12
1756357086143 0.4300461048665254 13
1756357086629 0.4773262505945952 14
1756357087293 0.5176366450993911 15
1756357087783 0.5209992631621982 16
1756357088461 0.5316723734140396 17
1756357088949 0.3938689620598503 18
1756357089439 0.3444266675607018 19
1756357090108 0.44709652597489563 20
1756357090595 0.3749251611854719 21
1756357091083 0.31823581197987433 22
1756357091738 0.27315962508968683 23
1756357092225 0.2678958520941112 24
1756357092874 0.27230874999709753 25
1756357093361 0.3523160539891409 26
1756357093849 0.3990240174791087 27
1756357094499 0.3706225390019624 28
1756357094984 0.32120560368765955 29
1756357095468 0.24736805584119714 30
1756357096119 0.26278551246808923 31
1756357096608 0.25084609117196954 32
1756357097258 0.24839261562927908 33
1756357097747 0.18287476184575455 34
1756357098234 0.2004812716141991 35
1756357098884 0.2124637501395267 36
1756357099371 0.20707984463028287 37
1756357099859 0.23672786614169244 38
1756357100507 0.24471895882616873 39
1756357100995 0.2195310913350271 40
1756357101648 0.18693496643201166 41
1756357102135 0.2663550947023475 42
1756357102624 0.24738151353338492 43
1756357103269 0.19325031534485196 44
1756357103755 0.19162532395642737 45
1756357104247 0.19283172423424927 46
1756357104902 0.19663012286891107 47
1756357105392 0.17495330358329025 48
1756357106041 0.16839917230865228 49
1756357106529 0.17976454904545908 50
1756357107021 0.1698190505089967 51
1756357107671 0.1502953106942384 52
1756357108159 0.14064757331557895 53
1756357108648 0.1650631343540938 54
1756357109296 0.14130536142898642 55
1756357126110 2.024813343649325 1
1756357126606 1.7502014870228975 2
1756357127354 1.2268837172052134 3
1756357127843 1.129849638627923 4
1756357128328 0.8674831183060355 5
1756357128994 0.8384765334751295 6
1756357129482 0.6497640713401462 7
1756357130144 0.5666908466297648 8
1756357130630 0.6466186370538629 9
1756357131120 0.5566525588864866 10
1756357131779 0.5868542401686959 11
1756357132267 0.5296072273150735 12
1756357132756 0.45151157482810644 13
1756357133409 0.6181025634641233 14
1756357133899 0.4436095253280971 15
1756357134550 0.4081459835819576 16
1756357135040 0.36689220304074494 17
1756357135532 0.3774525575015856 18
1756357136182 0.3801249965377476 19
1756357136673 0.3779404869546061 20
1756357137326 0.42612246845079504 21
1756357137816 0.3711159605046977 22
1756357138305 0.3911162757355234 23
1756357138957 0.31149590404137323 24
1756357139447 0.26074365429256274 25
1756357139937 0.2925759838974994 26
1756357140585 0.429880502431289 27
1756357141071 0.40146894040315045 28
1756357141726 0.319067494376846 29
1756357142213 0.42350307495697687 30
1756357142701 0.32489442047865497 31
1756357143353 0.2614216305639433 32
1756357143844 0.22887135394241498 33
1756357144494 0.23302109928234763 34
1756357144986 0.21960873577905737 35
1756357145473 0.22051481967386993 36
1756357146121 0.2426926675050155 37
1756357146609 0.21642999221449313 38
1756357147254 0.2540826007075932 39
1756357147742 0.24811334000981372 40
1756357148232 0.32061784163765283 41
1756357148877 0.22637745090152905 42
1756357149368 0.25114653680635535 43
1756357150014 0.22862529430700385 44
1756357150504 0.23006678923316623 45
1756357150994 0.21402092439972836 46
1756357151641 0.23577887143777765 47
1756357152133 0.18721662818089777 48
1756357152623 0.19630310230928918 49
1756357153271 0.21979988139608633 50
1756357153761 0.17242307734230292 51
1756357154406 0.1551720937309058 52
1756357154897 0.17735217706016873 53
1756357155387 0.17623691779115927 54
1756357156036 0.17320934585903003 55
1756357156527 0.1644389149935349 56
1756357157172 0.14920992663373117 57
1756357157660 0.14011080141948618 58
1756357158151 0.14654043705567069 59
1756357158797 0.14163158769192902 60
1756357159287 0.12880008343769156 61
1756357159931 0.12322436046341191 62
1756357160424 0.11814692195342935 63
1756357160915 0.12190474278253058 64
1756357161565 0.12222444233687027 65
1756357162056 0.1298055671479391 66
1756357162714 0.1189152216133864 67
1756357163205 0.10822334172932999 68
1756357163693 0.09384516221673592 69
1756357164343 0.09951956667329954 70
1756357164835 0.12797051830136258 71
1756357165487 0.14077037734829861 72
1756357165976 0.09547146879460501 73
1756357166468 0.10422307625412941 74
1756357167150 0.11267957771601884 75
1756357167641 0.10816628745068675 76
1756357168307 0.10964530835980954 77
1756357168800 0.12292648106813431 78
