1756349450786 0.0006771277250172403 1
1756349450803 0.0013542554500344806 2
1756349450818 0.002031383175051721 3
1756349450833 0.002708510900068961 4
1756349450848 0.0033856386250862014 5
1756349450864 0.0033856386250862014 6
1756349450879 0.00338524143439019 7
1756349450894 0.0033840500487450423 8
1756349450909 0.003382065027391902 9
1756349450925 0.0033792873021076587 10
1756349450940 0.003375718176767569 11
1756349450955 0.0033713593267332125 12
1756349450971 0.0033662127980660693 13
1756349450986 0.003360281006567091 14
1756349451001 0.0033535667366427157 15
1756349451017 0.0033460731399978555 16
1756349451032 0.003337803734156472 17
1756349451048 0.003328762400810439 18
1756349451063 0.00331895338399746 19
1756349451079 0.0033083812881089017 20
1756349451094 0.0032970510757284704 21
1756349451110 0.00328496806530276 22
1756349451126 0.0032721379286447493 23
1756349451141 0.003258566688271433 24
1756349451157 0.003244260714576824 25
1756349451173 0.003229226722841671 26
1756349451188 0.003213471770081274 27
1756349451204 0.0031970032517328953 28
1756349451220 0.0031798288981843142 29
1756349451236 0.0031619567711451482 30
1756349451251 0.0031433952598626577 31
1756349451267 0.0031241530771837986 32
1756349451283 0.003104239255465377 33
1756349451299 0.0030836631423342277 34
1756349451315 0.0030624343962993975 35
1756349451331 0.0030405629822184053 36
1756349451347 0.003018059166619698 37
1756349451363 0.0029949335128835013 38
1756349451379 0.0029711968762833264 39
1756349451395 0.0029468603988904623 40
1756349451411 0.0029219355043438437 41
1756349451427 0.002896433892487749 42
1756349451443 0.002870367533879847 43
1756349451459 0.0028437486641721696 44
1756349451475 0.00281658977836765 45
1756349451491 0.002788903624954915 46
1756349451508 0.0027607031999240996 47
1756349451524 0.0027320017406664704 48
1756349451540 0.002702812719760749 49
1756349451556 0.0026731498386490253 50
1756349451573 0.002643027021205248 51
1756349451589 0.0026124584071993023 52
1756349451605 0.0025814583456597482 53
1756349451622 0.0025500413881383256 54
1756349451638 0.0025182222818794023 55
1756349451655 0.0024860159628975554 56
1756349451671 0.0024534375489665508 57
1756349451688 0.0024205023325229954 58
1756349451705 0.002387225773488012 59
1756349451722 0.0023536234920102884 60
1756349451738 0.0023197112611339165 61
1756349451755 0.002285504999394464 62
1756349451772 0.0022510207633467537 63
1756349451789 0.002216274740027847 64
1756349451805 0.0021812832393587906 65
1756349451822 0.00214606268648867 66
1756349451839 0.002110629614084583 67
1756349451856 0.002075000654571138 68
1756349451873 0.0020391925323231305 69
1756349451890 0.002003222055815051 70
1756349451907 0.0019671061097311262 71
1756349451924 0.0019308616470395746 72
1756349451941 0.0018945056810348228 73
1756349451958 0.0018580552773513938 74
1756349451975 0.001821527545953229 75
1756349451992 0.0017849396331022082 76
1756349452009 0.001748308713309623 77
1756349452026 0.001711651981274393 78
1756349452044 0.0016749866438118084 79
1756349452061 0.0016383299117765785 80
1756349452078 0.0016016989919839931 81
1756349452096 0.0015651110791329724 82
1756349537010 0.000518311125775726 1
1756349537041 0.001036622251551452 2
1756349537070 0.0015549333773271783 3
1756349537098 0.002073244503102904 4
1756349537127 0.0025915556288786303 5
1756349537155 0.0025915556288786303 6
1756349537184 0.002591251624608968 7
1756349537213 0.002590339754500789 8
1756349537242 0.0025888204465895374 9
1756349537270 0.002586694414044367 10
1756349537299 0.0025839626548333798 11
1756349537328 0.0025806264512551755 12
1756349537357 0.002576687369336936 13
1756349537386 0.002572147258099323 14
1756349537415 0.002567008248688545 15
1756349537443 0.0025612727533759856 16
1756349537472 0.002554943464425874 17
1756349537501 0.0025480233528315274 18
1756349537530 0.0025405156669207514 19
1756349537559 0.002532423930831067 20
1756349537589 0.0025237519428554615 21
1756349537618 0.002514503773659459 22
1756349537647 0.0025046837643703302 23
1756349537676 0.002494296524539353 24
1756349537705 0.002483346929978068 25
1756349537734 0.0024718401204695565 26
1756349537764 0.0024597814973558044 27
1756349537793 0.0024471767210022884 28
1756349537822 0.002434031708140983 29
1756349537852 0.0024203526290930196 30
1756349537881 0.0024061459048723135 31
1756349537911 0.002391418204171516 32
1756349537940 0.002376176440231701 33
1756349537969 0.002360427767597267 34
1756349537999 0.002344179578757561 35
1756349538029 0.0023274395006768157 36
1756349538058 0.002310215391214024 37
1756349538088 0.0022925153354344274 38
1756349538117 0.0022743476418143546 39
1756349538147 0.0022557208383411904 40
1756349538177 0.0022366436685103035 41
1756349538206 0.002217125087220816 42
1756349538236 0.0021971742565721378 43
1756349538266 0.0021768005415632413 44
1756349538296 0.0021560135056966933 45
1756349538326 0.002134822906489509 46
1756349538356 0.0021132386908929357 47
1756349538386 0.002091270990623313 48
1756349538416 0.002068930117406207 49
1756349538446 0.0020462265581360417 50
1756349538476 0.002023170969953515 51
1756349538506 0.0019997741752430893 52
1756349538535 0.0019760471565529237 53
1756349538565 0.0019520010514396222 54
1756349538595 0.0019276471472402213 55
1756349538625 0.0019029968757738667 56
1756349538655 0.0018780618079756752 57
1756349538685 0.0018528536484652886 58
1756349538716 0.0018273842300526829 59
1756349538746 0.0018016655081837965 60
1756349538776 0.0017757095553285992 61
1756349538806 0.0017495285553142251 62
1756349538836 0.0017231347976058371 63
1756349538867 0.001696540671537903 64
1756349538897 0.0016697586604985928 65
1756349538927 0.0016428013360700257 66
1756349538958 0.0016156813521271212 67
1756349538988 0.0015884114388978196 68
1756349539019 0.0015610043969874626 69
1756349539049 0.0015334730913701378 70
1756349539080 0.0015058304453498092 71
1756349539110 0.0014780894344940672 72
1756349539141 0.0014502630805433463 73
1756349539172 0.0014223644452984682 74
1756349539202 0.001394406624489379 75
1756349636658 0.000739631264756316 1
1756349636701 0.001479262529512632 2
1756349636741 0.002218893794268948 3
1756349636782 0.002958525059025264 4
1756349636823 0.00369815632378158 5
1756349636863 0.00369815632378158 6
1756349636904 0.003697722458823997 7
1756349636944 0.003696421067609179 8
1756349636985 0.0036942527610153205 9
1756349637026 0.003691218556854128 10
1756349637067 0.003687319879393061 11
1756349637109 0.0036825585586867694 12
1756349637150 0.0036769368297180625 13
1756349637191 0.0036704573313487963 14
1756349637233 0.0036631231050811845 15
1756349637274 0.003654937593630104 16
1756349637316 0.0036459046393070675 17
1756349637357 0.003636028482216633 18
1756349637398 0.003625313758266078 19
1756349637441 0.0036137654969892884 20
1756349637482 0.003601389119185873 21
1756349637524 0.003588190434376621 22
1756349637565 0.0035741756380764877 23
1756349637606 0.003559351308886399 24
1756349637648 0.003543724405405225 25
1756349637689 0.00352730226296339 26
1756349637730 0.003510092590179638 27
1756349637772 0.003492103465342575 28
1756349637813 0.0034733433326186924 29
1756349637855 0.0034538209980886367 30
1756349637897 0.003433545625613605 31
1756349637938 0.0034125267325337883 32
1756349637980 0.0033907741852008963 33
1756349638021 0.0033682981943468546 34
1756349638063 0.003345109310290842 35
1756349638105 0.0033212184179869327 36
1756349638147 0.003296636731914655 37
1756349638189 0.0032713757908148693 38
1756349638231 0.003245447452273437 39
1756349638273 0.003218863887155225 40
1756349638315 0.0031916375738910508 41
1756349638356 0.00316378129262026 42
1756349638401 0.003135308119191676 43
1756349638444 0.003106231419025746 44
1756349638487 0.0030765648408407602 45
1756349638529 0.0030463223102460885 46
1756349638572 0.0030155180232054437 47
1756349638614 0.0029841664393732404 48
1756349638656 0.002952282275307178 49
1756349638698 0.0029198804975602267 50
1756349638743 0.0028869763156552696 51
1756349638785 0.0028535851749456934 52
1756349638827 0.0028197227493652784 53
1756349638870 0.002785404934070788 54
1756349638912 0.0027506478379807258 55
1756349638954 0.002715467776213739 56
1756349638997 0.0026798812624302414 57
1756349639039 0.0026439050010808327 58
1756349639082 0.0026075558795651656 59
1756349639125 0.0025708509603049323 60
1756349639168 0.0025338074727346968 61
1756349639210 0.0024964428052143286 62
1756349639253 0.002458774496866839 63
1756349639296 0.002420820229345447 64
1756349639339 0.002382597818533742 65
1756349639381 0.0023441252061828345 66
1756349639424 0.0023054204514894303 67
1756349639467 0.0022665017226187714 68
1756349639510 0.002227387288176426 69
1756349639553 0.002188095508632932 70
1756349639595 0.002148644827705322 71
1756349639638 0.0021090537636995685 72
1756349639681 0.0020693409008180155 73
1756349639724 0.002029524880435884 74
1756349639767 0.0019896243923509323 75
1756349639810 0.0019496581660103946 76
1756349639854 0.0019096449617193034 77
1756349639897 0.0018696035618343257 78
1756349639940 0.0018295527619472541 79
1756349639983 0.0017895113620622766 80
1756349640027 0.0017494981577711852 81
1756349640070 0.001709531931430648 82
1756349640113 0.0016696314433456965 83
1756349640157 0.0016298154229635645 84
1756349640200 0.0015901025600820115 85
1756349640244 0.0015505114960762578 86
1756349640287 0.001511060815148648 87
1756349640331 0.0014717690356051546 88
1756349640375 0.0014326546011628086 89
1756349640418 0.0013937358722921496 90
1756349640462 0.001355031117598746 91
1756349640505 0.0013165585052478384 92
1756349640549 0.001278336094436133 93
1756349640592 0.0012403818269147411 94
1756349640636 0.0012027135185672516 95
1756349640679 0.001165348851046883 96
1756349640723 0.0011283053634766475 97
1756349640767 0.0010916004442164142 98
1756349640810 0.0010552513227007475 99
1756349794891 0.0008879532820172418 1
1756349794954 0.0017759065640344837 2
1756349795015 0.0026638598460517254 3
1756349795076 0.0035518131280689673 4
1756349795137 0.004439766410086209 5
1756349795198 0.004439766410086209 6
1756349795259 0.0044392455164502425 7
1756349795320 0.00443768308005188 8
1756349795381 0.004435079834304957 9
1756349795442 0.004431437001183347 10
1756349795503 0.004426756290647352 11
1756349795564 0.004421039899841048 12
1756349795626 0.004414290512060933 13
1756349795687 0.004406511295496379 14
1756349795749 0.0043977059017424715 15
1756349795810 0.004387878464085935 16
1756349795871 0.0043770335955649504 17
1756349795932 0.004365176386803781 18
1756349795993 0.00435231240362321 19
1756349796055 0.004338447684427923 20
1756349796117 0.004323588737372055 21
1756349796178 0.004307742537304241 22
1756349796240 0.004290916522493593 23
1756349796301 0.004273118591138145 24
1756349796363 0.004254357097657408 25
1756349796424 0.004234640848770775 26
1756349796485 0.004213979099363608 27
1756349796547 0.0041923815481429635 28
1756349796609 0.0041698583330849765 29
1756349796671 0.004146420026676054 30
1756349796732 0.0041220776309501125 31
1756349796794 0.004096842572324176 32
1756349796856 0.004070726696234768 33
1756349796918 0.004043742261577625 34
1756349796980 0.004015901934953315 35
1756349797042 0.003987218784721487 36
1756349797104 0.003957706274866533 37
1756349797165 0.003927378258677537 38
1756349797227 0.0038962489722454896 39
1756349797289 0.003864333027780808 40
1756349797351 0.003831645406754308 41
1756349797413 0.003798201452864842 42
1756349797475 0.003764016864836904 43
1756349797537 0.00372910768905159 44
1756349797600 0.003693490312014359 45
1756349797662 0.0036571814526631455 46
1756349797724 0.0036201981545204223 47
1756349797786 0.003582557777692903 48
1756349797849 0.003544277990722641 49
1756349797911 0.003505376762293344 50
1756349797973 0.0034658723527958035 51
1756349798036 0.003425783305756394 52
1756349798098 0.003385128439132672 53
1756349798160 0.0033439268364801452 54
1756349798222 0.0033021978379943833 55
1756349798285 0.003259961031432648 56
1756349798347 0.003217236242919326 57
1756349798410 0.003174043527639464 58
1756349798472 0.0031304031604247893 59
1756349798535 0.0030863356262366207 60
1756349798597 0.0030418616105501468 61
1756349798660 0.002997001989644583 62
1756349798722 0.002951777820803762 63
1756349798785 0.0029062103324317625 64
1756349798848 0.002860320914088213 65
1756349907397 0.0010883831829749213 1
1756349907471 0.0021767663659498426 2
1756349907542 0.003265149548924764 3
1756349907614 0.004353532731899685 4
1756349907686 0.005441915914874606 5
1756349907758 0.005441915914874606 6
1756349907829 0.005441277418001365 7
1756349907901 0.005439362227094604 8
1756349907973 0.005436171241152525 9
1756349908045 0.005431705958036575 10
1756349908117 0.0054259684737683455 11
1756349908189 0.005418961481545689 12
1756349908261 0.0054106882704785236 13
1756349908332 0.005401152724044911 14
1756349908404 0.005390359318268137 15
1756349908476 0.005378313119615649 16
1756349908548 0.005365019782620833 17
1756349908621 0.0053504855472287565 18
1756349908693 0.0053347172358671115 19
1756349908765 0.005317722250243743 20
1756349908837 0.005299508567872252 21
1756349908910 0.005280084738327328 22
1756349908982 0.005259459879231533 23
1756349909055 0.005237643671975468 24
1756349909128 0.0052146463571732735 25
1756349909200 0.005190478729855658 26
1756349909273 0.005165152134402662 27
1756349909346 0.005138678459218561 28
1756349909419 0.005111070131151401 29
1756349909492 0.005082340109659791 30
1756349909564 0.005052501880729678 31
1756349909637 0.00502156945054397 32
1756349909710 0.004989557338907983 33
1756349909783 0.004956480572433784 34
1756349909856 0.004922354677486638 35
1756349909928 0.004887195672896879 36
1756349910001 0.004851020062440595 37
1756349910074 0.004813844827092702 38
1756349910147 0.0047756874170559955 39
1756349910220 0.0047365657435699685 40
1756349910292 0.0046964981705031935 41
1756349910365 0.004655503505733259 42
1756349910438 0.004613600992318271 43
1756349910511 0.004570810299464085 44
1756349910584 0.004527151513291511 45
1756349910657 0.004482645127407798 46
1756349910731 0.004437312033286861 47
1756349910804 0.0043911735104627345 48
1756349910877 0.004344251216540883 49
1756349910950 0.0042965671770320265 50
1756349911023 0.004248143775013285 51
1756349911096 0.0041990037406214676 52
1756349911170 0.004149170140383464 53
1756349911244 0.004098666366388716 54
1756349911317 0.004047516125308886 55
1756349911390 0.003995743427269847 56
1756349911463 0.003943372574581234 57
1756349911537 0.003890428150328847 58
1756349911610 0.0038369350068352508 59
1756349911683 0.0037829182539939965 60
1756349911757 0.003728403247482938 61
1756349911830 0.0036734155768621754 62
1756349911903 0.003617981053562217 63
1756349911976 0.0035621256987679872 64
1756349912050 0.0035058757312043847 65
1756349912123 0.003449257554829103 66
1756349912197 0.0033922977464385124 67
1756349912270 0.0033350230431924053 68
1756349912344 0.0032774603300634673 69
1756349912417 0.0032196366272173632 70
1756349912491 0.0031615790773293667 71
1756349912565 0.0031033149328434785 72
1756349912639 0.0030448715431800233 73
1756349912713 0.002986276341897723 74
1756349912787 0.0029275568338162725 75
1756349912861 0.002868740582105473 76
1756349912935 0.002809855195346969 77
1756349913009 0.002750928314574669 78
1756349913083 0.0026919876002999376 79
1756349913157 0.0026330607195276376 80
1756349913471 0.0025741753327691336 81
1756349913545 0.002515359081058334 82
1756349913619 0.0024566395729768843 83
1756349913694 0.0023980443716945833 84
1756349913768 0.002339600982031128 85
1756349913842 0.00228133683754524 86
1756349913916 0.002223279287657243 87
1756349913991 0.0021654555848111398 88
1756349914065 0.002107892871682201 89
1756349914139 0.002050618168436094 90
1756349914214 0.001993658360045504 91
1756349914288 0.001937040183670222 92
1756349914362 0.0018807902161066192 93
1756349914436 0.0018249348613123895 94
1756349914511 0.0017695003380124308 95
1756349914587 0.001714512667391668 96
1756349914662 0.0016599976608806092 97
1756349914737 0.001605980908039355 98
1756349914812 0.0015524877645457596 99
1756350112078 0.000789443184962195 1
1756350112176 0.00157888636992439 2
1756350112271 0.0023683295548865848 3
1756350112366 0.00315777273984878 4
1756350112462 0.003947215924810975 5
1756350112557 0.003947215924810975 6
1756350112652 0.0039467528324624536 7
1756350112747 0.003945363772794273 8
1756350112843 0.003943049397836547 9
1756350112939 0.003939810793966052 10
1756350113045 0.00393564948139628 11
1756350113141 0.0039305674134638416 12
1756350113236 0.003924566975711566 13
1756350113333 0.003917650984768714 14
1756350113428 0.00390982268702884 15
1756350113524 0.0039010857571259313 16
1756350113620 0.0038914442962095057 17
1756350113716 0.0038809028300195274 18
1756350113812 0.0038694663067620027 19
1756350113909 0.003857140094786272 20
1756350114004 0.0038439299800650853 21
1756350114100 0.003829842163478645 22
1756350114195 0.0038148832579038873 23
1756350114292 0.0037990602851103723 24
1756350114388 0.0037823806724642355 25
1756350114484 0.0037648522494417545 26
1756350114580 0.0037464832439541625 27
1756350114677 0.003727282278485432 28
1756350114775 0.003707258366044848 29
1756350114872 0.0036864209059362654 30
1756350114968 0.003664779679346039 31
1756350115065 0.0036423448447516957 32
1756350115162 0.0036191269331535022 33
1756350115258 0.003595136843131178 34
1756350115355 0.0035703858357280516 35
1756350115451 0.003544885529165088 36
1756350115547 0.003518647893387246 37
1756350115644 0.0034916852444447405 38
1756350115740 0.0034640102387118385 39
1756350115837 0.0034356358669459085 40
1756350115933 0.0034065754481895057 41
1756350116030 0.003376842623518362 42
1756350116126 0.0033464513496382093 43
1756350116223 0.0033154158923334493 44
1756350116320 0.0032837508197707354 45
1756350116420 0.003251470995660618 46
1756350116518 0.0032185915722804607 47
1756350116615 0.003185127983361899 48
1756350116711 0.0031510959368461905 49
1756350116810 0.0031165114075108386 50
1756350116907 0.003081390629470973 51
1756350117004 0.0030457500885589903 52
1756350117100 0.0030096065145860398 53
1756350117197 0.0029729768734889817 54
1756350117293 0.002935878359366512 55
1756350117391 0.002898328386408182 56
1756350117487 0.002860344580720111 57
1756350117585 0.002821944772051218 58
1756350117682 0.002783146985423874 59
1756350117779 0.0027439694326728773 60
1756350117876 0.002704430503896752 61
1756350117973 0.002664548758825359 62
1756350118070 0.002624342918107888 63
1756350118168 0.002583831854525308 64
1756350118266 0.0025430345841314125 65
1756350118364 0.002501970257326604 66
1756350118462 0.002460658149868625 67
1756350118559 0.002419117653824436 68
1756350118656 0.002377368268467508 69
1756350118753 0.0023354295911247815 70
1756350118850 0.002293321307977605 71
1756350118948 0.002251063184820964 72
1756350119045 0.0022086750577853384 73
1756350119142 0.002166176824025546 74
1756350119239 0.002123588432380933 75
1756350119336 0.0020809298740113178 76
1756350119434 0.0020382211730130564 77
1756350119531 0.0019954823770196527 78
1756350119629 0.0019527335477913222 79
1756350119726 0.0019099947517979188 80
1756350119823 0.0018672860507996571 81
1756350251247 0.0006173383074484143 1
1756350251358 0.0012346766148968286 2
1756350251468 0.001852014922345243 3
1756350251577 0.0024693532297936573 4
1756350251687 0.0030866915372420715 5
1756350251796 0.0030866915372420715 6
1756350251905 0.003086329428283003 7
1756350252014 0.0030852432713811767 8
1756350252124 0.0030834335763829483 9
1756350252233 0.0030809011927663207 10
1756350252344 0.0030776473092422 11
1756350252454 0.0030736734531964073 12
1756350252564 0.0030689814899727197 13
1756350252673 0.003063573621997268 14
1756350252782 0.0030574523877447113 15
1756350252891 0.0030506206605466673 16
1756350253001 0.0030430816472429567 17
1756350253111 0.0030348388866763016 18
1756350253220 0.003025896248031178 19
1756350253330 0.0030162579290176064 20
1756350253439 0.0030059284539007284 21
1756350253550 0.0029949126713771 22
1756350253659 0.002983215752298694 23
1756350253768 0.0029708431872456803 24
1756350253879 0.0029578007839491283 25
1756350253989 0.002944094664564833 26
1756350254098 0.0029297312627995504 27
1756350254208 0.002914717320890992 28
1756350254317 0.0028990598864429905 29
1756350254427 0.002882766309117327 30
1756350254536 0.0028658442371837702 31
1756350254646 0.0028483016139299482 32
1756350254756 0.0028301466739327377 33
1756350254866 0.002811387939192923 34
1756350254976 0.0027920342151349317 35
1756350255335 0.0027720945864735365 36
1756350255446 0.002751578412949452 37
1756350255556 0.0027304953249358372 38
1756350255665 0.002708855218917758 39
1756350255775 0.0026866682528467406 40
1756350255885 0.0026639448413725854 41
1756350255995 0.002640695650954693 42
1756350256106 0.002616931594855182 43
1756350256216 0.002592663828016163 44
1756350256327 0.002567903741823565 45
1756350256436 0.0025426629587599714 46
1756350256546 0.002516953326948983 47
1756350256657 0.0024907869145936582 48
1756350256767 0.0024641760043116563 49
1756350256876 0.0024371330873697236 50
1756350256987 0.002409670857820244 51
1756350257098 0.002381802206542602 52
1756350257208 0.002353540215192152 53
1756350257318 0.0023248981500596363 54
1756350257430 0.0022958894558439383 55
1756350257540 0.0022665277493410844 56
1756350257650 0.0022368268130524695 57
1756350257759 0.002206800588715292 58
1756350257870 0.0021764631707582513 59
1756350257981 0.0021458287996855645 60
1756350258092 0.0021149118553924185 61
1756350258202 0.0020837268504149886 62
1756350258313 0.002052288423118199 63
1756350258424 0.0020206113308244137 64
1756350258535 0.001988710442886294 65
1756350258646 0.0019566007337070606 66
1756350258757 0.0019242972757114545 67
1756350258868 0.0018918152322706789 68
1756350258979 0.0018591698505846523 69
1756350259090 0.0018263764545249127 70
1756350259200 0.001793450437441532 71
1756350259312 0.0017604072549374152 72
1756350259422 0.0017272624176133816 73
1756350259534 0.0016940314837874254 74
1756350259644 0.001660730052191579 75
1756350259755 0.0016273737546498082 76
1756350259867 0.0015939782487403716 77
1756350259977 0.0015605592104460902 78
1756350260089 0.001527132326795981 79
1756350260200 0.0014937132885016998 80
1756350260311 0.0014603177825922632 81
1756350260422 0.0014269614850504926 82
1756350260532 0.0013936600534546464 83
1756350260643 0.0013604291196286898 84
1756350260755 0.0013272842823046562 85
1756350260866 0.0012942410998005396 86
1756350260978 0.0012613150827171585 87
1756350261090 0.0012285216866574193 88
1756350261201 0.0011958763049713923 89
1756350261313 0.0011633942615306171 90
1756350261425 0.0011310908035350115 91
1756350261536 0.001098981094355778 92
1756350261648 0.0010670802064176577 93
1756350261760 0.0010354031141238725 94
1756350261872 0.0010039646868270828 95
1756350261983 0.0009727796818496531 96
1756350262095 0.0009418627375565069 97
1756350262206 0.0009112283664838203 98
1756350262318 0.0008808909485267801 99
1756350262430 0.0008508647241896029 100
1756350262542 0.0008211637879009874 101
1756350262653 0.0007918020813981338 102
1756350262765 0.0007627933871824353 103
1756350374470 0.0009038511400050941 1
1756350374593 0.0018077022800101882 2
1756350374715 0.0027115534200152823 3
1756350374836 0.0036154045600203764 4
1756350374956 0.0045192557000254705 5
1756350375077 0.0045192557000254705 6
1756350375198 0.004518725478242575 7
1756350375319 0.004517135061782094 8
1756350375692 0.004514485197191817 9
1756350375813 0.004510777128328685 10
1756350375933 0.004506012595774917 11
1756350376054 0.004500193836020975 12
1756350376174 0.004493323580415748 13
1756350376294 0.004485405053884445 14
1756350376415 0.004476441973414799 15
1756350376535 0.004466438546312306 16
1756350376655 0.004455399468225291 17
1756350376775 0.004443329920940754 18
1756350376896 0.004430235569952026 19
1756350377017 0.0044161225617993525 20
1756350377138 0.00440099752118469 21
1756350377260 0.004384867547862045 22
1756350377382 0.004367740213304819 23
1756350377504 0.00434962355715173 24
1756350377625 0.004330526083432971 25
1756350377746 0.004310456756578391 26
1756350377868 0.00428942499720955 27
1756350377989 0.004267440677717646 28
1756350378110 0.004244514117629372 29
1756350378232 0.0042206560787628935 30
1756350378353 0.004195877760176205 31
1756350378475 0.004170190792910247 32
1756350378596 0.004143607234529252 33
1756350378718 0.0041161395634608765 34
1756350378840 0.0040878006731387756 35
1756350378961 0.004058603865950373 36
1756350379083 0.0040285628469926725 37
1756350379205 0.003997691717639026 38
1756350379327 0.0039660049689198935 39
1756350379449 0.003933517474720702 40
1756350379570 0.003900244484799976 41
1756350379692 0.0038662016176310467 42
1756350379813 0.003831404853070676 43
1756350379935 0.0037958705248580487 44
1756350380057 0.0037596153129476526 45
1756350380180 0.003722656235679638 46
1756350380302 0.003685010641791345 47
1756350380424 0.0036466962022737356 48
1756350380547 0.0036077309020765605 49
1756350380669 0.0035681330316661526 50
1756350380792 0.003527921178439811 51
1756350380914 0.0034871142180007996 52
1756350381035 0.0034457313052980694 53
1756350381157 0.003403791865634844 54
1756350381279 0.003361315585550309 55
1756350381401 0.00331832240357867 56
1756350381523 0.0032748325008899294 57
1756350381645 0.0032308662918167598 58
1756350381767 0.0031864444142719398 59
1756350381889 0.003141587720060835 60
1756350382011 0.003096317265093476 61
1756350382133 0.0030506542995008333 62
1756350382255 0.003004620257659919 63
1756350382377 0.002958236748132408 64
1756350382500 0.0029115255435214924 65
1756350382623 0.002864508570251734 66
1756350382745 0.0028172078982767147 67
1756350382867 0.0027696457307193148 68
1756350382990 0.0027218443934494754 69
1756350383112 0.0026738263246043497 70
1756350383235 0.002625614064055751 71
1756350383357 0.0025772302428298463 72
1756350383479 0.0025286975724840666 73
1756350383601 0.002480038834446209 74
1756350383724 0.002431276869320744 75
1756350525154 0.0006733566495955247 1
1756350525290 0.0013467132991910494 2
1756350525424 0.002020069948786574 3
1756350525557 0.0026934265983820987 4
1756350525690 0.0033667832479776236 5
1756350525823 0.003366783247977623 6
1756350525957 0.0033663882699787964 7
1756350526090 0.0033652035213865544 8
1756350526224 0.0033632295583265817 9
1756350526357 0.003360467307384961 10
1756350526491 0.0033569180651732314 11
1756350526625 0.003352583497719753 12
1756350526758 0.0033474656396876665 13
1756350526891 0.0033415668934198145 14
1756350527024 0.003334890027811071 15
1756350527157 0.003327438177008615 16
1756350527291 0.003319214838940744 17
1756350527425 0.003310223873674937 18
1756350527560 0.0033004695016059207 19
1756350527694 0.0032899563014746015 20
1756350527828 0.003278689208218785 21
1756350527962 0.003266673510656698 22
1756350528096 0.0032539148490043934 23
1756350528231 0.0032404192122282155 24
1756350528365 0.003226192935233549 25
1756350528500 0.003211242695891196 26
1756350528633 0.0031955755119027506 27
1756350528767 0.003179198737506467 28
1756350528902 0.003162120060025149 29
1756350529037 0.0031443474962576886 30
1756350529171 0.003125889388715953 31
1756350529307 0.0031067544017087715 32
1756350529441 0.0030869515172748776 33
1756350529576 0.0030664900309667043 34
1756350529710 0.003045379547487014 35
1756350529845 0.003023629976180414 36
1756350529980 0.0030012515263818694 37
1756350530115 0.0029782547026244027 38
1756350530250 0.0029546502997082223 39
1756350530385 0.0029304493976336026 40
1756350530520 0.0029056633563998855 41
1756350530904 0.0028803038106730546 42
1756350531040 0.0028543826643243745 43
1756350531175 0.0028279120848426677 44
1756350531310 0.002800904497622847 45
1756350531445 0.002773372580133385 46
1756350531581 0.002745329255965461 47
1756350531717 0.002716787688766576 48
1756350531853 0.0026877612760614843 49
1756350531988 0.0026582636429633424 50
1756350532124 0.002628308635778027 51
1756350532259 0.0025979103155046226 52
1756350532393 0.002567082951235136 53
1756350532528 0.002535841013456524 54
1756350532664 0.002504199167258194 55
1756350532799 0.0024721722654481486 56
1756350532937 0.0024397753415810208 57
1756350533072 0.002407023602901264 58
1756350533208 0.0023739324232048106 59
1756350677291 0.001057190024256256 1
1756350677441 0.002114380048512512 2
1756350677589 0.003171570072768768 3
1756350677736 0.004228760097025024 4
1756350677884 0.00528595012128128 5
1756350678031 0.00528595012128128 6
1756350678178 0.005285329927148441 7
1756350678326 0.00528346963587151 8
1756350678473 0.005280370120678582 9
1756350678621 0.005276032836494373 10
1756350678769 0.005270459819257269 11
1756350678917 0.005263653684963646 12
1756350679066 0.0052556176284399144 13
1756350679213 0.005246355421842854 14
1756350679361 0.0052358714128889474 15
1756350679508 0.005224170522813547 16
1756350679656 0.005211258244060824 17
1756350679805 0.005197140637705598 18
1756350679952 0.005181824330608239 19
1756350680353 0.005165316512304 20
1756350680502 0.005147624931628211 21
1756350680650 0.005128757893078956 22
1756350680798 0.005108724252918898 23
1756350680948 0.005087533415018126 24
1756350681096 0.005065195326439926 25
1756350681244 0.005041720472771607 26
1756350681393 0.005017119873202511 27
1756350681542 0.004991405075351568 28
1756350681690 0.004964588149846798 29
1756350681838 0.00493668168465931 30
1756350681986 0.004907698779194458 31
1756350682135 0.004877653038142926 32
1756350682284 0.004846558565094636 33
1756350682432 0.004814429955918465 34
1756350682582 0.004781282291910888 35
1756350682730 0.004747131132716754 36
1756350682879 0.004711992509025533 37
1756350683028 0.004675882915046438 38
1756350683177 0.004638819300765989 39
1756350683326 0.004600819063991613 40
1756350683475 0.004561900042185047 41
1756350683623 0.004522080504089365 42
1756350683771 0.004481379141153556 43
1756350683920 0.00443981505875868 44
1756350684069 0.004397407767249737 45
1756350684382 0.004354177172777419 46
1756350684532 0.0043101435679540985 47
1756350684681 0.0042653276223283835 48
1756350684830 0.00421975037268276 49
1756350684979 0.004173433213158835 50
1756350685129 0.0041263978852148445 51
1756350685277 0.0040786664674201285 52
1756350685425 0.004030261365091362 53
1756350685574 0.0039812052997754074 54
1756350685722 0.003931521298583736 55
1756350685871 0.003881232683383406 56
1756350686019 0.003830363059849688 57
1756350686167 0.0037789363063854657 58
1756350686315 0.003726976562912622 59
1756350686464 0.003674508219540661 60
1756350686614 0.003621555905117896 61
1756350686763 0.003568144475670567 62
1756350686913 0.0035142990027353283 63
1756350687062 0.0034600447615905677 64
1756350687215 0.0034054072193920905 65
1756350687364 0.0033504120232187335 66
1756350687515 0.003295084988033528 67
1756350687665 0.003239452084566054 68
1756350687814 0.0031835394271216735 69
1756350687963 0.0031273732613233745 70
1756350688112 0.0030709799517919718 71
1756350688429 0.003014385969770446 72
1756350688579 0.002957617880698243 73
1756350688729 0.0029007023317413486 74
1756350688879 0.0028436660392839987 75
1756350689029 0.00278653577638791 76
1756350689179 0.0027293383602248955 77
1756350689328 0.0026721006394887768 78
1756350689479 0.002614849481792504 79
1756350689628 0.0025576117610563854 80
1756350689778 0.002500414344893371 81
1756350689927 0.0024432840819972827 82
1756350690077 0.002386247789539933 83
1756350690226 0.0023293322405830374 84
1756350690375 0.0022725641515108346 85
1756350690525 0.0022159701694893096 86
1756350690674 0.002159576859957906 87
1756350690823 0.002103410694159608 88
1756350690973 0.002047498036715227 89
1756350691123 0.001991865133247753 90
1756350691273 0.0019365380980625481 91
1756350691423 0.0018815429018891904 92
1756350691573 0.0018269053596907127 93
1756350691723 0.0017726511185459522 94
1756350691874 0.0017188056456107139 95
1756350692024 0.0016653942161633849 96
1756350692174 0.0016124419017406193 97
1756350692489 0.0015599735583686583 98
1756350692641 0.0015080138148958152 99
1756350692791 0.0014565870614315936 100
1756350922120 0.0019820099960459643 1
1756350922292 0.003964019992091929 2
1756350922462 0.005946029988137893 3
1756350922631 0.007928039984183857 4
1756350922800 0.009910049980229822 5
1756350922969 0.009910049980229822 6
1756350923138 0.009908887143397173 7
1756350923307 0.009905399178739439 8
1756350923477 0.009899587723521059 9
1756350923645 0.00989145550566214 10
1756350923814 0.009881006342457971 11
1756350923983 0.009868245138787176 12
1756350924154 0.009853177884809328 13
1756350924587 0.009835811653153156 14
1756350924757 0.009816154595596621 15
1756350924935 0.009794215939240446 16
1756350925106 0.009770005982176866 17
1756350925277 0.009743536088655668 18
1756350925447 0.009714818683749777 19
1756350925617 0.009683867247522862 20
1756350925789 0.009650696308701748 21
1756350925958 0.009615321437856577 22
1756350926128 0.009577759240091915 23
1756350926298 0.009538027347252252 24
1756350926470 0.009496144409645546 25
1756350926642 0.009452130087288695 26
1756350926811 0.009406005040679042 27
1756350926981 0.009357790921096258 28
1756350927154 0.009307510360439152 29
1756350927541 0.00925518696060216 30
1756350927711 0.009200845282396525 31
1756350927882 0.009144510834021355 32
1756350928053 0.00908621005908997 33
1756350928223 0.009025970324217172 34
1756350928395 0.008963819906173242 35
1756350928565 0.008899787978610714 36
1756350928735 0.008833904598370147 37
1756350928905 0.008766200691371323 38
1756350929074 0.0086967080380965 39
1756350929244 0.00862545925867253 40
1756350929413 0.00855248779755883 41
1756350929582 0.00847782790784844 42
1756350929751 0.008401514635189466 43
1756350929920 0.008323583801334529 44
1756350930251 0.00824407198732588 45
1756350930421 0.008163016516324124 46
1756350930591 0.008080455436088575 47
1756350930761 0.007996427501117488 48
1756350930931 0.007910972154456544 49
1756350931101 0.007824129509184125 50
1756350931271 0.007735940329582086 51
1756350931442 0.007646446012000824 52
1756350931612 0.007555688565427686 53
1756350931783 0.007463710591767763 54
1756350931953 0.007370555265846407 55
1756350932124 0.00727626631514278 56
1756350932295 0.007180887999264015 57
1756350932465 0.007084465089169568 58
1756350932637 0.00698704284615557 59
1756350932807 0.006888667000608976 60
1756350933138 0.006789383730541553 61
1756350933308 0.006689239639913733 62
1756350933478 0.006588281736758531 63
1756350933649 0.006486557411115788 64
1756350933819 0.006384114412787097 65
1756350933990 0.006281000828921859 66
1756350934162 0.006177265061444981 67
1756350934332 0.006072955804336826 68
1756350934502 0.0059681220207760625 69
1756350934671 0.005862812920156152 70
1756350934841 0.005757077934986269 71
1756350935013 0.005650966697687484 72
1756350935187 0.005544529017295106 73
1756350935358 0.00543781485607813 74
1756350935531 0.0053308743060867395 75
1756350935884 0.00522375756563891 76
1756350936055 0.005116514915757115 77
1756350936226 0.005009196696566216 78
1756350936398 0.004901853283663608 79
1756350936570 0.004794535064472708 80
1756350936740 0.004687292414590914 81
1756350936912 0.004580175674143084 82
1756350937082 0.004473235124151695 83
1756350937254 0.004366520962934717 84
1756350937425 0.004260083282542339 85
1756350937596 0.004153972045243554 86
1756350937768 0.0040482370600736705 87
1756350937939 0.003942927959453762 88
1756350938123 0.003838094175892997 89
1756350938294 0.0037337849187848425 90
1756351164202 0.0010219450043279278 1
1756351164392 0.0020438900086558556 2
1756351164581 0.003065835012983783 3
1756351164768 0.004087780017311711 4
1756351164954 0.005109725021639639 5
1756351165142 0.005109725021639639 6
1756351165328 0.005109125507696839 7
1756351165516 0.005107327247282662 8
1756351165702 0.005104331084507672 9
1756351165890 0.0051001384257825496 10
1756351166076 0.0050947512391579155 11
1756351166524 0.005088172053400521 12
1756351166711 0.005080403956806236 13
1756351166899 0.005071450595750384 14
1756351167087 0.005061316172976128 15
1756351167274 0.005050005445621683 16
1756351167462 0.005037523722987294 17
1756351167650 0.005023876864043028 18
1756351167836 0.005009071274678559 19
1756351168024 0.004993113904696209 20
1756351168211 0.004976012244548687 21
1756351168399 0.00495777432182304 22
1756351168585 0.004938408697472475 23
1756351168772 0.004917924461797808 24
1756351168960 0.004896331230180443 25
1756351169147 0.004873639138568877 26
1756351169334 0.004849858838720841 27
1756351169691 0.004825001493203327 28
1756351169879 0.00479907877015283 29
1756351170067 0.004772102837798284 30
1756351170255 0.004744086358749243 31
1756351170443 0.004715042484052002 32
1756351170631 0.004684984847016443 33
1756351170820 0.004653927556816514 34
1756351171008 0.004621885191867314 35
1756351171196 0.004588872792981935 36
1756351171384 0.004554905856311243 37
1756351171573 0.004520000326069924 38
1756351171760 0.004484172587052205 39
1756351171949 0.0044474394569407666 40
1756351172137 0.004409818178412458 41
1756351172324 0.004371326411044514 42
1756351172704 0.0043319822230250835 43
1756351172893 0.004291804082671942 44
1756351173082 0.004250810849763401 45
1756351173269 0.004209021766685444 46
1756351173458 0.004166456449399279 47
1756351173645 0.004123134878233528 48
1756351173832 0.004079077388505383 49
1756351174018 0.004034304660975121 50
1756351174205 0.00398883771213848 51
1756351174393 0.003942697884361434 52
1756351174581 0.0038959068358619935 53
1756351174770 0.0038484865305437573 54
1756351174958 0.003800459227685972 55
1756351175146 0.0037518474714949316 56
1756351175334 0.003702674080521643 57
1756351175522 0.0036529621369507034 58
1756351175890 0.003602734975765436 59
1756351176078 0.003552016173794353 60
1756351176267 0.0035008295386441 61
1756351176455 0.0034491990975240696 62
1756351176642 0.0033971490859679375 63
1756351176829 0.0033447039364574043 64
1756351177016 0.0032918882669534916 65
1756351177203 0.003238726869340775 66
1756351177390 0.0031852446977899736 67
1756351177578 0.0031314668570443654 68
1756351177766 0.0030774185906355194 69
1756351177954 0.0030231252690338835 70
1756351178142 0.0029686123777397833 71
1756351178332 0.002913905505320428 72
1756351178521 0.002859030331398537 73
1756351178709 0.002804012614598222 74
1756351179066 0.0027488781804537845 75
1756351179255 0.0026936529092871113 76
1756351179444 0.0026383627240593494 77
1756351179633 0.0025830335782025594 78
1756351179823 0.00252769144343708 79
1756351180012 0.0024723622975802904 80
1756351180201 0.0024170721123525276 81
1756351180391 0.0023618468411858553 82
1756351180581 0.0023067124070414178 83
1756351180770 0.002251694690241102 84
1756351180959 0.002196819516319211 85
1756351181148 0.002142112643899856 86
1756351181338 0.0020875997526057554 87
1756351181528 0.00203330643100412 88
1756351181717 0.001979258164595274 89
1756351182082 0.0019254803238496654 90
1756351182271 0.0018719981522988646 91
1756351182461 0.0018188367546861474 92
1756351182650 0.0017660210851822347 93
1756351182840 0.001713575935671701 94
1756351346369 0.0011730658690639266 1
1756351346572 0.002346131738127853 2
1756351346772 0.00351919760719178 3
1756351346972 0.004692263476255706 4
1756351347173 0.005865329345319633 5
1756351347374 0.005865329345319633 6
1756351347574 0.005864641160460829 7
1756351347774 0.005862576928921117 8
1756351347974 0.005859137619658962 9
1756351348174 0.005854324847099761 10
1756351348374 0.005848140870378028 11
1756351348576 0.005840588592276943 12
1756351348778 0.005831671557865776 13
1756351348979 0.005821393952835819 14
1756351349180 0.005809760601535602 15
1756351349640 0.0057967769647063305 16
1756351349842 0.005782449136918586 17
1756351350041 0.005766783843711514 18
1756351350241 0.005749788438435826 19
1756351350441 0.005731470898802115 20
1756351350641 0.005711839823136076 21
1756351350841 0.005690904426342425 22
1756351351042 0.005668674535579385 23
1756351351242 0.005645160585645779 24
1756351351442 0.00562037361408289 25
1756351351644 0.005594325255993404 26
1756351351844 0.0055670277385798375 27
1756351352045 0.005538493875405044 28
1756351352246 0.00550873706037748 29
1756351352445 0.005477771261464045 30
1756351352645 0.00544561101413347 31
1756351353012 0.005412271414533303 32
1756351353212 0.005377768112403721 33
1756351353411 0.005342117303731482 34
1756351353612 0.0053053357231474625 35
1756351353812 0.005267440636071355 36
1756351354012 0.005228449830607212 37
1756351354214 0.0051883816091936414 38
1756351354414 0.0051472547800125645 39
1756351354615 0.0051050886481605875 40
1756351354816 0.005061903006587106 41
1756351355018 0.005017718126803422 42
1756351355219 0.004972554749367211 43
1756351355418 0.004926434074146826 44
1756351355620 0.004879377750369993 45
1756351355821 0.004831407866461579 46
1756351356187 0.0047825469396751965 47
1756351356389 0.004732817905523516 48
1756351356590 0.004682244107012246 49
1756351356792 0.004630849283682834 50
1756351356993 0.0045786575604690296 51
1756351357194 0.0045256934363725465 52
1756351357396 0.004471981772963136 53
1756351357599 0.0044175477827084605 54
1756351357800 0.004362417017139272 55
1756351358002 0.004306615354855412 56
1756351358202 0.004250168989378301 57
1756351358404 0.004193104416855591 58
1756351358605 0.004135448423623776 59
1756351358807 0.004077228073634569 60
1756351359011 0.004018470695750985 61
1756351359213 0.00395920387091906 62
1756351359581 0.003899455419221246 63
1756351359783 0.0038392533868175545 64
1756351359985 0.00377862603278058 65
1756351360187 0.0037176018158305746 66
1756351360389 0.003656209380976815 67
1756351360591 0.003594477546071522 68
1756351360792 0.003532435288282646 69
1756351360994 0.003470111730491868 70
1756351361196 0.003407536127624206 71
1756351361398 0.003344737852915634 72
1756351361600 0.003281746384125172 73
1756351361802 0.003218591289697909 74
1756351362005 0.0031553022148854528 75
1756351362205 0.003091908867830337 76
1756351362407 0.003028441005620901 77
1756351362773 0.002964928420323189 78
1756351362975 0.0029014009249964446 79
1756351363177 0.002837888339698733 80
1756351363382 0.002774420477489296 81
1756351363584 0.002711027130434181 82
1756351363787 0.0026477380556217253 83
1756351363989 0.0025845829611944615 84
1756351364192 0.0025215914924039996 85
1756351543751 0.0010180517277634936 1
1756351543967 0.0020361034555269873 2
1756351544181 0.0030541551832904807 3
1756351544392 0.0040722069110539745 4
1756351544604 0.005090258638817468 5
1756351544816 0.005090258638817468 6
1756351545029 0.005089661409273979 7
1756351545242 0.005087870000985428 8
1756351545457 0.005084885254845964 9
1756351545672 0.005080708571907254 10
1756351545884 0.005075341912720821 11
1756351546098 0.005068787796417756 12
1756351546311 0.005061049299526227 13
1756351546790 0.005052130054527341 14
1756351547004 0.005042034248150047 15
1756351547217 0.005030766619405871 16
1756351547429 0.0050183324573643984 17
1756351547642 0.005004737598670568 18
1756351547854 0.004989988424804928 19
1756351548067 0.004974091859088143 20
1756351548279 0.004957055363431157 21
1756351548492 0.004938886934832549 22
1756351548705 0.004919595101624706 23
1756351548918 0.004899188919470589 24
1756351549132 0.004877677967112971 25
1756351549346 0.004855072341878138 26
1756351549560 0.004831382654936161 27
1756351549773 0.004806620026319975 28
1756351549986 0.004780796079705587 29
1756351550377 0.004753922936955878 30
1756351550589 0.004726013212430556 31
1756351550802 0.004697080007064919 32
1756351551015 0.004667136902220228 33
1756351551228 0.004636197953308563 34
1756351551441 0.004604277683195156 35
1756351551654 0.004571391075381299 36
1756351551867 0.00453755356697103 37
1756351552081 0.0045027810414248965 38
1756351552295 0.004467089821104194 39
1756351552510 0.004430496659609186 40
1756351552724 0.0043930187339149 41
1756351552937 0.004354673636308181 42
1756351553150 0.004315479366129809 43
1756351553364 0.004275454321325535 44
1756351553752 0.00423461728981001 45
1756351553965 0.004192987440647665 46
1756351554181 0.004150584315054678 47
1756351554397 0.004107427817226247 48
1756351554610 0.004063538204993484 49
1756351554824 0.004018936080314306 50
1756351555038 0.003973642379602798 51
1756351555253 0.003927678363901573 52
1756351555468 0.0038810656089017597 53
1756351555682 0.003833825994815281 54
1756351555899 0.0037859816961042024 55
1756351556114 0.0037375551710719475 56
1756351556329 0.003688569151321282 57
1756351556544 0.003639046631084009 58
1756351556758 0.0035890108564273888 59
1756351556974 0.0035384853143423374 60
1756351557363 0.003487493721718545 61
1756351557576 0.0034360600142116695 62
1756351557790 0.003384208335007848 63
1756351558004 0.003331963023490789 64
1756351558218 0.0032793486038167692 65
1756351558432 0.003226389773402895 66
1756351558646 0.0031731113913340404 67
1756351558861 0.003119538466693893 68
1756351559075 0.0030656961468255896 69
1756351559288 0.0030116097055274556 70
1756351559503 0.0029573045311893824 71
1756351559717 0.002902806114875417 72
1756351559932 0.0028481400383581564 73
1756351560146 0.0027933319621105627 74
1756351560360 0.00273840761326083 75
1756351560574 0.0026833927735159767 76
1756351560962 0.002628313267059805 77
1756351561177 0.0025731949484309262 78
1756351561391 0.0025180636903865423 79
1756351561607 0.0024629453717576635 80
1756351561821 0.0024078658653014914 81
1756351562036 0.0023528510255566384 82
1756351562250 0.0022979266767069063 83
1756351562464 0.0022431186004593117 84
1756351562679 0.0021884525239420512 85
1756351562893 0.002133954107628086 86
1756351563106 0.0020796489332900125 87
1756351563322 0.002025562491991879 88
1756351563536 0.0019717201721235755 89
1756351563751 0.0019181472474834279 90
1756351563966 0.0018648688654145738 91
1756351564353 0.001811910035000699 92
1756351564567 0.001759295615326679 93
1756351564783 0.0017070503038096201 94
1756351564998 0.0016551986246057988 95
1756351565214 0.001603764917098923 96
1756351565428 0.0015527733244751303 97
1756351565642 0.0015022477823900793 98
1756351565856 0.0014522120077334593 99
1756351566070 0.0014026894874961872 100
1756351566285 0.0013537034677455209 101
1756351566503 0.001305276942713266 102
1756351566719 0.001257432644002187 103
1756351566936 0.0012101930299157088 104
1756351567151 0.0011635802749158945 105
1756351567367 0.0011176162592146704 106
1756351567583 0.0010723225585031622 107
1756351567971 0.0010277204338239847 108
1756351568187 0.0009838308215912208 109
1756351568404 0.0009406743237627904 110
1756351568620 0.0008982711981698032 111
1756351568836 0.0008566413490074588 112
1756351569052 0.0008158043174919329 113
1756351569268 0.0007757792726876588 114
1756351569484 0.0007365850025092877 115
1756351569700 0.0006982399049025691 116
1756351728994 0.0010002789327297323 1
1756351729224 0.0020005578654594645 2
1756351729450 0.003000836798189197 3
1756351729677 0.004001115730918929 4
1756351730163 0.005001394663648661 5
1756351730391 0.005001394663648661 6
1756351730618 0.005000807862380702 7
1756351730845 0.0049990477340236626 8
1756351731072 0.004996115104788771 9
1756351731300 0.004992011351263811 10
1756351731529 0.004986738399766951 11
1756351731758 0.004980298725442521 12
1756351731984 0.00497269535109917 13
1756351732210 0.004963931845790945 14
1756351732436 0.004954012323141968 15
1756351732663 0.004942941439415484 16
1756351732891 0.004930724391328188 17
1756351733117 0.004917366913610867 18
1756351733344 0.0049028752763164984 19
1756351733570 0.00488725628187706 20
1756351733972 0.004870517261910439 21
1756351734199 0.004852666073778946 22
1756351734427 0.004833711096901033 23
1756351734654 0.004813661228817968 24
1756351734882 0.004792525881017286 25
1756351735107 0.004770314974515005 26
1756351735335 0.004747038935198659 27
1756351735562 0.004722708688933349 28
1756351735789 0.004697335656433091 29
1756351736017 0.004670931747899895 30
1756351736243 0.004643509357433067 31
1756351736470 0.004615081357211369 32
1756351736699 0.004585661091450764 33
1756351736927 0.004555262370140594 34
1756351737154 0.004523899462561114 35
1756351737564 0.004491587090585432 36
1756351737793 0.004458340421769011 37
1756351738022 0.00442417506222995 38
1756351738251 0.004389107049323414 39
1756351738478 0.004353152844113638 40
1756351738707 0.004316329323647035 41
1756351738934 0.004278653773030045 42
1756351739162 0.004240143877315436 43
1756351739390 0.004200817713200873 44
1756351739619 0.004160693740543643 45
1756351739846 0.004119790793695522 46
1756351740074 0.004078128072661863 47
1756351740302 0.004035725134089027 48
1756351740531 0.0039926018820844265 49
1756351740759 0.003948778558873449 50
1756351740986 0.0039042757352976856 51
1756351741400 0.0038591143011588868 52
1756351741629 0.003813315455413215 53
1756351741861 0.0037669006962203636 54
1756351742091 0.003719891810852243 55
1756351742320 0.0036723108654659413 56
1756351742548 0.003624180194745789 57
1756351742776 0.0035755223914193633 58
1756351743003 0.00352636029565238 59
1756351743231 0.0034767169843274224 60
1756351743459 0.0034266157602115647 61
1756351743686 0.003376080141017959 62
1756351743918 0.0033251338483665295 63
1756351744146 0.0032738007966489485 64
1756351744376 0.0032221050818031275 65
1756351744605 0.0031700709700024855 66
1756351745012 0.003117722886265315 67
1756351745240 0.0030650854029895796 68
1756351745468 0.003012183228418533 69
1756351745697 0.002959041195042572 70
1756351745925 0.0029056842479427665 71
1756351746153 0.0028521374330815405 72
1756351746382 0.002798425885545997 73
1756351746611 0.0027445748177494116 74
1756351746840 0.0026906095075964194 75
1756351747069 0.0026365552866174733 76
1756351747297 0.0025824375280781194 77
1756351747526 0.0025282816350686863 78
1756351747756 0.0024741130285799756 79
1756351747985 0.0024199571355705426 80
1756351748214 0.0023658393770311886 81
1756351748444 0.0023117851560522425 82
1756351748848 0.0022578198458992507 83
1756351749079 0.0022039687781026645 84
1756351749309 0.0021502572305671214 85
1756351749540 0.0020967104157058954 86
1756351749769 0.0020433534686060896 87
1756351749998 0.001990211435230129 88
1756351750228 0.001937309260659082 89
1756351750459 0.0018846717773833468 90
1756351750689 0.0018323236936461768 91
1756351750918 0.0017802895818455344 92
1756351751146 0.001728593866999713 93
1756351751375 0.0016772608152821318 94
1756351751605 0.0016263145226307024 95
1756351751834 0.0015757789034370967 96
1756351752065 0.001525677679321239 97
1756351752297 0.0014760343679962814 98
1756351752707 0.0014268722722292984 99
1756351752939 0.0013782144689028738 100
1756351948688 0.0010062910062092261 1
1756351948932 0.0020125820124184523 2
1756351949172 0.0030188730186276784 3
1756351949411 0.004025164024836905 4
1756351949650 0.005031455031046131 5
1756351949890 0.005031455031046131 6
1756351950131 0.005030864702164274 7
1756351950630 0.005029093992621421 8
1756351950871 0.005026143733595649 9
1756351951112 0.005022015309950235 10
1756351951355 0.005016710659583601 11
1756351951596 0.005010232272519651 12
1756351951837 0.0050025831897389465 13
1756351952078 0.004993767001751258 14
1756351952320 0.004983787846910166 15
1756351952561 0.004972650409470502 16
1756351952989 0.004960359917389537 17
1756351953231 0.004946922139872962 18
1756351953475 0.0049323433846667954 19
1756351953714 0.004916630495096511 20
1756351953955 0.004899790846854739 21
1756351954195 0.004881832344539105 22
1756351954435 0.004862763417941763 23
1756351954677 0.0048425930180924295 24
1756351954918 0.004821330613056729 25
1756351955160 0.00479898618349185 26
1756351955574 0.004775570217961582 27
1756351955815 0.004751093708012941 28
1756351956055 0.0047255681430167 29
1756351956296 0.004699005504774227 30
1756351956538 0.00467141826189318 31
1756351956781 0.004642819363934699 32
1756351957023 0.004613222235334821 33
1756351957264 0.004582640769103008 34
1756351957505 0.004551089320300702 35
1756351957745 0.004518582699303012 36
1756351958150 0.004485136164846659 37
1756351958391 0.004450765416867465 38
1756351958633 0.004415486589130746 39
1756351958877 0.004379316241658051 40
1756351959120 0.004342271352953828 41
1756351959362 0.004304369312035645 42
1756351959604 0.004265627910271717 43
1756351959846 0.004226065333029564 44
1756351960088 0.004185700151139732 45
1756351960330 0.004144551312178569 46
1756351960744 0.004102638131574157 47
1756351960986 0.004059980283539575 48
1756351961229 0.004016597791837745 49
1756351961471 0.003972511020382197 50
1756351961714 0.0039277406636781705 51
1756351961956 0.0038823077371085285 52
1756351962199 0.003836233567069056 53
1756351962441 0.0037895397809577605 54
1756351962682 0.003742248297022894 55
1756351963090 0.003694381314074432 56
1756351963335 0.0036459613010638692 57
1756351963577 0.003597010986537202 58
1756351963819 0.003547553347966062 59
1756351964062 0.003497611600961996 60
1756351964303 0.0034472091883789692 61
1756351964545 0.0033963697693091934 62
1756351964788 0.0033451172079774585 63
1756351965030 0.0032934755625391695 64
1756352114091 0.0010195341365100052 1
1756352114344 0.0020390682730200105 2
1756352114596 0.003058602409530016 3
1756352114847 0.004078136546040021 4
1756352115099 0.005097670682550026 5
1756352115351 0.005097670682550026 6
1756352115601 0.0050970725831958625 7
1756352115851 0.005095278565883577 8
1756352116102 0.005092289472732006 9
1756352116630 0.005088106706833321 10
1756352116882 0.0050827322315944124 11
1756352117134 0.005076168569815256 12
1756352117387 0.0050684188025047015 13
1756352117638 0.005059486567434238 14
1756352117891 0.0050493760574304054 15
1756352118143 0.0050380920184066695 16
1756352118396 0.005025639747135667 17
1756352118649 0.00501202508876288 18
1756352119072 0.004997254434062904 19
1756352119323 0.004981334716439593 20
1756352119576 0.004964273408671489 21
1756352119828 0.004946078519404072 22
1756352120080 0.004926758589390472 23
1756352120332 0.004906322687482404 24
1756352120585 0.004884780406373209 25
1756352120837 0.004862141858095015 26
1756352121089 0.0048384176692721 27
1756352121514 0.004813618976132717 28
1756352121766 0.004787757419281703 29
1756352122019 0.004760845138236335 30
1756352122271 0.00473289476572799 31
1756352122523 0.004703919421772293 32
1756352122776 0.004673932707510524 33
1756352123029 0.004642948698825197 34
1756352123282 0.00461098193973278 35
1756352123534 0.004578047435556677 36
1756352123952 0.004544160645883666 37
1756352124204 0.004509337477307117 38
1756352124457 0.004473594275960363 39
1756352124709 0.0044369478198437685 40
1756352124961 0.004399415310949066 41
1756352125215 0.004361014367184673 42
1756352125469 0.004321763014105776 43
1756352125721 0.0042816796764530655 44
1756352125974 0.004240783169504086 45
1756352126389 0.004199092690241275 46
1756352126641 0.004156627808340818 47
1756352126895 0.00411340845698657 48
1756352127148 0.0040694549235133345 49
1756352127402 0.004024787839883915 50
1756352127655 0.0039794281730043835 51
1756352127908 0.003933397214882134 52
1756352128162 0.003886716572631333 53
1756352128594 0.0038394081583304485 54
1756352128848 0.003791494178736639 55
1756352129103 0.0037429971248618098 56
1756352129356 0.003693939761415246 57
1756352129610 0.003644345116117764 58
1756352129864 0.0035942364688924125 59
1756352130118 0.003543637340936781 60
1756352130372 0.0034925714836820583 61
1756352130625 0.0034410628676440143 62
1756352131061 0.0033891356711711483 63
1756352131316 0.003336814269095274 64
1756352131569 0.003284123221289877 65
1756352131823 0.003231087261141613 66
1756352132077 0.003177731283940359 67
1756352132330 0.0031240803351932646 68
1756352132584 0.003070159598868293 69
1756352132837 0.0030159943855727635 70
1756352133089 0.0029616101206724563 71
1756352133507 0.0029070323323568416 72
1756352133759 0.0028522866396560485 73
1756352134013 0.002797398740415191 74
1756352134265 0.002742394399231693 75
1756352336145 0.0011470636455245327 1
1756352336670 0.0022941272910490655 2
1756352336933 0.003441190936573598 3
1756352337197 0.004588254582098131 4
1756352337462 0.0057353182276226634 5
1756352337726 0.0057353182276226634 6
1756352337990 0.00573464529969733 7
1756352338255 0.005732626831796367 8
1756352338518 0.005729263771396605 9
1756352338782 0.005724557697131923 10
1756352339219 0.005718510818052233 11
1756352339484 0.005711125972586537 12
1756352339748 0.005702406627210566 13
1756352340012 0.005692356874819591 14
1756352340278 0.005680981432807212 15
1756352340542 0.005668285640850994 16
1756352340806 0.005654275458405993 17
1756352341071 0.005638957461907372 18
1756352341510 0.0056223388416833915 19
1756352341773 0.005604427398580247 20
1756352342038 0.005585231540300314 21
1756352342301 0.005564760277455542 22
1756352342567 0.00554302321933784 23
1756352342831 0.005520030569408433 24
1756352343097 0.0054957931205083166 25
1756352343361 0.005470322249792061 26
1756352343625 0.00544362991338732 27
1756352344064 0.005415728640782585 28
1756352344328 0.005386631528945791 29
1756352344596 0.005356352236176547 30
1756352344861 0.0053249049756948766 31
1756352345127 0.005292304508969477 32
1756352345392 0.005258566138788624 33
1756352345658 0.005223705702076987 34
1756352345922 0.005187739562461713 35
1756352346187 0.005150684602591271 36
1756352346650 0.005112558216210676 37
1756352346917 0.005073378299996789 38
1756352347182 0.0050331632451575525 39
1756352347448 0.004991931928799082 40
1756352347713 0.004949703705064677 41
1756352347978 0.004906498396049911 42
1756352348245 0.004862336282498059 43
1756352348510 0.004817238094280238 44
1756352348775 0.004771225000664722 45
1756352349229 0.004724318600380007 46
1756352349495 0.004676540911476278 47
1756352349761 0.00462791436099005 48
1756352350027 0.004578461774416831 49
1756352350293 0.00452820636499674 50
1756352350559 0.0044771717228181225 51
1756352350826 0.004425381803744268 52
1756352351094 0.004372860918168437 53
1756352351550 0.00431963371960246 54
1756352351819 0.004265725193104284 55
1756352352086 0.00421116064354989 56
1756352352353 0.004155965683755079 57
1756352352619 0.004100166222452717 58
1756352352885 0.004043788452131076 59
1756352353154 0.003986858836738971 60
1756352353420 0.003929404099263482 61
1756352353685 0.003871451209186074 62
1756352354132 0.003813027369823018 63
1756352354398 0.0037541600055560473 64
1756352354662 0.003694876748959243 65
1756352354928 0.003635205427828191 66
1756352355193 0.003575174052117511 67
1756352355460 0.0035148108007928666 68
1756352355727 0.0034541440086036527 69
1756352355992 0.0033932021527825467 70
1756352356259 0.003332013839678185 71
1756352356697 0.0032706077913272303 72
1756352356966 0.0032090128319721325 73
1756352357231 0.0031472578745309174 74
1756352357497 0.003085371907025342 75
1756352357763 0.0030233839789738106 76
1756352358028 0.002961323187755411 77
1756352358294 0.0028992186649514896 78
1756352358558 0.0028370995626711745 79
1756352358824 0.0027749950398672533 80
1756352560724 0.0013100244685017724 1
1756352561004 0.002620048937003545 2
1756352561282 0.003930073405505318 3
1756352561560 0.00524009787400709 4
1756352561838 0.006550122342508862 5
1756352562115 0.006550122342508862 6
1756352562654 0.006549353796513373 7
1756352562934 0.006547048519285444 8
1756352563212 0.006543207592931342 9
1756352563490 0.006537832820397116 10
1756352563769 0.006530926724622298 11
1756352564047 0.006522492547355612 12
1756352564325 0.006512534247633291 13
1756352564773 0.0065010564999206915 14
1756352565055 0.006488064691918074 15
1756352565335 0.006473564922031606 16
1756352565614 0.006457563996510731 17
1756352565892 0.006440069426253303 18
1756352566172 0.0064210894232799316 19
1756352566451 0.006400632896879231 20
1756352566730 0.006378709449425765 21
1756352567208 0.006355329371872648 22
1756352567485 0.0063305036389209425 23
1756352567763 0.006304243903868081 24
1756352568040 0.0062765624931377636 25
1756352568318 0.006247472400493892 26
1756352568596 0.006216987280941237 27
1756352568874 0.0061851214443157275 28
1756352569153 0.006151889848567365 29
1756352569619 0.00611730809273889 30
1756352569898 0.006081392409643536 31
1756352570177 0.006044159658245285 32
1756352570455 0.006005627315745196 33
1756352570733 0.005965813469377544 34
1756352571016 0.005924736807919598 35
1756352571296 0.005882416612919035 36
1756352571574 0.005838872749643102 37
1756352572039 0.00579412565775379 38
1756352572316 0.005748196341713362 39
1756352572594 0.005701106360924791 40
1756352572872 0.005652877819611675 41
1756352573151 0.00560353335644244 42
1756352573428 0.005553096133903648 43
1756352573707 0.005501589827427446 44
1756352573984 0.005449038614278214 45
1756352574435 0.005395467162203667 46
1756352574715 0.005340900617855714 47
1756352574994 0.005285364594986519 48
1756352575273 0.005228885162425311 49
1756352575552 0.005171488831841562 50
1756352575831 0.005113202545300311 51
1756352576111 0.005054053662615451 52
1756352576392 0.004994069948506926 53
1756352576863 0.004933279559567853 54
1756352577142 0.004871711031047715 55
1756352577421 0.004809393263457798 56
1756352577701 0.004746355509005175 57
1756352577981 0.004682627357861607 58
1756352578262 0.004618238724273797 59
1756352578541 0.004553219832521526 60
1756352579009 0.004487601202730256 61
1756352579288 0.004421413636544857 62
1756352579570 0.004354688202671201 63
1756352579849 0.004287456222292383 64
1756352580129 0.004219749254366436 65
1756352580410 0.004151599080812429 66
1756352580690 0.004083037691591909 67
1756352580968 0.004014097269692687 68
1756352581247 0.003944810176022016 69
1756352581709 0.0038752089342162536 70
1756352581990 0.003805326215374133 71
1756352582270 0.0037351948227208266 72
1756352582550 0.0036648476762099792 73
1756352582830 0.003594317797070952 74
1756352583109 0.0035236382923085224 75
1756352583388 0.0034528423391623326 76
1756352583845 0.0033819631695333565 77
1756352584126 0.003311034054384713 78
1756352584407 0.0032400882881241494 79
1756352584687 0.0031691591729755063 80
1756352584967 0.0030982800033465298 81
1756352585248 0.00302748405020034 82
1756352585529 0.0029568045454379114 83
1756352585810 0.002886274666298883 84
1756352586264 0.0028159275197880357 85
1756352586545 0.0027457961271347294 86
1756352586827 0.0026759134082926083 87
1756352587107 0.002606312166486846 88
1756352587390 0.002537025072816175 89
1756352587671 0.0024680846509169537 90
1756352587952 0.0023995232616964342 91
1756352588233 0.0023313730881424264 92
1756352588682 0.0022636661202164797 93
1756352588964 0.0021964341398376616 94
1756352589246 0.0021297087059640053 95
1756352589529 0.0020635211397786062 96
1756352589811 0.001997902509987335 97
1756352590092 0.0019328836182350645 98
1756352590376 0.001868494984647256 99
1756352590657 0.0018047668335036886 100
1756352591122 0.0017417290790510648 101
1756352591404 0.0016794113114611475 102
1756352840927 0.001315679065564951 1
1756352841225 0.002631358131129902 2
1756352841522 0.003947037196694854 3
1756352842088 0.005262716262259804 4
1756352842379 0.006578395327824756 5
1756352842674 0.006578395327824755 6
1756352842967 0.006577623463966428 7
1756352843260 0.006575308234707401 8
1756352843554 0.006571450726825465 9
1756352843846 0.006566052751050105 10
1756352844138 0.0065591168412125435 11
1756352844431 0.006550646253056345 12
1756352844724 0.00654064496270916 13
1756352845197 0.006529117664816312 14
1756352845492 0.006516069770337115 15
1756352845789 0.006501507404004948 16
1756352846084 0.006485437401452277 17
1756352846379 0.006467867306001986 18
1756352846675 0.006448805365126512 19
1756352847147 0.006428260526576444 20
1756352847442 0.006406242434180417 21
1756352847737 0.00638276142331826 22
1756352848031 0.006357828516069527 23
1756352848324 0.006331455416039693 24
1756352848616 0.006303654502866427 25
1756352848909 0.0062744388264085495 26
1756352849204 0.006243822100620373 27
1756352849496 0.006211818697114316 28
1756352849789 0.006178443638414815 29
1756352850082 0.006143712590906691 30
1756352850378 0.006107641857481284 31
1756352850672 0.006070248369883815 32
1756352851142 0.0060315496807655505 33
1756352851437 0.005991563955444529 34
1756352851731 0.005950309963378681 35
1756352852027 0.0059078070693553714 36
1756352852324 0.005864075224401496 37
1756352852619 0.005819134956418387 38
1756352853094 0.005773007360545936 39
1756352853390 0.00572571408926045 40
1756352853685 0.005677277342210896 41
1756352853980 0.005627719855798293 42
1756352854275 0.005577064892503163 43
1756352854569 0.005525336229966024 44
1756352855040 0.005472558149826072 45
1756352855335 0.005418755426323287 46
1756352855631 0.005363953314669304 47
1756352855927 0.0053081775391925125 48
1756352856222 0.005251454281262966 49
1756352856690 0.005193810167002731 50
1756352856984 0.005135272254787488 51
1756352857277 0.005075868022545216 52
1756352857570 0.005015625354857953 53
1756352857864 0.004954572529872653 54
1756352858158 0.00489273820602732 55
1756352858453 0.004830151408598617 56
1756352858745 0.004766841516077292 57
1756352859039 0.004702838246377792 58
1756352859333 0.004638171642888562 59
1756352859626 0.004572872060369555 60
1756352859920 0.004506970150703591 61
1756352860215 0.004440496848508237 62
1756352860686 0.004373483356614981 63
1756352860981 0.0043059611314224915 64
1756352861274 0.00423796186813087 65
1756352861570 0.004169517485863787 66
1756352861865 0.004100660112685525 67
1756352862160 0.0040314220705199395 68
1756352862628 0.003961835859978414 69
1756352862924 0.003891934145103952 70
1756352863221 0.003821749738038536 71
1756352863516 0.003751315583620985 72
1756352863809 0.0036806647439225166 73
1756352864104 0.0036098303827272775 74
1756352864398 0.0035388457499651296 75
1756352864692 0.003467744166104006 76
1756352864986 0.003396559006509151 77
1756352865280 0.003325323685776585 78
1756352865574 0.0032540716420481706 79
1756352866046 0.003182836321315605 80
1756352866343 0.003111651161720749 81
1756352866640 0.0030405495778596265 82
1756352866937 0.002969564945097479 83
1756352867233 0.002898730583902239 84
1756352867703 0.0028280797442037705 85
1756352867999 0.00275764558978622 86
1756352868292 0.0026874611827208033 87
1756352868586 0.0026175594678463413 88
1756352868881 0.002547973257304816 89
1756352869175 0.002478735215139231 90
1756352869468 0.00240987784196097 91
1756352869764 0.0023414334596938862 92
1756352870059 0.002273434196402264 93
1756352870354 0.002205911971209775 94
1756352870648 0.002138898479316518 95
1756352871115 0.0020724251771211642 96
1756352871412 0.0020065232674552 97
1756352871707 0.0019412236849361932 98
1756352872004 0.0018765570814469638 99
1756352872304 0.0018125538117474648 100
1756352872771 0.0017492439192261385 101
1756352873068 0.0016866571217974361 102
1756353080272 0.0011122403447424494 1
1756353080585 0.002224480689484899 2
1756353080894 0.0033367210342273483 3
1756353081204 0.004448961378969798 4
1756353081512 0.005561201723712247 5
1756353082106 0.005561201723712247 6
1756353082414 0.0055605492285311555 7
1756353082722 0.005558592049271704 8
1756353083029 0.005555331104641595 9
1756353083339 0.005550767925341159 10
1756353083646 0.005544904653344845 11
1756353083954 0.005537744040895764 12
1756353084453 0.005529289449213777 13
1756353084761 0.0055195448469177255 14
1756353085068 0.0055085148081625455 15
1756353085376 0.005496204510492142 16
1756353085683 0.005482619732409026 17
1756353085991 0.005467766850661868 18
1756353086299 0.005451652837252222 19
1756353086775 0.005434285256161842 20
1756353087083 0.0054156722598021215 21
1756353087390 0.005395822585187314 22
1756353087701 0.005374745549833351 23
1756353088012 0.005352451047384155 24
1756353088320 0.005328949542967529 25
1756353088629 0.0053042520682827846 26
1756353089115 0.005278370216422415 27
1756353089425 0.005251316136430254 28
1756353089736 0.0052231025275986664 29
1756353090045 0.005193742633507449 30
1756353090352 0.005163250235807243 31
1756353090660 0.005131639647750371 32
1756353090972 0.005098925707472139 33
1756353091449 0.005065123771025763 34
1756353091758 0.005030249705174166 35
1756353092067 0.004994319879942068 36
1756353092378 0.004957351160931822 37
1756353092687 0.004919360901406642 38
1756353092999 0.004880366934144904 39
1756353093307 0.0048403875630693765 40
1756353093799 0.00479944155465528 41
1756353094109 0.004757548129121236 42
1756353094418 0.004714726951407214 43
1756353094727 0.004670998121943735 44
1756353095038 0.004626382167216649 45
1756353095347 0.004580900030131917 46
1756353095654 0.004534573060184935 47
1756353096154 0.004487423003438992 48
1756353096464 0.004439471992317582 49
1756353096772 0.004390742535215355 50
1756353097084 0.004341257505932592 51
1756353097392 0.004291040132938149 52
1756353097702 0.004240113988465924 53
1756353098011 0.004188502977449951 54
1756353098510 0.004136231326303341 55
1756353098817 0.004083323571546294 56
1756353099125 0.004029804548288568 57
1756353099432 0.003975699378571778 58
1756353099741 0.00392103345957701 59
1756353100053 0.003865832451703283 60
1756353100360 0.003810122266522456 61
1756353367360 0.00147851018394496 1
1756353367686 0.00295702036788992 2
1756353368007 0.004435530551834879 3
1756353368581 0.00591404073577984 4
1756353368903 0.007392550919724799 5
1756353369224 0.007392550919724799 6
1756353369547 0.007391683513901132 7
1756353369869 0.007389081703593861 8
1756353370193 0.007384746710103055 9
1756353370673 0.007378680568291839 10
1756353370997 0.00737088612563122 11
1756353371318 0.007361367040863471 12
1756353371638 0.007350127782284708 13
1756353371967 0.0073371736256474486 14
1756353372449 0.0073225106516841545 15
1756353372773 0.0073061457432529175 16
1756353373095 0.007288086582106607 17
1756353373416 0.007268341645287036 18
1756353373737 0.007246920201145796 19
1756353374057 0.007223832304993661 20
1756353374538 0.007199088794380582 21
1756353374861 0.0071727012840085026 22
1756353375183 0.007144682160279364 23
1756353375503 0.007115044575480887 24
1756353375828 0.007083802441612829 25
1756353376150 0.007050970423856642 26
1756353376629 0.0070165639336915745 27
1756353376956 0.006980599121660464 28
1756353377278 0.006943092869788608 29
1756353377601 0.0069040627836592745 30
1756353377923 0.006863527184149568 31
1756353378245 0.006821505098830546 32
1756353378737 0.006778016253035587 33
1756353379060 0.0067330810606012585 34
1756353379382 0.006686720614284968 35
1756353379706 0.006638956675863943 36
1756353380032 0.006589811665920169 37
1756353380354 0.006539308653316078 38
1756353380842 0.00648747134436593 39
1756353381164 0.00643432407170798 40
1756353381487 0.006379891782882638 41
1756353381811 0.006324200028621995 42
1756353382135 0.006267274950856209 43
1756353382459 0.006209143270442378 44
1756353382941 0.006149832274621669 45
1756353383265 0.0060893698042105695 46
1756353383587 0.0060277842405323055 47
1756353383913 0.005965104492094533 48
1756353384237 0.005901359981019571 49
1756353384720 0.0058365806292335395 50
1756353385045 0.005770796844420889 51
1756353385370 0.005704039505750914 52
1756353385695 0.005636339949382949 53
1756353386017 0.005567729953757046 54
1756353386341 0.005498241724677057 55
1756353386825 0.005427907880193096 56
1756353387150 0.0053567614352905005 57
1756353387474 0.00528483578639246 58
1756353387797 0.005212164695683613 59
1756353388120 0.005138782275261936 60
1756353388442 0.005064722971126393 61
1756353388969 0.004990021547007842 62
1756353389294 0.004914713068050809 63
1756353389617 0.004838832884353768 64
1756353389942 0.004762416614375661 65
1756353390266 0.004685500128216455 66
1756353390589 0.0046081195307795765 67
1756353391079 0.0045303111448241245 68
1756353391403 0.004452111493914822 69
1756353391726 0.004373557285277716 70
1756353392050 0.004294685392569652 71
1756353392374 0.004215532838569638 72
1756353392698 0.004136136777800207 73
1756353393185 0.004056534479086935 74
1756353393510 0.003976763308064301 75
1756353393835 0.0038968607096361197 76
1756353394160 0.0038168641903987516 77
1756353394484 0.0037368113010353534 78
1756353394807 0.0036567396186894465 79
1756353395294 0.0035766867293260487 80
1756353395618 0.00349669021008868 81
1756353395941 0.0034167876116604993 82
1756353396263 0.003337016440637866 83
1756353396587 0.003257414141924593 84
1756353396910 0.003178018081155162 85
1756353397397 0.0030988655271551487 86
1756353397721 0.0030199936344470837 87
1756353398046 0.002941439425809978 88
1756353398371 0.002863239774900676 89
1756353398695 0.0027854313889452234 90
1756353399019 0.0027080507915083455 91
1756353399503 0.0026311343053491395 92
1756353399827 0.002554718035371032 93
1756353693549 0.0016521511528806356 1
1756353693893 0.003304302305761271 2
1756353694235 0.004956453458641907 3
1756353694828 0.006608604611522542 4
1756353695170 0.008260755764403178 5
1756353695512 0.008260755764403178 6
1756353695853 0.008259786473880806 7
1756353696195 0.008256879057302505 8
1756353696700 0.008252034879421138 9
1756353697043 0.008245256214113 10
1756353697386 0.008236546243310449 11
1756353697728 0.008225909055508301 12
1756353698071 0.008213349643844665 13
1756353698570 0.008198873903757148 14
1756353698912 0.008182488630215513 15
1756353699253 0.0081642015145321 16
1756353699595 0.008144021140751481 17
1756353699938 0.008121956981621086 18
1756353700280 0.008098019394144649 19
1756353700782 0.0080722196147206 20
1756353701124 0.008044569753867642 21
1756353701466 0.008015082790540038 22
1756353701810 0.007983772566035233 23
1756353702155 0.007950653777496694 24
1756353702660 0.007915741971015008 25
1756353703005 0.007879053534330499 26
1756353703348 0.007840605689140741 27
1756353703692 0.007800416483016636 28
1756353704036 0.007758504780930811 29
1756353704554 0.007714890256402321 30
1756353704897 0.007669593382261827 31
1756353705250 0.007622635421041563 32
1756353705592 0.00757403841499462 33
1756353705935 0.007523825175748231 34
1756353706447 0.007472019273595892 35
1756353706791 0.007418645026433384 36
1756353707134 0.007363727488343848 37
1756353707477 0.007307292437837303 38
1756353707819 0.00724936636575011 39
1756353708165 0.007189976462810071 40
1756353708681 0.00712915060687299 41
1756353709026 0.0070669173498366985 42
1756353709369 0.007003305904238681 43
1756353709710 0.006938346129543595 44
1756353710054 0.006872068518127121 45
1756353710559 0.006804504180962719 46
1756353710903 0.006735684833018013 47
1756353711244 0.006665642778367659 48
1756353711587 0.006594410895029692 49
1756353711932 0.006522022619532444 50
1756353712274 0.0064485119312193105 51
1756353712781 0.0063739133362987095 52
1756353713125 0.006298261851646736 53
1756353713468 0.006221592988370093 54
1756353713812 0.0061439427351370444 55
1756353714153 0.006065347541284187 56
1756353714660 0.005985844299706993 57
1756353715004 0.00590547032954213 58
1756353715348 0.00582426335864972 59
1756353715695 0.005742261505903724 60
1756353716042 0.005659503263298798 61
1756353716555 0.005576027477881994 62
1756353716900 0.005491873333517804 63
1756353717244 0.005407080332495098 64
1756353717587 0.005321688276984594 65
1756353717931 0.005235737250355559 66
1756353718433 0.005149267598360519 67
1756353718775 0.005062319910196803 68
1756353719119 0.0049749349994538125 69
1756353719463 0.004887153884954959 70
1756353719805 0.004799017771503267 71
1756353720149 0.004710568030539677 72
1756353720650 0.0046218461807231255 73
1756353720994 0.0045328938684415275 74
1756353721337 0.004443752848262785 75
1756353721681 0.004354464963335039 76
1756353722025 0.004265072125745327 77
1756353987741 0.0013566811890661375 1
1756353988101 0.002713362378132275 2
1756353988713 0.004070043567198412 3
1756353989065 0.00542672475626455 4
1756353989421 0.006783405945330686 5
1756353989774 0.006783405945330687 6
1756353990128 0.00678261002327328 7
1756353990643 0.0067802226307100266 8
1756353990999 0.006776244888292458 9
1756353991353 0.006770678663188628 10
1756353991708 0.006763526568206659 11
1756353992060 0.0067547919605682825 12
1756353992609 0.0067444789403329364 13
1756353992963 0.006732592348473191 14
1756353993316 0.006719137764602371 15
1756353993668 0.006704121504355469 16
1756353994022 0.006687550616424553 17
1756353994376 0.006669432879250089 18
1756353994918 0.006649776797369708 19
1756353995272 0.006628591597426143 20
1756353995628 0.006605887223836203 21
1756353996006 0.006581674334122831 22
1756353996360 0.0065559642939124144 23
1756353996905 0.006528769171599719 24
1756353997259 0.006500101732682931 25
1756353997615 0.00646997543377149 26
1756353997971 0.0064384044162694954 27
1756353998325 0.00640540349973768 28
1756353998861 0.006370988174937048 29
1756353999214 0.006335174596557448 30
1756353999568 0.006297979575634504 31
1756353999922 0.006259420571658442 32
1756354000275 0.006219515684378537 33
1756354000809 0.0061782836453070245 34
1756354001163 0.006135743808926447 35
1756354001517 0.006091916143604589 36
1756354001872 0.006046821222221244 37
1756354002228 0.00600048021251122 38
1756354002756 0.005952914867128128 39
1756354003111 0.005904147513433592 40
1756354003465 0.005854201043016704 41
1756354003819 0.005803098900948616 42
1756354004174 0.0057508650747773345 43
1756354004704 0.005697524083267868 44
1756354005060 0.005643100964893026 45
1756354005415 0.00558762126608025 46
1756354005770 0.005531111029220034 47
1756354006127 0.00547359678044151 48
1756354006662 0.005415105517160987 49
1756354007016 0.00535566469540925 50
1756354007371 0.005295302216943596 51
1756354007725 0.005234046416150634 52
1756354008083 0.005171926046746017 53
1756354008613 0.0051089702682773274 54
1756354008968 0.0050452086324364745 55
1756354009325 0.00498067106918801 56
1756354009680 0.00491538787271989 57
1756354010035 0.004849389687223253 58
1756354010560 0.004782707492507925 59
1756354010916 0.00471537258946037 60
1756354011273 0.004647416585350929 61
1756354011629 0.004578871378997241 62
1756354011984 0.0045097691457908155 63
1756354012520 0.004440142322593775 64
1756354012876 0.004370023592512862 65
1756354013230 0.004299445869557859 66
1756354013586 0.00422844228319162 67
1756354013942 0.004157046162778978 68
1756354014477 0.0040852910219417995 69
1756354014834 0.00401321054282756 70
1756354015191 0.003940838560298815 71
1756354015547 0.0038682090460509726 72
1756354015903 0.003795356092665856 73
1756354016259 0.0037223138976085045 74
1756354016788 0.003649116747174743 75
1756354017148 0.0035757990003970693 76
1756354017505 0.003502395072916382 77
1756354017860 0.0034289394208271407 78
1756354018388 0.0033554665245035466 79
1756354018744 0.0032820108724143063 80
1756354019099 0.0032086069449336185 81
1756354019454 0.003135289198155945 82
1756354019808 0.0030620920477221845 83
1756354020164 0.0029890498526648312 84
1756354020684 0.002916196899279715 85
1756354021040 0.0028435673850318735 86
1756354021396 0.002771195402503127 87
1756354021752 0.0026991149233888886 88
1756354022106 0.0026273597825517093 89
1756354022627 0.0025559636621390676 90
1756354277647 0.0008776056101704567 1
1756354278018 0.0017552112203409135 2
1756354278383 0.0026328168305113702 3
1756354278751 0.003510422440681827 4
1756354279371 0.004388028050852284 5
1756354279740 0.004388028050852284 6
1756354280108 0.004387513228764034 7
1756354280475 0.00438596900415881 8
1756354280843 0.004383396101901765 9
1756354281375 0.0043797957297234125 10
1756354281744 0.0043751695776527225 11
1756354282113 0.00436951981722381 12
1756354282480 0.004362849100456611 13
1756354283011 0.004355160558612011 14
1756354283380 0.004346457800722022 15
1756354283747 0.00433674491189569 16
1756354284116 0.004326026451401519 17
1756354284648 0.004314307450527344 18
1756354285017 0.004301593410218616 19
1756354285386 0.004287890298496246 20
1756354285755 0.00427320454765518 21
1756354286123 0.004257543051245062 22
1756354286660 0.004240913160834376 23
1756354287034 0.004223322682559584 24
1756354287402 0.004204779873460901 25
1756354287769 0.004185293437606403 26
1756354288315 0.004164872522006305 27
1756354288683 0.00414352671231932 28
1756354289051 0.004121266028353107 29
1756354289420 0.004098100919360941 30
1756354289789 0.0040740422591367875 31
1756354290326 0.0040491013409111 32
1756354290697 0.004023289872049735 33
1756354291068 0.003996619968558468 34
1756354291439 0.003969104149395691 35
1756354291980 0.003940755330595966 36
1756354292350 0.0039115868192071855 37
1756354292719 0.0038816123070441895 38
1756354293089 0.003850845864261778 39
1756354293622 0.0038193019327501213 40
1756354293990 0.003786995319355681 41
1756354294359 0.003753941188930816 42
1756354294729 0.0037201550572153424 43
1756354295263 0.003685652783553383 44
1756354295634 0.0036504505634489285 45
1756354296004 0.0036145649209636034 46
1756354296374 0.0035780127009602063 47
1756354296905 0.003540811061195664 48
1756354297278 0.003502977464267114 49
1756354297649 0.00346452966941489 50
1756354298018 0.003425485724186265 51
1756354298575 0.0033858639559638617 52
1756354298947 0.0033456829633627073 53
1756354299319 0.003304961607499965 54
1756354299688 0.0032637190031414597 55
1756354300232 0.0032219745097291207 56
1756354300604 0.0031797477222935923 57
1756354300975 0.003137058462256241 58
1756354301345 0.003093926768124908 59
1756354301716 0.0030503728860877513 60
1756354302256 0.0030064172605096047 61
1756354302628 0.0029620805243353106 62
1756354302997 0.0029173834894045386 63
1756354303369 0.0028723471366826204 64
1756354303907 0.0028269926064120048 65
1756354304276 0.002781341188188941 66
1756354304647 0.002735414310970062 67
1756354305018 0.0026892335330135435 68
1756354305555 0.0026428205317595745 69
1756354305926 0.0025961970936548796 70
1756354306297 0.0025493851039260756 71
1756354306667 0.002502406536306658 72
1756354307200 0.002455283442722445 73
1756354307571 0.002408037942940317 74
1756354307949 0.0023606922141851047 75
1756354308320 0.0023132684807295194 76
1756354308853 0.002265789003461987 77
1756354309224 0.0022182760694372996 78
1756354309595 0.0021707519814149847 79
1756354309966 0.0021232390473902973 80
1756354310497 0.002075759570122765 81
1756354310867 0.0020283358366671796 82
1756354311238 0.001980990107911968 83
1756354311611 0.0019337446081298388 84
1756354312143 0.001886621514545626 85
1756354312518 0.0018396429469262085 86
1756354312892 0.001792830957197404 87
1756354313266 0.0017462075190927098 88
1756354313795 0.0016997945178387406 89
1756354314167 0.001653613739882222 90
1756354314539 0.0016076868626633434 91
1756354314911 0.0015620354444402795 92
1756354315444 0.0015166809141696636 93
1756354315815 0.0014716445614477453 94
1756354316186 0.001426947526516973 95
1756354316555 0.0013826107903426794 96
1756354316925 0.0013386551647645323 97
1756354317454 0.0012951012827273755 98
1756354317828 0.0012519695885960433 99
1756354318204 0.0012092803285586925 100
1756354318736 0.0011670535411231631 101
1756354319106 0.0011253090477108246 102
1756354319477 0.0010840664433523182 103
1756354319846 0.001043345087489577 104
1756354520375 0.0009994175501580774 1
1756354520757 0.0019988351003161547 2
1756354521135 0.002998252650474232 3
1756354521765 0.003997670200632309 4
1756354522145 0.004997087750790386 5
1756354522525 0.004997087750790386 6
1756354522903 0.004996501454942917 7
1756354523444 0.004994742842610105 8
1756354523826 0.004991812739291548 9
1756354524206 0.004987712520389356 10
1756354524586 0.00498244411056253 11
1756354525127 0.004976009982823523 12
1756354525506 0.004968413157377395 13
1756354525885 0.004959657200204114 14
1756354526265 0.0049497462213846785 15
1756354526806 0.004938684873171825 16
1756354527186 0.004926478347806241 17
1756354527567 0.004913132375079307 18
1756354527948 0.004898653219643511 19
1756354528493 0.004883047678071798 20
1756354528874 0.004866323075667226 21
1756354529257 0.004848487263024443 22
1756354529637 0.004829548612344587 23
1756354530017 0.004809516013505344 24
1756354530562 0.004788398869887998 25
1756354530942 0.00476620709396345 26
1756354531323 0.0047429511026392665 27
1756354531707 0.004718641812369938 28
1756354532250 0.004693290634032657 29
1756354532633 0.004666909467571001 30
1756354533016 0.004639510696409059 31
1756354533399 0.004611107181638595 32
1756354533941 0.004581712255982006 33
1756354534324 0.004551339717533889 34
1756354534706 0.004520003823284158 35
1756354535087 0.004487719282425759 36
1756354535635 0.004454501249450117 37
1756354536017 0.004420365317033554 38
1756354536399 0.004385327508718027 39
1756354536781 0.004349404271389618 40
1756354537333 0.00431261246755829 41
1756354537718 0.004274969367442573 42
1756354538100 0.004236492640862838 43
1756354538480 0.004197200348947029 44
1756354539059 0.004157110935652686 45
1756354539441 0.004116243219109287 46
1756354539820 0.0040746163827849345 47
1756354540202 0.00403224996648157 48
1756354540767 0.003989163857162905 49
1756354541149 0.003945378279619406 50
1756354541531 0.003900913786974695 51
1756354541912 0.0038557912510378324 52
1756354542482 0.0038100318525060117 53
1756354542862 0.003763657071022247 54
1756354543244 0.0037166886750927535 55
1756354543627 0.0036691487118687164 56
1756354544190 0.003621059496797277 57
1756354544572 0.0035724436031465668 58
1756354544955 0.003523323851409733 59
1756354545340 0.0034737232985929045 60
1756354545721 0.0034236652273921414 61
1756354546286 0.003373173135264447 62
1756354546667 0.0033222707233979674 63
1756354547051 0.0032709818855865616 64
1756354547630 0.0032193306970139577 65
1756354548016 0.003167341402952766 66
1756354548398 0.003115038407383654 67
1756354548782 0.0030624462615400205 68
1756354549165 0.0030095896523835495 69
1756354549748 0.0029564933910160513 70
1756354550129 0.002903182401033034 71
1756354550509 0.0028496817068244676 72
1756354550888 0.0027960164218282396 73
1756354551459 0.002742211736741805 74
1756354551843 0.002688292907697572 75
1756354552226 0.002634285244407576 76
1756354552609 0.002580214098283 77
1756354906153 0.0011910705501020217 1
1756354906554 0.0023821411002040434 2
1756354906953 0.003573211650306065 3
1756354907354 0.004764282200408087 4
1756354908007 0.005955352750510109 5
1756354908410 0.005955352750510109 6
1756354908810 0.005954654001315514 7
1756354909372 0.0059525580817273716 8
1756354909773 0.005949065975578641 9
1756354910173 0.005944179322077789 10
1756354910570 0.005937900415039335 11
1756354910969 0.005930232201807125 12
1756354911528 0.005921178281870843 13
1756354911931 0.005910742905176383 14
1756354912330 0.005898930970130924 15
1756354912730 0.005885748021303587 16
1756354913294 0.005871200246822797 17
1756354913692 0.005855294475471546 18
1756354914092 0.005838038173481944 19
1756354914493 0.005819439441030532 20
1756354915053 0.005799507008436028 21
1756354915455 0.0057782502320612855 22
1756354915857 0.005755679089921377 23
1756354916257 0.005731804176999874 24
1756354916827 0.005706636700275516 25
1756354917228 0.005680188473461619 26
1756354917629 0.005652471911460665 27
1756354918029 0.005623500024536696 28
1756354918591 0.005593286412208253 29
1756354918992 0.005561845256864701 30
1756354919393 0.005529191317108959 31
1756354919793 0.005495339920829758 32
1756354920361 0.005460306958006664 33
1756354920763 0.005424108873251266 34
1756354921168 0.005386762658087999 35
1756354921570 0.0053482858429782665 36
1756354922140 0.005308696489091566 37
1756354922543 0.005268013179827505 38
1756354922945 0.005226255012092682 39
1756354923348 0.00518344158733652 40
1756354923911 0.0051395930023502715 41
1756354924312 0.0050947298398335015 42
1756354924713 0.0050488731587324896 43
1756354925114 0.005002044484355076 44
1756354925675 0.004954265798266597 45
1756354926081 0.004905559527971653 46
1756354926485 0.004855948536386542 47
1756354926890 0.004805456111107324 48
1756354927492 0.004754105953478531 49
1756354927894 0.004701922167467654 50
1756354928296 0.004648929248350654 51
1756354928699 0.004595152071213774 52
1756354929098 0.004540615879277087 53
1756354929699 0.004485346272045214 54
1756354930099 0.004429369193290825 55
1756354930501 0.004372710918876528 56
1756354931087 0.00431539804442087 57
1756354931491 0.004257457472814253 58
1756354931893 0.00419891640159061 59
1756354932295 0.004139802310160774 60
1756354932698 0.004080142946913534 61
1756354933279 0.004019966316190427 62
1756354933681 0.003959300665140399 63
1756354934084 0.0038981744704604717 64
1756354934488 0.0038366164250286743 65
1756354935068 0.003774655424435488 66
1756354935469 0.0037123205534201438 67
1756354935872 0.003649641072218132 68
1756354936275 0.00358664640282633 69
1756354936850 0.003523366115192201 70
1756354937251 0.003459829913333541 71
1756354937653 0.0033960676213952976 72
1756354938226 0.00333210916965 73
1756354938628 0.003267984580448368 74
1756354939031 0.0032037239541266977 75
1756354939434 0.0031393574548776526 76
1756354939840 0.003074915296591068 77
1756354940412 0.0030104277286714274 78
1756354940823 0.0029459250218386818 79
1756355187953 0.0009748522240410375 1
1756355188626 0.001949704448082075 2
1756355189038 0.0029245566721231124 3
1756355189449 0.00389940889616415 4
1756355189858 0.004874261120205187 5
1756355190456 0.004874261120205187 6
1756355190866 0.004873689238184509 7
1756355191275 0.004871973860566162 8
1756355191684 0.004869115792555196 9
1756355192266 0.004865116375740064 10
1756355192674 0.004859977487462869 11
1756355193082 0.0048537015399381335 12
1756355193491 0.004846291479120497 13
1756355194064 0.004837750783321873 14
1756355194472 0.0048280834615787175 15
1756355194883 0.004817294051770169 16
1756355195290 0.004805387618487949 17
1756355195858 0.004792369750659027 18
1756355196268 0.004778246558922151 19
1756355196678 0.004763024672759493 20
1756355197087 0.0047467112373847445 21
1756355197656 0.00472931391038912 22
1756355198065 0.004710840858146856 23
1756355198473 0.004691300751981885 24
1756355198881 0.00467070276409748 25
1756355199450 0.0046490565632707846 26
1756355199858 0.00462637231031425 27
1756355200266 0.004602660653306112 28
1756355200674 0.004577932722592142 29
1756355201249 0.004552200125561014 30
1756355201659 0.004525474941195753 31
1756355202070 0.004497769714403814 32
1756355202479 0.004469097450128449 33
1756355203048 0.004439471607244138 34
1756355203457 0.0044089060922389385 35
1756355203865 0.004377415252686727 36
1756355204272 0.004345013870512389 37
1756355204840 0.004311717155053123 38
1756355205251 0.004277540735919122 39
1756355205661 0.004242500655656972 40
1756355206073 0.00420661336221921 41
1756355206641 0.0041698957012436 42
1756355207051 0.004132364908145716 43
1756355207458 0.004094038600028575 44
1756355207866 0.004054934767413095 45
1756355208432 0.004015071765793275 46
1756355208840 0.003974468307020055 47
1756355209250 0.003933143450517895 48
1756355209658 0.0038911165943382093 49
1756355210225 0.0038484074660538417 50
1756355210636 0.0038050361134988665 51
1756355211045 0.0037610228953580556 52
1756355211456 0.00371638847161043 53
1756355212047 0.0036711537938313842 54
1756355212460 0.003625340095357935 55
1756355212870 0.003578968881321706 56
1756355213281 0.003532061918554337 57
1756355213858 0.003484641225370044 58
1756355214269 0.003436729061230138 59
1756355214678 0.003388347916294344 60
1756355215088 0.0033395205008638303 61
1756355215664 0.003290269734720905 62
1756355216076 0.0032406187363703772 63
1756355216488 0.003190590812187642 64
1756355216897 0.003140209445478573 65
1756355217494 0.003089498285456366 66
1756355217908 0.003038481136140505 67
1756355218320 0.002987181945183062 68
1756355218733 0.0029356247926275725 69
1756355219323 0.002883833879605769 70
1756355219733 0.002831833516977473 71
1756355220145 0.002779648113918981 72
1756355220556 0.0027273021664653008 73
1756355221143 0.002674820246011617 74
1756355221558 0.0026222269877793766 75
1756355221969 0.002569547079252423 76
1756355222380 0.0025168052485885915 77
1756355222959 0.002464026253012212 78
1756355223370 0.0024112348671929754 79
1756355223782 0.002358455871616597 80
1756355224195 0.002305714040952765 81
1756355224805 0.0022530341324258113 82
1756355225222 0.0022004408741935714 83
1756355465301 0.0010993924490764176 1
1756355465980 0.002198784898152835 2
1756355466402 0.003298177347229253 3
1756355466828 0.00439756979630567 4
1756355467421 0.005496962245382088 5
1756355467844 0.005496962245382088 6
1756355468268 0.005496317288767425 7
1756355468691 0.005494382721668624 8
1756355469287 0.00549115945217915 9
1756355469711 0.005486648993314473 10
1756355470136 0.0054808534623018625 11
1756355470729 0.00547377557958654 12
1756355471150 0.0054654186675547065 13
1756355471572 0.005455786648973984 14
1756355471993 0.005444884045152067 15
1756355472584 0.005432715973814399 16
1756355473007 0.005419288146701888 17
1756355473428 0.005404606866889794 18
1756355474016 0.005388679025829043 19
1756355474438 0.005371512100111354 20
1756355474859 0.00535311414795969 21
1756355475283 0.005333493805445702 22
1756355475873 0.005312660282435924 23
1756355476296 0.00529062335826862 24
1756355476721 0.005267393377163326 25
1756355477310 0.005242981243365237 26
1756355477732 0.0052173984160267 27
1756355478156 0.005190656903828255 28
1756355478581 0.005162769259341706 29
1756355479166 0.005133748573137894 30
1756355479588 0.005103608467641934 31
1756355480011 0.0050723630907387905 32
1756355480596 0.005040027109132208 33
1756355481021 0.005006615701460103 34
1756355481444 0.004972144551169646 35
1756355481868 0.004936629839155394 36
1756355482462 0.004900088236163912 37
1756355482887 0.00486253689496846 38
1756355483310 0.004823993442317413 39
1756355483897 0.0047844759706601936 40
1756355484319 0.004744003029654606 41
1756355484745 0.004702593617459555 42
1756355485170 0.0046602671718172315 43
1756355485759 0.00461704356092896 44
1756355486185 0.00457294307412899 45
1756355486609 0.004527986412360595 46
1756355487200 0.004482194678458975 47
1756355487621 0.004435589367245496 48
1756355488046 0.004388192355437943 49
1756355488468 0.004340025891381492 50
1756355489054 0.004291112584605256 51
1756355489477 0.004241475395209282 52
1756355489899 0.004191137623086986 53
1756355490486 0.004140122896988091 54
1756355490910 0.004088455163427203 55
1756355491335 0.004036158675443215 56
1756355491921 0.00398325798121484 57
1756355492347 0.003929777912537595 58
1756355492771 0.0038757435731676605 59
1756355493192 0.003821180327038077 60
1756355493780 0.0037661137863528146 61
1756355494202 0.0037105697995642993 62
1756355494626 0.0036545744392400535 63
1756355495212 0.0035981539898241243 64
1756355495638 0.0035413349352990645 65
1756355496062 0.0034841439467542426 66
1756355496482 0.0034266078698663317 67
1756355497069 0.0033687537122978404 68
1756355497494 0.0033106086310196094 69
1756355497920 0.0032521999195632215 70
1756355498506 0.00319355499520931 71
1756355498932 0.003134701386117777 72
1756355499357 0.00307566671840597 73
1756355499782 0.0030164787031808703 74
1756355500368 0.0029571651235313864 75
1756355500795 0.0028977538214868676 76
1756355501221 0.002838272684947944 77
1756355501805 0.002778749634595831 78
1756355502231 0.0027192126107862574 79
1756355502657 0.0026596895604341446 80
1756355503081 0.0026002084238952207 81
1756355503668 0.0025407971218507023 82
1756355504093 0.002481483542201219 83
1756355504519 0.002422295526976118 84
1756355505110 0.0023632608592643115 85
1756355505535 0.0023044072501727793 86
1756355505960 0.002245762325818867 87
1756355757252 0.000958022691757955 1
1756355757690 0.00191604538351591 2
1756355758369 0.002874068075273865 3
1756355758803 0.00383209076703182 4
1756355759239 0.004790113458789775 5
1756355759832 0.004790113458789775 6
1756355760265 0.004789551451580534 7
1756355760700 0.004787865693761222 8
1756355761293 0.004785056976633239 9
1756355761728 0.004781126618619538 10
1756355762165 0.004776076464645745 11
1756355762759 0.004769908885274151 12
1756355763195 0.004762626775590954 13
1756355763630 0.004754233553847298 14
1756355764218 0.004744733159854733 15
1756355764658 0.0047341300531358495 16
1756355765094 0.004722429210830962 17
1756355765700 0.004709636125361819 18
1756355766136 0.004695756801853438 19
1756355766568 0.00468079775531528 20
1756355767160 0.004664766007583072 21
1756355767593 0.004647669084022734 22
1756355768028 0.004629515009997941 23
1756355768638 0.0046103123071029855 24
1756355769074 0.004590069989162706 25
1756355769512 0.004568797558001367 26
1756355770113 0.004546504998982457 27
1756355770548 0.004523202776321527 28
1756355770989 0.00449890182817424 29
1756355771601 0.004473613561501962 30
1756355772037 0.004447349846717289 31
1756355772476 0.004420123012112023 32
1756355773084 0.004391945838070229 33
1756355773521 0.00436283155106907 34
1756355773957 0.004332793817470244 35
1756355774563 0.004301846737104943 36
1756355774999 0.004270004836655335 37
1756355775437 0.0042372830628356825 38
1756355776043 0.0042036967753762925 39
1756355776479 0.004169261739813602 40
1756355776915 0.004133994120089772 41
1756355777516 0.004097910470965267 42
1756355777955 0.004061027730247987 43
1756355778394 0.004023363210842593 44
1756355778833 0.003984934592623757 45
1756356108828 0.0008541524344724824 1
1756356109284 0.0017083048689449647 2
1756356109735 0.002562457303417447 3
1756356110439 0.0034166097378899294 4
1756356110894 0.004270762172362412 5
1756356111347 0.004270762172362412 6
1756356111962 0.004270261111541184 7
1756356112415 0.004268758164277437 8
1756356113031 0.004266254036060572 9
1756356113487 0.0042627499023382975 10
1756356113941 0.00425824740796487 11
1756356114559 0.0042527486664289925 12
1756356115014 0.004246256258861734 13
1756356115470 0.004238773232824934 14
1756356116086 0.004230303100880671 15
1756356116541 0.004220849838942448 16
1756356116994 0.004210417884408882 17
1756356117608 0.004199012134080772 18
1756356118060 0.004186637941862524 19
1756356118512 0.004173301116249005 20
1756356119124 0.004159007917599012 21
1756356119577 0.004143765055196634 22
1756356120030 0.004127579684101893 23
1756356120643 0.004110459401792125 24
1756356121098 0.004092412244595691 25
1756356121734 0.004073446683919703 26
1756356122188 0.0040535716222735016 27
1756356122641 0.00403279638908979 28
1756356123263 0.004011130736345358 29
1756356123719 0.003988584833983465 30
1756356124177 0.003965169265140029 31
1756356124801 0.003940895021175864 32
1756356125257 0.003915773496517284 33
1756356125710 0.003889816483307523 34
1756356126329 0.0038630361658714483 35
1756356126784 0.003835445114996197 36
1756356127240 0.003807056282030393 37
1756356127861 0.003777882992804738 38
1756356128316 0.0037479389413768074 39
1756356128770 0.003717238183603012 40
1756356129385 0.0036857951305407184 41
1756356129840 0.003653624541683644 42
1756356130460 0.003620741518033691 43
1756356130913 0.003587161495012477 44
1756356131367 0.003552900235215888 45
1756356131823 0.0035179738210150495 46
1756356132437 0.0034823986470072033 47
1756356132893 0.0034461914123200127 48
1756356133511 0.003409369112772932 49
1756356133965 0.0033719490328992952 50
1756356134422 0.003333948737832892 51
1756356135042 0.0032953860650628236 52
1756356135497 0.0032562791160605136 53
1756356135953 0.0032166462477828048 54
1756356136575 0.003176506064055134 55
1756356137030 0.0031358774068388187 56
1756356137486 0.0030947793473865707 57
1756356138105 0.0030532311772903673 58
1756356138559 0.00301125239942591 59
1756356139015 0.0029688627187978915 60
1756356139631 0.0029260820332903904 61
1756356140086 0.0028829304243267245 62
1756356140541 0.002839428147443153 63
1756356141163 0.0027955956227808452 64
1756356141620 0.002751453425500589 65
1756356402012 0.001124823491964725 1
1756356402476 0.00224964698392945 2
1756356402938 0.003374470475894175 3
1756356403667 0.0044992939678589 4
1756356404144 0.005624117459823625 5
1756356404605 0.005624117459823625 6
1756356405270 0.005623457581418566 7
1756356405735 0.005621478255952929 8
1756356406193 0.005618180412529931 9
1756356406843 0.005613565599170344 10
1756356407303 0.005607635982085847 11
1756356407943 0.005600394344662201 12
1756356408405 0.00559184408615271 13
1756356408867 0.005581989220082603 14
1756356409498 0.005570834372365068 15
1756356409958 0.005558384779129832 16
1756356410422 0.005544646284265297 17
1756356411050 0.0055296253366754 18
1756356411512 0.005513328987252466 19
1756356411970 0.005495764885567498 20
1756356412609 0.005476941276279434 21
1756356413072 0.005456866995265072 22
1756356413537 0.005435551465471476 23
1756356414204 0.005413004692492805 24
1756356414665 0.0053892372598736485 25
1756356415326 0.005364260324141069 26
1756356415789 0.005338085609567684 27
1756356416250 0.005310725402668245 28
1756356416884 0.005282192546432299 29
1756356417342 0.005252500434295642 30
1756356417803 0.005221663003853382 31
1756356418430 0.005189694730317576 32
1756356418891 0.0051566106197225145 33
1756356419352 0.005122426201880823 34
1756356419977 0.005087157523093712 35
1756356420437 0.005050821138618773 36
1756356420898 0.005013434104898883 37
1756356421519 0.004975013971555834 38
1756356421979 0.00493557877315248 39
1756356422442 0.004895147020727232 40
1756356423066 0.0048537376931049115 41
1756356423527 0.004811370227988012 42
1756356424151 0.004768064512832562 43
1756356424612 0.004723840875512877 44
1756356425072 0.004678720074779575 45
1756356425696 0.004632723290515335 46
1756356426156 0.004585872113792978 47
1756356426619 0.00453818853674053 48
1756356427244 0.004489694942218031 49
1756356427705 0.004440414093310932 50
1756356428169 0.00439036912264501 51
1756356428809 0.004339583521527826 52
1756356429271 0.004288081128921811 53
1756356429735 0.004235886120254158 54
1756356430361 0.004183022996068786 55
1756356430824 0.004129516570525687 56
1756356431285 0.0040753919597530585 57
1756356431916 0.004020674570057694 58
1756356432379 0.003965390085999164 59
1756356433007 0.003909564458333378 60
1756356433470 0.0038532238918312037 61
1756356433935 0.003796394832977835 62
1756356434398 0.003739103957558713 63
1756356435027 0.0036813781581378057 64
1756356435491 0.0036232445314341305 65
1756356436117 0.0035647303656024466 66
1756356436580 0.0035058631274240896 67
1756356437043 0.0034466704494139524 68
1756356437667 0.0033871801168496767 69
1756356438130 0.0033274200547291294 70
1756356438592 0.0032674183146623017 71
1756356439218 0.003207203061703768 72
1756356439683 0.0031468025611319033 73
1756356440146 0.0030862451651810464 74
1756356440767 0.003025559299732845 75
1756356441230 0.002964773450973041 76
1756356441691 0.00290391615201994 77
1756356442333 0.002843015969530848 78
1756356442797 0.0027821014902927772 79
1756356443258 0.002721201307803686 80
1756356443898 0.0026603440088505846 81
1756356444363 0.002599558160090781 82
1756356445001 0.00253887229464258 83
1756356445465 0.002478314898691722 84
1756356445931 0.0024179143981198576 85
1756356446395 0.0023576991451613244 86
1756356447021 0.0022976974050944957 87
1756356447486 0.002237937342973949 88
1756356448108 0.0021784470104096727 89
1756356448572 0.0021192543323995364 90
1756356449032 0.00206038709422118 91
1756356449654 0.0020018729283894955 92
1756356450123 0.0019437393016858197 93
1756356450587 0.0018860135022649121 94
1756356451232 0.0018287226268457904 95
1756356451694 0.0017718935679924214 96
1756356452159 0.0017155530014902466 97
1756356452800 0.0016597273738244616 98
1756356453266 0.0016044428897659317 99
1756356453730 0.0015497255000705677 100
1756356454375 0.0014956008892979382 101
1756356454837 0.0014420944637548395 102
1756356455300 0.0013892313395694675 103
1756356455929 0.0013370363309018146 104
1756356456398 0.0012855339382957984 105
1756356457045 0.0012347483371786157 106
1756356457508 0.0011847033665126942 107
1756356457970 0.001135422517605595 108
1756356458433 0.0010869289230830952 109
1756356459064 0.0010392453460306476 110
1756356459528 0.0009923941693082902 111
1756356460158 0.0009463973850440512 112
1756356460621 0.0009012765843107486 113
1756356461083 0.0008570529469910638 114
1756356461709 0.0008137472318356138 115
1756356462175 0.0007713797667187139 116
1756356462639 0.0007299704390963933 117
1756356463266 0.0006895386866711456 118
1756356463731 0.0006501034882677903 119
1756356866401 0.0013316401736807443 1
1756356866882 0.0026632803473614886 2
1756356867358 0.0039949205210422336 3
1756356868085 0.005326560694722977 4
1756356868564 0.006658200868403722 5
1756356869042 0.006658200868403722 6
1756356869678 0.00665741963928614 7
1756356870155 0.006655076318645438 8
1756356870792 0.006651172006445613 9
1756356871273 0.0066457085353862815 10
1756356871752 0.006638688470042413 11
1756356872389 0.0066301151056605 12
1756356872869 0.00661999246661176 13
1756356873349 0.006608325304503079 14
1756356873991 0.006595119095946587 15
1756356874471 0.006580380039988918 16
1756356874951 0.00656411505520135 17
1756356875596 0.0065463317764322005 18
1756356876074 0.006527038551222999 19
1756356876553 0.0065062444358901204 20
1756356877196 0.006483959191273708 21
1756356877678 0.0064601932781559014 22
1756356878155 0.006434957852350503 23
1756356878793 0.006408264759466398 24
1756356879272 0.0063801265293471675 25
1756356879749 0.006350556370189545 26
1756356880385 0.006319568162343425 27
1756356880865 0.006287176451796378 28
1756356881504 0.006253396443345704 29
1756356881983 0.006218243993461243 30
1756356882464 0.0061817356028422785 31
1756356883101 0.006143888408672053 32
1756356883582 0.006104720176573497 33
1756356884061 0.006064249292269985 34
1756356884697 0.006022494752954995 35
1756356885178 0.005979476158374757 36
1756356885660 0.005935213701628051 37
1756356886299 0.005889728159687487 38
1756356886777 0.005843040883646711 39
1756356887258 0.005795173788698122 40
1756356887893 0.005746149343845788 41
1756356888371 0.0056959905613584065 42
1756356888851 0.005644720985967258 43
1756356889487 0.005592364683814215 44
1756356889967 0.005538946231154997 45
1756356890447 0.005484490702822982 46
1756356891083 0.005429023660458978 47
1756356891564 0.005372571140512487 48
1756356892045 0.005315159642020097 49
1756356892683 0.005256816114166722 50
1756356893163 0.005197567943635555 51
1756356893643 0.005137442941752645 52
1756356894282 0.005076469331432154 53
1756356894761 0.005014675733928406 54
1756356895397 0.004952091155400959 55
1756356895876 0.004888744973298999 56
1756356896356 0.004824666922571448 57
1756356896992 0.00475988708170926 58
1756356897472 0.00469443585862646 59
1756356897951 0.00462834397638655 60
1756356898587 0.004561642458780976 61
1756356899068 0.004494362615766443 62
1756356899547 0.004426536028767894 63
1756356900182 0.004358194535854065 64
1756356900662 0.00428937021679257 65
1756356901143 0.004220095377991529 66
1756356901780 0.004150402537334812 67
1756356902262 0.00408032440891802 68
1756356902750 0.004009893887692353 69
1756356903389 0.003939144034023594 70
1756356903866 0.003868108058173438 71
1756356904345 0.0037968193047104664 72
1756356904979 0.0037253112368580746 73
1756356905460 0.003653617420786703 74
1756356906097 0.0035817715098577373 75
1756356906575 0.0035098072288264966 76
1756356907054 0.003437758358011695 77
1756356907691 0.0033656587174388224 78
1756356908171 0.0032935421509649 79
1756356908807 0.003221442510392028 80
1756356909289 0.0031493936395772253 81
1756356909769 0.003077429358545985 82
1756356910407 0.0030055834476170203 83
1756356910891 0.0029338896315456477 84
1756356911375 0.002862381563693256 85
1756356912013 0.0027910928102302846 86
1756356912495 0.0027200568343801277 87
1756356913139 0.002649306980711369 88
1756356913621 0.002578876459485702 89
1756356914100 0.0025087983310689106 90
1756356914738 0.002439105490412195 91
1756356915221 0.0023698306516111525 92
1756356915702 0.002301006332549657 93
1756356916338 0.002232664839635828 94
1756356916819 0.0021648382526372792 95
1756356917456 0.0020975584096227457 96
1756356917939 0.002030856892017172 97
1756356918419 0.0019647650097772617 98
1756356919051 0.0018993137866944625 99
1756356919533 0.001834533945832275 100
1756356920015 0.001770455895104723 101
1756356920674 0.0017071097130027634 102
1756356921157 0.0016445251344753163 103
1756356921814 0.001582731536971568 104
1756356922295 0.0015217579266510763 105
1756356922775 0.001461632924768167 106
1756356923427 0.0014023847542370003 107
1756356923909 0.0013440412263836263 108
1756356924392 0.001286629727891235 109
1756356925041 0.0012301772079447448 110
1756356925523 0.00117471016558074 111
1756356926169 0.0011202546372487251 112
1756356926651 0.0010668361845895067 113
1756356927132 0.0010144798824364637 114
1756356927780 0.0009632103070453163 115
1756357250522 0.0017751818819279476 1
1756357251023 0.003550363763855895 2
1756357251772 0.005325545645783842 3
1756357252272 0.00710072752771179 4
1756357252935 0.008875909409639738 5
1756357253433 0.008875909409639738 6
1756357253934 0.00887486793022763 7
1756357254593 0.008871743980865869 8
1756357255090 0.008866539027948666 9
1756357255751 0.008859255514701547 10
1756357256251 0.008849896860034496 11
1756357256911 0.008838467456937102 12
1756357257414 0.008824972670416473 13
1756357257914 0.008809418834978884 14
1756357258575 0.008791813251656327 15
1756357259075 0.008772164184579389 16
1756357259736 0.008750480857098022 17
1756357260232 0.008726773447452079 18
1756357260730 0.008701053083993602 19
1756357261392 0.008673331839963128 20
1756357261892 0.008643622727822466 21
1756357262557 0.00861193969314659 22
1756357263056 0.00857829760807754 23
1756357263716 0.008542712264343374 24
1756357264216 0.008505200365845463 25
1756357264716 0.008465779520817625 26
1756357265376 0.008424468233560741 27
1756357265877 0.008381285895756768 28
1756357266543 0.008336252777366205 29
1756357267043 0.008289390017113289 30
1756357267702 0.008240719612563405 31
1756357268202 0.00819026440979733 32
1756357268703 0.008138048092687197 33
1756357269363 0.008084095171779193 34
1756357269865 0.008028430972788209 35
1756357270527 0.007971081624709851 36
1756357271029 0.007912074047555383 37
1756357271690 0.007851435939715374 38
1756357272192 0.00778919576495795 39
1756357272693 0.007725382739067805 40
1756357273356 0.007660026816132182 41
1756357273858 0.007593158674480318 42
1756357274518 0.007524809702282902 43
1756357275020 0.0074550119828183554 44
1756357275522 0.007383798279412803 45
1756357276181 0.007311202020060847 46
1756357276681 0.007237257281734328 47
1756357277344 0.007161998774386461 48
1756357277847 0.007085461824658849 49
1756357278509 0.007007682359299011 50
1756357279011 0.00692869688829623 51
1756357279674 0.006848542487743615 52
1756357280174 0.006767256782434442 53
1756357280677 0.006684877928200919 54
1756357281342 0.006601444594003697 55
1756357281843 0.006516995943780492 56
1756357282501 0.006431571618062396 57
1756357283005 0.006345211715366437 58
1756357283506 0.006257956773373189 59
1756357284169 0.006169847749898217 60
1756357284672 0.006080926003666321 61
1756357285336 0.00599123327489758 62
1756357285837 0.005900811665714333 63
1756357286501 0.005809703620378275 64
1756357287004 0.005717951905366952 65
1756357287507 0.005625599589299005 66
1756357288171 0.005532690022717588 67
1756357288672 0.005439266817741462 68
1756357289327 0.00534537382759328 69
1756357289830 0.005251055126014719 70
1756357290486 0.0051563549865780885 71
1756357290985 0.0050613178619041375 72
1756357291487 0.004965988362795826 73
1756357292140 0.004870411237297829 74
1756357292641 0.004774631349691627 75
1756357293300 0.004678693659436043 76
1756357293803 0.00458264320006309 77
1756357294458 0.004486525058039045 78
1756357294958 0.004390384351600695 79
1756357295459 0.00429426620957665 80
1756357296115 0.004198215750203696 81
1756357296617 0.004102278059948113 82
1756357297274 0.004006498172341913 83
1756357297777 0.0039109210468439145 84
1756357298440 0.0038155915477356022 85
1756357298945 0.003720554423061652 86
1756357299448 0.0036258542836250206 87
1756357300105 0.0035315355820464607 88
1756357300609 0.003437642591898278 89
1756357301268 0.003344219386922152 90
