1756349450786 1.0047098475953806 1
1756349450803 0.8156544851220172 2
1756349450818 0.745846997136655 3
1756349450833 0.7446799226429152 4
1756349450848 0.6850134600763735 5
1756349450864 0.5551676853843357 6
1756349450879 0.5388464072476262 7
1756349450894 0.5532887565053027 8
1756349450909 0.4973835349082947 9
1756349450925 0.4920668770437655 10
1756349450940 0.5122811703578286 11
1756349450955 0.4934036381866621 12
1756349450971 0.4505685023639513 13
1756349450986 0.48843617672505585 14
1756349451001 0.4552431495293327 15
1756349451017 0.43030703715656116 16
1756349451032 0.4195574444273244 17
1756349451048 0.4134992995987768 18
1756349451063 0.38981107136477594 19
1756349451079 0.36690130829811096 20
1756349451094 0.3896569026553113 21
1756349451110 0.3842988325201947 22
1756349451126 0.36990848183631897 23
1756349451141 0.3927160294159599 24
1756349451157 0.4008245532927306 25
1756349451173 0.3433092068070951 26
1756349451188 0.35448057107303454 27
1756349451204 0.4451850432416667 28
1756349451220 0.44581381393515546 29
1756349451236 0.4160011916056923 30
1756349451251 0.36284343185632123 31
1756349451267 0.3582588589709738 32
1756349451283 0.35626295338506286 33
1756349451299 0.3510326380315034 34
1756349451315 0.3491840764232304 35
1756349451331 0.3146023555942204 36
1756349451347 0.31462231343207153 37
1756349451363 0.30350948999757354 38
1756349451379 0.3295243758222331 39
1756349451395 0.3147439840047256 40
1756349451411 0.35548186690911004 41
1756349451427 0.31929411447566486 42
1756349451443 0.29063136810841766 43
1756349451459 0.30421301074649976 44
1756349451475 0.3030736724967542 45
1756349451491 0.2949906483940456 46
1756349451508 0.2913125455379486 47
1756349451524 0.2874240687359934 48
1756349451540 0.2663783087678578 49
1756349451556 0.2740745123313821 50
1756349451573 0.25407316568105115 51
1756349451589 0.2536632185396941 52
1756349451605 0.25639588288638904 53
1756349451622 0.2672247050896935 54
1756349451638 0.2589391113623329 55
1756349451655 0.2515565318905789 56
1756349451671 0.24642663222292197 57
1756349451688 0.26650499325731525 58
1756349451705 0.25977365024711774 59
1756349451722 0.24450626256673233 60
1756349451738 0.23932209351788397 61
1756349451755 0.2337092770182568 62
1756349451772 0.2591348212698232 63
1756349451789 0.22177626710870993 64
1756349451805 0.2313833800346955 65
1756349451822 0.2157697353674018 66
1756349451839 0.2185572457054387 67
1756349451856 0.2154483931220096 68
1756349451873 0.23867029793884442 69
1756349451890 0.22531607423139655 70
1756349451907 0.21379256118898807 71
1756349451924 0.21880044626153033 72
1756349451941 0.2037725876206937 73
1756349451958 0.21888909974823828 74
1756349451975 0.2141944020986557 75
1756349451992 0.2303703731816748 76
1756349452009 0.20873081230598947 77
1756349452026 0.21379954594632852 78
1756349452044 0.20506875929625137 79
1756349452061 0.22017202688300092 80
1756349452078 0.21253914224064868 81
1756349452096 0.20331850064837415 82
1756349537010 0.9299141142679297 1
1756349537041 0.9472155311833257 2
1756349537070 0.8082449177037114 3
1756349537098 0.844731330871582 4
1756349537127 0.7749037794444872 5
1756349537155 0.7216887072376583 6
1756349537184 0.585234689971675 7
1756349537213 0.5697452050188313 8
1756349537242 0.5044419687727223 9
1756349537270 0.48605933137561963 10
1756349537299 0.4780145041320635 11
1756349537328 0.4912781728350598 12
1756349537357 0.48349060182986053 13
1756349537386 0.4343352110489555 14
1756349537415 0.4284148008927055 15
1756349537443 0.40638234045194543 16
1756349537472 0.409545687229737 17
1756349537501 0.4087056452813356 18
1756349537530 0.42215487101803656 19
1756349537559 0.41098103056783264 20
1756349537589 0.39673288490461267 21
1756349537618 0.3766232405019843 22
1756349537647 0.36595247361970984 23
1756349537676 0.39798450469970703 24
1756349537705 0.36651465685471246 25
1756349537734 0.33732370837875036 26
1756349537764 0.3280367851257324 27
1756349537793 0.32687499406545056 28
1756349537822 0.3198818395967069 29
1756349537852 0.30622571382833563 30
1756349537881 0.31106330778287805 31
1756349537911 0.290544665378073 32
1756349537940 0.2922791812730872 33
1756349537969 0.30447136578352557 34
1756349537999 0.28207045858320984 35
1756349538029 0.2791697078424951 36
1756349538058 0.28643053834852966 37
1756349538088 0.2734438284583714 38
1756349538117 0.2783486765363942 39
1756349538147 0.2877039319795111 40
1756349538177 0.3064398331486661 41
1756349538206 0.28849015806032263 42
1756349538236 0.2769399997980698 43
1756349538266 0.2716951052779737 44
1756349538296 0.24873361444991568 45
1756349538326 0.2705961517665697 46
1756349538356 0.2545638576797817 47
1756349538386 0.29064601141473523 48
1756349538416 0.297543672763783 49
1756349538446 0.25739660729532654 50
1756349538476 0.26192183857378754 51
1756349538506 0.2689954470033231 52
1756349538535 0.30662641317948053 53
1756349538565 0.26640413118445355 54
1756349538595 0.3038840177266494 55
1756349538625 0.28072360093178955 56
1756349538655 0.2877580180116322 57
1756349538685 0.29562165296596027 58
1756349538716 0.26718486975068634 59
1756349538746 0.31648474542990973 60
1756349538776 0.27930808520835376 61
1756349538806 0.24396897463694864 62
1756349538836 0.24359652400016785 63
1756349538867 0.2642614834982416 64
1756349538897 0.24351926212725433 65
1756349538927 0.22463090134703595 66
1756349538958 0.22626395329185153 67
1756349538988 0.2314888860868371 68
1756349539019 0.21597031601097272 69
1756349539049 0.22989323476086493 70
1756349539080 0.2159903153129246 71
1756349539110 0.2356450019971184 72
1756349539141 0.24532583744629569 73
1756349539172 0.2316804560630218 74
1756349539202 0.2218784800042277 75
1756349636658 0.9946281650791997 1
1756349636701 0.8168561458587646 2
1756349636741 0.9559186411940533 3
1756349636782 0.9342174685519674 4
1756349636823 0.7699968089228091 5
1756349636863 0.6733731316483539 6
1756349636904 0.6472235192423281 7
1756349636944 0.6211441910785177 8
1756349636985 0.5530480716539465 9
1756349637026 0.5535290811372839 10
1756349637067 0.5377627222434335 11
1756349637109 0.4795596236767976 12
1756349637150 0.48319697768791864 13
1756349637191 0.5024970510731572 14
1756349637233 0.4869561648887137 15
1756349637274 0.472583277070004 16
1756349637316 0.4253202832263449 17
1756349637357 0.4271064193352409 18
1756349637398 0.4037590363751287 19
1756349637441 0.4138129444225975 20
1756349637482 0.4274749755859375 21
1756349637524 0.4073711750300034 22
1756349637565 0.3948725604492685 23
1756349637606 0.4357039682243181 24
1756349637648 0.3950999353242957 25
1756349637689 0.4019943320232889 26
1756349637730 0.38624961091124493 27
1756349637772 0.3906380067700925 28
1756349637813 0.4013704281786214 29
1756349637855 0.3639729204385177 30
1756349637897 0.36607423683871393 31
1756349637938 0.36720731336137524 32
1756349637980 0.38312359478162683 33
1756349638021 0.36982201298941736 34
1756349638063 0.35005459707716235 35
1756349638105 0.34792288360388385 36
1756349638147 0.3339772237383801 37
1756349638189 0.3109836202600728 38
1756349638231 0.29941614620063617 39
1756349638273 0.2964888694493667 40
1756349638315 0.3084920294906782 41
1756349638356 0.31918968584226526 42
1756349638401 0.3609535344268965 43
1756349638444 0.38369598207266437 44
1756349638487 0.3428177367085996 45
1756349638529 0.3360210540501968 46
1756349638572 0.3404550746731136 47
1756349638614 0.3088411915561427 48
1756349638656 0.30341812190802203 49
1756349638698 0.29882923222106433 50
1756349638743 0.3043420632248339 51
1756349638785 0.308366390026134 52
1756349638827 0.3068826328153196 53
1756349638870 0.29905734761901526 54
1756349638912 0.32310475862544513 55
1756349638954 0.3577226439247961 56
1756349638997 0.3023139095824698 57
1756349639039 0.2871118259170781 58
1756349639082 0.2648488075836845 59
1756349639125 0.2799184730519419 60
1756349639168 0.27232923067134357 61
1756349639210 0.27153542184311413 62
1756349639253 0.29036978211091913 63
1756349639296 0.25565514292406 64
1756349639339 0.2527238959851472 65
1756349639381 0.25449688408685767 66
1756349639424 0.25661243887051294 67
1756349639467 0.24086332709892935 68
1756349639510 0.25554293134938116 69
1756349639553 0.2721809161745984 70
1756349639595 0.2640078437069188 71
1756349639638 0.2543166195568831 72
1756349639681 0.24035374949807706 73
1756349639724 0.2320353609064351 74
1756349639767 0.23768757218899933 75
1756349639810 0.23058043096376502 76
1756349639854 0.22837921847467837 77
1756349639897 0.2335795572270518 78
1756349639940 0.23159576304580853 79
1756349639983 0.2214868178834086 80
1756349640027 0.218766494937565 81
1756349640070 0.23646580265915912 82
1756349640113 0.24526480293792227 83
1756349640157 0.21365426610345425 84
1756349640200 0.2172329445248065 85
1756349640244 0.22052726862223251 86
1756349640287 0.2055864807056344 87
1756349640331 0.22767085096110468 88
1756349640375 0.21374037926611694 89
1756349640418 0.22069302978722946 90
1756349640462 0.20057847253654315 91
1756349640505 0.21184307207231937 92
1756349640549 0.19609319386274918 93
1756349640592 0.19877051076163416 94
1756349640636 0.203585473091706 95
1756349640679 0.20558945899424347 96
1756349640723 0.1872318691533545 97
1756349640767 0.2234465434499409 98
1756349640810 0.21921513650728308 99
1756349794891 1.0211294578469319 1
1756349794954 1.0024332015410713 2
1756349795015 0.9575758913288945 3
1756349795076 0.8570351989372916 4
1756349795137 0.7336066339326941 5
1756349795198 0.6169366655142411 6
1756349795259 0.7211228544297426 7
1756349795320 0.5956061806367792 8
1756349795381 0.5309080377868984 9
1756349795442 0.5080158878927645 10
1756349795503 0.5188484800898511 11
1756349795564 0.5278536742148192 12
1756349795626 0.5035300837910693 13
1756349795687 0.4611342212428217 14
1756349795749 0.43673671458078467 15
1756349795810 0.4196160008078036 16
1756349795871 0.4407822787761688 17
1756349795932 0.417120354331058 18
1756349795993 0.41699408707411395 19
1756349796055 0.4649675086788509 20
1756349796117 0.4868109731570534 21
1756349796178 0.41957713339639746 22
1756349796240 0.4906577895516935 23
1756349796301 0.4073344974414162 24
1756349796363 0.45887717604637146 25
1756349796424 0.42684944038805755 26
1756349796485 0.41399752316267596 27
1756349796547 0.3818755214628966 28
1756349796609 0.39467590010684467 29
1756349796671 0.39556305434392847 30
1756349796732 0.40818186557811237 31
1756349796794 0.38589787353640015 32
1756349796856 0.47075557190438977 33
1756349796918 0.4124684256056081 34
1756349796980 0.37921818702117255 35
1756349797042 0.37440517933472345 36
1756349797104 0.33555680772532587 37
1756349797165 0.323136189709539 38
1756349797227 0.3309836199750071 39
1756349797289 0.35870690449424414 40
1756349797351 0.348269073859505 41
1756349797413 0.30564228607260663 42
1756349797475 0.30737115507540497 43
1756349797537 0.37002774295599566 44
1756349797600 0.3726690411567688 45
1756349797662 0.32741772091907 46
1756349797724 0.2958149106606193 47
1756349797786 0.32093059303967847 48
1756349797849 0.3155990476193635 49
1756349797911 0.29977715080199036 50
1756349797973 0.2998106965552206 51
1756349798036 0.2838364398997763 52
1756349798098 0.2686707228422165 53
1756349798160 0.2834202420452367 54
1756349798222 0.28965199382408807 55
1756349798285 0.27588263672331104 56
1756349798347 0.2780148885820223 57
1756349798410 0.26406873114731 58
1756349798472 0.28563585035178973 59
1756349798535 0.28173466674659564 60
1756349798597 0.25967518726120825 61
1756349798660 0.26672315986260126 62
1756349798722 0.3262406244226124 63
1756349798785 0.3030887660772904 64
1756349798848 0.29047048610189685 65
1756349907397 0.9659085455148116 1
1756349907471 0.9866314037986423 2
1756349907542 0.809664143168408 3
1756349907614 0.8049725993819858 4
1756349907686 0.6611804534559664 5
1756349907758 0.6003242536731388 6
1756349907829 0.5818561198918716 7
1756349907901 0.510108531817146 8
1756349907973 0.5030471254949984 9
1756349908045 0.47487394317336706 10
1756349908117 0.48677532828372455 11
1756349908189 0.4582286684409432 12
1756349908261 0.4292047101518382 13
1756349908332 0.46841525513192883 14
1756349908404 0.4797830050406249 15
1756349908476 0.42479568201562634 16
1756349908548 0.45608350245848944 17
1756349908621 0.4750234640162924 18
1756349908693 0.4273480669311855 19
1756349908765 0.4025050103664398 20
1756349908837 0.40599156333052594 21
1756349908910 0.3588325938452845 22
1756349908982 0.36543528541274695 23
1756349909055 0.39514623906301416 24
1756349909128 0.43340493285137677 25
1756349909200 0.39279429031455 26
1756349909273 0.37708620921425196 27
1756349909346 0.3316130897273188 28
1756349909419 0.35488061801246973 29
1756349909492 0.3175688683986664 30
1756349909564 0.32753371803656867 31
1756349909637 0.3376764538495437 32
1756349909710 0.3502494705759961 33
1756349909783 0.3377877162850421 34
1756349909856 0.32874595859776373 35
1756349909928 0.31247531978980353 36
1756349910001 0.33137321601743286 37
1756349910074 0.32820193339949066 38
1756349910147 0.3209577448990034 39
1756349910220 0.3044377876364667 40
1756349910292 0.3060354130423587 41
1756349910365 0.27403961705124896 42
1756349910438 0.30379377629445947 43
1756349910511 0.2972451448440552 44
1756349910584 0.28819761198499927 45
1756349910657 0.28616277549577795 46
1756349910731 0.2750442190014798 47
1756349910804 0.2819100573011067 48
1756349910877 0.284549166974814 49
1756349910950 0.30860447948393616 50
1756349911023 0.2686014570619749 51
1756349911096 0.24599109460478244 52
1756349911170 0.25840243243652844 53
1756349911244 0.23201076427231665 54
1756349911317 0.22130520771379056 55
1756349911390 0.25091249268987903 56
1756349911463 0.25712990501652594 57
1756349911537 0.2595231124888296 58
1756349911610 0.24951533908429352 59
1756349911683 0.258198293654815 60
1756349911757 0.26486079135666724 61
1756349911830 0.24684192823327106 62
1756349911903 0.23390136723933014 63
1756349911976 0.2241556650918463 64
1756349912050 0.21972153368203537 65
1756349912123 0.22707200179929318 66
1756349912197 0.2260356227988782 67
1756349912270 0.23176123720148337 68
1756349912344 0.21938229125478995 69
1756349912417 0.22728588917981024 70
1756349912491 0.21663387054982391 71
1756349912565 0.20502252811970917 72
1756349912639 0.21201877555121545 73
1756349912713 0.19797530575938846 74
1756349912787 0.21295730704846588 75
1756349912861 0.1987034075933954 76
1756349912935 0.20522521177063818 77
1756349913009 0.1749961803788724 78
1756349913083 0.18349003727021423 79
1756349913157 0.19354088669237884 80
1756349913471 0.1844289199165676 81
1756349913545 0.17076826775851456 82
1756349913619 0.1868256589640742 83
1756349913694 0.1775630200686662 84
1756349913768 0.16936971311983856 85
1756349913842 0.1809633309426515 86
1756349913916 0.17735590558985007 87
1756349913991 0.17241037345450858 88
1756349914065 0.18923099533371304 89
1756349914139 0.17780402497104977 90
1756349914214 0.17143858062184375 91
1756349914288 0.16964202665764352 92
1756349914362 0.1670363292745922 93
1756349914436 0.16901640205279642 94
1756349914511 0.16999112523120383 95
1756349914587 0.15801717664884485 96
1756349914662 0.15775983424290366 97
1756349914737 0.15939884600432022 98
1756349914812 0.16108678216519562 99
1756350112078 0.9562787413597107 1
1756350112176 0.8606259874675585 2
1756350112271 0.816607970258464 3
1756350112366 0.6842891522075819 4
1756350112462 0.667747094579365 5
1756350112557 0.5930651063504426 6
1756350112652 0.5284742855507395 7
1756350112747 0.5192412073197572 8
1756350112843 0.4718180739361307 9
1756350112939 0.5015898010005122 10
1756350113045 0.4579121185385663 11
1756350113141 0.42415053170660266 12
1756350113236 0.39850804468859796 13
1756350113333 0.42393500908561377 14
1756350113428 0.42929740314898285 15
1756350113524 0.38269297325092816 16
1756350113620 0.3366903727469237 17
1756350113716 0.3753417186115099 18
1756350113812 0.39875885325929394 19
1756350113909 0.36872996454653534 20
1756350114004 0.3388281607109567 21
1756350114100 0.3565188879552095 22
1756350114195 0.36642303285391437 23
1756350114292 0.34621342498323193 24
1756350114388 0.3162143580291582 25
1756350114484 0.29500747957955237 26
1756350114580 0.29726735210937 27
1756350114677 0.28921655338743457 28
1756350114775 0.27352561898853467 29
1756350114872 0.25414155682791834 30
1756350114968 0.2616531499054121 31
1756350115065 0.2590336397938106 32
1756350115162 0.30955716578856757 33
1756350115258 0.3049073854218359 34
1756350115355 0.31437821232754254 35
1756350115451 0.29104498417481134 36
1756350115547 0.2659862825404043 37
1756350115644 0.25806940832863684 38
1756350115740 0.24107437483642413 39
1756350115837 0.23516965949017068 40
1756350115933 0.22785461532033008 41
1756350116030 0.2388173581465431 42
1756350116126 0.2348835844060649 43
1756350116223 0.23453283439511838 44
1756350116320 0.2143482267856598 45
1756350116420 0.21942305305729742 46
1756350116518 0.24353413607763208 47
1756350116615 0.2747065386046534 48
1756350116711 0.24466323010299518 49
1756350116810 0.23679284038751022 50
1756350116907 0.21830306234567062 51
1756350117004 0.21953321215899094 52
1756350117100 0.20865224172239719 53
1756350117197 0.18607333756011465 54
1756350117293 0.21018194245255511 55
1756350117391 0.21518443524837494 56
1756350117487 0.2114151463560436 57
1756350117585 0.19598290129848148 58
1756350117682 0.19700306589188782 59
1756350117779 0.17995290976503622 60
1756350117876 0.21570281101309735 61
1756350117973 0.2114332447881284 62
1756350118070 0.20897532027700674 63
1756350118168 0.19357513603956802 64
1756350118266 0.1859370048927224 65
1756350118364 0.16878055424793906 66
1756350118462 0.18848660653052124 67
1756350118559 0.17545205872991812 68
1756350118656 0.1740972296051357 69
1756350118753 0.19367349018221316 70
1756350118850 0.19852233775283978 71
1756350118948 0.1984887693239295 72
1756350119045 0.17671624085177545 73
1756350119142 0.17319506406784058 74
1756350119239 0.16431358974912894 75
1756350119336 0.19341281542311545 76
1756350119434 0.18646729251612787 77
1756350119531 0.17435275925242383 78
1756350119629 0.16891192936378976 79
1756350119726 0.1606920355040094 80
1756350119823 0.16024769551080206 81
1756350251247 0.9627920285515164 1
1756350251358 0.856616180876027 2
1756350251468 0.7211381404296212 3
1756350251577 0.6674330053122147 4
1756350251687 0.6027561840803727 5
1756350251796 0.6715045208516328 6
1756350251905 0.5425499859063522 7
1756350252014 0.498227605353231 8
1756350252124 0.49544679988985474 9
1756350252233 0.4887236719546111 10
1756350252344 0.4501946516658949 11
1756350252454 0.43721292848172394 12
1756350252564 0.3849003237226735 13
1756350252673 0.3541838280532671 14
1756350252782 0.3616643353648808 15
1756350252891 0.34492358824481134 16
1756350253001 0.3453843502894692 17
1756350253111 0.3066966034795927 18
1756350253220 0.3326422209325044 19
1756350253330 0.3443680599979732 20
1756350253439 0.39466854541198065 21
1756350253550 0.3907653300658516 22
1756350253659 0.3741327614887901 23
1756350253768 0.31563181656858197 24
1756350253879 0.27618578659451526 25
1756350253989 0.26762936555820965 26
1756350254098 0.26304274862227234 27
1756350254208 0.26148631132167316 28
1756350254317 0.2692142964705177 29
1756350254427 0.25803770967151807 30
1756350254536 0.26117933703505475 31
1756350254646 0.2541095724572306 32
1756350254756 0.25178242507188214 33
1756350254866 0.25812548722909845 34
1756350254976 0.2562510902466981 35
1756350255335 0.27779072587904724 36
1756350255446 0.2606465907200523 37
1756350255556 0.2351742827374002 38
1756350255665 0.22968055696591086 39
1756350255775 0.23252537846565247 40
1756350255885 0.22793687944826874 41
1756350255995 0.21008939004462698 42
1756350256106 0.2030984253987022 43
1756350256216 0.20633527960466302 44
1756350256327 0.18021674065486246 45
1756350256436 0.1775095909833908 46
1756350256546 0.20518038454263107 47
1756350256657 0.2100347047266753 48
1756350256767 0.21087412536144257 49
1756350256876 0.21805602182512698 50
1756350256987 0.20860996453658395 51
1756350257098 0.20375092133231784 52
1756350257208 0.19517226387625156 53
1756350257318 0.2042365540628848 54
1756350257430 0.23441663773163504 55
1756350257540 0.18516644900259766 56
1756350257650 0.16850698123807492 57
1756350257759 0.21856851746206699 58
1756350257870 0.18835315043511597 59
1756350257981 0.18385714357313904 60
1756350258092 0.16152824753004572 61
1756350258202 0.15859508320041324 62
1756350258313 0.16361201457355334 63
1756350258424 0.1600961196033851 64
1756350258535 0.16256801006586655 65
1756350258646 0.15595425049895825 66
1756350258757 0.16195531772530597 67
1756350258868 0.15006203722694647 68
1756350258979 0.14329223917878192 69
1756350259090 0.1404167381317719 70
1756350259200 0.16623374398635782 71
1756350259312 0.14260815731857135 72
1756350259422 0.1695649345283923 73
1756350259534 0.15111302552015884 74
1756350259644 0.1702843859143879 75
1756350259755 0.1639897774742997 76
1756350259867 0.15785093281580054 77
1756350259977 0.14372530385203983 78
1756350260089 0.14043919839288876 79
1756350260200 0.134774934662425 80
1756350260311 0.13710442250189575 81
1756350260422 0.13564466393512228 82
1756350260532 0.1390010419747104 83
1756350260643 0.14011630642673242 84
1756350260755 0.12893777178681415 85
1756350260866 0.135747197529544 86
1756350260978 0.13580782905868863 87
1756350261090 0.1416521425480428 88
1756350261201 0.13998160025347833 89
1756350261313 0.14195656193339307 90
1756350261425 0.13701374504877173 91
1756350261536 0.12906157160582749 92
1756350261648 0.12778127549783044 93
1756350261760 0.12183452851098517 94
1756350261872 0.12412573461947234 95
1756350261983 0.12227133791083875 96
1756350262095 0.1123771537905154 97
1756350262206 0.12650777755872064 98
1756350262318 0.10711620262135631 99
1756350262430 0.11535021241592325 100
1756350262542 0.12317153195972028 101
1756350262653 0.11515804574541423 102
1756350262765 0.10802828747293224 103
1756350374470 0.9373788418977157 1
1756350374593 0.9476527856743854 2
1756350374715 0.8481337531753208 3
1756350374836 0.7209330797195435 4
1756350374956 0.6234721321126689 5
1756350375077 0.5906313528185305 6
1756350375198 0.5660177171230316 7
1756350375319 0.5004551851231119 8
1756350375692 0.50117002233215 9
1756350375813 0.4657021851643272 10
1756350375933 0.4391798726890398 11
1756350376054 0.44961552645849145 12
1756350376174 0.46394438458525616 13
1756350376294 0.4482501162135083 14
1756350376415 0.43915897866953973 15
1756350376535 0.4039052374984907 16
1756350376655 0.39836376905441284 17
1756350376775 0.3642152884732122 18
1756350376896 0.3619527091150698 19
1756350377017 0.3772946440655252 20
1756350377138 0.36795702965363214 21
1756350377260 0.33512869477272034 22
1756350377382 0.34669340952582983 23
1756350377504 0.3977812217629474 24
1756350377625 0.34797711346460425 25
1756350377746 0.33376542381618335 26
1756350377868 0.3053510072438613 27
1756350377989 0.3051658739214358 28
1756350378110 0.29667005590770557 29
1756350378232 0.2965516201827837 30
1756350378353 0.31954752103142114 31
1756350378475 0.29156263431777124 32
1756350378596 0.26220783850421076 33
1756350378718 0.258176797757978 34
1756350378840 0.2857051407513411 35
1756350378961 0.271792889289234 36
1756350379083 0.25066576638947363 37
1756350379205 0.26366588797258295 38
1756350379327 0.30627561522566754 39
1756350379449 0.28119057157765265 40
1756350379570 0.27204594080862793 41
1756350379692 0.3028688553882682 42
1756350379813 0.27227621557919873 43
1756350379935 0.24866616401983344 44
1756350380057 0.27363088467846747 45
1756350380180 0.23024484774340753 46
1756350380302 0.2756429612636566 47
1756350380424 0.24768690505753393 48
1756350380547 0.22809684147005496 49
1756350380669 0.25102318758549896 50
1756350380792 0.23382022912087647 51
1756350380914 0.21581241941970328 52
1756350381035 0.22085983856864597 53
1756350381157 0.23217404083065366 54
1756350381279 0.2306234791227009 55
1756350381401 0.22938583596892978 56
1756350381523 0.20543215844942175 57
1756350381645 0.21362760339094244 58
1756350381767 0.20847275270068127 59
1756350381889 0.20627791207769644 60
1756350382011 0.20538677210393158 61
1756350382133 0.18918050890383514 62
1756350382255 0.19730792097423389 63
1756350382377 0.20998449429221774 64
1756350382500 0.22649567477081134 65
1756350382623 0.2055581905271696 66
1756350382745 0.20851506746333578 67
1756350382867 0.18935438277928726 68
1756350382990 0.19786937470021454 69
1756350383112 0.18203735934651416 70
1756350383235 0.17760335168112878 71
1756350383357 0.18668886630431467 72
1756350383479 0.19668406118517337 73
1756350383601 0.20056699475516443 74
1756350383724 0.18355293248010718 75
1756350525154 0.9473127722740173 1
1756350525290 0.8430871782095536 2
1756350525424 0.8581437805424565 3
1756350525557 0.8914841776308806 4
1756350525690 0.7825835476750913 5
1756350525823 0.7077223477156266 6
1756350525957 0.672495327565981 7
1756350526090 0.6310551684835682 8
1756350526224 0.593247123386549 9
1756350526357 0.5811666509379512 10
1756350526491 0.5884403910325922 11
1756350526625 0.5514037868250972 12
1756350526758 0.48777860403060913 13
1756350526891 0.5021247682364091 14
1756350527024 0.4778773564359416 15
1756350527157 0.47541720970817236 16
1756350527291 0.47988666140514874 17
1756350527425 0.46839414213014685 18
1756350527560 0.4635367574899093 19
1756350527694 0.4365771166656328 20
1756350527828 0.40572535214216815 21
1756350527962 0.3965577807115472 22
1756350528096 0.41245821377505426 23
1756350528231 0.4045560074889142 24
1756350528365 0.44445788601170416 25
1756350528500 0.4043276258136915 26
1756350528633 0.39268616360166797 27
1756350528767 0.42680772750273993 28
1756350528902 0.42097854355107184 29
1756350529037 0.3676758991635364 30
1756350529171 0.3765326310759005 31
1756350529307 0.35535357827725617 32
1756350529441 0.3445321425147679 33
1756350529576 0.35557591461617016 34
1756350529710 0.4033299956632697 35
1756350529845 0.34921759885290393 36
1756350529980 0.3492756304533585 37
1756350530115 0.371036013831263 38
1756350530250 0.37979934915252356 39
1756350530385 0.3209992297317671 40
1756350530520 0.3234337179557137 41
1756350530904 0.29218864246555 42
1756350531040 0.3059832233449687 43
1756350531175 0.29268184304237366 44
1756350531310 0.30356611829736957 45
1756350531445 0.32504223999769793 46
1756350531581 0.2955296603233918 47
1756350531717 0.30080729528613714 48
1756350531853 0.3405935194181359 49
1756350531988 0.2845973974984625 50
1756350532124 0.2988414019346237 51
1756350532259 0.28007085362206335 52
1756350532393 0.27995184647000354 53
1756350532528 0.30304435867330304 54
1756350532664 0.3149381169806356 55
1756350532799 0.2895097939864449 56
1756350532937 0.26590915542581806 57
1756350533072 0.2734342295190562 58
1756350533208 0.27368189005748084 59
1756350677291 0.9803466071253237 1
1756350677441 0.8661068004110585 2
1756350677589 0.9197838487832443 3
1756350677736 0.7976301753002665 4
1756350677884 0.6684121489524841 5
1756350678031 0.7015274840852489 6
1756350678178 0.614729835935261 7
1756350678326 0.5616536244102146 8
1756350678473 0.6174424057421477 9
1756350678621 0.544589893973392 10
1756350678769 0.5372815533824589 11
1756350678917 0.5724794346353282 12
1756350679066 0.5645704891370691 13
1756350679213 0.5220645160778709 14
1756350679361 0.47680614305579144 15
1756350679508 0.4576358730378358 16
1756350679656 0.45449515270150226 17
1756350679805 0.4546317134214484 18
1756350679952 0.42200638418612274 19
1756350680353 0.4508268612882365 20
1756350680502 0.45579667065454565 21
1756350680650 0.4137275361496469 22
1756350680798 0.3902190159196439 23
1756350680948 0.40761686796727387 24
1756350681096 0.3792978110520736 25
1756350681244 0.3751171309015025 26
1756350681393 0.36565006556718244 27
1756350681542 0.38195818533068115 28
1756350681690 0.4001491950905841 29
1756350681838 0.38816542210786237 30
1756350681986 0.3800393718740214 31
1756350682135 0.37923443187838013 32
1756350682284 0.38125342908112897 33
1756350682432 0.3694456206715625 34
1756350682582 0.36384229685949243 35
1756350682730 0.35800060629844666 36
1756350682879 0.3548604198124098 37
1756350683028 0.35511511175528815 38
1756350683177 0.33478516469831054 39
1756350683326 0.3077934015056361 40
1756350683475 0.344676506260167 41
1756350683623 0.330219778029815 42
1756350683771 0.33441372410110803 43
1756350683920 0.29905056499916577 44
1756350684069 0.30758048334847327 45
1756350684382 0.3144350932992023 46
1756350684532 0.30895736943120544 47
1756350684681 0.2982075369876364 48
1756350684830 0.30605002978573675 49
1756350684979 0.3057588274064271 50
1756350685129 0.29083919006845227 51
1756350685277 0.28995391272980237 52
1756350685425 0.2766501722128495 53
1756350685574 0.2731251243663871 54
1756350685722 0.2671804790911467 55
1756350685871 0.27019398303135583 56
1756350686019 0.2767452312552411 57
1756350686167 0.25496679026147595 58
1756350686315 0.2498759167349857 59
1756350686464 0.2497515846853671 60
1756350686614 0.278240917817406 61
1756350686763 0.2732573300600052 62
1756350686913 0.27709993525691656 63
1756350687062 0.2549941079772037 64
1756350687215 0.24982723269773566 65
1756350687364 0.24988738868547522 66
1756350687515 0.25216502663881885 67
1756350687665 0.27047211126140924 68
1756350687814 0.2524426871019861 69
1756350687963 0.23826798926229062 70
1756350688112 0.26488602550133417 71
1756350688429 0.23581278064976569 72
1756350688579 0.23089229347913162 73
1756350688729 0.25087142962476483 74
1756350688879 0.2557785893264024 75
1756350689029 0.24659956926884857 76
1756350689179 0.24280059272828308 77
1756350689328 0.24754306479640628 78
1756350689479 0.24739398580530417 79
1756350689628 0.23942485127760016 80
1756350689778 0.23910753623298978 81
1756350689927 0.2155382302792176 82
1756350690077 0.2260296396587206 83
1756350690226 0.22800262725871542 84
1756350690375 0.21226725630138232 85
1756350690525 0.23026379813318668 86
1756350690674 0.23200394407562588 87
1756350690823 0.21928555421207263 88
1756350690973 0.22133430903372558 89
1756350691123 0.2459459635226623 90
1756350691273 0.22082415352696957 91
1756350691423 0.22780152637025583 92
1756350691573 0.2295683512221212 93
1756350691723 0.19654393455256586 94
1756350691874 0.19154340093550476 95
1756350692024 0.20263142754202304 96
1756350692174 0.20469517584728159 97
1756350692489 0.21039069735485574 98
1756350692641 0.19147015524947125 99
1756350692791 0.18746388800766156 100
1756350922120 1.0927776020506155 1
1756350922292 0.998219142789426 2
1756350922462 0.8370406679485155 3
1756350922631 0.6940647570983224 4
1756350922800 0.7610745093096858 5
1756350922969 0.7282067926033683 6
1756350923138 0.6658075438893359 7
1756350923307 0.6552101568035458 8
1756350923477 0.6323173681031102 9
1756350923645 0.619207747604536 10
1756350923814 0.6291331545166348 11
1756350923983 0.5870588862377665 12
1756350924154 0.661011419866396 13
1756350924587 0.5951695701350337 14
1756350924757 0.5626136142274608 15
1756350924935 0.5391765884731127 16
1756350925106 0.5081265853798907 17
1756350925277 0.52277080261189 18
1756350925447 0.5372435269148453 19
1756350925617 0.5105832556019658 20
1756350925789 0.492540145697801 21
1756350925958 0.49012155118195905 22
1756350926128 0.4951830946880838 23
1756350926298 0.518189145171124 24
1756350926470 0.4866369910862135 25
1756350926642 0.47248645709908527 26
1756350926811 0.49921131004457886 27
1756350926981 0.6481846687586411 28
1756350927154 0.5977185161217399 29
1756350927541 0.5468372650768446 30
1756350927711 0.518933636986691 31
1756350927882 0.5374730073887369 32
1756350928053 0.4839769044648046 33
1756350928223 0.47213786322137585 34
1756350928395 0.45290203716443933 35
1756350928565 0.46159031987190247 36
1756350928735 0.4532949652360833 37
1756350928905 0.4573898665283037 38
1756350929074 0.44549659024114197 39
1756350929244 0.4380360362322434 40
1756350929413 0.4228092159913934 41
1756350929582 0.4269518113654593 42
1756350929751 0.46940957074579986 43
1756350929920 0.43144925910493603 44
1756350930251 0.42420044670934265 45
1756350930421 0.41803257620852924 46
1756350930591 0.4005997556707133 47
1756350930761 0.3810297626516093 48
1756350930931 0.3834948487903761 49
1756350931101 0.4065741883671802 50
1756350931271 0.42125276378963306 51
1756350931442 0.4197155703669009 52
1756350931612 0.4397079063498456 53
1756350931783 0.44379201920136163 54
1756350931953 0.4220626665198285 55
1756350932124 0.4115529811900595 56
1756350932295 0.4006174828695214 57
1756350932465 0.37956425288449164 58
1756350932637 0.3863026447918104 59
1756350932807 0.3571435122386269 60
1756350933138 0.35488956777945807 61
1756350933308 0.32966716911481775 62
1756350933478 0.3217271229495173 63
1756350933649 0.3554444053898687 64
1756350933819 0.3161767980326777 65
1756350933990 0.3124512738507727 66
1756350934162 0.35757773078006244 67
1756350934332 0.3491873132145923 68
1756350934502 0.3339736668959908 69
1756350934671 0.2920771701180417 70
1756350934841 0.2841267721808475 71
1756350935013 0.28801046830156574 72
1756350935187 0.2853632154672042 73
1756350935358 0.28316972177961597 74
1756350935531 0.29815523196821625 75
1756350935884 0.2949698100919309 76
1756350936055 0.26954957713251526 77
1756350936226 0.2681073125289834 78
1756350936398 0.2765423843394155 79
1756350936570 0.26233951617842133 80
1756350936740 0.26578889657621796 81
1756350936912 0.28135189349236694 82
1756350937082 0.27312042985273444 83
1756350937254 0.26079768460729846 84
1756350937425 0.2640828697577767 85
1756350937596 0.35883935055007105 86
1756350937768 0.38591349643209705 87
1756350937939 0.34485557416211005 88
1756350938123 0.3554039830746858 89
1756350938294 0.3219592830409174 90
1756351164202 0.9781395093254421 1
1756351164392 1.0156418344248896 2
1756351164581 0.8427394965420598 3
1756351164768 0.8211621901263362 4
1756351164954 0.7558404881021251 5
1756351165142 0.6455983156743257 6
1756351165328 0.6479292900665946 7
1756351165516 0.6011425217856532 8
1756351165702 0.537875736537187 9
1756351165890 0.542549192905426 10
1756351166076 0.49841655985168787 11
1756351166524 0.5134191305741019 12
1756351166711 0.46367892622947693 13
1756351166899 0.4923945095228112 14
1756351167087 0.5248438106930774 15
1756351167274 0.45652502127315686 16
1756351167462 0.4352177925731825 17
1756351167650 0.4171134764733522 18
1756351167836 0.4567401383234107 19
1756351168024 0.44250776586325274 20
1756351168211 0.4171342862688977 21
1756351168399 0.4364264490811721 22
1756351168585 0.3918749106966931 23
1756351168772 0.377145960279133 24
1756351168960 0.3859003730442213 25
1756351169147 0.39819434933040454 26
1756351169334 0.42652269031690515 27
1756351169691 0.3865843000619308 28
1756351169879 0.38874816505805304 29
1756351170067 0.37648393926413165 30
1756351170255 0.41110933734023053 31
1756351170443 0.40720385701760003 32
1756351170631 0.3452745455762614 33
1756351170820 0.36061232245486713 34
1756351171008 0.35464590658312256 35
1756351171196 0.3475563513196033 36
1756351171384 0.36641680416853534 37
1756351171573 0.37051811814308167 38
1756351171760 0.3421077767144079 39
1756351171949 0.32602482645407965 40
1756351172137 0.31558668872584467 41
1756351172324 0.32722292775693146 42
1756351172704 0.32101129578507465 43
1756351172893 0.3120818254740342 44
1756351173082 0.2950891748718593 45
1756351173269 0.2944190366112668 46
1756351173458 0.30241190156211023 47
1756351173645 0.292995005198147 48
1756351173832 0.26861627659072046 49
1756351174018 0.26050316574780835 50
1756351174205 0.27446448932523315 51
1756351174393 0.2636075602925342 52
1756351174581 0.2690588028534599 53
1756351174770 0.2800168919822444 54
1756351174958 0.2686133799345597 55
1756351175146 0.2629400310309037 56
1756351175334 0.2896656834560892 57
1756351175522 0.2711556864821393 58
1756351175890 0.2724550107251043 59
1756351176078 0.25328331537868665 60
1756351176267 0.26403384428957233 61
1756351176455 0.25083735973938653 62
1756351176642 0.2519248931304268 63
1756351176829 0.25984121988648956 64
1756351177016 0.24103738691495813 65
1756351177203 0.24879590389521225 66
1756351177390 0.26642719429472217 67
1756351177578 0.24936562776565552 68
1756351177766 0.23305266706839853 69
1756351177954 0.23248017222984976 70
1756351178142 0.23818568885326385 71
1756351178332 0.24254297497479813 72
1756351178521 0.22885924772075986 73
1756351178709 0.2423013818004857 74
1756351179066 0.21445780215056046 75
1756351179255 0.22331870897956516 76
1756351179444 0.22226483018501944 77
1756351179633 0.22360099268996197 78
1756351179823 0.21704156761584076 79
1756351180012 0.22795279647993005 80
1756351180201 0.21065199634303217 81
1756351180391 0.2101058551798696 82
1756351180581 0.2202024414487507 83
1756351180770 0.2173543676086094 84
1756351180959 0.20370601571124533 85
1756351181148 0.21375658460285352 86
1756351181338 0.2040960017753684 87
1756351181528 0.20338180596413818 88
1756351181717 0.21205395719279413 89
1756351182082 0.19758006671200629 90
1756351182271 0.19774693898532703 91
1756351182461 0.18603250773056693 92
1756351182650 0.19389939049015875 93
1756351182840 0.19791740243849548 94
1756351346369 0.9540003201235896 1
1756351346572 0.9725192863008251 2
1756351346772 1.0119267572527346 3
1756351346972 0.8266008833180303 4
1756351347173 0.7730698404104813 5
1756351347374 0.6870630124340886 6
1756351347574 0.6469330761743628 7
1756351347774 0.5993056880391162 8
1756351347974 0.5309914907683497 9
1756351348174 0.5810161751249562 10
1756351348374 0.5650891272918038 11
1756351348576 0.513969889153605 12
1756351348778 0.47957429419393127 13
1756351348979 0.47522136309872504 14
1756351349180 0.4572032962156379 15
1756351349640 0.47196724103844684 16
1756351349842 0.46352170342984406 17
1756351350041 0.4712242963521377 18
1756351350241 0.4522744248742643 19
1756351350441 0.4263833333616671 20
1756351350641 0.4331270547016807 21
1756351350841 0.4508705152117688 22
1756351351042 0.4300217434116032 23
1756351351242 0.43284854422444885 24
1756351351442 0.423290051843809 25
1756351351644 0.38710561783417413 26
1756351351844 0.3874915695708731 27
1756351352045 0.42004935637764307 28
1756351352246 0.4230236942353456 29
1756351352445 0.40063485632772033 30
1756351352645 0.39038450432860333 31
1756351353012 0.3759948650132055 32
1756351353212 0.36504679399987927 33
1756351353411 0.3873681814774223 34
1756351353612 0.4060370507447616 35
1756351353812 0.3681903792464215 36
1756351354012 0.3763314822445745 37
1756351354214 0.3781433921793233 38
1756351354414 0.38655421008234436 39
1756351354615 0.3772288910720659 40
1756351354816 0.36238064843675366 41
1756351355018 0.36432032870209735 42
1756351355219 0.340447002131006 43
1756351355418 0.4285945386990257 44
1756351355620 0.40076801310414856 45
1756351355821 0.37870036778242694 46
1756351356187 0.3479121236697487 47
1756351356389 0.33992181523986487 48
1756351356590 0.3247420554575713 49
1756351356792 0.3441226028877756 50
1756351356993 0.36056812431501306 51
1756351357194 0.3094871419927348 52
1756351357396 0.31270228779834247 53
1756351357599 0.3063986469870028 54
1756351357800 0.28571945687998895 55
1756351358002 0.29654064774513245 56
1756351358202 0.2704411887604257 57
1756351358404 0.2731133064498072 58
1756351358605 0.2736333239337672 59
1756351358807 0.27286369969015534 60
1756351359011 0.2857914877974469 61
1756351359213 0.30239265444486035 62
1756351359581 0.2878562270299248 63
1756351359783 0.2705677799556566 64
1756351359985 0.2823505732028381 65
1756351360187 0.2764554827109627 66
1756351360389 0.2584313154220581 67
1756351360591 0.27055459307587665 68
1756351360792 0.2965761280578116 69
1756351360994 0.2858584892490636 70
1756351361196 0.25622131448724994 71
1756351361398 0.2556379664203395 72
1756351361600 0.26105961203575134 73
1756351361802 0.25261741876602173 74
1756351362005 0.25675447155600006 75
1756351362205 0.24883092291977094 76
1756351362407 0.25545329892117047 77
1756351362773 0.25328589457532635 78
1756351362975 0.26575172206629877 79
1756351363177 0.24587444896283356 80
1756351363382 0.24101196229457855 81
1756351363584 0.2571070803248364 82
1756351363787 0.23618605408979498 83
1756351363989 0.24261481671229654 84
1756351364192 0.2280844922946847 85
1756351543751 0.9492447428081346 1
1756351543967 0.9303656116775845 2
1756351544181 0.903846694075543 3
1756351544392 0.760037759075994 4
1756351544604 0.6206850085569464 5
1756351544816 0.6263779505439426 6
1756351545029 0.5561723683191382 7
1756351545242 0.5716075819471608 8
1756351545457 0.5450156486552694 9
1756351545672 0.5322572873986285 10
1756351545884 0.5157333871592646 11
1756351546098 0.5077363304469896 12
1756351546311 0.4888319230597952 13
1756351546790 0.5449379954649054 14
1756351547004 0.5005945744721786 15
1756351547217 0.5254323119702546 16
1756351547429 0.5035841944425002 17
1756351547642 0.4912589114645253 18
1756351547854 0.44600972533226013 19
1756351548067 0.4724478682746058 20
1756351548279 0.46230144604392676 21
1756351548492 0.47623075739197107 22
1756351548705 0.4597443951212842 23
1756351548918 0.4154765152412912 24
1756351549132 0.41893127949341485 25
1756351549346 0.408657466587813 26
1756351549560 0.4079561648161515 27
1756351549773 0.38437362080035004 28
1756351549986 0.3837679261746614 29
1756351550377 0.3966872134934301 30
1756351550589 0.4088867799095485 31
1756351550802 0.3753240238065305 32
1756351551015 0.35021190021349036 33
1756351551228 0.3823031809019006 34
1756351551441 0.4018448137718698 35
1756351551654 0.338980565900388 36
1756351551867 0.31702698378459265 37
1756351552081 0.33220682195995166 38
1756351552295 0.32691772346911224 39
1756351552510 0.3276090680257134 40
1756351552724 0.35341814160346985 41
1756351552937 0.36485885537188983 42
1756351553150 0.34763596757598547 43
1756351553364 0.34785040953884955 44
1756351553752 0.3404644455598748 45
1756351553965 0.3332402732061303 46
1756351554181 0.3093288566755212 47
1756351554397 0.30892195131467737 48
1756351554610 0.31829431782598083 49
1756351554824 0.31630759135536524 50
1756351555038 0.3137712089911751 51
1756351555253 0.3434635763582976 52
1756351555468 0.3015752505996953 53
1756351555682 0.2859890085199605 54
1756351555899 0.28806965700958087 55
1756351556114 0.2886145471230797 56
1756351556329 0.2921579421862312 57
1756351556544 0.2693621082150418 58
1756351556758 0.28949879109859467 59
1756351556974 0.29053094335224317 60
1756351557363 0.2868844639995824 61
1756351557576 0.2689111116139785 62
1756351557790 0.25543539679568744 63
1756351558004 0.26185845486495807 64
1756351558218 0.27634136702703394 65
1756351558432 0.26538278875143634 66
1756351558646 0.24948263751423877 67
1756351558861 0.25915861842424975 68
1756351559075 0.2552552009406297 69
1756351559288 0.25758432564528094 70
1756351559503 0.2642950169418169 71
1756351559717 0.2522031885126363 72
1756351559932 0.23340668626453565 73
1756351560146 0.24100731637166894 74
1756351560360 0.22375687114570453 75
1756351560574 0.24378964110561038 76
1756351560962 0.24194486439228058 77
1756351561177 0.24606752784355826 78
1756351561391 0.22966670471688974 79
1756351561607 0.2214476045059121 80
1756351561821 0.22650899187378262 81
1756351562036 0.21644035176090573 82
1756351562250 0.22914205102816873 83
1756351562464 0.25196678677330847 84
1756351562679 0.22348363503165866 85
1756351562893 0.23983436628528262 86
1756351563106 0.24141594573207523 87
1756351563322 0.21717955625575522 88
1756351563536 0.2243856580361076 89
1756351563751 0.22797691757264343 90
1756351563966 0.23963303669639255 91
1756351564353 0.21087164982505466 92
1756351564567 0.21082446691782578 93
1756351564783 0.20590257255927377 94
1756351564998 0.20864723428435947 95
1756351565214 0.20982943345671115 96
1756351565428 0.20668385987696442 97
1756351565642 0.23014513241208118 98
1756351565856 0.1918350056461666 99
1756351566070 0.18677887709244437 100
1756351566285 0.19901401517183884 101
1756351566503 0.1906719181848609 102
1756351566719 0.2022311473670213 103
1756351566936 0.18348348399867181 104
1756351567151 0.18105750045050745 105
1756351567367 0.19475094261376755 106
1756351567583 0.19696264228095178 107
1756351567971 0.18194061712078427 108
1756351568187 0.17661174095195273 109
1756351568404 0.18613556999227274 110
1756351568620 0.1886156473470771 111
1756351568836 0.18148731991000797 112
1756351569052 0.18168787010337994 113
1756351569268 0.18110329949337503 114
1756351569484 0.17911899996840436 115
1756351569700 0.1854188432512076 116
1756351728994 0.9577183153318323 1
1756351729224 0.7934558572976486 2
1756351729450 0.9378351361855216 3
1756351729677 0.7609743449998938 4
1756351730163 0.6381958774898363 5
1756351730391 0.6473874216494353 6
1756351730618 0.6494727601175723 7
1756351730845 0.6046467656674592 8
1756351731072 0.5841746187728384 9
1756351731300 0.5842678715353427 10
1756351731529 0.5537709775178329 11
1756351731758 0.5831203357033108 12
1756351731984 0.5156001798484636 13
1756351732210 0.49314323845116986 14
1756351732436 0.47841099811636884 15
1756351732663 0.4549670802510303 16
1756351732891 0.45001121966735175 17
1756351733117 0.4653805727544038 18
1756351733344 0.45402482799861743 19
1756351733570 0.43299323190813477 20
1756351733972 0.4293463178302931 21
1756351734199 0.4770142604475436 22
1756351734427 0.46841573326484015 23
1756351734654 0.4842107464437899 24
1756351734882 0.4427626081134962 25
1756351735107 0.387204577093539 26
1756351735335 0.42330384384030884 27
1756351735562 0.382533530826154 28
1756351735789 0.38749100462250086 29
1756351736017 0.36593349342760834 30
1756351736243 0.36135309286739514 31
1756351736470 0.35035978840745013 32
1756351736699 0.3552949739539105 33
1756351736927 0.3755084677882817 34
1756351737154 0.38053793622099835 35
1756351737564 0.3245927691459656 36
1756351737793 0.3303123945775239 37
1756351738022 0.3213396772094395 38
1756351738251 0.3158221782549568 39
1756351738478 0.3249122979848281 40
1756351738707 0.33017337451810425 41
1756351738934 0.3465556683747665 42
1756351739162 0.3680734388206316 43
1756351739390 0.3158926821273306 44
1756351739619 0.33941497621328937 45
1756351739846 0.3525796584461046 46
1756351740074 0.3174415710179702 47
1756351740302 0.2974269428978796 48
1756351740531 0.32326737434967706 49
1756351740759 0.34489645128664764 50
1756351740986 0.36398556051046954 51
1756351741400 0.3118533226458923 52
1756351741629 0.3319011913693469 53
1756351741861 0.3179737076811168 54
1756351742091 0.29532531098179193 55
1756351742320 0.31691094779449963 56
1756351742548 0.2850768358811088 57
1756351742776 0.31479140597841015 58
1756351743003 0.29384841672752215 59
1756351743231 0.29436367037503613 60
1756351743459 0.2787020076876101 61
1756351743686 0.2675469362217447 62
1756351743918 0.2819867535777714 63
1756351744146 0.32588697192461596 64
1756351744376 0.31807420694309735 65
1756351744605 0.32068267982939014 66
1756351745012 0.30827277380487195 67
1756351745240 0.2786623958660209 68
1756351745468 0.3146435041790423 69
1756351745697 0.2946843491948169 70
1756351745925 0.272298131947932 71
1756351746153 0.25149170471274335 72
1756351746382 0.2572037344393523 73
1756351746611 0.2613705804814463 74
1756351746840 0.25406513525092084 75
1756351747069 0.30619101031966833 76
1756351747297 0.2592751675325891 77
1756351747526 0.24471281274505283 78
1756351747756 0.24317388949186905 79
1756351747985 0.22998849658862405 80
1756351748214 0.2733803657085999 81
1756351748444 0.24101203356100165 82
1756351748848 0.24022664324097012 83
1756351749079 0.23402199213919433 84
1756351749309 0.2199261415263881 85
1756351749540 0.23895060044267905 86
1756351749769 0.23560188645901886 87
1756351749998 0.24621292041695636 88
1756351750228 0.2269991739936497 89
1756351750459 0.22671007980471072 90
1756351750689 0.22861862830493762 91
1756351750918 0.2240840248439623 92
1756351751146 0.22238911105238873 93
1756351751375 0.20576974425626837 94
1756351751605 0.217304655391237 95
1756351751834 0.21141871745171753 96
1756351752065 0.2121080341546432 97
1756351752297 0.22781690501648447 98
1756351752707 0.20100243648757105 99
1756351752939 0.20044230054254117 100
1756351948688 0.9553270702776702 1
1756351948932 0.8896273452302684 2
1756351949172 0.8710907464442046 3
1756351949411 0.769510409106379 4
1756351949650 0.7290075110352557 5
1756351949890 0.6628072391385618 6
1756351950131 0.5866589222265326 7
1756351950630 0.5839468137077664 8
1756351950871 0.5560698768366938 9
1756351951112 0.5378627906674924 10
1756351951355 0.5540764590968257 11
1756351951596 0.54224693775177 12
1756351951837 0.543566618276679 13
1756351952078 0.48732307423716004 14
1756351952320 0.48566710819368775 15
1756351952561 0.5557566311048425 16
1756351952989 0.4707334780174753 17
1756351953231 0.44765256280484406 18
1756351953475 0.4591244122256403 19
1756351953714 0.49241929598476575 20
1756351953955 0.48314471089321637 21
1756351954195 0.4613095327563908 22
1756351954435 0.48473706452742865 23
1756351954677 0.4458778902240422 24
1756351954918 0.4064138609430064 25
1756351955160 0.39920407663220947 26
1756351955574 0.3760722979255345 27
1756351955815 0.42542324377142865 28
1756351956055 0.4171500672464785 29
1756351956296 0.4030940416066543 30
1756351956538 0.3807684520016546 31
1756351956781 0.35406590285508527 32
1756351957023 0.3800384052421736 33
1756351957264 0.34219829867715423 34
1756351957505 0.34818094061768573 35
1756351957745 0.36638473946115246 36
1756351958150 0.3948791312134784 37
1756351958391 0.35340007232583087 38
1756351958633 0.33569948828738666 39
1756351958877 0.3424868000590283 40
1756351959120 0.37291411407615827 41
1756351959362 0.37862792092820874 42
1756351959604 0.3643866181373596 43
1756351959846 0.3512474026369012 44
1756351960088 0.32675499177497364 45
1756351960330 0.34487648891366046 46
1756351960744 0.373963695505391 47
1756351960986 0.4151447635629903 48
1756351961229 0.4274296021979788 49
1756351961471 0.373209218616071 50
1756351961714 0.3542896275934966 51
1756351961956 0.3371922438559325 52
1756351962199 0.3500354562116706 53
1756351962441 0.3336495640485183 54
1756351962682 0.30573824825494184 55
1756351963090 0.3251813170702561 56
1756351963335 0.2994484260030415 57
1756351963577 0.28270603651585785 58
1756351963819 0.2951392349989518 59
1756351964062 0.2900667857864629 60
1756351964303 0.3034155608519264 61
1756351964545 0.27823621682498767 62
1756351964788 0.28527345670306165 63
1756351965030 0.27457588068816974 64
1756352114091 0.9377016995264136 1
1756352114344 0.9209915866022524 2
1756352114596 0.8657249575075896 3
1756352114847 0.804723876973857 4
1756352115099 0.6761569665825885 5
1756352115351 0.6320970887723176 6
1756352115601 0.5972664421019347 7
1756352115851 0.575850125240243 8
1756352116102 0.5405336164909861 9
1756352116630 0.5187386403913083 10
1756352116882 0.5084071237107982 11
1756352117134 0.4653478938600291 12
1756352117387 0.5069219314533732 13
1756352117638 0.46407610437144403 14
1756352117891 0.4425224856190059 15
1756352118143 0.4225451972173608 16
1756352118396 0.43050718307495117 17
1756352118649 0.40009694125341333 18
1756352119072 0.38802754749422486 19
1756352119323 0.3956420071746992 20
1756352119576 0.39275634159212525 21
1756352119828 0.42661136907079944 22
1756352120080 0.3843858812166297 23
1756352120332 0.37572538334390393 24
1756352120585 0.39922395996425464 25
1756352120837 0.39135827059331146 26
1756352121089 0.4255004188288813 27
1756352121514 0.41257083545560425 28
1756352121766 0.3743731845980105 29
1756352122019 0.3732355535030365 30
1756352122271 0.3690761379573656 31
1756352122523 0.40614913857501483 32
1756352122776 0.355244306118592 33
1756352123029 0.3746007045973902 34
1756352123282 0.3583176123059314 35
1756352123534 0.33775455277899036 36
1756352123952 0.35412767659062927 37
1756352124204 0.3794137874375219 38
1756352124457 0.33711480964785034 39
1756352124709 0.3632416634455971 40
1756352124961 0.31217439472675323 41
1756352125215 0.339731281866198 42
1756352125469 0.33455208721368207 43
1756352125721 0.3348835032919179 44
1756352125974 0.3152182393747827 45
1756352126389 0.2889963239431381 46
1756352126641 0.28875575506168866 47
1756352126895 0.28532590036806854 48
1756352127148 0.27978154433810193 49
1756352127402 0.29145379688428796 50
1756352127655 0.28509692459002783 51
1756352127908 0.2574227381011714 52
1756352128162 0.2803549015003702 53
1756352128594 0.27149186250956164 54
1756352128848 0.26805473604927893 55
1756352129103 0.28998423594495526 56
1756352129356 0.2912212746298831 57
1756352129610 0.25778927232908166 58
1756352129864 0.28677100591037585 59
1756352130118 0.2670637932808503 60
1756352130372 0.2548923136099525 61
1756352130625 0.2553216419790102 62
1756352131061 0.23628201108911764 63
1756352131316 0.23889850015225617 64
1756352131569 0.2528443673382635 65
1756352131823 0.23900844091954437 66
1756352132077 0.252107806827711 67
1756352132330 0.23203522679598435 68
1756352132584 0.23659731058970743 69
1756352132837 0.2212470154399457 70
1756352133089 0.24344218295553458 71
1756352133507 0.2265169050382531 72
1756352133759 0.2235957779314207 73
1756352134013 0.2362805442965549 74
1756352134265 0.23296926980433258 75
1756352336145 0.9921298415764518 1
1756352336670 0.9691953322161799 2
1756352336933 0.8549982620322186 3
1756352337197 0.8113572986229606 4
1756352337462 0.7639933643133744 5
1756352337726 0.664069740668587 6
1756352337990 0.6722292900085449 7
1756352338255 0.6034723429576211 8
1756352338518 0.6163425056830697 9
1756352338782 0.6126305460929871 10
1756352339219 0.5944087038869443 11
1756352339484 0.5055744712767394 12
1756352339748 0.5412483889123668 13
1756352340012 0.5045132300128108 14
1756352340278 0.5309752549814142 15
1756352340542 0.5200463675934336 16
1756352340806 0.4866353934225829 17
1756352341071 0.4607350748518239 18
1756352341510 0.4540437576563462 19
1756352341773 0.437658930602281 20
1756352342038 0.4365537322085837 21
1756352342301 0.43459637009579205 22
1756352342567 0.41255386756814044 23
1756352342831 0.39457750709160516 24
1756352343097 0.3880460145680801 25
1756352343361 0.41945626813432446 26
1756352343625 0.4048883331858594 27
1756352344064 0.37217243987581006 28
1756352344328 0.36058182431303937 29
1756352344596 0.3494051798530247 30
1756352344861 0.33675725693288056 31
1756352345127 0.34007223403972126 32
1756352345392 0.35439937529356585 33
1756352345658 0.353302371242772 34
1756352345922 0.34246681047522504 35
1756352346187 0.34891490055167157 36
1756352346650 0.3570864446785139 37
1756352346917 0.3322299770686937 38
1756352347182 0.36004197079202405 39
1756352347448 0.35582297003787494 40
1756352347713 0.33174235017403314 41
1756352347978 0.3409385201723679 42
1756352348245 0.30784637513368024 43
1756352348510 0.3181571208912393 44
1756352348775 0.343053523613059 45
1756352349229 0.31858608839304553 46
1756352349495 0.31038716435432434 47
1756352349761 0.30530891794225445 48
1756352350027 0.3050270352674567 49
1756352350293 0.33254885803098266 50
1756352350559 0.34395888253398565 51
1756352350826 0.3042887915735659 52
1756352351094 0.2962537362523701 53
1756352351550 0.297057348748912 54
1756352351819 0.2980228170104649 55
1756352352086 0.2982665954724602 56
1756352352353 0.2639563167872636 57
1756352352619 0.27279990457970166 58
1756352352885 0.2871835348398789 59
1756352353154 0.310281370644984 60
1756352353420 0.2987788552823274 61
1756352353685 0.2837790581195251 62
1756352354132 0.2853674726641696 63
1756352354398 0.2824897766113281 64
1756352354662 0.2597949699215267 65
1756352354928 0.26109373375125555 66
1756352355193 0.2428585303866345 67
1756352355460 0.2355641262686771 68
1756352355727 0.23015884342400925 69
1756352355992 0.2470527654108794 70
1756352356259 0.2465489914883738 71
1756352356697 0.2365360272967297 72
1756352356966 0.24199913312559543 73
1756352357231 0.2371029056932615 74
1756352357497 0.2422655840282855 75
1756352357763 0.22953899528669275 76
1756352358028 0.21595116607520892 77
1756352358294 0.22742473431255505 78
1756352358558 0.21248687220656354 79
1756352358824 0.2220900596483894 80
1756352560724 0.9642302730809087 1
1756352561004 0.8977117434791897 2
1756352561282 0.8280516862869263 3
1756352561560 0.8226232891497405 4
1756352561838 0.7247422907663428 5
1756352562115 0.6410799078319384 6
1756352562654 0.5875618120898372 7
1756352562934 0.6806489566098088 8
1756352563212 0.5986881087655607 9
1756352563490 0.5655031424501668 10
1756352563769 0.5506159909393477 11
1756352564047 0.5397187613922617 12
1756352564325 0.5482893884181976 13
1756352564773 0.4774411113365837 14
1756352565055 0.44375240673189575 15
1756352565335 0.47215173296306445 16
1756352565614 0.45247010174004926 17
1756352565892 0.47028884291648865 18
1756352566172 0.5028180285640385 19
1756352566451 0.4084171432515849 20
1756352566730 0.41677621784417523 21
1756352567208 0.38432109096775885 22
1756352567485 0.3865270964477373 23
1756352567763 0.413997708455376 24
1756352568040 0.47192717505537946 25
1756352568318 0.44577485711678216 26
1756352568596 0.4003312004649121 27
1756352568874 0.3674276419307875 28
1756352569153 0.36624490178149677 29
1756352569619 0.3394507169723511 30
1756352569898 0.351078485665114 31
1756352570177 0.3826678589634273 32
1756352570455 0.35852829010590265 33
1756352570733 0.3778788576955381 34
1756352571016 0.3360339221747025 35
1756352571296 0.38208844221156574 36
1756352571574 0.3745013060777084 37
1756352572039 0.33980355573737103 38
1756352572316 0.3238264309323352 39
1756352572594 0.37987064537794696 40
1756352572872 0.3730784991513128 41
1756352573151 0.39118628268656525 42
1756352573428 0.40856991513915686 43
1756352573707 0.38895615417024365 44
1756352573984 0.3671330615230229 45
1756352574435 0.34012732881566754 46
1756352574715 0.32864161418831866 47
1756352574994 0.31846874434015027 48
1756352575273 0.31554255796515424 49
1756352575552 0.31586874632731726 50
1756352575831 0.3151255340679832 51
1756352576111 0.29825448795505194 52
1756352576392 0.30956486126650934 53
1756352576863 0.308069096311279 54
1756352577142 0.2852947174207024 55
1756352577421 0.29274169776750647 56
1756352577701 0.2830724619005037 57
1756352577981 0.2886859936558682 58
1756352578262 0.27690289396306744 59
1756352578541 0.27871551526629407 60
1756352579009 0.2843036930198255 61
1756352579288 0.29326938481434534 62
1756352579570 0.2738235787205074 63
1756352579849 0.25574834450431494 64
1756352580129 0.2630249261856079 65
1756352580410 0.2517142030208007 66
1756352580690 0.260939078486484 67
1756352580968 0.26929236883702484 68
1756352581247 0.26280949038007984 69
1756352581709 0.25569680268349854 70
1756352581990 0.2754373744778011 71
1756352582270 0.26164639125699585 72
1756352582550 0.24103909730911255 73
1756352582830 0.24132673507151398 74
1756352583109 0.2392750524956247 75
1756352583388 0.2442377805709839 76
1756352583845 0.2504697351352028 77
1756352584126 0.2624395645183066 78
1756352584407 0.24829680245855582 79
1756352584687 0.23836828573890353 80
1756352584967 0.23963209597960763 81
1756352585248 0.2723524298356927 82
1756352585529 0.22221054784629657 83
1756352585810 0.22670839726924896 84
1756352586264 0.23726876533549765 85
1756352586545 0.21821452094160992 86
1756352586827 0.2165112994287325 87
1756352587107 0.2090427480314089 88
1756352587390 0.22021048224490622 89
1756352587671 0.20106266244598056 90
1756352587952 0.21002565194731174 91
1756352588233 0.22192594862502554 92
1756352588682 0.21252481768960538 93
1756352588964 0.2138034856837729 94
1756352589246 0.20626256129016046 95
1756352589529 0.21420225112334543 96
1756352589811 0.1838956637227017 97
1756352590092 0.20324709881906924 98
1756352590376 0.2213959110819775 99
1756352590657 0.20612621242585388 100
1756352591122 0.18423556504042252 101
1756352591404 0.20132127533788266 102
1756352840927 1.0422949998275093 1
1756352841225 0.9999564004981 2
1756352841522 0.9668433821719625 3
1756352842088 0.8392050395841184 4
1756352842379 0.670243641604548 5
1756352842674 0.6306508999803792 6
1756352842967 0.6172735095024109 7
1756352843260 0.5650542508000913 8
1756352843554 0.5960204018198926 9
1756352843846 0.522031228179517 10
1756352844138 0.5434764779132345 11
1756352844431 0.5066105101419531 12
1756352844724 0.4364694240300552 13
1756352845197 0.5200777131578197 14
1756352845492 0.5029618545718815 15
1756352845789 0.4772783427134804 16
1756352846084 0.49233606716860895 17
1756352846379 0.5002076522163723 18
1756352846675 0.4573781451453333 19
1756352847147 0.4309603066548057 20
1756352847442 0.4403246291305708 21
1756352847737 0.44241646320923517 22
1756352848031 0.43694958090782166 23
1756352848324 0.43985803101373755 24
1756352848616 0.4116222016189409 25
1756352848909 0.4133229164973549 26
1756352849204 0.39880458945813385 27
1756352849496 0.3540412705877553 28
1756352849789 0.35256439706553583 29
1756352850082 0.3724772437759068 30
1756352850378 0.438103049993515 31
1756352850672 0.4551996757154879 32
1756352851142 0.3984310562195985 33
1756352851437 0.36585457169491314 34
1756352851731 0.38228355672048486 35
1756352852027 0.36925696290057636 36
1756352852324 0.3582623251106428 37
1756352852619 0.36421743164891784 38
1756352853094 0.3421163092488828 39
1756352853390 0.32925444128720655 40
1756352853685 0.34349694200184033 41
1756352853980 0.3776691238517347 42
1756352854275 0.33663204312324524 43
1756352854569 0.33046869674454565 44
1756352855040 0.33270658876584924 45
1756352855335 0.3583736328975014 46
1756352855631 0.34489679077397223 47
1756352855927 0.3519808494526407 48
1756352856222 0.3245743370574454 49
1756352856690 0.29663561219754425 50
1756352856984 0.29048509895801544 51
1756352857277 0.29177359977494116 52
1756352857570 0.2996129769345988 53
1756352857864 0.2575378268957138 54
1756352858158 0.31213468313217163 55
1756352858453 0.2901854553948278 56
1756352858745 0.2656452565089516 57
1756352859039 0.27188241611356323 58
1756352859333 0.31596076294131903 59
1756352859626 0.28636383492013684 60
1756352859920 0.2775303689034089 61
1756352860215 0.27115148111529974 62
1756352860686 0.34453365465869074 63
1756352860981 0.2744073194006215 64
1756352861274 0.2658327597638835 65
1756352861570 0.30550288959689764 66
1756352861865 0.2854408770799637 67
1756352862160 0.3458774420230285 68
1756352862628 0.2946838166402734 69
1756352862924 0.2701401146857635 70
1756352863221 0.2425033100273298 71
1756352863516 0.23825773402400638 72
1756352863809 0.26382669871268066 73
1756352864104 0.26130002801832947 74
1756352864398 0.26638786106005957 75
1756352864692 0.24745414632817972 76
1756352864986 0.25322076419125433 77
1756352865280 0.2585728686788808 78
1756352865574 0.24517090812973355 79
1756352866046 0.23628251384133878 80
1756352866343 0.23125999971576358 81
1756352866640 0.22305149293464163 82
1756352866937 0.2555335189985192 83
1756352867233 0.2560165537440259 84
1756352867703 0.23150054527365643 85
1756352867999 0.22435194059558536 86
1756352868292 0.21692733920138815 87
1756352868586 0.21565344994482788 88
1756352868881 0.22113484727299731 89
1756352869175 0.21034310434175574 90
1756352869468 0.2147773186797681 91
1756352869764 0.20790325753066852 92
1756352870059 0.21414132286673007 93
1756352870354 0.22254237921341605 94
1756352870648 0.20467771589756012 95
1756352871115 0.20511737141920172 96
1756352871412 0.20499073357685751 97
1756352871707 0.19823174372963284 98
1756352872004 0.20591265027937683 99
1756352872304 0.20613471127074698 100
1756352872771 0.21187037747839224 101
1756352873068 0.2016850172177605 102
1756353080272 0.9296242413313492 1
1756353080585 0.9738082833912062 2
1756353080894 0.9933190190273783 3
1756353081204 0.828007319699163 4
1756353081512 0.6968168279399043 5
1756353082106 0.642668340517127 6
1756353082414 0.5975677617218184 7
1756353082722 0.6034202899621881 8
1756353083029 0.5890834214894668 9
1756353083339 0.5596995496231577 10
1756353083646 0.5114927784256313 11
1756353083954 0.4651152595229771 12
1756353084453 0.4964929469253706 13
1756353084761 0.5044953810132068 14
1756353085068 0.5199983754883641 15
1756353085376 0.4940692030865213 16
1756353085683 0.44094733699508337 17
1756353085991 0.4268239283043405 18
1756353086299 0.3961300033590068 19
1756353086775 0.3894296223702638 20
1756353087083 0.3750183983989384 21
1756353087390 0.41014922442643537 22
1756353087701 0.4529058881427931 23
1756353088012 0.4230217259863149 24
1756353088320 0.36972968604253686 25
1756353088629 0.36798037394233374 26
1756353089115 0.36727287069610925 27
1756353089425 0.3708188119141952 28
1756353089736 0.3640405963296476 29
1756353090045 0.3431462515955386 30
1756353090352 0.3549598636834518 31
1756353090660 0.34814765919809754 32
1756353090972 0.40741828083992004 33
1756353091449 0.35353220934453217 34
1756353091758 0.36343544462452765 35
1756353092067 0.3408701756726141 36
1756353092378 0.32182307217432105 37
1756353092687 0.3161372166612874 38
1756353092999 0.30755246851755225 39
1756353093307 0.32163304349650507 40
1756353093799 0.29791524423205334 41
1756353094109 0.3177234919174858 42
1756353094418 0.3248871590780175 43
1756353094727 0.30805682228959125 44
1756353095038 0.3024507618468741 45
1756353095347 0.2999806501295256 46
1756353095654 0.3065214610618094 47
1756353096154 0.2999188077190648 48
1756353096464 0.2916292535222095 49
1756353096772 0.275753875789435 50
1756353097084 0.3164352943067965 51
1756353097392 0.34882764842199243 52
1756353097702 0.29658388184464496 53
1756353098011 0.2890482959539994 54
1756353098510 0.31292878544848896 55
1756353098817 0.30514795430328534 56
1756353099125 0.27484306822652405 57
1756353099432 0.26358087879160175 58
1756353099741 0.26030402598173724 59
1756353100053 0.27392155968624615 60
1756353100360 0.2453054947697598 61
1756353367360 1.0128787470900493 1
1756353367686 1.036326994066653 2
1756353368007 0.8367893410765607 3
1756353368581 0.7716197112332219 4
1756353368903 0.6491393615370211 5
1756353369224 0.8052980822065602 6
1756353369547 0.6704691233842269 7
1756353369869 0.5806366010852482 8
1756353370193 0.5796063969964567 9
1756353370673 0.5851842074290566 10
1756353370997 0.5313745542712833 11
1756353371318 0.4831954564737237 12
1756353371638 0.4826177863971047 13
1756353371967 0.4933139267175094 14
1756353372449 0.48135094409403595 15
1756353372773 0.49923527111177857 16
1756353373095 0.4894220336623814 17
1756353373416 0.4769858277362326 18
1756353373737 0.4856442472209101 19
1756353374057 0.4610223433245783 20
1756353374538 0.41513838651387586 21
1756353374861 0.42254591506460437 22
1756353375183 0.3839696360671002 23
1756353375503 0.4199243317479673 24
1756353375828 0.40194562207097595 25
1756353376150 0.39354703089465265 26
1756353376629 0.39575123398200324 27
1756353376956 0.38070909225422406 28
1756353377278 0.39782169202099676 29
1756353377601 0.36325429185577063 30
1756353377923 0.3487882199494735 31
1756353378245 0.3921806980734286 32
1756353378737 0.3473317869331526 33
1756353379060 0.3357849341371785 34
1756353379382 0.3459746345229771 35
1756353379706 0.34230928317360254 36
1756353380032 0.3428745334563048 37
1756353380354 0.33333374041578046 38
1756353380842 0.3548956293126811 39
1756353381164 0.3317100587098495 40
1756353381487 0.33751518441283185 41
1756353381811 0.38886032026746997 42
1756353382135 0.33045414090156555 43
1756353382459 0.3195251032062199 44
1756353382941 0.31446127528729645 45
1756353383265 0.2856091954137968 46
1756353383587 0.29996601589348004 47
1756353383913 0.3009081508802331 48
1756353384237 0.30753892077052075 49
1756353384720 0.3107149328874505 50
1756353385045 0.27741418325382733 51
1756353385370 0.2967820802460546 52
1756353385695 0.3251877783433251 53
1756353386017 0.2727880944376406 54
1756353386341 0.2775394216827724 55
1756353386825 0.2810236895861833 56
1756353387150 0.275131040941114 57
1756353387474 0.2620558615611947 58
1756353387797 0.24394381564596426 59
1756353388120 0.26367936704469763 60
1756353388442 0.28494169660236524 61
1756353388969 0.2587849614412888 62
1756353389294 0.27800594594167627 63
1756353389617 0.2786166739204656 64
1756353389942 0.2828872352838516 65
1756353390266 0.28147095247455267 66
1756353390589 0.24753858861715897 67
1756353391079 0.25650685053804645 68
1756353391403 0.23821950153164242 69
1756353391726 0.24496472076229428 70
1756353392050 0.23806159392647122 71
1756353392374 0.24945435770179913 72
1756353392698 0.23454508120599 73
1756353393185 0.22279229695382324 74
1756353393510 0.22479721709437991 75
1756353393835 0.22833873590697412 76
1756353394160 0.23989653652128967 77
1756353394484 0.21549099683761597 78
1756353394807 0.22356739575448242 79
1756353395294 0.24151471581148065 80
1756353395618 0.24288967316565307 81
1756353395941 0.21467486801354782 82
1756353396263 0.20673227828481924 83
1756353396587 0.21569776405458865 84
1756353396910 0.2411985274242318 85
1756353397397 0.22860123929770096 86
1756353397721 0.22795133551825647 87
1756353398046 0.2071464832710183 88
1756353398371 0.19825007215790127 89
1756353398695 0.2034172551787418 90
1756353399019 0.21798556459986645 91
1756353399503 0.21933183203572812 92
1756353399827 0.21130535913550336 93
1756353693549 1.059550886568816 1
1756353693893 1.0378148478010427 2
1756353694235 0.8660079422204391 3
1756353694828 0.8054388761520386 4
1756353695170 0.6901472184969031 5
1756353695512 0.6306598082832668 6
1756353695853 0.6693267122558926 7
1756353696195 0.6598350885121719 8
1756353696700 0.6555536726246709 9
1756353697043 0.6549665565076082 10
1756353697386 0.5920860702576844 11
1756353697728 0.5628724966360175 12
1756353698071 0.5394286280092986 13
1756353698570 0.5271127288756163 14
1756353698912 0.48157190499098407 15
1756353699253 0.45866965210956073 16
1756353699595 0.5074140261048856 17
1756353699938 0.48689234256744385 18
1756353700280 0.4876060291476872 19
1756353700782 0.5048353736815245 20
1756353701124 0.4841960927714472 21
1756353701466 0.5040989310845084 22
1756353701810 0.48966391319813934 23
1756353702155 0.4737817074941552 24
1756353702660 0.431901119325472 25
1756353703005 0.4216618589732958 26
1756353703348 0.43754737273506494 27
1756353703692 0.45479596438615216 28
1756353704036 0.4154566824436188 29
1756353704554 0.4355150344579116 30
1756353704897 0.38729566724404046 31
1756353705250 0.39907533189524774 32
1756353705592 0.38485775952753815 33
1756353705935 0.37124130648115405 34
1756353706447 0.3756212618040002 35
1756353706791 0.4244564616161844 36
1756353707134 0.3972373656604601 37
1756353707477 0.41512179633845453 38
1756353707819 0.35775198625481647 39
1756353708165 0.3609392137631126 40
1756353708681 0.33165396814760956 41
1756353709026 0.37100493000901263 42
1756353709369 0.3727334465669549 43
1756353709710 0.34449203506759973 44
1756353710054 0.3348136518312537 45
1756353710559 0.32292275260324066 46
1756353710903 0.3375319825566333 47
1756353711244 0.3158966212168984 48
1756353711587 0.32780173226543097 49
1756353711932 0.2953066463055818 50
1756353712274 0.2884879734205163 51
1756353712781 0.2960776433996532 52
1756353713125 0.31341045447017835 53
1756353713468 0.3107742414526317 54
1756353713812 0.3213354465754136 55
1756353714153 0.3176732601031013 56
1756353714660 0.3062151884255202 57
1756353715004 0.27565304675827856 58
1756353715348 0.29564022629157355 59
1756353715695 0.28928087392578955 60
1756353716042 0.27890734244947846 61
1756353716555 0.2883215261542279 62
1756353716900 0.27064527247263037 63
1756353717244 0.2887229342823443 64
1756353717587 0.2863946304373119 65
1756353717931 0.28551853674909344 66
1756353718433 0.34940342540326325 67
1756353718775 0.306205065354057 68
1756353719119 0.312388274980628 69
1756353719463 0.2693259955748268 70
1756353719805 0.26100354998008063 71
1756353720149 0.27214970796004584 72
1756353720650 0.2669395448073097 73
1756353720994 0.27011128871337226 74
1756353721337 0.25990140632442804 75
1756353721681 0.269134987955508 76
1756353722025 0.2525470775106679 77
1756353987741 1.2370929743932642 1
1756353988101 1.2883208601371101 2
1756353988713 0.9975979069004888 3
1756353989065 0.827627093895622 4
1756353989421 0.6940888840219249 5
1756353989774 0.6495360136032104 6
1756353990128 0.6836708732273268 7
1756353990643 0.5709430031154467 8
1756353990999 0.5744075243887694 9
1756353991353 0.5952279502930848 10
1756353991708 0.6354553142319554 11
1756353992060 0.5944573542346125 12
1756353992609 0.6702013248982637 13
1756353992963 0.5726137277872666 14
1756353993316 0.5421788938667463 15
1756353993668 0.5209798722163491 16
1756353994022 0.45983230419780896 17
1756353994376 0.46802130859831104 18
1756353994918 0.42793555233789526 19
1756353995272 0.4047628913236701 20
1756353995628 0.3974446589532106 21
1756353996006 0.4052527598712755 22
1756353996360 0.4325907528400421 23
1756353996905 0.4115421085254006 24
1756353997259 0.3953661983427794 25
1756353997615 0.3862832097903542 26
1756353997971 0.416485739790875 27
1756353998325 0.3648722625297049 28
1756353998861 0.35967295714046643 29
1756353999214 0.35645357292631397 30
1756353999568 0.3710828008859054 31
1756353999922 0.39601904801700427 32
1756354000275 0.37158480027447577 33
1756354000809 0.3568249979744787 34
1756354001163 0.3831823494123376 35
1756354001517 0.3829295401987822 36
1756354001872 0.3783024575399316 37
1756354002228 0.32205442695514014 38
1756354002756 0.35965557461199554 39
1756354003111 0.32438506380371424 40
1756354003465 0.3646956578544948 41
1756354003819 0.3445494900579038 42
1756354004174 0.34566809690516925 43
1756354004704 0.3244626664597055 44
1756354005060 0.32677184369253076 45
1756354005415 0.329935684800148 46
1756354005770 0.319494194958521 47
1756354006127 0.2980098238457804 48
1756354006662 0.29926070700521057 49
1756354007016 0.2868390925552534 50
1756354007371 0.2806813315204952 51
1756354007725 0.27730730370334955 52
1756354008083 0.30766530270161835 53
1756354008613 0.27343347992586053 54
1756354008968 0.2819173893202906 55
1756354009325 0.2935826933902243 56
1756354009680 0.2775117942820425 57
1756354010035 0.30367970855339715 58
1756354010560 0.2972713676483735 59
1756354010916 0.2941203842992368 60
1756354011273 0.2741607524778532 61
1756354011629 0.327735106582227 62
1756354011984 0.28617175571296527 63
1756354012520 0.28984492822833685 64
1756354012876 0.27949641126653424 65
1756354013230 0.2842959858801054 66
1756354013586 0.271326526351597 67
1756354013942 0.29469291412312054 68
1756354014477 0.3127448960490849 69
1756354014834 0.27622199382471 70
1756354015191 0.24825466521408246 71
1756354015547 0.26387306529542676 72
1756354015903 0.2518645194561585 73
1756354016259 0.2661886584499608 74
1756354016788 0.2679936322181121 75
1756354017148 0.2773777492668318 76
1756354017505 0.24476305816484534 77
1756354017860 0.23053675825181213 78
1756354018388 0.250838094431421 79
1756354018744 0.23096450061901755 80
1756354019099 0.22272613903750543 81
1756354019454 0.22691867273786795 82
1756354019808 0.23440702583478845 83
1756354020164 0.24719483696896097 84
1756354020684 0.21381336191426153 85
1756354021040 0.21158208212126856 86
1756354021396 0.2263042311305585 87
1756354021752 0.22499270024506943 88
1756354022106 0.25313046445017273 89
1756354022627 0.22864240472731384 90
1756354277647 0.9218776148298512 1
1756354278018 0.8169425777767015 2
1756354278383 0.8875733406647391 3
1756354278751 0.7758560854455699 4
1756354279371 0.7785769960154658 5
1756354279740 0.6774979518807452 6
1756354280108 0.6417855309403461 7
1756354280475 0.5833272869172303 8
1756354280843 0.5768138338690219 9
1756354281375 0.5080260388229204 10
1756354281744 0.5388027312962905 11
1756354282113 0.5321176842502926 12
1756354282480 0.5186204962108446 13
1756354283011 0.5269821921120519 14
1756354283380 0.5171465148096499 15
1756354283747 0.5079694455084593 16
1756354284116 0.4657975992430811 17
1756354284648 0.44899803270464356 18
1756354285017 0.47714365953984467 19
1756354285386 0.4728573599587316 20
1756354285755 0.45893090315487073 21
1756354286123 0.4849392382994942 22
1756354286660 0.4294361148191535 23
1756354287034 0.41336036635481793 24
1756354287402 0.4057891809422037 25
1756354287769 0.3934133584084718 26
1756354288315 0.3893546462059021 27
1756354288683 0.3768571356068487 28
1756354289051 0.353930796618047 29
1756354289420 0.35515382367631665 30
1756354289789 0.4108954227488974 31
1756354290326 0.37112812114798505 32
1756354290697 0.35036285999028577 33
1756354291068 0.4010361990203028 34
1756354291439 0.3752998437570489 35
1756354291980 0.3363769961440045 36
1756354292350 0.346652582935665 37
1756354292719 0.34847250710362976 38
1756354293089 0.38883669674396515 39
1756354293622 0.34766671579817066 40
1756354293990 0.3312407278496286 41
1756354294359 0.3247283373190009 42
1756354294729 0.36385553686515143 43
1756354295263 0.39848052677900897 44
1756354295634 0.37284479711366736 45
1756354296004 0.35100353412006213 46
1756354296374 0.34525465770908026 47
1756354296905 0.3351222380347874 48
1756354297278 0.31058727852676227 49
1756354297649 0.32642430326213007 50
1756354298018 0.2859096909346788 51
1756354298575 0.29117433014123334 52
1756354298947 0.2805454556060874 53
1756354299319 0.2746551023877185 54
1756354299688 0.2774129283169042 55
1756354300232 0.2761939219806505 56
1756354300604 0.28169575592745905 57
1756354300975 0.27945155877134076 58
1756354301345 0.2699155639047208 59
1756354301716 0.26344290181346564 60
1756354302256 0.29050422880960547 61
1756354302628 0.26940630959427875 62
1756354302997 0.28515521922837134 63
1756354303369 0.28128016448539234 64
1756354303907 0.2755571675041448 65
1756354304276 0.2630938084229179 66
1756354304647 0.2658666527789572 67
1756354305018 0.2639618878779204 68
1756354305555 0.2566861665767172 69
1756354305926 0.26815460881461267 70
1756354306297 0.26164347710816754 71
1756354306667 0.2607497521068739 72
1756354307200 0.26922184423260065 73
1756354307571 0.25952515265216 74
1756354307949 0.2501890121594719 75
1756354308320 0.2255195968824884 76
1756354308853 0.22909403883892557 77
1756354309224 0.24705374435238217 78
1756354309595 0.22436678733514703 79
1756354309966 0.24104355729144553 80
1756354310497 0.26738354110199475 81
1756354310867 0.24554535487423773 82
1756354311238 0.2518598495618157 83
1756354311611 0.2334854447323343 84
1756354312143 0.2198291751353637 85
1756354312518 0.24132150476393494 86
1756354312892 0.22779733460882437 87
1756354313266 0.22920685876970706 88
1756354313795 0.22305357391419617 89
1756354314167 0.2170406100542649 90
1756354314539 0.21998437850371652 91
1756354314911 0.2170825730199399 92
1756354315444 0.2409190736387087 93
1756354315815 0.21808096766471863 94
1756354316186 0.1989692773507989 95
1756354316555 0.20307488609915195 96
1756354316925 0.20998723092286484 97
1756354317454 0.21591435891130697 98
1756354317828 0.21020132562388544 99
1756354318204 0.18867165433323901 100
1756354318736 0.19017948145451752 101
1756354319106 0.21344542956870535 102
1756354319477 0.20714713244334512 103
1756354319846 0.1930903390697811 104
1756354520375 0.9888780013374661 1
1756354520757 0.9101937050404756 2
1756354521135 0.875658771266108 3
1756354521765 0.9091777127722035 4
1756354522145 0.7115041276682978 5
1756354522525 0.6479436755180359 6
1756354522903 0.6149128792078599 7
1756354523444 0.5947066519571387 8
1756354523826 0.5307022410890331 9
1756354524206 0.57414118492085 10
1756354524586 0.509857907243397 11
1756354525127 0.5115111405434816 12
1756354525506 0.4956323102764461 13
1756354525885 0.46942808705827466 14
1756354526265 0.45150403484054236 15
1756354526806 0.442136331744816 16
1756354527186 0.44266806218935095 17
1756354527567 0.46428937367770984 18
1756354527948 0.46533216471257416 19
1756354528493 0.4524025683817656 20
1756354528874 0.4380525415358336 21
1756354529257 0.4447654252466948 22
1756354529637 0.4253820388213448 23
1756354530017 0.39823664271313214 24
1756354530562 0.4382591169813405 25
1756354530942 0.4257090856199679 26
1756354531323 0.4817372845566791 27
1756354531707 0.41510988318401837 28
1756354532250 0.3672741418299468 29
1756354532633 0.3964684851791548 30
1756354533016 0.4247710108757019 31
1756354533399 0.40142618184504303 32
1756354533941 0.4804010132084722 33
1756354534324 0.42910297409347864 34
1756354534706 0.4282698683116747 35
1756354535087 0.3543010366999585 36
1756354535635 0.35874871067378833 37
1756354536017 0.33663597314254096 38
1756354536399 0.3282701735911162 39
1756354536781 0.3481161348197771 40
1756354537333 0.3515502901180931 41
1756354537718 0.3095552493696627 42
1756354538100 0.3069607479416806 43
1756354538480 0.3158421393321908 44
1756354539059 0.3186220753452052 45
1756354539441 0.36457033649734827 46
1756354539820 0.3359939261623051 47
1756354540202 0.3411892082380212 48
1756354540767 0.33480494437010394 49
1756354541149 0.28989282639130304 50
1756354541531 0.3036643344423045 51
1756354541912 0.30230746191480884 52
1756354542482 0.29072517869265185 53
1756354542862 0.3009152775225432 54
1756354543244 0.2817428157381389 55
1756354543627 0.2995924379514611 56
1756354544190 0.28520610863747803 57
1756354544572 0.2928504956805188 58
1756354544955 0.2669527394616086 59
1756354545340 0.27912439017192175 60
1756354545721 0.2684511905131133 61
1756354546286 0.29251203264879144 62
1756354546667 0.27949239767116046 63
1756354547051 0.2619838306437368 64
1756354547630 0.2749527096748352 65
1756354548016 0.28679300326368085 66
1756354548398 0.2566113653390304 67
1756354548782 0.2343166464048883 68
1756354549165 0.26549584774867346 69
1756354549748 0.27440759863542474 70
1756354550129 0.25340812232183374 71
1756354550509 0.24565421822278397 72
1756354550888 0.2306615710258484 73
1756354551459 0.2300214955340261 74
1756354551843 0.24657497522623642 75
1756354552226 0.24453373123770175 76
1756354552609 0.23085337942061218 77
1756354906153 0.8913990311000658 1
1756354906554 0.9559618493785029 2
1756354906953 0.7766598255737968 3
1756354907354 0.7581937287164771 4
1756354908007 0.6973134460656539 5
1756354908410 0.6722736099491948 6
1756354908810 0.6627562357031781 7
1756354909372 0.6268951918767847 8
1756354909773 0.5527328175047169 9
1756354910173 0.5422668560691501 10
1756354910570 0.5338067632654439 11
1756354910969 0.5793624934942826 12
1756354911528 0.5675292170566061 13
1756354911931 0.5214103965655618 14
1756354912330 0.5051104050615559 15
1756354912730 0.4797748042189557 16
1756354913294 0.49615910390148993 17
1756354913692 0.47231411674748297 18
1756354914092 0.4508414320323778 19
1756354914493 0.4562705988469331 20
1756354915053 0.4368132702682329 21
1756354915455 0.4483707158461861 22
1756354915857 0.4767181627128435 23
1756354916257 0.4517070664011914 24
1756354916827 0.47010031860807666 25
1756354917228 0.42019483058348944 26
1756354917629 0.4057317622329878 27
1756354918029 0.43715385509573895 28
1756354918591 0.3978623009246329 29
1756354918992 0.41063144025595294 30
1756354919393 0.3720515992330468 31
1756354919793 0.3373786768187647 32
1756354920361 0.34372319734614826 33
1756354920763 0.3688916265964508 34
1756354921168 0.3577040822609611 35
1756354921570 0.3415613485419232 36
1756354922140 0.35117661564246466 37
1756354922543 0.3363637379978014 38
1756354922945 0.3158067814681841 39
1756354923348 0.3237107823724332 40
1756354923911 0.332024062457292 41
1756354924312 0.32100254621194757 42
1756354924713 0.3133329457562903 43
1756354925114 0.3707850251508796 44
1756354925675 0.4258722675883252 45
1756354926081 0.3607632828795392 46
1756354926485 0.3185921408559965 47
1756354926890 0.3498041772324106 48
1756354927492 0.32915276548136835 49
1756354927894 0.3209987217965333 50
1756354928296 0.30261298236639605 51
1756354928699 0.30650974291822186 52
1756354929098 0.27928559546885284 53
1756354929699 0.2712314750837243 54
1756354930099 0.3180925923845042 55
1756354930501 0.33290611531423486 56
1756354931087 0.2826711198557978 57
1756354931491 0.28357855068600696 58
1756354931893 0.2928909853748653 59
1756354932295 0.33009970512079156 60
1756354932698 0.28827678379805194 61
1756354933279 0.2778006332076114 62
1756354933681 0.2688775256924007 63
1756354934084 0.2857116726429566 64
1756354934488 0.2891400113053944 65
1756354935068 0.2850391871255377 66
1756354935469 0.2607359659412633 67
1756354935872 0.23885416790195133 68
1756354936275 0.24903732279072638 69
1756354936850 0.2485088913337044 70
1756354937251 0.24051916340123053 71
1756354937653 0.24656964773717133 72
1756354938226 0.24078583328620248 73
1756354938628 0.23904465333275174 74
1756354939031 0.2350996318070785 75
1756354939434 0.24472937635753467 76
1756354939840 0.23046247078024823 77
1756354940412 0.23240110342917236 78
1756354940823 0.23735564234464065 79
1756355187953 1.0240559733432273 1
1756355188626 0.9480884126994921 2
1756355189038 0.9991017891013104 3
1756355189449 0.9528139311334362 4
1756355189858 0.7497224341268125 5
1756355190456 0.6389759403208027 6
1756355190866 0.5938198929247649 7
1756355191275 0.5791832519614178 8
1756355191684 0.542325021132179 9
1756355192266 0.5179405018039371 10
1756355192674 0.542103225770204 11
1756355193082 0.4825080684993578 12
1756355193491 0.4972699543704157 13
1756355194064 0.5217722848705624 14
1756355194472 0.48039810942566913 15
1756355194883 0.4869968709738358 16
1756355195290 0.4629266715568045 17
1756355195858 0.4293183114217675 18
1756355196268 0.4283845398737037 19
1756355196678 0.4233117971731269 20
1756355197087 0.4540374862111133 21
1756355197656 0.42140454313029413 22
1756355198065 0.42069119474162225 23
1756355198473 0.39531570543413574 24
1756355198881 0.4103582916052445 25
1756355199450 0.41314026972521906 26
1756355199858 0.42673238204873126 27
1756355200266 0.4115897378195887 28
1756355200674 0.40298693853875867 29
1756355201249 0.40729011789612146 30
1756355201659 0.4345870484476504 31
1756355202070 0.43776507740435394 32
1756355202479 0.4235329848268758 33
1756355203048 0.3744247607562853 34
1756355203457 0.36368507405985956 35
1756355203865 0.39150567676710046 36
1756355204272 0.3708826420099839 37
1756355204840 0.38015684615010803 38
1756355205251 0.36982135928195453 39
1756355205661 0.38871076443920966 40
1756355206073 0.33593369048574695 41
1756355206641 0.3343398752419845 42
1756355207051 0.3582010554230731 43
1756355207458 0.331321032150932 44
1756355207866 0.30281696500985517 45
1756355208432 0.30693822775198065 46
1756355208840 0.2970648874407229 47
1756355209250 0.3144253479397815 48
1756355209658 0.2994481519512508 49
1756355210225 0.2824309798686401 50
1756355210636 0.3059868812561035 51
1756355211045 0.32597416056239087 52
1756355211456 0.28709337827952014 53
1756355212047 0.289442580031312 54
1756355212460 0.2725627292757449 55
1756355212870 0.2834116531454999 56
1756355213281 0.281297390875609 57
1756355213858 0.27352139677690424 58
1756355214269 0.2753794620866361 59
1756355214678 0.2706209589605746 60
1756355215088 0.29195047591043555 61
1756355215664 0.29753831223301264 62
1756355216076 0.2718806260305902 63
1756355216488 0.28662119935388153 64
1756355216897 0.2893498034580894 65
1756355217494 0.26824040710926056 66
1756355217908 0.24984409044618192 67
1756355218320 0.248275360983351 68
1756355218733 0.25386805897173675 69
1756355219323 0.25794399497301684 70
1756355219733 0.24737443872120068 71
1756355220145 0.2502756559330484 72
1756355220556 0.23294737157614334 73
1756355221143 0.2423182674076246 74
1756355221558 0.2288232931624288 75
1756355221969 0.25151638233143353 76
1756355222380 0.24966800860736682 77
1756355222959 0.24673589416172192 78
1756355223370 0.2509061519218528 79
1756355223782 0.24057712438313858 80
1756355224195 0.2311247749173123 81
1756355224805 0.23532339282657788 82
1756355225222 0.22230756865895313 83
1756355465301 1.01345215673032 1
1756355465980 0.9436739709066309 2
1756355466402 0.7309628180835558 3
1756355466828 0.7263370985570161 4
1756355467421 0.6504144461258597 5
1756355467844 0.6296381147011466 6
1756355468268 0.6730484340501868 7
1756355468691 0.5833664782669233 8
1756355469287 0.5699591118356456 9
1756355469711 0.4955551455850187 10
1756355470136 0.4710036451401918 11
1756355470729 0.5712115881235703 12
1756355471150 0.5720597751762556 13
1756355471572 0.5267556737298551 14
1756355471993 0.5071513937867206 15
1756355472584 0.4592353546101114 16
1756355473007 0.44382611435392627 17
1756355473428 0.42689979465111444 18
1756355474016 0.485309854797695 19
1756355474438 0.44737852267597034 20
1756355474859 0.4272353843502376 21
1756355475283 0.4106742895167807 22
1756355475873 0.4316978441632312 23
1756355476296 0.4658497533072596 24
1756355476721 0.4104372237039649 25
1756355477310 0.46584051847457886 26
1756355477732 0.41903653222581616 27
1756355478156 0.38701718397762463 28
1756355478581 0.41154610074084735 29
1756355479166 0.3924236582673114 30
1756355479588 0.3557036078494528 31
1756355480011 0.3685076690238455 32
1756355480596 0.38402379077413806 33
1756355481021 0.36219616946966754 34
1756355481444 0.3397713258214619 35
1756355481868 0.3301883637905121 36
1756355482462 0.30457416306371277 37
1756355482887 0.31455429092697473 38
1756355483310 0.31989928302557574 39
1756355483897 0.30516187781872955 40
1756355484319 0.3474987460219342 41
1756355484745 0.34829456909843115 42
1756355485170 0.3719896091067273 43
1756355485759 0.3289350634035857 44
1756355486185 0.36172028533790423 45
1756355486609 0.33504407690918964 46
1756355487200 0.33656290950982465 47
1756355487621 0.31736455857753754 48
1756355488046 0.31173796627832495 49
1756355488468 0.2981119253065275 50
1756355489054 0.27310484129449597 51
1756355489477 0.2707124954980353 52
1756355489899 0.26685254599737085 53
1756355490486 0.27045457518619037 54
1756355490910 0.25943735177102295 55
1756355491335 0.2580843917701555 56
1756355491921 0.26949700389219367 57
1756355492347 0.2987235654955325 58
1756355492771 0.299280377185863 59
1756355493192 0.27945014251315076 60
1756355493780 0.27582690702832263 61
1756355494202 0.2805644357981889 62
1756355494626 0.2606809975012489 63
1756355495212 0.26127747608267743 64
1756355495638 0.26382138353327045 65
1756355496062 0.2866033510021541 66
1756355496482 0.26974727602108667 67
1756355497069 0.23134470115537228 68
1756355497494 0.2536948984083922 69
1756355497920 0.26755881568659906 70
1756355498506 0.2717361365971358 71
1756355498932 0.2499490956897321 72
1756355499357 0.2591833038174588 73
1756355499782 0.2313739301069923 74
1756355500368 0.24627483603746994 75
1756355500795 0.24612099385779837 76
1756355501221 0.24441115493359772 77
1756355501805 0.22075986732607303 78
1756355502231 0.21880888550177865 79
1756355502657 0.22248233595620032 80
1756355503081 0.22895060609216275 81
1756355503668 0.218386547073074 82
1756355504093 0.19952571651209955 83
1756355504519 0.20942642701708752 84
1756355505110 0.21845231691132422 85
1756355505535 0.2336809991494469 86
1756355505960 0.2112593210261801 87
1756355757252 0.9675748736962028 1
1756355757690 0.9044279559798862 2
1756355758369 0.9262139304824497 3
1756355758803 0.7099383317905924 4
1756355759239 0.6695414807485498 5
1756355759832 0.6455263832341069 6
1756355760265 0.6332903193390887 7
1756355760700 0.5585414780222852 8
1756355761293 0.5140732228755951 9
1756355761728 0.5276920510374982 10
1756355762165 0.4982998137888701 11
1756355762759 0.4712996638339499 12
1756355763195 0.430553235437559 13
1756355763630 0.4363984038000521 14
1756355764218 0.4436577092046323 15
1756355764658 0.4719794768354167 16
1756355765094 0.4611035896384198 17
1756355765700 0.4113310614357824 18
1756355766136 0.39199930818184564 19
1756355766568 0.3842298686504364 20
1756355767160 0.3718243850314099 21
1756355767593 0.4002218518568122 22
1756355768028 0.3764337262381678 23
1756355768638 0.3640171211698781 24
1756355769074 0.3510203737279643 25
1756355769512 0.37782223717026087 26
1756355770113 0.3618887662887573 27
1756355770548 0.355690264183542 28
1756355770989 0.4057074020738187 29
1756355771601 0.4040947491708009 30
1756355772037 0.4045799970626831 31
1756355772476 0.34917699772378674 32
1756355773084 0.3165449020655259 33
1756355773521 0.32191226404646167 34
1756355773957 0.30146428230016126 35
1756355774563 0.2844721163096635 36
1756355774999 0.2892804897349814 37
1756355775437 0.281460354509561 38
1756355776043 0.2720833977927332 39
1756355776479 0.27215749608433765 40
1756355776915 0.2775548929753511 41
1756355777516 0.28334594874278357 42
1756355777955 0.2817348429690237 43
1756355778394 0.27589223436687305 44
1756355778833 0.2748454776795014 45
1756356108828 0.8854162537533304 1
1756356109284 0.9704534748326177 2
1756356109735 0.8501154961793319 3
1756356110439 0.7554003466730532 4
1756356110894 0.7632364552953969 5
1756356111347 0.719162536704022 6
1756356111962 0.7028391724047454 7
1756356112415 0.5793853881566421 8
1756356113031 0.5445069294908772 9
1756356113487 0.5164424491965253 10
1756356113941 0.46847692131996155 11
1756356114559 0.5074388345946437 12
1756356115014 0.503029421619747 13
1756356115470 0.46580705824105634 14
1756356116086 0.4533945788507876 15
1756356116541 0.44812982108282007 16
1756356116994 0.4188009280225505 17
1756356117608 0.43084699304207513 18
1756356118060 0.4489427273688109 19
1756356118512 0.45789378233577893 20
1756356119124 0.3965454295925472 21
1756356119577 0.39328845557959186 22
1756356120030 0.41481810549031134 23
1756356120643 0.4018279676852019 24
1756356121098 0.41978034117947455 25
1756356121734 0.3868977310864822 26
1756356122188 0.39426793870718585 27
1756356122641 0.3460590554320294 28
1756356123263 0.3272163142328677 29
1756356123719 0.3893670258314713 30
1756356124177 0.3728672330794127 31
1756356124801 0.3404757348091706 32
1756356125257 0.35329173310943274 33
1756356125710 0.3226805432983067 34
1756356126329 0.30607452923836914 35
1756356126784 0.31335863082305243 36
1756356127240 0.30057770208172174 37
1756356127861 0.28913421086643054 38
1756356128316 0.32550014231515967 39
1756356128770 0.2968968995239424 40
1756356129385 0.2958479899427165 41
1756356129840 0.3105158501345178 42
1756356130460 0.38908267798631085 43
1756356130913 0.3343989952750828 44
1756356131367 0.30729663177676825 45
1756356131823 0.33374727549760236 46
1756356132437 0.32489956267501996 47
1756356132893 0.32581038837847504 48
1756356133511 0.3335419983967491 49
1756356133965 0.30835897896600806 50
1756356134422 0.3023035344870194 51
1756356135042 0.3088518536609152 52
1756356135497 0.3082406883654387 53
1756356135953 0.2729522637698961 54
1756356136575 0.25551753717920056 55
1756356137030 0.2701199320347413 56
1756356137486 0.2448646393807038 57
1756356138105 0.23676031827926636 58
1756356138559 0.25561350000941235 59
1756356139015 0.2527429312467575 60
1756356139631 0.27256293918775476 61
1756356140086 0.2826324882714645 62
1756356140541 0.2711721632791602 63
1756356141163 0.25772687727990357 64
1756356141620 0.26943782036719116 65
1756356402012 0.9497553706169128 1
1756356402476 0.8632880604785421 2
1756356402938 0.8580918441648069 3
1756356403667 0.8922361031822537 4
1756356404144 0.6778824744017228 5
1756356404605 0.5967695803745933 6
1756356405270 0.608686484720396 7
1756356405735 0.5744194880775784 8
1756356406193 0.5164950373380081 9
1756356406843 0.5407210769860641 10
1756356407303 0.5116907759853031 11
1756356407943 0.5515254632286404 12
1756356408405 0.5341080673362898 13
1756356408867 0.5563136067079462 14
1756356409498 0.484342353499454 15
1756356409958 0.45290433971778205 16
1756356410422 0.44794311730758 17
1756356411050 0.4517649023429207 18
1756356411512 0.4510777281678241 19
1756356411970 0.44574703859246295 20
1756356412609 0.508103300695834 21
1756356413072 0.3949182331562042 22
1756356413537 0.3847462807012641 23
1756356414204 0.3821446649406267 24
1756356414665 0.39251895184102265 25
1756356415326 0.41421941829764325 26
1756356415789 0.3869613447914953 27
1756356416250 0.35329548301904096 28
1756356416884 0.3313861541126085 29
1756356417342 0.35234919579132745 30
1756356417803 0.37988740983216657 31
1756356418430 0.3413566039956134 32
1756356418891 0.3621162914711496 33
1756356419352 0.35800325870513916 34
1756356419977 0.38104021419649536 35
1756356420437 0.3449267654315285 36
1756356420898 0.34152387924816296 37
1756356421519 0.3424329705860304 38
1756356421979 0.32127613801023236 39
1756356422442 0.3261092862357264 40
1756356423066 0.3280298126780469 41
1756356423527 0.3235780726308408 42
1756356424151 0.31692702355592145 43
1756356424612 0.3416887612446495 44
1756356425072 0.3387384077777033 45
1756356425696 0.3080574675746586 46
1756356426156 0.3219425937403803 47
1756356426619 0.3167328743830971 48
1756356427244 0.32182318749635114 49
1756356427705 0.28852818776731903 50
1756356428169 0.28207729432893835 51
1756356428809 0.2865484233783639 52
1756356429271 0.26784784573575726 53
1756356429735 0.29060956382233166 54
1756356430361 0.2740129413812057 55
1756356430824 0.27964321880236914 56
1756356431285 0.2440824981616891 57
1756356431916 0.25039245512174524 58
1756356432379 0.2554356792698736 59
1756356433007 0.26986553357995074 60
1756356433470 0.2803771567085515 61
1756356433935 0.268664643816326 62
1756356434398 0.24386733057706253 63
1756356435027 0.2461168331944424 64
1756356435491 0.30793596933717315 65
1756356436117 0.2808833737736163 66
1756356436580 0.24692839643229608 67
1756356437043 0.23995518813962521 68
1756356437667 0.23062010822088821 69
1756356438130 0.2531572781179262 70
1756356438592 0.23314840119817984 71
1756356439218 0.2685493723205898 72
1756356439683 0.23220263875049094 73
1756356440146 0.22210406350052875 74
1756356440767 0.2281789015168729 75
1756356441230 0.20973630962164505 76
1756356441691 0.20370780449846518 77
1756356442333 0.21244411688783896 78
1756356442797 0.22041201267553412 79
1756356443258 0.20788286950277246 80
1756356443898 0.19518019777277243 81
1756356444363 0.19650910082070724 82
1756356445001 0.19817665478457575 83
1756356445465 0.2267547431199447 84
1756356445931 0.1992572273897088 85
1756356446395 0.20495860602544702 86
1756356447021 0.20767953473588693 87
1756356447486 0.22030232911524567 88
1756356448108 0.19550174733866815 89
1756356448572 0.1981806612533072 90
1756356449032 0.19171455308147098 91
1756356449654 0.18716933740221936 92
1756356450123 0.19172712836576544 93
1756356450587 0.20194784713828046 94
1756356451232 0.18368083692115286 95
1756356451694 0.18593597476897034 96
1756356452159 0.1936674688173377 97
1756356452800 0.1981972099646278 98
1756356453266 0.18654621813608252 99
1756356453730 0.18031575498373612 100
1756356454375 0.18490085005760193 101
1756356454837 0.19868586665910223 102
1756356455300 0.17834393420945044 103
1756356455929 0.1811269443968068 104
1756356456398 0.1911067554484243 105
1756356457045 0.1958455838586973 106
1756356457508 0.17158909142017365 107
1756356457970 0.1740406835856645 108
1756356458433 0.16488124689330225 109
1756356459064 0.17388612485450247 110
1756356459528 0.17080172248508618 111
1756356460158 0.17578755643056787 112
1756356460621 0.16347435375918512 113
1756356461083 0.1624144082484038 114
1756356461709 0.17617143820161404 115
1756356462175 0.15995102116595145 116
1756356462639 0.1598263065452161 117
1756356463266 0.15733289589052615 118
1756356463731 0.15603437695814215 119
1756356866401 0.9548035937806835 1
1756356866882 0.8750936699950177 2
1756356867358 0.8266947813656019 3
1756356868085 0.6654504485752272 4
1756356868564 0.7139545990073163 5
1756356869042 0.64277769042098 6
1756356869678 0.6706853638524595 7
1756356870155 0.6758103033770686 8
1756356870792 0.707301351039306 9
1756356871273 0.5552040157110795 10
1756356871752 0.5213685230068539 11
1756356872389 0.5491922899432804 12
1756356872869 0.54276435530704 13
1756356873349 0.5400838294754857 14
1756356873991 0.49989496365837427 15
1756356874471 0.4957146968530572 16
1756356874951 0.4374302068482275 17
1756356875596 0.45830493387968646 18
1756356876074 0.4737268945445185 19
1756356876553 0.45621739263119904 20
1756356877196 0.41601744035015936 21
1756356877678 0.45525439796240436 22
1756356878155 0.4781738960224649 23
1756356878793 0.4642257236916086 24
1756356879272 0.4278887004955955 25
1756356879749 0.4420770665873652 26
1756356880385 0.40821931932283484 27
1756356880865 0.3784076752869979 28
1756356881504 0.4068602064381475 29
1756356881983 0.3611053487528925 30
1756356882464 0.35373115928276727 31
1756356883101 0.3755918222924937 32
1756356883582 0.37236148507698724 33
1756356884061 0.35579527072284534 34
1756356884697 0.34096222468044446 35
1756356885178 0.3691827797371408 36
1756356885660 0.33476304878359253 37
1756356886299 0.3239748328924179 38
1756356886777 0.3027827305638272 39
1756356887258 0.3123839277288188 40
1756356887893 0.2966379750034083 41
1756356888371 0.3157610400863316 42
1756356888851 0.34514071889545606 43
1756356889487 0.33882606806962384 44
1756356889967 0.32014972619388415 45
1756356890447 0.32463356269442517 46
1756356891083 0.2897487697393998 47
1756356891564 0.30279268972251727 48
1756356892045 0.3024880756502566 49
1756356892683 0.3067532343708951 50
1756356893163 0.28862718978653784 51
1756356893643 0.25642773509025574 52
1756356894282 0.2689260017612706 53
1756356894761 0.2645365492157314 54
1756356895397 0.28712792694568634 55
1756356895876 0.27988431116809015 56
1756356896356 0.2787596039150072 57
1756356896992 0.29580321519271185 58
1756356897472 0.2622752345126608 59
1756356897951 0.2685480642577876 60
1756356898587 0.25037829448347504 61
1756356899068 0.23955725133419037 62
1756356899547 0.2383531286664631 63
1756356900182 0.24571045196574667 64
1756356900662 0.25702081620693207 65
1756356901143 0.2732390236595403 66
1756356901780 0.2527744873710301 67
1756356902262 0.26784713242364966 68
1756356902750 0.27357096192629443 69
1756356903389 0.25385957956314087 70
1756356903866 0.24198109105877255 71
1756356904345 0.2480931424576303 72
1756356904979 0.23814357234084088 73
1756356905460 0.21937382415584897 74
1756356906097 0.20847573034141376 75
1756356906575 0.23696042014204938 76
1756356907054 0.24389674158199973 77
1756356907691 0.2579769252435021 78
1756356908171 0.2576832246521245 79
1756356908807 0.2271291231331618 80
1756356909289 0.22288590021755383 81
1756356909769 0.21737255609553793 82
1756356910407 0.2217544304287952 83
1756356910891 0.2246148055014403 84
1756356911375 0.2555493317220522 85
1756356912013 0.23620418038057245 86
1756356912495 0.20694481937781625 87
1756356913139 0.20742179971674216 88
1756356913621 0.21165923385516458 89
1756356914100 0.20339272721954013 90
1756356914738 0.23764454929724985 91
1756356915221 0.22805886229743128 92
1756356915702 0.20853185394535895 93
1756356916338 0.20928261526252911 94
1756356916819 0.20739714477373206 95
1756356917456 0.20263823413330576 96
1756356917939 0.19184599104134933 97
1756356918419 0.17891922787479733 98
1756356919051 0.19947293789490408 99
1756356919533 0.21104593445425449 100
1756356920015 0.2115916143292966 101
1756356920674 0.19416313262089438 102
1756356921157 0.18946726620197296 103
1756356921814 0.19479361953942673 104
1756356922295 0.18629509793675464 105
1756356922775 0.17236711020055023 106
1756356923427 0.1757792292729668 107
1756356923909 0.18015884510848834 108
1756356924392 0.1774395736663238 109
1756356925041 0.17984209760375644 110
1756356925523 0.17431946034016815 111
1756356926169 0.16816959627296613 112
1756356926651 0.1743758068136547 113
1756356927132 0.1758306700250377 114
1756356927780 0.17112608189168182 115
1756357250522 0.974879731302676 1
1756357251023 1.0657091607218203 2
1756357251772 0.9035474865332894 3
1756357252272 0.7943591708722322 4
1756357252935 0.7338458636532659 5
1756357253433 0.6704502960909968 6
1756357253934 0.7034125690874846 7
1756357254593 0.6235283172648886 8
1756357255090 0.6504111588001251 9
1756357255751 0.5696961102278336 10
1756357256251 0.5368637818357219 11
1756357256911 0.5879941466061965 12
1756357257414 0.5879357884759489 13
1756357257914 0.5327277481555939 14
1756357258575 0.49099614309227985 15
1756357259075 0.5609693553136743 16
1756357259736 0.500920972098475 17
1756357260232 0.44034955423811206 18
1756357260730 0.44128403197164123 19
1756357261392 0.45647161032842554 20
1756357261892 0.44405099749565125 21
1756357262557 0.4387775853924129 22
1756357263056 0.41073395376620087 23
1756357263716 0.4158093877460646 24
1756357264216 0.4223107514174088 25
1756357264716 0.4521725294382676 26
1756357265376 0.413771444040796 27
1756357265877 0.4214621795260388 28
1756357266543 0.38850001018980274 29
1756357267043 0.37423440036566363 30
1756357267702 0.35930417154146277 31
1756357268202 0.345203530529271 32
1756357268703 0.37343405251917633 33
1756357269363 0.3946687462537185 34
1756357269865 0.3967535301395085 35
1756357270527 0.4090074793152187 36
1756357271029 0.4279113541478696 37
1756357271690 0.39305946230888367 38
1756357272192 0.3550982993582021 39
1756357272693 0.3884408461010974 40
1756357273356 0.41825510626253876 41
1756357273858 0.36905837188596313 42
1756357274518 0.4349584670170494 43
1756357275020 0.38540677013604535 44
1756357275522 0.3655609436657118 45
1756357276181 0.3644850150398586 46
1756357276681 0.36420639960662177 47
1756357277344 0.3267032355070114 48
1756357277847 0.3178446448367575 49
1756357278509 0.34549874844758405 50
1756357279011 0.3543224477249643 51
1756357279674 0.34668876165929047 52
1756357280174 0.3322073065716287 53
1756357280677 0.3071250170469284 54
1756357281342 0.329838110053021 55
1756357281843 0.31277003366014233 56
1756357282501 0.29003121023592743 57
1756357283005 0.28480159977208014 58
1756357283506 0.2777250072230463 59
1756357284169 0.3013820421436559 60
1756357284672 0.33182642187761224 61
1756357285336 0.2978853810092677 62
1756357285837 0.2801632382299589 63
1756357286501 0.2778445087049318 64
1756357287004 0.28005644808644836 65
1756357287507 0.25707921709703363 66
1756357288171 0.26351094699424243 67
1756357288672 0.26803693369678827 68
1756357289327 0.2530965753223585 69
1756357289830 0.2644319916548936 70
1756357290486 0.2785406637450923 71
1756357290985 0.27593029322831525 72
1756357291487 0.25641126736350683 73
1756357292140 0.2584562444168588 74
1756357292641 0.25543100160101184 75
1756357293300 0.2258132462916167 76
1756357293803 0.23228866963282876 77
1756357294458 0.21893835845200912 78
1756357294958 0.24253528921500497 79
1756357295459 0.24251701650412186 80
1756357296115 0.2334089169035787 81
1756357296617 0.22182866995749267 82
1756357297274 0.23736110264840332 83
1756357297777 0.24454099976498148 84
1756357298440 0.21820295440114063 85
1756357298945 0.22845995426177979 86
1756357299448 0.23408198680566705 87
1756357300105 0.21821967998276587 88
1756357300609 0.2209129450113877 89
1756357301268 0.20217549671297488 90
