1756349401380 4.4956849416097 1
1756349401387 3.951873699824015 2
1756349401394 2.9797760248184204 3
1756349401400 2.4119170904159546 4
1756349401406 2.5797221263249717 5
1756349401412 1.7762853503227234 6
1756349401418 1.236637443304062 7
1756349401424 0.9965516030788422 8
1756349401431 0.9414706230163574 9
1756349401437 0.761053055524826 10
1756349401443 0.658320019642512 11
1756349401449 0.7216358880201975 12
1756349401456 0.6741693516572317 13
1756349401462 0.5766421755154928 14
1756349401468 0.5844089736541113 15
1756349401475 0.4851296047369639 16
1756349401481 0.4422837495803833 17
1756349401488 0.4590793401002884 18
1756349401494 0.3999258875846863 19
1756349401501 0.4635525445143382 20
1756349401507 0.7486776014169058 21
1756349401514 0.5382780780394872 22
1756349401520 0.6336862097183863 23
1756349401527 0.5276797711849213 24
1756349401534 0.453403244415919 25
1756349401540 0.45920563240845996 26
1756349401547 0.3965142220258713 27
1756349401554 0.4127296755711238 28
1756349401561 0.3431880672772725 29
1756349401568 0.3101792534192403 30
1756349401574 0.36778702835241955 31
1756349401581 0.3044774780670802 32
1756349401588 0.305276021361351 33
1756349401595 0.27914992719888687 34
1756349401602 0.28324905782938004 35
1756349401609 0.36843014260133106 36
1756349401616 0.31341204792261124 37
1756349401623 0.2648491437236468 38
1756349401631 0.2264414131641388 39
1756349401638 0.2979270617167155 40
1756349401645 0.2410763055086136 41
1756349401652 0.300614337126414 42
1756349401659 0.2381213183204333 43
1756349401667 0.2238849177956581 44
1756349401674 0.255536250770092 45
1756349401681 0.2834734693169594 46
1756349401688 0.252987635632356 47
1756349401696 0.2855963781476021 48
1756349401703 0.22208919624487558 49
1756349401710 0.20445688317219415 50
1756349401718 0.2260196382800738 51
1756349401725 0.20503806074460348 52
1756349401733 0.22749655693769455 53
1756349401740 0.23050297300020853 54
1756349401748 0.25585493445396423 55
1756349401755 0.24333487699429193 56
1756349401763 0.23962117234865823 57
1756349401771 0.1672245661417643 58
1756349401778 0.18696981171766916 59
1756349401786 0.1642120455702146 60
1756349401794 0.1719880849123001 61
1756349401801 0.13487598051627478 62
1756349401809 0.16152106473843256 63
1756349401817 0.14684307326873144 64
1756349401825 0.14085610955953598 65
1756349401832 0.16089009245236716 66
1756349401840 0.16595453520615897 67
1756349401848 0.21520540614922842 68
1756349401856 0.1797134205698967 69
1756349401864 0.16087476660807928 70
1756349401872 0.1704438477754593 71
1756349401880 0.16076728204886118 72
1756349401888 0.17012395958105722 73
1756349401896 0.14489728584885597 74
1756349401904 0.17101832603414854 75
1756349401912 0.17730913559595743 76
1756349401921 0.14576801657676697 77
1756349401929 0.13660715023676553 78
1756349401937 0.13489742825428644 79
1756349401945 0.12802537406484285 80
1756349401954 0.13774975637594858 81
1756349401962 0.1486667903761069 82
1756349401970 0.14145776629447937 83
1756349401979 0.14686030025283495 84
1756349401987 0.10528075943390529 85
1756349401995 0.1108123113711675 86
1756349402004 0.11344735945264499 87
1756349402014 0.11471486339966457 88
1756349402028 0.11978059262037277 89
1756349402037 0.11580376823743184 90
1756349402046 0.10434454927841823 91
1756349402054 0.1024196408689022 92
1756349402063 0.1043697123726209 93
1756349402072 0.11064286902546883 94
1756349402080 0.08310048654675484 95
1756349402089 0.09866328164935112 96
1756349402099 0.1254687992235025 97
1756349402108 0.1096382016936938 98
1756349402117 0.09319652058184147 99
1756349402126 0.09882200385133426 100
1756349402135 0.08977841585874557 101
1756349402144 0.09942514573534329 102
1756349402153 0.07633758274217446 103
1756349402162 0.08082620427012444 104
1756349402171 0.09797985851764679 105
1756349402180 0.13541659091909727 106
1756349402190 0.09507679815093677 107
1756349402199 0.08856873710950215 108
1756349421137 2.222611530967381 1
1756349421148 1.5548589359159055 2
1756349421158 0.9767222883908645 3
1756349421167 1.0146906453630198 4
1756349421177 1.2806451502053633 5
1756349421186 0.9086847007274628 6
1756349421196 0.990800388481306 7
1756349421205 0.9496114150337551 8
1756349421215 0.6125254229359005 9
1756349421225 0.5894298851490021 10
1756349421234 0.5344661292822465 11
1756349421244 0.4479737638131432 12
1756349421254 0.6226681846639385 13
1756349421264 0.4382921515599541 14
1756349421273 0.4657393752232842 15
1756349421283 0.4636552878048109 16
1756349421293 0.35817105225894763 17
1756349421303 0.2974789382322975 18
1756349421313 0.2942370532647423 19
1756349421322 0.4013947060574656 20
1756349421332 0.3844636743483336 21
1756349421342 0.29033771481202997 22
1756349421352 0.28334269186724786 23
1756349421362 0.43596058176911395 24
1756349421372 0.26071535115656647 25
1756349421382 0.34242531527643616 26
1756349421393 0.3057983867500139 27
1756349421403 0.2807998145404069 28
1756349421413 0.296912185523821 29
1756349421423 0.2781323447175648 30
1756349421433 0.22583583386048026 31
1756349421443 0.22731120366117227 32
1756349421454 0.20503132563570273 33
1756349421464 0.1828349180843519 34
1756349421474 0.17062234295451123 35
1756349421484 0.20469880492790885 36
1756349421495 0.1976526528596878 37
1756349421505 0.23197393054547516 38
1756349421516 0.2340833428113357 39
1756349421526 0.19840782751207767 40
1756349421537 0.18010972213485968 41
1756349421547 0.2093247978583626 42
1756349421558 0.17269840577374335 43
1756349421568 0.15584922873455545 44
1756349421579 0.1574995371958484 45
1756349421589 0.12573204966990845 46
1756349421600 0.12675514979206998 47
1756349421611 0.1452063092071077 48
1756349421622 0.1673449170978173 49
1756349421632 0.1581006846998049 50
1756349421643 0.12153199250283449 51
1756349421654 0.1508562398021636 52
1756349421665 0.14726713688477225 53
1756349421676 0.14513631391784418 54
1756349421687 0.13025123075298642 55
1756349421698 0.11738624164591664 56
1756349421709 0.12038416302074557 57
1756349421720 0.12749088555574417 58
1756349421731 0.12224634671988695 59
1756349421742 0.11904455786165984 60
1756349421753 0.12026974072922832 61
1756349421764 0.14790499696265097 62
1756349421775 0.1328308600122514 63
1756349421786 0.14389987127936404 64
1756349421798 0.11882884541283482 65
1756349421809 0.11734377511817476 66
1756349421820 0.11456096237120421 67
1756349421831 0.10212037064459013 68
1756349421843 0.12863241848738297 69
1756349421854 0.14013551240381988 70
1756349421865 0.12502500107106956 71
1756349421877 0.0988245933600094 72
1756349421888 0.12184205294951149 73
1756349421900 0.09340680082855017 74
1756349421911 0.10038365666633067 75
1756349421923 0.10514525874801305 76
1756349421934 0.08880606245087541 77
1756349421946 0.09207129931968192 78
1756349421958 0.11984273677934772 79
1756349421969 0.10953887827370477 80
1756349421981 0.08529447505007619 81
1756349421993 0.07736484155706737 82
1756349422004 0.07671889225425928 83
1756349422016 0.06917866619060868 84
1756349422028 0.08801862759434659 85
1756349422040 0.07451660688156667 86
1756349422052 0.07695289757912574 87
1756349422064 0.09621544158005196 88
1756349422075 0.08811483289236607 89
1756349422087 0.09488835550196793 90
1756349422099 0.0796649833412274 91
1756349422111 0.09634504337673602 92
1756349422123 0.14015797898173332 93
1756349422135 0.07814314216375351 94
1756349422148 0.07904681692952695 95
1756349422160 0.07812615054781022 96
1756349422172 0.07822741146968759 97
1756349506480 2.7154137621755186 1
1756349506506 1.3316412904988164 2
1756349506530 2.2630645865979404 3
1756349506553 2.572772984919341 4
1756349506577 1.4022530472796897 5
1756349506600 0.7483693179876908 6
1756349506624 0.6319892302803372 7
1756349506648 0.6566253628419794 8
1756349506672 0.43695297902045044 9
1756349506695 0.4931641091471133 10
1756349506719 0.5739957599536233 11
1756349506743 0.5867751836776733 12
1756349506767 0.486806808606438 13
1756349506791 0.4832493325938349 14
1756349506815 0.5244778913000355 15
1756349506839 0.3936233313187309 16
1756349506863 0.34360642990340357 17
1756349506887 0.37280728894731274 18
1756349506911 0.3177545679652173 19
1756349506935 0.2806489069176757 20
1756349506959 0.2764360684415568 21
1756349506984 0.2957212387219719 22
1756349507008 0.27215405715548474 23
1756349507033 0.23876528895419577 24
1756349507057 0.254729474692241 25
1756349507081 0.24644954437794891 26
1756349507106 0.22023269015809763 27
1756349507130 0.2598473928544832 28
1756349507155 0.25401739257833233 29
1756349507179 0.21185670209967572 30
1756349507203 0.18847220455822739 31
1756349507228 0.2323843312004338 32
1756349507252 0.26034602587637695 33
1756349507277 0.2329006182110828 34
1756349507302 0.3150933352501496 35
1756349507326 0.2790083972656209 36
1756349507351 0.21146172058323157 37
1756349507376 0.17881093271400617 38
1756349507400 0.17097806120696274 39
1756349507425 0.16969460670066916 40
1756349507450 0.13320543908554575 41
1756349507475 0.17330866857715274 42
1756349507500 0.20037108659744263 43
1756349507524 0.24274818307679633 44
1756349507549 0.27482585673746857 45
1756349507575 0.18979818082374075 46
1756349507600 0.21318549436071646 47
1756349507625 0.18479811141024466 48
1756349507650 0.13746728974839914 49
1756349507675 0.1866243241921715 50
1756349507700 0.2893632132074107 51
1756349507725 0.17054970368095065 52
1756349507750 0.13400272668703742 53
1756349507775 0.10816529619952907 54
1756349507801 0.11660738613294519 55
1756349507826 0.13263819399087326 56
1756349507851 0.14485077365584995 57
1756349507877 0.12234158878741057 58
1756349507902 0.11533343257463496 59
1756349507928 0.127076315653065 60
1756349507953 0.13114900287726652 61
1756349507978 0.09003602162651393 62
1756349508004 0.10191211752269579 63
1756349508029 0.10822006476962048 64
1756349508055 0.0930690640664619 65
1756349508080 0.1713867385102355 66
1756349508106 0.17388886861179187 67
1756349508131 0.09792852239764255 68
1756349508157 0.09727483582885368 69
1756349508182 0.10102772162012431 70
1756349508208 0.08688756240450818 71
1756349508234 0.09447139436783998 72
1756349508260 0.0834744653624037 73
1756349508285 0.08452735177200774 74
1756349508311 0.08138985559344292 75
1756349508337 0.08256487710320431 76
1756349508363 0.07507141647131546 77
1756349508389 0.07893382029041 78
1756349508414 0.06963105580728987 79
1756349508440 0.08054791350403558 80
1756349508466 0.0744416517731936 81
1756349508492 0.08033601356589276 82
1756349508518 0.0729700283187887 83
1756349508544 0.07849407552377037 84
1756349508570 0.07344920576914497 85
1756349508597 0.07252495249976283 86
1756349508623 0.059371069559584495 87
1756349508649 0.06040631137464358 88
1756349508675 0.06947828213805737 89
1756349508701 0.05856948062453581 90
1756349508727 0.05906362046042214 91
1756349508754 0.053171639857084854 92
1756349508780 0.05705984147346538 93
1756349508807 0.06635663383032965 94
1756349508833 0.05423876894233019 95
1756349508860 0.06911000819957774 96
1756349508886 0.06010830175617467 97
1756349508913 0.06956026856989964 98
1756349508939 0.06222987515122994 99
1756349508966 0.09905240717141525 100
1756349508992 0.07567102364871812 101
1756349509019 0.06349358043592909 102
1756349509045 0.05892797219364539 103
1756349509072 0.05655177885099598 104
1756349509099 0.04956522972687431 105
1756349509125 0.05525404409221981 106
1756349509152 0.0461581414565444 107
1756349509179 0.04836418568764044 108
1756349509205 0.05762035351084626 109
1756349509232 0.04368522803744544 110
1756349509259 0.05699907607682373 111
1756349509286 0.05549728206318358 112
1756349594181 2.713571869808695 1
1756349594219 2.3060974530551746 2
1756349594255 1.3832349207090295 3
1756349594290 1.6490408026653787 4
1756349594325 1.2823037505149841 5
1756349594361 1.2100027164687281 6
1756349594397 0.9365509748458862 7
1756349594432 0.7645628089490144 8
1756349594468 0.8927548151949177 9
1756349594503 0.6014286629531694 10
1756349594539 0.5539719501267308 11
1756349594575 0.7046044883520707 12
1756349594610 0.5212730843087902 13
1756349594646 0.5883002371891685 14
1756349594682 0.5994231908217721 15
1756349594718 0.4892734204945357 16
1756349594754 0.3933854796316313 17
1756349594790 0.39170099989227625 18
1756349594826 0.3241959117029024 19
1756349594862 0.4580386812272279 20
1756349594898 0.42005936736645905 21
1756349594934 0.5600641978823621 22
1756349594970 0.417609343710153 23
1756349595006 0.3263145257597384 24
1756349595043 0.4027220632718957 25
1756349595079 0.28196416665678437 26
1756349595115 0.2887262190165727 27
1756349595151 0.7066041069186252 28
1756349595187 0.6306890288124913 29
1756349595223 0.32960614885972894 30
1756349595259 0.37299755474795465 31
1756349595296 0.3498442360888357 32
1756349595332 0.3761802853449531 33
1756349595368 0.2469360416998034 34
1756349595404 0.24724001437425613 35
1756349595441 0.27443740095781244 36
1756349595477 0.27568650440029474 37
1756349595513 0.3018508112948874 38
1756349595550 0.30390030566764914 39
1756349595586 0.24418183707672617 40
1756349595622 0.33498605761838995 41
1756349595659 0.3597651324842287 42
1756349595695 0.31031420826911926 43
1756349595732 0.1809751922669618 44
1756349595768 0.165134164950122 45
1756349595805 0.17298120260238647 46
1756349595841 0.14986138369726099 47
1756349595878 0.2389178318173989 48
1756349595915 0.19996074327956076 49
1756349595951 0.14488457046125247 50
1756349595988 0.2249129430755325 51
1756349596024 0.1512362743201463 52
1756349596061 0.14624365872663 53
1756349596098 0.16485893969302592 54
1756349596135 0.16214502894360086 55
1756349596172 0.24944249994081 56
1756349596209 0.17792728510887726 57
1756349596246 0.12514461074834285 58
1756349596282 0.1825251154925512 59
1756349596319 0.11911845628334128 60
1756349596356 0.10696686059236526 61
1756349596393 0.11030450220341267 62
1756349596430 0.13899940090334933 63
1756349596467 0.12782179045936334 64
1756349596504 0.17811837598033572 65
1756349596541 0.1296969389785891 66
1756349596578 0.14000318361365277 67
1756349596615 0.1445571485420932 68
1756349596653 0.1290961772851322 69
1756349596690 0.12828289620254352 70
1756349596728 0.15060377542091452 71
1756349596765 0.1455755907556285 72
1756349596803 0.12233207957900089 73
1756349596840 0.10692505101146905 74
1756349596877 0.1308242783922216 75
1756349596915 0.09703495839367741 76
1756349596953 0.09710272288192874 77
1756349596990 0.09897040737711865 78
1756349597028 0.10281742914863255 79
1756349597066 0.15623052385838135 80
1756349597103 0.14113121949460194 81
1756349597141 0.10722617707822633 82
1756349597179 0.13089156944466673 83
1756349597221 0.10753355628770331 84
1756349597259 0.09199482728929623 85
1756349597297 0.11063187828530437 86
1756349597335 0.11340521713313849 87
1756349597373 0.10951099836308023 88
1756349597411 0.09573730372864267 89
1756349597449 0.11417951402456863 90
1756349597487 0.09864108653172203 91
1756349597525 0.10636308594890263 92
1756349597564 0.0922003589246584 93
1756349597602 0.09125148245821828 94
1756349597641 0.11097080406287442 95
1756349597679 0.07720616670406383 96
1756349597718 0.09191610907082973 97
1756349704819 3.0369028371313345 1
1756349704870 2.5106579635454263 2
1756349704920 2.003974886044212 3
1756349704969 1.0347618344037428 4
1756349705018 0.9635516249615214 5
1756349705068 1.047972762066385 6
1756349705117 0.8076772560244021 7
1756349705167 0.691629022359848 8
1756349705216 0.8746386429537898 9
1756349705266 0.5608284693697224 10
1756349705315 0.6075537036294523 11
1756349705365 0.638173283442207 12
1756349705414 0.8132743083912394 13
1756349705464 0.5439000330541445 14
1756349705513 0.4556707377019136 15
1756349705563 0.572317880132924 16
1756349705612 0.40547668026841205 17
1756349705662 0.3830487592064816 18
1756349705712 0.31250130935855536 19
1756349705761 0.3944787188716557 20
1756349705810 0.4117299311834833 21
1756349705860 0.345811920321506 22
1756349705909 0.3906040839526964 23
1756349705959 0.38551134778105695 24
1756349706008 0.5149245812841083 25
1756349706058 0.3340141352104104 26
1756349706107 0.2882420511349388 27
1756349706157 0.2840026312548181 28
1756349706206 0.3323856145143509 29
1756349706256 0.26602865496407385 30
1756349706305 0.31338792326657666 31
1756349706355 0.3740094245775886 32
1756349706405 0.38728882566742273 33
1756349706454 0.2675675283307615 34
1756349706504 0.2932676692371783 35
1756349706554 0.26662630684997723 36
1756349706604 0.3129816418108733 37
1756349706654 0.25552869069835416 38
1756349706703 0.20620096766430399 39
1756349706753 0.2591429297690806 40
1756349706803 0.24950091476025787 41
1756349706853 0.18219241370325504 42
1756349706903 0.21479563674201135 43
1756349706953 0.31166809635317844 44
1756349707002 0.26565400932146155 45
1756349707052 0.23365947474604068 46
1756349707102 0.24618395936229956 47
1756349707153 0.17819929835589035 48
1756349707203 0.20349892358417096 49
1756349707254 0.19224102762730225 50
1756349707304 0.16173912843932275 51
1756349707354 0.16213178861400354 52
1756349707405 0.13873562573090845 53
1756349707455 0.2047758575366891 54
1756349707505 0.2061273335762646 55
1756349707556 0.18282857634451077 56
1756349707606 0.24723203674606656 57
1756349707657 0.1827039271593094 58
1756349707707 0.13096118054312209 59
1756349707757 0.1497558091321717 60
1756349707808 0.151329201200734 61
1756349707859 0.13067926693221796 62
1756349707909 0.1812913365986036 63
1756349707960 0.15680531169409337 64
1756349708010 0.15743810861654903 65
1756349708061 0.17411109869894775 66
1756349708112 0.17790942833475445 67
1756349708163 0.15356460618584053 68
1756349708213 0.15727132720791775 69
1756349708264 0.14655826629503912 70
1756349708315 0.12395176615404047 71
1756349708366 0.11199280392864476 72
1756349708417 0.10548806449641353 73
1756349708468 0.13514489502362584 74
1756349708518 0.11708009275405304 75
1756349708570 0.1207312939931517 76
1756349708621 0.11002909683662912 77
1756349708672 0.1791486066320668 78
1756349708723 0.14499730098506677 79
1756349708774 0.10470593688280685 80
1756349708825 0.08952154769845631 81
1756349708876 0.08745286208779915 82
1756349708928 0.13614329047825025 83
1756349708979 0.12166284154290738 84
1756349709030 0.11289807959743169 85
1756349709081 0.13615927829042726 86
1756349709133 0.11905473624558552 87
1756349709185 0.1417794784773951 88
1756349709236 0.08228639804798624 89
1756349709288 0.11831684799297996 90
1756349709339 0.088488244816013 91
1756349709391 0.10552033603839252 92
1756349709443 0.09273379117898319 93
1756349724772 3.141457816828852 1
1756349724826 2.820104295792787 2
1756349724878 2.91626529071642 3
1756349724930 1.3298779129981995 4
1756349724982 1.151733636856079 5
1756349725034 1.0051856611085974 6
1756349725086 0.952767664971559 7
1756349725138 0.5561800923036493 8
1756349725190 0.8806144944999529 9
1756349725242 0.6044206619262695 10
1756349725294 0.5800680621810581 11
1756349725346 0.6494347414244777 12
1756349725398 0.5105486920346385 13
1756349725450 0.3969937569421271 14
1756349725502 0.3312990296146144 15
1756349725554 0.5502773516851923 16
1756349725606 0.5492162095463794 17
1756349725659 0.4133570135935493 18
1756349725711 0.34033345852209174 19
1756349725764 0.35287678695243335 20
1756349725816 0.3768539610116378 21
1756349725869 0.37478037696817645 22
1756349725921 0.263923159112101 23
1756349725974 0.258762811836989 24
1756349726026 0.3700304825020873 25
1756349726078 0.39196845565153204 26
1756349726131 0.26184565930262854 27
1756349726183 0.2449892762562503 28
1756349726236 0.26986866055623343 29
1756349726289 0.24874387422333594 30
1756349726341 0.23625338887390884 31
1756349726394 0.18501931817635245 32
1756349726447 0.20847141062435898 33
1756349726500 0.22977593800295953 34
1756349726553 0.20098570669474808 35
1756349726605 0.18152919800385184 36
1756349726658 0.22085954184117523 37
1756349726710 0.23085336840671042 38
1756349726763 0.23824799546728964 39
1756349726817 0.198153058471887 40
1756349726870 0.1892467882970105 41
1756349726923 0.16344982223666232 42
1756349726975 0.19442781903173612 43
1756349727028 0.18260277580955755 44
1756349727081 0.22187749199245288 45
1756349727135 0.17335568724767023 46
1756349727188 0.1868775461031043 47
1756349727241 0.1746848032850286 48
1756349727295 0.1420967021714086 49
1756349727348 0.19156442938939386 50
1756349727401 0.1965872463972672 51
1756349727454 0.16484394183625345 52
1756349727507 0.1605791300535202 53
1756349727560 0.1423588087377341 54
1756349727614 0.15064259715702222 55
1756349727667 0.13248928652509398 56
1756349727720 0.14146356786722722 57
1756349727774 0.12219592945083328 58
1756349727827 0.10391086437132048 59
1756349727881 0.10931605392176172 60
1756349727934 0.09817792442829712 61
1756349727988 0.10825072892982027 62
1756349728041 0.10648031467976778 63
1756349728094 0.13715794309973717 64
1756349728148 0.14129067098964815 65
1756349728201 0.11644309953502986 66
1756349728255 0.09724136474339859 67
1756349728308 0.12539529832808868 68
1756349728362 0.14100900486759518 69
1756349728416 0.12307736617715462 70
1756349728470 0.14090127433123795 71
1756349728523 0.12205576022034106 72
1756349728577 0.13115517568329108 73
1756349728630 0.13711725855651108 74
1756349728684 0.11945222625913827 75
1756349728738 0.13361478629319565 76
1756349728791 0.12729905788665233 77
1756349728844 0.11120036163407823 78
1756349750859 2.4939042899919595 1
1756349750915 3.4238653753114785 2
1756349750968 3.1515224394590957 3
1756349751022 2.241202800170235 4
1756349751076 1.1344682807507722 5
1756349751130 1.0522322395573491 6
1756349751184 1.0068344357221022 7
1756349751238 0.8875554592713065 8
1756349751292 0.7890862239443738 9
1756349751346 0.595652708540792 10
1756349751400 0.6589152022548344 11
1756349751454 0.5235142798527427 12
1756349751508 0.5590787050516709 13
1756349751562 0.5759166621643564 14
1756349751616 0.6043959480264912 15
1756349751670 0.4732255728348442 16
1756349751724 0.5756040426052135 17
1756349751778 0.4483169628226239 18
1756349751832 0.39604433463967365 19
1756349751886 0.51116365323896 20
1756349751941 0.44358459050240723 21
1756349751995 0.41081060339575226 22
1756349752049 0.49356453574222064 23
1756349752104 0.49713953552038775 24
1756349752158 0.3768957759375158 25
1756349752212 0.35404397288094397 26
1756349752267 0.3900191006453141 27
1756349752321 0.47995382158652594 28
1756349752376 0.4622562573007915 29
1756349752430 0.35165913791760156 30
1756349752484 0.2795079661452252 31
1756349752539 0.3924054905124333 32
1756349752593 0.36303424964780395 33
1756349752648 0.36753278841143067 34
1756349752702 0.4753113116907037 35
1756349752757 0.3179076362563216 36
1756349752811 0.2618596741686697 37
1756349752866 0.3222739469745885 38
1756349752921 0.24956571958635165 39
1756349752975 0.30286400279273157 40
1756349753030 0.3753289262885633 41
1756349753085 0.3452516107455544 42
1756349753140 0.24160197053266608 43
1756349753195 0.2334979795243429 44
1756349753249 0.19726165805173956 45
1756349753304 0.2616031710868296 46
1756349753359 0.26787126388238824 47
1756349753414 0.22042611889217212 48
1756349753469 0.29425098876590317 49
1756349753524 0.40169367064600403 50
1756349753579 0.6417727483355481 51
1756349753634 0.36503857050252997 52
1756349753689 0.2844941580425138 53
1756349753744 0.24938211719626965 54
1756349753799 0.3479442129964414 55
1756349753854 0.2774680290857087 56
1756349753909 0.26425182884154114 57
1756349753964 0.3102937991852346 58
1756349754019 0.2079662544571835 59
1756349754074 0.17090252560117972 60
1756349754129 0.19079833186191061 61
1756349754184 0.2374315955068754 62
1756349754239 0.22483936357109444 63
1756349754294 0.22170403858889703 64
1756349754349 0.17624141632214838 65
1756349754405 0.19985347467920053 66
1756349754460 0.1373843599272811 67
1756349754516 0.13386093112437622 68
1756349754571 0.18903382997150006 69
1756349754626 0.17113576278738354 70
1756349754682 0.1522610543862633 71
1756349754737 0.15713968468101128 72
1756349754793 0.1513363662297311 73
1756349754848 0.13902019158653592 74
1756349754904 0.13517101125224776 75
1756349754959 0.16437316799293394 76
1756349755015 0.1403059343928876 77
1756349755071 0.17992825676565585 78
1756349755126 0.1407695997344411 79
1756349755182 0.17032208131707233 80
1756349755237 0.2571936207620994 81
1756349755293 0.15689066327784373 82
1756349755349 0.15022712557212167 83
1756349755405 0.11796644751144492 84
1756349755461 0.17600114416816962 85
1756349755517 0.1616607020082681 86
1756349755573 0.1394965749071992 87
1756349755629 0.12016528520895087 88
1756349755685 0.09975173324346542 89
1756349755742 0.10748639184495677 90
1756349755798 0.11037777250875598 91
1756349755854 0.1181264932712783 92
1756349755911 0.10690099049521529 93
1756349755968 0.13239678999652033 94
1756349756024 0.10475151613354683 95
1756349756080 0.1258517756410267 96
1756349756136 0.09456344661505325 97
1756349756193 0.09148764723668927 98
1756349756249 0.10195058810970058 99
1756349756305 0.12799011057485704 100
1756349756362 0.10236147807344147 101
1756349756418 0.0845513115434543 102
1756349756475 0.09655312740284464 103
1756349756532 0.15876325333248015 104
1756349756589 0.13547919528639835 105
1756349756645 0.11021689973447633 106
1756349756702 0.08409130508485048 107
1756349756758 0.09173323052084964 108
1756349756815 0.07730043647081955 109
1756349756872 0.08879496205760085 110
1756349756929 0.08198583207052687 111
1756349867274 2.8780582313952237 1
1756349867348 2.135774640933327 2
1756349867416 1.5690641791924187 3
1756349867484 1.4481950402259827 4
1756349867552 1.2290715601133264 5
1756349867620 0.9072810929754506 6
1756349867689 0.7490782977446265 7
1756349867757 0.692590418069259 8
1756349867826 0.4639494594024575 9
1756349867894 0.5299726309983627 10
1756349867963 0.5655141744924628 11
1756349868031 0.3629847667787386 12
1756349868100 0.4525217057570167 13
1756349868168 0.3754175454378128 14
1756349868237 0.4431779507709586 15
1756349868306 0.41977219996245013 16
1756349868374 0.5367209930782733 17
1756349868444 0.8332259732743968 18
1756349868512 0.4296740682228752 19
1756349868580 0.4151301526505014 20
1756349868649 0.5477231086596198 21
1756349868717 0.5221669861803884 22
1756349868786 0.7710554159205892 23
1756349868856 0.46751227715741034 24
1756349868924 0.30567198667837225 25
1756349868992 0.38909818815148395 26
1756349869061 0.24550021375003067 27
1756349869128 0.26416720773862756 28
1756349869198 0.25170211202424503 29
1756349869267 0.29765751893105713 30
1756349869335 0.22148991862069006 31
1756349869404 0.22705975336873013 32
1756349869473 0.18085230433422586 33
1756349869543 0.22537111912084662 34
1756349869613 0.19388942938783896 35
1756349869682 0.20582888664110846 36
1756349869751 0.22415599518496057 37
1756349869819 0.20616314981294714 38
1756349869888 0.23260026457517044 39
1756349869957 0.15284598910290262 40
1756349870025 0.1416645814543185 41
1756349870094 0.15692911264689072 42
1756349870163 0.25126296767722006 43
1756349870231 0.18318214753399725 44
1756349870300 0.21306547295788061 45
1756349870369 0.16674331316481467 46
1756349870437 0.14129034559363904 47
1756349870507 0.11459089848010437 48
1756349870576 0.16223181525002356 49
1756349870645 0.15926371255646582 50
1756349870714 0.13774482873470886 51
1756349870783 0.14474282867234686 52
1756349870852 0.1795363500714302 53
1756349870921 0.1256458665365758 54
1756349870991 0.15041759642569916 55
1756349871060 0.12448745334277982 56
1756349871129 0.13049845818592154 57
1756349871198 0.14924332596685574 58
1756349871267 0.2066947973292807 59
1756349871337 0.22300642825987027 60
1756349871406 0.15609178821677747 61
1756349871475 0.1262794081931529 62
1756349871544 0.11856730444275815 63
1756349871614 0.12078461164365643 64
1756349871683 0.1224951580490755 65
1756349871753 0.10912403431923492 66
1756349871822 0.14696540149009746 67
1756349871892 0.14057969690664954 68
1756349871962 0.12598216387888658 69
1756349872032 0.09028839449519696 70
1756349872102 0.09455689706880113 71
1756349872172 0.10335139444340831 72
1756349872241 0.1130932512814584 73
1756349872311 0.09572447026553361 74
1756349872381 0.11542448952146199 75
1756349872712 0.08298577530228574 76
1756349872783 0.10762122435414273 77
1756349872854 0.07223307616684747 78
1756349872925 0.07711567243804103 79
1756349872995 0.08420400143317554 80
1756349873066 0.09435018022423206 81
1756349873136 0.09237773441102194 82
1756349873207 0.06720882880946864 83
1756349873278 0.07052494634104811 84
1756349873348 0.07845878925012506 85
1756349983232 4.039284794226937 1
1756349983314 3.0483820490215137 2
1756349983394 2.6193459500437197 3
1756349983473 1.8082841194194297 4
1756349983553 1.875220775604248 5
1756349983632 1.3453474511270938 6
1756349983711 0.9068831697754238 7
1756349983791 0.9309578356535538 8
1756349983870 0.8587694232878478 9
1756349983949 0.855300670084746 10
1756349984028 0.5902048815851626 11
1756349984108 0.6257014481917672 12
1756349984187 0.6037425068409547 13
1756349984267 0.5576291537803152 14
1756349984346 0.5170219799746638 15
1756349984427 0.5534956986489503 16
1756349984507 0.5592363113942354 17
1756349984587 0.5393694665120996 18
1756349984667 0.38291481590789295 19
1756349984746 0.35643480912498804 20
1756349984826 0.3595322739818822 21
1756349984906 0.4499183970948924 22
1756349984985 0.3912226058866667 23
1756349985065 0.4118955381538557 24
1756349985145 0.355135264603988 25
1756349985225 0.4025769829750061 26
1756349985305 0.3823936348376067 27
1756349985384 0.3516482704359552 28
1756349985464 0.5091324526330699 29
1756349985544 0.3914477099543032 30
1756349985624 0.37597967554693634 31
1756349985705 0.3489049848007119 32
1756349985785 0.2980858819640201 33
1756349985865 0.3485974086367566 34
1756349985945 0.282482596843139 35
1756349986026 0.33472465302633203 36
1756349986106 0.3357835402307303 37
1756349986186 0.27757278019967285 38
1756349986266 0.3064534929783448 39
1756349986348 0.2823702239471933 40
1756349986429 0.25729306560495624 41
1756349986509 0.25193779526845267 42
1756349986590 0.23721772302751956 43
1756349986670 0.26483052450677624 44
1756349986752 0.28286784822526184 45
1756349986832 0.24939452241296353 46
1756349986913 0.2242509223844694 47
1756349986994 0.2331967541705007 48
1756349987074 0.22112510580083597 49
1756349987155 0.19463415184746619 50
1756349987236 0.2158741717753203 51
1756349987316 0.22293411033309024 52
1756349987396 0.19054584431907404 53
1756349987477 0.19927752860214398 54
1756349987558 0.2205233337438625 55
1756349987638 0.2590228701415269 56
1756349987719 0.29315647612447326 57
1756349987800 0.246192903622337 58
1756349987881 0.22755069479994153 59
1756349987962 0.21182545306889908 60
1756349988042 0.1855116813727047 61
1756349988123 0.21173613388901172 62
1756349988204 0.17093836451354233 63
1756349988285 0.16328652300264523 64
1756349988366 0.15327700097923694 65
1756349988447 0.21016781777143478 66
1756349988528 0.21097170788308847 67
1756349988609 0.29006178547506745 68
1756349988690 0.21933635648178018 69
1756349988771 0.1822799308144528 70
1756349988852 0.20076589059570563 71
1756349988934 0.22424556476914365 72
1756349989015 0.2608294130667396 73
1756349989096 0.2569511192648307 74
1756349989177 0.1619003317926241 75
1756349989258 0.1725574981259263 76
1756349989340 0.20541347271722296 77
1756349989421 0.2075323608258496 78
1756349989503 0.1789372845188431 79
1756349989584 0.22095270228126776 80
1756349989666 0.17157701078964316 81
1756349989747 0.1292121533466422 82
1756349989829 0.1217059327856354 83
1756349989911 0.13931936009422594 84
1756349989993 0.14389268940557604 85
1756349990074 0.12719312083462012 86
1756349990156 0.19918613492146783 87
1756349990238 0.16079501240797664 88
1756349990319 0.12026389202345973 89
1756349990401 0.1743373096637104 90
1756349990482 0.15505002017902292 91
1756349990564 0.17192774687124335 92
1756349990646 0.1250976936324783 93
1756349990727 0.1050009353329306 94
1756349990810 0.11609990279311719 95
1756349990891 0.11174164906792018 96
1756349990973 0.12233596197936845 97
1756349991055 0.11859206920084746 98
1756349991136 0.09927651026974553 99
1756349991218 0.09718862305516782 100
1756349991300 0.11264178416003352 101
1756349991382 0.11669853459233823 102
1756349991464 0.11018786223038383 103
1756349991546 0.09528396651148796 104
1756349991628 0.09193504569323166 105
1756349991710 0.08591913278012173 106
1756349991793 0.09350446109538493 107
1756349991875 0.09385491081553957 108
1756349991957 0.10991129117167514 109
1756349992039 0.09570358515433643 110
1756349992122 0.1373964977329192 111
1756349992204 0.08955097846362901 112
1756349992287 0.09334959915798643 113
1756349992369 0.08733322617152463 114
1756349992451 0.10192775904484418 115
1756349992534 0.084744265060062 116
1756349992616 0.09455781073673912 117
1756349992698 0.07834704528036325 118
1756349992780 0.09925069384600806 119
1756349992863 0.09491181567959163 120
1756349992945 0.09106341522672902 121
1756349993272 0.0721128484963075 122
1756349993355 0.07003604353446027 123
1756349993438 0.06488693570313246 124
1756349993521 0.07016937418476395 125
1756349993603 0.07152470589979835 126
1756349993686 0.07231646727608598 127
1756349993768 0.07767539519978606 128
1756349993851 0.07445769465487936 129
1756349993934 0.07422171938030617 130
1756349994017 0.0970186503685039 131
1756349994100 0.08484763052800427 132
1756349994182 0.06828919368917527 133
1756349994265 0.06525188797841901 134
1756349994348 0.07036269512837348 135
1756349994430 0.07096185000694316 136
1756349994513 0.07376279147422832 137
1756349994596 0.07140352495986482 138
1756349994679 0.07030459720155467 139
1756349994762 0.0720621619535529 140
1756349994845 0.06251854044587715 141
1756349994928 0.06743628920420357 142
1756350004038 2.9529546201229095 1
1756350004123 1.492159793774287 2
1756350004206 1.6588059415419896 3
1756350004289 2.2780853311220803 4
1756350004372 1.9437766273816426 5
1756350004456 2.036626254518827 6
1756350004539 1.2580091208219528 7
1756350004622 1.041680986682574 8
1756350004706 1.3072789410750072 9
1756350004790 1.290407955646515 10
1756350004873 0.8767671982447306 11
1756350004957 0.7061173841357231 12
1756350005040 0.6385558346907297 13
1756350005124 0.5750363493959109 14
1756350005207 0.5163145189483961 15
1756350005291 0.5657641341288885 16
1756350005375 0.4648110345005989 17
1756350005459 0.5501565411686897 18
1756350005542 0.5054694712162018 19
1756350005627 0.47344360997279483 20
1756350005711 0.41967814043164253 21
1756350005795 0.403508481880029 22
1756350005879 0.41997962445020676 23
1756350005963 0.3345594257116318 24
1756350006047 0.5350335910916328 25
1756350006132 0.567728395263354 26
1756350006216 0.42730312794446945 27
1756350006301 0.34020249048868817 28
1756350006386 0.29749948779741925 29
1756350006470 0.3041565604507923 30
1756350006554 0.2880280961592992 31
1756350006639 0.3890102369089921 32
1756350006723 0.39046020184954006 33
1756350006807 0.5094387121498585 34
1756350006892 0.4241291346649329 35
1756350006976 0.3496816543241342 36
1756350007060 0.3604048589865367 37
1756350007147 0.38501573478182155 38
1756350007232 0.297728031873703 39
1756350007317 0.32108737776676816 40
1756350007402 0.32258325939377147 41
1756350007488 0.21324825969835123 42
1756350007572 0.25448783735434216 43
1756350007657 0.199664286027352 44
1756350007742 0.2706725460787614 45
1756350007827 0.2878797339896361 46
1756350007912 0.21060451865196228 47
1756350007997 0.2566382872561614 48
1756350008082 0.18614458913604418 49
1756350008167 0.24020246292153993 50
1756350008252 0.23475904514392218 51
1756350008338 0.23377766956885657 52
1756350008423 0.2455627123514811 53
1756350008508 0.199820256481568 54
1756350008594 0.17185126493374506 55
1756350008679 0.22878148096303144 56
1756350008764 0.21072042174637318 57
1756350008850 0.24363412521779537 58
1756350008935 0.23552940289179483 59
1756350009020 0.1995515382538239 60
1756350009106 0.18658123910427094 61
1756350009191 0.18911821333070597 62
1756350009277 0.19072583814462027 63
1756350009363 0.21655641496181488 64
1756350009448 0.24029030526677767 65
1756350009534 0.20302857955296835 66
1756350009619 0.1820051334798336 67
1756350009705 0.21282920241355896 68
1756350009790 0.16015365347266197 69
1756350009876 0.16210469417273998 70
1756350009962 0.15006808377802372 71
1756350010048 0.14533943869173527 72
1756350010133 0.14474374055862427 73
1756350010219 0.12664765057464442 74
1756350010305 0.128174290060997 75
1756350010391 0.15874778851866722 76
1756350010476 0.19515345121423402 77
1756350010561 0.17119100069006285 78
1756350010647 0.2392661819855372 79
1756350010733 0.17226030801733336 80
1756350025088 2.6586063789284746 1
1756350025176 1.483009519784347 2
1756350025261 1.4041591675385185 3
1756350025348 1.4588136932124263 4
1756350025433 1.4375048616658086 5
1756350025519 1.2981302634529446 6
1756350025605 0.9635933041572571 7
1756350025691 0.7320568043252696 8
1756350025777 0.7307986992856731 9
1756350025863 0.662464412658111 10
1756350025949 0.8394354387469913 11
1756350026035 1.1128038193868555 12
1756350026122 0.664551458928896 13
1756350026208 0.5411007158134294 14
1756350026294 0.7580342798129373 15
1756350026380 0.7267067276913187 16
1756350026466 0.6509147467820541 17
1756350026553 0.7533794110235961 18
1756350026639 0.9258786854536637 19
1756350026726 0.5470786664796912 20
1756350026812 0.5829468408356542 21
1756350026898 0.48200207430383435 22
1756350026985 0.5370911320914393 23
1756350027071 0.6340005669904791 24
1756350027158 0.5034015606278959 25
1756350027244 0.5063401382902394 26
1756350027331 0.5130278357993001 27
1756350027417 0.46875027340391406 28
1756350027504 0.35932929619498877 29
1756350027591 0.3591735725817473 30
1756350027677 0.4975181617166685 31
1756350027764 0.4729133488043495 32
1756350027852 0.3421110951382181 33
1756350027939 0.4103007919114569 34
1756350028027 0.5158222304738086 35
1756350028114 0.40171613511831866 36
1756350028202 0.35558835902939673 37
1756350028289 0.4427901376848635 38
1756350028376 0.37403290621612384 39
1756350028463 0.3805749001710311 40
1756350028550 0.3690325915813446 41
1756350028638 0.287912940201552 42
1756350028725 0.34634841071522754 43
1756350029060 0.3778879435166069 44
1756350029148 0.24059341588745947 45
1756350029235 0.2614390325287114 46
1756350029323 0.3853220997945122 47
1756350029411 0.3814059120157491 48
1756350029498 0.29454673956269806 49
1756350029586 0.2576817643383275 50
1756350029673 0.24511909679226254 51
1756350029761 0.2501205055286055 52
1756350029848 0.3835895165153172 53
1756350029936 0.294913240748903 54
1756350030023 0.2951343992482061 55
1756350030111 0.28125885193762573 56
1756350030200 0.275662155902904 57
1756350030288 0.242480524532173 58
1756350030375 0.3041707685460215 59
1756350030463 0.257261690562186 60
1756350030550 0.3119556372580321 61
1756350030638 0.30156404168709466 62
1756350030726 0.1868628205164619 63
1756350030814 0.2087081039081449 64
1756350030902 0.21595462444035904 65
1756350030990 0.2635294924611631 66
1756350031078 0.25981667184311413 67
1756350031166 0.26186721804349317 68
1756350031254 0.23487855753172998 69
1756350031341 0.19405831121232198 70
1756350031429 0.18355834386918857 71
1756350031517 0.20478783029577005 72
1756350031604 0.17059884868238284 73
1756350031692 0.2063047746601312 74
1756350038410 3.395689686139425 1
1756350038501 2.3588303327560425 2
1756350038590 2.442470133304596 3
1756350038679 1.3987884918848674 4
1756350038767 1.0985976060231526 5
1756350038855 0.7127694189548492 6
1756350038943 0.7039710928996404 7
1756350039031 0.6722100178400675 8
1756350039119 0.5221530546744665 9
1756350039208 0.6086992472410202 10
1756350039296 0.588329960902532 11
1756350039384 0.4322596490383148 12
1756350039472 0.488288273413976 13
1756350039561 0.48252631227175397 14
1756350039649 0.3759249299764633 15
1756350039737 0.4144191046555837 16
1756350039825 0.34603198369344074 17
1756350039915 0.3250636160373688 18
1756350040003 0.32176179190476734 19
1756350040092 0.2845917468269666 20
1756350040180 0.2691934009393056 21
1756350040269 0.3150360162059466 22
1756350040357 0.2786308328310649 23
1756350040446 0.20673211167256036 24
1756350040534 0.19068273901939392 25
1756350040623 0.1917482689023018 26
1756350040711 0.1900218998392423 27
1756350040799 0.2057743196686109 28
1756350040888 0.21334643910328546 29
1756350040977 0.21759890268246332 30
1756350041065 0.24433351308107376 31
1756350041154 0.1974852333466212 32
1756350041243 0.1884539599219958 33
1756350041332 0.16222220907608667 34
1756350041421 0.16090364505847296 35
1756350041509 0.1463246482113997 36
1756350041599 0.13809380183617273 37
1756350041688 0.18355213229854903 38
1756350041777 0.2123899186650912 39
1756350041865 0.15346394355098406 40
1756350041954 0.16122322777907053 41
1756350042043 0.1154542366663615 42
1756350042132 0.11927333349982898 43
1756350042221 0.10235053052504857 44
1756350042310 0.10577365259329478 45
1756350042400 0.09665983418623607 46
1756350042488 0.10892199476559956 47
1756350042577 0.1152097557981809 48
1756350042666 0.13969297458728155 49
1756350042755 0.09576075772444408 50
1756350042844 0.11308703571557999 51
1756350042933 0.11097602546215057 52
1756350043023 0.12657710909843445 53
1756350043112 0.09834084783991177 54
1756350043201 0.12755711625019708 55
1756350043290 0.09672050302227338 56
1756350043378 0.11524466176827748 57
1756350043468 0.10927704597512881 58
1756350043557 0.08021127122143905 59
1756350043647 0.08067276328802109 60
1756350043736 0.0977055976788203 61
1756350043826 0.08565264816085498 62
1756350043916 0.0937533328930537 63
1756350044005 0.08582244316736858 64
1756350044095 0.09571397304534912 65
1756350044184 0.08631161724527676 66
1756350044273 0.07740963002045949 67
1756350044362 0.09193917736411095 68
1756350044452 0.164598831286033 69
1756350044541 0.1524904432396094 70
1756350044630 0.135358693699042 71
1756350044720 0.11208443095286687 72
1756350044809 0.1118307076394558 73
1756350044899 0.09036185592412949 74
1756350044989 0.07720122362176578 75
1756350045078 0.0965987245241801 76
1756350045168 0.08523622589806716 77
1756350045258 0.07312717164556186 78
1756350045348 0.09386756767829259 79
1756350045438 0.07417240490516026 80
1756350045527 0.06833578646183014 81
1756350045617 0.0611078105866909 82
1756350045707 0.061502644792199135 83
1756350045797 0.06624376960098743 84
1756350045887 0.06310780718922615 85
1756350045978 0.07837574183940887 86
1756350046069 0.06487727165222168 87
1756350046158 0.10291192245980103 88
1756350046248 0.0642096692075332 89
1756350046338 0.07047990709543228 90
1756350046428 0.06172610384722551 91
1756350046518 0.053422645355264343 92
1756350046609 0.046480571230252586 93
1756350046699 0.07552120524148147 94
1756350046789 0.06299775838851929 95
1756350046880 0.06739002155760924 96
1756350046972 0.054526038467884064 97
1756350047063 0.060825642198324203 98
1756350066882 2.0435819729514746 1
1756350066975 1.929413730683534 2
1756350067066 3.0699934803921245 3
1756350067157 2.6504062025443367 4
1756350067248 1.2613712523294531 5
1756350067338 0.7429934986259626 6
1756350067429 0.7436212884343189 7
1756350067520 0.6084125910116278 8
1756350067610 0.6683526052081067 9
1756350067701 0.5472551661988964 10
1756350067793 0.40485911265663477 11
1756350067883 0.36525573095549707 12
1756350067975 0.32241257247717486 13
1756350068066 0.325603904283565 14
1756350068157 0.3840846237928971 15
1756350068499 0.27051084715387097 16
1756350068591 0.4057256572920343 17
1756350068683 0.23517226654550302 18
1756350068775 0.20555760225524072 19
1756350068867 0.19710068210311557 20
1756350068959 0.18809521619392477 21
1756350069053 0.2615112289786339 22
1756350069145 0.2816740319780681 23
1756350069237 0.2409994339813357 24
1756350069331 0.24026439889617587 25
1756350069423 0.2036349067221517 26
1756350069515 0.2175068622050078 27
1756350069607 0.24048733970393305 28
1756350069699 0.22214984861405 29
1756350069791 0.21834031136139578 30
1756350069883 0.19207064710233523 31
1756350069975 0.1343271269098572 32
1756350070068 0.1588274694007376 33
1756350070160 0.12157503920404808 34
1756350070252 0.1294619188360546 35
1756350070344 0.1696922540988611 36
1756350070437 0.15902042972004932 37
1756350070529 0.12273748348588528 38
1756350070621 0.12780802146248196 39
1756350070714 0.16848022134407706 40
1756350070807 0.13711022456055103 41
1756350070899 0.15804190966098206 42
1756350070992 0.1406324068489282 43
1756350071085 0.11677384684267252 44
1756350071177 0.1122553502411946 45
1756350071269 0.12105669907253722 46
1756350071361 0.12380711264584375 47
1756350071454 0.17615786486345789 48
1756350071546 0.1289539981795394 49
1756350071638 0.0994070133437281 50
1756350071731 0.10084705702636552 51
1756350071823 0.09367044853127521 52
1756350071917 0.15210066168852474 53
1756350072010 0.09151118734608525 54
1756350072102 0.13300192890607793 55
1756350072195 0.12815759687320047 56
1756350072287 0.10469440629948741 57
1756350072380 0.09367708764646364 58
1756350072473 0.13070758658906687 59
1756350072565 0.1075199596259905 60
1756350072658 0.09440046840387842 61
1756350072751 0.07869265682023505 62
1756350072844 0.1287106474780518 63
1756350072936 0.10517241109324538 64
1756350073029 0.10945435742969098 65
1756350073122 0.09016216805447703 66
1756350073215 0.0823431136491506 67
1756350073308 0.07953099469127863 68
1756350073400 0.10938248653774676 69
1756350073493 0.09292188335372054 70
1756350073586 0.08441630993848262 71
1756350073679 0.0768358560036058 72
1756350073773 0.05521687346956004 73
1756350073866 0.07083217329953027 74
1756350073959 0.08142800580548204 75
1756350074052 0.081032560247442 76
1756350074145 0.05424536497372648 77
1756350074239 0.07351486725003822 78
1756350074331 0.10684418848351292 79
1756350074424 0.08573485554560371 80
1756350074517 0.0799795120306637 81
1756350074611 0.05429008392536122 82
1756350074705 0.060421222739893456 83
1756350074799 0.05255711394483629 84
1756350074892 0.057200200045886246 85
1756350074985 0.07595328946152459 86
1756350075078 0.08747656934935114 87
1756350075171 0.0657752403260573 88
1756350075265 0.05171070847174396 89
1756350075358 0.04764075690637464 90
1756350075452 0.04404223378261794 91
1756350075546 0.05752754373394925 92
1756350075639 0.055621684002487556 93
1756350075732 0.04708630624024764 94
1756350075826 0.05264817210643188 95
1756350075920 0.04654152577985888 96
1756350076014 0.04328620458102744 97
1756350076107 0.04121745750308037 98
1756350076201 0.0412004292011261 99
1756350076295 0.04565097116257833 100
1756350076388 0.04773386300581953 101
1756350076482 0.034321895436100334 102
1756350182325 3.0661320168039072 1
1756350182433 2.267027015271394 2
1756350182535 3.103943363479946 3
1756350182637 1.7213814932367075 4
1756350182762 1.1103939763877704 5
1756350182865 0.8297320047150487 6
1756350182968 0.5025222923444665 7
1756350183071 0.5362270895553671 8
1756350183174 0.5444202377744343 9
1756350183276 0.5612935138785321 10
1756350183379 0.4008410728496054 11
1756350183482 0.39894496357959247 12
1756350183597 0.3668337101521699 13
1756350183700 0.2805692624786626 14
1756350183803 0.29153774160405865 15
1756350183905 0.29952565289062 16
1756350184009 0.20318898623404297 17
1756350184111 0.23950230556985605 18
1756350184215 0.253262081871862 19
1756350184318 0.21589951508718988 20
1756350184421 0.2061799537876378 21
1756350184532 0.17712272898010586 22
1756350184634 0.200904771361662 23
1756350184737 0.18877527117729187 24
1756350184843 0.1914487277036128 25
1756350184947 0.1770030399379523 26
1756350185050 0.16734581797019296 27
1756350185153 0.1259314962055372 28
1756350185256 0.12874983996152878 29
1756350185359 0.165089996288652 30
1756350185463 0.1622971106806527 31
1756350185566 0.17656543705126512 32
1756350185669 0.4238698116463164 33
1756350185772 0.3460734457425449 34
1756350185877 0.18741002111979152 35
1756350185980 0.17218089460030847 36
1756350186084 0.17633300598548807 37
1756350186188 0.14454093413508456 38
1756350186291 0.1509482167337252 39
1756350186395 0.12800173007923624 40
1756350186498 0.1903355141048846 41
1756350186601 0.17864025546156842 42
1756350186704 0.13672348144261734 43
1756350186807 0.1415349666191184 44
1756350186911 0.14030986182067706 45
1756350187021 0.17903554504332336 46
1756350187125 0.19303397348393564 47
1756350187228 0.16548162536776584 48
1756350187331 0.1314156900929368 49
1756350187434 0.10050654265543689 50
1756350187837 0.11235066146954246 51
1756350187941 0.10198260568406271 52
1756350188046 0.09374967104066974 53
1756350188150 0.07104653298206952 54
1756350188254 0.09165948435016301 55
1756350188358 0.08589604739909587 56
1756350188462 0.08541882200085599 57
1756350188566 0.1496543116543604 58
1756350188685 0.11238377071593118 59
1756350188790 0.06429765737898972 60
1756350188895 0.07615213233815588 61
1756350188999 0.07948415070448232 62
1756350189103 0.08761489925825078 63
1756350189208 0.08783356553834418 64
1756350189312 0.08175149454694727 65
1756350189418 0.06908981728812923 66
1756350189523 0.06701982766389847 67
1756350189627 0.07588472873296427 68
1756350189732 0.09111077289866365 69
1756350189837 0.06159034274194552 70
1756350189942 0.07157682692227156 71
1756350190047 0.07268030973880188 72
1756350190152 0.08788641963316046 73
1756350190256 0.06885615444701651 74
1756350190361 0.09170206814356473 75
1756350190474 0.0654728709841552 76
1756350190580 0.06672135772912399 77
1756350190684 0.0832880758073019 78
1756350190789 0.0831892930943033 79
1756350190894 0.06870771329040112 80
1756350190998 0.05035610456505547 81
1756350191103 0.05269376415273418 82
1756350191207 0.05824534262975921 83
1756350191312 0.05783750708012477 84
1756350203868 2.9511275757914004 1
1756350203974 1.4319307804107666 2
1756350204078 2.5531050174132637 3
1756350204182 1.6794388397880222 4
1756350204286 1.5665422729823901 5
1756350204390 0.7554714550142703 6
1756350204495 0.5743833935779074 7
1756350204600 0.478434294462204 8
1756350204705 0.713904108690179 9
1756350204810 0.48805422821770544 10
1756350204914 0.30957590561846027 11
1756350205019 0.3891212778246921 12
1756350205124 0.4041775290084922 13
1756350205229 0.40897924226263294 14
1756350205334 0.4854674417039622 15
1756350205439 0.3200013171071592 16
1756350205544 0.31259123851423676 17
1756350205649 0.30562162075353705 18
1756350205754 0.3757819896158965 19
1756350205859 0.3010501122992972 20
1756350205964 0.26820896565914154 21
1756350206070 0.191322463038175 22
1756350206176 0.20016587104486383 23
1756350206281 0.14901274507460388 24
1756350206387 0.16090790214745895 25
1756350206494 0.16039187849863715 26
1756350206600 0.18128201689409174 27
1756350206705 0.16432191982217456 28
1756350206811 0.13264570093673209 29
1756350206916 0.1359752021406008 30
1756350207022 0.1319046597117963 31
1756350207128 0.09778896913580272 32
1756350207234 0.0947989231866339 33
1756350207339 0.09585673232441363 34
1756350207445 0.11273699707311133 35
1756350207550 0.10566408041378726 36
1756350207656 0.10547720948639124 37
1756350207762 0.11204944421415744 38
1756350207867 0.12494908888702808 39
1756350207973 0.12602172629988712 40
1756350208079 0.15925696071075357 41
1756350208186 0.16831054376519244 42
1756350208292 0.11726799704458403 43
1756350208398 0.10154800165606581 44
1756350208505 0.08850562572479248 45
1756350208612 0.138142054333635 46
1756350208718 0.2533652328926584 47
1756350208824 0.1675233964038932 48
1756350208931 0.14538758134712343 49
1756350209037 0.1037812880847765 50
1756350209144 0.07927811437326929 51
1756350209251 0.06526554343493088 52
1756350209358 0.05900131862448609 53
1756350209708 0.062144304909135986 54
1756350209816 0.06272991293150446 55
1756350209923 0.06142126639252123 56
1756350210031 0.06031862022760122 57
1756350210139 0.08923204437546108 58
1756350210246 0.10659054990695871 59
1756350210353 0.052739177709040436 60
1756350210460 0.06307924125829469 61
1756350210567 0.0752461738884449 62
1756350322216 3.852126904155897 1
1756350322336 2.677745549575142 2
1756350322453 1.7304864888605864 3
1756350322569 1.4196668643018473 4
1756350322686 1.2293597148812336 5
1756350322803 1.2621011137962341 6
1756350322920 0.7460634047570436 7
1756350323037 0.5744069361168406 8
1756350323154 0.5764559973841128 9
1756350323272 0.4892368692418803 10
1756350323389 0.4012469383685485 11
1756350323506 0.4552138784657354 12
1756350323624 0.44849763357121014 13
1756350323741 0.26812357552673505 14
1756350323859 0.2763442397117615 15
1756350323976 0.3943546122830847 16
1756350324094 0.3301129989002062 17
1756350324211 0.3304187182499015 18
1756350324329 0.3285180330276489 19
1756350324446 0.3130680413349815 20
1756350324563 0.3060110732913017 21
1756350324681 0.3207713579354079 22
1756350324799 0.2614339155995328 23
1756350324916 0.22509006086898886 24
1756350325034 0.2981452954852063 25
1756350325154 0.5901774569698002 26
1756350325272 0.32995444600996765 27
1756350325389 0.20264062674149222 28
1756350325508 0.19668752829665723 29
1756350325626 0.20538494671168533 30
1756350325744 0.24632923110671665 31
1756350325862 0.2132079374531041 32
1756350325979 0.17116399368514185 33
1756350326097 0.1576905798005021 34
1756350326215 0.16381379605635352 35
1756350326333 0.19911538420811944 36
1756350326450 0.163809336559928 37
1756350326568 0.13295504871917807 38
1756350326686 0.14847259385430295 39
1756350326803 0.11799676554358524 40
1756350326921 0.12200962411968605 41
1756350327039 0.15891360361938892 42
1756350327158 0.15957162367260974 43
1756350327275 0.1261201904195806 44
1756350327394 0.09542305022478104 45
1756350327512 0.10625280715201212 46
1756350327630 0.10792737745720407 47
1756350327747 0.10564976298938626 48
1756350327865 0.1508272717828336 49
1756350327984 0.09004665020367374 50
1756350328102 0.09963946951472241 51
1756350328220 0.12572434933289237 52
1756350328338 0.10475921306921088 53
1756350328456 0.1075747748431952 54
1756350328574 0.13444417050999144 55
1756350328693 0.10595076061461282 56
1756350328812 0.11362167285836261 57
1756350328930 0.12449263781309128 58
1756350329049 0.10445138002219408 59
1756350329168 0.09189782000106314 60
1756350329539 0.0679377732069596 61
1756350329658 0.0855881678669349 62
1756350329777 0.09064001363256703 63
1756350329896 0.08576277586752953 64
1756350330016 0.07992439684660538 65
1756350330134 0.0950073552844317 66
1756350330253 0.09850235688297646 67
1756350330373 0.07708112782110339 68
1756350330492 0.08233866840600967 69
1756350330611 0.06753002244817174 70
1756350330730 0.07644002447309702 71
1756350330849 0.06845954667938792 72
1756350330968 0.05557057658291381 73
1756350331088 0.06156479907424554 74
1756350331208 0.05900543142596017 75
1756350331328 0.07192699125279552 76
1756350331447 0.08174035714372345 77
1756350331567 0.07107118517160416 78
1756350331687 0.06323964448402757 79
1756350331807 0.06092620446630146 80
1756350331927 0.04979150653209375 81
1756350332047 0.07415368181207906 82
1756350332166 0.09775577874287315 83
1756350332286 0.11952269644193027 84
1756350332407 0.07520602902640468 85
1756350332526 0.07509541916458504 86
1756350332646 0.06516192173180373 87
1756350332766 0.08866178851736628 88
1756350332885 0.0559681031205084 89
1756350333005 0.06342803144260593 90
1756350333125 0.05652482556584089 91
1756350333245 0.05580728484884552 92
1756350333365 0.04984755668303241 93
1756350333486 0.041865651536247 94
1756350333606 0.050936691543978195 95
1756350333726 0.04938123448063498 96
1756350333846 0.05398291972992213 97
1756350333967 0.05689120074005231 98
1756350450866 2.660555836947068 1
1756350450996 3.1063394598338916 2
1756350451123 1.7484119845473247 3
1756350451250 1.341060591780621 4
1756350451376 0.9242613548817842 5
1756350451503 0.8515118593754976 6
1756350451629 0.7899400617765344 7
1756350451755 0.4898874941079513 8
1756350451881 0.45001555201799975 9
1756350452008 0.44691404700279236 10
1756350452134 0.4615792800550875 11
1756350452261 0.42837738602057746 12
1756350452388 0.3836042142432669 13
1756350452514 0.4419944513103236 14
1756350452641 0.47223606057789014 15
1756350452769 0.44155353955600574 16
1756350452896 0.433606804712959 17
1756350453022 0.3439788721177889 18
1756350453149 0.37101867406264594 19
1756350453277 0.44114259144534235 20
1756350453404 0.27784023790255835 21
1756350453531 0.2842691731841668 22
1756350453658 0.28214623293151025 23
1756350453786 0.2444180042847343 24
1756350453914 0.24387235550776773 25
1756350454041 0.31432968507642334 26
1756350454168 0.27847315500611847 27
1756350454295 0.30288007563870883 28
1756350454423 0.25290341934432153 29
1756350454816 0.3025270282574322 30
1756350454944 0.23830224767975186 31
1756350455073 0.22703445638003555 32
1756350455200 0.20354111039120218 33
1756350455327 0.23772225917681403 34
1756350455454 0.21709175667037134 35
1756350455582 0.30116879842851474 36
1756350455709 0.19350291691396548 37
1756350455836 0.21374329471069833 38
1756350455964 0.19047056721604388 39
1756350456092 0.1999952384149251 40
1756350456220 0.12963790316944537 41
1756350456349 0.1352898024994394 42
1756350456477 0.13434485038337501 43
1756350456604 0.1388285670267499 44
1756350456732 0.09777523706788602 45
1756350456859 0.09392401997161948 46
1756350456987 0.10780774186486783 47
1756350457115 0.13677909322406934 48
1756350457242 0.1390894230293191 49
1756350457370 0.10226943797391394 50
1756350457498 0.10872205784139426 51
1756350457626 0.09039129575957423 52
1756350457754 0.07945488506685132 53
1756350457883 0.0932319218535786 54
1756350458011 0.09077803239874217 55
1756350458139 0.0720261392062125 56
1756350458267 0.0867095252741938 57
1756350458395 0.0693953477818033 58
1756350458523 0.09660124211855557 59
1756350458651 0.07844620068436084 60
1756350458780 0.08656806352993716 61
1756350458909 0.107197060695161 62
1756350459037 0.07464490798504456 63
1756350459167 0.05720132403075695 64
1756350459295 0.057335153788976044 65
1756350459424 0.06761800578754881 66
1756350459552 0.07329942609952844 67
1756350459681 0.06288542687568975 68
1756350459810 0.05870693954436675 69
1756350459939 0.06681868660709132 70
1756350460070 0.0817350432600664 71
1756350460200 0.09676142522822255 72
1756350460329 0.08290810534811538 73
1756350460460 0.07114285684150198 74
1756350460589 0.07987502905661645 75
1756350460718 0.06416916928213576 76
1756350460847 0.05316205249856348 77
1756350460976 0.04810993446280127 78
1756350461106 0.04595883870902269 79
1756350479153 2.6626606920491094 1
1756350479287 1.6100717290588047 2
1756350479415 1.7209532234979712 3
1756350479543 2.0612019909464796 4
1756350479671 1.220925149710282 5
1756350479800 1.3933888427589252 6
1756350479928 1.1961405795553457 7
1756350480058 0.7492662525695303 8
1756350480187 0.6336577223694843 9
1756350480316 0.7096611727838931 10
1756350480446 0.6176824427169302 11
1756350480575 0.49212435470974963 12
1756350480706 0.49959909786348755 13
1756350480844 0.46552166213159973 14
1756350481246 0.6105856422496878 15
1756350481377 0.46994365881318634 16
1756350481507 0.5192693948097851 17
1756350481640 0.6058611390383347 18
1756350481769 0.4327921213015266 19
1756350481898 0.6608310562113057 20
1756350482029 0.31508005183676013 21
1756350482159 0.32510059942369873 22
1756350482288 0.41084815561771393 23
1756350482417 0.3862163061681001 24
1756350482549 0.6188093631163888 25
1756350482678 0.32882292763046594 26
1756350482809 0.32344081771114597 27
1756350482939 0.3227595213962638 28
1756350483069 0.39171046018600464 29
1756350483198 0.3152647967571798 30
1756350483330 0.2651050071353498 31
1756350483462 0.3547618259554324 32
1756350483592 0.3338234761486883 33
1756350483722 0.2667234539985657 34
1756350483851 0.33134861743968463 35
1756350483981 0.2791909559265427 36
1756350484112 0.25696380598389584 37
1756350484244 0.3479340640099152 38
1756350484375 0.30545211810132733 39
1756350484505 0.33021438186583313 40
1756350484635 0.32907153763200925 41
1756350484765 0.24461753860763882 42
1756350484896 0.21090655352758325 43
1756350485027 0.29052471142748126 44
1756350485159 0.42829623494459235 45
1756350485289 0.2313292800732281 46
1756350485420 0.23833374841057736 47
1756350485550 0.19655168833939926 48
1756350485681 0.2567372950522796 49
1756350485811 0.20993039918982465 50
1756350485942 0.16452081533877747 51
1756350486073 0.271928032455237 52
1756350486203 0.31626510944055475 53
1756350486334 0.2139623171609381 54
1756350486464 0.19770795884339706 55
1756350486596 0.21032506195099457 56
1756350486727 0.15645546790050424 57
1756350486857 0.21846859772568164 58
1756350486988 0.17440414801239967 59
1756350487118 0.18755132283853448 60
1756350487249 0.16588229847990948 61
1756350487379 0.22443146614924722 62
1756350487510 0.23554914574260297 63
1756350487641 0.20302739285904428 64
1756350487772 0.1527143192032109 65
1756350487903 0.16176431204961694 66
1756350488034 0.16570515930652618 67
1756350488164 0.14145886914237685 68
1756350488295 0.13517195018737213 69
1756350488425 0.15473689592402914 70
1756350488556 0.2510509633499643 71
1756350488687 0.2524190434943075 72
1756350488818 0.1534997678321341 73
1756350488949 0.16068636399248373 74
1756350489079 0.13681571023619693 75
1756350489211 0.11461865545614906 76
1756350489342 0.16031774214428404 77
1756350489473 0.16512692492941153 78
1756350489605 0.1441155510104221 79
1756350489735 0.12037179521892381 80
1756350489867 0.11866091872039049 81
1756350489998 0.15104741570742233 82
1756350490129 0.1802823666645133 83
1756350490261 0.14010758843758833 84
1756350490393 0.1209689313950746 85
1756350490524 0.10644772924158884 86
1756350490655 0.12037534023756566 87
1756350490787 0.1279208870685619 88
1756350490918 0.13731620930459187 89
1756350491049 0.09937352444166722 90
1756350491345 0.1269590077192887 91
1756350491477 0.09988963960305504 92
1756350622056 3.0521817000015923 1
1756350622202 2.9940589718196704 2
1756350622344 1.7396170160044795 3
1756350622486 1.535338044166565 4
1756350622628 1.745379476443581 5
1756350622769 1.5353092706721763 6
1756350622911 0.845316811748173 7
1756350623053 0.8090980130693187 8
1756350623195 1.0519136656885562 9
1756350623337 0.6767609922782235 10
1756350623480 0.7341790212237317 11
1756350623623 0.724780691706616 12
1756350623766 0.5469285217316254 13
1756350623908 0.6264868333287861 14
1756350624051 0.6001140254995098 15
1756350624194 0.4839431371377862 16
1756350624337 0.5015737407881281 17
1756350624481 0.46000249165555707 18
1756350624624 0.4452719649542933 19
1756350625015 0.38997182768324146 20
1756350625159 0.40217506432014966 21
1756350625303 0.5149545378011205 22
1756350625449 0.4728019334699797 23
1756350625593 0.4232566116944603 24
1756350625737 0.4184510131245074 25
1756350625881 0.34485231793445087 26
1756350626024 0.3043005310970804 27
1756350626168 0.4067038738209268 28
1756350626311 0.43220339197179547 29
1756350626455 0.35176026561985846 30
1756350626599 0.35326287830653397 31
1756350626743 0.3370552898749061 32
1756350626888 0.38496793871340546 33
1756350627032 0.28277816331904865 34
1756350627177 0.30078934878110886 35
1756350627321 0.37420867253904755 36
1756350627465 0.30231947808162024 37
1756350627609 0.24677312665659448 38
1756350627752 0.2682740895644478 39
1756350627896 0.2416066187231437 40
1756350628039 0.304649165791014 41
1756350628183 0.26176357917163684 42
1756350628326 0.2406179438466611 43
1756350628470 0.29013432270806766 44
1756350628613 0.3629765944636386 45
1756350628757 0.2357912183455799 46
1756350628901 0.3081835054832956 47
1756350629045 0.35377799039301666 48
1756350629189 0.2786811914132989 49
1756350629333 0.2193795879897864 50
1756350629478 0.2457916768996612 51
1756350629622 0.2580895576140155 52
1756350629766 0.2646653218113858 53
1756350630064 0.2297118950797164 54
1756350630209 0.22728709261054578 55
1756350630353 0.23386945251537405 56
1756350630497 0.20720025119574173 57
1756350630642 0.19856762821259705 58
1756350630787 0.19027777761220932 59
1756350630931 0.1569338651454967 60
1756350631076 0.1509784508658492 61
1756350631220 0.16792519779308981 62
1756350631364 0.18927968390609906 63
1756350631509 0.19605405693468841 64
1756350631653 0.2135948451316875 65
1756350631797 0.1996736594516298 66
1756350631942 0.1761094921309015 67
1756350632087 0.17617504752200583 68
1756350632231 0.19560807910950287 69
1756350632378 0.14723683602136114 70
1756350632522 0.12981303797467894 71
1756350632667 0.18503518985665363 72
1756350632812 0.14429063641506693 73
1756350632957 0.12354686256984006 74
1756350633101 0.1725412610432376 75
1756350633245 0.15661746619836145 76
1756350633390 0.22016687594030215 77
1756350633534 0.20763980888802072 78
1756350633679 0.14064266921385474 79
1756350633822 0.12646599713227022 80
1756350633967 0.13533366730679636 81
1756350634111 0.10515673912089804 82
1756350634255 0.12488817132037619 83
1756350634579 0.12844666838645935 84
1756350634724 0.10318472446954768 85
1756350634870 0.1377527169559313 86
1756350635016 0.13599646609762442 87
1756350635162 0.12187503310649292 88
1756350635308 0.11420906480887662 89
1756350635453 0.12993891601977142 90
1756350635598 0.12478982041711392 91
1756350794567 2.37173911281254 1
1756350794990 2.847438335418701 2
1756350795148 1.4034336701683376 3
1756350795306 1.153967524352281 4
1756350795464 1.5152432426162388 5
1756350795622 1.0813339689503545 6
1756350795781 0.8378627753776052 7
1756350795939 0.7075169812078062 8
1756350796096 0.6558996659258137 9
1756350796253 0.5824048117451046 10
1756350796411 0.5904510306275409 11
1756350796569 0.7586172249006189 12
1756350796726 0.5680359848167585 13
1756350796883 0.5686721840630407 14
1756350797043 0.4704314275928166 15
1756350797201 0.4717575493066207 16
1756350797360 0.3523895481358404 17
1756350797518 0.40348462954811426 18
1756350797675 0.5759226265160934 19
1756350797834 0.582659909258718 20
1756350797991 0.49177222277807153 21
1756350798310 0.5089174236940301 22
1756350798468 0.42672804386719415 23
1756350798626 0.4167133576196173 24
1756350798783 0.38280838015286817 25
1756350798941 0.40689330904380133 26
1756350799099 0.6362401298854662 27
1756350799257 0.4910754872405011 28
1756350799415 0.47677873982035596 29
1756350799574 0.493869797691055 30
1756350799733 0.36692520263402356 31
1756350799892 0.3517608623141828 32
1756350800051 0.2956120307030885 33
1756350800208 0.30798925783323206 34
1756350800367 0.34266091947970184 35
1756350800525 0.3295391117749007 36
1756350800684 0.34841556264006573 37
1756350800842 0.36491701201252313 38
1756350801002 0.3517368073048799 39
1756350801160 0.39305380634639575 40
1756350801320 0.3140252070582431 41
1756350801479 0.4570137314174486 42
1756350801637 0.3274238232685172 43
1756350801796 0.3186004569996958 44
1756350801953 0.24698289645754773 45
1756350802112 0.25323237673096033 46
1756350802271 0.22369507764992508 47
1756350802430 0.18587715956179993 48
1756350802588 0.19772473722696304 49
1756350802907 0.22586445931507193 50
1756350803066 0.22201698435389478 51
1756350803225 0.19962008848138477 52
1756350803384 0.2383720920137737 53
1756350803544 0.22344577701195426 54
1756350803703 0.19422129250091055 55
1756350803862 0.1611320263017779 56
1756350804020 0.18050639914429706 57
1756350804179 0.17221839013306992 58
1756350804338 0.16804121693839197 59
1756350804497 0.14645184576511383 60
1756350804655 0.16102221478586612 61
1756350804814 0.1545928295539773 62
1756350804973 0.17287876068249994 63
1756350805133 0.1599702854519305 64
1756350805291 0.13954901387510094 65
1756350805451 0.1482837326500727 66
1756350805609 0.17566012267185294 67
1756350805769 0.15578981942456702 68
1756350805928 0.15412220456030057 69
1756350806086 0.1408430240724398 70
1756350806245 0.12851512901808904 71
1756350806404 0.12620098548738853 72
1756350806564 0.10571252587048904 73
1756350806881 0.11921872652095297 74
1756350807040 0.09146944012330926 75
1756350807199 0.11830890486421793 76
1756350807358 0.15081162588751834 77
1756350807518 0.16058471442564673 78
1756350807677 0.15482414934946143 79
1756350807836 0.13459298986455667 80
1756350807995 0.10006577230018118 81
1756350808154 0.11053276304965434 82
1756350808312 0.11077369393213936 83
1756350808472 0.09653059425561325 84
1756350808632 0.09347323765573294 85
1756350808792 0.09592224430778752 86
1756350808951 0.09556996547009634 87
1756350809111 0.09715174673044163 88
1756350809270 0.0943527197384316 89
1756350809429 0.08523784788406413 90
1756350809588 0.08990251499673595 91
1756350809747 0.07053627365309259 92
1756350809906 0.0657674411068792 93
1756350810251 0.08297312518824702 94
1756350810410 0.07852352216191914 95
1756350810569 0.06478756083094556 96
1756350810728 0.06980269353674806 97
1756350810888 0.07012474407320438 98
1756350811046 0.06643763354615025 99
1756350811205 0.06492142800403677 100
1756350811367 0.0649723592011825 101
1756350811527 0.06382579405022704 102
1756350811686 0.06031295349416525 103
1756350811846 0.07046116013889728 104
1756350812005 0.06218677500019903 105
1756350812165 0.05728240359736526 106
1756350812325 0.054744785408610885 107
1756350812484 0.06891546592764232 108
1756350812645 0.08215976401191691 109
1756350812805 0.0719282609289107 110
1756350812964 0.046315843725334045 111
1756350813125 0.04615156959904277 112
1756350813285 0.05266510468462239 113
1756350813625 0.04890594615236572 114
1756350824689 2.610626449187597 1
1756350824851 1.7472061614195507 2
1756350825011 1.7749931315581005 3
1756350825190 1.299569547176361 4
1756350825351 1.4464462250471115 5
1756350825512 1.1866172303756077 6
1756350825674 0.874002993106842 7
1756350825835 0.7324132124582926 8
1756350825997 0.6782305364807447 9
1756350826162 0.7287513911724091 10
1756350826324 0.5255769168337187 11
1756350826485 0.5907924870649973 12
1756350826646 0.5186200911800066 13
1756350826807 0.6499562586347262 14
1756350826969 0.6803500925501188 15
1756350827131 0.640159860253334 16
1756350827293 0.45652558902899426 17
1756350827455 0.36824092641472816 18
1756350827617 0.4113648732503255 19
1756350827779 0.35142242163419724 20
1756350827941 0.34974271431565285 21
1756350828367 0.3414780671397845 22
1756350828531 0.351923572520415 23
1756350828693 0.5103776653607687 24
1756350828856 0.5374246103068193 25
1756350829019 0.39990009119113284 26
1756350829181 0.3951757326722145 27
1756350829343 0.37967006613810855 28
1756350829505 0.3521234119931857 29
1756350829666 0.28854090472062427 30
1756350829828 0.2513621716449658 31
1756350829991 0.28871164098381996 32
1756350830154 0.22522652025024095 33
1756350830320 0.3447374465564887 34
1756350830483 0.4128241216142972 35
1756350830645 0.29731258501609165 36
1756350830806 0.32758672535419464 37
1756350830969 0.3261903114616871 38
1756350831131 0.22669516007105509 39
1756350831294 0.30877891803781193 40
1756350831456 0.3365046481291453 41
1756350831780 0.26453032220403355 42
1756350831949 0.2157712814708551 43
1756350832113 0.24562719153861204 44
1756350832276 0.22396834194660187 45
1756350832445 0.16011972166597843 46
1756350832608 0.14142495828370252 47
1756350832770 0.1704632230103016 48
1756350832933 0.16341095231473446 49
1756350833094 0.2025418852766355 50
1756350833255 0.1954388072093328 51
1756350833417 0.1871221779535214 52
1756350833579 0.19103882958491644 53
1756350833743 0.17394151662786803 54
1756350833904 0.16299120585123697 55
1756350834067 0.17641145860155424 56
1756350834229 0.18808229019244513 57
1756350834392 0.17070784295598665 58
1756350834553 0.18731805309653282 59
1756350834716 0.18960781395435333 60
1756350834879 0.1575279999524355 61
1756350835042 0.18249502529700598 62
1756350835204 0.2054405485590299 63
1756350835368 0.20139598908523718 64
1756350835531 0.15798772561053434 65
1756350835693 0.1661720002690951 66
1756350835856 0.15171479806303978 67
1756350836019 0.14933554641902447 68
1756350836181 0.17108206450939178 69
1756350836526 0.22910653737684092 70
1756350836689 0.1925251247982184 71
1756350836853 0.1278594353546699 72
1756350837016 0.11071133334189653 73
1756350837180 0.15402152637640634 74
1756350837343 0.16553126585980257 75
1756350837506 0.12932969940205416 76
1756350837668 0.13996502881248793 77
1756350837832 0.17227324657142162 78
1756350837995 0.12953485051790872 79
1756350838172 0.11365633395810922 80
1756350838335 0.11112490699936946 81
1756350838501 0.12685581420858702 82
1756350838665 0.10828435855607192 83
1756350838829 0.12155848058561484 84
1756350838993 0.121897558371226 85
1756350839156 0.113306425511837 86
1756350839319 0.1308013250430425 87
1756350839483 0.1460873931646347 88
1756350839646 0.19351334435244402 89
1756350839810 0.14726241243382296 90
1756350839974 0.11177049577236176 91
1756350840139 0.10508603105942409 92
1756350840303 0.08033332290748756 93
1756350840649 0.0837262108301123 94
1756350840813 0.10557485682268937 95
1756350840977 0.11287511450548966 96
1756350841143 0.08163907720396917 97
1756350841307 0.08493017839888732 98
1756350841471 0.09608679606268804 99
1756350863845 3.990633145622585 1
1756350864011 3.0724091944487197 2
1756350864174 2.3001618411230003 3
1756350864338 1.67817172019378 4
1756350864501 1.1586101625276648 5
1756350864666 0.8996552410333053 6
1756350864829 0.9465248507002125 7
1756350864992 0.9321439836336218 8
1756350865155 0.9230343556922415 9
1756350865319 0.6757624797199083 10
1756350865483 0.8986566649830859 11
1756350865647 0.7044719677904377 12
1756350865810 0.5066511501436648 13
1756350866223 0.5806665614895199 14
1756350866387 0.5662443119546642 15
1756350866554 0.6319005981735561 16
1756350866719 0.5437431063341058 17
1756350866883 0.6278545377047166 18
1756350867047 0.5223131633323171 19
1756350867211 0.5280439950849699 20
1756350867376 0.5153966196205305 21
1756350867542 0.488825178016787 22
1756350867708 0.49323860977006995 23
1756350867874 0.4489391238793083 24
1756350868037 0.4946444442738657 25
1756350868201 0.6630788225194683 26
1756350868365 0.4024662356013837 27
1756350868530 0.5726771004821943 28
1756350868694 0.44055597613687103 29
1756350868859 0.33938156003537384 30
1756350869024 0.34234387006448663 31
1756350869188 0.4101389568784963 32
1756350869355 0.3732071557770605 33
1756350869698 0.33250028866788617 34
1756350869863 0.3006084250367206 35
1756350870028 0.3122865622458251 36
1756350870192 0.3315210569164027 37
1756350870356 0.2844435909520025 38
1756350870520 0.35650010471758636 39
1756350870685 0.30785945835320844 40
1756350870850 0.2646532337302747 41
1756350871015 0.24220031402681186 42
1756350871181 0.22413425957379135 43
1756350871345 0.2379460606885993 44
1756350871510 0.2380508935969809 45
1756350871675 0.18075667192106662 46
1756350871840 0.19915311362432397 47
1756350872005 0.22917548567056656 48
1756350872170 0.22601144177758176 49
1756350872335 0.18012177361094434 50
1756350872500 0.20466281020123026 51
1756350872666 0.18723957013824713 52
1756350872834 0.15028477913659552 53
1756350872999 0.16370986304853274 54
1756350873165 0.2588899232771086 55
1756350873334 0.20203803836003595 56
1756350873499 0.17886899541253629 57
1756350873670 0.21306479560292285 58
1756350873836 0.20497052015169806 59
1756350874001 0.1660865846535434 60
1756350874167 0.1582930748877318 61
1756350874513 0.20736810467813327 62
1756350874679 0.19624185108620187 63
1756350874844 0.16102493716322858 64
1756350875009 0.11910020300875539 65
1756350875175 0.1746452143010886 66
1756350875363 0.1574856664823449 67
1756350875528 0.1676177463453749 68
1756350875692 0.1405561546916547 69
1756350875857 0.10200414353090784 70
1756350876022 0.14254492359316867 71
1756350876188 0.1749548118399537 72
1756350876366 0.17077144624098486 73
1756350876531 0.1676147100718125 74
1756350876697 0.12827641516923904 75
1756350876861 0.12514253624755403 76
1756350877028 0.10746010619661082 77
1756350877193 0.10977927352423253 78
1756350877359 0.11950628880573355 79
1756350877526 0.13339594864974852 80
1756350877691 0.13460842131272607 81
1756350877857 0.1032835609563019 82
1756350878023 0.10344659488486208 83
1756350878190 0.0908599013219709 84
1756350878535 0.09450057035555011 85
1756350878701 0.13535708010844563 86
1756350878869 0.09543829508449721 87
1756350879035 0.10271128671972649 88
1756350879202 0.09505613763695178 89
1756350879369 0.08882897363408752 90
1756350879536 0.09619502042946608 91
1756350879701 0.08766044368562491 92
1756350879868 0.11617944729716881 93
1756350880034 0.08707652354369992 94
1756350880201 0.0855228797249172 95
1756350880368 0.09730527420406757 96
1756350880534 0.06955876298572707 97
1756350880700 0.09386210078778474 98
1756350880867 0.06820825147240059 99
1756350881034 0.09073607996106148 100
1756350881200 0.07558388603122337 101
1756350881368 0.07931095102558965 102
1756350881535 0.09625651055703992 103
1756350881703 0.07296005701241286 104
1756350881870 0.07506503585887991 105
1756350882200 0.07520407422081284 106
1756350882369 0.06915467799357745 107
1756350882537 0.07617411252273165 108
1756350882706 0.07100490140526192 109
1756350882874 0.06678080283429312 110
1756350883043 0.051200850502304406 111
1756350883212 0.05959748760189699 112
1756350883381 0.0687264672116093 113
1756350883549 0.0548587292432785 114
1756351017871 4.510652979214986 1
1756351018050 5.0791440804799395 2
1756351018231 5.439181129137675 3
1756351018412 4.995241244633992 4
1756351018588 4.514470299084981 5
1756351018766 2.990157127380371 6
1756351018944 1.6290436585744221 7
1756351019120 1.1582846939563751 8
1756351019298 0.9008211592833201 9
1756351019475 0.7153794368108114 10
1756351019653 0.6202622850735983 11
1756351019830 0.6006146967411041 12
1756351020269 0.5354045927524567 13
1756351020448 0.4909190833568573 14
1756351020626 0.47953857481479645 15
1756351020803 0.39957282443841297 16
1756351020980 0.33237244188785553 17
1756351021158 0.34166180590788525 18
1756351021335 0.3361835479736328 19
1756351021512 0.3694249838590622 20
1756351021689 0.471717894077301 21
1756351021867 0.3926689922809601 22
1756351022047 0.3434903969367345 23
1756351022224 0.30185027917226154 24
1756351022402 0.2688876489798228 25
1756351022579 0.23594911644856134 26
1756351022755 0.2169922466079394 27
1756351022934 0.20910866558551788 28
1756351023274 0.2093518227338791 29
1756351023452 0.23823129634062448 30
1756351023630 0.27948397894700366 31
1756351023808 0.2847542663415273 32
1756351023987 0.2600897153218587 33
1756351024165 0.22427702198425928 34
1756351024343 0.26786618679761887 35
1756351024521 0.19377839068571726 36
1756351024700 0.16798665622870126 37
1756351024877 0.23601924628019333 38
1756351025055 0.1796442965666453 39
1756351025233 0.16132165243228277 40
1756351025412 0.18041926622390747 41
1756351025589 0.15498629212379456 42
1756351025768 0.20826492955287298 43
1756351026110 0.18602362275123596 44
1756351026288 0.14483516911665598 45
1756351026467 0.18920351564884186 46
1756351026645 0.1843295693397522 47
1756351026824 0.1537159395714601 48
1756351027001 0.1579949768881003 49
1756351027179 0.20996247480312982 50
1756351027357 0.26817766825358075 51
1756351027534 0.22514826556046805 52
1756351027713 0.1823465476433436 53
1756351027890 0.11705465738972028 54
1756351028067 0.11305411408344905 55
1756351028245 0.10452830046415329 56
1756351028425 0.10161745175719261 57
1756351028604 0.11785873646537463 58
1756351028784 0.1167828564842542 59
1756351029121 0.10695986449718475 60
1756351029300 0.09039350599050522 61
1756351029479 0.09382385698457558 62
1756351029659 0.10146160672108333 63
1756351029839 0.07850579048196475 64
1756351030019 0.09706387172142665 65
1756351030199 0.09450879817207654 66
1756351030378 0.10015764025350411 67
1756351030557 0.08995779603719711 68
1756351030736 0.09626328200101852 69
1756351030915 0.08873045071959496 70
1756351031095 0.10172488540410995 71
1756351031273 0.0953599823017915 72
1756351031451 0.10111439290146033 73
1756351031630 0.13264921431740126 74
1756351031963 0.12111392244696617 75
1756351032142 0.15273669982949892 76
1756351032322 0.11767515415946643 77
1756351032500 0.0943602907160918 78
1756351032680 0.08582353095213573 79
1756351032859 0.07932571259637673 80
1756351033038 0.08230471611022949 81
1756351033217 0.08025624478856723 82
1756351033396 0.06748044614990552 83
1756351033576 0.06732633213202159 84
1756351033756 0.07217897723118465 85
1756351033935 0.07562797206143539 86
1756351034114 0.07553110395868619 87
1756351034292 0.05824599849681059 88
1756351054366 2.7771794485009234 1
1756351054549 2.741033118704091 2
1756351054728 2.6756276047748067 3
1756351054908 3.5214836856593257 4
1756351055087 1.8790157981540845 5
1756351055268 1.190349447986354 6
1756351055447 0.8203188764012378 7
1756351055627 0.7181770555351091 8
1756351055806 0.9945376204407733 9
1756351055985 0.8866189394308173 10
1756351056166 0.48068702609642694 11
1756351056345 0.6104340138642684 12
1756351056526 0.49084979943607165 13
1756351056706 0.5319752576558486 14
1756351056887 0.6237424728663071 15
1756351057067 0.46874251119468524 16
1756351057497 0.3952212411424388 17
1756351057677 0.38546478424383246 18
1756351057858 0.3547962592995685 19
1756351058039 0.34818517902623053 20
1756351058220 0.3023338168859482 21
1756351058401 0.33681675079076184 22
1756351058582 0.3468997562709062 23
1756351058762 0.40831108132134314 24
1756351058943 0.2906771503064943 25
1756351059126 0.2912278473377228 26
1756351059306 0.30605453835881274 27
1756351059486 0.34204603602056916 28
1756351059666 0.3076088486806206 29
1756351059846 0.28349774330854416 30
1756351060025 0.3202734369298686 31
1756351060369 0.21996984436460162 32
1756351060550 0.23042803225309952 33
1756351060731 0.25078036312175833 34
1756351060911 0.291647230801375 35
1756351061093 0.3186224109452704 36
1756351061274 0.32435625402823737 37
1756351061457 0.24129909698082053 38
1756351061638 0.1939865091572637 39
1756351061818 0.2165407178842503 40
1756351062000 0.2975465409133745 41
1756351062180 0.2534828603915546 42
1756351062363 0.21863314962905386 43
1756351062545 0.2702003996009412 44
1756351062727 0.255185142159462 45
1756351062909 0.2781438497097596 46
1756351063090 0.3836404379943143 47
1756351063437 0.36962155868177826 48
1756351063618 0.38222604212553607 49
1756351063799 0.4494052671867868 50
1756351063980 0.29635115000216855 51
1756351064161 0.31174061382594315 52
1756351064342 0.2490378948657409 53
1756351064524 0.24837550132170969 54
1756351064705 0.2321631539127101 55
1756351064886 0.23977896312008734 56
1756351065066 0.2205573245882988 57
1756351065247 0.26112614215716073 58
1756351065427 0.21335897562296494 59
1756351065608 0.16240864992141724 60
1756351065789 0.15282640314620474 61
1756351065970 0.18202209828988367 62
1756351066309 0.20670641667169073 63
1756351066489 0.18585564843986346 64
1756351066671 0.14711755319781925 65
1756351066852 0.1543062096056731 66
1756351067034 0.18925226512162582 67
1756351067216 0.15130819639433984 68
1756351067397 0.15396490693092346 69
1756351067579 0.1423137152324552 70
1756351067760 0.19061227790687396 71
1756351067941 0.20635962615842404 72
1756351068122 0.15611691837725433 73
1756351068304 0.13646880796422128 74
1756351068486 0.13463717763838562 75
1756351068668 0.154889863146388 76
1756351068849 0.17157300010971402 77
1756351069031 0.12114699379257533 78
1756351069376 0.13522158627924713 79
1756351069559 0.1420168462006942 80
1756351069742 0.10830135303347008 81
1756351069925 0.10016915850017381 82
1756351070107 0.12963966506978739 83
1756351070289 0.1113015813348086 84
1756351070472 0.14126213963912881 85
1756351070655 0.1150990259712157 86
1756351070838 0.14220304382236107 87
1756351071021 0.11842669028302898 88
1756351071204 0.11302187941644502 89
1756351071388 0.10258423164486885 90
1756351071571 0.1055994404722815 91
1756351071753 0.09883168971408969 92
1756351071937 0.11539234577313713 93
1756351072120 0.10617831203600635 94
1756351072466 0.12131108311207398 95
1756351072649 0.10145447937690694 96
1756351072831 0.10302828819207523 97
1756351073013 0.09991309516455817 98
1756351073195 0.0865029971236768 99
1756351073377 0.10633098722799965 100
1756351091817 3.2459123393763667 1
1756351092003 3.2085260023241458 2
1756351092184 3.648724965427233 3
1756351092368 1.8827067950497502 4
1756351092552 1.178315652453381 5
1756351092733 0.9104032931120499 6
1756351092915 0.8314770745194476 7
1756351093358 0.633675169037736 8
1756351093541 0.5167833255684894 9
1756351093723 0.5538903358189956 10
1756351093906 0.7737061186977054 11
1756351094088 0.6987066204133241 12
1756351094271 0.5928118708341018 13
1756351094455 0.5076769059119017 14
1756351094638 0.5668592718632325 15
1756351094820 0.47384694866512134 16
1756351095003 0.5632404399954755 17
1756351095185 0.48288667979447736 18
1756351095367 0.49878826866979187 19
1756351095549 0.5298864608225615 20
1756351095732 0.4447352789018465 21
1756351095914 0.4364877414444219 22
1756351096097 0.4397727678651395 23
1756351096449 0.3244081035904262 24
1756351096632 0.32676934936772223 25
1756351096815 0.355505025257235 26
1756351096997 0.4070115620675294 27
1756351097179 0.37337006952451623 28
1756351097361 0.2884169583735259 29
1756351097542 0.30294449173885846 30
1756351097724 0.330698536142059 31
1756351097906 0.3779882678519125 32
1756351098088 0.29437428064968274 33
1756351098271 0.296605771974377 34
1756351098453 0.3063856091188348 35
1756351098635 0.2893383133670558 36
1756351098816 0.2399252879878749 37
1756351098998 0.3062117067368134 38
1756351099351 0.31930019091004913 39
1756351099533 0.21371835891319357 40
1756351099716 0.19899367476287094 41
1756351099898 0.20234738290309906 42
1756351100081 0.29369972775811737 43
1756351100263 0.45413787144681683 44
1756351100451 0.2958834495233453 45
1756351100634 0.24532253262789352 46
1756351100818 0.26416900559611944 47
1756351101001 0.27744296063547547 48
1756351101183 0.2020731561857721 49
1756351101367 0.20251710259396097 50
1756351101552 0.2644116651752721 51
1756351101734 0.2219102557586587 52
1756351101919 0.23196839735559796 53
1756351102102 0.19240645740343176 54
1756351102453 0.19981003390706104 55
1756351102637 0.1931039405905682 56
1756351102820 0.21512505088163458 57
1756351103004 0.1777725210008414 58
1756351103187 0.15892174645610477 59
1756351103370 0.17236190969529358 60
1756351103553 0.18169720179360846 61
1756351103736 0.1585416524954464 62
1756351103919 0.16006981160329736 63
1756351104103 0.1731609838164371 64
1756351104285 0.23252438267935877 65
1756351104469 0.15185830223819483 66
1756351104652 0.14626986144677454 67
1756351104834 0.1903074497114057 68
1756351105018 0.16529163394285284 69
1756351105376 0.1408169826735621 70
1756351105559 0.15400375522997067 71
1756351105742 0.12108075683531554 72
1756351105925 0.13952800599129303 73
1756351106109 0.16236562702966773 74
1756351106292 0.15195630490779877 75
1756351106475 0.17244244982366977 76
1756351106659 0.1345904759414818 77
1756351106843 0.13031403040108475 78
1756351107026 0.11205495051715685 79
1756351107209 0.11538445690403813 80
1756351107393 0.1581538381135982 81
1756351107577 0.156446964358506 82
1756351107761 0.10625366024349046 83
1756351107945 0.1147791409622068 84
1756351108128 0.12852374124138252 85
1756351108474 0.10140958234019902 86
1756351108658 0.11680720390185066 87
1756351108842 0.10495283406065858 88
1756351109025 0.11492527114308398 89
1756351278862 3.3276758193969727 1
1756351279059 2.3685179119524746 2
1756351279254 2.833555211191592 3
1756351279450 2.10226687659388 4
1756351279645 1.2751886196758435 5
1756351280090 1.07707950991133 6
1756351280284 1.031079324691192 7
1756351280479 1.0857885065286055 8
1756351280675 0.8269877083923506 9
1756351280870 0.5733043382997098 10
1756351281065 0.5872302664362866 11
1756351281261 0.6684829450171926 12
1756351281457 0.6342240831126338 13
1756351281651 0.5083062907923823 14
1756351281845 0.4555817058552866 15
1756351282040 0.5129569432009822 16
1756351282234 0.4497992849868277 17
1756351282430 0.3585088544565698 18
1756351282626 0.37514857947826385 19
1756351282821 0.45132720794366754 20
1756351283175 0.47259880148846173 21
1756351283371 0.38786909955999127 22
1756351283566 0.3562414885863014 23
1756351283762 0.44133073609808215 24
1756351283957 0.5224702669226605 25
1756351284154 0.44852582138517627 26
1756351284350 0.4111074685402539 27
1756351284546 0.47290270030498505 28
1756351284740 0.5555328707332197 29
1756351284936 0.4194018257700879 30
1756351285131 0.4140430351962214 31
1756351285326 0.33788882195949554 32
1756351285520 0.3469556064709373 33
1756351285715 0.2925989770370981 34
1756351285909 0.23912012058755625 35
1756351286108 0.33588930316593335 36
1756351286465 0.3612225237100021 37
1756351286661 0.3483046513536702 38
1756351286857 0.4689019529715828 39
1756351287052 0.30963566121847735 40
1756351287248 0.2430868466263232 41
1756351287443 0.24367373890202979 42
1756351287639 0.18981834986935492 43
1756351287835 0.1879470649620761 44
1756351288031 0.2142380171495935 45
1756351288226 0.2204724317011626 46
1756351288421 0.2473009199551914 47
1756351288618 0.2481963453085526 48
1756351288815 0.30695925167073373 49
1756351289011 0.24505958058263944 50
1756351289208 0.2319499685064606 51
1756351289404 0.19248785386266914 52
1756351289755 0.2037897200688072 53
1756351289951 0.37011141913092654 54
1756351290147 0.31536547515703284 55
1756351290343 0.1938483857590219 56
1756351290539 0.17411505852056586 57
1756351290735 0.1680057573577632 58
1756351290931 0.18276841808920322 59
1756351291126 0.1966520654766456 60
1756351291323 0.18412447494009268 61
1756351291518 0.17030159157255423 62
1756351291714 0.1845963435328525 63
1756351291909 0.2044763999140781 64
1756351292105 0.16917151374661404 65
1756351292301 0.21802473068237305 66
1756351292498 0.26642393741918646 67
1756351292851 0.16994016228810602 68
1756351293047 0.15470645414746326 69
1756351293244 0.1274058151504268 70
1756351293441 0.16351811587810516 71
1756351293638 0.1483382974629817 72
1756351293834 0.16005609476048013 73
1756351294031 0.13958852754338927 74
1756351294227 0.16517891281324884 75
1756351294424 0.14944889817548834 76
1756351294621 0.14495632716495058 77
1756351294818 0.10660751876623734 78
1756351295015 0.09792381687008817 79
1756351295212 0.14196173976296964 80
1756351295407 0.1340960649692494 81
1756351295605 0.13720351538580397 82
1756351295802 0.15858728632978772 83
1756351296155 0.1501955947150355 84
1756351296353 0.12599149022413336 85
1756351296556 0.12367278531841609 86
1756351296755 0.13749108657888745 87
1756351296951 0.10745146530477898 88
1756351297148 0.13266584325743758 89
1756351297346 0.1266338891633179 90
1756351297543 0.10015649073149847 91
1756351297740 0.09776140101577925 92
1756351297938 0.10820250229343124 93
1756351298135 0.10665350293983585 94
1756351298332 0.1412411596140136 95
1756351298530 0.10369288743190143 96
1756351298727 0.12558089520620264 97
1756351298925 0.1057715950452763 98
1756351299281 0.08841747531424397 99
1756351299479 0.1117036109385283 100
1756351299677 0.09278669386454251 101
1756351299874 0.10373112753681514 102
1756351300070 0.09832991967382639 103
1756351300268 0.0839556752015715 104
1756351300466 0.08150171682886455 105
1756351300664 0.0700819082558155 106
1756351300862 0.08851233011354571 107
1756351301059 0.07612554826166319 108
1756351301256 0.07199824747184048 109
1756351301453 0.07708531099817027 110
1756351301652 0.09961000084877014 111
1756351301850 0.08369995572644731 112
1756351302048 0.09043730171802251 113
1756351302246 0.07700473977171857 114
1756351302602 0.06803585119221521 115
1756351302800 0.07875694253522417 116
1756351302997 0.07130410700388577 117
1756351303197 0.13152803626397383 118
1756351303394 0.08956806750401207 119
1756351303592 0.0780174340242925 120
1756351303790 0.09291440329473952 121
1756351303988 0.07291087872632172 122
1756351304186 0.0720718620425981 123
1756351304386 0.06562632889203403 124
1756351304583 0.07186559644406257 125
1756351304781 0.07207025239325088 126
1756351304978 0.06607478735563548 127
1756351305175 0.07713611472560011 128
1756351305371 0.06960132345557213 129
1756351305728 0.08148811287854028 130
1756351305925 0.08388316218295823 131
1756351306123 0.07003070964761403 132
1756351306320 0.0678265770168408 133
1756351306518 0.07239259998111622 134
1756351306715 0.06060232691790746 135
1756351306918 0.056000232129641205 136
1756351307116 0.07481223093750684 137
1756351450923 2.414919438569442 1
1756351451140 2.9444956727649854 2
1756351451348 2.5833222399587217 3
1756351451555 1.7872844701227935 4
1756351451765 1.911639366460883 5
1756351451972 1.3309528205705725 6
1756351452181 0.7847349267938862 7
1756351452388 0.8347772541253463 8
1756351452594 1.0609208915544592 9
1756351452801 0.7759397716625877 10
1756351453701 0.5591102320214977 11
1756351453912 0.5647913969081381 12
1756351454122 0.6771840880746427 13
1756351454332 0.6933293109354766 14
1756351454541 0.5960267717423646 15
1756351454750 0.46994524805442145 16
1756351454958 0.5319686246954877 17
1756351455166 0.6351591853991799 18
1756351455376 0.4115783112204593 19
1756351455586 0.37894760979258496 20
1756351455796 0.2927336116199908 21
1756351456005 0.3484994263752647 22
1756351456214 0.32547657256541046 23
1756351456428 0.3620117961064629 24
1756351456639 0.3567988801261653 25
1756351456848 0.5451727282741795 26
1756351457545 0.33343100871728815 27
1756351457756 0.3258692537960799 28
1756351457966 0.273253312577372 29
1756351458175 0.34414624066456506 30
1756351458383 0.26235823138900427 31
1756351458592 0.2341337090601092 32
1756351458801 0.22152814981730087 33
1756351459009 0.3014489742724792 34
1756351459217 0.21872813934865204 35
1756351459425 0.20888404062260751 36
1756351459632 0.3142590989237246 37
1756351459840 0.3177338359148606 38
1756351460047 0.28698783205903095 39
1756351460256 0.32958775208048197 40
1756351460463 0.3186079898606176 41
1756351461121 0.245821478250234 42
1756351461332 0.19106978923082352 43
1756351461541 0.19540944501109744 44
1756351461750 0.1842939701417218 45
1756351461959 0.19807592455459677 46
1756351462170 0.2112355096184689 47
1756351462380 0.2611175801443017 48
1756351462589 0.20930474283902542 49
1756351462798 0.22765782572652982 50
1756351463006 0.1903186487438886 51
1756351463215 0.14516464637025542 52
1756351463422 0.16188368703360143 53
1756351463631 0.18556817199872888 54
1756351463840 0.1364336340971615 55
1756351464048 0.16029904944741208 56
1756351464258 0.216978768615619 57
1756351464916 0.23637471801560858 58
1756351465127 0.19242625035669492 59
1756351465336 0.15868229937294256 60
1756351465544 0.14841697494620862 61
1756351465752 0.11898627585690955 62
1756351465962 0.17289775318425635 63
1756351466171 0.1814415866266126 64
1756351466379 0.11831548032553299 65
1756351466588 0.1267081563887389 66
1756351466795 0.14744282319493915 67
1756351467003 0.12241080630084743 68
1756351467211 0.13699001754107681 69
1756351467418 0.15836995807678803 70
1756351467626 0.13267815809534944 71
1756351467835 0.12942981946727503 72
1756351468042 0.13020132028538248 73
1756351468693 0.11180240579921266 74
1756351468904 0.1441747691968213 75
1756351469115 0.11818391538184622 76
1756351469325 0.11419025209286938 77
1756351469534 0.15928389682717944 78
1756351469742 0.1552727423284365 79
1756351469950 0.11170596483608951 80
1756351470159 0.09961169115875078 81
1756351470369 0.09295481313829837 82
1756351470578 0.10933205015633417 83
1756351470786 0.10913080025626265 84
1756351470994 0.17232461565214655 85
1756351471202 0.11221534127126569 86
1756351471412 0.10571467892631241 87
1756351471621 0.10640990636918855 88
1756351472288 0.113005173271117 89
1756351472500 0.10185321971126225 90
1756351472713 0.0947968211510907 91
1756351472923 0.12505176679595656 92
1756351473132 0.08257167187073956 93
1756351473341 0.12304544351671053 94
1756351473549 0.10707434266805649 95
1756351473758 0.11110482640240503 96
1756351473967 0.12364310447288596 97
1756351474177 0.09560707470645076 98
1756351474385 0.08575248410520346 99
1756351474595 0.09753818324078685 100
1756351474803 0.07645469871552094 101
1756351475011 0.07051356606509375 102
1756351475219 0.08516061030652212 103
1756351475427 0.07707143769316051 104
1756351476200 0.09894499620017798 105
1756351476413 0.0872840074741322 106
1756351476624 0.0834298450499773 107
1756351476834 0.10487733651762424 108
1756351477043 0.08407363084995229 109
1756351477252 0.06746230655066345 110
1756351477461 0.07147151458522548 111
1756351477669 0.08133878307821958 112
1756351477879 0.07619423192480336 113
1756351478088 0.07920318113073059 114
1756351478297 0.06916381094766699 115
1756351478507 0.06928219022634237 116
1756351652675 3.049373279447141 1
1756351652897 3.4007304388543833 2
1756351653116 2.8027674218882686 3
1756351653335 1.5415192116861758 4
1756351653555 1.0489156984764596 5
1756351653773 0.9105695330578348 6
1756351653992 0.7457837306934855 7
1756351654210 0.7229067573080892 8
1756351654429 0.8203409547391145 9
1756351654648 0.7215024051458939 10
1756351654867 0.6103383704372074 11
1756351655335 0.7401489505301351 12
1756351655555 0.6777767228043597 13
1756351655776 0.5001128743524137 14
1756351655997 0.7100599900535915 15
1756351656218 0.509336303109708 16
1756351656438 0.4078599635673606 17
1756351656658 0.501417879825053 18
1756351656878 0.756523244406866 19
1756351657098 0.5129789852577707 20
1756351657319 0.44063723994337994 21
1756351657537 0.514472619994827 22
1756351657756 0.4246298178382542 23
1756351657976 0.3612179309129715 24
1756351658197 0.3154107332229614 25
1756351658417 0.4201989296985709 26
1756351658800 0.3471832871437073 27
1756351659021 0.3452938982973928 28
1756351659243 0.27822178861369257 29
1756351659468 0.46604482440844824 30
1756351659690 0.33927005788554315 31
1756351659910 0.367627647259961 32
1756351660129 0.3452622449916342 33
1756351660349 0.2700723655845808 34
1756351660569 0.5070112075494684 35
1756351660790 0.36490222487760626 36
1756351661011 0.2871157501054847 37
1756351661231 0.27138460071190545 38
1756351661451 0.3134890924329343 39
1756351661671 0.22640498921923016 40
1756351661892 0.2584690532606581 41
1756351662112 0.23841235300768976 42
1756351662497 0.2517418589280999 43
1756351662718 0.1863753115353377 44
1756351662939 0.15835514761831448 45
1756351663159 0.21649102445529855 46
1756351663380 0.22344695971063946 47
1756351663601 0.1982563989965812 48
1756351663822 0.24567426903092343 49
1756351664043 0.17320192605257034 50
1756351664263 0.16196625064248624 51
1756351664484 0.33397599795590277 52
1756351664705 0.21225885560979013 53
1756351664926 0.1868661833198174 54
1756351665147 0.19860527340484702 55
1756351665369 0.20136633191419684 56
1756351665588 0.1763048819873644 57
1756351665965 0.22562145506558212 58
1756351666187 0.18049287666445193 59
1756351666409 0.17990527496389722 60
1756351666631 0.14622431799121524 61
1756351666855 0.14450452541527542 62
1756351667076 0.18611342006403467 63
1756351667297 0.18520962414534195 64
1756351667519 0.15114901571170145 65
1756351667744 0.1733912278128707 66
1756351667967 0.13142092347792958 67
1756351668190 0.1465700095438439 68
1756351668411 0.1850792338018832 69
1756351668633 0.17890571414128595 70
1756351668855 0.23357186045335687 71
1756351669076 0.17585922988212627 72
1756351669298 0.13961756456157434 73
1756351669697 0.14676688611507416 74
1756351669920 0.1423650649578675 75
1756351670143 0.12166162369691808 76
1756351670365 0.12054884595715482 77
1756351670586 0.09039559733608495 78
1756351670807 0.1041514374639677 79
1756351671028 0.1328367330133915 80
1756351671251 0.10292291673629181 81
1756351671472 0.11389632555453674 82
1756351671694 0.10110203630250433 83
1756351671915 0.11999011444656746 84
1756351672138 0.11243635270258655 85
1756351672360 0.1431200096140737 86
1756351672583 0.10795955376132675 87
1756351672805 0.10830708204404167 88
1756351673199 0.1468215876299402 89
1756351673422 0.1280549124855062 90
1756351673644 0.12015561403139778 91
1756351673866 0.09972178822626239 92
1756351674088 0.09028193710938744 93
1756351674311 0.08410201237901398 94
1756351674535 0.09803982046635254 95
1756351674758 0.09050607389729956 96
1756351869542 3.33445478003958 1
1756351869779 3.0910150875215945 2
1756351870013 2.755886891613836 3
1756351870248 1.7070668754370317 4
1756351870738 1.0638252120950948 5
1756351870974 1.092109537642935 6
1756351871210 0.9147152771120486 7
1756351871444 0.8238654667916505 8
1756351871677 0.7683323414429374 9
1756351871912 0.8685118620810302 10
1756351872145 0.60646558067073 11
1756351872380 0.49115298234898114 12
1756351872615 0.5270131936539775 13
1756351872850 0.36184703850227856 14
1756351873086 0.3674232506233713 15
1756351873319 0.5202645847330922 16
1756351873553 0.48133911127629486 17
1756351873788 0.5924144970334094 18
1756351874022 0.5327775841173918 19
1756351874257 0.49416398807712225 20
1756351874651 0.5731821973686633 21
1756351874905 0.6551402250061864 22
1756351875139 0.3619680534238401 23
1756351875373 0.2881094440817833 24
1756351875606 0.2968025337094846 25
1756351875841 0.26632341742515564 26
1756351876077 0.30773973853691766 27
1756351876313 0.31639699378739233 28
1756351876548 0.2574193033835162 29
1756351876782 0.29223650110804517 30
1756351877015 0.29925864934921265 31
1756351877250 0.2791742786117222 32
1756351877483 0.28280825848164765 33
1756351877718 0.22268337626820026 34
1756351878122 0.29139008211052936 35
1756351878359 0.5602302544790766 36
1756351878593 0.3519302250250526 37
1756351878828 0.3587700938401015 38
1756351879063 0.38666698466176574 39
1756351879299 0.24728201394495758 40
1756351879535 0.3019993104364561 41
1756351879771 0.26087191182634106 42
1756351880008 0.29400272991346277 43
1756351880244 0.367363717245019 44
1756351880481 0.24832246646932934 45
1756351880717 0.24333505915558856 46
1756351880954 0.23439734234758045 47
1756351881372 0.24862875562647116 48
1756351881609 0.217714113385781 49
1756351881846 0.2626858386008636 50
1756351882083 0.2560882911733959 51
1756351882322 0.2715192981388258 52
1756351882558 0.22616710481436356 53
1756351882794 0.19202813927246176 54
1756351883032 0.26292622089385986 55
1756351883269 0.1964498194663421 56
1756351883507 0.14487387952597244 57
1756351883744 0.17854494763457257 58
1756351883984 0.22369905755571698 59
1756351884400 0.1843850664470507 60
1756351884639 0.19664118795291238 61
1756351884877 0.1478516359044158 62
1756351885114 0.1755990664596143 63
1756351885352 0.18348493070706076 64
1756351885594 0.2011762757016265 65
1756351885833 0.21503264035867609 66
1756351886070 0.18207644444444906 67
1756351886306 0.17557594520242317 68
1756351886547 0.1360728436190149 69
1756351886787 0.15236794300701306 70
1756351887195 0.13360969657483307 71
1756351887434 0.1273503008743991 72
1756351887672 0.15006036278994186 73
1756351887909 0.11572484979810922 74
1756351888146 0.11377830220305402 75
1756351888384 0.13844515771969504 76
1756351888622 0.12181983483226402 77
1756351888860 0.1234544029702311 78
1756351889098 0.14190938858234364 79
1756351889337 0.2195315759467042 80
1756351889744 0.1501134520639544 81
1756351889981 0.13462748151758444 82
1756351890219 0.10720925778150558 83
1756351890458 0.10665070816226628 84
1756351890695 0.10553049004596213 85
1756351890932 0.09453024051111678 86
1756351891171 0.13960220535164294 87
1756351891408 0.1325287115962609 88
1756351891647 0.1005362439090791 89
1756351891886 0.08500996879909349 90
1756351892290 0.0983775194896304 91
1756351892528 0.09992274674384491 92
1756351892767 0.09360196830137917 93
1756351893005 0.10274214491896007 94
1756351893242 0.1279420585412046 95
1756351893480 0.1159358897610851 96
1756351893718 0.10757746353097584 97
1756351893959 0.09427578974029292 98
1756351894199 0.10413762619313986 99
1756351894436 0.08446504102776879 100
1756351894840 0.12178698473650476 101
1756351895079 0.09233233316437058 102
1756351895319 0.08711588334130205 103
1756351895559 0.07189248729011287 104
1756351895798 0.10312194150427113 105
1756351896038 0.07983779340334561 106
1756351896277 0.07771627232432365 107
1756351896515 0.08707491551404414 108
1756351896756 0.06308374553918839 109
1756351896995 0.07829799308725026 110
1756351897401 0.08568317329754001 111
1756351897641 0.07045990876529527 112
1756351897881 0.07466178338812746 113
1756351898121 0.07957195733552394 114
1756351898359 0.06375663225417552 115
1756351898599 0.07634711783865224 116
1756351898838 0.06567748959945596 117
1756351899079 0.06515006437573743 118
1756352042887 3.1750711358111836 1
1756352043137 3.0803317090739375 2
1756352043384 3.0134464761485225 3
1756352043631 1.8581474138342815 4
1756352043879 0.8479712683221569 5
1756352044126 1.1367231244626252 6
1756352044374 0.7976253317750018 7
1756352044868 0.9145240252432616 8
1756352045118 0.8955901951893516 9
1756352045365 0.6604243853817815 10
1756352045614 0.5537029193795245 11
1756352045861 0.5751564541588658 12
1756352046109 0.5310988244803055 13
1756352046358 0.4764686583176903 14
1756352046605 0.3426212849824325 15
1756352046854 0.3908825633318528 16
1756352047101 0.5177162438631058 17
1756352047350 0.4092950833880383 18
1756352047757 0.38949924124323804 19
1756352048005 0.35530085019443347 20
1756352048254 0.41861320254595386 21
1756352048503 0.3513406340194785 22
1756352048751 0.3720842774795449 23
1756352048999 0.49568957349528436 24
1756352049246 0.38445106407870416 25
1756352049495 0.3962268427662227 26
1756352049744 0.33223574640958203 27
1756352050152 0.30577625658201135 28
1756352050402 0.2602482340905977 29
1756352050651 0.2792486081952634 30
1756352050900 0.2788373141185097 31
1756352051149 0.3131820530347202 32
1756352051399 0.2930794507265091 33
1756352051647 0.34484163056249206 34
1756352051899 0.2819520225343497 35
1756352052310 0.24534888954266257 36
1756352052558 0.2475447265998177 37
1756352052808 0.191493500833926 38
1756352053056 0.20935930862374927 39
1756352053304 0.19886836344781128 40
1756352053552 0.19971759649722473 41
1756352053800 0.16673229731943295 42
1756352054050 0.20940133119406906 43
1756352054299 0.2710717884094819 44
1756352054548 0.17349592304748038 45
1756352054798 0.1672164645531903 46
1756352055046 0.20684681346882944 47
1756352055458 0.19196696449881015 48
1756352055708 0.17401404419670935 49
1756352055957 0.14918136726255002 50
1756352056206 0.12845157588953557 51
1756352056456 0.1379114849411923 52
1756352056706 0.13539574716402136 53
1756352056955 0.16704877951870795 54
1756352057204 0.1747040930001632 55
1756352057453 0.1493793981878654 56
1756352057702 0.14383413675038711 57
1756352057952 0.19166095846373102 58
1756352058363 0.1391090438093828 59
1756352058613 0.10746852729631506 60
1756352058863 0.1542399697329687 61
1756352059113 0.22516168945509454 62
1756352059363 0.14047727993001108 63
1756352059613 0.20337682832842288 64
1756352059863 0.17842427220033563 65
1756352060112 0.18078291513349698 66
1756352060523 0.21052137891883435 67
1756352060774 0.22049620941929196 68
1756352061024 0.14397910042949344 69
1756352061274 0.1721737409091514 70
1756352061523 0.12499861743139185 71
1756352061773 0.1228569328137066 72
1756352062024 0.12110539736307185 73
1756352062277 0.10544342968774878 74
1756352062528 0.1028987000817838 75
1756352062937 0.09981569583001344 76
1756352063188 0.08556662524200004 77
1756352063439 0.09647585160058478 78
1756352063689 0.09083224363301111 79
1756352063938 0.09973631345707437 80
1756352234030 2.726041379182235 1
1756352234306 2.4837097603341807 2
1756352234564 1.999431584192359 3
1756352234823 1.438978672027588 4
1756352235352 1.572535162386687 5
1756352235612 1.2303298659946607 6
1756352235875 1.075480326362278 7
1756352236134 0.7665983451449353 8
1756352236393 0.9602981468905574 9
1756352236651 0.6804837429005167 10
1756352236919 0.6591526490190754 11
1756352237177 0.717244222112324 12
1756352237436 0.6445635816325312 13
1756352237867 0.7180076448813729 14
1756352238127 0.6916601424631865 15
1756352238387 0.585394922805869 16
1756352238647 0.4524313613124516 17
1756352238914 0.3871738515470339 18
1756352239173 0.38307138500006305 19
1756352239434 0.40742345866949664 20
1756352239694 0.3438745037369106 21
1756352239951 0.37563736995925073 22
1756352240382 0.37242997405321704 23
1756352240642 0.4032968813958375 24
1756352240903 0.41335779558057373 25
1756352241163 0.3702425056177637 26
1756352241423 0.4151035080785337 27
1756352241683 0.4384146002323731 28
1756352241944 0.3220668577629587 29
1756352242205 0.27378278517204785 30
1756352242464 0.21587068036846493 31
1756352242894 0.24621087247910706 32
1756352243154 0.23592714447042215 33
1756352243415 0.2975730238401372 34
1756352243676 0.32048990350702533 35
1756352243936 0.22725152839785037 36
1756352244195 0.2356562096139659 37
1756352244456 0.24064665158157764 38
1756352244715 0.28062265463497327 39
1756352244974 0.3212203208519065 40
1756352245414 0.2487360281140908 41
1756352245674 0.23649346342553262 42
1756352245934 0.27792858267607895 43
1756352246195 0.27008439470892365 44
1756352246457 0.19157207919203717 45
1756352246717 0.22903611251841421 46
1756352246976 0.19788575431574945 47
1756352247235 0.18898458325344583 48
1756352247499 0.191927135962507 49
1756352247936 0.1923689158714336 50
1756352248196 0.19393172536207282 51
1756352248457 0.2086261525426222 52
1756352248716 0.17857993685680887 53
1756352248978 0.17732005825509195 54
1756352249238 0.1756677423482356 55
1756352249501 0.19501545960488526 56
1756352249762 0.16742560299842255 57
1756352250025 0.1635714309371036 58
1756352250462 0.18637800475825433 59
1756352250724 0.12682780850192774 60
1756352250985 0.20090125015248422 61
1756352251245 0.17992505172024603 62
1756352251506 0.1829323561295219 63
1756352251767 0.15118142638517462 64
1756352252029 0.1337416855537373 65
1756352252290 0.1353689364117125 66
1756352252551 0.13253991759341696 67
1756352252984 0.14917411606596864 68
1756352253246 0.13914110689707423 69
1756352253509 0.11435438109480817 70
1756352253772 0.13863667489393897 71
1756352254034 0.13924758832739748 72
1756352254295 0.17869279711790706 73
1756352254557 0.19442095477943835 74
1756352254818 0.21128134332273318 75
1756352255240 0.16719836223384607 76
1756352255501 0.15003413901380871 77
1756352255762 0.1172748515787332 78
1756352256023 0.10408322027196056 79
1756352256284 0.11322673426374145 80
1756352256546 0.1012086249564005 81
1756352256806 0.11462824629700702 82
1756352257067 0.13691476878264677 83
1756352257330 0.10554729272489963 84
1756352257747 0.09898052283603212 85
1756352258009 0.09557717747014502 86
1756352258271 0.11676253119240636 87
1756352258532 0.0942512454222078 88
1756352258793 0.12339450613312099 89
1756352259055 0.13540759974199792 90
1756352259316 0.10471103680522545 91
1756352259577 0.10806686528350996 92
1756352259841 0.10139445053494495 93
1756352260264 0.0856182861911214 94
1756352483496 4.239483063635618 1
1756352483772 3.5587465970412544 2
1756352484315 2.730036175769308 3
1756352484588 1.0324693425841953 4
1756352484862 1.2680307199125704 5
1756352485135 1.1524110177288884 6
1756352485408 0.890724557897319 7
1756352485680 0.7620218007460885 8
1756352485954 0.6733043154944545 9
1756352486226 0.7362519709960275 10
1756352486498 0.6965477168560028 11
1756352486951 0.6042548560577891 12
1756352487225 0.5084087084168973 13
1756352487502 0.43166678431241406 14
1756352487775 0.4210674866386082 15
1756352488049 0.492960705705311 16
1756352488320 0.53194267594296 17
1756352488592 0.43152291295321094 18
1756352488865 0.36886441578035767 19
1756352489138 0.5397807268992715 20
1756352489587 0.4486730131118194 21
1756352489860 0.5378629915092302 22
1756352490133 0.47108040620451386 23
1756352490406 0.422651500157688 24
1756352490678 0.4151713277982629 25
1756352490954 0.4160724049029143 26
1756352491227 0.4086353707572688 27
1756352491501 0.3385121938974961 28
1756352491949 0.31385169275428937 29
1756352492224 0.2987085794625075 30
1756352492498 0.3015742580527845 31
1756352492771 0.3167425355185633 32
1756352493047 0.2499788662661677 33
1756352493320 0.279763581312221 34
1756352493594 0.3038048601668814 35
1756352493866 0.35036262027595355 36
1756352494140 0.3070018246122029 37
1756352494588 0.32740240252536273 38
1756352494863 0.23407657120538794 39
1756352495138 0.26239187367584393 40
1756352495411 0.24593640054049698 41
1756352495685 0.31585352479115775 42
1756352495960 0.22109917713248212 43
1756352496234 0.23486379048098688 44
1756352496510 0.24417314646036728 45
1756352496784 0.2636524717444959 46
1756352497232 0.2436962519650874 47
1756352497507 0.30957986155281897 48
1756352497784 0.23171608473943628 49
1756352498059 0.2660056313742762 50
1756352498333 0.1815046285805495 51
1756352498608 0.20419317451508148 52
1756352498883 0.1701320662446644 53
1756352499159 0.1641320024171601 54
1756352499432 0.18884344107430914 55
1756352499876 0.19092470051153845 56
1756352500152 0.1610548321319663 57
1756352500426 0.1449870425073997 58
1756352500701 0.132930017683817 59
1756352500975 0.16889092131801273 60
1756352501250 0.15099945113710736 61
1756352501525 0.1282390252403591 62
1756352501800 0.13781820610165596 63
1756352502245 0.12128612269525943 64
1756352502522 0.13904370723859125 65
1756352502796 0.14251404207037843 66
1756352503073 0.1844073511336161 67
1756352503348 0.4131088784855345 68
1756352503621 0.19798043856154318 69
1756352503895 0.14426558594340863 70
1756352504170 0.11637646753502928 71
1756352504446 0.1523462747750075 72
1756352504895 0.1377744635810023 73
1756352505172 0.11884728041679962 74
1756352505448 0.15183364243611044 75
1756352505723 0.2671680920149969 76
1756352505999 0.24691399964301483 77
1756352506274 0.1976119305776513 78
1756352506550 0.15116253592397855 79
1756352506826 0.179295277789883 80
1756352507102 0.13036107693029486 81
1756352507551 0.1311446580549945 82
1756352507825 0.11325377663192542 83
1756352508100 0.14285166075696115 84
1756352508376 0.09777213956998743 85
1756352508651 0.08566043396358905 86
1756352695219 3.5416156105373218 1
1756352695513 2.5868102052937383 2
1756352695799 2.3150726530862893 3
1756352696087 1.3511392888815508 4
1756352696373 1.034471641416135 5
1756352696661 1.6190450657968936 6
1756352697207 0.9428160799586255 7
1756352697495 0.8934891612633414 8
1756352697782 0.7601294232451398 9
1756352698069 0.793680774776832 10
1756352698356 0.6154307852620664 11
1756352698641 0.5764299708863964 12
1756352699100 0.6958723184855088 13
1756352699386 0.5039809974639312 14
1756352699672 0.5583230632802715 15
1756352699957 0.669316519861636 16
1756352700243 0.5305707182573236 17
1756352700531 0.5462509989738464 18
1756352700817 0.5322294585082842 19
1756352701104 0.454403060933818 20
1756352701390 0.4700501548207324 21
1756352701678 0.5144117228362871 22
1756352702151 0.5203263033991274 23
1756352702439 0.5018159967401753 24
1756352702728 0.4662910997867584 25
1756352703014 0.5248808180508406 26
1756352703301 0.5067040434350139 27
1756352703589 0.43837794143220654 28
1756352704045 0.35270942877168243 29
1756352704330 0.39974419902200287 30
1756352704618 0.5250816695068193 31
1756352704903 0.43627423695895984 32
1756352705188 0.5274905458740566 33
1756352705473 0.47154223724551825 34
1756352705758 0.6849587002526158 35
1756352706045 0.48050376513729925 36
1756352706334 0.40829161263030506 37
1756352706619 0.3405031892268554 38
1756352706905 0.3973566753708798 39
1756352707189 0.3396185727223106 40
1756352707475 0.25708867155987286 41
1756352707929 0.3217400681713353 42
1756352708217 0.28922641892795975 43
1756352708503 0.3266184083793474 44
1756352708790 0.2809194300485694 45
1756352709076 0.3976336406624835 46
1756352709364 0.3640109482018844 47
1756352709650 0.32591596310553345 48
1756352710098 0.340106549470321 49
1756352710387 0.3785030764082204 50
1756352710673 0.36826709560726 51
1756352710961 0.344395115647627 52
1756352711248 0.33642843041730963 53
1756352711534 0.2667665183544159 54
1756352711984 0.214800122315469 55
1756352712273 0.21770631392364917 56
1756352712560 0.29989519391370856 57
1756352712848 0.37425980101461 58
1756352713316 0.26825173458327417 59
1756352713602 0.22486271255690118 60
1756352713888 0.21392532826765723 61
1756352714175 0.20222331972225852 62
1756352714462 0.20032647478839624 63
1756352714748 0.24412493990815204 64
1756352715036 0.22527439147233963 65
1756352715324 0.19956116119156714 66
1756352715610 0.1776454257576362 67
1756352715898 0.22445100124763406 68
1756352716184 0.2601644157067589 69
1756352716470 0.20810677435087122 70
1756352716759 0.19586710534665897 71
1756352717215 0.25532373721184937 72
1756352717506 0.17004105059996896 73
1756352717795 0.17080625762110171 74
1756352718081 0.16492013276919074 75
1756352718369 0.15716292547143024 76
1756352718655 0.18552494632161182 77
1756352718943 0.197285453910413 78
1756352719393 0.1863290751757829 79
1756352719681 0.16584507926650668 80
1756352719969 0.1591263711452484 81
1756352720256 0.14669942823441132 82
1756352720543 0.14158885213343994 83
1756352720829 0.1614234249876893 84
1756352721116 0.1587989024170067 85
1756352721403 0.14353191496237463 86
1756352721691 0.1389415377508039 87
1756352721977 0.17860929894706476 88
1756352722432 0.1303655158566392 89
1756352722722 0.13678040063899496 90
1756352723009 0.14496486164305522 91
1756352723298 0.13659198274431023 92
1756352723596 0.12930864354838495 93
1756352723883 0.13435206724249799 94
1756352724342 0.1359846708567246 95
1756352724628 0.14118488246332045 96
1756352724915 0.15883282345274222 97
1756352725210 0.13775019169501637 98
1756352725499 0.1016904112437497 99
1756352725786 0.09207829039381898 100
1756352726099 0.11184776671554732 101
1756352726390 0.10000828945118448 102
1756352726679 0.09743112746788107 103
1756352726983 0.1026787429076174 104
1756352727456 0.0984967922710854 105
1756352727746 0.12086607094692148 106
1756352728036 0.10909078011046285 107
1756352728324 0.09018032754892888 108
1756352728612 0.08916045773936354 109
1756352729065 0.1148605531324511 110
1756352729354 0.0771705561681934 111
1756352729646 0.08606678862934528 112
1756352729934 0.1048014256293359 113
1756352730223 0.1472156227606794 114
1756352730512 0.09740662186042122 115
1756352730800 0.08320000071240508 116
1756352731089 0.10671473051542821 117
1756352731377 0.087786922150332 118
1756352731665 0.0865637136866217 119
1756352731952 0.07198136785755986 120
1756352732402 0.07847412853785184 121
1756352732691 0.07899376911961514 122
1756352732981 0.08517212145354437 123
1756352733271 0.06599029007813205 124
1756352733559 0.07770816074765247 125
1756352734010 0.08697336976942809 126
1756352734298 0.06397032494778218 127
1756352734586 0.06865500043267789 128
1756352734874 0.08352255562077397 129
1756352735163 0.0679583091126836 130
1756352735451 0.0725470117252806 131
1756352735739 0.06522684754884761 132
1756352736027 0.09343406023538631 133
1756352736314 0.07795019771741785 134
1756352736601 0.07490738465086273 135
1756352736890 0.07320615462958813 136
1756352737179 0.0799173285131869 137
1756352737468 0.06787553251437518 138
1756352737922 0.0857241090549075 139
1756352738241 0.07913702904530194 140
1756352738536 0.077008708987547 141
1756352738826 0.07271481588806795 142
1756352739130 0.06272792767571367 143
1756352759360 3.727320961330248 1
1756352759660 3.2148717900981074 2
1756352759949 2.1884413620700007 3
1756352760240 1.1787790967070537 4
1756352760531 1.6075775830642036 5
1756352760821 1.5747084980425627 6
1756352761405 0.8254512574361719 7
1756352761693 0.8232028419556825 8
1756352761983 0.6108185234277145 9
1756352762273 0.5260221569434457 10
1756352762563 0.5312988401755042 11
1756352762853 0.6988456793453383 12
1756352763142 0.5356031254581783 13
1756352763431 0.37185943450616754 14
1756352763719 0.4890236951734709 15
1756352764007 0.586212606533714 16
1756352764462 0.4728139956360278 17
1756352764752 0.5000451699547146 18
1756352765042 0.5335742390674093 19
1756352765332 0.5082809005094611 20
1756352765623 0.4848196947056314 21
1756352765914 0.42479062922622846 22
1756352766366 0.347027947721274 23
1756352766656 0.524706425226253 24
1756352766946 0.3872732805169147 25
1756352767237 0.2780835051899371 26
1756352767527 0.424099356583927 27
1756352767818 0.2523095005232355 28
1756352768108 0.25190452291913656 29
1756352768398 0.24421911589477374 30
1756352768698 0.30057778630567633 31
1756352768989 0.30379515303217847 32
1756352769281 0.24572915486667468 33
1756352769572 0.27759293434412585 34
1756352769862 0.24175452505764755 35
1756352770316 0.3782127998445345 36
1756352770606 0.23477724777615588 37
1756352770897 0.22777375481698825 38
1756352771187 0.27993325953898224 39
1756352771478 0.22409940867320352 40
1756352771770 0.19436773625404938 41
1756352772223 0.26928542521984683 42
1756352772515 0.26390368264654407 43
1756352772807 0.2794338040377783 44
1756352773099 0.31011638336855435 45
1756352773389 0.2800749903139861 46
1756352773680 0.30316003185251483 47
1756352774138 0.2733059629150059 48
1756352774432 0.31232394051292667 49
1756352774725 0.24215751756792483 50
1756352775018 0.27388760447502136 51
1756352775310 0.21947901145271634 52
1756352775775 0.3027328162089638 53
1756352776068 0.19850480653669522 54
1756352776361 0.2513498233064361 55
1756352776654 0.18648220825454462 56
1756352776946 0.1414228697185931 57
1756352777239 0.15816218762294107 58
1756352777532 0.16846300046081128 59
1756352777823 0.16132823248272357 60
1756352778116 0.17092363925083823 61
1756352778409 0.15453913062810898 62
1756352778700 0.1713765953545985 63
1756352778990 0.12555306955524112 64
1756352779285 0.14686944384289824 65
1756352779750 0.1262778989646746 66
1756352780047 0.14868010953068733 67
1756352780341 0.15928091756675555 68
1756352780634 0.14878852535849033 69
1756352780929 0.14148622848417447 70
1756352781222 0.14936616109765094 71
1756352781678 0.16720248305279276 72
1756352781970 0.14245435498330905 73
1756352782262 0.13370213171710138 74
1756352782553 0.1218196399833845 75
1756352782844 0.14166990246461786 76
1756352783136 0.18787852318390555 77
1756352783428 0.18863330684278323 78
1756352783718 0.11774958524367084 79
1756352784013 0.11841355134611545 80
1756352784307 0.09418302110355833 81
1756352784599 0.10243000333075938 82
1756352785081 0.10637737405688866 83
1756352785374 0.10878533562240393 84
1756352785669 0.12384192548368288 85
1756352785963 0.1250034063730551 86
1756352786256 0.10538085809220439 87
1756352786744 0.1553906574845314 88
1756352787036 0.11189310430832532 89
1756352787330 0.15392525380720262 90
1756352787623 0.11472764433078143 91
1756352787916 0.08281458655129308 92
1756352788211 0.09238775414617165 93
1756352788505 0.07491834137750708 94
1756352788799 0.08121039208186709 95
1756352789091 0.09058643683143285 96
1756352789383 0.08204430276932924 97
1756352985905 2.957868519036666 1
1756352986212 2.3604895317036174 2
1756352986513 1.9662561105645222 3
1756352986815 2.037412430929101 4
1756352987376 0.9858738780021667 5
1756352987677 0.8654801255982855 6
1756352987977 0.7991419810315837 7
1756352988279 0.8581907334535018 8
1756352988579 1.2811290233031563 9
1756352988878 0.7751754120640133 10
1756352989178 0.486183876576631 11
1756352989477 0.4494543146827947 12
1756352989779 0.431554671862851 13
1756352990080 0.4206319503162218 14
1756352990539 0.43459624635136646 15
1756352990842 0.4655852227107338 16
1756352991145 0.373528479234032 17
1756352991446 0.4653648423111957 18
1756352991747 0.38900807823823846 19
1756352992048 0.316204648302949 20
1756352992507 0.2993484071415404 21
1756352992824 0.2651926431318988 22
1756352993129 0.24713520446549292 23
1756352993430 0.2897392064332962 24
1756352993730 0.25844692924748297 25
1756352994030 0.32205305021742114 26
1756352994331 0.30366676235976425 27
1756352994630 0.2764398598152658 28
1756352994930 0.39393408143002057 29
1756352995231 0.3419560926116031 30
1756352995529 0.2992585016333539 31
1756352995831 0.2576912531386251 32
1756352996131 0.33288911600475724 33
1756352996625 0.2777144377646239 34
1756352996926 0.38822164775236795 35
1756352997228 0.30800733877264935 36
1756352997531 0.3147266299828239 37
1756352997834 0.3216474542151327 38
1756352998135 0.20074581128099692 39
1756352998600 0.2666820371928422 40
1756352998903 0.20804200353829758 41
1756352999208 0.1864931016512539 42
1756352999510 0.20093768381554147 43
1756352999812 0.281143872310286 44
1756353000114 0.23789182629274286 45
1756353000580 0.18373164372599643 46
1756353000885 0.14206667017677557 47
1756353001190 0.1828381999031357 48
1756353001494 0.24581735775522565 49
1756353001798 0.2279886836590974 50
1756353002264 0.16234932030024735 51
1756353002567 0.16211262604464655 52
1756353002869 0.15197770815828573 53
1756353003170 0.17902125515367673 54
1756353003471 0.2769645041097765 55
1756353003773 0.19403520582810693 56
1756353004075 0.14434153343672337 57
1756353004378 0.14467065036296844 58
1756353004679 0.14358208620029947 59
1756353004980 0.1620249119789704 60
1756353005281 0.1302413998738579 61
1756353005584 0.11988127409763959 62
1756353005885 0.1117611221321251 63
1756353006356 0.1224770991374617 64
1756353006660 0.1269243822797485 65
1756353006963 0.11956608975711076 66
1756353007266 0.11259882492215736 67
1756353007568 0.10966352843072104 68
1756353007872 0.12509796574063922 69
1756353008338 0.11744885276193204 70
1756353008641 0.10829179442447165 71
1756353008946 0.11066027099023694 72
1756353009248 0.09644629206994305 73
1756353009553 0.11937602965728096 74
1756353009856 0.11337602251897687 75
1756353010156 0.13305792552621468 76
1756353010457 0.15379944605671841 77
1756353010761 0.12523817951264588 78
1756353011063 0.16101910562618918 79
1756353011374 0.1429813160844471 80
1756353011842 0.12453269650754721 81
1756353012145 0.10527550088970558 82
1756353012450 0.11855290943513745 83
1756353012753 0.13925160062701805 84
1756353013058 0.09115907825205637 85
1756353013519 0.09524813440182935 86
1756353013826 0.1086077583224877 87
1756353014129 0.1001125366791435 88
1756353014432 0.1003831127739471 89
1756353014736 0.067635343450567 90
1756353015039 0.08282999491885952 91
1756353015343 0.09359167775382167 92
1756353015646 0.10038259738813275 93
1756353015951 0.0837214590738649 94
1756353016258 0.07351781865176947 95
1756353016564 0.09094429987928142 96
1756353017039 0.08595362321838089 97
1756353017348 0.08801883442894272 98
1756353017653 0.07439948877562648 99
1756353017958 0.05571609120006147 100
1756353018268 0.06284503274313781 101
1756353018732 0.08413924017678136 102
1756353019038 0.053488139387058174 103
1756353019343 0.05719126542301282 104
1756353019646 0.06445317099923673 105
1756353019952 0.07358783969412679 106
1756353020258 0.061367597268975296 107
1756353020561 0.06246806268134843 108
1756353020866 0.06801645303873913 109
1756353021171 0.07397149163095848 110
1756353021473 0.06219410337507725 111
1756353021957 0.06204317072811334 112
1756353022262 0.05804178086311921 113
1756353022567 0.05357527165957119 114
1756353022872 0.05526295741615088 115
1756353023179 0.05463164477892544 116
1756353023481 0.060930815727814384 117
1756353023785 0.06290490820032099 118
1756353024282 0.05760398280361424 119
1756353024589 0.05300170207477134 120
1756353223274 2.910576442013616 1
1756353223589 3.044812342394953 2
1756353224148 1.4947507511014524 3
1756353224463 1.17248307492422 4
1756353224777 0.9935456786466681 5
1756353225091 0.9569630959759587 6
1756353225406 0.7320247733074686 7
1756353225718 0.6458320397397747 8
1756353226033 0.646223467329274 9
1756353226510 0.5900134813526402 10
1756353226825 0.5682775702165521 11
1756353227139 0.4242105036973953 12
1756353227453 0.42430263887281006 13
1756353227765 0.36243008012356964 14
1756353228078 0.5004853923683581 15
1756353228391 0.5106159558762675 16
1756353228866 0.49471426528433093 17
1756353229181 0.3822248487368874 18
1756353229497 0.6104567711767943 19
1756353229811 0.5440427311088728 20
1756353230125 0.4308124067990676 21
1756353230439 0.37917631994123047 22
1756353230753 0.2749083515094674 23
1756353231227 0.37943039121835126 24
1756353231541 0.3254251784604529 25
1756353231856 0.3566102690022925 26
1756353232171 0.4133872985839844 27
1756353232486 0.3303526202621667 28
1756353232800 0.36333830201107525 29
1756353233117 0.3565368619949921 30
1756353233594 0.31386550937009894 31
1756353233912 0.2598007463890573 32
1756353234228 0.26989692190419073 33
1756353234541 0.2166142385938893 34
1756353234855 0.21479942293270773 35
1756353235169 0.2284211467789567 36
1756353235642 0.21416882943847906 37
1756353235956 0.2620737487855165 38
1756353236273 0.23460319152344827 39
1756353236590 0.2609037996634193 40
1756353236906 0.21712388422178186 41
1756353237224 0.18276785573233728 42
1756353237698 0.20221498381832373 43
1756353238013 0.16812772757333258 44
1756353238328 0.19966604269069174 45
1756353238643 0.3152448418347732 46
1756353238956 0.2168716668434765 47
1756353239431 0.21153260443521582 48
1756353239745 0.1954357899401499 49
1756353240060 0.1667465182102245 50
1756353240375 0.15192362649933153 51
1756353240690 0.18058511906343958 52
1756353241007 0.18446628781764404 53
1756353241484 0.1734438771786897 54
1756353241801 0.16943781531375388 55
1756353242117 0.18911690977604492 56
1756353242433 0.18000663590172064 57
1756353242749 0.13155161492202594 58
1756353243065 0.10315336481384609 59
1756353243541 0.14169676925825037 60
1756353243856 0.16575553251997285 61
1756353244171 0.20359209471422693 62
1756353244485 0.1651654917260875 63
1756353244802 0.15912701934576035 64
1756353245117 0.16077938756865004 65
1756353245592 0.10400436575645985 66
1756353245906 0.1589713968012644 67
1756353246221 0.12024807768023532 68
1756353246537 0.1147471138316652 69
1756353246852 0.1654768725452216 70
1756353247170 0.13271273688777632 71
1756353247645 0.12430445396381876 72
1756353247962 0.11065499419751375 73
1756353248281 0.10491103435988011 74
1756353248599 0.1085068727641002 75
1756353248915 0.11146095719026483 76
1756353249231 0.18372004786911217 77
1756353249704 0.160270185250303 78
1756353250021 0.11068971698050914 79
1756353250335 0.11881622542505679 80
1756353250652 0.09451022161089856 81
1756353250970 0.10681040779404018 82
1756353251442 0.08221567681302196 83
1756353251758 0.09078588207130847 84
1756353252074 0.08515445661285649 85
1756353252390 0.08158346540901971 86
1756353252706 0.0740283730885257 87
1756353253021 0.08494275030882462 88
1756353253498 0.07632931127496388 89
1756353253813 0.08082350456844205 90
1756353254129 0.06988564862505249 91
1756353254444 0.07554624691281629 92
1756353254759 0.07264783346782559 93
1756353255074 0.07439756020903587 94
1756353255549 0.09104138151135134 95
1756353255866 0.08958883729317914 96
1756353256183 0.08367341999774394 97
1756353256499 0.09765199183121971 98
1756353256816 0.07655417368463847 99
1756353257134 0.08193213751782542 100
1756353257619 0.07311897101285665 101
1756353257937 0.07467609222816385 102
1756353258255 0.0767298101083092 103
1756353258573 0.07648149181319319 104
1756353258892 0.07570261613506338 105
1756353259209 0.06659770157674084 106
1756353259690 0.06259107792183109 107
1756353260008 0.05722405607609645 108
1756353260326 0.05604180094340573 109
1756353260642 0.07944281852763632 110
1756353260960 0.0619249172994624 111
1756353261279 0.053959734251965645 112
1756353261759 0.06417704373598099 113
1756353262075 0.04996185798359954 114
1756353281567 2.9675173189329063 1
1756353282159 2.8680767831595047 2
1756353282480 2.07479146770809 3
1756353282800 1.2686687643113344 4
1756353283120 1.2718944419985232 5
1756353283439 1.166046697160472 6
1756353283757 0.9951665712439496 7
1756353284255 0.9907055536042089 8
1756353284575 0.9537045450314231 9
1756353284895 0.6226954745209735 10
1756353285212 0.4499797179647114 11
1756353285534 0.49976143370503967 12
1756353285854 0.6755166792351267 13
1756353286346 0.6045949342458145 14
1756353286665 0.4082109176594278 15
1756353286986 0.5454316877800486 16
1756353287307 0.4744521547918734 17
1756353287625 0.46453512427599536 18
1756353287945 0.4199480673541193 19
1756353288432 0.44051262801108154 20
1756353288753 0.3179593423138494 21
1756353289070 0.3388527592887049 22
1756353289387 0.2924209178789802 23
1756353289704 0.34024013578891754 24
1756353290021 0.38931874606920325 25
1756353290507 0.43152914876523224 26
1756353290825 0.2752651870250702 27
1756353291143 0.31585010821404663 28
1756353291461 0.3112457478823869 29
1756353291780 0.26781529641669727 30
1756353292097 0.2838537048386491 31
1756353292583 0.3720331250325493 32
1756353292901 0.46491176796996075 33
1756353293220 0.3403795795596164 34
1756353293539 0.3986691592828087 35
1756353293859 0.2843861528064894 36
1756353294341 0.2966215539237727 37
1756353294661 0.2924329657917437 38
1756353294980 0.25617593915566156 39
1756353295298 0.16533260403767877 40
1756353295615 0.20790232329264932 41
1756353295934 0.2640353752219159 42
1756353296416 0.2801995108956876 43
1756353296735 0.20123877214348834 44
1756353297056 0.19476637503375177 45
1756353297377 0.20002835632666296 46
1756353297696 0.201366799681083 47
1756353298016 0.17850519295619882 48
1756353298502 0.22139123146948608 49
1756353298825 0.2957719745843307 50
1756353299144 0.20128486240687576 51
1756353299465 0.18513661137093668 52
1756353299783 0.17097077421520068 53
1756353300103 0.20855177323455396 54
1756353300589 0.19960471210272415 55
1756353300911 0.18521918048677238 56
1756353301230 0.2288572360639987 57
1756353301551 0.23810920605193014 58
1756353301871 0.23060017143902573 59
1756353302192 0.21057795441668967 60
1756353302674 0.18417855028225028 61
1756353302995 0.17181115176366724 62
1756353303315 0.2629637611301049 63
1756353303635 0.21294672949158627 64
1756353303955 0.2194598435383776 65
1756353304439 0.18570380495942157 66
1756353304758 0.18216805872709854 67
1756353305079 0.20699346259884213 68
1756353305398 0.1677961070900378 69
1756353305719 0.12687428068855536 70
1756353306038 0.13970414225174033 71
1756353306524 0.18080440876276596 72
1756353306842 0.1421707988433216 73
1756353307163 0.17659615239371423 74
1756353307484 0.10931808274725209 75
1756353307808 0.11727029182340788 76
1756353308129 0.16432008276815 77
1756353308625 0.1337069731367671 78
1756353308951 0.12919794719504274 79
1756353309279 0.11310908522294916 80
1756353309603 0.09580524346750716 81
1756353309925 0.10628075055454088 82
1756353310246 0.11955954960506895 83
1756353310759 0.09846534693370694 84
1756353311080 0.09337768736092941 85
1756353311401 0.08684987380452779 86
1756353311724 0.08320017968830855 87
1756353312044 0.07532825531518977 88
1756353312541 0.081265596591908 89
1756353312864 0.07829166414297145 90
1756353313186 0.10508429477720158 91
1756353313506 0.11337347604010416 92
1756353501131 2.7805607292963113 1
1756353501465 2.7859828368477197 2
1756353501793 1.8723763253377832 3
1756353502123 1.5468421008275903 4
1756353502454 1.5215163425258968 5
1756353503032 1.4070000570753347 6
1756353503363 1.0705742201079493 7
1756353503694 0.6822139854016511 8
1756353504023 0.5870475056378738 9
1756353504353 0.5748263714106187 10
1756353504865 0.5437843099884365 11
1756353505197 0.4503525560316832 12
1756353505529 0.42387875201909436 13
1756353505860 0.4357494012169216 14
1756353506190 0.4398546296617259 15
1756353506701 0.3871408215035563 16
1756353507032 0.3448108875233194 17
1756353507365 0.46122823849968286 18
1756353507697 0.4630828674720681 19
1756353508028 0.49044059735277423 20
1756353508360 0.44118481809678284 21
1756353508862 0.4677345616661984 22
1756353509193 0.38783396780490875 23
1756353509523 0.3497610461452733 24
1756353509852 0.2982996456001116 25
1756353510183 0.33555252655692724 26
1756353510688 0.28789460011150525 27
1756353511020 0.3332098469786022 28
1756353511351 0.2989398649205332 29
1756353511682 0.3309625879577968 30
1756353512011 0.30746707903302234 31
1756353512516 0.3691732222619264 32
1756353512847 0.3367757946252823 33
1756353513177 0.3219543727843658 34
1756353513507 0.3516403812429179 35
1756353513835 0.3107802945634593 36
1756353514166 0.22922345218451126 37
1756353514673 0.23860166804945987 38
1756353515006 0.2649172525043073 39
1756353515337 0.26275785850441974 40
1756353515669 0.24568223888459412 41
1756353516001 0.23165621057800626 42
1756353516504 0.2012622774295185 43
1756353516836 0.2415872132000716 44
1756353517167 0.23157757682644803 45
1756353517500 0.37353200303471606 46
1756353517836 0.3505709054677383 47
1756353518348 0.2871219956356546 48
1756353518680 0.27219294465106464 49
1756353519010 0.22571285198564114 50
1756353519341 0.18357893565426703 51
1756353519672 0.18624173752639606 52
1756353520178 0.15211870488913162 53
1756353520510 0.16991406096064526 54
1756353520843 0.20256350286628888 55
1756353521175 0.19587074608906455 56
1756353521506 0.1619491865453513 57
1756353521838 0.1508520439915035 58
1756353522345 0.17112292219763217 59
1756353522677 0.19592961085879285 60
1756353523009 0.15594375991950865 61
1756353523340 0.14411288904755012 62
1756353523674 0.1254845890014068 63
1756353524183 0.1636127980183 64
1756353524517 0.1732014255679172 65
1756353524848 0.1668514385819435 66
1756353525183 0.13516421551289765 67
1756353525515 0.20312738353791443 68
1756353537696 3.0211858252684274 1
1756353538031 3.948944399754206 2
1756353538362 3.927631268898646 3
1756353538947 3.1185266772905984 4
1756353539282 1.9271898816029231 5
1756353539613 1.2850185384353001 6
1756353539946 0.7507784788807234 7
1756353540278 0.6433019836743673 8
1756353540771 0.6423855572938919 9
1756353541103 0.5747408494353294 10
1756353541434 0.43180382748444873 11
1756353541769 0.4526270205775897 12
1756353542101 0.5954057971636454 13
1756353542432 0.5838149686654409 14
1756353542932 0.44083478053410846 15
1756353543264 0.42504410818219185 16
1756353543598 0.40667717531323433 17
1756353543930 0.427231398721536 18
1756353544262 0.35945549234747887 19
1756353544753 0.30806375791629154 20
1756353545085 0.2967711612582207 21
1756353545416 0.32533005128304165 22
1756353545748 0.28287117431561154 23
1756353546081 0.28642769033710164 24
1756353546415 0.35346588119864464 25
1756353546908 0.3884044562776883 26
1756353547243 0.4320654347538948 27
1756353547575 0.28119763856132823 28
1756353547906 0.22248760238289833 29
1756353548238 0.19684316838781038 30
1756353548732 0.23824670538306236 31
1756353549067 0.20103601862986883 32
1756353549403 0.2518485076725483 33
1756353549737 0.2922999734679858 34
1756353550069 0.5322895149389902 35
1756353550590 0.5977602923909823 36
1756353550924 0.39022370676199597 37
1756353551256 0.26029883200923604 38
1756353551589 0.208843265970548 39
1756353551920 0.2060714935262998 40
1756353552432 0.24297019466757774 41
1756353552763 0.1994663899143537 42
1756353553094 0.17315571134289107 43
1756353553427 0.16407124201456705 44
1756353553758 0.1691749437401692 45
1756353554091 0.16417787224054337 46
1756353554603 0.14117862470448017 47
1756353554936 0.1947642626861731 48
1756353555271 0.16598338820040226 49
1756353555605 0.15191669886310896 50
1756353555939 0.1503094428529342 51
1756353556448 0.1711096353828907 52
1756353556782 0.2022558537622293 53
1756353557116 0.13463028023640314 54
1756353557450 0.2660516792287429 55
1756353557781 0.21059903502464294 56
1756353558304 0.1267678334067265 57
1756353558638 0.12011445313692093 58
1756353558972 0.12782073641816774 59
1756353559306 0.15285220555961132 60
1756353559642 0.1380748152732849 61
1756353560163 0.12754887963334718 62
1756353560496 0.10849456737438838 63
1756353560829 0.1294255405664444 64
1756353561168 0.10928493117292722 65
1756353561503 0.11350145501395066 66
1756353561838 0.09405976564933856 67
1756353562360 0.10555375305314858 68
1756353562694 0.09210662357509136 69
1756353563027 0.08453975586841504 70
1756353563358 0.08533842861652374 71
1756353563691 0.0989504602427284 72
1756353564203 0.1123164106781284 73
1756353564535 0.1103617511689663 74
1756353564867 0.08685608332355817 75
1756353565198 0.10019826423376799 76
1756353565532 0.08738735939065616 77
1756353565866 0.08955727269252141 78
1756353566381 0.08438402879983187 79
1756353566714 0.1166889313608408 80
1756353567047 0.07382397291560967 81
1756353567379 0.09622498384366433 82
1756353567714 0.08283637060473363 83
1756353568237 0.08184604812413454 84
1756353568572 0.0779758645221591 85
1756353568905 0.09036014384279649 86
1756353569240 0.08265321391324203 87
1756353569572 0.09475895793487628 88
1756353570077 0.0597934831554691 89
1756353570414 0.06557251109431188 90
1756353570750 0.06717298924922943 91
1756353571085 0.06728558304409187 92
1756353571417 0.06555332305530708 93
1756353571919 0.07926152274012566 94
1756353572253 0.052053637181719146 95
1756353572590 0.06371809386958678 96
1756353572925 0.05758991139009595 97
1756353573258 0.055771561339497566 98
1756353573594 0.07975243094066779 99
1756353574093 0.06919136674453814 100
1756353596320 2.814027065816133 1
1756353596661 2.5049693636272266 2
1756353597246 1.7005739523016887 3
1756353597584 1.6704280246859011 4
1756353597923 1.3883496548818506 5
1756353598261 1.3507267755010854 6
1756353598606 0.8761085764221523 7
1756353599110 0.8376070429449496 8
1756353599451 1.146022943050965 9
1756353599790 1.0139934511288353 10
1756353600127 0.5856995154982028 11
1756353600466 0.6653956395128499 12
1756353600804 0.6277056608511054 13
1756353601325 0.5134687235821849 14
1756353601665 0.44827574685863825 15
1756353602003 0.4299456107875575 16
1756353602342 0.5241604576940122 17
1756353602682 0.5403031978918158 18
1756353603182 0.5867094941761183 19
1756353603520 0.48302260559538135 20
1756353603857 0.44572688056075055 21
1756353604195 0.42240608710309735 22
1756353604533 0.4599965681200442 23
1756353605029 0.4508431825948798 24
1756353605370 0.3725649954184242 25
1756353605708 0.3864307273989138 26
1756353606045 0.35445157017396844 27
1756353606383 0.39233761313168897 28
1756353606900 0.3516231133886006 29
1756353607238 0.4202016274566236 30
1756353607576 0.4113591242095698 31
1756353607915 0.6518012952545414 32
1756353608251 0.5766963310863661 33
1756353608593 0.5266343808692434 34
1756353609119 0.379174974301587 35
1756353609461 0.3750408745330313 36
1756353609799 0.5341913311377816 37
1756353610136 0.48538491000299866 38
1756353610474 0.37616068383921747 39
1756353610980 0.3254485311715499 40
1756353611319 0.3736109416122022 41
1756353611662 0.411190550936305 42
1756353612002 0.34484993050927704 43
1756353612341 0.3031388132468514 44
1756353612848 0.3053637710602387 45
1756353613188 0.2885649541149969 46
1756353613529 0.23818616795799005 47
1756353613866 0.24074339607487555 48
1756353614206 0.2808269210483717 49
1756353614706 0.21510910987854004 50
1756353615043 0.33894600168518396 51
1756353615379 0.3244903450426848 52
1756353615720 0.2517255534944327 53
1756353616060 0.2394223624597425 54
1756353616400 0.21939258406991544 55
1756353616901 0.20307908919842346 56
1756353617243 0.24079816496890524 57
1756353617583 0.26051928038182465 58
1756353617921 0.22483149753964465 59
1756353618259 0.19430202666832053 60
1756353618759 0.19479811061983524 61
1756353619099 0.18539500398480374 62
1756353619437 0.1828035624778789 63
1756353619776 0.1528378206750621 64
1756353620115 0.1954455832424371 65
1756353620456 0.20589562116757684 66
1756353620960 0.1963799712450608 67
1756353621303 0.17228156036656836 68
1756353621645 0.19088626167048578 69
1756353621986 0.1551930573971375 70
1756353622328 0.18041522930497708 71
1756353622853 0.23610139281853385 72
1756353623219 0.17605773586293924 73
1756353623560 0.1628495480703271 74
1756353623899 0.15628131462827974 75
1756353624238 0.12244523737741553 76
1756353624762 0.1631275347393492 77
1756353625102 0.19100918750400128 78
1756353625441 0.17108041307200555 79
1756353625791 0.14326571414004202 80
1756353626130 0.12495682485725569 81
1756353626645 0.12578644441521686 82
1756353626983 0.12720159862352454 83
1756353627321 0.11456545766281045 84
1756353627659 0.11049388381450073 85
1756353627999 0.12437183085990988 86
1756353628524 0.12061710380341696 87
1756353628864 0.11600864921575008 88
1756353629204 0.10344749429951543 89
1756353629545 0.12551962195531183 90
1756353629885 0.09440962030835774 91
1756353630225 0.10316680582321208 92
1756353630730 0.09175319564731224 93
1756353631069 0.0898196953146354 94
1756353631412 0.07921583772353503 95
1756353631753 0.08565682610091956 96
1756353632096 0.09364949344940808 97
1756353632639 0.09579967399654181 98
1756353632984 0.12163825365512268 99
1756353633324 0.10355806982387668 100
1756353633662 0.10180995111232219 101
1756353634006 0.08430097657053368 102
1756353634522 0.08024275238099306 103
1756353634865 0.10618130441593088 104
1756353635206 0.08100356663698735 105
1756353635549 0.10241507414890372 106
1756353635888 0.13303506277177646 107
1756353636232 0.09478626367838486 108
1756353636748 0.08651549401490585 109
1756353637089 0.08187933249965958 110
1756353817237 3.2345300912857056 1
1756353817587 3.414298137029012 2
1756353817932 3.4706607858339944 3
1756353818277 3.0389506220817566 4
1756353818622 4.269916673501332 5
1756353819230 1.6053638259569805 6
1756353819579 1.0143654147783916 7
1756353819927 1.1163222094376881 8
1756353820272 0.7197253505388895 9
1756353820617 0.6462869842847189 10
1756353820960 0.5946394751469294 11
1756353821481 0.5020117113987604 12
1756353821828 0.5772283226251602 13
1756353822174 0.39371297756830853 14
1756353822520 0.4354734818140666 15
1756353822867 0.41267502307891846 16
1756353823414 0.4822600930929184 17
1756353823761 0.42691559096177417 18
1756353824109 0.42741302649180096 19
1756353824456 0.4685193548599879 20
1756353824800 0.32716792821884155 21
1756353825336 0.3525474965572357 22
1756353825683 0.32152530550956726 23
1756353826028 0.3449332614739736 24
1756353826377 0.2962476313114166 25
1756353826723 0.30511807401974994 26
1756353827256 0.26184963434934616 27
1756353827603 0.2437438890337944 28
1756353827951 0.24111286054054895 29
1756353828299 0.224882443745931 30
1756353828645 0.20708476255337396 31
1756353828994 0.19839772582054138 32
1756353829528 0.21098326643308005 33
1756353829879 0.22134301563103995 34
1756353830224 0.22989467034737268 35
1756353830570 0.22105433543523154 36
1756353830916 0.21569015582402548 37
1756353831451 0.1881159171462059 38
1756353831799 0.17474603404601416 39
1756353832146 0.19768026222785315 40
1756353832492 0.18527686347564062 41
1756353832839 0.1932213306427002 42
1756353833366 0.20840624471505484 43
1756353833713 0.20740528404712677 44
1756353834060 0.20703976601362228 45
1756353834407 0.21205300589402518 46
1756353834753 0.17441771427790323 47
1756353835276 0.18768279502789179 48
1756353835624 0.1566917598247528 49
1756353835973 0.1985822133719921 50
1756353836321 0.1628591480354468 51
1756353836668 0.12414385875066121 52
1756353837016 0.16568435604373613 53
1756353837535 0.15117778504888216 54
1756353837882 0.1556857948501905 55
1756353838229 0.11358902230858803 56
1756353838577 0.1002609059214592 57
1756353838925 0.10561187192797661 58
1756353839440 0.11992759878436725 59
1756353839789 0.11046053220828374 60
1756353840139 0.10908802598714828 61
1756353840486 0.09841958247125149 62
1756353840833 0.09775582825144132 63
1756353841344 0.09436789775888126 64
1756353841690 0.0957113765180111 65
1756353842036 0.10885205368200938 66
1756353842384 0.11579022059837978 67
1756353842730 0.11265801638364792 68
1756353843077 0.08799750730395317 69
1756353843592 0.1093672513961792 70
1756353843939 0.09354241316517194 71
1756353844286 0.09383593872189522 72
1756353844633 0.10494599491357803 73
1756353844979 0.09072765707969666 74
1756353845490 0.06453984354933102 75
1756353845837 0.10075846935311954 76
1756353846183 0.09720981990297635 77
1756353846529 0.08573715140422185 78
1756353846877 0.07854857916633289 79
1756353847384 0.0814051441848278 80
1756353847733 0.0889758641521136 81
1756353848081 0.09410612595578034 82
1756353848430 0.0886519414683183 83
1756353848779 0.07960070980091889 84
1756353849286 0.08699343477686246 85
1756353849636 0.06989390899737676 86
1756353849984 0.08604180874923865 87
1756353850332 0.0661010059217612 88
1756353850684 0.07170689043899377 89
1756353851031 0.0672010996689399 90
1756353851539 0.09071363260348637 91
1756353851887 0.06844694601992767 92
1756353852234 0.06500730166832606 93
1756353852583 0.06996783552070458 94
1756353852931 0.06529231928288937 95
1756353853437 0.06234390288591385 96
1756353853785 0.06420414025584857 97
1756353854133 0.07170118639866511 98
1756353854481 0.05586095650990804 99
1756353854828 0.05012337180475394 100
1756353855177 0.055726214622457824 101
1756353855685 0.06275669485330582 102
1756353856032 0.0785414557904005 103
1756353856381 0.06230581862231096 104
1756353856729 0.06567607695857684 105
1756353857077 0.05892099812626839 106
1756353857583 0.058597092206279434 107
1756353857932 0.057356917609771095 108
1756353858280 0.05380829299489657 109
1756353858627 0.06193574828406175 110
1756353858976 0.05817903392016888 111
1756353859485 0.04636170963446299 112
1756353859834 0.05339061965545019 113
1756353860181 0.0529793705791235 114
1756353860530 0.05003482600053152 115
1756353884418 3.9494020887043164 1
1756353884769 3.163705048353776 2
1756353885115 2.492762531923211 3
1756353885463 1.419038298337356 4
1756353886062 0.8451172281866488 5
1756353886411 0.72136968244677 6
1756353886758 0.7023164318955463 7
1756353887108 0.8128914107447085 8
1756353887458 0.8787506857643956 9
1756353887987 0.749675628931626 10
1756353888336 0.5931055869745172 11
1756353888684 0.739698711944663 12
1756353889031 0.5863986546578615 13
1756353889381 0.5645255990650343 14
1756353889729 0.538116227025571 15
1756353890246 0.5217877872612166 16
1756353890596 0.5745099549708159 17
1756353890944 0.4912192445734273 18
1756353891294 0.4342715357956679 19
1756353891644 0.39881392600743665 20
1756353892159 0.3788269000208896 21
1756353892507 0.36879875996838446 22
1756353892856 0.37081609471984533 23
1756353893204 0.34657099130360974 24
1756353893553 0.4528044844451158 25
1756353893903 0.2853928091733352 26
1756353894418 0.4154709286015967 27
1756353894768 0.35945361334344617 28
1756353895119 0.28759349234726117 29
1756353895468 0.2765695439732593 30
1756353895819 0.3293321670397468 31
1756353896333 0.29863462694313214 32
1756353896685 0.27495524287223816 33
1756353897034 0.27322622356207477 34
1756353897382 0.2379260302885719 35
1756353897730 0.21326473614443903 36
1756353898237 0.17409243985362674 37
1756353898587 0.18358122460220172 38
1756353898939 0.24916337171326514 39
1756353899288 0.3426290944866512 40
1756353899639 0.29327944633753406 41
1756353900157 0.1662259221724842 42
1756353900505 0.3016064818138662 43
1756353900853 0.21846928803817087 44
1756353901203 0.18116749240004498 45
1756353901554 0.19547470561836078 46
1756353901902 0.15488662279170493 47
1756353902419 0.15335954288425652 48
1756353902770 0.16490129932113315 49
1756353903122 0.16201021489889725 50
1756353903472 0.17077021009248236 51
1756353903822 0.18682151417369428 52
1756353904341 0.18375044704779334 53
1756353904688 0.15749209147432577 54
1756353905038 0.13540351293657138 55
1756353905387 0.17080231415836708 56
1756353905739 0.28915849522404047 57
1756353906260 0.1976352039238681 58
1756353906611 0.18047984916230905 59
1756353906960 0.12082091767502867 60
1756353907309 0.1310494354237681 61
1756353907657 0.18065258034545442 62
1756353908004 0.28761828723161115 63
1756353908515 0.19789584855670514 64
1756353908866 0.191439182214115 65
1756353909214 0.18586213076892105 66
1756353909565 0.16653380121873773 67
1756353909914 0.11967546330845874 68
1756353910428 0.13523444598135742 69
1756353910778 0.13550485864929532 70
1756353911128 0.11371195575465327 71
1756353911478 0.24207757445781128 72
1756353911829 0.17376929165228552 73
1756353912337 0.1689899952515312 74
1756353912686 0.13497631672931754 75
1756353913038 0.1236055574339369 76
1756353913389 0.1498664131631022 77
1756353913738 0.1280453930730405 78
1756353914245 0.10964445170501004 79
1756353914598 0.1116870570441951 80
1756353914950 0.10351753072894138 81
1756353915302 0.08963957250766132 82
1756353915652 0.10105248815987421 83
1756353916160 0.12104176017253296 84
1756353916510 0.11794719731678134 85
1756353916861 0.11230478646314662 86
1756353917210 0.1059732134251491 87
1756353917561 0.1224607945136402 88
1756353918072 0.0880289447048436 89
1756353918424 0.10351076252434564 90
1756353918774 0.0999139877765075 91
1756353919126 0.09361942347301089 92
1756353919477 0.07170738036865773 93
1756353919827 0.06891667567517447 94
1756353920331 0.07602006925836853 95
1756353920680 0.084292267003785 96
1756353921032 0.05420866187499917 97
1756353921384 0.05601376659520294 98
1756353921735 0.07391656748950481 99
1756353922244 0.06617583123886067 100
1756353922594 0.06880941906053087 101
1756353922945 0.0651617864065844 102
1756353923298 0.06256730676345203 103
1756353923650 0.07128827524897845 104
1756353924161 0.08360492778213127 105
1756353924511 0.10568629869300386 106
1756353924860 0.08584120966818022 107
1756353925210 0.060831149311169334 108
1756353925560 0.06113651022315025 109
1756353926072 0.06635488650721053 110
1756353926423 0.058695790155426315 111
1756353926774 0.07755586375360904 112
1756353927124 0.08710544345819432 113
1756353927475 0.05862973152619341 114
1756353927825 0.05438112289361332 115
1756353928335 0.053706843243992844 116
1756354163158 2.8382991111796834 1
1756354163523 2.3145915969558386 2
1756354163885 2.287566762903462 3
1756354164496 2.3709705964378687 4
1756354164859 1.3380228980727817 5
1756354165221 0.9273579016975735 6
1756354165585 0.7868509461050448 7
1756354166109 0.9895967011866362 8
1756354166471 1.0742325964181318 9
1756354166835 0.7154122953829558 10
1756354167197 0.6865834827008455 11
1756354167560 0.7791533729304438 12
1756354168089 0.8653297502061595 13
1756354168454 0.766985262217729 14
1756354168815 0.5207145356613657 15
1756354169177 0.44329424979894055 16
1756354169702 0.4968213529690452 17
1756354170068 0.4658356231191884 18
1756354170433 0.376504294898199 19
1756354170796 0.3713891862527184 20
1756354171161 0.3207581393096758 21
1756354171690 0.39227170659148175 22
1756354172054 0.4065427048050839 23
1756354172418 0.2773227043773817 24
1756354172780 0.41813532554585003 25
1756354173312 0.319573280280051 26
1756354173677 0.26755024104014685 27
1756354174044 0.354247173861317 28
1756354174406 0.2931682681259902 29
1756354174934 0.34010658186414966 30
1756354175299 0.3734669199456339 31
1756354175663 0.25943745057220047 32
1756354176029 0.26460950854031934 33
1756354176394 0.20247407711070517 34
1756354176922 0.2452826959931332 35
1756354177286 0.3042952042558919 36
1756354177651 0.2507918664942617 37
1756354178015 0.26113976602968964 38
1756354178545 0.2478210116210191 39
1756354178913 0.18610853070150252 40
1756354179276 0.20198456197977066 41
1756354179645 0.16259401097245837 42
1756354180181 0.16658054097839023 43
1756354180548 0.15918418084797653 44
1756354180913 0.19647377891385037 45
1756354181278 0.2124342163619788 46
1756354181644 0.19458120802174445 47
1756354182179 0.19466158196977948 48
1756354182547 0.27325281047302746 49
1756354182912 0.2667630742425504 50
1756354183278 0.2581804938938307 51
1756354183811 0.20911043396462564 52
1756354184176 0.42790319900149887 53
1756354184542 0.3523689560268236 54
1756354184908 0.3424108041369397 55
1756354185271 0.24124767048203427 56
1756354185801 0.20204729457264362 57
1756354186167 0.16858589908351068 58
1756354186533 0.17189264945361926 59
1756354186899 0.17674710795931195 60
1756354187264 0.19477115701074185 61
1756354187798 0.1897091321323229 62
1756354188166 0.1957803950037645 63
1756354188534 0.19075641586728717 64
1756354188901 0.16648750719816788 65
1756354189434 0.16328890297723853 66
1756354189801 0.16525548178216684 67
1756354190169 0.1622321288222852 68
1756354190536 0.2593873512485753 69
1756354191064 0.16693366675273233 70
1756354191429 0.16806581648795502 71
1756354191796 0.15158159998447998 72
1756354192160 0.13436988870734753 73
1756354192524 0.22696823756331982 74
1756354193057 0.18452399709950323 75
1756354193423 0.1703369798867599 76
1756354193789 0.11553063373202863 77
1756354194153 0.1379360373577346 78
1756354194521 0.22936615866163504 79
1756354195055 0.2251716767964156 80
1756354195421 0.1576847540943519 81
1756354195790 0.1204772504127544 82
1756354196156 0.14193961510191794 83
1756354196686 0.15560692289601202 84
1756354197051 0.1601220126385274 85
1756354197418 0.12834258150795233 86
1756354197782 0.1219531600566014 87
1756354198311 0.11219885977713959 88
1756354198676 0.1042566017612167 89
1756354199041 0.10543889001659724 90
1756354199406 0.1428009417393933 91
1756354199773 0.11686644265833109 92
1756354200305 0.09575495285832364 93
1756354200673 0.09460916370153427 94
1756354201040 0.12148267678592516 95
1756354201408 0.10280061756139217 96
1756354201776 0.09190351839946664 97
1756354202310 0.08069742681539577 98
1756354202675 0.09888721484204997 99
1756354203041 0.09141850179952124 100
1756354203408 0.09543999932382417 101
1756354203958 0.09674364700913429 102
1756354204324 0.08246493404326231 103
1756354426053 3.106027877849081 1
1756354426691 3.0446586712546972 2
1756354427072 2.186448720486268 3
1756354427451 1.5664510752843774 4
1756354427825 1.1362606649813445 5
1756354428387 1.1697810473649397 6
1756354428764 0.9030937280343927 7
1756354429143 0.820265144109726 8
1756354429521 0.6642238478297773 9
1756354430072 0.6729676373626875 10
1756354430448 0.5667466015919395 11
1756354430826 0.6016655642053356 12
1756354431206 0.6354940533638 13
1756354431585 0.6697823612586312 14
1756354432150 0.6089772996695145 15
1756354432526 0.4957458137170128 16
1756354432907 0.3434276982494023 17
1756354433288 0.3761006515959035 18
1756354433843 0.3779749332562737 19
1756354434225 0.4207723944083504 20
1756354434604 0.40584322291871777 21
1756354435156 0.3451529559881791 22
1756354435534 0.2796552142371302 23
1756354435910 0.3378931134939194 24
1756354436290 0.5393106283053107 25
1756354436673 0.30413636370845465 26
1756354437219 0.23725766591403796 27
1756354437598 0.30511456112498825 28
1756354437979 0.3291667822910392 29
1756354438358 0.337374799925348 30
1756354438904 0.28120542673960974 31
1756354439284 0.29973046416821686 32
1756354439660 0.30656377647234045 33
1756354440042 0.41751889107020007 34
1756354440609 0.31980316988799884 35
1756354440990 0.31167604806630506 36
1756354441368 0.3520553727512774 37
1756354441746 0.2532288950422536 38
1756354442296 0.18909510970115662 39
1756354442676 0.2627985600544059 40
1756354443056 0.27452332623626874 41
1756354443436 0.22664055260627167 42
1756354443987 0.19412674754858017 43
1756354444366 0.17347756319719812 44
1756354444745 0.16860687765090362 45
1756354445123 0.19945713877677917 46
1756354445668 0.19534544970678247 47
1756354446049 0.1766827673367832 48
1756354446429 0.186570940134318 49
1756354446808 0.2603194869082907 50
1756354447361 0.2509700241296188 51
1756354447741 0.17378898483255636 52
1756354448121 0.200165129226187 53
1756354448501 0.15390865634316983 54
1756354449045 0.15633557477722998 55
1756354449424 0.18489404994508493 56
1756354449803 0.21591694847397183 57
1756354450182 0.1658692675764146 58
1756354450719 0.1983457959216574 59
1756354451096 0.15842828348926877 60
1756354451475 0.17448097046302713 61
1756354451854 0.17914370220640433 62
1756354452392 0.17379254199888394 63
1756354452773 0.1669175773859024 64
1756354453151 0.17140805300163187 65
1756354453532 0.12404103285592535 66
1756354453913 0.15847567128746406 67
1756354454454 0.2803166511914004 68
1756354454833 0.1843918830804203 69
1756354455211 0.12867579301414284 70
1756354455746 0.14511226635912192 71
1756354456124 0.09826733269121336 72
1756354456501 0.12133930008048596 73
1756354456879 0.12839900605056598 74
1756354457257 0.1648184083726095 75
1756354457792 0.1177708508203859 76
1756354458169 0.10363053530454636 77
1756354458550 0.10770755536530328 78
1756354685295 3.251311478407487 1
1756354685683 2.769767305125361 2
1756354686337 2.2248238998910654 3
1756354686722 1.7939658825812133 4
1756354687108 1.349941593149434 5
1756354687493 1.353794338910476 6
1756354688057 0.7308295097040094 7
1756354688441 0.7688851447209067 8
1756354688827 0.844212390806364 9
1756354689213 0.7985117694605952 10
1756354689780 0.8830315574355747 11
1756354690166 0.9799283172773279 12
1756354690551 0.5859109875948533 13
1756354690938 0.6054288330285446 14
1756354691326 0.5133008568183236 15
1756354691918 0.5383913925160533 16
1756354692308 0.4841175157090892 17
1756354692695 0.4750324345153311 18
1756354693275 0.42202084414336993 19
1756354693664 0.5123394034478975 20
1756354694052 0.4311392067567162 21
1756354694441 0.3544734794160594 22
1756354695009 0.3778711382461631 23
1756354695399 0.40176979160827136 24
1756354695788 0.281761483653732 25
1756354696176 0.25532582531804626 26
1756354696565 0.25549075590527576 27
1756354697130 0.3138097719005916 28
1756354697519 0.4715921690930491 29
1756354697907 0.39353223145008087 30
1756354698300 0.3845771453950716 31
1756354698862 0.29235665370588715 32
1756354699250 0.25916145450395084 33
1756354699637 0.20775870007017386 34
1756354700024 0.33750055665555206 35
1756354700579 0.270765276706737 36
1756354700968 0.3504554496511169 37
1756354701356 0.2424132642538651 38
1756354701743 0.24053315105645554 39
1756354702292 0.208881885137247 40
1756354702680 0.23188077237295068 41
1756354703069 0.22460563448460205 42
1756354703458 0.22867378009402234 43
1756354704011 0.22188115962173627 44
1756354704400 0.23496530496555826 45
1756354704788 0.2013155490807865 46
1756354705175 0.2207418676951657 47
1756354705726 0.22037920550159787 48
1756354706111 0.166502157955066 49
1756354706499 0.21530467142229495 50
1756354706886 0.26303721413664194 51
1756354707273 0.25677139052878256 52
1756354707822 0.20993389221637146 53
1756354708207 0.13620152275847353 54
1756354708595 0.12957525609628015 55
1756354709143 0.1416661719913068 56
1756354709532 0.20735898030840832 57
1756354709921 0.24145996376224185 58
1756354710311 0.21677555241014645 59
1756354710700 0.22372178538985873 60
1756354711304 0.24872690115285956 61
1756354711693 0.20343562231763548 62
1756354712080 0.16481333323146985 63
1756354712473 0.17382739581491635 64
1756354713100 0.16039643695820932 65
1756354713488 0.12398300870605138 66
1756354713878 0.20016415190437567 67
1756354714267 0.24816307360711304 68
1756354714866 0.11848500516751538 69
1756354715254 0.11645489137457765 70
1756354715641 0.1251728309561377 71
1756354716246 0.1265066066837829 72
1756354716638 0.15378715907749924 73
1756354717025 0.18560704880434534 74
1756354717413 0.13370787660064903 75
1756354717801 0.13623576433114384 76
1756354718374 0.12530343947203262 77
1756354718763 0.10368958941620329 78
1756354719153 0.10723999272222104 79
1756354719544 0.12703414228947266 80
1756354720106 0.11202936603323273 81
1756354720493 0.08966307406840117 82
1756354720881 0.10425748659864716 83
1756354721268 0.09805373620727788 84
1756354721827 0.09353809981890347 85
1756354722215 0.08800003823378812 86
1756354722603 0.1069117467040601 87
1756354722989 0.11332903154518294 88
1756354723547 0.09432247928951097 89
1756354723935 0.10738514120812001 90
1756354724326 0.08376014248832413 91
1756354724716 0.09353823506313821 92
1756354725279 0.07834400868286258 93
1756354725668 0.11615392938256264 94
1756354726056 0.0944085310658683 95
1756354726443 0.10096993848033574 96
1756354726995 0.07276094429518866 97
1756354727383 0.05872064788380395 98
1756354727773 0.07997182886237683 99
1756354728161 0.06619777076918146 100
1756354728715 0.0642271339893341 101
1756354729103 0.07425906881690025 102
1756354729497 0.07501431635540465 103
1756354729885 0.08202419219457585 104
1756354730453 0.06336134040485257 105
1756354730842 0.06952172809320947 106
1756354731233 0.08038112909897514 107
1756354731622 0.09438031709388546 108
1756354732188 0.06888827292815498 109
1756354732575 0.06154288238157397 110
1756354732962 0.07065936955420868 111
1756354733350 0.06362847846163355 112
1756354733906 0.070069068637879 113
1756354734297 0.07195337554034979 114
1756354734686 0.06048894641192063 115
1756354735075 0.06058796721956004 116
1756354735465 0.06993007797585882 117
1756354736023 0.0645202738435372 118
1756354736412 0.06286449082519698 119
1756354736803 0.06357922963798046 120
1756354737366 0.06481757274140483 121
1756354737754 0.06305093091467152 122
1756354738142 0.0617083644737368 123
1756354738532 0.05589627118214317 124
1756354738924 0.05838920289407606 125
1756354739479 0.062170371413230896 126
1756354739868 0.04639792474715606 127
1756354740256 0.05372485971969107 128
1756354740645 0.05601399991175403 129
1756354741197 0.059515643702900925 130
1756354741585 0.056453121178176094 131
1756354741981 0.05304042444280956 132
1756354742371 0.05214789461182511 133
1756354742956 0.04839306284228097 134
1756354743345 0.05502043316221755 135
1756354743734 0.07366201694568862 136
1756354744325 0.05109038041985553 137
1756354744714 0.04175218186624672 138
1756354745103 0.04888895639906759 139
1756354745492 0.05295100897226645 140
1756354745881 0.05850754985990732 141
1756354746458 0.05483572266024092 142
1756354746848 0.06038292456904183 143
1756354747238 0.05786063262949819 144
1756354747627 0.046648878280235374 145
1756354774123 3.696951187175253 1
1756354774515 3.3886294261268946 2
1756354775165 1.9971267192260078 3
1756354775556 1.1446414499179176 4
1756354775947 1.1780080847118213 5
1756354776337 1.0388253123863884 6
1756354776902 1.0624667237634244 7
1756354777297 0.6734118409778761 8
1756354777689 0.7184539113355719 9
1756354778080 0.5691469156223795 10
1756354778644 0.7171617020731387 11
1756354779037 0.5748026027627613 12
1756354779429 0.4569674516501634 13
1756354779819 0.49399416213450226 14
1756354780382 0.5228342439817346 15
1756354780772 0.5360510737999625 16
1756354781162 0.5133653639451318 17
1756354781553 0.5032358014065287 18
1756354782124 0.366067965393481 19
1756354782517 0.4166428971549739 20
1756354782910 0.38101246240346326 21
1756354783302 0.4867653276609338 22
1756354783867 0.45655886699324066 23
1756354784257 0.432607334593068 24
1756354784648 0.3179146258727364 25
1756354785041 0.26496081248573633 26
1756354785608 0.25588437072608783 27
1756354786003 0.31613758141579834 28
1756354786395 0.4042627791995588 29
1756354786789 0.3863774861978448 30
1756354787383 0.327589789810388 31
1756354787775 0.29573814830054407 32
1756354788168 0.25059667035289435 33
1756354788562 0.2634648813501648 34
1756354788955 0.20154659320478854 35
1756354789535 0.3105336667402931 36
1756354789928 0.22629743522923926 37
1756354790320 0.20258208299460617 38
1756354790713 0.31069082086500915 39
1756354791286 0.28845377687526785 40
1756354791678 0.262373061283775 41
1756354792071 0.3882901422355486 42
1756354792463 0.34634626948315167 43
1756354793028 0.28208199272985046 44
1756354793420 0.2553584378050721 45
1756354793813 0.2628212551707807 46
1756354794205 0.21282499380733655 47
1756354794768 0.20519473792418189 48
1756354795160 0.23709603366644486 49
1756354795550 0.25573726225158444 50
1756354795943 0.18895643495995065 51
1756354796509 0.19703950716749483 52
1756354796902 0.1725304985175962 53
1756354797297 0.16166334923194803 54
1756354797689 0.18475829048649126 55
1756354798255 0.1666169105016667 56
1756354798649 0.1550378958168237 57
1756354799041 0.36323126697021985 58
1756354799433 0.2087176328767901 59
1756354799999 0.22413670984299286 60
1756354800393 0.16615910601356756 61
1756354800785 0.20883502649224323 62
1756354801177 0.16786273925200754 63
1756354801749 0.16493940871694815 64
1756354802145 0.15871064332516296 65
1756354802537 0.14650015759727228 66
1756354802930 0.16297274827957153 67
1756354803497 0.15137228434500488 68
1756354803887 0.19450561183950174 69
1756354804278 0.17772170868904694 70
1756354804668 0.18434302670800168 71
1756354805227 0.1801954054314157 72
1756354805619 0.20632859675780588 73
1756354806012 0.12080770439427832 74
1756354806404 0.11754602161438568 75
1756354806794 0.11213774266450302 76
1756354807362 0.13211109845534616 77
1756354807753 0.11065255494221397 78
1756354808147 0.09782575540568518 79
1756354808712 0.10963749788377596 80
1756354809105 0.12665374933377557 81
1756354809497 0.12671791146630826 82
1756354809892 0.12307403009870778 83
1756354810287 0.13322781123544858 84
1756354810845 0.0973398654681185 85
1756354811236 0.08713581218667653 86
1756354811627 0.07877839227085529 87
1756354812019 0.09492051115502483 88
1756354812583 0.08226608436392702 89
1756354812974 0.10558487960825795 90
1756354813368 0.10178574684845365 91
1756354813760 0.07254195456271587 92
1756354814319 0.09475077737284743 93
1756354814713 0.11510233046567958 94
1756354815106 0.09789937605028567 95
1756354815666 0.08417557916887429 96
1756354816060 0.11620452838099521 97
1756354816454 0.1290254294872284 98
1756354816847 0.09226126207605652 99
1756354817242 0.11591367277762164 100
1756354817806 0.10644226796601129 101
1756354818205 0.08401476996748344 102
1756354818600 0.07766045281744521 103
1756354818992 0.08330676340214584 104
1756354819590 0.09978298680937808 105
1756354819987 0.06605304712834566 106
1756354820380 0.08358116771863855 107
1756354820773 0.08442154178476852 108
1756354821354 0.07989876409587653 109
1756354821749 0.07555401989299318 110
1756354822143 0.082017806723066 111
1756354822536 0.060251449599214225 112
1756354823115 0.06984269635184952 113
1756354823509 0.07025783735772838 114
1756354823903 0.11365357057555862 115
1756354824297 0.07577079299675382 116
1756354824874 0.059618835377952324 117
1756354825266 0.06187115099443042 118
1756354825662 0.07770309694435286 119
1756354826058 0.058270031991212265 120
1756354826636 0.07472659420707951 121
1756354827033 0.06427311573339545 122
1756354827428 0.06117096575705901 123
1756354827823 0.07322487947733505 124
1756354828398 0.057226382600872414 125
1756354828793 0.07283528116734131 126
1756354829185 0.057602755482430046 127
1756354829580 0.06266749455876973 128
1756354830158 0.06487814984891725 129
1756355076714 2.6437844297160273 1
1756355077124 3.2620404181273086 2
1756355077528 2.412679744803387 3
1756355078206 2.1706862449645996 4
1756355078609 1.5390276157337686 5
1756355079012 0.8652215671280156 6
1756355079414 0.8002182711725649 7
1756355079971 0.8821718291096066 8
1756355080376 0.6948211970536605 9
1756355080779 0.7379966326381849 10
1756355081181 0.7441065739030424 11
1756355081740 0.662522334119548 12
1756355082145 0.5647835161374963 13
1756355082549 0.518784366224123 14
1756355082953 0.37796247264613275 15
1756355083514 0.4585714288379835 16
1756355083919 0.44322338765082153 17
1756355084323 0.3917430755884751 18
1756355084726 0.5235522907713185 19
1756355085286 0.48275049678657367 20
1756355085690 0.3685751797064491 21
1756355086094 0.35201025721819507 22
1756355086497 0.3450734569974568 23
1756355087055 0.39482758939266205 24
1756355087460 0.5419092547634373 25
1756355087865 0.375574164416479 26
1756355088269 0.35044418210568634 27
1756355088857 0.3686776294008545 28
1756355089263 0.39574192658714624 29
1756355089670 0.31041294919407886 30
1756355090077 0.27530966310397437 31
1756355090485 0.22025966968225397 32
1756355091077 0.20450793401054715 33
1756355091481 0.23637540897597437 34
1756355091888 0.23748523709566696 35
1756355092468 0.20808697653853375 36
1756355092875 0.21529915799265323 37
1756355093284 0.22802722680827844 38
1756355093691 0.2548075441433036 39
1756355094266 0.2435688198260639 40
1756355094673 0.1958248822585396 41
1756355095076 0.2192726579049359 42
1756355095480 0.2289742318832356 43
1756355095883 0.2945204558579818 44
1756355096457 0.20174567271833835 45
1756355096862 0.1772790674282157 46
1756355097268 0.26861766693384753 47
1756355097672 0.2149302998314733 48
1756355098244 0.20709271858567777 49
1756355098647 0.19323965842309204 50
1756355099054 0.1887869106038757 51
1756355099458 0.19772286648335663 52
1756355100027 0.17505238626314246 53
1756355100433 0.20512513621993686 54
1756355100840 0.20962489331546036 55
1756355101247 0.13486707016177799 56
1756355101822 0.16415635690740918 57
1756355102228 0.17925657720669455 58
1756355102636 0.2400375102525172 59
1756355103041 0.22685788345077765 60
1756355103606 0.2186498279156892 61
1756355104010 0.1369043250122796 62
1756355104415 0.14149658446726593 63
1756355104820 0.12463589984437694 64
1756355105384 0.16455539477908093 65
1756355105788 0.13320062050352927 66
1756355106194 0.13188533970843191 67
1756355106602 0.15542099009389462 68
1756355107008 0.10309528818596965 69
1756355107574 0.12974419963100683 70
1756355107980 0.13350180342145587 71
1756355108387 0.13812888608030652 72
1756355108951 0.11142409009777982 73
1756355109357 0.15791628299200017 74
1756355109764 0.15995065220024274 75
1756355110172 0.1632544681753801 76
1756355110578 0.14770987354542897 77
1756355111139 0.1020135575014612 78
1756355111545 0.14238769982172095 79
1756355111951 0.13382747413023657 80
1756355112355 0.13279692925836728 81
1756355112916 0.09887703718698543 82
1756355113320 0.10345735660065776 83
1756355113727 0.11442018624233163 84
1756355114134 0.15392002268977786 85
1756355114695 0.11133915655638861 86
1756355115102 0.12308135110398997 87
1756355115509 0.08997791130905566 88
1756355116070 0.09614018917731616 89
1756355116475 0.0738166416792766 90
1756355116881 0.10181082801326462 91
1756355117286 0.07296355959513913 92
1756355117694 0.09159686886098074 93
1756355118255 0.13285069847884384 94
1756355118661 0.0833827048216177 95
1756355119069 0.08465744004301402 96
1756355119475 0.07885968037273573 97
1756355120040 0.07998281668709672 98
1756355120449 0.1107736351373403 99
1756355120858 0.09142336783849675 100
1756355121265 0.06039780710378419 101
1756355121831 0.08090822269087253 102
1756355122241 0.07683460876021696 103
1756355122651 0.06488560949978621 104
1756355123058 0.08264246372425038 105
1756355123619 0.08713542022134947 106
1756355124023 0.06381762708010881 107
1756355124429 0.08602670547754868 108
1756355124834 0.06962568912169208 109
1756355125397 0.05662189310659533 110
1756355125804 0.06413413762398389 111
1756355126211 0.07097138521140037 112
1756355126620 0.06376559319703476 113
1756355127181 0.06785574960319893 114
1756355127596 0.07033058806605962 115
1756355340396 2.990458498830381 1
1756355340817 3.367069798967113 2
1756355341235 2.4870050160781196 3
1756355341654 1.594990673272506 4
1756355342332 1.0933042738748633 5
1756355342750 0.796388267175011 6
1756355343164 1.020436906296274 7
1756355343581 0.8008112777834353 8
1756355344173 0.5408468000266863 9
1756355344593 0.6188467430031818 10
1756355345010 0.7931185319371845 11
1756355345425 0.584283075902773 12
1756355346025 0.39664988414100977 13
1756355346442 0.4223342369432035 14
1756355346859 0.5559310699286668 15
1756355347274 0.4442256669635358 16
1756355347868 0.39105442036753113 17
1756355348286 0.3921501215385354 18
1756355348702 0.36537089749522833 19
1756355349119 0.3481967896223068 20
1756355349534 0.44712831922199414 21
1756355349951 0.5751890753922255 22
1756355350547 0.3179381107506545 23
1756355350985 0.3137713508761447 24
1756355351403 0.2359427884221077 25
1756355351832 0.22056541818639505 26
1756355352249 0.253669547645942 27
1756355352664 0.3305493282235187 28
1756355353250 0.3047534188498621 29
1756355353666 0.2295159107964972 30
1756355354081 0.2443413494721703 31
1756355354498 0.3812869586374449 32
1756355355087 0.33019612081672833 33
1756355355506 0.26461759630752646 34
1756355355924 0.3254362124463786 35
1756355356512 0.2935268522604652 36
1756355356931 0.24658954013948856 37
1756355357349 0.22110622473385022 38
1756355357932 0.19974779272856918 39
1756355358349 0.15799630012201227 40
1756355358773 0.1846508765998094 41
1756355359189 0.19395848331244095 42
1756355359778 0.18591441149296967 43
1756355360199 0.2658117115497589 44
1756355360624 0.28113552215306653 45
1756355361219 0.21863933717427048 46
1756355361647 0.24390558153390884 47
1756355362257 0.2573700087225955 48
1756355362673 0.20801597768845764 49
1756355363091 0.21126374051622723 50
1756355363507 0.1557839396207229 51
1756355363925 0.1583754015357598 52
1756355364519 0.22957750215478565 53
1756355364941 0.24561750953612121 54
1756355365359 0.18353659303291983 55
1756355365779 0.14217079560393872 56
1756355366364 0.17991133358167566 57
1756355366784 0.20731761241736618 58
1756355367202 0.18679459716962732 59
1756355367788 0.15306585346874985 60
1756355368203 0.12421049129055894 61
1756355368620 0.14641039883312973 62
1756355369035 0.13986299527080162 63
1756355369452 0.12820746198944424 64
1756355370042 0.1367623746071173 65
1756355370460 0.1263353009910687 66
1756355370879 0.12821988599455875 67
1756355371296 0.12386722846523575 68
1756355371886 0.11950019082945326 69
1756355372303 0.11495990014594534 70
1756355372725 0.09130125476614288 71
1756355373313 0.10806277167537938 72
1756355373730 0.09342535779527995 73
1756355374148 0.107806579898233 74
1756355374568 0.1130210726481417 75
1756355374986 0.11999792411275532 76
1756355375402 0.08887398291541182 77
1756355375818 0.08970776767186496 78
1756355376396 0.11206743477479271 79
1756355376817 0.10572894549240237 80
1756355377235 0.11580857537362886 81
1756355377657 0.09905468235197275 82
1756355378251 0.09680134673481403 83
1756355378674 0.08769829474065614 84
1756355379095 0.09929601135461227 85
1756355379678 0.09063288375087407 86
1756355380095 0.08943963714915773 87
1756355380512 0.0832640711704026 88
1756355381095 0.10743013607419055 89
1756355381514 0.09465064140765564 90
1756355381933 0.08305565915677858 91
1756355382353 0.07015181122266728 92
1756355382933 0.07312122133115063 93
1756355383352 0.11398317486695621 94
1756355383934 0.10962631909743599 95
1756355384349 0.102076288798581 96
1756355384766 0.07493019023019334 97
1756355385183 0.065805292809787 98
1756355661440 2.67923088695692 1
1756355662134 3.129683789999589 2
1756355662566 2.0167501957520195 3
1756355662996 1.1841053625811702 4
1756355663603 1.154738091904184 5
1756355664034 0.8388815962749979 6
1756355664467 0.5696709907573202 7
1756355664898 0.6497309104256008 8
1756355665525 0.5082765066105387 9
1756355665957 0.7107778489589691 10
1756355666388 0.6787261081778485 11
1756355667017 0.5021793324014415 12
1756355667448 0.5083276713671891 13
1756355667879 0.4065049601637799 14
1756355668311 0.37848865337993787 15
1756355668919 0.38047367399153503 16
1756355669351 0.3238941852165305 17
1756355669782 0.3180458772441615 18
1756355670417 0.38145239845566126 19
1756355670851 0.35540693415247876 20
1756355671284 0.2924377808104391 21
1756355671892 0.25909104068642075 22
1756355672324 0.23550113517305124 23
1756355672756 0.24513467563235242 24
1756355673359 0.3237807167612988 25
1756355673790 0.5631971239395763 26
1756355674223 0.7963833387779153 27
1756355674655 0.5249584796636001 28
1756355675312 0.6217856355335402 29
1756355675746 0.4266266161980836 30
1756355676178 0.34610044502693676 31
1756355676786 0.2637367280928985 32
1756355677217 0.227771221295647 33
1756355677648 0.19792901918939923 34
1756355678078 0.2227822636132655 35
1756355678680 0.2525293133828951 36
1756355679112 0.2874791972015215 37
1756355679546 0.23233458658923273 38
1756355680148 0.25150621779586957 39
1756355680580 0.1858649027088414 40
1756355681010 0.23980378262374713 41
1756355681439 0.433286749150442 42
1756355682036 0.2487635463476181 43
1756355682469 0.20031101353790448 44
1756355682900 0.20287583055703537 45
1756355683498 0.15465465933084488 46
1756355683930 0.14191325203232144 47
1756355684361 0.23219730057146237 48
1756355684984 0.22109901014229524 49
1756355685415 0.18950783137394034 50
1756355685849 0.13575287422408228 51
1756355686455 0.19363405944212622 52
1756355686886 0.1558053415754567 53
1756355687320 0.12836522608995438 54
1756355687922 0.11835186248240263 55
1756355688354 0.11069056650866634 56
1756355688783 0.13041788291024126 57
1756355689388 0.13620910064681716 58
1756355689819 0.12106192371119624 59
1756355690253 0.11025850588212842 60
1756355690852 0.10797942526962447 61
1756355691283 0.1045579315851564 62
1756355691715 0.10671573618183965 63
1756355692315 0.10144305067217868 64
1756355692751 0.12355281720342844 65
1756355693184 0.11675767713914746 66
1756355693788 0.12904531913607017 67
1756355694222 0.12096102730087611 68
1756355694656 0.1358619150908097 69
1756355695276 0.08067016870431278 70
1756355695711 0.0996883216759433 71
1756355696144 0.09434555106512878 72
1756355696583 0.08925685853413913 73
1756355697187 0.11107000222672588 74
1756355697619 0.12346725619357565 75
1756355698058 0.10190965947897537 76
1756355698664 0.09034306377820346 77
1756355699096 0.07528949512735657 78
1756355699529 0.10524130693596342 79
1756355700136 0.08732511653848317 80
1756355700569 0.11210091525445813 81
1756355701002 0.1242884173989296 82
1756355934918 2.3110236551450645 1
1756355935365 2.5735315162202586 2
1756355936071 1.2076621807139853 3
1756355936515 1.7766726898110432 4
1756355936959 1.3336501717567444 5
1756355937580 1.0882850470750227 6
1756355938025 1.2019407243832299 7
1756355938468 0.830861148626908 8
1756355939088 0.8439220190048218 9
1756355939534 0.8538945459801218 10
1756355940160 1.009548052497532 11
1756355940602 0.8382165820702262 12
1756355941043 0.9787054761596348 13
1756355941660 0.6191277257774187 14
1756355942104 0.727037197869757 15
1756355942549 0.7636158038740573 16
1756355943168 0.616925835609436 17
1756355943614 0.796666637710903 18
1756355944060 0.7195009006106335 19
1756355944677 0.4854659412218177 20
1756355945122 0.5007586245951445 21
1756355945564 0.3992769452540771 22
1756355946183 0.5313810926416646 23
1756355946627 0.49795783084371814 24
1756355947068 0.44934886823529785 25
1756355947687 0.5240763995958411 26
1756355948131 0.6151499903720358 27
1756355948572 0.4957289715176043 28
1756355949192 0.5313414892424708 29
1756355949637 0.4528187824332196 30
1756355950081 0.5376260876655579 31
1756355950702 0.5105522339758666 32
1756355951146 0.6070505406545557 33
1756355951764 0.4364265307136204 34
1756355952208 0.45736365214638086 35
1756355952653 0.5156473115734432 36
1756355953278 0.5057116656199746 37
1756355953721 0.4518119705759961 38
1756355954164 0.5366834596447323 39
1756355954780 0.4713003466958585 40
1756355955223 0.41392540283825086 41
1756355955667 0.43514690839725995 42
1756355956284 0.37228443635546643 43
1756355956728 0.5228401137434918 44
1756355957173 0.44660613718240155 45
1756355957792 0.3611123691434446 46
1756355958237 0.3407967019340266 47
1756355958680 0.30183497006478516 48
1756355959297 0.32931085513985675 49
1756355959741 0.40610162654648657 50
1756355960185 0.28802814043086505 51
1756355960804 0.3097863631403964 52
1756355961245 0.2863755420498226 53
1756355961690 0.2597154858319656 54
1756355962306 0.2606381683245949 55
1756355962752 0.25778350622757623 56
1756355963369 0.3286312928666239 57
1756355963815 0.3641094947638719 58
1756355964259 0.3039005003545595 59
1756355964875 0.2954853539881499 60
1756355965320 0.39895145206347754 61
1756355965763 0.4112671931152758 62
1756355966380 0.38206231075784436 63
1756355966823 0.35023180557333905 64
1756355967269 0.2571328457282937 65
1756355967886 0.26674991781296936 66
1756355968331 0.24813546240329742 67
1756355968774 0.23430885115395422 68
1756355969394 0.19378443936938824 69
1756355969837 0.22308699624693912 70
1756355970280 0.20365803462007773 71
1756355970900 0.20603836716517157 72
1756355971346 0.19080826154221658 73
1756355971790 0.1773726110873015 74
1756355972410 0.21100255976552548 75
1756355972854 0.1742652188176694 76
1756355973301 0.18017127429661545 77
1756355973916 0.18345677690661472 78
1756355974360 0.1954561737568482 79
1756355974975 0.23202151902343915 80
1756355975417 0.16379203161467676 81
1756355975861 0.18274762772995493 82
1756355976478 0.16123046142899472 83
1756355976924 0.146927860767945 84
1756355977370 0.18147012267423712 85
1756355977990 0.20758428392202957 86
1756355978435 0.1693876651318177 87
1756355978881 0.15198999967264093 88
1756355979497 0.15951767401850742 89
1756355979942 0.15335129169018372 90
1756355980389 0.18331044102492539 91
1756355981007 0.17776297615922015 92
1756355981454 0.16340877439664758 93
1756355981899 0.16002296364825705 94
1756355982520 0.15975001551534818 95
1756355982964 0.18814729834380356 96
1756355983406 0.1642103400891242 97
1756355984026 0.13770897718875305 98
1756355984472 0.1327699247909629 99
1756355984914 0.12755419994178024 100
1756355985533 0.1173815966948219 101
1756355985978 0.12342251270361569 102
1756355986596 0.12929039804831796 103
1756355987044 0.16026279492222745 104
1756355987489 0.13599369674921036 105
1756355988108 0.09933874270190364 106
1756355988554 0.11203374000995056 107
1756355989001 0.13521634350004402 108
1756355989623 0.10693382374618364 109
1756355990068 0.10824906323914943 110
1756355990514 0.13250042093188866 111
1756355991134 0.11115888020266658 112
1756355991579 0.09741902918271396 113
1756355992024 0.11258747979350713 114
1756355992644 0.10756517379828122 115
1756355993089 0.12931097833358723 116
1756355993534 0.105019166579713 117
1756355994151 0.11607254944417787 118
1756355994595 0.09996646237762077 119
1756355995039 0.10490567253335663 120
1756355995658 0.09426556786765224 121
1756356009398 3.0110028774841973 1
1756356009845 3.0981404548105984 2
1756356010551 2.5601894855499268 3
1756356010994 1.313138036624245 4
1756356011439 1.263820311297541 5
1756356012058 1.1832702289456907 6
1756356012504 1.085829576720362 7
1756356012949 0.9463617050129435 8
1756356013571 0.683976323708244 9
1756356014016 0.5393954437711964 10
1756356014462 0.7740641119687454 11
1756356015083 0.5897266903649205 12
1756356015527 0.5092614046905352 13
1756356015973 0.3774885276089544 14
1756356016593 0.42786091306935187 15
1756356017041 0.3965994709211847 16
1756356017484 0.30117560080859973 17
1756356018105 0.31295553756796796 18
1756356018550 0.4143077646908553 19
1756356019175 0.31958499809970026 20
1756356019621 0.2780461881471717 21
1756356020070 0.3292635514036469 22
1756356020516 0.3569483076748641 23
1756356021138 0.3643516820410024 24
1756356021583 0.3134974681812784 25
1756356022211 0.3834995420082756 26
1756356022661 0.2852541927410209 27
1756356023106 0.27858874525712884 28
1756356023723 0.2981443165437035 29
1756356024172 0.24932439171749612 30
1756356024619 0.23816233679004337 31
1756356025231 0.20933042661003445 32
1756356025681 0.19710135233143103 33
1756356026125 0.19309687096139658 34
1756356026765 0.17192410904428232 35
1756356027213 0.1912741301500279 36
1756356027662 0.2391783893108368 37
1756356028302 0.17807816778836044 38
1756356028750 0.24740246650965317 39
1756356029197 0.25386811242155405 40
1756356029828 0.16877130937317145 41
1756356030273 0.16572352110043817 42
1756356030908 0.2116696342178013 43
1756356031354 0.22793949233449023 44
1756356031803 0.15980008471271265 45
1756356032252 0.24276423357103183 46
1756356032888 0.19636519933524338 47
1756356033333 0.1338848529950432 48
1756356033964 0.2018284655135611 49
1756356034412 0.20903811279846274 50
1756356034856 0.27870347383229627 51
1756356035484 0.2748167288044225 52
1756356035934 0.19461207934047864 53
1756356036379 0.2268456097530282 54
1756356037000 0.18194681308839633 55
1756356037447 0.15059427171945572 56
1756356037893 0.13432386614706204 57
1756356038514 0.12150017560824104 58
1756356038962 0.13017778454915338 59
1756356039409 0.1630576589833135 60
1756356040028 0.14485136549109998 61
1756356271070 2.7733335754145747 1
1756356271818 2.7097080842308374 2
1756356272273 2.8061367351075877 3
1756356272729 1.3202398056569307 4
1756356273365 1.1857834937779799 5
1756356273819 1.0832640347273454 6
1756356274273 0.5807014470515044 7
1756356274913 0.9996384835761526 8
1756356275367 0.5923111710859381 9
1756356275824 0.5470049433086229 10
1756356276459 0.7992951312790746 11
1756356276915 0.5264367849930472 12
1756356277544 0.6273825272269871 13
1756356278000 0.5213283455890158 14
1756356278453 0.41971764648738114 15
1756356279080 0.4413873851299286 16
1756356279538 0.36551265029803565 17
1756356279995 0.3261335394952608 18
1756356280621 0.41749975538772083 19
1756356281078 0.4470160104658293 20
1756356281534 0.41010729126308276 21
1756356282160 0.2773242942664934 22
1756356282614 0.3168498245270356 23
1756356283074 0.33183341505734815 24
1756356283696 0.3244665368743565 25
1756356284152 0.24838757903679556 26
1756356284774 0.3228027554957763 27
1756356285231 0.28274381452280545 28
1756356285689 0.2449964155321536 29
1756356286309 0.23196075241202893 30
1756356286764 0.25859111029168835 31
1756356287220 0.3000508345987486 32
1756356287835 0.2207410248077434 33
1756356288292 0.21133087089528207 34
1756356288748 0.31668494641780853 35
1756356289364 0.275360696989557 36
1756356289823 0.2026825929465501 37
1756356290281 0.21440054508654968 38
1756356290896 0.2497602351333784 39
1756356291350 0.23151779822681262 40
1756356291967 0.21981566852849463 41
1756356292422 0.14535360783338547 42
1756356292879 0.16447522134884543 43
1756356293336 0.17989238902278568 44
1756356293952 0.1599166577924853 45
1756356294407 0.16955021963171338 46
1756356295019 0.13889542157235352 47
1756356295476 0.1415344603035761 48
1756356295931 0.17333358850168146 49
1756356296544 0.1596365813975749 50
1756356296999 0.19078326678794363 51
1756356297455 0.16259630801885025 52
1756356298071 0.15552369505167007 53
1756356298530 0.1810978696398113 54
1756356298988 0.1382987930074982 55
1756356299601 0.12637275117247002 56
1756356300060 0.14775340712588766 57
1756356300519 0.192296223471994 58
1756356301132 0.1619711758001991 59
1756356301587 0.1676083479238593 60
1756356302043 0.2542109557467958 61
1756356302663 0.20890563499668371 62
1756356303120 0.17023660436920499 63
1756356303739 0.1293655105906984 64
1756356304196 0.14387610457513644 65
1756356304653 0.15141028246801833 66
1756356305111 0.13884231415779694 67
1756356305757 0.15522385761141777 68
1756356306215 0.1199555861885133 69
1756356306859 0.11316300782820453 70
1756356307316 0.14189168227755505 71
1756356307771 0.14320135246152463 72
1756356308408 0.11496465475015018 73
1756356308869 0.1095572831514089 74
1756356309325 0.12309015850010126 75
1756356309964 0.10421180708900742 76
1756356310424 0.08941758035317711 77
1756356310881 0.06819652555429417 78
1756356311510 0.09918606167902118 79
1756356311965 0.11591353316022002 80
1756356312424 0.08862136401559996 81
1756356313074 0.09108726955626321 82
1756356313532 0.08965312608558199 83
1756356313989 0.0982156946607258 84
1756356314638 0.09485391737974208 85
1756356315097 0.08326030781735545 86
1756356315734 0.07437645433389622 87
1756356316190 0.07299028466577115 88
1756356316652 0.06963796006596606 89
1756356317110 0.0644543511874002 90
1756356317767 0.07921407225987186 91
1756356318223 0.10096123126213966 92
1756356318864 0.0819293686553188 93
1756356319323 0.06617403127576994 94
1756356319780 0.05699817050734292 95
1756356320414 0.059926118215788964 96
1756356320876 0.0785422334852426 97
1756356321335 0.07796111459965291 98
1756356321968 0.08582150263954764 99
1756356322427 0.06155091556517974 100
1756356322883 0.0663655612455762 101
1756356323512 0.06118158283440963 102
1756356323970 0.06266368617830069 103
1756356324426 0.0678154146703689 104
1756356325051 0.07682252691491791 105
1756356325508 0.05992426277826662 106
1756356325966 0.07135580253341924 107
1756356326594 0.06832846027353535 108
1756356327053 0.05924449771966623 109
1756356327676 0.0541566148724245 110
1756356328135 0.05036013638195784 111
1756356328594 0.060380100556041885 112
1756356329054 0.06119973479729632 113
1756356329682 0.055351021740099655 114
1756356330139 0.06185955311293188 115
1756356330762 0.0534218980566315 116
1756356331220 0.051533171178206154 117
1756356331679 0.05668644015879735 118
1756356332306 0.052047503707201584 119
1756356332764 0.04482921091434748 120
1756356333224 0.05288485105594863 121
1756356333850 0.06238210533300172 122
1756356334308 0.05152129438584265 123
1756356334765 0.05355578685260337 124
1756356335391 0.04640856571495533 125
1756356335850 0.04337719682118167 126
1756356336309 0.04848881989069607 127
1756356336948 0.04854020508735076 128
1756356337408 0.050308422590403454 129
1756356337865 0.03950976928615052 130
1756356627608 4.3109765847524 1
1756356628081 4.151803036530812 2
1756356628801 3.6315554281075797 3
1756356629271 2.2534285883108773 4
1756356629744 1.5648718227942784 5
1756356630380 1.4408473173777263 6
1756356630851 0.9035288592179617 7
1756356631321 1.1168197790781658 8
1756356631959 1.1869290868441265 9
1756356632431 1.1744769165913265 10
1756356632902 0.9969348261753718 11
1756356633534 0.6851997375488281 12
1756356634004 0.6545212318499883 13
1756356634633 0.6676639765501022 14
1756356635103 0.5300672203302383 15
1756356635572 0.4853743265072505 16
1756356636204 0.644293929139773 17
1756356636674 0.5822123934825262 18
1756356637147 0.642586832245191 19
1756356637804 0.4884250933925311 20
1756356638273 0.46556397527456284 21
1756356638739 0.4317736551165581 22
1756356639394 0.3944941684603691 23
1756356639866 0.4495592763026555 24
1756356640336 0.49470599244038266 25
1756356640981 0.43306973824898404 26
1756356641451 0.4249565986295541 27
1756356641923 0.33540016164382297 28
1756356642574 0.3304805134733518 29
1756356643043 0.4932203032076359 30
1756356643708 0.9475478952129682 31
1756356644179 0.7090185135602951 32
1756356644650 0.5765123143792152 33
1756356645123 0.4634482761224111 34
1756356645760 0.4404497668147087 35
1756356646227 0.3498509923617045 36
1756356646860 0.288721381376187 37
1756356647331 0.3238910188277562 38
1756356647806 0.3339885373910268 39
1756356648438 0.34213464334607124 40
1756356648908 0.3320739616950353 41
1756356649380 0.4106238434712092 42
1756356650020 0.41604656477769214 43
1756356650495 0.3390266274412473 44
1756356650964 0.30230626463890076 45
1756356651629 0.2962479578951995 46
1756356652102 0.29426736508806545 47
1756356652572 0.2532838669915994 48
1756356653227 0.260249358912309 49
1756356653700 0.20715782543023428 50
1756356654170 0.26606450974941254 51
1756356654805 0.19783779606223106 52
1756356655276 0.18346823565661907 53
1756356655908 0.1634830708305041 54
1756356656380 0.2085114580889543 55
1756356656851 0.1836931879321734 56
1756356657323 0.17998274539907774 57
1756356657978 0.1913241787503163 58
1756356658448 0.2734103376666705 59
1756356659102 0.37245775138338405 60
1756356659572 0.3422973689933618 61
1756356660043 0.3351813827951749 62
1756356660679 0.21770064594844976 63
1756356661150 0.19759593034783998 64
1756356661621 0.19566456725200018 65
1756356662254 0.19161241749922434 66
1756356662724 0.15147921132544676 67
1756356663194 0.14975549466907978 68
1756356663825 0.18349753071864447 69
1756356664295 0.1603563247869412 70
1756356664766 0.1736903184403976 71
1756356665398 0.12958348356187344 72
1756356665872 0.16269305845101675 73
1756356666343 0.15736648688713709 74
1756356666977 0.23592210561037064 75
1756356667447 0.1675020263840755 76
1756356668081 0.17919955713053545 77
1756356668552 0.16157807285586992 78
1756356669024 0.14403730196257433 79
1756356669494 0.14095414678255716 80
1756356670122 0.14053182055552801 81
1756356670595 0.10427910089492798 82
1756356671228 0.11498743792374928 83
1756356671702 0.1393753538529078 84
1756356672174 0.15458621581395468 85
1756356672800 0.14410628378391266 86
1756356673274 0.11871927417814732 87
1756356673747 0.13598350497583547 88
1756356674379 0.11460214604934056 89
1756356674849 0.09338429508109887 90
1756356675319 0.09516576429208119 91
1756356675944 0.08976103489597638 92
1756356676417 0.13005327619612217 93
1756356676889 0.11743905395269394 94
1756356677516 0.11282487586140633 95
1756356677988 0.12641050852835178 96
1756356678458 0.10714332386851311 97
1756356679093 0.09002096019685268 98
1756356679564 0.10387244199713071 99
1756356680194 0.0917438908169667 100
1756356680662 0.10216197309394677 101
1756356681131 0.09827469786008199 102
1756356681602 0.12461088038980961 103
1756356682229 0.10271138542642196 104
1756356682702 0.09207921692480643 105
1756356683340 0.09539640974253416 106
1756356683812 0.10355769253025453 107
1756356684282 0.07906802464276552 108
1756356684916 0.08464835987736781 109
1756356685391 0.08162550535053015 110
1756356685862 0.08143871929496527 111
1756356686493 0.11330615325520436 112
1756356686966 0.10265984789778788 113
1756356687438 0.094354545387129 114
1756356688066 0.1099708288287123 115
1756356688536 0.09696406777948141 116
1756356689007 0.07933415317287047 117
1756356689637 0.0822695071498553 118
1756356690109 0.08879686426371336 119
1756356690580 0.08045301679521799 120
1756356691210 0.07777776475995779 121
1756356691684 0.08910724179198344 122
1756356692156 0.07045961202432711 123
1756356692789 0.06879582349210978 124
1756356693263 0.06638083855311076 125
1756356693893 0.0647420681392153 126
1756356694363 0.0665389858186245 127
1756356694837 0.09343821400155623 128
1756356695315 0.07130956711868446 129
1756356695947 0.07483986237396796 130
1756356696423 0.07028042804449797 131
1756356697056 0.0815486516803503 132
1756356697529 0.06504740069309871 133
1756356698003 0.0659796337907513 134
1756356698637 0.08466691710054874 135
1756356699112 0.06926158908754587 136
1756356699586 0.09087480480472247 137
1756356700248 0.07822869035104911 138
1756356700722 0.06795139765987794 139
1756356701196 0.07074030333509047 140
1756356701834 0.06658044457435608 141
1756356702307 0.08822283055633307 142
1756356702779 0.07017883906761806 143
1756356703413 0.0765843444193403 144
1756356703886 0.055901204546292625 145
1756356722391 2.97303358109101 1
1756356722878 3.866915288178817 2
1756356723661 1.9667187799578127 3
1756356724134 1.4955533691074536 4
1756356724812 1.0678717986397122 5
1756356725283 0.877430576345195 6
1756356725758 0.7890767558761265 7
1756356726432 0.776502929303957 8
1756356726903 0.7477295295051907 9
1756356727377 0.49388597840848175 10
1756356728031 0.5282053105209185 11
1756356728504 0.5356280570444854 12
1756356728979 0.41670308812804846 13
1756356729625 0.6128997310348179 14
1756356730097 0.41921556838180707 15
1756356730569 0.3873595899861792 16
1756356731219 0.3888872848904651 17
1756356731690 0.39044105455927225 18
1756356732163 0.40238985678424005 19
1756356732808 0.4567291516324748 20
1756356733282 0.4783651316943376 21
1756356733755 0.344327797708304 22
1756356734401 0.35710036948971124 23
1756356734875 0.42360403615495434 24
1756356735358 0.4696523482384889 25
1756356736008 0.4591136043486388 26
1756356736487 0.3456368653670601 27
1756356737139 0.3885963928440343 28
1756356737613 0.34036989574847015 29
1756356738087 0.31060982851878455 30
1756356738740 0.2648592332135076 31
1756356739213 0.25078415870666504 32
1756356739689 0.251102303357228 33
1756356740338 0.23853439222211423 34
1756356740815 0.2696692574283351 35
1756356741288 0.4458865769531416 36
1756356741935 0.3411674642044565 37
1756356742407 0.35570858678092127 38
1756356742879 0.24962397178877954 39
1756356743522 0.23773175834313684 40
1756356743996 0.26254942818828253 41
1756356744471 0.24026733086160992 42
1756356745109 0.23019418606291647 43
1756356745584 0.2209855123706486 44
1756356746058 0.18070137079643167 45
1756356746701 0.15989621761052505 46
1756356747183 0.2077610609324082 47
1756356747659 0.2255138132883155 48
1756356748296 0.2538583298092303 49
1756356748769 0.2327480231938155 50
1756356749408 0.1799153711484826 51
1756356749883 0.15006669805101727 52
1756356750357 0.14764176503471707 53
1756356750995 0.1512559043324512 54
1756356751471 0.178494560977687 55
1756356751947 0.1569334673492805 56
1756356752594 0.14295434563056283 57
1756356753068 0.14711019267206607 58
1756356753543 0.1657574743680332 59
1756356754182 0.17289243638515472 60
1756356754657 0.14383253098829932 61
1756356755132 0.10589552848883298 62
1756356755773 0.1646443206978881 63
1756356756247 0.12084406776272733 64
1756356756891 0.15169426377700723 65
1756356757369 0.15083423175889513 66
1756356757843 0.13402733806034792 67
1756356758485 0.1620240762181904 68
1756356758961 0.1387364501538484 69
1756356759437 0.2673790211910787 70
1756356760075 0.16873054352143538 71
1756356760552 0.12165733070477196 72
1756356761027 0.12357015810582948 73
1756356761669 0.10736584209877512 74
1756356762145 0.11823257544766301 75
1756356762622 0.16450040285354076 76
1756356763263 0.1273660651691582 77
1756356763737 0.09198738310648047 78
1756356764215 0.09717593666004098 79
1756356764855 0.11746172121037608 80
1756356765330 0.1386998763874821 81
1756356765976 0.11736931068741757 82
1756356766450 0.10447339535407398 83
1756356766925 0.08953708377869232 84
1756356767569 0.08164291407751001 85
1756356768046 0.10336740606504938 86
1756357079495 3.2474543348602625 1
1756357079985 3.2474280751269795 2
1756357080472 2.385207715241805 3
1756357081225 1.869538812533669 4
1756357081718 1.1987067875654802 5
1756357082208 0.9411862855372222 6
1756357082875 0.7824528813362122 7
1756357083361 0.5718047113522239 8
1756357084020 0.9253478426000347 9
1756357084506 0.6414305451123611 10
1756357084992 0.5146314216696698 11
1756357085655 0.48691624662150507 12
1756357086143 0.46964379238045734 13
1756357086629 0.566408392527829 14
1756357087293 0.5515152630598649 15
1756357087783 0.6125741354797197 16
1756357088461 0.5546898634537406 17
1756357088949 0.4096679564403451 18
1756357089439 0.4264660030603409 19
1756357090108 0.6050101570461107 20
1756357090595 0.4483223311279131 21
1756357091083 0.34400238744590594 22
1756357091738 0.2764311604525732 23
1756357092225 0.2775107544401418 24
1756357092874 0.28849076965580817 25
1756357093361 0.45406546864820563 26
1756357093849 0.5289307346810466 27
1756357094499 0.3807848912218343 28
1756357094984 0.30553733460281207 29
1756357095468 0.27633331975211267 30
1756357096119 0.2790554710056471 31
1756357096608 0.24532225857610288 32
1756357097258 0.2621489847483842 33
1756357097747 0.22848193185484927 34
1756357098234 0.2168499649218891 35
1756357098884 0.2658138903586761 36
1756357099371 0.23632423255754553 37
1756357099859 0.2533590881072957 38
1756357100507 0.38138855896566226 39
1756357100995 0.25166563722102536 40
1756357101648 0.2609814240232758 41
1756357102135 0.286233475026877 42
1756357102624 0.2787067831858345 43
1756357103269 0.20250589756861978 44
1756357103755 0.22812598231046097 45
1756357104247 0.23686076506324436 46
1756357104902 0.20271278010762256 47
1756357105392 0.1769655333912891 48
1756357106041 0.23375639157450717 49
1756357106529 0.20333249381055002 50
1756357107021 0.18956435730923776 51
1756357107671 0.16426547811083173 52
1756357108159 0.15367190928562827 53
1756357108648 0.17222610569518546 54
1756357109296 0.1411559824710307 55
1756357126110 3.122619867324829 1
1756357126606 2.715753944023796 2
1756357127354 1.733387853788293 3
1756357127843 1.310553200866865 4
1756357128328 0.9778417089711064 5
1756357128994 1.0685448257819465 6
1756357129482 0.7090688982735509 7
1756357130144 0.6524277407190074 8
1756357130630 0.798756199038547 9
1756357131120 0.6475328219973523 10
1756357131779 0.6846315251744312 11
1756357132267 0.5794337352980738 12
1756357132756 0.8592727119507997 13
1756357133409 0.6932897243810736 14
1756357133899 0.47584180339522986 15
1756357134550 0.5222959839131521 16
1756357135040 0.38813900170118915 17
1756357135532 0.4114250155246776 18
1756357136182 0.4622612388237663 19
1756357136673 0.49626952280168946 20
1756357137326 0.46428773066271906 21
1756357137816 0.44645613107992255 22
1756357138305 0.5112948475972466 23
1756357138957 0.32182273463062616 24
1756357139447 0.2991640742706216 25
1756357139937 0.404926140671191 26
1756357140585 0.5627003357462261 27
1756357141071 0.5392058206641156 28
1756357141726 0.42649262042149255 29
1756357142213 0.48889370133047516 30
1756357142701 0.37273418255474255 31
1756357143353 0.2969995659330617 32
1756357143844 0.2669699013881061 33
1756357144494 0.2804358951423479 34
1756357144986 0.22006623965242636 35
1756357145473 0.2279029433494029 36
1756357146121 0.23001707960730014 37
1756357146609 0.21853976631942001 38
1756357147254 0.32199119420155237 39
1756357147742 0.362752893048784 40
1756357148232 0.34739585868690326 41
1756357148877 0.2547460885151573 42
1756357149368 0.3578109967967738 43
1756357150014 0.30006915006948554 44
1756357150504 0.23447721645883893 45
1756357150994 0.29967604188815405 46
1756357151641 0.27977067361707275 47
1756357152133 0.19308222927477048 48
1756357152623 0.21778786214797394 49
1756357153271 0.23936142740042313 50
1756357153761 0.18187124897604404 51
1756357154406 0.17863643039827762 52
1756357154897 0.21195793929307358 53
1756357155387 0.18151656181915946 54
1756357156036 0.21843652880710104 55
1756357156527 0.16333790058675018 56
1756357157172 0.17911650920691696 57
1756357157660 0.1709631088635196 58
1756357158151 0.18501737114527952 59
1756357158797 0.16967965759660886 60
1756357159287 0.14071377172418262 61
1756357159931 0.1251928945598395 62
1756357160424 0.11835684206174768 63
1756357160915 0.12390900306079698 64
1756357161565 0.15117726280637409 65
1756357162056 0.1705151768806188 66
1756357162714 0.12419071825950043 67
1756357163205 0.10872146195691565 68
1756357163693 0.10199808426525282 69
1756357164343 0.10126414506331734 70
1756357164835 0.21531212718590445 71
1756357165487 0.14891744728969492 72
1756357165976 0.11934583407381306 73
1756357166468 0.11135626576193002 74
1756357167150 0.12066900746329971 75
1756357167641 0.11789733948914902 76
1756357168307 0.12588491242216981 77
1756357168800 0.13564984872937202 78
