1756349401380 1.253395636876424 1
1756349401387 1.1140425503253937 2
1756349401394 1.0922687848409016 3
1756349401400 1.0199212630589802 4
1756349401406 0.9891592462857565 5
1756349401412 0.9176612297693888 6
1756349401418 0.7611725131670634 7
1756349401424 0.7726689875125885 8
1756349401431 0.6788416902224222 9
1756349401437 0.672832727432251 10
1756349401443 0.6280227104822794 11
1756349401449 0.5680707544088364 12
1756349401456 0.5756036142508189 13
1756349401462 0.5892592271169027 14
1756349401468 0.5516532262166342 15
1756349401475 0.5494543512662252 16
1756349401481 0.5111841360727946 17
1756349401488 0.507646863659223 18
1756349401494 0.4751584430535634 19
1756349401501 0.5034191509087881 20
1756349401507 0.48002981146176654 21
1756349401514 0.5698796510696411 22
1756349401520 0.4749745875597 23
1756349401527 0.5564611454804739 24
1756349401534 0.4606347630421321 25
1756349401540 0.48313039541244507 26
1756349401547 0.44746941328048706 27
1756349401554 0.4636913190285365 28
1756349401561 0.41612260540326435 29
1756349401568 0.43920885026454926 30
1756349401574 0.4108188599348068 31
1756349401581 0.40468188126881915 32
1756349401588 0.4077943762143453 33
1756349401595 0.393809234102567 34
1756349401602 0.37278692921002704 35
1756349401609 0.4085505058368047 36
1756349401616 0.3882373472054799 37
1756349401623 0.3878430624802907 38
1756349401631 0.34476777414480847 39
1756349401638 0.3619921604792277 40
1756349401645 0.3639385650555293 41
1756349401652 0.3581155588229497 42
1756349401659 0.35076914727687836 43
1756349401667 0.33949147661526996 44
1756349401674 0.3707401156425476 45
1756349401681 0.32842065393924713 46
1756349401688 0.3597724735736847 47
1756349401696 0.3302261531352997 48
1756349401703 0.3590524146954219 49
1756349401710 0.32505067189534503 50
1756349401718 0.32070375978946686 51
1756349401725 0.3377099186182022 52
1756349401733 0.3104917158683141 53
1756349401740 0.31385276714960736 54
1756349401748 0.2986552268266678 55
1756349401755 0.33624056975046795 56
1756349401763 0.30521733065446216 57
1756349401771 0.30287647744019824 58
1756349401778 0.300820787747701 59
1756349401786 0.28846154113610584 60
1756349401794 0.29889002939065296 61
1756349401801 0.28445278604825336 62
1756349401809 0.2784004658460617 63
1756349401817 0.27752411365509033 64
1756349401825 0.2721124639113744 65
1756349401832 0.2795744389295578 66
1756349401840 0.30617522696654004 67
1756349401848 0.2841658095518748 68
1756349401856 0.2928931911786397 69
1756349401864 0.2827778359254201 70
1756349401872 0.26781147221724194 71
1756349401880 0.2819788033763568 72
1756349401888 0.27797534813483554 73
1756349401896 0.26749883343776065 74
1756349401904 0.2711598724126816 75
1756349401912 0.2652929723262787 76
1756349401921 0.2645666052897771 77
1756349401929 0.25685527672370273 78
1756349401937 0.25907688836256665 79
1756349401945 0.2549801841378212 80
1756349401954 0.25664152453343075 81
1756349401962 0.26191091040770215 82
1756349401970 0.2413466994961103 83
1756349401979 0.24024238685766855 84
1756349401987 0.23086483031511307 85
1756349401995 0.22655335565408072 86
1756349402004 0.2380851556857427 87
1756349402014 0.231273519496123 88
1756349402028 0.24064056078592935 89
1756349402037 0.2312245691816012 90
1756349402046 0.22198896358410516 91
1756349402054 0.22257926811774573 92
1756349402063 0.2300450031956037 93
1756349402072 0.22074023634195328 94
1756349402080 0.2181912213563919 95
1756349402089 0.21854678789774576 96
1756349402099 0.22281896074612936 97
1756349402108 0.2126594806710879 98
1756349402117 0.2123062734802564 99
1756349402126 0.22406398753325144 100
1756349402135 0.20995975782473883 101
1756349402144 0.21695773800214133 102
1756349402153 0.20830693344275156 103
1756349402162 0.21688591688871384 104
1756349402171 0.2103824814160665 105
1756349402180 0.21423711131016412 106
1756349402190 0.20715385675430298 107
1756349402199 0.20937002698580423 108
1756349421137 0.9460605642069941 1
1756349421148 0.786009563052136 2
1756349421158 0.7072234076002369 3
1756349421167 0.6694610637167225 4
1756349421177 0.6623226274614749 5
1756349421186 0.6476998640143353 6
1756349421196 0.6012503167857295 7
1756349421205 0.6207381642383077 8
1756349421215 0.5491705705290255 9
1756349421225 0.513624088919681 10
1756349421234 0.5328788524088652 11
1756349421244 0.479801656111427 12
1756349421254 0.5302216229231461 13
1756349421264 0.4628495379634526 14
1756349421273 0.4518455824126368 15
1756349421283 0.4669360894223918 16
1756349421293 0.42471262164737866 17
1756349421303 0.40045300126075745 18
1756349421313 0.39222685927930084 19
1756349421322 0.39149884555650794 20
1756349421332 0.4215340847554414 21
1756349421342 0.383148782927057 22
1756349421352 0.38496337377506756 23
1756349421362 0.43282992036446283 24
1756349421372 0.38226414504258527 25
1756349421382 0.3763611057530279 26
1756349421393 0.3778394305187723 27
1756349421403 0.38369239283644635 28
1756349421413 0.40094316394432733 29
1756349421423 0.363107953382575 30
1756349421433 0.34389014282952185 31
1756349421443 0.3322313596373019 32
1756349421454 0.3242064235003098 33
1756349421464 0.31959927859513654 34
1756349421474 0.2944777122010355 35
1756349421484 0.3116952465928119 36
1756349421495 0.3170234185198079 37
1756349421505 0.31065362432728644 38
1756349421516 0.3430009425982185 39
1756349421526 0.2925111651420593 40
1756349421537 0.302701468700948 41
1756349421547 0.29789579368155933 42
1756349421558 0.3013616865095885 43
1756349421568 0.2794544483008592 44
1756349421579 0.2783767574507257 45
1756349421589 0.26894650899845624 46
1756349421600 0.25728983788386633 47
1756349421611 0.2611548855252888 48
1756349421622 0.27174838599951373 49
1756349421632 0.2646220430083897 50
1756349421643 0.25011446553727856 51
1756349421654 0.25804721142934717 52
1756349421665 0.2659986803065176 53
1756349421676 0.2702755779027939 54
1756349421687 0.2510180576987889 55
1756349421698 0.24308237951734793 56
1756349421709 0.23491370807523312 57
1756349421720 0.23492671873258508 58
1756349421731 0.23881002871886545 59
1756349421742 0.2316247062838596 60
1756349421753 0.23363324287145035 61
1756349421764 0.2458746102841004 62
1756349421775 0.2579947904400203 63
1756349421786 0.24168755826742752 64
1756349421798 0.23200589094472968 65
1756349421809 0.22621582642845486 66
1756349421820 0.22337890189626944 67
1756349421831 0.22182057668333469 68
1756349421843 0.24112648873225503 69
1756349421854 0.22830649497716324 70
1756349421865 0.22752293037331622 71
1756349421877 0.21883873252764993 72
1756349421888 0.2442252506380496 73
1756349421900 0.22187422863815143 74
1756349421911 0.2171763635200003 75
1756349421923 0.21553937896438266 76
1756349421934 0.21007599778797315 77
1756349421946 0.20435448573983234 78
1756349421958 0.21153449753056403 79
1756349421969 0.22221494304097217 80
1756349421981 0.21507858452589615 81
1756349421993 0.2110533137684283 82
1756349422004 0.19456035222696222 83
1756349422016 0.18837945551975913 84
1756349422028 0.1975228708723317 85
1756349422040 0.1990214113308036 86
1756349422052 0.1988100668658381 87
1756349422064 0.19937747814085172 88
1756349422075 0.2040862570638242 89
1756349422087 0.2017539979323097 90
1756349422099 0.1919392327899518 91
1756349422111 0.19922617984854657 92
1756349422123 0.20530615034310715 93
1756349422135 0.1949982429328172 94
1756349422148 0.19291367997293887 95
1756349422160 0.185248336714247 96
1756349422172 0.18551920095215674 97
1756349506480 0.9784916665243066 1
1756349506506 0.7847392040750255 2
1756349506530 0.8256254429402559 3
1756349506553 0.8250197353570358 4
1756349506577 0.7659609369609667 5
1756349506600 0.6353465422340061 6
1756349506624 0.5613521298636561 7
1756349506648 0.574161954548048 8
1756349506672 0.506655453339867 9
1756349506695 0.48551515003909235 10
1756349506719 0.49328711758489197 11
1756349506743 0.5101219260174296 12
1756349506767 0.5143428120924078 13
1756349506791 0.484186097331669 14
1756349506815 0.47547082797340723 15
1756349506839 0.4511807625708373 16
1756349506863 0.4159196926199872 17
1756349506887 0.4313741805760757 18
1756349506911 0.4062794680180757 19
1756349506935 0.38934947744659754 20
1756349506959 0.3962703982125158 21
1756349506984 0.391314341970112 22
1756349507008 0.36978860652965045 23
1756349507033 0.3584583790405937 24
1756349507057 0.35188548072524695 25
1756349507081 0.3596276018930518 26
1756349507106 0.3509454234786656 27
1756349507130 0.37741348017816956 28
1756349507155 0.37728232922761334 29
1756349507179 0.35011185900024744 30
1756349507203 0.3214224304841912 31
1756349507228 0.3290771531022113 32
1756349507252 0.3468747773896093 33
1756349507277 0.34095182885294373 34
1756349507302 0.36038271888442663 35
1756349507326 0.3476409665916277 36
1756349507351 0.3499453391717828 37
1756349507376 0.32038414089576056 38
1756349507400 0.3090143579503764 39
1756349507425 0.30911905480467755 40
1756349507450 0.2880151919696642 41
1756349507475 0.3044270503780116 42
1756349507500 0.3106052732985953 43
1756349507524 0.3096810955068339 44
1756349507549 0.34837003894474194 45
1756349507575 0.3195950868337051 46
1756349507600 0.31668007632960443 47
1756349507625 0.3077756529269011 48
1756349507650 0.2822030355101046 49
1756349507675 0.2955272288426109 50
1756349507700 0.3463967649833016 51
1756349507725 0.3194798801256263 52
1756349507750 0.28319890537987585 53
1756349507775 0.2601428271635719 54
1756349507801 0.258380567897921 55
1756349507826 0.27016960797102557 56
1756349507851 0.2657181951014892 57
1756349507877 0.25749595981577167 58
1756349507902 0.24441487957601962 59
1756349507928 0.2605054909768312 60
1756349507953 0.2577910773132158 61
1756349507978 0.23149531172669452 62
1756349508004 0.23867896976678268 63
1756349508029 0.24773143361444058 64
1756349508055 0.2252492315095404 65
1756349508080 0.26810296527717425 66
1756349508106 0.2824114282494006 67
1756349508131 0.2502635963585066 68
1756349508157 0.21910746589950894 69
1756349508182 0.24468761423359747 70
1756349508208 0.22948331677395364 71
1756349508234 0.22364264467488165 72
1756349508260 0.21309943885906882 73
1756349508285 0.212782537807589 74
1756349508311 0.2104868973078935 75
1756349508337 0.2118445265552272 76
1756349508363 0.20735494015009506 77
1756349508389 0.20602943780629532 78
1756349508414 0.20131279398565707 79
1756349508440 0.20815182250478995 80
1756349508466 0.20452447624310202 81
1756349508492 0.21262795769650003 82
1756349508518 0.21625053234722302 83
1756349508544 0.20134670125401538 84
1756349508570 0.1957091520661893 85
1756349508597 0.19738166941248853 86
1756349508623 0.18908078968524933 87
1756349508649 0.18989812096823816 88
1756349508675 0.19306542497614157 89
1756349508701 0.1851251429837683 90
1756349508727 0.18438080471494925 91
1756349508754 0.1723600729652073 92
1756349508780 0.184405659203944 93
1756349508807 0.1830362619265266 94
1756349508833 0.18059625638567883 95
1756349508860 0.2000624356062516 96
1756349508886 0.1914194440064223 97
1756349508913 0.17744443274062613 98
1756349508939 0.18201923888662588 99
1756349508966 0.1904432423736738 100
1756349508992 0.19164332747459412 101
1756349509019 0.17512736242750418 102
1756349509045 0.17868870626325192 103
1756349509072 0.18904758212359055 104
1756349509099 0.17284824731557266 105
1756349509125 0.17944039533967557 106
1756349509152 0.1639817272839339 107
1756349509179 0.1689255282930706 108
1756349509205 0.17701065929039664 109
1756349509232 0.16285154255835907 110
1756349509259 0.16927184229311737 111
1756349509286 0.17622152359589285 112
1756349594181 0.9908767057501752 1
1756349594219 0.832487720510234 2
1756349594255 0.793602036393207 3
1756349594290 0.7970290624577067 4
1756349594325 0.689556272133537 5
1756349594361 0.7155152740685836 6
1756349594397 0.6525878776674685 7
1756349594432 0.5793549496194591 8
1756349594468 0.5926210115785184 9
1756349594503 0.5723944733972135 10
1756349594539 0.5193178640759509 11
1756349594575 0.5633355910363405 12
1756349594610 0.4895119952118915 13
1756349594646 0.5227250806663347 14
1756349594682 0.5020592523657758 15
1756349594718 0.463360881027968 16
1756349594754 0.457956841458445 17
1756349594790 0.43523455961890845 18
1756349594826 0.41362946577694104 19
1756349594862 0.41419982003129047 20
1756349594898 0.4242257929366568 21
1756349594934 0.462320186521696 22
1756349594970 0.4272934949916342 23
1756349595006 0.41830570023992786 24
1756349595043 0.42247209341629693 25
1756349595079 0.37766049478365027 26
1756349595115 0.3631369043951449 27
1756349595151 0.38559307611506916 28
1756349595187 0.47541779150133545 29
1756349595223 0.4009221416452657 30
1756349595259 0.393318684204765 31
1756349595296 0.3981452843417292 32
1756349595332 0.39217242080232373 33
1756349595368 0.35601166927296185 34
1756349595404 0.34912734964619513 35
1756349595441 0.34069565068120544 36
1756349595477 0.3517598820769269 37
1756349595513 0.35273346045742865 38
1756349595550 0.3593400107777637 39
1756349595586 0.3558729187301967 40
1756349595622 0.3424906665864198 41
1756349595659 0.3820035457611084 42
1756349595695 0.38138699272404547 43
1756349595732 0.303437669640002 44
1756349595768 0.2996143147997234 45
1756349595805 0.2918994834889536 46
1756349595841 0.28000473911347595 47
1756349595878 0.2991382835999779 48
1756349595915 0.30525411989377893 49
1756349595951 0.2772834994222807 50
1756349595988 0.31090618864349695 51
1756349596024 0.27385943350584613 52
1756349596061 0.2713892868031626 53
1756349596098 0.2722294298203095 54
1756349596135 0.2774296318707259 55
1756349596172 0.2902368073878081 56
1756349596209 0.2869069394857987 57
1756349596246 0.2503727389418561 58
1756349596282 0.2687753536131071 59
1756349596319 0.2587386518716812 60
1756349596356 0.2425194518721622 61
1756349596393 0.23952775999255801 62
1756349596430 0.25959885185179504 63
1756349596467 0.23811311631099039 64
1756349596504 0.2625875498937524 65
1756349596541 0.24788667974264725 66
1756349596578 0.24897062130596326 67
1756349596615 0.24581252751143082 68
1756349596653 0.2516159311584804 69
1756349596690 0.23860488184120343 70
1756349596728 0.24698902277842813 71
1756349596765 0.24310467748538309 72
1756349596803 0.2481206785077634 73
1756349596840 0.22558403274287347 74
1756349596877 0.24362613779047262 75
1756349596915 0.2265819499026174 76
1756349596953 0.21913825169853543 77
1756349596990 0.2123594731092453 78
1756349597028 0.20800891907318778 79
1756349597066 0.229682058095932 80
1756349597103 0.2450464931519135 81
1756349597141 0.22932390350362528 82
1756349597179 0.22893849403961844 83
1756349597221 0.2387768179178238 84
1756349597259 0.2127946641134179 85
1756349597297 0.21257499702598737 86
1756349597335 0.20601794965889142 87
1756349597373 0.2233330477838931 88
1756349597411 0.21552293326543726 89
1756349597449 0.2096278278724007 90
1756349597487 0.20014184195062387 91
1756349597525 0.21891614989094113 92
1756349597564 0.20255405682584512 93
1756349597602 0.20442429962365524 94
1756349597641 0.210192885087884 95
1756349597679 0.1991774038128231 96
1756349597718 0.20152075329552527 97
1756349704819 1.0019832097965737 1
1756349704870 0.9988907420116923 2
1756349704920 0.8383325753004655 3
1756349704969 0.7044295098470605 4
1756349705018 0.6955813480460126 5
1756349705068 0.698083582131759 6
1756349705117 0.6077565537846606 7
1756349705167 0.5670424259227255 8
1756349705216 0.6221884463144385 9
1756349705266 0.5467927689137666 10
1756349705315 0.5111128247302511 11
1756349705365 0.5362641267154528 12
1756349705414 0.4912709360537322 13
1756349705464 0.5158786579318668 14
1756349705513 0.4903668359569881 15
1756349705563 0.4953466316928034 16
1756349705612 0.46604578909666644 17
1756349705662 0.44232741127843445 18
1756349705712 0.4167350128940914 19
1756349705761 0.4364438562289528 20
1756349705810 0.42609404351400293 21
1756349705860 0.41571919036948163 22
1756349705909 0.4271400467209194 23
1756349705959 0.42849916219711304 24
1756349706008 0.4272298514842987 25
1756349706058 0.4150863872921985 26
1756349706107 0.3932880448258441 27
1756349706157 0.3813921303852745 28
1756349706206 0.4025987049807673 29
1756349706256 0.3769039641255918 30
1756349706305 0.386362884355628 31
1756349706355 0.38466869229855744 32
1756349706405 0.42430554913437885 33
1756349706454 0.36697262266407843 34
1756349706504 0.3555272454800813 35
1756349706554 0.3577484449614649 36
1756349706604 0.37381338814030524 37
1756349706654 0.34314462283383246 38
1756349706703 0.3325450835020646 39
1756349706753 0.333255331153455 40
1756349706803 0.3457702761111052 41
1756349706853 0.32377833322338434 42
1756349706903 0.31158696503742883 43
1756349706953 0.3471829178540603 44
1756349707002 0.3606379887332087 45
1756349707052 0.3292695594870526 46
1756349707102 0.3194729141567064 47
1756349707153 0.28709203523138294 48
1756349707203 0.308835682661637 49
1756349707254 0.3075459489355917 50
1756349707304 0.2795391937960749 51
1756349707354 0.2762430770241696 52
1756349707405 0.2658342246128165 53
1756349707455 0.28590652540973993 54
1756349707505 0.2896374541780223 55
1756349707556 0.2805377219034278 56
1756349707606 0.304406366918398 57
1756349707657 0.2850863544837288 58
1756349707707 0.2543400033660557 59
1756349707757 0.26748860206293024 60
1756349707808 0.25963181710761524 61
1756349707859 0.26536086136880127 62
1756349707909 0.26633750550124957 63
1756349707960 0.24886777025202048 64
1756349708010 0.24797856548558112 65
1756349708061 0.2590365714353064 66
1756349708112 0.259481826554174 67
1756349708163 0.26646136589672254 68
1756349708213 0.24806933234567227 69
1756349708264 0.2546812872523847 70
1756349708315 0.25256788017957105 71
1756349708366 0.2382270071817481 72
1756349708417 0.22364081701506738 73
1756349708468 0.2392778007880501 74
1756349708518 0.2455682547196098 75
1756349708570 0.22884351533392203 76
1756349708621 0.22668106594811316 77
1756349708672 0.23408962138321088 78
1756349708723 0.2264757434958997 79
1756349708774 0.21775510777597842 80
1756349708825 0.20423521101474762 81
1756349708876 0.20641076176062875 82
1756349708928 0.2167061431252438 83
1756349708979 0.22167330980300903 84
1756349709030 0.21894333543984787 85
1756349709081 0.22302281143872635 86
1756349709133 0.22784270540527676 87
1756349709185 0.22405575734117758 88
1756349709236 0.20664418456347092 89
1756349709288 0.20620013255140054 90
1756349709339 0.19888857525327933 91
1756349709391 0.2085273784139882 92
1756349709443 0.20972820209420245 93
1756349724772 1.0506385305653447 1
1756349724826 0.9060561397801274 2
1756349724878 0.8866970642753269 3
1756349724930 0.764675303645756 4
1756349724982 0.668658038844233 5
1756349725034 0.673488445903944 6
1756349725086 0.6070549138214277 7
1756349725138 0.556056630352269 8
1756349725190 0.5806818863619929 9
1756349725242 0.5494479757288228 10
1756349725294 0.5168278502381366 11
1756349725346 0.5365935382635697 12
1756349725398 0.49276623388995294 13
1756349725450 0.46992767375448474 14
1756349725502 0.43299688334050385 15
1756349725554 0.4824914465779844 16
1756349725606 0.4526927535948546 17
1756349725659 0.45237347094909003 18
1756349725711 0.4151330590248108 19
1756349725764 0.39251258580581 20
1756349725816 0.4247500507727913 21
1756349725869 0.4140141554500746 22
1756349725921 0.36564638303673785 23
1756349725974 0.3821232007897418 24
1756349726026 0.40947282443875854 25
1756349726078 0.39753860105638916 26
1756349726131 0.3696693881698277 27
1756349726183 0.3521132624667624 28
1756349726236 0.36815366796825244 29
1756349726289 0.34879313992417377 30
1756349726341 0.3443241326705269 31
1756349726394 0.30714388839576556 32
1756349726447 0.31401581867881445 33
1756349726500 0.33272103382193524 34
1756349726553 0.3186818050301593 35
1756349726605 0.3056382744208626 36
1756349726658 0.31412966743759485 37
1756349726710 0.2994870031657426 38
1756349726763 0.3236376649659613 39
1756349726817 0.31260631460210553 40
1756349726870 0.30489620307217474 41
1756349726923 0.2935001720552859 42
1756349726975 0.3025481396395227 43
1756349727028 0.2722498113694398 44
1756349727081 0.29391957430735877 45
1756349727135 0.29718138860619586 46
1756349727188 0.27865167739598645 47
1756349727241 0.30281616553016333 48
1756349727295 0.2682781621165898 49
1756349727348 0.2783351339723753 50
1756349727401 0.29671288832374243 51
1756349727454 0.2932088731423668 52
1756349727507 0.2846823179203531 53
1756349727560 0.26690953905167786 54
1756349727614 0.2673522188611653 55
1756349727667 0.24920284877652707 56
1756349727720 0.26808301974897797 57
1756349727774 0.24688166509503903 58
1756349727827 0.2320047714140104 59
1756349727881 0.24114073165085004 60
1756349727934 0.23324607247891632 61
1756349727988 0.23237679704375888 62
1756349728041 0.23210077246894006 63
1756349728094 0.23958456840204156 64
1756349728148 0.2472875370927479 65
1756349728201 0.23322050791719687 66
1756349728255 0.2207268748594367 67
1756349728308 0.22043850305287735 68
1756349728362 0.2405930407669233 69
1756349728416 0.24349576623543448 70
1756349728470 0.2551563375669977 71
1756349728523 0.22191714203875998 72
1756349728577 0.2251136795334194 73
1756349728630 0.22834569993226425 74
1756349728684 0.23908147604569144 75
1756349728738 0.21986224340355914 76
1756349728791 0.22912886414838873 77
1756349728844 0.21705453616121542 78
1756349750859 0.9738605748052183 1
1756349750915 1.0294049563615217 2
1756349750968 1.0506048409835151 3
1756349751022 0.8968480514443439 4
1756349751076 0.7350345590840215 5
1756349751130 0.702531970065573 6
1756349751184 0.6886295961297076 7
1756349751238 0.6036718215631403 8
1756349751292 0.6273278023885644 9
1756349751346 0.5831789322521376 10
1756349751400 0.5594936674055846 11
1756349751454 0.5452246199483457 12
1756349751508 0.5121484372926794 13
1756349751562 0.5141463111276212 14
1756349751616 0.5391651093959808 15
1756349751670 0.4911300799121027 16
1756349751724 0.49892937877903815 17
1756349751778 0.471286750358084 18
1756349751832 0.4632964211961497 19
1756349751886 0.47700344220451685 20
1756349751941 0.49828489837439166 21
1756349751995 0.4510866805263188 22
1756349752049 0.4598735117393991 23
1756349752104 0.4744722415571627 24
1756349752158 0.43312082212904224 25
1756349752212 0.4139686343462571 26
1756349752267 0.4319175818692083 27
1756349752321 0.4566788841848788 28
1756349752376 0.43083302611890045 29
1756349752430 0.40667584797610407 30
1756349752484 0.3818037769068842 31
1756349752539 0.3974070341690727 32
1756349752593 0.40704910521921905 33
1756349752648 0.42322363024172577 34
1756349752702 0.42294786676116614 35
1756349752757 0.3814987410669741 36
1756349752811 0.35326903281004535 37
1756349752866 0.37964629867802496 38
1756349752921 0.3551287210505942 39
1756349752975 0.35841763278712396 40
1756349753030 0.4060081476750581 41
1756349753085 0.3823218760283097 42
1756349753140 0.3542065076206041 43
1756349753195 0.34708280667014746 44
1756349753249 0.3194315621386404 45
1756349753304 0.3273473381996155 46
1756349753359 0.33753725238468335 47
1756349753414 0.3146874444640201 48
1756349753469 0.37210051650586334 49
1756349753524 0.36342289655104926 50
1756349753579 0.41922295611837634 51
1756349753634 0.38493284583091736 52
1756349753689 0.35548499615296075 53
1756349753744 0.3480299426161725 54
1756349753799 0.3615966206011565 55
1756349753854 0.35063925968564075 56
1756349753909 0.3400324427563211 57
1756349753964 0.31404602981132007 58
1756349754019 0.3278260114400283 59
1756349754074 0.3014333319404851 60
1756349754129 0.30798444670179614 61
1756349754184 0.31800618314224743 62
1756349754239 0.29922596851120825 63
1756349754294 0.30605877935886383 64
1756349754349 0.2845679217058679 65
1756349754405 0.29928147339302563 66
1756349754460 0.27067600449790125 67
1756349754516 0.2669770490864049 68
1756349754571 0.29876931335615076 69
1756349754626 0.2814581335886665 70
1756349754682 0.2678146038366401 71
1756349754737 0.2722018736860026 72
1756349754793 0.2613447476988253 73
1756349754848 0.25450707907262055 74
1756349754904 0.26154318581456726 75
1756349754959 0.2647889211125996 76
1756349755015 0.26030996182690497 77
1756349755071 0.2865938071323478 78
1756349755126 0.25156209844609967 79
1756349755182 0.25253459552060004 80
1756349755237 0.2680358044479204 81
1756349755293 0.25576002831044403 82
1756349755349 0.2649638231681741 83
1756349755405 0.24243504456851794 84
1756349755461 0.25656103504740674 85
1756349755517 0.256446224839791 86
1756349755573 0.24843245291191599 87
1756349755629 0.23186237786127173 88
1756349755685 0.22746828392795895 89
1756349755742 0.22299544966739157 90
1756349755798 0.22919712118480517 91
1756349755854 0.2367343228796254 92
1756349755911 0.2212401796942172 93
1756349755968 0.21212752033834872 94
1756349756024 0.22693698691285175 95
1756349756080 0.23596232611200083 96
1756349756136 0.21462642369063004 97
1756349756193 0.20595597832099252 98
1756349756249 0.2109076017918794 99
1756349756305 0.23093506240326425 100
1756349756362 0.22163567724435226 101
1756349756418 0.2012345155943995 102
1756349756475 0.20886782718741376 103
1756349756532 0.22527574261893396 104
1756349756589 0.22255092405754587 105
1756349756645 0.21354209016198697 106
1756349756702 0.20435836911201477 107
1756349756758 0.19843499038530432 108
1756349756815 0.19510732008063275 109
1756349756872 0.19475737278876099 110
1756349756929 0.19963479495566824 111
1756349867274 0.998616345550703 1
1756349867348 0.8153239747752314 2
1756349867416 0.8284843304882878 3
1756349867484 0.753587878268698 4
1756349867552 0.7011396262956702 5
1756349867620 0.630145576984986 6
1756349867689 0.5662625444971997 7
1756349867757 0.5390607649865358 8
1756349867826 0.504645304835361 9
1756349867894 0.5095660168191661 10
1756349867963 0.49493394597716955 11
1756349868031 0.4560049383536629 12
1756349868100 0.4668889512186465 13
1756349868168 0.4498957382596057 14
1756349868237 0.4239197295645009 15
1756349868306 0.43262392152910645 16
1756349868374 0.47044148263723956 17
1756349868444 0.514992725590001 18
1756349868512 0.45802269422489666 19
1756349868580 0.4499879634898642 20
1756349868649 0.4579239124837129 21
1756349868717 0.4411976363347924 22
1756349868786 0.5146964399710946 23
1756349868856 0.44021245448485663 24
1756349868924 0.38549502258715423 25
1756349868992 0.39043016666951386 26
1756349869061 0.372374819672626 27
1756349869128 0.379885803098264 28
1756349869198 0.36490151156549866 29
1756349869267 0.3556158205737238 30
1756349869335 0.34533904039341473 31
1756349869404 0.36347583195437555 32
1756349869473 0.3269274986308554 33
1756349869543 0.3221914807091589 34
1756349869613 0.31777269749537757 35
1756349869682 0.3162389488323875 36
1756349869751 0.32817345987195556 37
1756349869819 0.3125883366750634 38
1756349869888 0.3120123601478079 39
1756349869957 0.28968209611332935 40
1756349870025 0.2693306097517843 41
1756349870094 0.2758114266654719 42
1756349870163 0.32028575047202734 43
1756349870231 0.3029500194217848 44
1756349870300 0.302405697496041 45
1756349870369 0.2849842141503873 46
1756349870437 0.28239989410276 47
1756349870507 0.2580497796120851 48
1756349870576 0.28041587899560516 49
1756349870645 0.2753454187641973 50
1756349870714 0.2489257098540016 51
1756349870783 0.25339773750823474 52
1756349870852 0.2853521698195001 53
1756349870921 0.26318921472715295 54
1756349870991 0.25672702296920447 55
1756349871060 0.25944208450939343 56
1756349871129 0.2472703068152718 57
1756349871198 0.25830733905667846 58
1756349871267 0.26263402208038 59
1756349871337 0.2905035394689311 60
1756349871406 0.2543112655048785 61
1756349871475 0.2538292161796404 62
1756349871544 0.24606871993645377 63
1756349871614 0.2374410681102587 64
1756349871683 0.2401901276215263 65
1756349871753 0.22264327691948932 66
1756349871822 0.237248790004979 67
1756349871892 0.24125264455442844 68
1756349871962 0.23105276473190473 69
1756349872032 0.2225825618142667 70
1756349872102 0.2258013648831326 71
1756349872172 0.22431847193966742 72
1756349872241 0.22424601731093033 73
1756349872311 0.22566666939984198 74
1756349872381 0.22459731866484103 75
1756349872712 0.2042720473330954 76
1756349872783 0.20744232055933579 77
1756349872854 0.1899722406397695 78
1756349872925 0.19430636970893198 79
1756349872995 0.1929237285385961 80
1756349873066 0.19622379800547723 81
1756349873136 0.20289586290069248 82
1756349873207 0.18875958414181418 83
1756349873278 0.18525389938250833 84
1756349873348 0.1918553016755892 85
1756349983232 1.1164314617281375 1
1756349983314 1.0709826842598293 2
1756349983394 1.051156152849612 3
1756349983473 0.926063711228578 4
1756349983553 0.8945078953452732 5
1756349983632 0.8022173954092938 6
1756349983711 0.7074084618817205 7
1756349983791 0.6595152681288512 8
1756349983870 0.6568200147670248 9
1756349983949 0.6805267282154249 10
1756349984028 0.5684187308601711 11
1756349984108 0.5483665893907133 12
1756349984187 0.5719222918800686 13
1756349984267 0.5387695509454479 14
1756349984346 0.5228816905747289 15
1756349984427 0.5151543733866318 16
1756349984507 0.5545898870281551 17
1756349984587 0.5326515449130017 18
1756349984667 0.48158861243206524 19
1756349984746 0.45797133445739746 20
1756349984826 0.44404504610144574 21
1756349984906 0.468370523141778 22
1756349984985 0.4672680289848991 23
1756349985065 0.46379877173382306 24
1756349985145 0.4265835207441579 25
1756349985225 0.44195227389750275 26
1756349985305 0.4293328951234403 27
1756349985384 0.43363511173621466 28
1756349985464 0.47456349108530127 29
1756349985544 0.4755357413188271 30
1756349985624 0.4358135876448258 31
1756349985705 0.3922380286714305 32
1756349985785 0.3929875143196272 33
1756349985865 0.41354328912237415 34
1756349985945 0.40037927679393603 35
1756349986026 0.39700756124828174 36
1756349986106 0.3877857314503711 37
1756349986186 0.3818115630875463 38
1756349986266 0.3980742045070814 39
1756349986348 0.39280490771583887 40
1756349986429 0.36311102172602777 41
1756349986509 0.36863734411156696 42
1756349986590 0.3471931620784428 43
1756349986670 0.3497594309889752 44
1756349986752 0.36287082278210187 45
1756349986832 0.3568833846112956 46
1756349986913 0.34131321440572326 47
1756349986994 0.351048539514127 48
1756349987074 0.3463759888773379 49
1756349987155 0.32321769906126935 50
1756349987236 0.3242189333490703 51
1756349987316 0.3305920362472534 52
1756349987396 0.3067553917998853 53
1756349987477 0.30665794274081354 54
1756349987558 0.32715084824873053 55
1756349987638 0.3422770461310511 56
1756349987719 0.3287945337917494 57
1756349987800 0.34057581683863763 58
1756349987881 0.32608913079552027 59
1756349987962 0.30954909583796625 60
1756349988042 0.3140572523293288 61
1756349988123 0.3037690131560616 62
1756349988204 0.3014033644095711 63
1756349988285 0.3024845194557439 64
1756349988366 0.2805442337108695 65
1756349988447 0.2998956701029902 66
1756349988528 0.3054271340370178 67
1756349988609 0.3265254542879436 68
1756349988690 0.32558759269507037 69
1756349988771 0.2989784543928893 70
1756349988852 0.2997863435226938 71
1756349988934 0.29251129990038666 72
1756349989015 0.33468373314194055 73
1756349989096 0.32984200767848804 74
1756349989177 0.2957871219386225 75
1756349989258 0.27978554303231445 76
1756349989340 0.3194389719030131 77
1756349989421 0.27750789795232855 78
1756349989503 0.29792093064474023 79
1756349989584 0.3052432608345281 80
1756349989666 0.2902285955522371 81
1756349989747 0.2621350592893103 82
1756349989829 0.25777583083380823 83
1756349989911 0.25758335642192676 84
1756349989993 0.26499077936877374 85
1756349990074 0.26508423686027527 86
1756349990156 0.2756058087815409 87
1756349990238 0.26342910074669385 88
1756349990319 0.25583905305551446 89
1756349990401 0.25642064667266345 90
1756349990482 0.24354281179282977 91
1756349990564 0.26947728382504504 92
1756349990646 0.2562089478192122 93
1756349990727 0.2342212686072225 94
1756349990810 0.23749315349952035 95
1756349990891 0.2434121836786685 96
1756349990973 0.24208746785702911 97
1756349991055 0.2324474732513013 98
1756349991136 0.23256876546403635 99
1756349991218 0.2284408282974492 100
1756349991300 0.23568854319012683 101
1756349991382 0.23617659833120264 102
1756349991464 0.22558451476304428 103
1756349991546 0.22852644972179248 104
1756349991628 0.21629173341004745 105
1756349991710 0.21861189474230228 106
1756349991793 0.22215105722779813 107
1756349991875 0.20377912858258124 108
1756349991957 0.22696248992629672 109
1756349992039 0.20929847787255826 110
1756349992122 0.2287678997153821 111
1756349992204 0.21549987857756409 112
1756349992287 0.21777940573899643 113
1756349992369 0.2097072581882062 114
1756349992451 0.22473115895105444 115
1756349992534 0.21863068640232086 116
1756349992616 0.20768807698851047 117
1756349992698 0.20414046230523483 118
1756349992780 0.21391651423081107 119
1756349992863 0.20128091975398685 120
1756349992945 0.20331230630045352 121
1756349993272 0.19898470717927683 122
1756349993355 0.19654042176578357 123
1756349993438 0.1935284189555956 124
1756349993521 0.19697406240131543 125
1756349993603 0.1953620372906975 126
1756349993686 0.20958507903244183 127
1756349993768 0.1939791272515836 128
1756349993851 0.19585439821948175 129
1756349993934 0.19872820766075797 130
1756349994017 0.19280996400377023 131
1756349994100 0.20122646378434222 132
1756349994182 0.19667734011359836 133
1756349994265 0.19000216541082962 134
1756349994348 0.18200593279755634 135
1756349994430 0.1931004750987758 136
1756349994513 0.19186961780423703 137
1756349994596 0.20506898864455844 138
1756349994679 0.1941860953102941 139
1756349994762 0.19083927960499472 140
1756349994845 0.19506718412689542 141
1756349994928 0.18913410733575406 142
1756350004038 1.0353059470653534 1
1756350004123 0.8234924028317133 2
1756350004206 0.8112342953681946 3
1756350004289 0.8492408792177836 4
1756350004372 0.8095484425624212 5
1756350004456 0.8098623901605606 6
1756350004539 0.7429901510477066 7
1756350004622 0.7247124662001928 8
1756350004706 0.6784536341826121 9
1756350004790 0.7016025433937708 10
1756350004873 0.6439334005117416 11
1756350004957 0.5922782818476359 12
1756350005040 0.551337035993735 13
1756350005124 0.5557534446318945 14
1756350005207 0.5123335942626 15
1756350005291 0.5285795206824938 16
1756350005375 0.5081038648883501 17
1756350005459 0.5082322955131531 18
1756350005542 0.4873457799355189 19
1756350005627 0.487938957909743 20
1756350005711 0.454193780819575 21
1756350005795 0.4185539061824481 22
1756350005879 0.44379086544116336 23
1756350005963 0.4194316764672597 24
1756350006047 0.4542183180650075 25
1756350006132 0.4783502121766408 26
1756350006216 0.44345273077487946 27
1756350006301 0.42963062475124997 28
1756350006386 0.41704365611076355 29
1756350006470 0.395851897696654 30
1756350006554 0.38397351652383804 31
1756350006639 0.41130534559488297 32
1756350006723 0.40807675073544186 33
1756350006807 0.4205193022886912 34
1756350006892 0.4318062638243039 35
1756350006976 0.406228927274545 36
1756350007060 0.41322416067123413 37
1756350007147 0.40937695403893787 38
1756350007232 0.3872852325439453 39
1756350007317 0.38203810900449753 40
1756350007402 0.3935610254605611 41
1756350007488 0.3459681123495102 42
1756350007572 0.34139732271432877 43
1756350007657 0.33474671592315036 44
1756350007742 0.3446095213294029 45
1756350007827 0.3363440881172816 46
1756350007912 0.3508571411172549 47
1756350007997 0.3245318333307902 48
1756350008082 0.31833090136448544 49
1756350008167 0.3277050604422887 50
1756350008252 0.3155086288849513 51
1756350008338 0.3102078015605609 52
1756350008423 0.32518137991428375 53
1756350008508 0.3290608326594035 54
1756350008594 0.3127179965376854 55
1756350008679 0.30562687665224075 56
1756350008764 0.30072422822316486 57
1756350008850 0.3174542884031932 58
1756350008935 0.31178655475378036 59
1756350009020 0.30513664831717807 60
1756350009106 0.2888660629590352 61
1756350009191 0.3101733947793643 62
1756350009277 0.29934169352054596 63
1756350009363 0.2979772662123044 64
1756350009448 0.3262144972880681 65
1756350009534 0.30348579337199527 66
1756350009619 0.2943903108437856 67
1756350009705 0.3096195347607136 68
1756350009790 0.28356800973415375 69
1756350009876 0.2899710138638814 70
1756350009962 0.2842385694384575 71
1756350010048 0.2661132824917634 72
1756350010133 0.25842275594671565 73
1756350010219 0.2591036260128021 74
1756350010305 0.2543477949996789 75
1756350010391 0.26869990055759746 76
1756350010476 0.2720055008927981 77
1756350010561 0.2666619469722112 78
1756350010647 0.28627325346072513 79
1756350010733 0.2772905205686887 80
1756350025088 0.9582466146220332 1
1756350025176 0.8086361600005109 2
1756350025261 0.7262419488119043 3
1756350025348 0.7515978683596072 4
1756350025433 0.7346997183302174 5
1756350025519 0.6781732569570127 6
1756350025605 0.6323547907497572 7
1756350025691 0.5874646539273469 8
1756350025777 0.5559495246928671 9
1756350025863 0.5482175674127496 10
1756350025949 0.5327072700728541 11
1756350026035 0.5766645864300106 12
1756350026122 0.5771799839061239 13
1756350026208 0.5198836520962093 14
1756350026294 0.5406019869058029 15
1756350026380 0.5469896067743716 16
1756350026466 0.5283641465332197 17
1756350026553 0.5207072198390961 18
1756350026639 0.5383811035881871 19
1756350026726 0.5054326899673628 20
1756350026812 0.4650960642358531 21
1756350026898 0.4742825821689937 22
1756350026985 0.46861451734667237 23
1756350027071 0.4801326510698899 24
1756350027158 0.4839125897573388 25
1756350027244 0.4548980528893678 26
1756350027331 0.4523503262063731 27
1756350027417 0.4277898837690768 28
1756350027504 0.43374196083649347 29
1756350027591 0.4098752335361812 30
1756350027677 0.4113737837128017 31
1756350027764 0.40597646651060687 32
1756350027852 0.40174491379571997 33
1756350027939 0.4059018453826075 34
1756350028027 0.4081499537696009 35
1756350028114 0.4036913112453792 36
1756350028202 0.40182356860326685 37
1756350028289 0.4155346349529598 38
1756350028376 0.39275954987691797 39
1756350028463 0.3789055204909781 40
1756350028550 0.375626468140146 41
1756350028638 0.3530001821725265 42
1756350028725 0.36782662116962933 43
1756350029060 0.3580623074718144 44
1756350029148 0.349943229685659 45
1756350029235 0.34335742048595264 46
1756350029323 0.3840974854386371 47
1756350029411 0.3714250818542812 48
1756350029498 0.37560743870942487 49
1756350029586 0.3407393745754076 50
1756350029673 0.3506762929584669 51
1756350029761 0.3283261812251547 52
1756350029848 0.3334956337576327 53
1756350029936 0.3490229559981305 54
1756350030023 0.33490971767384076 55
1756350030111 0.3367107691972152 56
1756350030200 0.3224498266759126 57
1756350030288 0.32435190418492194 58
1756350030375 0.3329604255116504 59
1756350030463 0.33487927265789197 60
1756350030550 0.3299104882323224 61
1756350030638 0.3352548220883245 62
1756350030726 0.29834620460220007 63
1756350030814 0.31425903478394385 64
1756350030902 0.30116791569668316 65
1756350030990 0.31039365089457965 66
1756350031078 0.30176083808359894 67
1756350031166 0.29927522721497907 68
1756350031254 0.30643260608548706 69
1756350031341 0.2990416813155879 70
1756350031429 0.28792102764482086 71
1756350031517 0.2822468034599138 72
1756350031604 0.26842894891034 73
1756350031692 0.2730172438466031 74
1756350038410 1.0276747047901154 1
1756350038501 0.8934799035390218 2
1756350038590 0.8116292258103689 3
1756350038679 0.8408382932345072 4
1756350038767 0.6856860816478729 5
1756350038855 0.5941634873549143 6
1756350038943 0.5644447505474091 7
1756350039031 0.5549557705720266 8
1756350039119 0.5203087528546652 9
1756350039208 0.4898256907860438 10
1756350039296 0.4704536745945613 11
1756350039384 0.4937879145145416 12
1756350039472 0.448632354537646 13
1756350039561 0.47804994384447735 14
1756350039649 0.45655400554339093 15
1756350039737 0.44745273391405743 16
1756350039825 0.40736397604147595 17
1756350039915 0.4020943343639374 18
1756350040003 0.4040759652853012 19
1756350040092 0.3790404399236043 20
1756350040180 0.36366938054561615 21
1756350040269 0.37733064591884613 22
1756350040357 0.3666337976853053 23
1756350040446 0.35123206675052643 24
1756350040534 0.33803922931353253 25
1756350040623 0.32445089519023895 26
1756350040711 0.3239264239867528 27
1756350040799 0.3189223309357961 28
1756350040888 0.31706535319487256 29
1756350040977 0.3259701132774353 30
1756350041065 0.30953135589758557 31
1756350041154 0.32333939770857495 32
1756350041243 0.3341224392255147 33
1756350041332 0.3076359033584595 34
1756350041421 0.30044136941432953 35
1756350041509 0.2790340781211853 36
1756350041599 0.28047409653663635 37
1756350041688 0.27141959716876346 38
1756350041777 0.29752055803934735 39
1756350041865 0.27701111137866974 40
1756350041954 0.2816787858804067 41
1756350042043 0.2547675718863805 42
1756350042132 0.258873683710893 43
1756350042221 0.24920489390691122 44
1756350042310 0.24357481052478155 45
1756350042400 0.23399865378936133 46
1756350042488 0.23863728096087775 47
1756350042577 0.23895187179247537 48
1756350042666 0.24051512777805328 49
1756350042755 0.2419254034757614 50
1756350042844 0.23419307669003805 51
1756350042933 0.22369559854269028 52
1756350043023 0.23395873854557672 53
1756350043112 0.22336754202842712 54
1756350043201 0.21906055261691412 55
1756350043290 0.21978702147801718 56
1756350043378 0.21575039128462473 57
1756350043468 0.217436616619428 58
1756350043557 0.20942593862613043 59
1756350043647 0.2016642540693283 60
1756350043736 0.2132693553964297 61
1756350043826 0.1971591462691625 62
1756350043916 0.200480783979098 63
1756350044005 0.20142379899819693 64
1756350044095 0.20914250115553537 65
1756350044184 0.19811725368102392 66
1756350044273 0.20273768653472266 67
1756350044362 0.20040606955687204 68
1756350044452 0.21973204612731934 69
1756350044541 0.22465460747480392 70
1756350044630 0.23209848254919052 71
1756350044720 0.22160560389359793 72
1756350044809 0.21427187571922937 73
1756350044899 0.19885852684577307 74
1756350044989 0.1969441001613935 75
1756350045078 0.1971051370104154 76
1756350045168 0.20116026699543 77
1756350045258 0.18539835264285406 78
1756350045348 0.19852948437134424 79
1756350045438 0.17941499749819437 80
1756350045527 0.17378032952547073 81
1756350045617 0.1740233451128006 82
1756350045707 0.1760174756248792 83
1756350045797 0.1775731792052587 84
1756350045887 0.16768656919399896 85
1756350045978 0.1642612169186274 86
1756350046069 0.16784529636303583 87
1756350046158 0.17039992908636728 88
1756350046248 0.1684497818350792 89
1756350046338 0.17524922142426172 90
1756350046428 0.1680282255013784 91
1756350046518 0.15926859031120935 92
1756350046609 0.1540354068080584 93
1756350046699 0.16242293765147528 94
1756350046789 0.16514179855585098 95
1756350046880 0.16620448480049768 96
1756350046972 0.17386015007893244 97
1756350047063 0.16450265298287073 98
1756350066882 0.8907089337058689 1
1756350066975 0.898243054099705 2
1756350067066 0.9847813974256101 3
1756350067157 0.8741838854292164 4
1756350067248 0.7746096123819766 5
1756350067338 0.6136714816093445 6
1756350067429 0.6083527129629384 7
1756350067520 0.5557275466296984 8
1756350067610 0.5731674069943635 9
1756350067701 0.5279608485491379 10
1756350067793 0.49643970054128894 11
1756350067883 0.44253490152566327 12
1756350067975 0.41931992250940076 13
1756350068066 0.4145540776460067 14
1756350068157 0.43738315934720245 15
1756350068499 0.40850364773169806 16
1756350068591 0.4141344181869341 17
1756350068683 0.36536900634350983 18
1756350068775 0.34291126157926477 19
1756350068867 0.3261484594448753 20
1756350068959 0.33518847563992377 21
1756350069053 0.3352807669535927 22
1756350069145 0.3693713027497996 23
1756350069237 0.3422914341739986 24
1756350069331 0.34153810013895447 25
1756350069423 0.3201873522737752 26
1756350069515 0.34738782955252606 27
1756350069607 0.34872053887533105 28
1756350069699 0.332455830729526 29
1756350069791 0.3137408715227376 30
1756350069883 0.31138991920844367 31
1756350069975 0.2730597374231919 32
1756350070068 0.2936341652403707 33
1756350070160 0.26493159584377124 34
1756350070252 0.2657830028430275 35
1756350070344 0.287578289275584 36
1756350070437 0.27112064154251764 37
1756350070529 0.2600631305704946 38
1756350070621 0.26215584511342255 39
1756350070714 0.27617298844067945 40
1756350070807 0.2674895350051963 41
1756350070899 0.2698972516733667 42
1756350070992 0.2546171837526819 43
1756350071085 0.25366753145404486 44
1756350071177 0.23966358602046967 45
1756350071269 0.23279295472995096 46
1756350071361 0.24570376199224722 47
1756350071454 0.2996577445579612 48
1756350071546 0.2789515062518742 49
1756350071638 0.23159465647262076 50
1756350071731 0.2447626091863798 51
1756350071823 0.2156197525884794 52
1756350071917 0.24807930381401724 53
1756350072010 0.22764393622460571 54
1756350072102 0.2353595346212387 55
1756350072195 0.2400629857312078 56
1756350072287 0.23447688377421835 57
1756350072380 0.21719950178395148 58
1756350072473 0.22329018880491672 59
1756350072565 0.2207191210726033 60
1756350072658 0.22338198708451312 61
1756350072751 0.18827368578185205 62
1756350072844 0.21310094970723856 63
1756350072936 0.21075530868509543 64
1756350073029 0.21953859795694766 65
1756350073122 0.21621085962523584 66
1756350073215 0.2079640419586845 67
1756350073308 0.1950316448574481 68
1756350073400 0.22186910263870074 69
1756350073493 0.19814227456631867 70
1756350073586 0.2090248096248378 71
1756350073679 0.20424387118090753 72
1756350073773 0.1779238128143808 73
1756350073866 0.1885521062042402 74
1756350073959 0.1845818932937539 75
1756350074052 0.19890188587748486 76
1756350074145 0.16770258092361948 77
1756350074239 0.1918327166982319 78
1756350074331 0.2032219463068506 79
1756350074424 0.18782381842965665 80
1756350074517 0.1867387171672738 81
1756350074611 0.17141242195730624 82
1756350074705 0.1715680888813475 83
1756350074799 0.16435665669648544 84
1756350074892 0.17060059827306998 85
1756350074985 0.16839663004097732 86
1756350075078 0.1901599855526634 87
1756350075171 0.1694728631688201 88
1756350075265 0.1598045333572056 89
1756350075358 0.17135762779609018 90
1756350075452 0.1541026701097903 91
1756350075546 0.16923849705768668 92
1756350075639 0.15969024987324423 93
1756350075732 0.15822387000788812 94
1756350075826 0.1685246300438176 95
1756350075920 0.15742800838273505 96
1756350076014 0.15171258313500363 97
1756350076107 0.1494821656657302 98
1756350076201 0.15164897817632425 99
1756350076295 0.15209725823091425 100
1756350076388 0.1453716142669968 101
1756350076482 0.13489980866079745 102
1756350182325 0.9996083793432816 1
1756350182433 0.8781862284826196 2
1756350182535 0.9825112301370372 3
1756350182637 0.8426392285720162 4
1756350182762 0.6540894067805746 5
1756350182865 0.6232704908951469 6
1756350182968 0.5356389621029729 7
1756350183071 0.5103389983591826 8
1756350183174 0.5047946429770925 9
1756350183276 0.49736087218574854 10
1756350183379 0.4668608968672545 11
1756350183482 0.45584365336791327 12
1756350183597 0.4553809023421744 13
1756350183700 0.40515035131703253 14
1756350183803 0.4055763508962548 15
1756350183905 0.3861434472643811 16
1756350184009 0.3521808813447538 17
1756350184111 0.3505027216413747 18
1756350184215 0.37765537526296533 19
1756350184318 0.3496344063592994 20
1756350184421 0.3429643796837848 21
1756350184532 0.31487071643704956 22
1756350184634 0.3218850370334542 23
1756350184737 0.30606126137401746 24
1756350184843 0.31220353491928265 25
1756350184947 0.3103565223838972 26
1756350185050 0.29151341578234796 27
1756350185153 0.27359021876169287 28
1756350185256 0.27564861009950226 29
1756350185359 0.28702657313450525 30
1756350185463 0.28082231464593305 31
1756350185566 0.30369190029476 32
1756350185669 0.32639885531819385 33
1756350185772 0.40986794233322144 34
1756350185877 0.3091959499794504 35
1756350185980 0.30086632202500885 36
1756350186084 0.2919510408588078 37
1756350186188 0.2808830453001935 38
1756350186291 0.2773474260516789 39
1756350186395 0.2630511619474577 40
1756350186498 0.2835635931595512 41
1756350186601 0.27850359289542487 42
1756350186704 0.27794933124728827 43
1756350186807 0.26135774151138635 44
1756350186911 0.2510072815677394 45
1756350187021 0.27808628587619116 46
1756350187125 0.31369482499101886 47
1756350187228 0.28690061556256335 48
1756350187331 0.2531110061251599 49
1756350187434 0.2451508738424467 50
1756350187837 0.2482568155164304 51
1756350187941 0.2285102119912272 52
1756350188046 0.22639476734658945 53
1756350188150 0.21025856487129047 54
1756350188254 0.2012152082246283 55
1756350188358 0.21369155463965042 56
1756350188462 0.20942625921705496 57
1756350188566 0.22218968103761258 58
1756350188685 0.23708462715148926 59
1756350188790 0.1919923865276834 60
1756350188895 0.19174143607201782 61
1756350188999 0.20916831234227057 62
1756350189103 0.21519366425016653 63
1756350189208 0.20942038297653198 64
1756350189312 0.19889846962431204 65
1756350189418 0.1891875992650571 66
1756350189523 0.17778658931669983 67
1756350189627 0.17959765053313712 68
1756350189732 0.19816667878109476 69
1756350189837 0.17856802370237268 70
1756350189942 0.19475111624468927 71
1756350190047 0.18659810657086578 72
1756350190152 0.20466125011444092 73
1756350190256 0.18280146627322488 74
1756350190361 0.19180171321267667 75
1756350190474 0.18560790108597797 76
1756350190580 0.18466279461331989 77
1756350190684 0.2014765169309533 78
1756350190789 0.1859759526408237 79
1756350190894 0.1757969143597976 80
1756350190998 0.16008522588273752 81
1756350191103 0.15626896464306375 82
1756350191207 0.1638185854839242 83
1756350191312 0.1572864813649136 84
1756350203868 0.986783196096835 1
1756350203974 0.7812962298807891 2
1756350204078 0.8535970656768136 3
1756350204182 0.8114516087200331 4
1756350204286 0.7811291114143704 5
1756350204390 0.6380760358727496 6
1756350204495 0.5403537413348323 7
1756350204600 0.5030930314375006 8
1756350204705 0.5012201368808746 9
1756350204810 0.49372144108233246 10
1756350204914 0.42789810248043225 11
1756350205019 0.4284511545430059 12
1756350205124 0.4461599160795626 13
1756350205229 0.41560639764951623 14
1756350205334 0.4842333664064822 15
1756350205439 0.4136758641056392 16
1756350205544 0.4141368995542112 17
1756350205649 0.3969439384729966 18
1756350205754 0.42543227128360583 19
1756350205859 0.38434362281923706 20
1756350205964 0.38531836219455884 21
1756350206070 0.3287810346354609 22
1756350206176 0.32744073284708936 23
1756350206281 0.29704233680082404 24
1756350206387 0.3047827482223511 25
1756350206494 0.2872977833385053 26
1756350206600 0.30205667407616327 27
1756350206705 0.2904090123332065 28
1756350206811 0.27642571472603344 29
1756350206916 0.27277454474697943 30
1756350207022 0.2669432772242505 31
1756350207128 0.24773864901584128 32
1756350207234 0.24680029762827832 33
1756350207339 0.23712320820144986 34
1756350207445 0.24361186960469122 35
1756350207550 0.2363084561151007 36
1756350207656 0.2398576056179793 37
1756350207762 0.24501821269159732 38
1756350207867 0.2462973205939583 39
1756350207973 0.23570766656295114 40
1756350208079 0.2778210989806963 41
1756350208186 0.2829309235448423 42
1756350208292 0.2575216280377429 43
1756350208398 0.24333951136340265 44
1756350208505 0.21776847282181616 45
1756350208612 0.2342585318762323 46
1756350208718 0.27453977970973303 47
1756350208824 0.2758623290321101 48
1756350208931 0.2722417666860249 49
1756350209037 0.23223205234693445 50
1756350209144 0.21521575684132782 51
1756350209251 0.20060741707034732 52
1756350209358 0.19107037588306094 53
1756350209708 0.18873954013637875 54
1756350209816 0.19647741836050284 55
1756350209923 0.18283243542132172 56
1756350210031 0.18349455491356229 57
1756350210139 0.1963303030832954 58
1756350210246 0.22117954946082571 59
1756350210353 0.16805103097272955 60
1756350210460 0.18480524777070337 61
1756350210567 0.20589410092519678 62
1756350322216 0.9615413702052572 1
1756350322336 0.8816846842351167 2
1756350322453 0.8012379356052565 3
1756350322569 0.7505026330118594 4
1756350322686 0.6584413155265476 5
1756350322803 0.7113682368527288 6
1756350322920 0.5951777903930001 7
1756350323037 0.5447788977104685 8
1756350323154 0.5199558540530826 9
1756350323272 0.5058412020621093 10
1756350323389 0.46118807144787 11
1756350323506 0.4648038822671641 12
1756350323624 0.47805308129476465 13
1756350323741 0.4001972429130388 14
1756350323859 0.3894449912983438 15
1756350323976 0.4156900825707809 16
1756350324094 0.4214201388151749 17
1756350324211 0.40014543870221014 18
1756350324329 0.3954630364542422 19
1756350324446 0.3876535335312719 20
1756350324563 0.39355124468388764 21
1756350324681 0.380799677060998 22
1756350324799 0.3776070527408434 23
1756350324916 0.34964996835459833 24
1756350325034 0.3573479140582292 25
1756350325154 0.4083045552606168 26
1756350325272 0.41081951623377594 27
1756350325389 0.3388568849667259 28
1756350325508 0.326676554006079 29
1756350325626 0.3243512018867161 30
1756350325744 0.34305288610251056 31
1756350325862 0.3221072554588318 32
1756350325979 0.2956386273321898 33
1756350326097 0.2921755359224651 34
1756350326215 0.2853080487769583 35
1756350326333 0.3153355536253556 36
1756350326450 0.2959069849356361 37
1756350326568 0.26108726535154425 38
1756350326686 0.26827854565952136 39
1756350326803 0.24652319304321124 40
1756350326921 0.2565740502398947 41
1756350327039 0.261505113347717 42
1756350327158 0.2844566242850345 43
1756350327275 0.2573984219976094 44
1756350327394 0.23467019070749698 45
1756350327512 0.23519859689733255 46
1756350327630 0.2342058698768201 47
1756350327747 0.23537977428539938 48
1756350327865 0.2651111295689707 49
1756350327984 0.22985559701919556 50
1756350328102 0.22365117267422055 51
1756350328220 0.22850590685139532 52
1756350328338 0.23596816477568253 53
1756350328456 0.23181772685569266 54
1756350328574 0.2478344148915747 55
1756350328693 0.22164885440598364 56
1756350328812 0.2511617295120073 57
1756350328930 0.26389561334381934 58
1756350329049 0.22657353657743204 59
1756350329168 0.21673816636852597 60
1756350329539 0.18467276122259058 61
1756350329658 0.20756208378335703 62
1756350329777 0.197720089684362 63
1756350329896 0.21120697583841241 64
1756350330016 0.18422471893870312 65
1756350330134 0.20635350242904996 66
1756350330253 0.2142375973255738 67
1756350330373 0.20808887999990713 68
1756350330492 0.18477746973867 69
1756350330611 0.18695090516753818 70
1756350330730 0.1931135505437851 71
1756350330849 0.19477670996085458 72
1756350330968 0.17945599361606265 73
1756350331088 0.1891831619584042 74
1756350331208 0.17582336165334866 75
1756350331328 0.18513414587663568 76
1756350331447 0.17146668874699136 77
1756350331567 0.1936875607656396 78
1756350331687 0.17343351180138794 79
1756350331807 0.16382476363493048 80
1756350331927 0.1725031869566959 81
1756350332047 0.1858579043460929 82
1756350332166 0.20334176330462747 83
1756350332286 0.21480919226356174 84
1756350332407 0.19768394853757776 85
1756350332526 0.18643988798493924 86
1756350332646 0.1839444287445234 87
1756350332766 0.18372278304203696 88
1756350332885 0.16655468681584235 89
1756350333005 0.17291074084198993 90
1756350333125 0.16197299568549448 91
1756350333245 0.16994146225245102 92
1756350333365 0.1564557416283566 93
1756350333486 0.15352320347143256 94
1756350333606 0.1632061098580775 95
1756350333726 0.16478482990161233 96
1756350333846 0.15808364522197974 97
1756350333967 0.1607912633082141 98
1756350450866 0.9745304092116978 1
1756350450996 0.9494057712347611 2
1756350451123 0.8182593143504598 3
1756350451250 0.771144361599632 4
1756350451376 0.6275339826293613 5
1756350451503 0.6312051117420197 6
1756350451629 0.6164178472498189 7
1756350451755 0.5196491829727007 8
1756350451881 0.4701387778572414 9
1756350452008 0.4861149813817895 10
1756350452134 0.4904485591079878 11
1756350452261 0.4743138461009316 12
1756350452388 0.43871913915095123 13
1756350452514 0.45858693511589715 14
1756350452641 0.4576347807179327 15
1756350452769 0.43696913252706115 16
1756350452896 0.44662207235460694 17
1756350453022 0.4345329753730608 18
1756350453149 0.42855409046877985 19
1756350453277 0.43064132462377136 20
1756350453404 0.41350508772808575 21
1756350453531 0.37745122417159704 22
1756350453658 0.3870966408563697 23
1756350453786 0.366328882134479 24
1756350453914 0.36173934392307117 25
1756350454041 0.3550936281681061 26
1756350454168 0.3761313816775446 27
1756350454295 0.36612787194873975 28
1756350454423 0.3386398087377134 29
1756350454816 0.3638991434936938 30
1756350454944 0.3570044248000435 31
1756350455073 0.32258354321770044 32
1756350455200 0.3167925321537515 33
1756350455327 0.3351434287817582 34
1756350455454 0.3365833253964134 35
1756350455582 0.3401036275469739 36
1756350455709 0.309884456836659 37
1756350455836 0.3067908092685368 38
1756350455964 0.2966602217891942 39
1756350456092 0.3194686342840609 40
1756350456220 0.2650242557992106 41
1756350456349 0.265223424071851 42
1756350456477 0.2654343253892401 43
1756350456604 0.26390108660511347 44
1756350456732 0.2309974464385406 45
1756350456859 0.23008932497190393 46
1756350456987 0.24001312774160635 47
1756350457115 0.24386404713858728 48
1756350457242 0.23357847073803778 49
1756350457370 0.23563027511472287 50
1756350457498 0.24389883098394974 51
1756350457626 0.21296673559624216 52
1756350457754 0.2042385961698449 53
1756350457883 0.22544609269370203 54
1756350458011 0.21439386191575424 55
1756350458139 0.20445984861125116 56
1756350458267 0.2122308637784875 57
1756350458395 0.20783095968806226 58
1756350458523 0.20225286516158478 59
1756350458651 0.18796320648297019 60
1756350458780 0.18780854020429694 61
1756350458909 0.23207156036211096 62
1756350459037 0.20280099174250726 63
1756350459167 0.18746134379635687 64
1756350459295 0.1772841979628024 65
1756350459424 0.1851726083651833 66
1756350459552 0.1955115425845851 67
1756350459681 0.1827662917582885 68
1756350459810 0.17907220384348993 69
1756350459939 0.18196037994778674 70
1756350460070 0.19565057884091916 71
1756350460200 0.21580926037353018 72
1756350460329 0.19723222793444342 73
1756350460460 0.19210839854634326 74
1756350460589 0.2024062638697417 75
1756350460718 0.18133097498313241 76
1756350460847 0.1696679553259974 77
1756350460976 0.16448985396519952 78
1756350461106 0.1558700246007546 79
1756350479153 0.9618686800417693 1
1756350479287 0.8244162797927856 2
1756350479415 0.8246232841325842 3
1756350479543 0.839754985726398 4
1756350479671 0.6809121240740237 5
1756350479800 0.7335724843584973 6
1756350479928 0.7099873268085978 7
1756350480058 0.6163982178853906 8
1756350480187 0.5671000545439513 9
1756350480316 0.5409592390060425 10
1756350480446 0.5669567895972211 11
1756350480575 0.4910571769527767 12
1756350480706 0.4946624843970589 13
1756350480844 0.4742912805598715 14
1756350481246 0.48979757272678875 15
1756350481377 0.47807967274085333 16
1756350481507 0.48796437356782996 17
1756350481640 0.49823667821676837 18
1756350481769 0.454314728146014 19
1756350481898 0.4951773972614952 20
1756350482029 0.4154321149639461 21
1756350482159 0.4020915640437085 22
1756350482288 0.426831409983013 23
1756350482417 0.43466226303059124 24
1756350482549 0.47682572447735333 25
1756350482678 0.4125015010004458 26
1756350482809 0.39119300894115283 27
1756350482939 0.3945518900518832 28
1756350483069 0.38119829478471173 29
1756350483198 0.3648269746614539 30
1756350483330 0.37782317529553955 31
1756350483462 0.3742786127588023 32
1756350483592 0.39392643389494525 33
1756350483722 0.3541471400986547 34
1756350483851 0.365030806997548 35
1756350483981 0.3532835867093957 36
1756350484112 0.3506762579731319 37
1756350484244 0.3413872446702874 38
1756350484375 0.35687950253486633 39
1756350484505 0.3596702243970788 40
1756350484635 0.36213554377141205 41
1756350484765 0.35187162264533667 42
1756350484896 0.31941252298977063 43
1756350485027 0.33072582016820495 44
1756350485159 0.3737299545951512 45
1756350485289 0.34145550365033356 46
1756350485420 0.32213188124739606 47
1756350485550 0.3222774591134942 48
1756350485681 0.3440734368303548 49
1756350485811 0.31442454846008966 50
1756350485942 0.2928868927385496 51
1756350486073 0.31561105147652 52
1756350486203 0.3282513799874679 53
1756350486334 0.32330977139265643 54
1756350486464 0.3084646495787994 55
1756350486596 0.29219458867674286 56
1756350486727 0.2858914570963901 57
1756350486857 0.29423177436642023 58
1756350486988 0.2776571078144986 59
1756350487118 0.2734999125418456 60
1756350487249 0.283648277754369 61
1756350487379 0.30077002424260846 62
1756350487510 0.309498927515486 63
1756350487641 0.2945479724718177 64
1756350487772 0.2766747234956078 65
1756350487903 0.2716030724670576 66
1756350488034 0.2719679785811383 67
1756350488164 0.26600804860177246 68
1756350488295 0.26325520289980847 69
1756350488425 0.25751500738703686 70
1756350488556 0.2817310088354608 71
1756350488687 0.28852372908073926 72
1756350488818 0.27309207164722943 73
1756350488949 0.2549118600461794 74
1756350489079 0.2559839694396309 75
1756350489211 0.2404829082281693 76
1756350489342 0.26370929246363434 77
1756350489473 0.25653522040532983 78
1756350489605 0.2464153151149335 79
1756350489735 0.24100834196028503 80
1756350489867 0.2497810643652211 81
1756350489998 0.22581911994063336 82
1756350490129 0.2587794745745866 83
1756350490261 0.2577178296835526 84
1756350490393 0.23253702404706375 85
1756350490524 0.2224837567495263 86
1756350490655 0.23353324960107388 87
1756350490787 0.21815376761166946 88
1756350490918 0.2344332700190337 89
1756350491049 0.2136960049038348 90
1756350491345 0.22655085830584817 91
1756350491477 0.21759866761124652 92
1756350622056 0.9851920112319614 1
1756350622202 0.9985992312431335 2
1756350622344 0.8248472576555999 3
1756350622486 0.7916929747747339 4
1756350622628 0.748963449312293 5
1756350622769 0.8001953959465027 6
1756350622911 0.654052444126295 7
1756350623053 0.6566288574882175 8
1756350623195 0.6553271283274111 9
1756350623337 0.597104628448901 10
1756350623480 0.5734506910261901 11
1756350623623 0.5369364709957786 12
1756350623766 0.5393619239330292 13
1756350623908 0.5311966616174449 14
1756350624051 0.5507720695889514 15
1756350624194 0.5188527068366175 16
1756350624337 0.4797385723694511 17
1756350624481 0.47954363926597265 18
1756350624624 0.46337449161902716 19
1756350625015 0.4372193113617275 20
1756350625159 0.4534829194131105 21
1756350625303 0.5078298605006674 22
1756350625449 0.45522508932196576 23
1756350625593 0.44472923097403155 24
1756350625737 0.45609460447145544 25
1756350625881 0.4167802061723626 26
1756350626024 0.41016743364541425 27
1756350626168 0.43277817446252576 28
1756350626311 0.43731023565582605 29
1756350626455 0.4076976529929949 30
1756350626599 0.4007093582464301 31
1756350626743 0.40706541875134344 32
1756350626888 0.41580860899842303 33
1756350627032 0.3856270352135534 34
1756350627177 0.3670252691144529 35
1756350627321 0.4073760677938876 36
1756350627465 0.37932449320088263 37
1756350627609 0.3575782814751501 38
1756350627752 0.35248537426409515 39
1756350627896 0.350797396639119 40
1756350628039 0.34663886868435406 41
1756350628183 0.3767220377922058 42
1756350628326 0.3480339024377906 43
1756350628470 0.36609480044116144 44
1756350628613 0.38841120833935944 45
1756350628757 0.3636927455663681 46
1756350628901 0.33076392049374786 47
1756350629045 0.38791817556256836 48
1756350629189 0.3738705140093099 49
1756350629333 0.33206552202286926 50
1756350629478 0.3506751967513043 51
1756350629622 0.34634440878163214 52
1756350629766 0.3321174733016802 53
1756350630064 0.3304191413133041 54
1756350630209 0.3388066045615984 55
1756350630353 0.31463424796643463 56
1756350630497 0.3306862426840741 57
1756350630642 0.3082765975724096 58
1756350630787 0.3032895177602768 59
1756350630931 0.28204968053361645 60
1756350631076 0.2741269942211068 61
1756350631220 0.2753444793431655 62
1756350631364 0.29520100225573 63
1756350631509 0.30224990715151245 64
1756350631653 0.2868379153635191 65
1756350631797 0.2912612680507743 66
1756350631942 0.2849023653113324 67
1756350632087 0.27587209123632184 68
1756350632231 0.30090349394342175 69
1756350632378 0.2867066095704618 70
1756350632522 0.27179295731627423 71
1756350632667 0.2762024013892464 72
1756350632812 0.2775645780822505 73
1756350632957 0.2548127064238424 74
1756350633101 0.27590103512224945 75
1756350633245 0.2642811867205993 76
1756350633390 0.28732530578323034 77
1756350633534 0.31855089832907135 78
1756350633679 0.2579809265292209 79
1756350633822 0.24935355976871823 80
1756350633967 0.24943604028743246 81
1756350634111 0.2314431071281433 82
1756350634255 0.23976520870042883 83
1756350634579 0.24428346688332764 84
1756350634724 0.23573803901672363 85
1756350634870 0.2476368300292803 86
1756350635016 0.23663764349792316 87
1756350635162 0.24016702628653983 88
1756350635308 0.22466175906036212 89
1756350635453 0.2350351447644441 90
1756350635598 0.22328417327093042 91
1756350794567 0.9918566138848014 1
1756350794990 0.90211697505868 2
1756350795148 0.8297227983889373 3
1756350795306 0.7206707000732422 4
1756350795464 0.7934114855268727 5
1756350795622 0.7563475448152294 6
1756350795781 0.6508474971937097 7
1756350795939 0.6105369964371556 8
1756350796096 0.5836662805598715 9
1756350796253 0.5618537172027256 10
1756350796411 0.5478898066541423 11
1756350796569 0.6147231835386028 12
1756350796726 0.5507365115310835 13
1756350796883 0.5458489164062168 14
1756350797043 0.5092381796111232 15
1756350797201 0.5198975775552832 16
1756350797360 0.4582229101139566 17
1756350797518 0.4514269232749939 18
1756350797675 0.5511434777923252 19
1756350797834 0.5421993900900302 20
1756350797991 0.5204796946567037 21
1756350798310 0.5097214048323424 22
1756350798468 0.4866256065990614 23
1756350798626 0.47316316677176434 24
1756350798783 0.4699796956518422 25
1756350798941 0.4637182354927063 26
1756350799099 0.5392984035222427 27
1756350799257 0.5404394346734752 28
1756350799415 0.5003725653109343 29
1756350799574 0.49251679881759314 30
1756350799733 0.4792319523251575 31
1756350799892 0.4408265429994334 32
1756350800051 0.4065595139627871 33
1756350800208 0.40977646086526953 34
1756350800367 0.4336940477723661 35
1756350800525 0.42618027329444885 36
1756350800684 0.4401084936183432 37
1756350800842 0.4226899082246034 38
1756350801002 0.41644180987192236 39
1756350801160 0.4338644159876782 40
1756350801320 0.421666848918666 41
1756350801479 0.4537755497123884 42
1756350801637 0.4281385981518289 43
1756350801796 0.42626191870025965 44
1756350801953 0.37438417906346527 45
1756350802112 0.37310919295186584 46
1756350802271 0.36509772487308667 47
1756350802430 0.3305568604365639 48
1756350802588 0.3364820285983708 49
1756350802907 0.3499584444191145 50
1756350803066 0.3632938537908637 51
1756350803225 0.34256588505662006 52
1756350803384 0.3451270538827647 53
1756350803544 0.33634647662224976 54
1756350803703 0.3381243594314741 55
1756350803862 0.3133314731328384 56
1756350804020 0.3238893047623012 57
1756350804179 0.32841936531274213 58
1756350804338 0.3133024132770041 59
1756350804497 0.30119291142277094 60
1756350804655 0.3080786337023196 61
1756350804814 0.30831279443657916 62
1756350804973 0.31005295981531555 63
1756350805133 0.30146387737730274 64
1756350805291 0.291791175370631 65
1756350805451 0.29715599443601526 66
1756350805609 0.30355410342631134 67
1756350805769 0.2833777219057083 68
1756350805928 0.29660261973090796 69
1756350806086 0.2716634072687315 70
1756350806245 0.2709228888801906 71
1756350806404 0.2779780509679214 72
1756350806564 0.25264542387879413 73
1756350806881 0.2692838298237842 74
1756350807040 0.23744838781978772 75
1756350807199 0.2626855114231939 76
1756350807358 0.27236527593239496 77
1756350807518 0.269525483250618 78
1756350807677 0.28269133684427844 79
1756350807836 0.27921912786753283 80
1756350807995 0.2426263391971588 81
1756350808154 0.25253020421318384 82
1756350808312 0.24427959711655325 83
1756350808472 0.23866454025973444 84
1756350808632 0.23895553791004678 85
1756350808792 0.22693724995074066 86
1756350808951 0.2373655334762905 87
1756350809111 0.23825544831545456 88
1756350809270 0.22802979661070782 89
1756350809429 0.21740373969078064 90
1756350809588 0.23136298941529315 91
1756350809747 0.20520048815271127 92
1756350809906 0.19996982942456784 93
1756350810251 0.21218601581843002 94
1756350810410 0.20924787871215655 95
1756350810569 0.20703537632589755 96
1756350810728 0.2062557948672253 97
1756350810888 0.2066686652276827 98
1756350811046 0.19404656213262808 99
1756350811205 0.19230955515218817 100
1756350811367 0.19325554241304813 101
1756350811527 0.1905393555112507 102
1756350811686 0.19238608362882034 103
1756350811846 0.20106800937134287 104
1756350812005 0.18331013295961462 105
1756350812165 0.1823021225307299 106
1756350812325 0.17606681714887204 107
1756350812484 0.20532597212687784 108
1756350812645 0.21737420494141785 109
1756350812805 0.19498685196689938 110
1756350812964 0.17484268351741458 111
1756350813125 0.16998057294151056 112
1756350813285 0.18396424534528152 113
1756350813625 0.17854005033555237 114
1756350824689 0.8998827536900839 1
1756350824851 0.8859375268220901 2
1756350825011 0.8905317584673563 3
1756350825190 0.7762917379538218 4
1756350825351 0.6882053862015406 5
1756350825512 0.6306407998005549 6
1756350825674 0.6773942758639654 7
1756350825835 0.5914071177442869 8
1756350825997 0.5737228269378344 9
1756350826162 0.5888065745433172 10
1756350826324 0.5352177197734515 11
1756350826485 0.5020326947172483 12
1756350826646 0.5131643687685331 13
1756350826807 0.504623256623745 14
1756350826969 0.5103169803818067 15
1756350827131 0.5001003742218018 16
1756350827293 0.48976647357145947 17
1756350827455 0.43192876627047855 18
1756350827617 0.4551558941602707 19
1756350827779 0.412112923959891 20
1756350827941 0.4252294550339381 21
1756350828367 0.42562367270390195 22
1756350828531 0.4116881340742111 23
1756350828693 0.41976526379585266 24
1756350828856 0.4549555554986 25
1756350829019 0.408160703877608 26
1756350829181 0.4063366875052452 27
1756350829343 0.39883710195620853 28
1756350829505 0.4229805072148641 29
1756350829666 0.393443522353967 30
1756350829828 0.371878815193971 31
1756350829991 0.3566310952107112 32
1756350830154 0.3374918922781944 33
1756350830320 0.3693982611099879 34
1756350830483 0.3753478328386943 35
1756350830645 0.3688300997018814 36
1756350830806 0.38728420188029605 37
1756350830969 0.39072173088788986 38
1756350831131 0.331915778418382 39
1756350831294 0.34832813590765 40
1756350831456 0.35727545122305554 41
1756350831780 0.33547308295965195 42
1756350831949 0.31738590200742084 43
1756350832113 0.32630871484677 44
1756350832276 0.3358854427933693 45
1756350832445 0.30429137498140335 46
1756350832608 0.27678124854962033 47
1756350832770 0.2773236259818077 48
1756350832933 0.2823323607444763 49
1756350833094 0.3011718802154064 50
1756350833255 0.2965768525997798 51
1756350833417 0.29536012932658195 52
1756350833579 0.2924184625347455 53
1756350833743 0.28309469297528267 54
1756350833904 0.2816683277487755 55
1756350834067 0.26087352509299916 56
1756350834229 0.2888648447891076 57
1756350834392 0.2818162217736244 58
1756350834553 0.31439883386095363 59
1756350834716 0.3127867306272189 60
1756350834879 0.2779375799000263 61
1756350835042 0.2813443827132384 62
1756350835204 0.27895838146408397 63
1756350835368 0.31485117475191754 64
1756350835531 0.29396193598707515 65
1756350835693 0.28121809164683026 66
1756350835856 0.2774831751982371 67
1756350836019 0.26681215564409894 68
1756350836181 0.27650703738133114 69
1756350836526 0.2942146634062131 70
1756350836689 0.28817080209652585 71
1756350836853 0.25015416989723843 72
1756350837016 0.23741759980718294 73
1756350837180 0.23866190140446028 74
1756350837343 0.25960535928606987 75
1756350837506 0.24558831999699274 76
1756350837668 0.24949191510677338 77
1756350837832 0.25322208056847256 78
1756350837995 0.2441011779010296 79
1756350838172 0.23282166322072348 80
1756350838335 0.2363492175936699 81
1756350838501 0.23929251482089361 82
1756350838665 0.22685149187843004 83
1756350838829 0.22281620899836221 84
1756350838993 0.22343897446990013 85
1756350839156 0.2426553356150786 86
1756350839319 0.2337418831884861 87
1756350839483 0.22778884942332903 88
1756350839646 0.2544125032921632 89
1756350839810 0.235453632970651 90
1756350839974 0.22128478437662125 91
1756350840139 0.22307655091087022 92
1756350840303 0.20626592511932054 93
1756350840649 0.20785387481252351 94
1756350840813 0.2202680247525374 95
1756350840977 0.20827074100573859 96
1756350841143 0.1934011441965898 97
1756350841307 0.20993118608991304 98
1756350841471 0.21938849737246832 99
1756350863845 1.1391148722690085 1
1756350864011 0.9852506414703701 2
1756350864174 0.9352684124656345 3
1756350864338 0.7839242219924927 4
1756350864501 0.7494310477505559 5
1756350864666 0.652013150246247 6
1756350864829 0.67473322800968 7
1756350864992 0.6110792496929998 8
1756350865155 0.6275485494862432 9
1756350865319 0.5640311215234839 10
1756350865483 0.6612316875354104 11
1756350865647 0.6021031866902891 12
1756350865810 0.5407305929971777 13
1756350866223 0.534137241218401 14
1756350866387 0.5548658617164778 15
1756350866554 0.5898439093776371 16
1756350866719 0.5122577366621598 17
1756350866883 0.5521792147470557 18
1756350867047 0.5181373513263204 19
1756350867211 0.5172321744587111 20
1756350867376 0.4902715475662895 21
1756350867542 0.4764310950818269 22
1756350867708 0.4923084183879521 23
1756350867874 0.4789344629515772 24
1756350868037 0.4576373683369678 25
1756350868201 0.5231951501058496 26
1756350868365 0.45108452698458795 27
1756350868530 0.5384535957937655 28
1756350868694 0.48074112379032635 29
1756350868859 0.4499056481796762 30
1756350869024 0.42148908843164856 31
1756350869188 0.42160111017849133 32
1756350869355 0.4149868293948796 33
1756350869698 0.3986092754032301 34
1756350869863 0.3915249446164007 35
1756350870028 0.41185542941093445 36
1756350870192 0.40731760341188183 37
1756350870356 0.3834759437519571 38
1756350870520 0.39634230992068414 39
1756350870685 0.39442674362141156 40
1756350870850 0.36014775737472204 41
1756350871015 0.35253295043240424 42
1756350871181 0.33440797419651697 43
1756350871345 0.3568747561910878 44
1756350871510 0.3606362485367319 45
1756350871675 0.3227451327054397 46
1756350871840 0.3147636328054511 47
1756350872005 0.3387899152610613 48
1756350872170 0.32970584345900494 49
1756350872335 0.31346396000488946 50
1756350872500 0.31575392121854035 51
1756350872666 0.32340990330861963 52
1756350872834 0.2868849019641462 53
1756350872999 0.28861433138018067 54
1756350873165 0.3410889525776324 55
1756350873334 0.3227368677439897 56
1756350873499 0.30555052342622174 57
1756350873670 0.3145347282938335 58
1756350873836 0.3133569754984068 59
1756350874001 0.29017233654208807 60
1756350874167 0.2919443495895552 61
1756350874513 0.3156708491885144 62
1756350874679 0.3185449657232865 63
1756350874844 0.285538867763851 64
1756350875009 0.25531325132950494 65
1756350875175 0.29311084682526795 66
1756350875363 0.2896609222111495 67
1756350875528 0.28843120777088666 68
1756350875692 0.2838738230259522 69
1756350875857 0.24805330452711685 70
1756350876022 0.2511562439410583 71
1756350876188 0.2751583217278771 72
1756350876366 0.2679412850867147 73
1756350876531 0.278352497064549 74
1756350876697 0.25620567280313244 75
1756350876861 0.2488223573435908 76
1756350877028 0.24701745484186255 77
1756350877193 0.23136062531367593 78
1756350877359 0.24335276173508685 79
1756350877526 0.24890579995901688 80
1756350877691 0.25485918120197626 81
1756350877857 0.23493396328843158 82
1756350878023 0.24168508661829907 83
1756350878190 0.2287162114744601 84
1756350878535 0.2151038873454799 85
1756350878701 0.25674331641715503 86
1756350878869 0.2280382585266362 87
1756350879035 0.2273750680944194 88
1756350879202 0.21429735033408456 89
1756350879369 0.21830281874407892 90
1756350879536 0.21712725123633508 91
1756350879701 0.22093720928482388 92
1756350879868 0.2320006295390751 93
1756350880034 0.20303777378538382 94
1756350880201 0.20808547735214233 95
1756350880368 0.2148417778637098 96
1756350880534 0.19724827194991318 97
1756350880700 0.21162105254504993 98
1756350880867 0.19177368348059448 99
1756350881034 0.20862292725106943 100
1756350881200 0.18970006250816843 101
1756350881368 0.19295843075151028 102
1756350881535 0.1994788918806159 103
1756350881703 0.19174229709998422 104
1756350881870 0.19895633601624033 105
1756350882200 0.20635984514070593 106
1756350882369 0.19463920463686404 107
1756350882537 0.19022103042706198 108
1756350882706 0.18863971531391144 109
1756350882874 0.1837807932625646 110
1756350883043 0.17674579179805258 111
1756350883212 0.18919749557971954 112
1756350883381 0.18530201976713928 113
1756350883549 0.17109367057033206 114
1756351017871 1.1044598023096721 1
1756351018050 1.1356254021326702 2
1756351018231 1.1459885636965434 3
1756351018412 1.1331822872161865 4
1756351018588 1.1571668982505798 5
1756351018766 0.939771980047226 6
1756351018944 0.9658205211162567 7
1756351019120 0.7859408259391785 8
1756351019298 0.7894164323806763 9
1756351019475 0.6477009554704031 10
1756351019653 0.6275007228056589 11
1756351019830 0.5980220139026642 12
1756351020269 0.5571104884147644 13
1756351020448 0.5213786462942759 14
1756351020626 0.4949728846549988 15
1756351020803 0.4898790121078491 16
1756351020980 0.448244904478391 17
1756351021158 0.447827676932017 18
1756351021335 0.4530726571877797 19
1756351021512 0.43636174003283185 20
1756351021689 0.49078331887722015 21
1756351021867 0.4672176241874695 22
1756351022047 0.4492744455734889 23
1756351022224 0.42348748942216236 24
1756351022402 0.39207065602143604 25
1756351022579 0.37802902857462567 26
1756351022755 0.3617498328288396 27
1756351022934 0.3654730021953583 28
1756351023274 0.3541897435983022 29
1756351023452 0.36933015286922455 30
1756351023630 0.3771449029445648 31
1756351023808 0.38495767613252 32
1756351023987 0.3661932001511256 33
1756351024165 0.35231360296408337 34
1756351024343 0.37204429507255554 35
1756351024521 0.3371272881825765 36
1756351024700 0.3247783084710439 37
1756351024877 0.33426979680856067 38
1756351025055 0.3078959931929906 39
1756351025233 0.30285224815209705 40
1756351025412 0.31327440838019055 41
1756351025589 0.28440038363138836 42
1756351025768 0.3199332853158315 43
1756351026110 0.3418374905983607 44
1756351026288 0.2864389593402545 45
1756351026467 0.3103097826242447 46
1756351026645 0.298002893726031 47
1756351026824 0.28568797558546066 48
1756351027001 0.2768866717815399 49
1756351027179 0.31927747279405594 50
1756351027357 0.34513721863428753 51
1756351027534 0.3179439703623454 52
1756351027713 0.3142383545637131 53
1756351027890 0.2714409604668617 54
1756351028067 0.25736459344625473 55
1756351028245 0.25193020701408386 56
1756351028425 0.23537962138652802 57
1756351028604 0.25299999862909317 58
1756351028784 0.24715091039737067 59
1756351029121 0.25763149559497833 60
1756351029300 0.2385514626900355 61
1756351029479 0.23298416783412298 62
1756351029659 0.22890695184469223 63
1756351029839 0.21466194838285446 64
1756351030019 0.21992291510105133 65
1756351030199 0.22859696547190347 66
1756351030378 0.2396959662437439 67
1756351030557 0.23495098451773325 68
1756351030736 0.23253910740216574 69
1756351030915 0.22780478994051614 70
1756351031095 0.23786869396766028 71
1756351031273 0.2173140769203504 72
1756351031451 0.21805894374847412 73
1756351031630 0.2261864890654882 74
1756351031963 0.2537635937333107 75
1756351032142 0.24914300193389258 76
1756351032322 0.24035167197386423 77
1756351032500 0.21910870323578516 78
1756351032680 0.21668236205975214 79
1756351032859 0.20197457820177078 80
1756351033038 0.22124656289815903 81
1756351033217 0.2062982569138209 82
1756351033396 0.19728165864944458 83
1756351033576 0.1957887684305509 84
1756351033756 0.20457549889882407 85
1756351033935 0.19472765177488327 86
1756351034114 0.20307529966036478 87
1756351034292 0.18240400403738022 88
1756351054366 1.0058627335921577 1
1756351054549 1.004987965459409 2
1756351054728 0.9529512861500615 3
1756351054908 0.9872612590375154 4
1756351055087 0.8564778203549592 5
1756351055268 0.7212434411048889 6
1756351055447 0.6288297837195189 7
1756351055627 0.5959005329919898 8
1756351055806 0.5954840921837351 9
1756351055985 0.6273277453754259 10
1756351056166 0.5120395344236622 11
1756351056345 0.5344955363999242 12
1756351056526 0.4926709480907606 13
1756351056706 0.503437314344489 14
1756351056887 0.4902463944061943 15
1756351057067 0.5002222734948863 16
1756351057497 0.46911589736523834 17
1756351057677 0.43552549118581024 18
1756351057858 0.4209145618521649 19
1756351058039 0.4205674179222273 20
1756351058220 0.4160795483900153 21
1756351058401 0.4056314217007678 22
1756351058582 0.41226818380148517 23
1756351058762 0.4186376514642135 24
1756351058943 0.3888671242672464 25
1756351059126 0.3732513085655544 26
1756351059306 0.37257519364356995 27
1756351059486 0.4091101288795471 28
1756351059666 0.38003243052441144 29
1756351059846 0.37014553080434387 30
1756351060025 0.37397038288738416 31
1756351060369 0.33933836351270263 32
1756351060550 0.32672640422116156 33
1756351060731 0.3424800375233526 34
1756351060911 0.34128279919209686 35
1756351061093 0.3521556232286536 36
1756351061274 0.37776028850804205 37
1756351061457 0.3470269344423128 38
1756351061638 0.3252069224481997 39
1756351061818 0.3156191201313682 40
1756351062000 0.35101434070131055 41
1756351062180 0.3331322449704875 42
1756351062363 0.31757468762605084 43
1756351062545 0.3248639262240866 44
1756351062727 0.3293319474095884 45
1756351062909 0.3326538853023363 46
1756351063090 0.3142248236614725 47
1756351063437 0.41691326188004535 48
1756351063618 0.40036045338796533 49
1756351063799 0.42773453567339026 50
1756351063980 0.37928594065749127 51
1756351064161 0.3638445488784624 52
1756351064342 0.35960279210754065 53
1756351064524 0.32956334948539734 54
1756351064705 0.34913872895033465 55
1756351064886 0.33084341106207477 56
1756351065066 0.31700374769127887 57
1756351065247 0.3135042592235234 58
1756351065427 0.33249869813089783 59
1756351065608 0.30064471519511676 60
1756351065789 0.27892027924890106 61
1756351065970 0.27970081179038336 62
1756351066309 0.31697073449259217 63
1756351066489 0.28005484005679254 64
1756351066671 0.2674459212500116 65
1756351066852 0.26615357204623846 66
1756351067034 0.28928493222464685 67
1756351067216 0.2624682984922243 68
1756351067397 0.2730104949163354 69
1756351067579 0.25704059782235517 70
1756351067760 0.2820965181226316 71
1756351067941 0.27533505792203156 72
1756351068122 0.2690146688533866 73
1756351068304 0.2647595535153928 74
1756351068486 0.2517520228157873 75
1756351068668 0.25637074333170184 76
1756351068849 0.263228349711584 77
1756351069031 0.24217193606107132 78
1756351069376 0.24670474296030792 79
1756351069559 0.25305538786494214 80
1756351069742 0.24274812768334927 81
1756351069925 0.2333385743524717 82
1756351070107 0.23741617280503977 83
1756351070289 0.23570287227630615 84
1756351070472 0.2618802215742028 85
1756351070655 0.2251580325157746 86
1756351070838 0.2420798326316087 87
1756351071021 0.2371594698532768 88
1756351071204 0.22405207221922668 89
1756351071388 0.21434896277344745 90
1756351071571 0.21869023403395776 91
1756351071753 0.21873779854048853 92
1756351071937 0.22762021616749142 93
1756351072120 0.22088955213194308 94
1756351072466 0.21583506788896478 95
1756351072649 0.22453159093856812 96
1756351072831 0.2273925931557365 97
1756351073013 0.21563828056273254 98
1756351073195 0.2040151500183603 99
1756351073377 0.2124213589274365 100
1756351091817 1.016984815182893 1
1756351092003 0.9456667796425198 2
1756351092184 0.9960520034251006 3
1756351092368 0.7883713711862979 4
1756351092552 0.7427372595538264 5
1756351092733 0.651141301445339 6
1756351092915 0.6206412704094596 7
1756351093358 0.5572778595530469 8
1756351093541 0.5260525954806287 9
1756351093723 0.5043153983095418 10
1756351093906 0.5913421498692554 11
1756351094088 0.5620505615420963 12
1756351094271 0.5414086735766866 13
1756351094455 0.5183394266211468 14
1756351094638 0.521143755187159 15
1756351094820 0.49482083450192993 16
1756351095003 0.4968967748724896 17
1756351095185 0.4829380654770395 18
1756351095367 0.44962880792825116 19
1756351095549 0.510680588691131 20
1756351095732 0.4759617758833844 21
1756351095914 0.4401051285474197 22
1756351096097 0.441937611154888 23
1756351096449 0.4234272435955379 24
1756351096632 0.4034490274346393 25
1756351096815 0.4233550973560499 26
1756351096997 0.4339375534783239 27
1756351097179 0.4085629776768062 28
1756351097361 0.38244406555009924 29
1756351097542 0.38888408308443817 30
1756351097724 0.37768102987952856 31
1756351097906 0.3832750916481018 32
1756351098088 0.3878997369952824 33
1756351098271 0.3736037119575169 34
1756351098453 0.36612945276757947 35
1756351098635 0.3621835170880608 36
1756351098816 0.3380885344484578 37
1756351098998 0.3685371668442436 38
1756351099351 0.35595202964285144 39
1756351099533 0.3361116207164267 40
1756351099716 0.329600945762966 41
1756351099898 0.32524019479751587 42
1756351100081 0.34707512674124347 43
1756351100263 0.3917061271874801 44
1756351100451 0.39956145182899805 45
1756351100634 0.3551835482535155 46
1756351100818 0.3627418331477953 47
1756351101001 0.35837290727573895 48
1756351101183 0.3204115084979845 49
1756351101367 0.31324030005413556 50
1756351101552 0.3383147146390832 51
1756351101734 0.347196392391039 52
1756351101919 0.32348206639289856 53
1756351102102 0.31998203630032745 54
1756351102453 0.29691377865231555 55
1756351102637 0.30582262381263403 56
1756351102820 0.29707370892814966 57
1756351103004 0.30282527661841846 58
1756351103187 0.2783079710991486 59
1756351103370 0.281939803906109 60
1756351103553 0.2850475265927937 61
1756351103736 0.28290629581264826 62
1756351103919 0.2833309283723002 63
1756351104103 0.280230594717938 64
1756351104285 0.2904302575018095 65
1756351104469 0.276557933377183 66
1756351104652 0.2658405258603718 67
1756351104834 0.27548888520054193 68
1756351105018 0.2660927694776784 69
1756351105376 0.26103772806084674 70
1756351105559 0.26647340733072034 71
1756351105742 0.2510401405718016 72
1756351105925 0.2517777104740557 73
1756351106109 0.2630076375992402 74
1756351106292 0.28283910064593604 75
1756351106475 0.26592065134774084 76
1756351106659 0.25179181215555774 77
1756351106843 0.24296925702820654 78
1756351107026 0.23412999834703363 79
1756351107209 0.24251921669296597 80
1756351107393 0.2582830534033153 81
1756351107577 0.24960438388845194 82
1756351107761 0.23226719705954843 83
1756351107945 0.22821660210256992 84
1756351108128 0.2300748507613721 85
1756351108474 0.22801734507083893 86
1756351108658 0.23278610861819723 87
1756351108842 0.21961213842682217 88
1756351109025 0.2135327089092006 89
1756351278862 0.9748586157093877 1
1756351279059 0.8992370030154353 2
1756351279254 0.8675236701965332 3
1756351279450 0.8808776243873264 4
1756351279645 0.7302157386489536 5
1756351280090 0.6810756766277811 6
1756351280284 0.6299154849156089 7
1756351280479 0.6581547415774801 8
1756351280675 0.6364315877790037 9
1756351280870 0.5416702148707017 10
1756351281065 0.5369886315387228 11
1756351281261 0.5564603637094083 12
1756351281457 0.5256925056809965 13
1756351281651 0.5140004935471908 14
1756351281845 0.48458604968112445 15
1756351282040 0.4876068713872329 16
1756351282234 0.4608322887316994 17
1756351282430 0.43931953155476117 18
1756351282626 0.41720074803932855 19
1756351282821 0.45893447813780414 20
1756351283175 0.45333770047063415 21
1756351283371 0.43211956516556116 22
1756351283566 0.41917860767115717 23
1756351283762 0.4029279454894688 24
1756351283957 0.4940353852251302 25
1756351284154 0.44244682918424194 26
1756351284350 0.4454307556152344 27
1756351284546 0.4206023773421412 28
1756351284740 0.4841402328532675 29
1756351284936 0.4114636610383573 30
1756351285131 0.41923252395961597 31
1756351285326 0.3983447836792987 32
1756351285520 0.38364936735319055 33
1756351285715 0.365507528833721 34
1756351285909 0.35363712388536206 35
1756351286108 0.3795893697634987 36
1756351286465 0.38512231215186743 37
1756351286661 0.38281516147696454 38
1756351286857 0.41494038182756177 39
1756351287052 0.38663482925166254 40
1756351287248 0.34259518073952716 41
1756351287443 0.35603737571965094 42
1756351287639 0.31151698724083277 43
1756351287835 0.31320392178452533 44
1756351288031 0.3049112856388092 45
1756351288226 0.32181472363679303 46
1756351288421 0.3272359176822331 47
1756351288618 0.3320893891479658 48
1756351288815 0.31426955046861066 49
1756351289011 0.3092690408229828 50
1756351289208 0.31043425072794373 51
1756351289404 0.28074017879755603 52
1756351289755 0.3023978698512782 53
1756351289951 0.3408015590646993 54
1756351290147 0.36064799972202466 55
1756351290343 0.3041017431279887 56
1756351290539 0.2870484525742738 57
1756351290735 0.28083081996959186 58
1756351290931 0.2875826579073201 59
1756351291126 0.28895278404588287 60
1756351291323 0.27946259210938995 61
1756351291518 0.2749420857947806 62
1756351291714 0.28926811723605445 63
1756351291909 0.28396157725997595 64
1756351292105 0.2876555589230164 65
1756351292301 0.2928406868291938 66
1756351292498 0.3066983488590821 67
1756351292851 0.2928998969171358 68
1756351293047 0.26173926501170447 69
1756351293244 0.2546723478514215 70
1756351293441 0.25397390580695606 71
1756351293638 0.2590479040923326 72
1756351293834 0.2640861208024232 73
1756351294031 0.2550837889961574 74
1756351294227 0.252402549204619 75
1756351294424 0.26982002543366473 76
1756351294621 0.24521572758322177 77
1756351294818 0.2419034586004589 78
1756351295015 0.23272560796012048 79
1756351295212 0.26231031314186426 80
1756351295407 0.23743815266567728 81
1756351295605 0.2424931040276652 82
1756351295802 0.25444074622962787 83
1756351296155 0.26471435051897296 84
1756351296353 0.24620627320331076 85
1756351296556 0.2248724886904592 86
1756351296755 0.23390463188938473 87
1756351296951 0.21668161322241244 88
1756351297148 0.22923653346040976 89
1756351297346 0.23199862176957337 90
1756351297543 0.2154155898353328 91
1756351297740 0.21715338333793308 92
1756351297938 0.21906014823395273 93
1756351298135 0.210353113386942 94
1756351298332 0.23216697249723517 95
1756351298530 0.2165607680445132 96
1756351298727 0.22334510671055835 97
1756351298925 0.22106000781059265 98
1756351299281 0.2042593372904736 99
1756351299479 0.2136349548464236 100
1756351299677 0.20964860203473465 101
1756351299874 0.20651179487290588 102
1756351300070 0.20639126132363858 103
1756351300268 0.20187010259731955 104
1756351300466 0.2033633661010991 105
1756351300664 0.19253676676231882 106
1756351300862 0.19678797475669696 107
1756351301059 0.1921440356451532 108
1756351301256 0.19098335634107175 109
1756351301453 0.19207512490127399 110
1756351301652 0.1974457165469294 111
1756351301850 0.1911883567986281 112
1756351302048 0.19598372345385345 113
1756351302246 0.19579511427361032 114
1756351302602 0.18883538764456045 115
1756351302800 0.1854131254165069 116
1756351302997 0.18465980401505594 117
1756351303197 0.19674904190975687 118
1756351303394 0.1882551273574 119
1756351303592 0.18519624290258987 120
1756351303790 0.1910707976507104 121
1756351303988 0.18413047168565833 122
1756351304186 0.17720764227535413 123
1756351304386 0.17094956921494525 124
1756351304583 0.17582489550113678 125
1756351304781 0.18947422310062076 126
1756351304978 0.17692250369683557 127
1756351305175 0.1859218400457631 128
1756351305371 0.17959565442541373 129
1756351305728 0.18051485134207684 130
1756351305925 0.189608176117358 131
1756351306123 0.18260863876861075 132
1756351306320 0.18451473181662353 133
1756351306518 0.18455820951772772 134
1756351306715 0.17217312364474588 135
1756351306918 0.1632157369800236 136
1756351307116 0.17947826566903488 137
1756351450923 0.9458196629648623 1
1756351451140 0.871474924294845 2
1756351451348 0.9295832670253256 3
1756351451555 0.8047743491504503 4
1756351451765 0.7935816593792128 5
1756351451972 0.7665028209271638 6
1756351452181 0.6176611923653147 7
1756351452388 0.6168710706026658 8
1756351452594 0.6350155654160873 9
1756351452801 0.6258601416712222 10
1756351453701 0.5526130834351415 11
1756351453912 0.532858493535415 12
1756351454122 0.5420940038950547 13
1756351454332 0.5865851809149203 14
1756351454541 0.5346653435541235 15
1756351454750 0.49776592202808545 16
1756351454958 0.5250933429469233 17
1756351455166 0.5021826780360678 18
1756351455376 0.48541742433672364 19
1756351455586 0.4471391841121342 20
1756351455796 0.40912374983663147 21
1756351456005 0.42604784213978314 22
1756351456214 0.4188551954601122 23
1756351456428 0.41597914825315063 24
1756351456639 0.4062257240647855 25
1756351456848 0.47551629983860516 26
1756351457545 0.4181732470574586 27
1756351457756 0.4002586965975554 28
1756351457966 0.3780479431152344 29
1756351458175 0.4179012736548548 30
1756351458383 0.3756358169991037 31
1756351458592 0.3757321679073831 32
1756351458801 0.3550076769745868 33
1756351459009 0.3796267289182414 34
1756351459217 0.3373338955899943 35
1756351459425 0.3307606694491013 36
1756351459632 0.37007630519244983 37
1756351459840 0.3731279684149701 38
1756351460047 0.363435931827711 39
1756351460256 0.3771281164625417 40
1756351460463 0.3845739079558331 41
1756351461121 0.3706422603648642 42
1756351461332 0.31678608578184375 43
1756351461541 0.3106520156497541 44
1756351461750 0.3061894327402115 45
1756351461959 0.3055312393800072 46
1756351462170 0.3113052546977997 47
1756351462380 0.3319147332854893 48
1756351462589 0.31112061117006384 49
1756351462798 0.32124640760214435 50
1756351463006 0.30195730471092724 51
1756351463215 0.2761320905840915 52
1756351463422 0.275993679528651 53
1756351463631 0.294167037891305 54
1756351463840 0.27265335165936017 55
1756351464048 0.25799579788809235 56
1756351464258 0.29910394419794495 57
1756351464916 0.32042520331299823 58
1756351465127 0.3020841401556264 59
1756351465336 0.28346904205239337 60
1756351465544 0.27956219471019245 61
1756351465752 0.2543518173953761 62
1756351465962 0.27223325553147687 63
1756351466171 0.2877481346545012 64
1756351466379 0.2670148721207743 65
1756351466588 0.24878932406073032 66
1756351466795 0.26636155079240387 67
1756351467003 0.2555328756570816 68
1756351467211 0.24265880105288132 69
1756351467418 0.2640394011269445 70
1756351467626 0.24824026291785034 71
1756351467835 0.2505945310644481 72
1756351468042 0.256380518493445 73
1756351468693 0.2324013943257539 74
1756351468904 0.24034108545469202 75
1756351469115 0.25801213539164997 76
1756351469325 0.23265696349351303 77
1756351469534 0.24529270957345548 78
1756351469742 0.26060018137745233 79
1756351469950 0.2507173775330834 80
1756351470159 0.2311475756375686 81
1756351470369 0.22436932441980942 82
1756351470578 0.23468525383783423 83
1756351470786 0.22297534152217532 84
1756351470994 0.24685250352258267 85
1756351471202 0.24444233593733414 86
1756351471412 0.22497404593488443 87
1756351471621 0.22344258816345877 88
1756351472288 0.21977966570335886 89
1756351472500 0.21614612055861432 90
1756351472713 0.21212443255859872 91
1756351472923 0.2234613571477973 92
1756351473132 0.2128225636223088 93
1756351473341 0.2258327506158663 94
1756351473549 0.22055513768092447 95
1756351473758 0.22562004625797272 96
1756351473967 0.22041578655657562 97
1756351474177 0.2001835444699163 98
1756351474385 0.19910508782967276 99
1756351474595 0.21516154317752176 100
1756351474803 0.2084287754867388 101
1756351475011 0.19286867069161456 102
1756351475219 0.19310405526472174 103
1756351475427 0.18421782229257666 104
1756351476200 0.1933828838493513 105
1756351476413 0.20601656709028326 106
1756351476624 0.18894358951112497 107
1756351476834 0.20372750059418057 108
1756351477043 0.1928264479274335 109
1756351477252 0.17662203052769537 110
1756351477461 0.19313780250756638 111
1756351477669 0.19169261209342792 112
1756351477879 0.18585553506146307 113
1756351478088 0.18791358561619467 114
1756351478297 0.1739634184733681 115
1756351478507 0.18844597171182217 116
1756351652675 0.9748413899670476 1
1756351652897 0.9590908288955688 2
1756351653116 0.9182421694631162 3
1756351653335 0.815007323804109 4
1756351653555 0.6430533554243005 5
1756351653773 0.6075087215589441 6
1756351653992 0.6085001916989036 7
1756351654210 0.5670942482740983 8
1756351654429 0.6224790992944137 9
1756351654648 0.5607906942782195 10
1756351654867 0.5309704218221747 11
1756351655335 0.5038945558278457 12
1756351655555 0.5685324902119844 13
1756351655776 0.49862496490063873 14
1756351655997 0.539637925832168 15
1756351656218 0.4945451163727304 16
1756351656438 0.4701777541119119 17
1756351656658 0.47558933885201166 18
1756351656878 0.4877208302850309 19
1756351657098 0.5051227069419363 20
1756351657319 0.46210216439288593 21
1756351657537 0.4881523186745851 22
1756351657756 0.45970614578412927 23
1756351657976 0.43012834243152454 24
1756351658197 0.41685609454694 25
1756351658417 0.39783699616141943 26
1756351658800 0.4246352016925812 27
1756351659021 0.41709847165190655 28
1756351659243 0.3901779573896657 29
1756351659468 0.41714643913766614 30
1756351659690 0.4004431405793066 31
1756351659910 0.40934966439786163 32
1756351660129 0.41395568070204364 33
1756351660349 0.3712265776551288 34
1756351660569 0.44565392577129864 35
1756351660790 0.4023703777271768 36
1756351661011 0.38372426058935083 37
1756351661231 0.3557915765306224 38
1756351661451 0.3719790124374887 39
1756351661671 0.3541176500527755 40
1756351661892 0.33897603983464447 41
1756351662112 0.3336896131867948 42
1756351662497 0.3589798691480056 43
1756351662718 0.3189689620681431 44
1756351662939 0.30370907291122107 45
1756351663159 0.3136142725529878 46
1756351663380 0.32851370391638385 47
1756351663601 0.30005025215770886 48
1756351663822 0.3372002036675163 49
1756351664043 0.2940014484136001 50
1756351664263 0.2908947377101235 51
1756351664484 0.33326397771420685 52
1756351664705 0.3100731418184612 53
1756351664926 0.2960750998362251 54
1756351665147 0.3072190375431724 55
1756351665369 0.2986563470052636 56
1756351665588 0.2910443466642629 57
1756351665965 0.30607450461905933 58
1756351666187 0.2989244668380074 59
1756351666409 0.28552093518816907 60
1756351666631 0.27926635871762817 61
1756351666855 0.2787078042393145 62
1756351667076 0.2774704591087673 63
1756351667297 0.2783721672452014 64
1756351667519 0.2730465784021046 65
1756351667744 0.27951922624007514 66
1756351667967 0.2657823199811189 67
1756351668190 0.2647798398266668 68
1756351668411 0.25981154649154 69
1756351668633 0.27281950219817785 70
1756351668855 0.29935392089512036 71
1756351669076 0.29337456887182983 72
1756351669298 0.2575817108154297 73
1756351669697 0.25628434315971704 74
1756351669920 0.2580959589585014 75
1756351670143 0.24445596013380133 76
1756351670365 0.237178772687912 77
1756351670586 0.22429267155087512 78
1756351670807 0.23323374338771985 79
1756351671028 0.24529534902261652 80
1756351671251 0.2301400757354239 81
1756351671472 0.2447788002698318 82
1756351671694 0.22664415836334229 83
1756351671915 0.23047618697518887 84
1756351672138 0.23394454950871674 85
1756351672360 0.23205841429855512 86
1756351672583 0.21718927375648334 87
1756351672805 0.22342979648838873 88
1756351673199 0.2520246868548186 89
1756351673422 0.24071148426636405 90
1756351673644 0.23928984610930734 91
1756351673866 0.22777741305206134 92
1756351674088 0.20438228871511377 93
1756351674311 0.20351817750412485 94
1756351674535 0.21013267403063568 95
1756351674758 0.21473897021749747 96
1756351869542 0.9800484828327013 1
1756351869779 0.918856566366942 2
1756351870013 0.96001122308814 3
1756351870248 0.7739758595176365 4
1756351870738 0.6719687399656876 5
1756351870974 0.6520716547966003 6
1756351871210 0.6579696302828582 7
1756351871444 0.6199727317561274 8
1756351871677 0.6013334950675135 9
1756351871912 0.6248873809109563 10
1756351872145 0.532959098401277 11
1756351872380 0.5212392534898675 12
1756351872615 0.513139801180881 13
1756351872850 0.45715159825656726 14
1756351873086 0.4602275114992391 15
1756351873319 0.48542729020118713 16
1756351873553 0.4747155243935792 17
1756351873788 0.496720130028932 18
1756351874022 0.5003318475640338 19
1756351874257 0.4539952679820683 20
1756351874651 0.5023981112500896 21
1756351874905 0.5266777976699497 22
1756351875139 0.42167476337888965 23
1756351875373 0.41294222551843396 24
1756351875606 0.4128895103931427 25
1756351875841 0.384512511284455 26
1756351876077 0.4212691835735155 27
1756351876313 0.400910954112592 28
1756351876548 0.3763064988281416 29
1756351876782 0.3850790003071661 30
1756351877015 0.38276168833608215 31
1756351877250 0.36970773080120917 32
1756351877483 0.3762707489988078 33
1756351877718 0.3441626610963241 34
1756351878122 0.3549877560657004 35
1756351878359 0.4501180247120235 36
1756351878593 0.41984689753988513 37
1756351878828 0.40277731029883673 38
1756351879063 0.413961965104808 39
1756351879299 0.368016946574916 40
1756351879535 0.36070782853209454 41
1756351879771 0.354324987401133 42
1756351880008 0.35486360866090527 43
1756351880244 0.3802730000537375 44
1756351880481 0.3575226483137711 45
1756351880717 0.3278894268948099 46
1756351880954 0.3514225379280422 47
1756351881372 0.31686639267465344 48
1756351881609 0.3352115659610085 49
1756351881846 0.32477917878524115 50
1756351882083 0.3277300071457158 51
1756351882322 0.36751970519190247 52
1756351882558 0.3445389335570128 53
1756351882794 0.29694763992143713 54
1756351883032 0.33055598256380664 55
1756351883269 0.3129609246616778 56
1756351883507 0.29615458651729254 57
1756351883744 0.2901938356783079 58
1756351883984 0.3169637516788814 59
1756351884400 0.31920616847017536 60
1756351884639 0.2893772559321445 61
1756351884877 0.28303072310012317 62
1756351885114 0.29165575750496076 63
1756351885352 0.2858956495056982 64
1756351885594 0.29714994650820026 65
1756351885833 0.2998247988845991 66
1756351886070 0.2939013579617376 67
1756351886306 0.29269537394461426 68
1756351886547 0.25702877990577533 69
1756351886787 0.26511531744314276 70
1756351887195 0.26789471895798395 71
1756351887434 0.2562606950169024 72
1756351887672 0.26060565334299335 73
1756351887909 0.264431260202242 74
1756351888146 0.24312704866347107 75
1756351888384 0.23550837843314462 76
1756351888622 0.24478393663530765 77
1756351888860 0.23873560778472735 78
1756351889098 0.25887093531048816 79
1756351889337 0.26798290143842285 80
1756351889744 0.25970538090104645 81
1756351889981 0.2540766525527705 82
1756351890219 0.22762120741864908 83
1756351890458 0.2274519198614618 84
1756351890695 0.22689383120640463 85
1756351890932 0.21973142610943835 86
1756351891171 0.23010216588559357 87
1756351891408 0.24245317409867825 88
1756351891647 0.2246260254279427 89
1756351891886 0.198896877143694 90
1756351892290 0.21634330568106278 91
1756351892528 0.21257856617803159 92
1756351892767 0.20466640915559686 93
1756351893005 0.22061613720396292 94
1756351893242 0.20821737789589426 95
1756351893480 0.22606872993966806 96
1756351893718 0.22199360637561136 97
1756351893959 0.22450369142967722 98
1756351894199 0.21299330242302106 99
1756351894436 0.2129295526639275 100
1756351894840 0.23882825931777124 101
1756351895079 0.20245000136935193 102
1756351895319 0.2044531366099482 103
1756351895559 0.19715648176877396 104
1756351895798 0.21651963760023532 105
1756351896038 0.208952392572942 106
1756351896277 0.20002762973308563 107
1756351896515 0.19052102643510568 108
1756351896756 0.18817935560060584 109
1756351896995 0.18216301954310873 110
1756351897401 0.17937834755234097 111
1756351897641 0.1922631782034169 112
1756351897881 0.1908658898395041 113
1756351898121 0.18938120163005331 114
1756351898359 0.17961038065993268 115
1756351898599 0.19569784014121347 116
1756351898838 0.18774896795335022 117
1756351899079 0.1826711744070053 118
1756352042887 0.9383655579193778 1
1756352043137 0.9711828490962153 2
1756352043384 1.0000878546548926 3
1756352043631 0.8336124186930449 4
1756352043879 0.6600127945775571 5
1756352044126 0.662746206573818 6
1756352044374 0.6445301745248877 7
1756352044868 0.5953045098677926 8
1756352045118 0.6406255830889163 9
1756352045365 0.551331947679105 10
1756352045614 0.5303279614966848 11
1756352045861 0.5638006161088529 12
1756352046109 0.5206214539382769 13
1756352046358 0.4866724545541017 14
1756352046605 0.4549885949362879 15
1756352046854 0.44068450383518054 16
1756352047101 0.4959505109683327 17
1756352047350 0.44893337721410004 18
1756352047757 0.4276487982791403 19
1756352048005 0.4275717527970024 20
1756352048254 0.43435951808224554 21
1756352048503 0.42742733851723047 22
1756352048751 0.42772589040839154 23
1756352048999 0.43891519178514893 24
1756352049246 0.44300322299418243 25
1756352049495 0.4376603079878766 26
1756352049744 0.41748767702475836 27
1756352050152 0.39321515611980273 28
1756352050402 0.36880509490552155 29
1756352050651 0.38591338370157324 30
1756352050900 0.3787425562091496 31
1756352051149 0.40302560122116754 32
1756352051399 0.37420902433602704 33
1756352051647 0.3788831596789153 34
1756352051899 0.3677225397980731 35
1756352052310 0.36152638948482013 36
1756352052558 0.34299377773119055 37
1756352052808 0.3309783546820931 38
1756352053056 0.32182043142940686 39
1756352053304 0.30267018727634265 40
1756352053552 0.3154735020969225 41
1756352053800 0.30211771895056183 42
1756352054050 0.31829707065354224 43
1756352054299 0.3511579360650933 44
1756352054548 0.3198055365811224 45
1756352054798 0.3038752364075702 46
1756352055046 0.29901460979295813 47
1756352055458 0.293199158233145 48
1756352055708 0.2982666842315508 49
1756352055957 0.2741854514764703 50
1756352056206 0.2610446687625802 51
1756352056456 0.27223841651626257 52
1756352056706 0.2717810992313468 53
1756352056955 0.2727631064860717 54
1756352057204 0.28192146511181543 55
1756352057453 0.2881446713986604 56
1756352057702 0.2559804527655892 57
1756352057952 0.29073876984741376 58
1756352058363 0.2708371923021648 59
1756352058613 0.24438596095727838 60
1756352058863 0.2563292507244193 61
1756352059113 0.2892645027326501 62
1756352059363 0.2669805625210638 63
1756352059613 0.2868198907893637 64
1756352059863 0.28292858406253485 65
1756352060112 0.2668241962142613 66
1756352060523 0.2887030140213344 67
1756352060774 0.2770211126493371 68
1756352061024 0.26016345101854077 69
1756352061274 0.26934663433095685 70
1756352061523 0.24418948525967804 71
1756352061773 0.252541716332021 72
1756352062024 0.24497689695461936 73
1756352062277 0.23299571742182193 74
1756352062528 0.22262443083783853 75
1756352062937 0.20907173273356064 76
1756352063188 0.21933983784654867 77
1756352063439 0.2237114420403605 78
1756352063689 0.21705138424168463 79
1756352063938 0.21720926981905234 80
1756352234030 0.999945334766222 1
1756352234306 0.9103534532629926 2
1756352234564 0.8873629699582639 3
1756352234823 0.7456946735796721 4
1756352235352 0.759713465752809 5
1756352235612 0.6486444784247357 6
1756352235875 0.6832358137420986 7
1756352236134 0.6297763819279878 8
1756352236393 0.5951221870339435 9
1756352236651 0.5937580258949943 10
1756352236919 0.5721557231053062 11
1756352237177 0.5751549744087717 12
1756352237436 0.5419848690862241 13
1756352237867 0.5491565660290096 14
1756352238127 0.6051844397316808 15
1756352238387 0.5447049749934155 16
1756352238647 0.4784633387690005 17
1756352238914 0.4622043746968974 18
1756352239173 0.4568498186443163 19
1756352239434 0.45102662625520124 20
1756352239694 0.4288819691409235 21
1756352239951 0.4613751756108325 22
1756352240382 0.42630920721137006 23
1756352240642 0.43807095418805664 24
1756352240903 0.4636398774126302 25
1756352241163 0.42603699279868085 26
1756352241423 0.4597462726675946 27
1756352241683 0.4574990142946658 28
1756352241944 0.43383024827293726 29
1756352242205 0.3885324662146361 30
1756352242464 0.3629159085128618 31
1756352242894 0.36562738988710486 32
1756352243154 0.359845458165459 33
1756352243415 0.36281852229781775 34
1756352243676 0.3746886616167815 35
1756352243936 0.36053449692933454 36
1756352244195 0.353989180015481 37
1756352244456 0.3598579362682674 38
1756352244715 0.3639943055484606 39
1756352244974 0.37702549929204193 40
1756352245414 0.3472581881543864 41
1756352245674 0.34737163134243176 42
1756352245934 0.3280296273853468 43
1756352246195 0.34563591104486713 44
1756352246457 0.3161060181648835 45
1756352246717 0.3304694385632225 46
1756352246976 0.2970961727525877 47
1756352247235 0.30562495731789135 48
1756352247499 0.310657785638519 49
1756352247936 0.3126020664754121 50
1756352248196 0.30294589503951697 51
1756352248457 0.3176069395697635 52
1756352248716 0.3104741741781649 53
1756352248978 0.29557982022347656 54
1756352249238 0.2958702457987744 55
1756352249501 0.2938981840144033 56
1756352249762 0.2805428576210271 57
1756352250025 0.29757787416810577 58
1756352250462 0.28132231468739716 59
1756352250724 0.2626379961552827 60
1756352250985 0.293708979435589 61
1756352251245 0.2931005209684372 62
1756352251506 0.2864915080692457 63
1756352251767 0.26688103766545007 64
1756352252029 0.26648209859495575 65
1756352252290 0.2592449771321338 66
1756352252551 0.25768291302349255 67
1756352252984 0.2528210807105769 68
1756352253246 0.27280074228411133 69
1756352253509 0.24495752868445023 70
1756352253772 0.2660769230645636 71
1756352254034 0.2448581813470177 72
1756352254295 0.2649293885282848 73
1756352254557 0.2945689837569776 74
1756352254818 0.30285835136537964 75
1756352255240 0.2808368380950845 76
1756352255501 0.27422813876815466 77
1756352255762 0.24903636458127396 78
1756352256023 0.23738978155281232 79
1756352256284 0.23335825749065564 80
1756352256546 0.23370829742887747 81
1756352256806 0.22271842736264932 82
1756352257067 0.2399352225272552 83
1756352257330 0.2329288889532504 84
1756352257747 0.24461315701837125 85
1756352258009 0.21819643157979715 86
1756352258271 0.2338472384473552 87
1756352258532 0.2197699961454972 88
1756352258793 0.22549127107081207 89
1756352259055 0.22946256528729977 90
1756352259316 0.20615590525710065 91
1756352259577 0.23528380108916241 92
1756352259841 0.2205437007157699 93
1756352260264 0.2020068900740665 94
1756352483496 1.063831785450811 1
1756352483772 1.0942187620245891 2
1756352484315 0.9343862766804902 3
1756352484588 0.7144338799559552 4
1756352484862 0.7479538191919741 5
1756352485135 0.6430377675139386 6
1756352485408 0.6277961342231088 7
1756352485680 0.6170618508173071 8
1756352485954 0.6087586594664532 9
1756352486226 0.6162268402783767 10
1756352486498 0.5697026434152023 11
1756352486951 0.545229663019595 12
1756352487225 0.5511229647242505 13
1756352487502 0.4822663535242495 14
1756352487775 0.4779074386410091 15
1756352488049 0.5066074703050696 16
1756352488320 0.5000342195448668 17
1756352488592 0.4880311126294343 18
1756352488865 0.45088732760885486 19
1756352489138 0.4856352210044861 20
1756352489587 0.46797492970591004 21
1756352489860 0.5068258280339448 22
1756352490133 0.48986602606980695 23
1756352490406 0.441299205240996 24
1756352490678 0.45031530183294544 25
1756352490954 0.44251078496808594 26
1756352491227 0.44350554113802704 27
1756352491501 0.42870203438012494 28
1756352491949 0.40013009439343994 29
1756352492224 0.40451538692349975 30
1756352492498 0.40876327131105505 31
1756352492771 0.40712771726691205 32
1756352493047 0.3595686205055403 33
1756352493320 0.37445170075997064 34
1756352493594 0.3989512687144072 35
1756352493866 0.42096224945524463 36
1756352494140 0.3993637095326963 37
1756352494588 0.39126455654268677 38
1756352494863 0.351492034352344 39
1756352495138 0.3461543619632721 40
1756352495411 0.3444775070833123 41
1756352495685 0.38302302490109985 42
1756352495960 0.3569968342781067 43
1756352496234 0.3249320925577827 44
1756352496510 0.3488144330356432 45
1756352496784 0.3587873318920965 46
1756352497232 0.3499353553937829 47
1756352497507 0.3577886210835498 48
1756352497784 0.33577249490696454 49
1756352498059 0.3581557766250942 50
1756352498333 0.3154028278330098 51
1756352498608 0.31897563195746875 52
1756352498883 0.29961569283319556 53
1756352499159 0.29040321513362555 54
1756352499432 0.3054479820572812 55
1756352499876 0.3100249767303467 56
1756352500152 0.29254565031632135 57
1756352500426 0.2719351519709048 58
1756352500701 0.2715476589358371 59
1756352500975 0.28624954495740973 60
1756352501250 0.276913446576699 61
1756352501525 0.2655709217423978 62
1756352501800 0.26997116013713507 63
1756352502245 0.25384982059831207 64
1756352502522 0.2597371449936991 65
1756352502796 0.25873106264549756 66
1756352503073 0.278983315695887 67
1756352503348 0.3722715818363687 68
1756352503621 0.32207564556080365 69
1756352503895 0.2594350829072621 70
1756352504170 0.25554590963799023 71
1756352504446 0.2740670313005862 72
1756352504895 0.26373873003151105 73
1756352505172 0.25331859225812164 74
1756352505448 0.25497619548569556 75
1756352505723 0.286425804314406 76
1756352505999 0.3105675766001577 77
1756352506274 0.29828596309475275 78
1756352506550 0.26268656940563867 79
1756352506826 0.28219546377658844 80
1756352507102 0.25437499712342804 81
1756352507551 0.2547550117192061 82
1756352507825 0.25511109569798346 83
1756352508100 0.25258974471817847 84
1756352508376 0.23302658744480298 85
1756352508651 0.22149883405022 86
1756352695219 1.0682781856992971 1
1756352695513 0.9739777316217837 2
1756352695799 0.9058700488961261 3
1756352696087 0.7883304513019064 4
1756352696373 0.7381596746652023 5
1756352696661 0.7860911799513776 6
1756352697207 0.7001732600771863 7
1756352697495 0.6483065563699474 8
1756352697782 0.6397146142047384 9
1756352698069 0.62365374357804 10
1756352698356 0.586639773586522 11
1756352698641 0.5596444567908412 12
1756352699100 0.5639810756496761 13
1756352699386 0.5413149660048278 14
1756352699672 0.539635260467944 15
1756352699957 0.5587911670622618 16
1756352700243 0.5285845334115236 17
1756352700531 0.5321233376212742 18
1756352700817 0.5220527130624523 19
1756352701104 0.49325245230094245 20
1756352701390 0.49949258177176764 21
1756352701678 0.5459294267322706 22
1756352702151 0.5158621642900549 23
1756352702439 0.4909924178019814 24
1756352702728 0.5033823381299558 25
1756352703014 0.4991830172746078 26
1756352703301 0.5211433612782023 27
1756352703589 0.4805435019990672 28
1756352704045 0.4515300328316896 29
1756352704330 0.4473521657612013 30
1756352704618 0.5063471690468166 31
1756352704903 0.4854092325853265 32
1756352705188 0.48466728562894074 33
1756352705473 0.4720981211765953 34
1756352705758 0.5359992903211842 35
1756352706045 0.510042465251425 36
1756352706334 0.4549697987411333 37
1756352706619 0.44515787129816803 38
1756352706905 0.4460519163504891 39
1756352707189 0.41162044198616693 40
1756352707475 0.38826610083165375 41
1756352707929 0.3999167939890986 42
1756352708217 0.3965821318004442 43
1756352708503 0.393088768357816 44
1756352708790 0.3715501544268235 45
1756352709076 0.42411137145498523 46
1756352709364 0.4078642725944519 47
1756352709650 0.4067106428353683 48
1756352710098 0.4076158780118693 49
1756352710387 0.3951224879078243 50
1756352710673 0.3858937115772911 51
1756352710961 0.42305380753848865 52
1756352711248 0.3990849476793538 53
1756352711534 0.3730873452580493 54
1756352711984 0.34555682410364563 55
1756352712273 0.32459839141887165 56
1756352712560 0.37698184925576916 57
1756352712848 0.39952280210412067 58
1756352713316 0.36329585443372314 59
1756352713602 0.34516098577043286 60
1756352713888 0.3237838414700135 61
1756352714175 0.32352566459904547 62
1756352714462 0.3099998449501784 63
1756352714748 0.3353284584439319 64
1756352715036 0.3315215201481529 65
1756352715324 0.3291308193103127 66
1756352715610 0.3090225153643152 67
1756352715898 0.3195815980434418 68
1756352716184 0.331195372602214 69
1756352716470 0.3448458922945935 70
1756352716759 0.304075235257978 71
1756352717215 0.3268958731837895 72
1756352717506 0.3033741492292155 73
1756352717795 0.2920464154170907 74
1756352718081 0.30132737107898877 75
1756352718369 0.288090683195902 76
1756352718655 0.29422050066616223 77
1756352718943 0.3058129989582559 78
1756352719393 0.3089967719886614 79
1756352719681 0.3014182888943216 80
1756352719969 0.28604327336601587 81
1756352720256 0.28064032546851947 82
1756352720543 0.2715315961319467 83
1756352720829 0.27643525924371637 84
1756352721116 0.25946670705857483 85
1756352721403 0.29131245613098145 86
1756352721691 0.25468396427838697 87
1756352721977 0.26684637108574744 88
1756352722432 0.25814962063146674 89
1756352722722 0.2504515913517579 90
1756352723009 0.25646791898685956 91
1756352723298 0.25661906276060187 92
1756352723596 0.25203404672767804 93
1756352723883 0.2585249478402345 94
1756352724342 0.24999786978182587 95
1756352724628 0.2564213003801263 96
1756352724915 0.2574388482000517 97
1756352725210 0.26193047412063764 98
1756352725499 0.23475938452326733 99
1756352725786 0.22302862937035767 100
1756352726099 0.22775242574836896 101
1756352726390 0.23735534950442935 102
1756352726679 0.2320686144673306 103
1756352726983 0.22916689644689145 104
1756352727456 0.23295572724031366 105
1756352727746 0.24632034677526224 106
1756352728036 0.2338331860044728 107
1756352728324 0.23487953323384989 108
1756352728612 0.2108263127181841 109
1756352729065 0.2390964504169381 110
1756352729354 0.2117160791936128 111
1756352729646 0.2180120394281719 112
1756352729934 0.21792041996250983 113
1756352730223 0.23476660186829773 114
1756352730512 0.2135265035473782 115
1756352730800 0.2192898250144461 116
1756352731089 0.22174110555130502 117
1756352731377 0.2125073263178701 118
1756352731665 0.20775681086208508 119
1756352731952 0.19991683959960938 120
1756352732402 0.20815845676090405 121
1756352732691 0.20151489066041034 122
1756352732981 0.2038068933331448 123
1756352733271 0.1943824977978416 124
1756352733559 0.1978205196235491 125
1756352734010 0.21116306600363358 126
1756352734298 0.1866826602946157 127
1756352734586 0.19710194092729819 128
1756352734874 0.19941495229368625 129
1756352735163 0.19301769396533136 130
1756352735451 0.1916773682055266 131
1756352735739 0.19523629351802493 132
1756352736027 0.20725705830947214 133
1756352736314 0.19909278076627981 134
1756352736601 0.19387738795384116 135
1756352736890 0.18824328223000403 136
1756352737179 0.2024452751097472 137
1756352737468 0.19737644169641577 138
1756352737922 0.20391766403032385 139
1756352738241 0.1985421763814014 140
1756352738536 0.19335513918296152 141
1756352738826 0.20218858511551566 142
1756352739130 0.19157520973164102 143
1756352759360 1.0485703867414724 1
1756352759660 0.9962002324021381 2
1756352759949 0.8562012651692266 3
1756352760240 0.7132073640823364 4
1756352760531 0.716007763924806 5
1756352760821 0.7551484470782073 6
1756352761405 0.6528610366842021 7
1756352761693 0.6328127500803574 8
1756352761983 0.5635409782762113 9
1756352762273 0.5356790008752242 10
1756352762563 0.5133031852867292 11
1756352762853 0.573905155710552 12
1756352763142 0.5263608603373818 13
1756352763431 0.48315132700878644 14
1756352763719 0.47760309343752655 15
1756352764007 0.5185753573542056 16
1756352764462 0.4855083810246509 17
1756352764752 0.4735065892986629 18
1756352765042 0.4994615057240362 19
1756352765332 0.5001278610333152 20
1756352765623 0.4773617024007051 21
1756352765914 0.46446769004282745 22
1756352766366 0.42555753951487335 23
1756352766656 0.48165492519088415 24
1756352766946 0.4412752584270809 25
1756352767237 0.414009945548099 26
1756352767527 0.4213616511096125 27
1756352767818 0.3783012589682703 28
1756352768108 0.35721845212190045 29
1756352768398 0.3649560381536898 30
1756352768698 0.38600694485332654 31
1756352768989 0.3673148621683535 32
1756352769281 0.36912105005720386 33
1756352769572 0.34493354934713116 34
1756352769862 0.34791915053906647 35
1756352770316 0.39987414557000867 36
1756352770606 0.3596216660478841 37
1756352770897 0.3516390913206598 38
1756352771187 0.3558562125848687 39
1756352771478 0.32816319361976953 40
1756352771770 0.3143106297306392 41
1756352772223 0.3314518099245818 42
1756352772515 0.3553229013214941 43
1756352772807 0.3521637851777284 44
1756352773099 0.3657819045626599 45
1756352773389 0.3515631893406744 46
1756352773680 0.34978746460831683 47
1756352774138 0.33459943532943726 48
1756352774432 0.3708689562652422 49
1756352774725 0.340951857359513 50
1756352775018 0.3449909764787425 51
1756352775310 0.341569598602212 52
1756352775775 0.3526445095953734 53
1756352776068 0.29507548459198163 54
1756352776361 0.3217649498711462 55
1756352776654 0.2963120516227639 56
1756352776946 0.27541596734005475 57
1756352777239 0.28264419540115027 58
1756352777532 0.2886725981598315 59
1756352777823 0.28684746765572094 60
1756352778116 0.28323871480382007 61
1756352778409 0.2643845288649849 62
1756352778700 0.2809940226699995 63
1756352778990 0.2558009190403897 64
1756352779285 0.2601217154575431 65
1756352779750 0.24143838947233948 66
1756352780047 0.2708247932402984 67
1756352780341 0.2683814666841341 68
1756352780634 0.2806720733642578 69
1756352780929 0.26489649972190027 70
1756352781222 0.26418272049530694 71
1756352781678 0.27244698806949286 72
1756352781970 0.2678171143583629 73
1756352782262 0.2376964280138845 74
1756352782553 0.24697335841863052 75
1756352782844 0.24928263218506522 76
1756352783136 0.25420859715212946 77
1756352783428 0.2803720093291739 78
1756352783718 0.2366655222747637 79
1756352784013 0.23697182730488156 80
1756352784307 0.2310632823602013 81
1756352784599 0.22408312818278436 82
1756352785081 0.23407464830771738 83
1756352785374 0.23232988883619723 84
1756352785669 0.23044786310714224 85
1756352785963 0.22947021670963452 86
1756352786256 0.22068198090014252 87
1756352786744 0.22275864559671152 88
1756352787036 0.22920747813971146 89
1756352787330 0.23126471431359 90
1756352787623 0.23448744416236877 91
1756352787916 0.21670628695384317 92
1756352788211 0.20917818857275922 93
1756352788505 0.201763528196708 94
1756352788799 0.20810778957346213 95
1756352789091 0.2167781429446262 96
1756352789383 0.20716660566951917 97
1756352985905 1.0334149676820505 1
1756352986212 0.9016827085743779 2
1756352986513 0.8268501318019369 3
1756352986815 0.8239640386208243 4
1756352987376 0.6944307270257369 5
1756352987677 0.6298468307308529 6
1756352987977 0.6134020660234534 7
1756352988279 0.6580726931924405 8
1756352988579 0.7010866818220719 9
1756352988878 0.5891908355381178 10
1756352989178 0.5441476845222971 11
1756352989477 0.4867716949918996 12
1756352989779 0.4781971405381742 13
1756352990080 0.46253396505894867 14
1756352990539 0.46743622163067694 15
1756352990842 0.46804661465727765 16
1756352991145 0.4510009703428849 17
1756352991446 0.439442304165467 18
1756352991747 0.4616119187811147 19
1756352992048 0.4098148047924042 20
1756352992507 0.4094687609568886 21
1756352992824 0.38449744297110516 22
1756352993129 0.3856503224891165 23
1756352993430 0.39817914885023364 24
1756352993730 0.38688083835270093 25
1756352994030 0.39165536087492236 26
1756352994331 0.3924067435057267 27
1756352994630 0.38373316111771955 28
1756352994930 0.4524623920088229 29
1756352995231 0.3931909190571826 30
1756352995529 0.3853557032087575 31
1756352995831 0.3716463096763777 32
1756352996131 0.3956856377746748 33
1756352996625 0.3837075984996298 34
1756352996926 0.4066837611405746 35
1756352997228 0.3756522095721701 36
1756352997531 0.3724699318408966 37
1756352997834 0.374237104602482 38
1756352998135 0.32832163442736084 39
1756352998600 0.3381636239912199 40
1756352998903 0.3283076726871988 41
1756352999208 0.296845062919285 42
1756352999510 0.31009445501410443 43
1756352999812 0.347451230754023 44
1756353000114 0.3376945645912834 45
1756353000580 0.3061766715153404 46
1756353000885 0.2934743548217027 47
1756353001190 0.3059294975322226 48
1756353001494 0.3124947074962699 49
1756353001798 0.3389987168104752 50
1756353002264 0.29302605986595154 51
1756353002567 0.3001528038926747 52
1756353002869 0.27659495693186054 53
1756353003170 0.2895441664301831 54
1756353003471 0.336982104441394 55
1756353003773 0.31645808271739795 56
1756353004075 0.2777594574119734 57
1756353004378 0.2762855369111766 58
1756353004679 0.2639233113630958 59
1756353004980 0.2804582663204359 60
1756353005281 0.2543311067249464 61
1756353005584 0.2616541450438292 62
1756353005885 0.23460566090500873 63
1756353006356 0.24485142464223114 64
1756353006660 0.24846618201421655 65
1756353006963 0.2679140224404957 66
1756353007266 0.23945376665695853 67
1756353007568 0.24779459898886474 68
1756353007872 0.24726395568122034 69
1756353008338 0.258831390220186 70
1756353008641 0.23543949554795804 71
1756353008946 0.23078127270159515 72
1756353009248 0.2268600574006205 73
1756353009553 0.23631475023601367 74
1756353009856 0.24072223966536316 75
1756353010156 0.2405018054920694 76
1756353010457 0.2529014808976132 77
1756353010761 0.23923137524853583 78
1756353011063 0.25807686603587604 79
1756353011374 0.25016699925712915 80
1756353011842 0.23579827210177545 81
1756353012145 0.2273793110381002 82
1756353012450 0.23253091586672742 83
1756353012753 0.2405508147633594 84
1756353013058 0.2198669495789901 85
1756353013519 0.21675073711768442 86
1756353013826 0.2091980842144593 87
1756353014129 0.20689843271089636 88
1756353014432 0.21090131220610245 89
1756353014736 0.19297059787356335 90
1756353015039 0.21200366059075232 91
1756353015343 0.21066586284533792 92
1756353015646 0.21144251331039096 93
1756353015951 0.19695862738982492 94
1756353016258 0.19629342659660007 95
1756353016564 0.19590211951214334 96
1756353017039 0.20798341929912567 97
1756353017348 0.200748262198075 98
1756353017653 0.1985787878865781 99
1756353017958 0.18080756521743277 100
1756353018268 0.17718574145565863 101
1756353018732 0.1885063427945842 102
1756353019038 0.17290041692878888 103
1756353019343 0.17789220226847607 104
1756353019646 0.17803464246832806 105
1756353019952 0.19415091755597488 106
1756353020258 0.1688598290733669 107
1756353020561 0.16895121400770935 108
1756353020866 0.1662316270496534 109
1756353021171 0.18855151015779245 110
1756353021473 0.18615555633669315 111
1756353021957 0.17592362994733063 112
1756353022262 0.17359584505143372 113
1756353022567 0.172599526203197 114
1756353022872 0.17403259938177856 115
1756353023179 0.1700301345275796 116
1756353023481 0.17490856025529944 117
1756353023785 0.18034174131310504 118
1756353024282 0.175023448208104 119
1756353024589 0.16939408850410712 120
1756353223274 0.9254738351573115 1
1756353223589 0.9592950940132141 2
1756353224148 0.8049863628719164 3
1756353224463 0.6944316470104716 4
1756353224777 0.6678937777228977 5
1756353225091 0.6329971474149952 6
1756353225406 0.6135798783405967 7
1756353225718 0.5814193215059198 8
1756353226033 0.5833675913188768 9
1756353226510 0.5528291010338328 10
1756353226825 0.5534027853737706 11
1756353227139 0.49846050791118457 12
1756353227453 0.49718864715617633 13
1756353227765 0.4382639527320862 14
1756353228078 0.48495993795602216 15
1756353228391 0.47654860693475476 16
1756353228866 0.48879023349803424 17
1756353229181 0.4456919457601464 18
1756353229497 0.4958782727303712 19
1756353229811 0.48931609288505884 20
1756353230125 0.4627068612886512 21
1756353230439 0.44984630527703656 22
1756353230753 0.408291281565376 23
1756353231227 0.4136915427187215 24
1756353231541 0.390994607106499 25
1756353231856 0.40217710448348004 26
1756353232171 0.4369240182897319 27
1756353232486 0.39681019472039264 28
1756353232800 0.4116387833719668 29
1756353233117 0.43609123385470844 30
1756353233594 0.414750056422275 31
1756353233912 0.375852653513784 32
1756353234228 0.36989791108214337 33
1756353234541 0.3451730155426523 34
1756353234855 0.341969758272171 35
1756353235169 0.3207249071287072 36
1756353235642 0.33442318115545355 37
1756353235956 0.35497234956077905 38
1756353236273 0.33256934518399445 39
1756353236590 0.3657985394415648 40
1756353236906 0.3460172155629034 41
1756353237224 0.30622559980205866 42
1756353237698 0.31040036289588263 43
1756353238013 0.30316995213861053 44
1756353238328 0.29376994656479877 45
1756353238643 0.3593894502390986 46
1756353238956 0.3185308899568475 47
1756353239431 0.3185892059751179 48
1756353239745 0.3084422958933789 49
1756353240060 0.30313410318416095 50
1756353240375 0.2739678284396296 51
1756353240690 0.2818666223598563 52
1756353241007 0.31427734377591504 53
1756353241484 0.31412428682265076 54
1756353241801 0.2850437203179235 55
1756353242117 0.2928501095460809 56
1756353242433 0.29643793922403583 57
1756353242749 0.2618655834508979 58
1756353243065 0.24494196863278098 59
1756353243541 0.2435421418884526 60
1756353243856 0.2660098555295364 61
1756353244171 0.27744230498438294 62
1756353244485 0.27781809607277747 63
1756353244802 0.258201632162799 64
1756353245117 0.2646035953708317 65
1756353245592 0.24554698169231415 66
1756353245906 0.2417634745006976 67
1756353246221 0.24991594838059467 68
1756353246537 0.2381409808345463 69
1756353246852 0.2530790379513865 70
1756353247170 0.24478972606036975 71
1756353247645 0.25427176447018335 72
1756353247962 0.2548322716484899 73
1756353248281 0.22745583886685578 74
1756353248599 0.23781488900599274 75
1756353248915 0.2297920506933461 76
1756353249231 0.26285621523857117 77
1756353249704 0.2390985922968906 78
1756353250021 0.23497327060803122 79
1756353250335 0.23350313435430112 80
1756353250652 0.21959336231584134 81
1756353250970 0.21680368807004846 82
1756353251442 0.19836399607036426 83
1756353251758 0.2225220527337945 84
1756353252074 0.20051785590855972 85
1756353252390 0.20625315282655798 86
1756353252706 0.1935962905054507 87
1756353253021 0.20336261521215024 88
1756353253498 0.1890012641315875 89
1756353253813 0.20662325620651245 90
1756353254129 0.20195650600868723 91
1756353254444 0.20537260757840198 92
1756353254759 0.19955629628637564 93
1756353255074 0.19050659044929172 94
1756353255549 0.19146132533964905 95
1756353255866 0.19096147236616715 96
1756353256183 0.20268949671931888 97
1756353256499 0.21525983447613922 98
1756353256816 0.19151845606772797 99
1756353257134 0.19595297652742136 100
1756353257619 0.18780890366305475 101
1756353257937 0.1843581083028213 102
1756353258255 0.20230996997460074 103
1756353258573 0.19035122122453607 104
1756353258892 0.18333497384320135 105
1756353259209 0.1802334331947824 106
1756353259690 0.18045937367107556 107
1756353260008 0.16996588590352432 108
1756353260326 0.1712819506292758 109
1756353260642 0.17319741456404977 110
1756353260960 0.1600951850414276 111
1756353261279 0.15944792265477387 112
1756353261759 0.17265625233235565 113
1756353262075 0.17079993434574292 114
1756353281567 1.0325592859931614 1
1756353282159 0.9839044861171556 2
1756353282480 0.8977150217346523 3
1756353282800 0.7537055533865223 4
1756353283120 0.7710593290950941 5
1756353283439 0.7038897535075312 6
1756353283757 0.646734665269437 7
1756353284255 0.6532359019569729 8
1756353284575 0.6452952169853708 9
1756353284895 0.5455214225727579 10
1756353285212 0.5099798337272976 11
1756353285534 0.4887082278728485 12
1756353285854 0.5693777993969296 13
1756353286346 0.5377528473086979 14
1756353286665 0.4703803891720979 15
1756353286986 0.5132620788138845 16
1756353287307 0.4606790931328483 17
1756353287625 0.47028598059778626 18
1756353287945 0.46672407829243207 19
1756353288432 0.45473323049752606 20
1756353288753 0.42999032917230023 21
1756353289070 0.41055624251780304 22
1756353289387 0.38090909045675525 23
1756353289704 0.41139574154563574 24
1756353290021 0.4325623978739199 25
1756353290507 0.4550682306289673 26
1756353290825 0.40675499646560004 27
1756353291143 0.39542014054630115 28
1756353291461 0.3962805361851402 29
1756353291780 0.38293623146803485 30
1756353292097 0.38025323593098187 31
1756353292583 0.4198480533516925 32
1756353292901 0.4354262766630753 33
1756353293220 0.3950604096702907 34
1756353293539 0.3888855148916659 35
1756353293859 0.3819145625052245 36
1756353294341 0.3713562890239384 37
1756353294661 0.364790608053622 38
1756353294980 0.36222083542657935 39
1756353295298 0.31239506472711975 40
1756353295615 0.31117417436579 41
1756353295934 0.3354807353538016 42
1756353296416 0.3576940453570822 43
1756353296735 0.33575617554395093 44
1756353297056 0.3212181601835334 45
1756353297377 0.31408255190952966 46
1756353297696 0.29945891123750934 47
1756353298016 0.2990715503692627 48
1756353298502 0.31718341682268225 49
1756353298825 0.34773893719134125 50
1756353299144 0.3129173737505208 51
1756353299465 0.29072445371876593 52
1756353299783 0.27466851667217584 53
1756353300103 0.3041668216819349 54
1756353300589 0.2858255207538605 55
1756353300911 0.27446583885213605 56
1756353301230 0.3084474497515222 57
1756353301551 0.31087960043679114 58
1756353301871 0.313678252308265 59
1756353302192 0.3119483162527499 60
1756353302674 0.2886729564355767 61
1756353302995 0.28285914076411206 62
1756353303315 0.2996469153010327 63
1756353303635 0.2779206199490506 64
1756353303955 0.30716286923574365 65
1756353304439 0.2725817075242167 66
1756353304758 0.2789709535629853 67
1756353305079 0.30473126082316687 68
1756353305398 0.288026894564214 69
1756353305719 0.260635560621386 70
1756353306038 0.24466530784316684 71
1756353306524 0.2805084184460018 72
1756353306842 0.26439376110615936 73
1756353307163 0.2512119159750316 74
1756353307484 0.2386400570040164 75
1756353307808 0.24432979912861533 76
1756353308129 0.2423496628585069 77
1756353308625 0.24722604323988376 78
1756353308951 0.2454824324535287 79
1756353309279 0.2262909224499827 80
1756353309603 0.23047993234966113 81
1756353309925 0.21430415239023126 82
1756353310246 0.23053958040216696 83
1756353310759 0.21479967495669489 84
1756353311080 0.21251480216565338 85
1756353311401 0.20913121233815732 86
1756353311724 0.19428909796735513 87
1756353312044 0.20418368668659873 88
1756353312541 0.20950327813625336 89
1756353312864 0.19953219203845315 90
1756353313186 0.20917044450407443 91
1756353313506 0.21128003428811612 92
1756353501131 0.9109206044155619 1
1756353501465 0.8856762155242588 2
1756353501793 0.8378450196722279 3
1756353502123 0.7893594607062961 4
1756353502454 0.72667382074439 5
1756353503032 0.7909024513286093 6
1756353503363 0.6939859260683474 7
1756353503694 0.5772509069546409 8
1756353504023 0.5660551112631093 9
1756353504353 0.5275382529134336 10
1756353504865 0.5274264410786007 11
1756353505197 0.49542533185171045 12
1756353505529 0.47139154568962427 13
1756353505860 0.46509386275125586 14
1756353506190 0.4910984026349109 15
1756353506701 0.4619729480017786 16
1756353507032 0.43754227524218353 17
1756353507365 0.46291438522546186 18
1756353507697 0.47632007624792017 19
1756353508028 0.47827195473339246 20
1756353508360 0.4594943976920584 21
1756353508862 0.44739876881889673 22
1756353509193 0.45836643680282263 23
1756353509523 0.42904580676037335 24
1756353509852 0.3835103032381638 25
1756353510183 0.39086977943130163 26
1756353510688 0.3842073653055274 27
1756353511020 0.4004811670469201 28
1756353511351 0.39884999523992126 29
1756353511682 0.38862756542537524 30
1756353512011 0.385887262613877 31
1756353512516 0.39221516381139343 32
1756353512847 0.39821899585101916 33
1756353513177 0.3720074684723564 34
1756353513507 0.41616620058598724 35
1756353513835 0.39385947585105896 36
1756353514166 0.35126169349836267 37
1756353514673 0.33366044060043665 38
1756353515006 0.34846873775772425 39
1756353515337 0.34625275692214136 40
1756353515669 0.3550436652224997 41
1756353516001 0.3485850989818573 42
1756353516504 0.3032755346401878 43
1756353516836 0.3307180430578149 44
1756353517167 0.33676211082417035 45
1756353517500 0.386508258788482 46
1756353517836 0.37964232589887537 47
1756353518348 0.3445400193981502 48
1756353518680 0.35064495905585913 49
1756353519010 0.3277273547390233 50
1756353519341 0.3100067241036374 51
1756353519672 0.2966360074022542 52
1756353520178 0.27461234771687054 53
1756353520510 0.2873820545880691 54
1756353520843 0.2843368403289629 55
1756353521175 0.3098623234292735 56
1756353521506 0.2872444475474565 57
1756353521838 0.2740319202775541 58
1756353522345 0.28082446365252783 59
1756353522677 0.28826018001722253 60
1756353523009 0.27028632099213806 61
1756353523340 0.2639982434718505 62
1756353523674 0.25543279881062714 63
1756353524183 0.2677141162364379 64
1756353524517 0.3067331327044446 65
1756353524848 0.26926620110221533 66
1756353525183 0.275978262009828 67
1756353525515 0.2820214719875999 68
1756353537696 0.9542188346385956 1
1756353538031 1.0164038687944412 2
1756353538362 1.0249097347259521 3
1756353538947 0.849551185965538 4
1756353539282 0.7962438613176346 5
1756353539613 0.7185238947470983 6
1756353539946 0.6311398893594742 7
1756353540278 0.5871187473336855 8
1756353540771 0.5600911552707354 9
1756353541103 0.5352572997411092 10
1756353541434 0.48857492208480835 11
1756353541769 0.4853702286879222 12
1756353542101 0.5154070779681206 13
1756353542432 0.4928884630401929 14
1756353542932 0.4866010621190071 15
1756353543264 0.4657668024301529 16
1756353543598 0.4573109522461891 17
1756353543930 0.4568304667870204 18
1756353544262 0.4283028095960617 19
1756353544753 0.4148884067932765 20
1756353545085 0.404689500729243 21
1756353545416 0.418915793299675 22
1756353545748 0.4064335897564888 23
1756353546081 0.3838103612263997 24
1756353546415 0.4160628591974576 25
1756353546908 0.4453826869527499 26
1756353547243 0.4306756357351939 27
1756353547575 0.40808886537949246 28
1756353547906 0.3779280210534732 29
1756353548238 0.3430098568399747 30
1756353548732 0.3359980583190918 31
1756353549067 0.3300505379835765 32
1756353549403 0.3704231232404709 33
1756353549737 0.35791436086098355 34
1756353550069 0.414807491004467 35
1756353550590 0.5026418268680573 36
1756353550924 0.46782110383113223 37
1756353551256 0.38351446638504666 38
1756353551589 0.34384574244419736 39
1756353551920 0.3323616186777751 40
1756353552432 0.33128660420576733 41
1756353552763 0.316336527466774 42
1756353553094 0.3266828879714012 43
1756353553427 0.3190241406361262 44
1756353553758 0.29878808309634525 45
1756353554091 0.2921526109178861 46
1756353554603 0.2684919995566209 47
1756353554936 0.2794269137084484 48
1756353555271 0.2951907093326251 49
1756353555605 0.2790336298445861 50
1756353555939 0.2635620559255282 51
1756353556448 0.27754925688107807 52
1756353556782 0.3136293403804302 53
1756353557116 0.27009229362010956 54
1756353557450 0.3148057386279106 55
1756353557781 0.3032047425707181 56
1756353558304 0.2600815122326215 57
1756353558638 0.25768988331158954 58
1756353558972 0.25558869416515034 59
1756353559306 0.26732973009347916 60
1756353559642 0.25517110899090767 61
1756353560163 0.2479709635178248 62
1756353560496 0.2465056007107099 63
1756353560829 0.25150756165385246 64
1756353561168 0.23995749404033026 65
1756353561503 0.23119496181607246 66
1756353561838 0.2133555387457212 67
1756353562360 0.22369413574536642 68
1756353562694 0.22017322853207588 69
1756353563027 0.22248650838931402 70
1756353563358 0.20426237707336745 71
1756353563691 0.21502131347854933 72
1756353564203 0.21118041997154555 73
1756353564535 0.22756428395708403 74
1756353564867 0.20480001593629518 75
1756353565198 0.22688894470532736 76
1756353565532 0.21178079272309938 77
1756353565866 0.2156484747926394 78
1756353566381 0.2078838311135769 79
1756353566714 0.21532362947861353 80
1756353567047 0.19662608578801155 81
1756353567379 0.21535557011763254 82
1756353567714 0.20077880347768465 83
1756353568237 0.20678515608112016 84
1756353568572 0.19536457707484564 85
1756353568905 0.20842006926735243 86
1756353569240 0.21135765314102173 87
1756353569572 0.21339436496297517 88
1756353570077 0.17791694402694702 89
1756353570414 0.19263035307327905 90
1756353570750 0.1896961343785127 91
1756353571085 0.19054575761159262 92
1756353571417 0.18551864102482796 93
1756353571919 0.1735948733985424 94
1756353572253 0.17030630633234978 95
1756353572590 0.17139440278212228 96
1756353572925 0.16183470313747725 97
1756353573258 0.1753186285495758 98
1756353573594 0.1895811210076014 99
1756353574093 0.18903627370794615 100
1756353596320 0.9916454605434252 1
1756353596661 0.9351786064065021 2
1756353597246 0.8626666613247084 3
1756353597584 0.8341016380683236 4
1756353597923 0.7643694877624512 5
1756353598261 0.7484170794487 6
1756353598606 0.6429917708687161 7
1756353599110 0.6644317300423331 8
1756353599451 0.6419621330240498 9
1756353599790 0.6997842555460723 10
1756353600127 0.5497091114521027 11
1756353600466 0.5886471051236858 12
1756353600804 0.5745316329209701 13
1756353601325 0.5194280277127805 14
1756353601665 0.5035039782524109 15
1756353602003 0.47925243559090985 16
1756353602342 0.5085104587285415 17
1756353602682 0.5375467085320017 18
1756353603182 0.5227464087631392 19
1756353603520 0.517509595207546 20
1756353603857 0.47787213973377063 21
1756353604195 0.4605477335660354 22
1756353604533 0.48649419649787573 23
1756353605029 0.47910905532214954 24
1756353605370 0.44977132781692175 25
1756353605708 0.46363314727078314 26
1756353606045 0.4266364820625471 27
1756353606383 0.444678131652915 28
1756353606900 0.443317808534788 29
1756353607238 0.428213506937027 30
1756353607576 0.458858671395675 31
1756353607915 0.42024404199227045 32
1756353608251 0.5029890459516774 33
1756353608593 0.5063589267108751 34
1756353609119 0.4389502289502517 35
1756353609461 0.41602954009304877 36
1756353609799 0.46965583770171454 37
1756353610136 0.4789268089377362 38
1756353610474 0.41559216380119324 39
1756353610980 0.41126647202864935 40
1756353611319 0.38926047345866327 41
1756353611662 0.45159205664759094 42
1756353612002 0.414701618578123 43
1756353612341 0.3748423457145691 44
1756353612848 0.40085103330404864 45
1756353613188 0.4012968877087469 46
1756353613529 0.364306997993718 47
1756353613866 0.3405705392360687 48
1756353614206 0.360178054674812 49
1756353614706 0.3367962914964427 50
1756353615043 0.3684022659840791 51
1756353615379 0.3693208668542945 52
1756353615720 0.3697739437870357 53
1756353616060 0.34519544632538507 54
1756353616400 0.32582888914191205 55
1756353616901 0.33209219574928284 56
1756353617243 0.3396465480327606 57
1756353617583 0.3457511598649232 58
1756353617921 0.34762920504030975 59
1756353618259 0.3016024581764055 60
1756353618759 0.31592089067334717 61
1756353619099 0.31133627178876294 62
1756353619437 0.3169008227794067 63
1756353619776 0.28904227847638336 64
1756353620115 0.2888874372710352 65
1756353620456 0.3188211334788281 66
1756353620960 0.3164986216503641 67
1756353621303 0.2986111906559571 68
1756353621645 0.28295479714870453 69
1756353621986 0.28038536141748016 70
1756353622328 0.3070155226665994 71
1756353622853 0.3143762661063153 72
1756353623219 0.2895790662454522 73
1756353623560 0.2938926945561948 74
1756353623899 0.2733405809039655 75
1756353624238 0.26928450296754425 76
1756353624762 0.2842432500227638 77
1756353625102 0.2836875462013742 78
1756353625441 0.2920045509286549 79
1756353625791 0.26990481239298114 80
1756353626130 0.26839888290218683 81
1756353626645 0.2665115484724874 82
1756353626983 0.25726121275321295 83
1756353627321 0.25660592576731805 84
1756353627659 0.24190890659456668 85
1756353627999 0.2491726182077242 86
1756353628524 0.2560041715269503 87
1756353628864 0.23829912880192633 88
1756353629204 0.23702591528063235 89
1756353629545 0.24457352446473163 90
1756353629885 0.23081020168636157 91
1756353630225 0.23514858017797055 92
1756353630730 0.23384542763233185 93
1756353631069 0.22452691197395325 94
1756353631412 0.21491967919080154 95
1756353631753 0.2100720463887505 96
1756353632096 0.21544600764046545 97
1756353632639 0.22377821349579355 98
1756353632984 0.2422551901444145 99
1756353633324 0.22995582741239798 100
1756353633662 0.2210157539533532 101
1756353634006 0.21437555681104245 102
1756353634522 0.20611514863760574 103
1756353634865 0.2194853574037552 104
1756353635206 0.2101248139920442 105
1756353635549 0.21456568072671475 106
1756353635888 0.22615575984768246 107
1756353636232 0.22513923761637314 108
1756353636748 0.21205138706642648 109
1756353637089 0.21162734018719714 110
1756353817237 1.0429505010445912 1
1756353817587 0.8798373639583588 2
1756353817932 0.9116146167119344 3
1756353818277 0.9384039044380188 4
1756353818622 0.9266447424888611 5
1756353819230 0.8869668742020925 6
1756353819579 0.6812537511189779 7
1756353819927 0.7367254594961802 8
1756353820272 0.643551101287206 9
1756353820617 0.5841145217418671 10
1756353820960 0.5659751941760381 11
1756353821481 0.5244154036045074 12
1756353821828 0.5527795602877935 13
1756353822174 0.47761939465999603 14
1756353822520 0.5176791002353033 15
1756353822867 0.4776080350081126 16
1756353823414 0.4856049567461014 17
1756353823761 0.46749479075272876 18
1756353824109 0.4842313329378764 19
1756353824456 0.44593245287736255 20
1756353824800 0.4415603081385295 21
1756353825336 0.4457436452309291 22
1756353825683 0.4152535945177078 23
1756353826028 0.42542550961176556 24
1756353826377 0.4224301924308141 25
1756353826723 0.40000570317109424 26
1756353827256 0.39574184517065686 27
1756353827603 0.3636767119169235 28
1756353827951 0.36017713447411853 29
1756353828299 0.35445184508959454 30
1756353828645 0.3603522678216298 31
1756353828994 0.34176456928253174 32
1756353829528 0.3490506559610367 33
1756353829879 0.33943168818950653 34
1756353830224 0.3672233571608861 35
1756353830570 0.33695292472839355 36
1756353830916 0.3348326236009598 37
1756353831451 0.3315647641817729 38
1756353831799 0.3025421549876531 39
1756353832146 0.30227257311344147 40
1756353832492 0.313579519589742 41
1756353832839 0.3064858814080556 42
1756353833366 0.3249507000048955 43
1756353833713 0.30312860012054443 44
1756353834060 0.30635060866673786 45
1756353834407 0.30207090079784393 46
1756353834753 0.3129442632198334 47
1756353835276 0.29752112925052643 48
1756353835624 0.2967196653286616 49
1756353835973 0.28440697987874347 50
1756353836321 0.3024587680896123 51
1756353836668 0.2682294696569443 52
1756353837016 0.2793363432089488 53
1756353837535 0.2750633309284846 54
1756353837882 0.2736879661679268 55
1756353838229 0.25685933729012805 56
1756353838577 0.24625129252672195 57
1756353838925 0.2524513403574626 58
1756353839440 0.2586986819903056 59
1756353839789 0.24847958981990814 60
1756353840139 0.24177239586909613 61
1756353840486 0.23867467294136682 62
1756353840833 0.22512599577506384 63
1756353841344 0.23866602033376694 64
1756353841690 0.2260725125670433 65
1756353842036 0.22601893047491708 66
1756353842384 0.22853089620669684 67
1756353842730 0.2303140585621198 68
1756353843077 0.22696726769208908 69
1756353843592 0.23045452435811362 70
1756353843939 0.22285222013791403 71
1756353844286 0.21708599478006363 72
1756353844633 0.22451081375281015 73
1756353844979 0.214794360101223 74
1756353845490 0.19853557646274567 75
1756353845837 0.21520904948314032 76
1756353846183 0.21647534519433975 77
1756353846529 0.21643748382727304 78
1756353846877 0.2134357045094172 79
1756353847384 0.20778217415014902 80
1756353847733 0.21120310326417288 81
1756353848081 0.21797476212183634 82
1756353848430 0.22110556066036224 83
1756353848779 0.19537551204363504 84
1756353849286 0.21090016017357507 85
1756353849636 0.19659700989723206 86
1756353849984 0.1947398285071055 87
1756353850332 0.1873757392168045 88
1756353850684 0.1826134646932284 89
1756353851031 0.19302781422932944 90
1756353851539 0.20922467857599258 91
1756353851887 0.18657194326321283 92
1756353852234 0.18882916371027628 93
1756353852583 0.1848146840929985 94
1756353852931 0.18188973516225815 95
1756353853437 0.18384898453950882 96
1756353853785 0.18140596648057303 97
1756353854133 0.18606767803430557 98
1756353854481 0.1846908281246821 99
1756353854828 0.1709891383846601 100
1756353855177 0.17012468228737512 101
1756353855685 0.17728320012489954 102
1756353856032 0.1902453824877739 103
1756353856381 0.17612616221110025 104
1756353856729 0.1803115407625834 105
1756353857077 0.17536711196104685 106
1756353857583 0.17465619246164957 107
1756353857932 0.17111063251892725 108
1756353858280 0.16007752219835916 109
1756353858627 0.16905514150857925 110
1756353858976 0.17190310607353845 111
1756353859485 0.16055095195770264 112
1756353859834 0.16524222244819006 113
1756353860181 0.16317898283402124 114
1756353860530 0.1586588422457377 115
1756353884418 1.2676439077957817 1
1756353884769 1.1583649801171345 2
1756353885115 0.9722694961921029 3
1756353885463 0.8187340523885644 4
1756353886062 0.6701228229895883 5
1756353886411 0.6301435983699301 6
1756353886758 0.6083813892758411 7
1756353887108 0.6012860044189121 8
1756353887458 0.669613954813584 9
1756353887987 0.6165170177169468 10
1756353888336 0.5645685234795446 11
1756353888684 0.5806126400180485 12
1756353889031 0.5475005818449933 13
1756353889381 0.543652241644652 14
1756353889729 0.5150738824968752 15
1756353890246 0.5223899483680725 16
1756353890596 0.4938887746437736 17
1756353890944 0.5024878875068997 18
1756353891294 0.46766491946966754 19
1756353891644 0.48786900354468304 20
1756353892159 0.4579769152662028 21
1756353892507 0.4467348948768947 22
1756353892856 0.42595044944597327 23
1756353893204 0.43561832023703534 24
1756353893553 0.4688950802968896 25
1756353893903 0.40424177309741144 26
1756353894418 0.4600558902906335 27
1756353894768 0.4259869845017143 28
1756353895119 0.39522999006768933 29
1756353895468 0.3814756883227307 30
1756353895819 0.40638270844583924 31
1756353896333 0.38465001401693927 32
1756353896685 0.3963583293168441 33
1756353897034 0.37475195138350775 34
1756353897382 0.35188371461370715 35
1756353897730 0.3476459176644035 36
1756353898237 0.32087476616320404 37
1756353898587 0.3123010474702586 38
1756353898939 0.3295663225909938 39
1756353899288 0.39513112280679785 40
1756353899639 0.3747277454189632 41
1756353900157 0.30293260061222577 42
1756353900505 0.3470352317975915 43
1756353900853 0.33217339930327044 44
1756353901203 0.3094073754289876 45
1756353901554 0.3080359677905622 46
1756353901902 0.3022002474121425 47
1756353902419 0.29111254539178766 48
1756353902770 0.29136317838793213 49
1756353903122 0.28897739687691565 50
1756353903472 0.2804561004690502 51
1756353903822 0.30844196677207947 52
1756353904341 0.30255505313044007 53
1756353904688 0.26619603905988776 54
1756353905038 0.274706297594568 55
1756353905387 0.2935017541698787 56
1756353905739 0.3820856783701026 57
1756353906260 0.2939786677775176 58
1756353906611 0.28581308541090594 59
1756353906960 0.2675470191499461 60
1756353907309 0.26031589378481323 61
1756353907657 0.26070418111656024 62
1756353908004 0.30127026853354083 63
1756353908515 0.3014913376258767 64
1756353908866 0.3102430027464162 65
1756353909214 0.2973677729782851 66
1756353909565 0.28117577990759973 67
1756353909914 0.24601136795852496 68
1756353910428 0.2367269234812778 69
1756353910778 0.24834008709244107 70
1756353911128 0.24141559328721918 71
1756353911478 0.32245155585848767 72
1756353911829 0.3016767709151558 73
1756353912337 0.2881988753443179 74
1756353912686 0.2648181377545647 75
1756353913038 0.2573930867340254 76
1756353913389 0.26073579036671185 77
1756353913738 0.25797187180622766 78
1756353914245 0.2402104255945786 79
1756353914598 0.23361907057140185 80
1756353914950 0.23893687258596005 81
1756353915302 0.21955315639143405 82
1756353915652 0.22043050372082254 83
1756353916160 0.2375759579565214 84
1756353916510 0.24245540603347446 85
1756353916861 0.22977536268856213 86
1756353917210 0.22204961724903272 87
1756353917561 0.23389763806177222 88
1756353918072 0.2179881988660149 89
1756353918424 0.22477303639702176 90
1756353918774 0.2175958610099295 91
1756353919126 0.20388272080732428 92
1756353919477 0.20579625083052594 93
1756353919827 0.1931783122860867 94
1756353920331 0.20847536623477936 95
1756353920680 0.20148882788160574 96
1756353921032 0.18081293481847513 97
1756353921384 0.1765957286824351 98
1756353921735 0.2002679783365001 99
1756353922244 0.1912090927362442 100
1756353922594 0.1773676379867222 101
1756353922945 0.18990933895111084 102
1756353923298 0.18121418680833734 103
1756353923650 0.1895988421595615 104
1756353924161 0.19145628097264664 105
1756353924511 0.2082787318074185 106
1756353924860 0.204394624285076 107
1756353925210 0.179513209539911 108
1756353925560 0.1804587782725044 109
1756353926072 0.17985641502815744 110
1756353926423 0.17174047231674194 111
1756353926774 0.19446033498515253 112
1756353927124 0.19147545779528824 113
1756353927475 0.18091637867948282 114
1756353927825 0.173959207923516 115
1756353928335 0.17776339403961017 116
1756354163158 0.9438623993293099 1
1756354163523 0.840539012266242 2
1756354163885 0.8429772050484367 3
1756354164496 0.8477928845778756 4
1756354164859 0.7474894355172697 5
1756354165221 0.6640931886175404 6
1756354165585 0.627910290075385 7
1756354166109 0.6207091989724532 8
1756354166471 0.6729264777639637 9
1756354166835 0.6142764609792958 10
1756354167197 0.5877184945604076 11
1756354167560 0.5931535466857578 12
1756354168089 0.5889771891676862 13
1756354168454 0.5940493928349536 14
1756354168815 0.5177710950374603 15
1756354169177 0.48159397814584815 16
1756354169702 0.5020673987658127 17
1756354170068 0.4738626195036847 18
1756354170433 0.44666993358860846 19
1756354170796 0.4303393338037574 20
1756354171161 0.4099364371403404 21
1756354171690 0.4275560702966607 22
1756354172054 0.42718046514884284 23
1756354172418 0.3983410596847534 24
1756354172780 0.4137177946774856 25
1756354173312 0.4114960069241731 26
1756354173677 0.3853581223798835 27
1756354174044 0.3987629815288212 28
1756354174406 0.3747125099534574 29
1756354174934 0.37427255770434503 30
1756354175299 0.4183542754339135 31
1756354175663 0.37880012911299 32
1756354176029 0.36459443621013476 33
1756354176394 0.34065225849980896 34
1756354176922 0.3547422911809838 35
1756354177286 0.37619305304858996 36
1756354177651 0.3517950151277625 37
1756354178015 0.3543899409149004 38
1756354178545 0.34510470732398657 39
1756354178913 0.32604453097219055 40
1756354179276 0.3242658635844355 41
1756354179645 0.3080008988795073 42
1756354180181 0.3092898279428482 43
1756354180548 0.2924197154200595 44
1756354180913 0.3124537999215333 45
1756354181278 0.30276978275050287 46
1756354181644 0.3107640795085741 47
1756354182179 0.2918525824080343 48
1756354182547 0.3540839203025984 49
1756354182912 0.3321942933227705 50
1756354183278 0.33662503957748413 51
1756354183811 0.3292549103498459 52
1756354184176 0.3247210823971292 53
1756354184542 0.37797868640526483 54
1756354184908 0.3516575849574545 55
1756354185271 0.3130377673584482 56
1756354185801 0.3130391713069833 57
1756354186167 0.28532630853030994 58
1756354186533 0.29994068975033966 59
1756354186899 0.2922136699375899 60
1756354187264 0.2919937592485677 61
1756354187798 0.29492665762486664 62
1756354188166 0.27891645094622736 63
1756354188534 0.29830211660136347 64
1756354188901 0.2813771762277769 65
1756354189434 0.27890079436094867 66
1756354189801 0.29200658202171326 67
1756354190169 0.26550004404524097 68
1756354190536 0.2912739586570989 69
1756354191064 0.2958847925714824 70
1756354191429 0.28241246420404187 71
1756354191796 0.26817280637181323 72
1756354192160 0.2505059831816217 73
1756354192524 0.27342301736707275 74
1756354193057 0.2847799321879511 75
1756354193423 0.2798700008703315 76
1756354193789 0.26220449740472046 77
1756354194153 0.2422718153051708 78
1756354194521 0.28395002821217413 79
1756354195055 0.33014102085776953 80
1756354195421 0.29266316281712573 81
1756354195790 0.2545111419066139 82
1756354196156 0.25323001327721967 83
1756354196686 0.26173080244789954 84
1756354197051 0.2560759458852851 85
1756354197418 0.24558917076691336 86
1756354197782 0.23245177644750345 87
1756354198311 0.2295166649248289 88
1756354198676 0.23916057270506155 89
1756354199041 0.23447338329709094 90
1756354199406 0.23280547947987265 91
1756354199773 0.24925580555978027 92
1756354200305 0.22432887295018072 93
1756354200673 0.21618202393469604 94
1756354201040 0.2331423228201659 95
1756354201408 0.22449941090915515 96
1756354201776 0.21259629078533337 97
1756354202310 0.199424191661503 98
1756354202675 0.21714010640330936 99
1756354203041 0.21397504923136337 100
1756354203408 0.21233132611150327 101
1756354203958 0.22261437838492187 102
1756354204324 0.20106418042079263 103
1756354426053 0.9949917767358862 1
1756354426691 1.0003651924755261 2
1756354427072 0.7985231928203417 3
1756354427451 0.8239437134369559 4
1756354427825 0.6765323566353839 5
1756354428387 0.6925959198371224 6
1756354428764 0.6420925220717555 7
1756354429143 0.610090390495632 8
1756354429521 0.578501987716426 9
1756354430072 0.5543331426122914 10
1756354430448 0.5572856962680817 11
1756354430826 0.5481817864853403 12
1756354431206 0.5509429768375729 13
1756354431585 0.5668023954267087 14
1756354432150 0.5235091992046522 15
1756354432526 0.4654697711053102 16
1756354432907 0.4388321534447048 17
1756354433288 0.44184045428815094 18
1756354433843 0.4361432557520659 19
1756354434225 0.44343375770942023 20
1756354434604 0.429297606582227 21
1756354435156 0.41704775587372156 22
1756354435534 0.39529708416565607 23
1756354435910 0.41234170353930927 24
1756354436290 0.46824624486591504 25
1756354436673 0.4156634405903194 26
1756354437219 0.3741772939329562 27
1756354437598 0.36859248513760773 28
1756354437979 0.3753993109516475 29
1756354438358 0.3695426194564156 30
1756354438904 0.3719835449819979 31
1756354439284 0.39770643866580463 32
1756354439660 0.38699789410052093 33
1756354440042 0.41884987121043 34
1756354440609 0.385563964429109 35
1756354440990 0.39552902138751483 36
1756354441368 0.3970579466094141 37
1756354441746 0.38035386671190674 38
1756354442296 0.3211609254712644 39
1756354442676 0.3542929110319718 40
1756354443056 0.3347270423951356 41
1756354443436 0.36326964523481287 42
1756354443987 0.32616599616797076 43
1756354444366 0.3227639133515565 44
1756354444745 0.29813512771025946 45
1756354445123 0.30935414200243744 46
1756354445668 0.2997985171235126 47
1756354446049 0.3065718580847201 48
1756354446429 0.28482476200746454 49
1756354446808 0.33889461341111554 50
1756354447361 0.32857488290123316 51
1756354447741 0.3135073431160139 52
1756354448121 0.31525357002797333 53
1756354448501 0.28240979883981787 54
1756354449045 0.2879665468050086 55
1756354449424 0.28376237270624743 56
1756354449803 0.29841436445713043 57
1756354450182 0.2673435833143151 58
1756354450719 0.30994387294935144 59
1756354451096 0.2721485022617423 60
1756354451475 0.2611311078071594 61
1756354451854 0.290159967282544 62
1756354452392 0.29008161697698676 63
1756354452773 0.26606912846150604 64
1756354453151 0.2751210746557816 65
1756354453532 0.26913012434606964 66
1756354453913 0.2864731789931007 67
1756354454454 0.3114511182774668 68
1756354454833 0.30543033649092133 69
1756354455211 0.25744205518909125 70
1756354455746 0.2637024048877799 71
1756354456124 0.22839846494405167 72
1756354456501 0.24739237907140152 73
1756354456879 0.24034482111101566 74
1756354457257 0.2485873167929442 75
1756354457792 0.24751974383126135 76
1756354458169 0.23437843504159347 77
1756354458550 0.2269133562627046 78
1756354685295 1.034084255280702 1
1756354685683 0.9122457711592965 2
1756354686337 0.8324738067129384 3
1756354686722 0.766189588152844 4
1756354687108 0.7239108292952828 5
1756354687493 0.737277759158093 6
1756354688057 0.6086929881054423 7
1756354688441 0.6028096805448118 8
1756354688827 0.6089074209980343 9
1756354689213 0.591261572164038 10
1756354689780 0.5992625925851904 11
1756354690166 0.6289363969927249 12
1756354690551 0.5619099425232928 13
1756354690938 0.5450214834316917 14
1756354691326 0.49540728071461554 15
1756354691918 0.4976050633451213 16
1756354692308 0.47008093543674634 17
1756354692695 0.4882465678712596 18
1756354693275 0.46733408777610114 19
1756354693664 0.46318376453026483 20
1756354694052 0.426710941221403 21
1756354694441 0.43260624356891797 22
1756354695009 0.43336405054382654 23
1756354695399 0.42479343906692835 24
1756354695788 0.4004278118195741 25
1756354696176 0.3795138804808907 26
1756354696565 0.3810375954793847 27
1756354697130 0.3934123140314351 28
1756354697519 0.4479252514631852 29
1756354697907 0.4174143205518308 30
1756354698300 0.428561200266299 31
1756354698862 0.4002653852753017 32
1756354699250 0.3792193156221639 33
1756354699637 0.35309853631517163 34
1756354700024 0.383632339861082 35
1756354700579 0.3674993825995404 36
1756354700968 0.373366368205651 37
1756354701356 0.3773007729779119 38
1756354701743 0.3375069524930871 39
1756354702292 0.3256638257399849 40
1756354702680 0.3335709766201351 41
1756354703069 0.3403726531111676 42
1756354703458 0.3355254712312118 43
1756354704011 0.31887138796889264 44
1756354704400 0.339001529890558 45
1756354704788 0.3188980079215506 46
1756354705175 0.31099624607874 47
1756354705726 0.30297838151454926 48
1756354706111 0.30630047165829205 49
1756354706499 0.31987576121869293 50
1756354706886 0.32433665900126746 51
1756354707273 0.3386820178964864 52
1756354707822 0.3218131803947946 53
1756354708207 0.28047145384809247 54
1756354708595 0.2652330288420553 55
1756354709143 0.28204499314660614 56
1756354709532 0.28872856627339905 57
1756354709921 0.30555962673995807 58
1756354710311 0.3294718537641608 59
1756354710700 0.3098014554251795 60
1756354711304 0.3178188748981642 61
1756354711693 0.2974117566709933 62
1756354712080 0.2698961314947709 63
1756354712473 0.27118133656356647 64
1756354713100 0.2716214909501698 65
1756354713488 0.2629582298838574 66
1756354713878 0.2706918159256811 67
1756354714267 0.32622627460438275 68
1756354714866 0.2555146677338559 69
1756354715254 0.2543669628060382 70
1756354715641 0.2636534584605176 71
1756354716246 0.25009948922240216 72
1756354716638 0.2656392312568167 73
1756354717025 0.2670589160660039 74
1756354717413 0.25873357770235644 75
1756354717801 0.2569970184046289 76
1756354718374 0.23957491568897082 77
1756354718763 0.24200198961340863 78
1756354719153 0.221340822784797 79
1756354719544 0.24602603005326312 80
1756354720106 0.23466680101726367 81
1756354720493 0.2218930449174798 82
1756354720881 0.22593104061873062 83
1756354721268 0.23150403084962265 84
1756354721827 0.22298396087211111 85
1756354722215 0.21661949287290158 86
1756354722603 0.21956227201482523 87
1756354722989 0.23850688014341437 88
1756354723547 0.22646903538185617 89
1756354723935 0.2232448037551797 90
1756354724326 0.2072753685971965 91
1756354724716 0.22079512476921082 92
1756354725279 0.19906050938626993 93
1756354725668 0.21080030760039453 94
1756354726056 0.21026455643384354 95
1756354726443 0.20675964783067288 96
1756354726995 0.18970706087091696 97
1756354727383 0.1879574319590693 98
1756354727773 0.19042065415693366 99
1756354728161 0.18267527676146963 100
1756354728715 0.19358630931895712 101
1756354729103 0.2014953111824782 102
1756354729497 0.19385867922202402 103
1756354729885 0.19463989592116812 104
1756354730453 0.18285533040761948 105
1756354730842 0.19316955558631732 106
1756354731233 0.21193244858928348 107
1756354731622 0.2050563764312993 108
1756354732188 0.19061123352983725 109
1756354732575 0.18737930318583612 110
1756354732962 0.1832921952009201 111
1756354733350 0.17294382012408713 112
1756354733906 0.18345763372338336 113
1756354734297 0.18913957282252933 114
1756354734686 0.1713214730438979 115
1756354735075 0.1769465007211851 116
1756354735465 0.19036540907362234 117
1756354736023 0.1868450570365657 118
1756354736412 0.17365388637003693 119
1756354736803 0.17519945456929828 120
1756354737366 0.17598458800626837 121
1756354737754 0.17979899631894153 122
1756354738142 0.17255133196063663 123
1756354738532 0.1635320562383403 124
1756354738924 0.1741555067508117 125
1756354739479 0.1694711670279503 126
1756354739868 0.1610700737522996 127
1756354740256 0.163907581049463 128
1756354740645 0.1661897819975148 129
1756354741197 0.1656185916584471 130
1756354741585 0.16693684199581976 131
1756354741981 0.1714366940052613 132
1756354742371 0.1676803134057833 133
1756354742956 0.17098324065623077 134
1756354743345 0.1664601156245107 135
1756354743734 0.17237566281919894 136
1756354744325 0.16614065416481183 137
1756354744714 0.15661685103955475 138
1756354745103 0.16010814386865366 139
1756354745492 0.16216565700976746 140
1756354745881 0.16152988147476446 141
1756354746458 0.16733133339363596 142
1756354746848 0.17194009313116904 143
1756354747238 0.15835646054019098 144
1756354747627 0.15924855645584024 145
1756354774123 1.056200693482938 1
1756354774515 1.0810816339824512 2
1756354775165 0.8396629768869152 3
1756354775556 0.6968512483265089 4
1756354775947 0.6749909351701322 5
1756354776337 0.6706292007280432 6
1756354776902 0.6628832039625748 7
1756354777297 0.5813049311223237 8
1756354777689 0.5798995637375376 9
1756354778080 0.5226431709268818 10
1756354778644 0.5617910999318828 11
1756354779037 0.5046951796697534 12
1756354779429 0.46597169922745746 13
1756354779819 0.4931538869505343 14
1756354780382 0.5113859591276749 15
1756354780772 0.4900371626667354 16
1756354781162 0.4792808981045433 17
1756354781553 0.47533092032308166 18
1756354782124 0.44775433384853863 19
1756354782517 0.4629683274289836 20
1756354782910 0.41924062759979913 21
1756354783302 0.46603290153586346 22
1756354783867 0.45476587051930634 23
1756354784257 0.45348295051118603 24
1756354784648 0.3950511424437813 25
1756354785041 0.3865269785342009 26
1756354785608 0.36938100016635395 27
1756354786003 0.3960574256337207 28
1756354786395 0.4205546703027642 29
1756354786789 0.41391546182010486 30
1756354787383 0.4111149038957513 31
1756354787775 0.37498674185379693 32
1756354788168 0.35187579237896466 33
1756354788562 0.3631954918736997 34
1756354788955 0.33028533018153644 35
1756354789535 0.3741616075453551 36
1756354789928 0.3375262579192286 37
1756354790320 0.3235921004544134 38
1756354790713 0.3615017546259839 39
1756354791286 0.3482511600722437 40
1756354791678 0.3424185916133549 41
1756354792071 0.3892567902803421 42
1756354792463 0.3754934331645136 43
1756354793028 0.3769726338593856 44
1756354793420 0.37085259479025134 45
1756354793813 0.36182888824006787 46
1756354794205 0.32426604758138244 47
1756354794768 0.3091438833786094 48
1756354795160 0.3116919709288556 49
1756354795550 0.32189496055893274 50
1756354795943 0.32576904348705127 51
1756354796509 0.31397464677043585 52
1756354796902 0.2784697847521823 53
1756354797297 0.27864513384259265 54
1756354797689 0.2973790615797043 55
1756354798255 0.28923526211925177 56
1756354798649 0.27546974822230963 57
1756354799041 0.34282484780187195 58
1756354799433 0.31928401861501776 59
1756354799999 0.3019666477389958 60
1756354800393 0.28230203882507654 61
1756354800785 0.3247784453889598 62
1756354801177 0.27424768131712207 63
1756354801749 0.2728044092655182 64
1756354802145 0.27004003071266675 65
1756354802537 0.2613316081140352 66
1756354802930 0.284966010114421 67
1756354803497 0.27040908777195477 68
1756354803887 0.2615251696628073 69
1756354804278 0.28067048217939294 70
1756354804668 0.26373774720274884 71
1756354805227 0.25291927936284436 72
1756354805619 0.284567398869473 73
1756354806012 0.2573209903810335 74
1756354806404 0.24613220341827557 75
1756354806794 0.23677177662434784 76
1756354807362 0.24862431767194168 77
1756354807753 0.22906295307304547 78
1756354808147 0.22811603416567264 79
1756354808712 0.22186363196891287 80
1756354809105 0.23209826518660007 81
1756354809497 0.2388209985650104 82
1756354809892 0.24789805775103363 83
1756354810287 0.2377048484657122 84
1756354810845 0.2201843903116558 85
1756354811236 0.21308122445707736 86
1756354811627 0.20442550920921823 87
1756354812019 0.21253084164598715 88
1756354812583 0.21610519937846973 89
1756354812974 0.2168036200430082 90
1756354813368 0.21413013857343924 91
1756354813760 0.19970315889171933 92
1756354814319 0.21827959107316058 93
1756354814713 0.21435001103774362 94
1756354815106 0.21603040138016577 95
1756354815666 0.1868594726142676 96
1756354816060 0.21145951877469601 97
1756354816454 0.23101155654243802 98
1756354816847 0.21497913158458212 99
1756354817242 0.19628055911997092 100
1756354817806 0.20275953735994257 101
1756354818205 0.20006519944771475 102
1756354818600 0.1871833762396937 103
1756354818992 0.1827769195256026 104
1756354819590 0.2022239449231521 105
1756354819987 0.18570736439331717 106
1756354820380 0.19212364891301031 107
1756354820773 0.1963260867025541 108
1756354821354 0.1927662958269534 109
1756354821749 0.18241726639478104 110
1756354822143 0.2013266410516656 111
1756354822536 0.1769846049339875 112
1756354823115 0.1789062217525814 113
1756354823509 0.18703948868357617 114
1756354823903 0.18743857028691666 115
1756354824297 0.1840070797049481 116
1756354824874 0.18345790453579114 117
1756354825266 0.18602531435696976 118
1756354825662 0.17918997419917065 119
1756354826058 0.16826417945001437 120
1756354826636 0.17761305557644885 121
1756354827033 0.18037758767604828 122
1756354827428 0.17589849104052005 123
1756354827823 0.17681213824645334 124
1756354828398 0.1693427614543749 125
1756354828793 0.17407993454000223 126
1756354829185 0.1681367171847302 127
1756354829580 0.16396824983151062 128
1756354830158 0.17272053075873334 129
1756355076714 1.001562986684882 1
1756355077124 0.9709979528966157 2
1756355077528 0.9477982754292695 3
1756355078206 0.8464549650316653 4
1756355078609 0.7755826011947964 5
1756355079012 0.657216155010721 6
1756355079414 0.5980988378110139 7
1756355079971 0.6103671672551528 8
1756355080376 0.6107097514297651 9
1756355080779 0.5783018793748773 10
1756355081181 0.5910271483918895 11
1756355081740 0.5620352237120919 12
1756355082145 0.5338064289611318 13
1756355082549 0.5179980125116266 14
1756355082953 0.47966036200523376 15
1756355083514 0.4821084452712018 16
1756355083919 0.48043050195859827 17
1756355084323 0.44354125209476636 18
1756355084726 0.4746143973391989 19
1756355085286 0.4860301393529643 20
1756355085690 0.43905610623567 21
1756355086094 0.434381453887276 22
1756355086497 0.4331054544967154 23
1756355087055 0.4147963497949683 24
1756355087460 0.4899115653141685 25
1756355087865 0.4329882004986639 26
1756355088269 0.40530595442523126 27
1756355088857 0.4254717425159786 28
1756355089263 0.41753642584966577 29
1756355089670 0.40964587745459186 30
1756355090077 0.3777221143245697 31
1756355090485 0.3581014443998751 32
1756355091077 0.34371060392130975 33
1756355091481 0.3488035098366115 34
1756355091888 0.35838478803634644 35
1756355092468 0.33773861371952557 36
1756355092875 0.34674892477367236 37
1756355093284 0.3235972743967305 38
1756355093691 0.34653317280437634 39
1756355094266 0.33254467404407 40
1756355094673 0.3299892648406651 41
1756355095076 0.3182759738486746 42
1756355095480 0.33264967863974365 43
1756355095883 0.3621462713117185 44
1756355096457 0.33584332725276117 45
1756355096862 0.30146109669104865 46
1756355097268 0.3359208301357601 47
1756355097672 0.34210171258967853 48
1756355098244 0.3233635289513547 49
1756355098647 0.32143581820570905 50
1756355099054 0.2994263036095578 51
1756355099458 0.31368245702722797 52
1756355100027 0.2829769648935484 53
1756355100433 0.3082503216422122 54
1756355100840 0.3070476573446523 55
1756355101247 0.27552848212097003 56
1756355101822 0.28391570435917896 57
1756355102228 0.2949919642313667 58
1756355102636 0.3103451689948206 59
1756355103041 0.318868316386057 60
1756355103606 0.3240770937308021 61
1756355104010 0.2878906895285067 62
1756355104415 0.2711969834306966 63
1756355104820 0.2548470024181449 64
1756355105384 0.26303435602913733 65
1756355105788 0.2631839999686117 66
1756355106194 0.254877516756887 67
1756355106602 0.25941028543140576 68
1756355107008 0.24248712153538413 69
1756355107574 0.2623143882855125 70
1756355107980 0.248933177927266 71
1756355108387 0.256549042204152 72
1756355108951 0.24032845898814822 73
1756355109357 0.25704426091650256 74
1756355109764 0.25429109516351117 75
1756355110172 0.26547890124113666 76
1756355110578 0.25800959701123444 77
1756355111139 0.24565349843191064 78
1756355111545 0.23154737508815268 79
1756355111951 0.24979098335556363 80
1756355112355 0.23689946661824765 81
1756355112916 0.2318555323973946 82
1756355113320 0.23362124678881271 83
1756355113727 0.23758078722850137 84
1756355114134 0.2325458772804426 85
1756355114695 0.22559303822724716 86
1756355115102 0.259401591575664 87
1756355115509 0.22159390086713043 88
1756355116070 0.2125929943893267 89
1756355116475 0.2026843972828077 90
1756355116881 0.2245597172042598 91
1756355117286 0.19827456966690396 92
1756355117694 0.2058577414440072 93
1756355118255 0.23185863119104635 94
1756355118661 0.20362744966278906 95
1756355119069 0.19112853187581766 96
1756355119475 0.1944196898004283 97
1756355120040 0.20293303093184595 98
1756355120449 0.20915400269238846 99
1756355120858 0.19995038211345673 100
1756355121265 0.17978954898274463 101
1756355121831 0.202276221436003 102
1756355122241 0.18398247270480447 103
1756355122651 0.18958071262940115 104
1756355123058 0.1993532861056535 105
1756355123619 0.1918538996706838 106
1756355124023 0.18695822422919067 107
1756355124429 0.19863804203012717 108
1756355124834 0.1787598648149034 109
1756355125397 0.16771871369817984 110
1756355125804 0.18253875037898187 111
1756355126211 0.17999126924120862 112
1756355126620 0.17203957360723746 113
1756355127181 0.18287220273328864 114
1756355127596 0.18092998667903568 115
1756355340396 0.9996711922728497 1
1756355340817 0.9654000997543335 2
1756355341235 0.9498991577521615 3
1756355341654 0.7480200840079266 4
1756355342332 0.7191606500874395 5
1756355342750 0.6540858434594196 6
1756355343164 0.636036024145458 7
1756355343581 0.5970155765181002 8
1756355344173 0.5406939503939255 9
1756355344593 0.5559695959091187 10
1756355345010 0.5675303793471792 11
1756355345425 0.5597417121348174 12
1756355346025 0.4672808051109314 13
1756355346442 0.46258988976478577 14
1756355346859 0.4830827298371688 15
1756355347274 0.46847212314605713 16
1756355347868 0.4608479828938194 17
1756355348286 0.44534642281739606 18
1756355348702 0.4440586268901825 19
1756355349119 0.42871523810469586 20
1756355349534 0.4265765729157821 21
1756355349951 0.5027862074582473 22
1756355350547 0.42992457488308783 23
1756355350985 0.3985767001691072 24
1756355351403 0.3670364734919175 25
1756355351832 0.3528538255587868 26
1756355352249 0.3651862533196159 27
1756355352664 0.3837802604488704 28
1756355353250 0.3787445231624272 29
1756355353666 0.36308297644490783 30
1756355354081 0.34663359237753827 31
1756355354498 0.403706862874653 32
1756355355087 0.38677656391392584 33
1756355355506 0.35723806205003156 34
1756355355924 0.37190122578455054 35
1756355356512 0.3527505760607512 36
1756355356931 0.34401701455530914 37
1756355357349 0.32512626440628717 38
1756355357932 0.3248963407848192 39
1756355358349 0.2943665508342826 40
1756355358773 0.30433881606744684 41
1756355359189 0.309428158013717 42
1756355359778 0.3135245416475379 43
1756355360199 0.33749726803406427 44
1756355360624 0.34472200792768726 45
1756355361219 0.3134199549322543 46
1756355361647 0.3249492567518483 47
1756355362257 0.3289539256821508 48
1756355362673 0.3144703429678212 49
1756355363091 0.32644784774469293 50
1756355363507 0.2930489033460617 51
1756355363925 0.2864518567271855 52
1756355364519 0.2920032208380492 53
1756355364941 0.3010690730551015 54
1756355365359 0.2930241823196411 55
1756355365779 0.2730094803416211 56
1756355366364 0.29501043972761737 57
1756355366784 0.30138506707937823 58
1756355367202 0.2951024394968282 59
1756355367788 0.2668554031330606 60
1756355368203 0.25795813423136005 61
1756355368620 0.27229893596275995 62
1756355369035 0.26615700190481933 63
1756355369452 0.25685320988945337 64
1756355370042 0.2549126809057982 65
1756355370460 0.2549601598926213 66
1756355370879 0.2543915523135144 67
1756355371296 0.2512502385222394 68
1756355371886 0.24099295877892038 69
1756355372303 0.24275193719760232 70
1756355372725 0.2268284209396528 71
1756355373313 0.23378667559312738 72
1756355373730 0.2099800563376883 73
1756355374148 0.2299363269754078 74
1756355374568 0.2305563843768576 75
1756355374986 0.2354241097750871 76
1756355375402 0.21859422779601553 77
1756355375818 0.21616585941418356 78
1756355376396 0.22057553737059885 79
1756355376817 0.21763741063035053 80
1756355377235 0.23006287735441458 81
1756355377657 0.21470161754152048 82
1756355378251 0.21954820791016455 83
1756355378674 0.21585165676863297 84
1756355379095 0.21730359546516254 85
1756355379678 0.20650147419908774 86
1756355380095 0.19490400475004446 87
1756355380512 0.20127621033917303 88
1756355381095 0.21184735388859458 89
1756355381514 0.2005092670088229 90
1756355381933 0.20800880180752795 91
1756355382353 0.18947704654672873 92
1756355382933 0.19174152936624445 93
1756355383352 0.18966828869736713 94
1756355383934 0.19157290717829828 95
1756355384349 0.21597701635049738 96
1756355384766 0.19817591167014578 97
1756355385183 0.18205368842767633 98
1756355661440 0.9318772010181261 1
1756355662134 0.9824426873870518 2
1756355662566 0.9321437167084735 3
1756355662996 0.7316946413206018 4
1756355663603 0.6830063876898392 5
1756355664034 0.6237239526665729 6
1756355664467 0.5502458266589952 7
1756355664898 0.5229562456193177 8
1756355665525 0.5390840393045674 9
1756355665957 0.5305054045241812 10
1756355666388 0.5602386567903601 11
1756355667017 0.49410437500995136 12
1756355667448 0.4897229684435803 13
1756355667879 0.45489732726760534 14
1756355668311 0.45539710832678754 15
1756355668919 0.4181318088718083 16
1756355669351 0.4192713356536368 17
1756355669782 0.40350779502288153 18
1756355670417 0.4208142407562422 19
1756355670851 0.4237783486428468 20
1756355671284 0.40824243426322937 21
1756355671892 0.369194560724756 22
1756355672324 0.38315360701602436 23
1756355672756 0.35907337069511414 24
1756355673359 0.3800327777862549 25
1756355673790 0.4060222972994265 26
1756355674223 0.5057343348212864 27
1756355674655 0.49946938519892486 28
1756355675312 0.51821844862855 29
1756355675746 0.4621637333994326 30
1756355676178 0.4184678831826086 31
1756355676786 0.3724672327870908 32
1756355677217 0.35596199398455414 33
1756355677648 0.3451733653960021 34
1756355678078 0.3366805859234022 35
1756355678680 0.34813100488289545 36
1756355679112 0.35018473345300427 37
1756355679546 0.3379953309245732 38
1756355680148 0.3486496028692826 39
1756355680580 0.30910428581030475 40
1756355681010 0.33160622936228046 41
1756355681439 0.4009054678937663 42
1756355682036 0.36591563794923865 43
1756355682469 0.3090353290671888 44
1756355682900 0.31964674915956415 45
1756355683498 0.28181074948414514 46
1756355683930 0.29331124930278113 47
1756355684361 0.31879659644935443 48
1756355684984 0.3374683733867562 49
1756355685415 0.2925488417563231 50
1756355685849 0.27109066688496136 51
1756355686455 0.2852079978455668 52
1756355686886 0.2860171555177025 53
1756355687320 0.2580347935790601 54
1756355687922 0.26240549916806427 55
1756355688354 0.24363018377967502 56
1756355688783 0.25308530291785364 57
1756355689388 0.25336776220280194 58
1756355689819 0.2592577234558437 59
1756355690253 0.23909534643525662 60
1756355690852 0.24032006315563037 61
1756355691283 0.2318675414375637 62
1756355691715 0.23551944157351618 63
1756355692315 0.2275819823793743 64
1756355692751 0.22274846810361612 65
1756355693184 0.24367657174234805 66
1756355693788 0.24262921188188635 67
1756355694222 0.24353563332039377 68
1756355694656 0.23037153935950735 69
1756355695276 0.2125131993190102 70
1756355695711 0.22918443835299948 71
1756355696144 0.21789748577967935 72
1756355696583 0.20749451155247894 73
1756355697187 0.2209374813929848 74
1756355697619 0.22687085750310318 75
1756355698058 0.226642365688863 76
1756355698664 0.2082336039646812 77
1756355699096 0.19542030666185461 78
1756355699529 0.21346102460570957 79
1756355700136 0.21710205142912659 80
1756355700569 0.21593955418337946 81
1756355701002 0.24002663596816684 82
1756355934918 0.9265631540961887 1
1756355935365 0.8970077815263168 2
1756355936071 0.7901093571082406 3
1756355936515 0.8471439532611681 4
1756355936959 0.7750324736470762 5
1756355937580 0.7146042792693429 6
1756355938025 0.7047026610892752 7
1756355938468 0.651384905628536 8
1756355939088 0.651831918436548 9
1756355939534 0.6374389399652896 10
1756355940160 0.650717784529147 11
1756355940602 0.6421988243642061 12
1756355941043 0.647150201641995 13
1756355941660 0.5703940287880276 14
1756355942104 0.621187308560247 15
1756355942549 0.5784322995206584 16
1756355943168 0.5935575547425643 17
1756355943614 0.5985380151997441 18
1756355944060 0.5832268919633783 19
1756355944677 0.5145032133745111 20
1756355945122 0.527934616026671 21
1756355945564 0.47895207094109576 22
1756355946183 0.5236869674661885 23
1756355946627 0.5198408961296082 24
1756355947068 0.4879144443118054 25
1756355947687 0.5038666336432748 26
1756355948131 0.5331548270971879 27
1756355948572 0.5125113064828126 28
1756355949192 0.5018876985363339 29
1756355949637 0.4972381267858588 30
1756355950081 0.5308845885421919 31
1756355950702 0.4958805636219356 32
1756355951146 0.5409838064857151 33
1756355951764 0.49993886507075763 34
1756355952208 0.47108009975889453 35
1756355952653 0.5123434909012007 36
1756355953278 0.4867609298747519 37
1756355953721 0.4638913649579753 38
1756355954164 0.49811876468036487 39
1756355954780 0.4752235451470251 40
1756355955223 0.44156979477923847 41
1756355955667 0.4622944334278936 42
1756355956284 0.43599937661834387 43
1756355956728 0.47501861789952154 44
1756355957173 0.4641424482283385 45
1756355957792 0.4431347315726073 46
1756355958237 0.39581529342609906 47
1756355958680 0.39494593765424646 48
1756355959297 0.3992502469083537 49
1756355959741 0.44436756942583167 50
1756355960185 0.4033841866513957 51
1756355960804 0.39797946162845776 52
1756355961245 0.3861621618270874 53
1756355961690 0.3715260326862335 54
1756355962306 0.3710360799146735 55
1756355962752 0.371066408312839 56
1756355963369 0.39578793489414715 57
1756355963815 0.40404164920682495 58
1756355964259 0.39511869912562164 59
1756355964875 0.3811243046884951 60
1756355965320 0.409867894390355 61
1756355965763 0.42817344613697217 62
1756355966380 0.4144788138244463 63
1756355966823 0.40757391504619433 64
1756355967269 0.37853245372357575 65
1756355967886 0.36161503454913263 66
1756355968331 0.3585883275322292 67
1756355968774 0.35306940908017365 68
1756355969394 0.3347345111162766 69
1756355969837 0.3352214745853258 70
1756355970280 0.3276366889476776 71
1756355970900 0.320468298766924 72
1756355971346 0.3189982784831006 73
1756355971790 0.31538360533506976 74
1756355972410 0.3200261450332144 75
1756355972854 0.31681921300680743 76
1756355973301 0.3080994136955427 77
1756355973916 0.3184152854525525 78
1756355974360 0.3030434296182964 79
1756355974975 0.32361267183137976 80
1756355975417 0.3134814228700555 81
1756355975861 0.30950147950130963 82
1756355976478 0.292554862473322 83
1756355976924 0.2915713579758354 84
1756355977370 0.29164628554945404 85
1756355977990 0.2964685151110525 86
1756355978435 0.29830905665522034 87
1756355978881 0.2829139679670334 88
1756355979497 0.28364038273044256 89
1756355979942 0.28140478678371594 90
1756355980389 0.28392251159833826 91
1756355981007 0.28840790948142175 92
1756355981454 0.27992888118909753 93
1756355981899 0.2802486698264661 94
1756355982520 0.28562745646290155 95
1756355982964 0.2809489673894385 96
1756355983406 0.2897140286538912 97
1756355984026 0.27641228424466174 98
1756355984472 0.27129511794318323 99
1756355984914 0.2581683643486189 100
1756355985533 0.2567063323829485 101
1756355985978 0.26054007851559186 102
1756355986596 0.2560604046220365 103
1756355987044 0.27010853135067486 104
1756355987489 0.2676813421042069 105
1756355988108 0.23934402802716132 106
1756355988554 0.2414765882751216 107
1756355989001 0.25388815092003864 108
1756355989623 0.25318270144255267 109
1756355990068 0.24115694152272266 110
1756355990514 0.2568048731140468 111
1756355991134 0.24137889626233475 112
1756355991579 0.23971941872783328 113
1756355992024 0.24853089775728143 114
1756355992644 0.22778850469900214 115
1756355993089 0.24588179199591928 116
1756355993534 0.24164562704770462 117
1756355994151 0.2392675280570984 118
1756355994595 0.2252691044755604 119
1756355995039 0.2368318963309993 120
1756355995658 0.22975194907706717 121
1756356009398 0.9866717405941176 1
1756356009845 0.9706353104632833 2
1756356010551 0.8574680089950562 3
1756356010994 0.7381112342295439 4
1756356011439 0.675119514050691 5
1756356012058 0.7160791080930958 6
1756356012504 0.6511017511720243 7
1756356012949 0.60873929573142 8
1756356013571 0.5663442624651868 9
1756356014016 0.5540596920510997 10
1756356014462 0.5738053270008253 11
1756356015083 0.5197386003058889 12
1756356015527 0.5089473646620045 13
1756356015973 0.46780262952265533 14
1756356016593 0.4522342202456101 15
1756356017041 0.4413449751294177 16
1756356017484 0.4181437259135039 17
1756356018105 0.4073150028353152 18
1756356018550 0.4473565311535545 19
1756356019175 0.42034497209217236 20
1756356019621 0.39827664909155475 21
1756356020070 0.38619783650273865 22
1756356020516 0.43493801873663196 23
1756356021138 0.44009284739908966 24
1756356021583 0.39803679740947223 25
1756356022211 0.4055400918359342 26
1756356022661 0.3748943404011104 27
1756356023106 0.3737348771613577 28
1756356023723 0.38916493887486664 29
1756356024172 0.365937159113262 30
1756356024619 0.3561200771642768 31
1756356025231 0.33588892221450806 32
1756356025681 0.32255279499551526 33
1756356026125 0.3140911848648735 34
1756356026765 0.3134674416935962 35
1756356027213 0.3035507435384004 36
1756356027662 0.32553719178490015 37
1756356028302 0.3218374057956364 38
1756356028750 0.33109680984331213 39
1756356029197 0.33364977914354077 40
1756356029828 0.3111625456291696 41
1756356030273 0.2988561132679815 42
1756356030908 0.31098997592926025 43
1756356031354 0.33906494534533954 44
1756356031803 0.29760005551835766 45
1756356032252 0.32407349736794183 46
1756356032888 0.3111390756524127 47
1756356033333 0.27762812505597656 48
1756356033964 0.28895232470139215 49
1756356034412 0.301259673807932 50
1756356034856 0.33767832621284155 51
1756356035484 0.3168880874695985 52
1756356035934 0.2931356579065323 53
1756356036379 0.3134280080380647 54
1756356037000 0.28900925879893097 55
1756356037447 0.2796394099359927 56
1756356037893 0.260768948689751 57
1756356038514 0.24769451760727426 58
1756356038962 0.24790250995884772 59
1756356039409 0.26488030021605286 60
1756356040028 0.26432816619458405 61
1756356271070 0.9823287362637727 1
1756356271818 0.9725761050763337 2
1756356272273 0.9690155957056128 3
1756356272729 0.7411487361659175 4
1756356273365 0.7542572954426641 5
1756356273819 0.7023852908092997 6
1756356274273 0.579010854596677 7
1756356274913 0.6199513699697412 8
1756356275367 0.5115556626216226 9
1756356275824 0.5159622534461643 10
1756356276459 0.545114587182584 11
1756356276915 0.5040944503701251 12
1756356277544 0.5428940783376279 13
1756356278000 0.498935975458311 14
1756356278453 0.4663347627805627 15
1756356279080 0.46570845272230066 16
1756356279538 0.4491061270236969 17
1756356279995 0.42441802180331684 18
1756356280621 0.4321294349172841 19
1756356281078 0.4534248955871748 20
1756356281534 0.4191925836646039 21
1756356282160 0.39264082390329114 22
1756356282614 0.3908286600009255 23
1756356283074 0.4027189845624177 24
1756356283696 0.3974321653013644 25
1756356284152 0.3493621142014213 26
1756356284774 0.370845650849135 27
1756356285231 0.37037885448207025 28
1756356285689 0.34691764479098114 29
1756356286309 0.34590693012527796 30
1756356286764 0.35414406138917676 31
1756356287220 0.37870886533156684 32
1756356287835 0.3544295469056005 33
1756356288292 0.32524801466775977 34
1756356288748 0.37079582525336224 35
1756356289364 0.3437578613343446 36
1756356289823 0.342659662599149 37
1756356290281 0.34843975175981934 38
1756356290896 0.326652256043061 39
1756356291350 0.3426370918750763 40
1756356291967 0.3301006944283195 41
1756356292422 0.2931812962760096 42
1756356292879 0.29271915619787964 43
1756356293336 0.3039751117644103 44
1756356293952 0.2919052243232727 45
1756356294407 0.2763798904159795 46
1756356295019 0.28062420953875 47
1756356295476 0.2799837893765906 48
1756356295931 0.27048442221206165 49
1756356296544 0.28694049625293067 50
1756356296999 0.3044820408458295 51
1756356297455 0.29313562939996307 52
1756356298071 0.2822103111640267 53
1756356298530 0.29635651927927265 54
1756356298988 0.25750602587409643 55
1756356299601 0.25903208877729333 56
1756356300060 0.2707324436177378 57
1756356300519 0.276480500464854 58
1756356301132 0.28323185443878174 59
1756356301587 0.26992689267448755 60
1756356302043 0.27695003346256586 61
1756356302663 0.29491695372954657 62
1756356303120 0.2971784517816875 63
1756356303739 0.275859604711118 64
1756356304196 0.2817604554736096 65
1756356304653 0.26776428261528845 66
1756356305111 0.26827164253462915 67
1756356305757 0.2689593291800955 68
1756356306215 0.23470692336559296 69
1756356306859 0.2401206700698189 70
1756356307316 0.26129486508991406 71
1756356307771 0.2551583161820536 72
1756356308408 0.22574528274328812 73
1756356308869 0.23785696016705554 74
1756356309325 0.23701279966727548 75
1756356309964 0.2338212462870971 76
1756356310424 0.22620137489360312 77
1756356310881 0.20116920963577603 78
1756356311510 0.21597988903522491 79
1756356311965 0.2141810998968456 80
1756356312424 0.213201602515967 81
1756356313074 0.21140287363010904 82
1756356313532 0.23292236289252405 83
1756356313989 0.22581647012544714 84
1756356314638 0.20831713922645734 85
1756356315097 0.2120872431475183 86
1756356315734 0.20799994663051938 87
1756356316190 0.19355396926403046 88
1756356316652 0.19734635301258252 89
1756356317110 0.1890576825193737 90
1756356317767 0.1874521290478499 91
1756356318223 0.2090863093085911 92
1756356318864 0.20180816494900247 93
1756356319323 0.18997924288977747 94
1756356319780 0.1768408741640008 95
1756356320414 0.17895523361537768 96
1756356320876 0.18954268227452817 97
1756356321335 0.1913358160982961 98
1756356321968 0.1952074137718781 99
1756356322427 0.19047640717547873 100
1756356322883 0.17886774047561313 101
1756356323512 0.1766055394773898 102
1756356323970 0.1797758936882019 103
1756356324426 0.17585080181774887 104
1756356325051 0.18983143503251282 105
1756356325508 0.170658515199371 106
1756356325966 0.1792019495497579 107
1756356326594 0.17742093814455945 108
1756356327053 0.16724973074767902 109
1756356327676 0.15966937820548596 110
1756356328135 0.17065942287445068 111
1756356328594 0.1807399508745774 112
1756356329054 0.16356438722299493 113
1756356329682 0.16569648456314337 114
1756356330139 0.17202700868896817 115
1756356330762 0.16025535956673 116
1756356331220 0.1606046453766201 117
1756356331679 0.16485843937034192 118
1756356332306 0.16318923429302548 119
1756356332764 0.16214021522065866 120
1756356333224 0.1618791313275047 121
1756356333850 0.15784366590821225 122
1756356334308 0.16077588336623233 123
1756356334765 0.15652173498402472 124
1756356335391 0.1562822723518247 125
1756356335850 0.1500732905190924 126
1756356336309 0.16203604930120966 127
1756356336948 0.16381526349679285 128
1756356337408 0.15125205497378888 129
1756356337865 0.14514497473188068 130
1756356627608 1.2745041847229004 1
1756356628081 1.1614455233017604 2
1756356628801 1.1198642353216808 3
1756356629271 0.9876601348320643 4
1756356629744 0.8161670366923014 5
1756356630380 0.8527373224496841 6
1756356630851 0.7224975774685541 7
1756356631321 0.6943340202172598 8
1756356631959 0.8160228182872137 9
1756356632431 0.7409885028998057 10
1756356632902 0.650232215722402 11
1756356633534 0.5907637576262156 12
1756356634004 0.5946176871657372 13
1756356634633 0.5559498171011606 14
1756356635103 0.5323487942417463 15
1756356635572 0.5260632733503977 16
1756356636204 0.5626812825600306 17
1756356636674 0.5519914949933687 18
1756356637147 0.5655077248811722 19
1756356637804 0.5292876114447912 20
1756356638273 0.4920276775956154 21
1756356638739 0.4795668547352155 22
1756356639394 0.47086332738399506 23
1756356639866 0.45388609419266385 24
1756356640336 0.49262165029843646 25
1756356640981 0.47877584397792816 26
1756356641451 0.4770383636156718 27
1756356641923 0.4339088797569275 28
1756356642574 0.41535328328609467 29
1756356643043 0.42912873874108 30
1756356643708 0.5408074607451757 31
1756356644179 0.6080819293856621 32
1756356644650 0.5669803222020467 33
1756356645123 0.47997679313023883 34
1756356645760 0.4772506654262543 35
1756356646227 0.43951139599084854 36
1756356646860 0.419043888648351 37
1756356647331 0.4135719413558642 38
1756356647806 0.4284708152214686 39
1756356648438 0.4284288336833318 40
1756356648908 0.4071491211652756 41
1756356649380 0.4333503817518552 42
1756356650020 0.4456859851876895 43
1756356650495 0.4231373940904935 44
1756356650964 0.4004764085014661 45
1756356651629 0.39377811054388684 46
1756356652102 0.4098198637366295 47
1756356652572 0.3693889106313388 48
1756356653227 0.37474291523297626 49
1756356653700 0.3432003781199455 50
1756356654170 0.36615200340747833 51
1756356654805 0.34462478508551914 52
1756356655276 0.3221221740047137 53
1756356655908 0.310716246565183 54
1756356656380 0.3258158465226491 55
1756356656851 0.3150216316183408 56
1756356657323 0.3185694639881452 57
1756356657978 0.3229208439588547 58
1756356658448 0.3263131057222684 59
1756356659102 0.39367105066776276 60
1756356659572 0.3723134323954582 61
1756356660043 0.3855396844446659 62
1756356660679 0.35203399260838825 63
1756356661150 0.32652331640323 64
1756356661621 0.3172457565863927 65
1756356662254 0.31988900403181714 66
1756356662724 0.30410753438870114 67
1756356663194 0.27729932715495426 68
1756356663825 0.31192102531592053 69
1756356664295 0.2877342328429222 70
1756356664766 0.2928861379623413 71
1756356665398 0.2819984207550685 72
1756356665872 0.2746073255936305 73
1756356666343 0.2786531212429206 74
1756356666977 0.30972082167863846 75
1756356667447 0.2921141783396403 76
1756356668081 0.30282936866084736 77
1756356668552 0.2802441976964474 78
1756356669024 0.28967959185441333 79
1756356669494 0.2616680773595969 80
1756356670122 0.266083503762881 81
1756356670595 0.247061837464571 82
1756356671228 0.2544291603068511 83
1756356671702 0.2672419088582198 84
1756356672174 0.2876105420291424 85
1756356672800 0.27440720051527023 86
1756356673274 0.2572738528251648 87
1756356673747 0.25155068064729375 88
1756356674379 0.23869731773932776 89
1756356674849 0.23489506791035333 90
1756356675319 0.22918985535701117 91
1756356675944 0.22933890546361604 92
1756356676417 0.2190058740476767 93
1756356676889 0.23795872554183006 94
1756356677516 0.2375809686879317 95
1756356677988 0.23364527647693953 96
1756356678458 0.23512373864650726 97
1756356679093 0.21932550643881163 98
1756356679564 0.230203611155351 99
1756356680194 0.22358077516158423 100
1756356680662 0.23845885942379633 101
1756356681131 0.23401960854729018 102
1756356681602 0.23549706240495047 103
1756356682229 0.23142783592144647 104
1756356682702 0.22214672093590102 105
1756356683340 0.22130807985862097 106
1756356683812 0.2154869188865026 107
1756356684282 0.21155966073274612 108
1756356684916 0.21339569985866547 109
1756356685391 0.20076323052247366 110
1756356685862 0.19993768508235613 111
1756356686493 0.21855933467547098 112
1756356686966 0.21471536656220755 113
1756356687438 0.21356057127316794 114
1756356688066 0.22753808399041495 115
1756356688536 0.2164068060616652 116
1756356689007 0.1991917590300242 117
1756356689637 0.20136762907107672 118
1756356690109 0.20414895564317703 119
1756356690580 0.20617986718813577 120
1756356691210 0.20463256165385246 121
1756356691684 0.20382853100697199 122
1756356692156 0.19982999190688133 123
1756356692789 0.1949313667913278 124
1756356693263 0.1934932159880797 125
1756356693893 0.19514449561635652 126
1756356694363 0.18413336450854936 127
1756356694837 0.1792419714232286 128
1756356695315 0.1969584139684836 129
1756356695947 0.19574506084124246 130
1756356696423 0.18767925972739855 131
1756356697056 0.20516595616936684 132
1756356697529 0.1821120431025823 133
1756356698003 0.18992217630147934 134
1756356698637 0.1925157941877842 135
1756356699112 0.18476995204885802 136
1756356699586 0.18463820467392603 137
1756356700248 0.18935956185062727 138
1756356700722 0.1780631976823012 139
1756356701196 0.18872060626745224 140
1756356701834 0.18865949412186941 141
1756356702307 0.19099925955136618 142
1756356702779 0.18187653894225755 143
1756356703413 0.18431512266397476 144
1756356703886 0.17706264307101569 145
1756356722391 0.9828843137492305 1
1756356722878 0.9764810074930605 2
1756356723661 0.8221637762111166 3
1756356724134 0.8009029004884802 4
1756356724812 0.7630552779073301 5
1756356725283 0.6456285792848339 6
1756356725758 0.6220753400222115 7
1756356726432 0.5920282019221265 8
1756356726903 0.6190238361773284 9
1756356727377 0.5113437266453452 10
1756356728031 0.526264400585838 11
1756356728504 0.5056368799313254 12
1756356728979 0.490487946116406 13
1756356729625 0.5190280066884082 14
1756356730097 0.4980589177297509 15
1756356730569 0.4448777333549831 16
1756356731219 0.45362618565559387 17
1756356731690 0.4475803310456483 18
1756356732163 0.4318880516549815 19
1756356732808 0.4977125862370367 20
1756356733282 0.4892408083314481 21
1756356733755 0.4233441534249679 22
1756356734401 0.4148690285889999 23
1756356734875 0.43934485705002496 24
1756356735358 0.4656617706236632 25
1756356736008 0.4553724332996037 26
1756356736487 0.4336625661538995 27
1756356737139 0.397780602392943 28
1756356737613 0.41190587955972424 29
1756356738087 0.3893077166184135 30
1756356738740 0.37372696010962775 31
1756356739213 0.3596914941849916 32
1756356739689 0.34311573272166046 33
1756356740338 0.3597796222437983 34
1756356740815 0.36166543675505597 35
1756356741288 0.4274027399394823 36
1756356741935 0.3867120043091152 37
1756356742407 0.41031982458156085 38
1756356742879 0.35299616145051044 39
1756356743522 0.36300086068070453 40
1756356743996 0.3573764484861623 41
1756356744471 0.3554509929988695 42
1756356745109 0.33040536551371863 43
1756356745584 0.3233645078928574 44
1756356746058 0.3133789294439813 45
1756356746701 0.3036894895460295 46
1756356747183 0.3232538985169452 47
1756356747659 0.3162053901216258 48
1756356748296 0.3374254399019739 49
1756356748769 0.32155153090539185 50
1756356749408 0.30004006494646485 51
1756356749883 0.2766007126673408 52
1756356750357 0.27965737879276276 53
1756356750995 0.27988306270993274 54
1756356751471 0.3009616466967956 55
1756356751947 0.2829222199709519 56
1756356752594 0.26258089684921765 57
1756356753068 0.27942390480767126 58
1756356753543 0.28760809807673743 59
1756356754182 0.28011258594367816 60
1756356754657 0.2793511579865995 61
1756356755132 0.256127769532411 62
1756356755773 0.27661621959313104 63
1756356756247 0.252567729872206 64
1756356756891 0.2676630810551021 65
1756356757369 0.27297367803428485 66
1756356757843 0.2657102514868197 67
1756356758485 0.2718697183805963 68
1756356758961 0.2586556102918542 69
1756356759437 0.28177051634892175 70
1756356760075 0.28260526514571643 71
1756356760552 0.24136486325574957 72
1756356761027 0.2414085443900979 73
1756356761669 0.2371996582850166 74
1756356762145 0.23833873932776245 75
1756356762622 0.26463998983735626 76
1756356763263 0.24702194462651791 77
1756356763737 0.23071392398813498 78
1756356764215 0.22402163951293283 79
1756356764855 0.23456614561702893 80
1756356765330 0.2436014783123265 81
1756356765976 0.23290980639665024 82
1756356766450 0.24075552950734677 83
1756356766925 0.22373958839022595 84
1756356767569 0.21859414681144382 85
1756356768046 0.21400981169679892 86
1756357079495 0.9997770267984142 1
1756357079985 0.962425620659538 2
1756357080472 0.9258686977884044 3
1756357081225 0.8281006424323373 4
1756357081718 0.6873071012289628 5
1756357082208 0.7025833492693694 6
1756357082875 0.6263445084509642 7
1756357083361 0.568327793608541 8
1756357084020 0.5998236057551011 9
1756357084506 0.5690058962158535 10
1756357084992 0.5536529966022657 11
1756357085655 0.5055560236391814 12
1756357086143 0.497192470923714 13
1756357086629 0.5157017746697301 14
1756357087293 0.532230460125467 15
1756357087783 0.5454836513685144 16
1756357088461 0.5442013740539551 17
1756357088949 0.47424476043037744 18
1756357089439 0.4497446664001631 19
1756357090108 0.501020583121673 20
1756357090595 0.4548770940822104 21
1756357091083 0.4246964739716571 22
1756357091738 0.38576556806978973 23
1756357092225 0.3848314453726229 24
1756357092874 0.39247426520223205 25
1756357093361 0.4367001885953157 26
1756357093849 0.4679424075976662 27
1756357094499 0.45491344514100446 28
1756357094984 0.42265497212824615 29
1756357095468 0.3788694415403449 30
1756357096119 0.3806108275185461 31
1756357096608 0.37539969967759174 32
1756357097258 0.3728681919367417 33
1756357097747 0.3213231155405874 34
1756357098234 0.33210046135860943 35
1756357098884 0.34383005940395855 36
1756357099371 0.33946294629055523 37
1756357099859 0.3620296898095504 38
1756357100507 0.3648733004279759 39
1756357100995 0.34420104648755945 40
1756357101648 0.320481063231178 41
1756357102135 0.3798036419827005 42
1756357102624 0.3682226642318394 43
1756357103269 0.32503524033919623 44
1756357103755 0.32873400009196735 45
1756357104247 0.32576851352401404 46
1756357104902 0.3340051213036413 47
1756357105392 0.30926460934721905 48
1756357106041 0.3045076488152794 49
1756357106529 0.31310373739055963 50
1756357107021 0.30604535470838135 51
1756357107671 0.2887541748907255 52
1756357108159 0.2794183084498281 53
1756357108648 0.3059942152189172 54
1756357109296 0.28057202567224915 55
1756357126110 1.0464083733765974 1
1756357126606 0.9544546319090802 2
1756357127354 0.8393890598545903 3
1756357127843 0.7840283020682957 4
1756357128328 0.6900953106258226 5
1756357128994 0.6729930691097094 6
1756357129482 0.5867387315501338 7
1756357130144 0.5620292269665262 8
1756357130630 0.599828425956809 9
1756357131120 0.5569973873055499 10
1756357131779 0.5660972349021746 11
1756357132267 0.5469528242297794 12
1756357132756 0.4901148586169533 13
1756357133409 0.5769583453302798 14
1756357133899 0.5003428562827732 15
1756357134550 0.4784692176010298 16
1756357135040 0.455282150403313 17
1756357135532 0.4559848658416582 18
1756357136182 0.46074831874474237 19
1756357136673 0.4617671448251475 20
1756357137326 0.47871843498686084 21
1756357137816 0.44539524161297345 22
1756357138305 0.4653103429338206 23
1756357138957 0.4225502804569576 24
1756357139447 0.3802543684192326 25
1756357139937 0.3978638532369033 26
1756357140585 0.487851338542026 27
1756357141071 0.4626830375712851 28
1756357141726 0.4273901050505431 29
1756357142213 0.47421404201051465 30
1756357142701 0.4212759629539821 31
1756357143353 0.37795465277588886 32
1756357143844 0.3482877871264582 33
1756357144494 0.36022190036981 34
1756357144986 0.35223486112511676 35
1756357145473 0.34768476563951245 36
1756357146121 0.362885867771895 37
1756357146609 0.3429756164550781 38
1756357147254 0.3773590766865274 39
1756357147742 0.366483466780704 40
1756357148232 0.4127103336479353 41
1756357148877 0.3501342405443606 42
1756357149368 0.3713692932025246 43
1756357150014 0.35450053215026855 44
1756357150504 0.34535020460253174 45
1756357150994 0.34022177431894385 46
1756357151641 0.35056784878606384 47
1756357152133 0.3164215969002765 48
1756357152623 0.326320028823355 49
1756357153271 0.34783189581788104 50
1756357153761 0.3053218268829843 51
1756357154406 0.2909864744414454 52
1756357154897 0.3097593894471293 53
1756357155387 0.30908331534136896 54
1756357156036 0.3057286110909089 55
1756357156527 0.29987402649029443 56
1756357157172 0.2897580291913903 57
1756357157660 0.27437324627586035 58
1756357158151 0.2858387555765069 59
1756357158797 0.28120294407657953 60
1756357159287 0.2672685540240744 61
1756357159931 0.26091138824172644 62
1756357160424 0.2578307461479436 63
1756357160915 0.2624289212019547 64
1756357161565 0.26286513002022455 65
1756357162056 0.26469803504321887 66
1756357162714 0.25356505098550214 67
1756357163205 0.24407405762568765 68
1756357163693 0.22966011646001236 69
1756357164343 0.23076918008534805 70
1756357164835 0.262215929834739 71
1756357165487 0.27550374813701795 72
1756357165976 0.22791088534438092 73
1756357166468 0.23925091650175012 74
1756357167150 0.24970366125521454 75
1756357167641 0.242506707492082 76
1756357168307 0.24218674716742142 77
1756357168800 0.25774835114893707 78
