1756349470975 2.989959960398467 1
1756349470995 1.7011907437573308 2
1756349471013 1.2070217158483423 3
1756349471031 1.0773242763851 4
1756349471049 1.1031484746414681 5
1756349471068 1.0880142424417578 6
1756349471086 0.63307542256687 7
1756349471105 0.558662816234257 8
1756349471123 0.5768751242886418 9
1756349471141 0.5155651660069175 10
1756349471159 0.5259062673734582 11
1756349471178 0.5215653692898543 12
1756349471197 0.4587193701578223 13
1756349471215 0.5628138599188431 14
1756349471234 0.46873462459315424 15
1756349471252 0.5049907040336857 16
1756349471271 0.3647083348554114 17
1756349471289 0.3118398986432863 18
1756349471308 0.3216561150291692 19
1756349471326 0.3414700951265252 20
1756349471345 0.3863271883000498 21
1756349471363 0.40451891590719635 22
1756349471382 0.3269927909840708 23
1756349471401 0.3281167311512906 24
1756349471419 0.39478518004002777 25
1756349471438 0.2612856069336767 26
1756349471457 0.27499300824559253 27
1756349471476 0.3013747574194618 28
1756349471495 0.23227943350439487 29
1756349471513 0.2735202879361484 30
1756349471532 0.2573536177692206 31
1756349471551 0.2863618786568227 32
1756349471570 0.23954090994337332 33
1756349471589 0.22995195311048758 34
1756349471608 0.24711657023948172 35
1756349471627 0.20242783492026123 36
1756349471646 0.20582292034574176 37
1756349471666 0.17273418896872064 38
1756349471685 0.24023029305364774 39
1756349471704 0.20816020052070203 40
1756349471723 0.22248341175525085 41
1756349471742 0.1959942537157432 42
1756349471761 0.196702987279581 43
1756349471781 0.2771010758436244 44
1756349471800 0.21713269566712173 45
1756349471820 0.172204596840817 46
1756349471839 0.14019010086422382 47
1756349471858 0.16154541561137076 48
1756349471878 0.19416593079981598 49
1756349471897 0.20626147026601044 50
1756349471917 0.19856972603694253 51
1756349471936 0.1793807463153549 52
1756349471956 0.2891700125258902 53
1756349471975 0.16115325689315796 54
1756349471995 0.14225155179915222 55
1756349472015 0.1721892739119737 56
1756349472035 0.1428099611531133 57
1756349472055 0.20070845666139023 58
1756349472074 0.15680500686816548 59
1756349472094 0.23082288160272266 60
1756349472114 0.14411924682233646 61
1756349472134 0.17819759022930395 62
1756349472154 0.10696711391210556 63
1756349472174 0.14145899304877158 64
1756349472194 0.14137810517264449 65
1756349472214 0.12205533748087675 66
1756349472234 0.13263291136726088 67
1756349472254 0.10412634828168413 68
1756349472274 0.10534498694798221 69
1756349472294 0.11215813781904138 70
1756349472314 0.1048112736771936 71
1756349472334 0.0778700067135303 72
1756349472354 0.10678690007847289 73
1756349472374 0.07835047513894412 74
1756349472394 0.10409854919366214 75
1756349472414 0.10013440494304118 76
1756349472434 0.08449587825199832 77
1756349472455 0.08571190500388974 78
1756349472475 0.08161500938560652 79
1756349472495 0.0814609237663124 80
1756349472516 0.09324098184056905 81
1756349472536 0.0976036426651737 82
1756349472556 0.11494344472885132 83
1756349472577 0.08801551438544107 84
1756349472597 0.0711083710193634 85
1756349472618 0.07572270152361496 86
1756349472638 0.10343273631904436 87
1756349472659 0.08011620273084744 88
1756349472679 0.09487577365792316 89
1756349472700 0.07132015927978184 90
1756349472721 0.09011047762697158 91
1756349472741 0.08801742651216361 92
1756349472762 0.09448788719980614 93
1756349472783 0.06933897037221037 94
1756349472804 0.08819025463384131 95
1756349472825 0.07535435307932936 96
1756349472846 0.08318128274834674 97
1756349556562 2.0769812620204426 1
1756349556594 1.6818705538044805 2
1756349556625 1.5395493429640066 3
1756349556656 1.1778946130172065 4
1756349556687 1.4052613869957302 5
1756349556718 1.0643355768659841 6
1756349556749 0.6271036824454432 7
1756349556781 0.6224189867144045 8
1756349556812 0.424029589995094 9
1756349556843 0.41395472119683807 10
1756349556874 0.46088081015192944 11
1756349556906 0.37383158116236975 12
1756349556937 0.43143049335998035 13
1756349556968 0.4029174226781596 14
1756349556999 0.3534479795590691 15
1756349557031 0.3388844297631927 16
1756349557062 0.28972320647343347 17
1756349557094 0.26416445491106616 18
1756349557125 0.29965746791466424 19
1756349557157 0.310895271923231 20
1756349557188 0.33935891350974207 21
1756349557219 0.36782508051913715 22
1756349557251 0.2572785836199056 23
1756349557282 0.2583910460057466 24
1756349557314 0.28515196624009503 25
1756349557345 0.2357008016627768 26
1756349557377 0.21814572875914368 27
1756349557408 0.20595517398222632 28
1756349557440 0.1778730513608974 29
1756349557471 0.17910329835570377 30
1756349557503 0.15045777254778406 31
1756349557535 0.19086868510298108 32
1756349557566 0.16617235768100488 33
1756349557598 0.16017405980307123 34
1756349557630 0.1592577708804089 35
1756349557661 0.17522086267885956 36
1756349557693 0.2202548303681871 37
1756349557725 0.23032364573167718 38
1756349557757 0.2867108486268831 39
1756349557789 0.2437958484110625 40
1756349557821 0.20773709792157877 41
1756349557852 0.20818966076425885 42
1756349557884 0.1563517153263092 43
1756349557916 0.1625075709560643 44
1756349557948 0.14053536627603613 45
1756349557980 0.11051042620902476 46
1756349558013 0.15117287506227908 47
1756349558045 0.1441892194359199 48
1756349558077 0.1353660034744636 49
1756349558109 0.11673426109811534 50
1756349558142 0.10624940952529079 51
1756349558174 0.11179257265251616 52
1756349558206 0.13617615822864615 53
1756349558239 0.09754750488892845 54
1756349558271 0.10360013159072917 55
1756349558303 0.08876814838984738 56
1756349558336 0.10875659468381302 57
1756349558368 0.0982350344243257 58
1756349558401 0.13077178030558254 59
1756349558434 0.1874033364912738 60
1756349558466 0.12579563341063002 61
1756349558499 0.08173760075284087 62
1756349558531 0.10139360424617062 63
1756349558564 0.10490918208075606 64
1756349558597 0.11036240714399712 65
1756349558629 0.08915370184442271 66
1756349558662 0.0880831849315892 67
1756349558695 0.07942122820278873 68
1756349558727 0.07220864846654561 69
1756349558760 0.0760989747941494 70
1756349558793 0.07155749801060428 71
1756349558826 0.07789382370917694 72
1756349558859 0.07879760586049246 73
1756349558892 0.11528098210692406 74
1756349558925 0.07267544872086981 75
1756349558957 0.07191344674514688 76
1756349558990 0.07547301070197769 77
1756349559024 0.07842983013909796 78
1756349559057 0.07332923149932986 79
1756349559090 0.06568451808846515 80
1756349559124 0.05322690842592198 81
1756349559157 0.05695929127218931 82
1756349559190 0.05665744225616041 83
1756349559223 0.05897960082992264 84
1756349559257 0.07519155651654887 85
1756349559290 0.057548955325847084 86
1756349559323 0.06390276526951272 87
1756349559356 0.05046174812899983 88
1756349559389 0.05727193998577802 89
1756349559423 0.05455771388243074 90
1756349559456 0.05518956247555173 91
1756349660523 2.5730150834373804 1
1756349660569 2.064637083074321 2
1756349660613 1.6813522577285767 3
1756349660657 1.7698439955711365 4
1756349660701 1.3282895580581997 5
1756349660744 1.1505131203195322 6
1756349660788 0.8136026042958965 7
1756349660832 0.6356967506201371 8
1756349660875 0.598250405943912 9
1756349660919 0.5369002410899038 10
1756349660963 0.42098877417004626 11
1756349661006 0.3913368304138598 12
1756349661050 0.35368495013402856 13
1756349661094 0.3262441223082335 14
1756349661138 0.6260438658621 15
1756349661182 0.41475660710231116 16
1756349661226 0.45961108350235486 17
1756349661270 0.5100377467663392 18
1756349661314 0.7174210360516673 19
1756349661358 0.47258170467355975 20
1756349661402 0.3773196151723032 21
1756349661446 0.39177283709463867 22
1756349661491 0.2743049594371215 23
1756349661535 0.2885152477285136 24
1756349661579 0.3704995823943097 25
1756349661623 0.25303438565005426 26
1756349661667 0.28977280596028204 27
1756349661711 0.28933788447276404 28
1756349661755 0.3615658911673919 29
1756349661799 0.42429757895676984 30
1756349661844 0.3265222401722618 31
1756349661888 0.27827300746803696 32
1756349661933 0.298663056091122 33
1756349661977 0.28451136791187787 34
1756349662021 0.21049953640803046 35
1756349662066 0.2482055814369865 36
1756349662110 0.18994287822557532 37
1756349662155 0.24377517224006032 38
1756349662199 0.1896357733918273 39
1756349662244 0.2327602133154869 40
1756349662289 0.26221278050671454 41
1756349662333 0.19743168775154196 42
1756349662378 0.20024706358494965 43
1756349662423 0.21652243383552716 44
1756349662467 0.19564882698266403 45
1756349662512 0.24074813302444376 46
1756349662557 0.17846683769122415 47
1756349662601 0.1802190383491309 48
1756349662646 0.20041763912076535 49
1756349662691 0.19251834244831748 50
1756349662736 0.17148715273841567 51
1756349662780 0.17935711598914603 52
1756349662825 0.15087150069682495 53
1756349662870 0.16560213413575423 54
1756349662915 0.15124258463797363 55
1756349662960 0.1773338706597038 56
1756349663005 0.19856558286625406 57
1756349663050 0.17887373074241306 58
1756349663096 0.18377863388994467 59
1756349663141 0.1725972469734109 60
1756349663186 0.13212008191191632 61
1756349663231 0.14669416699072588 62
1756349663277 0.13650766047446625 63
1756349663322 0.10799282449095146 64
1756349663367 0.11230592445834824 65
1756349663412 0.09537514428729596 66
1756349663457 0.11160184993692067 67
1756349663503 0.11419332399964333 68
1756349663549 0.10412526778552843 69
1756349663594 0.11107275683594786 70
1756349663640 0.11792714845227159 71
1756349663685 0.12651673510022785 72
1756349663730 0.11027651312558548 73
1756349663776 0.10006698998420135 74
1756349663821 0.11944127406762994 75
1756349663867 0.13200663969568585 76
1756349663912 0.10420860252950502 77
1756349663958 0.11262754512869794 78
1756349664003 0.10883217871836993 79
1756349664049 0.08659265951617905 80
1756349664095 0.10175897197231003 81
1756349664141 0.10093213131894237 82
1756349664186 0.09022145167641017 83
1756349664232 0.08147651281045831 84
1756349664278 0.12303769604667374 85
1756349664324 0.11903145439598871 86
1756349664370 0.10908380952542243 87
1756349664416 0.08347012248376141 88
1756349664462 0.10110654374179633 89
1756349664508 0.09690648657472237 90
1756349664554 0.09308362574033115 91
1756349664600 0.08613220618470856 92
1756349664646 0.08549991922210091 93
1756349664692 0.07686616941962553 94
1756349664739 0.07639608896620896 95
1756349664785 0.09897984645288924 96
1756349664831 0.09028058758248454 97
1756349664877 0.10719971585532893 98
1756349664923 0.07199344136144804 99
1756349664969 0.07375164038461188 100
1756349665015 0.07149945717790852 101
1756349665062 0.07830059973765975 102
1756349665108 0.10095765036733254 103
1756349818914 2.6401096167771714 1
1756349818978 2.379107438999674 2
1756349819040 2.2609890207000403 3
1756349819102 2.509197981461235 4
1756349819164 1.2400247117747432 5
1756349819227 1.3030739970829175 6
1756349819289 0.7289497398811838 7
1756349819351 0.6807385164758434 8
1756349819414 0.7764935895152714 9
1756349819476 0.8305773605471072 10
1756349819539 0.7436435067135355 11
1756349819602 0.733523138191389 12
1756349819664 0.5499929695025735 13
1756349819727 0.44153338541155274 14
1756349819790 0.4769539379555246 15
1756349819853 0.5549738815297252 16
1756349819915 0.6073725288328917 17
1756349819978 0.4499473299669183 18
1756349820040 0.5856494184421457 19
1756349820103 0.43443291925865674 20
1756349820165 0.4315061646959056 21
1756349820228 0.496071959319322 22
1756349820291 0.3317687193984571 23
1756349820354 0.3513748966481375 24
1756349820416 0.3180967763714168 25
1756349820480 0.27195830384026404 26
1756349820543 0.4982474420381629 27
1756349820605 0.4467202710068744 28
1756349820668 0.4208796309388202 29
1756349820732 0.3951395341883535 30
1756349820795 0.29138433933258057 31
1756349820858 0.31417026467945264 32
1756349820921 0.47063947566177533 33
1756349820984 0.3959358839885048 34
1756349821047 0.3385400590689286 35
1756349821110 0.32203699745561765 36
1756349821173 0.3709419622369435 37
1756349821237 0.34078165759211 38
1756349821300 0.2561805053897526 39
1756349821365 0.28852770898653113 40
1756349821429 0.20879731327295303 41
1756349821492 0.2412183641091637 42
1756349821556 0.24637141370255014 43
1756349821619 0.22568662658981656 44
1756349821682 0.2711257966964141 45
1756349821746 0.20324007583701093 46
1756349821809 0.23269698866035626 47
1756349821873 0.24713994886564172 48
1756349821936 0.2688983361358228 49
1756349822000 0.1990971711018811 50
1756349822063 0.19298839342334997 51
1756349822127 0.24622827768325806 52
1756349822190 0.18897479092297348 53
1756349822254 0.1994000090205151 54
1756349822318 0.22407698501711307 55
1756349822381 0.21291994627403177 56
1756349822447 0.25794043780668924 57
1756349822511 0.24454783551071002 58
1756349822576 0.18399075645467508 59
1756349822639 0.3193810245265131 60
1756349822703 0.2529646919473358 61
1756349822768 0.21938554521488107 62
1756349822833 0.18870727685482605 63
1756349822897 0.17266756166582523 64
1756349822961 0.21122473219166632 65
1756349823025 0.20976045112247052 66
1756349823089 0.16996648907661438 67
1756349823153 0.14611477728771127 68
1756349823217 0.12300839177940202 69
1756349823281 0.2385676791486533 70
1756349823346 0.1168613352853319 71
1756349823410 0.15304479407875435 72
1756349823474 0.18733324337264765 73
1756349823538 0.15396851365980896 74
1756349823602 0.1738152652978897 75
1756349823667 0.15277726656716803 76
1756349823731 0.13523402178417082 77
1756349823796 0.13636647926076598 78
1756349823860 0.1262422434013823 79
1756349823924 0.12053597621295763 80
1756349823989 0.11183625654033992 81
1756349824053 0.11364179039778917 82
1756349824118 0.11037974156763243 83
1756349824182 0.12129694887477419 84
1756349824247 0.13732069504001868 85
1756349824312 0.12297831864460655 86
1756349824377 0.10842690390089284 87
1756349824441 0.11008471250534058 88
1756349824506 0.11505466229889703 89
1756349824571 0.11350178281250208 90
1756349824635 0.11045625562901082 91
1756349824700 0.1264376366591972 92
1756349824765 0.10939286471061084 93
1756349824829 0.13540872542754465 94
1756349824894 0.09029368343560593 95
1756349824959 0.09079855048786038 96
1756349825024 0.08668287503330604 97
1756349825090 0.09672010090688 98
1756349825154 0.08225851279237996 99
1756349825219 0.09511080011725426 100
1756349825284 0.10074585481830266 101
1756349825349 0.1104632930263229 102
1756349825664 0.09390501969534418 103
1756349825729 0.09216026775538921 104
1756349926029 2.076508133307747 1
1756349926107 2.94457193042921 2
1756349926183 2.533501886803171 3
1756349926258 1.3255324622859126 4
1756349926334 0.9868915806645933 5
1756349926410 0.8635234651358231 6
1756349926486 0.7264579819596332 7
1756349926563 0.622755545636882 8
1756349926638 0.6419887503852015 9
1756349926714 0.6486635480238043 10
1756349926790 0.5199466982613439 11
1756349926865 0.48180194263872894 12
1756349926941 0.38765443213607953 13
1756349927017 0.48092100283373956 14
1756349927092 0.5448451210623202 15
1756349927168 0.3968736036964085 16
1756349927244 0.3880695972753608 17
1756349927320 0.3433722814787989 18
1756349927396 0.3114225903282995 19
1756349927473 0.2852535111748654 20
1756349927549 0.26678231682466425 21
1756349927625 0.3001261026315067 22
1756349927701 0.34928650052651117 23
1756349927777 0.3704397555278695 24
1756349927853 0.34523385309654736 25
1756349927930 0.28448110754075256 26
1756349928006 0.2722265985996827 27
1756349928082 0.22932871560687604 28
1756349928158 0.39771165731160535 29
1756349928235 0.3256043649238089 30
1756349928311 0.27135694674823596 31
1756349928388 0.23638175881427267 32
1756349928464 0.25070994898029 33
1756349928540 0.24387421782897867 34
1756349928617 0.17750237493411355 35
1756349928693 0.22964838795039966 36
1756349928770 0.1925354616149612 37
1756349928846 0.16858760915372684 38
1756349928922 0.2084319018151449 39
1756349928998 0.267744568379029 40
1756349929075 0.24463264449782993 41
1756349929151 0.21233683824539185 42
1756349929228 0.19964117200478262 43
1756349929305 0.1910501993868662 44
1756349929381 0.18689928786910098 45
1756349929458 0.1854048928488856 46
1756349929535 0.17345168927441473 47
1756349929611 0.14829664871744488 48
1756349929688 0.1360662576297055 49
1756349929764 0.1801185371435207 50
1756349929841 0.21224865997615067 51
1756349929918 0.20946260250133017 52
1756349929995 0.17298157286384833 53
1756349930072 0.1359808603706567 54
1756349930149 0.15509586311552837 55
1756349930226 0.11242458321478056 56
1756349930303 0.12430360751307529 57
1756349930380 0.17047969316658768 58
1756350138433 2.666368839533433 1
1756350138535 2.3970723437226336 2
1756350138632 2.2623908571575 3
1756350138730 1.4513276776541835 4
1756350138828 0.830411125784335 5
1756350138926 0.6797936843789142 6
1756350139024 0.6141627210637798 7
1756350139122 0.44338932503824646 8
1756350139219 0.40294446180696075 9
1756350139317 0.46931628040645434 10
1756350139414 0.3768889826277028 11
1756350139512 0.3592653559601825 12
1756350139610 0.29675957884477533 13
1756350139708 0.3243063720672027 14
1756350139806 0.37446077718682913 15
1756350139904 0.2668872365485067 16
1756350140003 0.22772048025027566 17
1756350140101 0.2539127718495286 18
1756350140199 0.2667146668485973 19
1756350140298 0.2631141381419223 20
1756350140396 0.21102176185535348 21
1756350140495 0.1913098738245342 22
1756350140594 0.2094691677585892 23
1756350140695 0.22115188626491505 24
1756350140799 0.17468312998180804 25
1756350140898 0.1999132280116496 26
1756350140997 0.21195645759934964 27
1756350141096 0.14283944342447363 28
1756350141195 0.13859947220138882 29
1756350141294 0.21151866731436356 30
1756350141393 0.1694577465886655 31
1756350141492 0.13292119522457538 32
1756350141591 0.13639779696645943 33
1756350141690 0.13844272105590158 34
1756350141789 0.145937312880288 35
1756350141889 0.12967036470122958 36
1756350141988 0.12345222237965335 37
1756350142087 0.16788972736052846 38
1756350142186 0.2998576050867205 39
1756350142285 0.29798649834549945 40
1756350142384 0.22259476780891418 41
1756350142484 0.27801726499329443 42
1756350142583 0.32065522994684137 43
1756350142683 0.17122137044434962 44
1756350142782 0.19121801982755246 45
1756350142881 0.16809844581977182 46
1756350142983 0.13646772633428159 47
1756350143082 0.12059848010540009 48
1756350143181 0.0865411491173765 49
1756350143280 0.08518191475583159 50
1756350143380 0.11791312759337218 51
1756350143479 0.11238524949421054 52
1756350143579 0.1099138867271983 53
1756350143678 0.11570673597895581 54
1756350143778 0.08254868828732034 55
1756350143876 0.09751840389293173 56
1756350143975 0.11648421200073283 57
1756350144075 0.10546513144736705 58
1756350144174 0.10060513877998227 59
1756350144275 0.09966953293136928 60
1756350144644 0.07794084764369157 61
1756350144744 0.07272589563027672 62
1756350144843 0.06725775061742119 63
1756350144943 0.1009647611366666 64
1756350145043 0.08643191874675128 65
1756350145142 0.06815528869628906 66
1756350145243 0.08142937671231187 67
1756350145343 0.11536149502448413 68
1756350145443 0.08202661355228527 69
1756350145565 0.0797747733152431 70
1756350145665 0.08592525610457295 71
1756350145766 0.06463111985636794 72
1756350145866 0.06121699066589708 73
1756350145966 0.05763354047161082 74
1756350146066 0.05209105307965175 75
1756350146166 0.04937974954752818 76
1756350146267 0.07215165832768315 77
1756350146378 0.06314364108054535 78
1756350146479 0.05144295598501745 79
1756350146580 0.057141807416211006 80
1756350146681 0.06710566661280135 81
1756350146782 0.06554172876412453 82
1756350146883 0.05266678883977558 83
1756350146983 0.046458987357175865 84
1756350147084 0.056257558257683464 85
1756350147185 0.05513791083965613 86
1756350147285 0.047306295565289 87
1756350147385 0.04784542143992756 88
1756350147485 0.04626607854405175 89
1756350147586 0.0451991607070617 90
1756350147687 0.04945589480516703 91
1756350147789 0.04594183838723794 92
1756350147889 0.05325159794934418 93
1756350147990 0.05966022108560023 94
1756350148090 0.06170051334344823 95
1756350148191 0.051779408493767616 96
1756350275189 2.820014424945997 1
1756350275304 1.6498218463814778 2
1756350275416 1.6703364719515261 3
1756350275779 1.8890020640000054 4
1756350275891 1.271654460741126 5
1756350276004 1.090398653693821 6
1756350276117 0.8215569348438926 7
1756350276229 0.6278814090334851 8
1756350276342 0.5697456410397654 9
1756350276455 0.47776288312414417 10
1756350276568 0.4343035532080609 11
1756350276680 0.36883042558379797 12
1756350276794 0.4750412683124128 13
1756350276907 0.396183492048927 14
1756350277019 0.3349771042880805 15
1756350277132 0.2746730116398438 16
1756350277245 0.26600243215975555 17
1756350277358 0.2531729586746382 18
1756350277471 0.3456862510546394 19
1756350277584 0.2826952697790187 20
1756350277697 0.21489194197499234 21
1756350277811 0.18146660438050394 22
1756350277924 0.18727660859408585 23
1756350278037 0.22335617406212765 24
1756350278151 0.2515987760346869 25
1756350278264 0.17689505867336108 26
1756350278377 0.17394416908855023 27
1756350278491 0.10859828458532043 28
1756350278604 0.11043143499156703 29
1756350278717 0.12340319869310959 30
1756350278830 0.11892751539530962 31
1756350278943 0.15015589834555335 32
1756350279057 0.14326435910618823 33
1756350279170 0.1354074063508407 34
1756350279284 0.11950623989105225 35
1756350279397 0.1152457986836848 36
1756350279511 0.15121373825747034 37
1756350279625 0.12126587072144383 38
1756350279738 0.08649517676752547 39
1756350279852 0.0902594616231711 40
1756350279966 0.15119545615237692 41
1756350280080 0.12310846716813419 42
1756350280194 0.12012312642258147 43
1756350280309 0.11000207973563153 44
1756350280423 0.10471522646105808 45
1756350280537 0.07723072616626388 46
1756350280651 0.07350565606485242 47
1756350280765 0.07235934067031612 48
1756350280878 0.06975267616950948 49
1756350280992 0.08603516107668048 50
1756350281107 0.0927366522019324 51
1756350281220 0.06184566539266835 52
1756350281334 0.07212322610227959 53
1756350281448 0.0736811449346335 54
1756350281562 0.065236521317907 55
1756350281676 0.06797067391807618 56
1756350281790 0.0548335483054752 57
1756350281904 0.06289716202603735 58
1756350282018 0.06833600682084975 59
1756350282132 0.07351546766965286 60
1756350282246 0.05273635515376278 61
1756350282360 0.047480018040084324 62
1756350282474 0.05622225538220094 63
1756350397246 2.5700399953386057 1
1756350397371 4.039494607759559 2
1756350397494 2.4124903678894043 3
1756350397617 2.437711967074353 4
1756350397740 1.2969682268474414 5
1756350397864 0.971329143513804 6
1756350397988 0.8282821424629377 7
1756350398362 0.5360337929881137 8
1756350398487 0.6138006390436835 9
1756350398611 0.40250055297561316 10
1756350398735 0.3633645280547764 11
1756350398859 0.36635945996512537 12
1756350398983 0.3385741943898408 13
1756350399106 0.295685320444729 14
1756350399230 0.45827561487322266 15
1756350399354 0.6393843280232471 16
1756350399477 0.6073862184648928 17
1756350399600 0.7344390166842419 18
1756350399723 0.5387549827928129 19
1756350399847 0.3941754426645196 20
1756350399971 0.4266052537638208 21
1756350400096 0.2501505231079848 22
1756350400219 0.26011014179043146 23
1756350400343 0.23760901229537051 24
1756350400468 0.23554439842700958 25
1756350400592 0.23954353319562 26
1756350400717 0.23225306298421777 27
1756350400840 0.17397689592579138 28
1756350400964 0.1702615265613017 29
1756350401087 0.21388833710680838 30
1756350401211 0.23096877174532932 31
1756350401335 0.15835069638231528 32
1756350401459 0.14598653611281645 33
1756350401583 0.1715537711330082 34
1756350401707 0.22101411158623901 35
1756350401831 0.1902246122126994 36
1756350401954 0.1779191717505455 37
1756350402078 0.2075389691669008 38
1756350402202 0.1437644164847291 39
1756350402326 0.11080588918665181 40
1756350402451 0.2326949970877689 41
1756350402574 0.20734487150026404 42
1756350402698 0.22875190169914908 43
1756350402822 0.18177252262830734 44
1756350402946 0.17433480626862982 45
1756350403070 0.15951765620190164 46
1756350403366 0.1343438262524812 47
1756350403491 0.16767514432254044 48
1756350403616 0.15837346082148346 49
1756350403740 0.11662190294136172 50
1756350403864 0.11745563732541126 51
1756350403988 0.09914538976938828 52
1756350404111 0.08350651962277682 53
1756350404236 0.1130611603350743 54
1756350404361 0.0983271389875723 55
1756350404485 0.10858253875504369 56
1756350404610 0.12559870306564414 57
1756350404735 0.14436303451657295 58
1756350404860 0.2304913626740808 59
1756350404985 0.23147707934612813 60
1756350405109 0.10675567663882089 61
1756350405235 0.11032134650842003 62
1756350405359 0.09375897292857585 63
1756350405483 0.10450456453406293 64
1756350405608 0.08396894452364548 65
1756350405733 0.0993432619649431 66
1756350405857 0.09992469312704128 67
1756350405983 0.08520155804960625 68
1756350406108 0.09559998774658078 69
1756350558754 2.367440376592719 1
1756350558891 2.7445868694263957 2
1756350559027 1.9315977148387744 3
1756350559162 1.9301594936329385 4
1756350559299 1.3000920129858928 5
1756350559435 0.952879003856493 6
1756350559572 1.2321443687314573 7
1756350559707 0.6823341665060624 8
1756350559842 0.7688629925251007 9
1756350559977 0.6629562559335128 10
1756350560113 1.209253474422123 11
1756350560249 0.6655466193738191 12
1756350560384 0.5580679644709048 13
1756350560520 0.4420762476713761 14
1756350560655 0.6265033302099808 15
1756350560790 0.6008050901734311 16
1756350560925 0.6056094156659168 17
1756350561061 0.4346330444449964 18
1756350561440 0.4206155946721201 19
1756350561578 0.4839079755803813 20
1756350561715 0.3354003695042237 21
1756350561851 0.41755111515522003 22
1756350561989 0.4113571708617003 23
1756350562127 0.37620809091174084 24
1756350562263 0.4220719091270281 25
1756350562401 0.37322317646897357 26
1756350562537 0.3602080604304438 27
1756350562673 0.40165903386862384 28
1756350562810 0.38972908971102344 29
1756350562947 0.45095184380593506 30
1756350563084 0.38903882451679395 31
1756350563221 0.32341638531373895 32
1756350563358 0.3935214773468349 33
1756350563498 0.33917412744916003 34
1756350563637 0.2958262446133987 35
1756350563775 0.23932242587856625 36
1756350563914 0.2188742462059726 37
1756350564051 0.3053675844617512 38
1756350564189 0.23583135591900867 39
1756350564328 0.2182427207412927 40
1756350564466 0.23668466022481088 41
1756350564604 0.2819407854391181 42
1756350564741 0.3760403213293656 43
1756350564878 0.3292197261167609 44
1756350565016 0.3241142669449682 45
1756350565154 0.23674738828254782 46
1756350565292 0.23894414402868436 47
1756350565429 0.23924298357704413 48
1756350565736 0.24104901889096136 49
1756350565875 0.3486748399293941 50
1756350566013 0.21992519109145456 51
1756350566151 0.1958137267957563 52
1756350566288 0.17547826728095178 53
1756350566427 0.16964926376290942 54
1756350566566 0.20544689343027447 55
1756350566703 0.3312097606451615 56
1756350566841 0.3121677183586618 57
1756350566981 0.26497663525135623 58
1756350567120 0.1667743338190991 59
1756350567259 0.19081051744844602 60
1756350567397 0.1664701457256856 61
1756350567535 0.24955799527790234 62
1756350567673 0.3987973928451538 63
1756350567812 0.1965934595336085 64
1756350567950 0.19051224187664365 65
1756350568088 0.17678070262722348 66
1756350568225 0.18576510153386905 67
1756350568363 0.17977447710607364 68
1756350568501 0.14533626029024954 69
1756350568640 0.1932972313269325 70
1756350568778 0.15664655099744382 71
1756350568916 0.12793425826922708 72
1756350569054 0.16114020833502646 73
1756350569193 0.13423670698767123 74
1756350569331 0.14475426531356314 75
1756350569470 0.14396793087539467 76
1756350569608 0.138210686976495 77
1756350569747 0.13635742113642071 78
1756350569886 0.153020274379979 79
1756350570025 0.13746448849206386 80
1756350570163 0.14884000320149504 81
1756350570465 0.161862601728543 82
1756350570605 0.14601206196391064 83
1756350570744 0.15705059792684473 84
1756350570884 0.1544173719442409 85
1756350571023 0.17767649791810824 86
1756350571162 0.14633049070835114 87
1756350571300 0.13790651880528615 88
1756350571438 0.15095289456455604 89
1756350571577 0.12044625146233517 90
1756350571715 0.1322273373927759 91
1756350571854 0.11791457835098972 92
1756350571992 0.11335320835528166 93
1756350572131 0.10367914337826811 94
1756350572271 0.11676234006881714 95
1756350572410 0.10100168410850607 96
1756350572548 0.09824801082520382 97
1756350572687 0.11257055191242177 98
1756350572826 0.09073612093925476 99
1756350572964 0.13350531879974448 100
1756350573103 0.10450537502765656 101
1756350573241 0.09109019633868466 102
1756350573380 0.10313790842242863 103
1756350573519 0.08754442032912503 104
1756350573657 0.1070313474730305 105
1756350573796 0.09585734683534373 106
1756350573938 0.08299349183621614 107
1756350574077 0.08858928035782732 108
1756350574216 0.08543711107062257 109
1756350574356 0.0746265163888102 110
1756350574496 0.1092359303780224 111
1756350574792 0.10882681753972302 112
1756350574932 0.08377734069590984 113
1756350575073 0.10697329611234042 114
1756350575212 0.1053963441239751 115
1756350575352 0.10123645773400432 116
1756350575492 0.08339876568187839 117
1756350575633 0.07121857093728107 118
1756350575773 0.08136768347543219 119
1756350575914 0.056039222151688904 120
1756350576054 0.072195904734342 121
1756350576193 0.08331550690143005 122
1756350576333 0.07249251639713412 123
1756350576472 0.08064464317715686 124
1756350576613 0.07478951209265253 125
1756350576752 0.07979480776449908 126
1756350576891 0.09676523879170418 127
1756350577031 0.058803366092236145 128
1756350577171 0.059499547857305275 129
1756350577311 0.05943428498247395 130
1756350577450 0.0804366425651571 131
1756350577590 0.06720946308063425 132
1756350577729 0.07816496240380018 133
1756350714733 3.1425973539767056 1
1756350714886 2.7751413272774736 2
1756350715037 2.2676088239835654 3
1756350715187 1.2884745856989985 4
1756350715337 1.1685150550759358 5
1756350715488 1.0922276727531268 6
1756350715637 0.7398134858711906 7
1756350715788 0.7163727400095566 8
1756350715939 0.6578712398591249 9
1756350716090 0.5550344210603962 10
1756350716241 0.5472701917523923 11
1756350716391 0.499258551908576 12
1756350716543 0.6645976862181788 13
1756350716694 0.4724409262771192 14
1756350716846 0.5725410464017288 15
1756350716996 0.5071589596893477 16
1756350717147 0.5076614177745321 17
1756350717298 0.35346057687116705 18
1756350717450 0.5443153692328412 19
1756350717601 0.4973892731511075 20
1756350717752 0.44154923247254413 21
1756350717905 0.4282919874657755 22
1756350718305 0.4971087723970413 23
1756350718457 0.4226741985134456 24
1756350718608 0.36460895382839703 25
1756350718760 0.3333086539869723 26
1756350718912 0.3872962289530298 27
1756350719063 0.34427669644355774 28
1756350719214 0.4169194432704345 29
1756350719364 0.26674364507198334 30
1756350719515 0.2802653124798899 31
1756350719666 0.2600668059742969 32
1756350719817 0.2566322956396186 33
1756350719969 0.31636475998422375 34
1756350720120 0.3165536947224451 35
1756350720271 0.24349675262751785 36
1756350720422 0.2856359533641649 37
1756350720574 0.2157676582751067 38
1756350720726 0.20100795024115106 39
1756350720878 0.22886702029601388 40
1756350721030 0.2684197966819224 41
1756350721181 0.21405409891968188 42
1756350721332 0.28256862934516824 43
1756350721484 0.34267832338809967 44
1756350721636 0.3062588462363119 45
1756350721787 0.23070393567499908 46
1756350721939 0.24507945873167203 47
1756350722090 0.19439186803672626 48
1756350722406 0.1688356665165528 49
1756350722558 0.21565768155066864 50
1756350722710 0.26003450479196466 51
1756350722862 0.23129308450481165 52
1756350723013 0.21094702508138574 53
1756350723166 0.1636827558926914 54
1756350723318 0.1835124013216599 55
1756350723469 0.18679681420326233 56
1756350723622 0.22396062508873318 57
1756350723773 0.23172922011302866 58
1756350723925 0.23838424682617188 59
1756350724077 0.17058113120172336 60
1756350724228 0.1943600840218689 61
1756350724380 0.1446581337115039 62
1756350724533 0.1537560033409492 63
1756350724684 0.1697949077124181 64
1756350724836 0.1600696804082912 65
1756350724989 0.1829801337874454 66
1756350725140 0.12050900705482649 67
1756350725292 0.15644955797039944 68
1756350725444 0.17850315732800442 69
1756350725596 0.13135100091281143 70
1756350725747 0.12467486362742342 71
1756350725898 0.14669839260370834 72
1756350726050 0.17123867085446481 73
1756350726202 0.1338140760426936 74
1756350726354 0.1223976819411568 75
1756350726506 0.15880826439546503 76
1756350726657 0.14511297497412431 77
1756350726809 0.1445003858079081 78
1756350727125 0.2078592265429704 79
1756350727278 0.16293728076245473 80
1756350727430 0.18145894647940344 81
1756350727584 0.198293783094572 82
1756350727737 0.10776107320966928 83
1756350727890 0.12927138400466545 84
1756350728043 0.11362317204475403 85
1756350728196 0.11141263337238975 86
1756350728348 0.10261168282317079 87
1756350728504 0.09263407617159512 88
1756350728656 0.08544314166773921 89
1756350728810 0.08578999939820041 90
1756350728963 0.09745124743684479 91
1756350729115 0.11547494647295578 92
1756350729268 0.10138341347160547 93
1756350729421 0.1455597867784293 94
1756350729573 0.09547088165646014 95
1756350729726 0.10851558476038602 96
1756350729879 0.09451639295920082 97
1756350730033 0.1299016885459423 98
1756350730186 0.10688638606149217 99
1756350730339 0.09071622918481412 100
1756350730493 0.07681053212803343 101
1756350730646 0.07513049455440562 102
1756350730800 0.07969072112894576 103
1756350730953 0.09153372551436009 104
1756350731266 0.08873828937825949 105
1756350731419 0.079586046707371 106
1756350731573 0.06944597885012627 107
1756350731726 0.07462991790279098 108
1756350731880 0.07231095222675282 109
1756350732032 0.09998325485250224 110
1756350732186 0.06963189626517503 111
1756350732338 0.06247465085724126 112
1756350732490 0.06931970365669417 113
1756350732643 0.08239518915829451 114
1756350959559 2.836924648803213 1
1756350959733 4.856259053168089 2
1756350959906 2.6886669734249944 3
1756350960077 1.1553850251695383 4
1756350960249 0.978841412326564 5
1756350960421 1.0771187492038892 6
1756350960592 0.7638018507024517 7
1756350960765 0.764612227678299 8
1756350960936 0.7076108041016952 9
1756350961108 0.9089380735936372 10
1756350961280 0.55761061673579 11
1756350961452 0.5198728707821473 12
1756350961624 0.853025267953458 13
1756350961797 0.664886887954629 14
1756350961969 0.48782241214876587 15
1756350962391 0.5080275263475336 16
1756350962564 0.6225170493125916 17
1756350962736 0.5289613112159397 18
1756350962908 0.5444506678892218 19
1756350963080 0.41046314265417017 20
1756350963253 0.37108672766581824 21
1756350963425 0.3475965177235396 22
1756350963597 0.3673096512970717 23
1756350963770 0.3928739467392797 24
1756350963942 0.5889741331338882 25
1756350964115 0.43320016951664636 26
1756350964287 0.42243405334327533 27
1756350964460 0.8159832397232885 28
1756350964632 0.37717158379762067 29
1756350964805 0.32869363932505896 30
1756350964977 0.43362697051919025 31
1756350965319 0.44405294954776764 32
1756350965493 0.29365700224171515 33
1756350965666 0.2397056886035463 34
1756350965838 0.29137072355850885 35
1756350966014 0.3752262488655422 36
1756350966187 0.3541255366543065 37
1756350966360 0.31768424355465436 38
1756350966534 0.2921252856435983 39
1756350966707 0.25228989577811695 40
1756350966879 0.21533386409282684 41
1756350967052 0.23565791255753973 42
1756350967226 0.22954447988582694 43
1756350967400 0.2235886023744293 44
1756350967572 0.2645583505863729 45
1756350967745 0.18982186913490295 46
1756350968090 0.2003351880804352 47
1756350968263 0.17823526392812314 48
1756350968436 0.26426974133304926 49
1756350968609 0.21510577752538348 50
1756350968781 0.2970964254244514 51
1756350968954 0.24466901531685953 52
1756350969127 0.2357304925503938 53
1756350969300 0.1932294579303783 54
1756350969473 0.16701520590678506 55
1756350969646 0.14922463019257007 56
1756350969820 0.15372768206440884 57
1756350969993 0.19658143267683362 58
1756350970165 0.16678459780371707 59
1756350970337 0.16686125617960226 60
1756350970510 0.18723424426887347 61
1756350970683 0.17207033381513928 62
1756350971023 0.19237882611544235 63
1756350971196 0.2742037421659283 64
1756350971370 0.18312533847663715 65
1756350971543 0.1853523656078007 66
1756350971717 0.16223399146743442 67
1756350971890 0.1651462672845177 68
1756350972064 0.15306312137323877 69
1756350972238 0.1334604935153671 70
1756350972411 0.1264520086671995 71
1756350972584 0.11187151884255202 72
1756350972757 0.11219356532977975 73
1756350972930 0.12033379304668178 74
1756350973103 0.12063962723249974 75
1756350973276 0.11690457586361014 76
1756350973449 0.11193575467104497 77
1756350973789 0.12726056883516518 78
1756350973962 0.16336961932804273 79
1756350974137 0.11911828896921614 80
1756350974310 0.1153658288328544 81
1756350974485 0.12310908799586089 82
1756350974659 0.08703748331121776 83
1756350974833 0.11509081154413846 84
1756350975006 0.12027223634979 85
1756350975180 0.10523796632238057 86
1756350975354 0.08186938322108725 87
1756350975528 0.08593534435267033 88
1756350975701 0.09550039032879083 89
1756350975875 0.08593499077403027 90
1756350976048 0.09471634192311246 91
1756350976224 0.09795890197805736 92
1756350976399 0.09074692509096602 93
1756350976755 0.08535713151745174 94
1756350976931 0.07828775566557179 95
1756350977105 0.06261464937225632 96
1756350977279 0.060963457531255226 97
1756350977452 0.06838032659953056 98
1756350977626 0.07982478306993195 99
1756350977800 0.07310587783222613 100
1756350977975 0.07132057618835698 101
1756350978149 0.08547312167027722 102
1756350978323 0.08629739608453668 103
1756350978497 0.08130999209116334 104
1756350978672 0.072935548003601 105
1756350978846 0.07531933664627698 106
1756350979020 0.07178976856496024 107
1756351202662 3.0713258100592573 1
1756351202855 2.845100485760233 2
1756351203045 2.8641810935476553 3
1756351203235 2.0895393672196763 4
1756351203424 1.4768449767776157 5
1756351203614 0.9195668464121611 6
1756351203806 0.766859971958658 7
1756351203998 0.9437885841597682 8
1756351204190 0.8305099917494733 9
1756351204380 0.5657540559768677 10
1756351204848 0.5967824847801871 11
1756351205039 0.6548164687726808 12
1756351205230 0.42132792395094165 13
1756351205421 0.5266712418069011 14
1756351205611 0.6323969066143036 15
1756351205802 0.7605972484402035 16
1756351205993 0.8672081633754398 17
1756351206183 0.49092698097229004 18
1756351206373 0.533478112972301 19
1756351206564 0.7858018764983052 20
1756351206753 0.609777904075125 21
1756351206945 0.41318633115809894 22
1756351207135 0.4858634296966636 23
1756351207327 0.3434595070455385 24
1756351207517 0.3326325280510861 25
1756351207882 0.3566873617794203 26
1756351208074 0.30073674152726715 27
1756351208266 0.26900714668242826 28
1756351208456 0.34130186101664667 29
1756351208646 0.31512199083100195 30
1756351208836 0.3447335790032926 31
1756351209026 0.29066914514355036 32
1756351209216 0.267569613845452 33
1756351209406 0.3035378757378329 34
1756351209597 0.21467989877514218 35
1756351209788 0.2763173703266227 36
1756351209979 0.24975587330434634 37
1756351210171 0.23265630589879077 38
1756351210362 0.2530142162805018 39
1756351210553 0.2531561453057372 40
1756351210744 0.19611138623693716 41
1756351211105 0.27013167771308316 42
1756351211297 0.3577085921297903 43
1756351211489 0.298166890507159 44
1756351211680 0.21894106463245724 45
1756351211871 0.30118706368881726 46
1756351212063 0.24528990945090418 47
1756351212254 0.3431633827478989 48
1756351212445 0.24504746885403342 49
1756351212637 0.19213823229074478 50
1756351212828 0.2005994404139726 51
1756351213020 0.19475396819736646 52
1756351213210 0.21395157083221103 53
1756351213401 0.2840228514826816 54
1756351213593 0.2656884786227475 55
1756351213785 0.19573063014642053 56
1756351214147 0.1736786958316098 57
1756351214340 0.1779915913939476 58
1756351214533 0.15775818847443746 59
1756351214725 0.21175394012876178 60
1756351214917 0.16338670107981432 61
1756351215109 0.17795608775771182 62
1756351215300 0.1603420354101969 63
1756351215492 0.20896390857903854 64
1756351215682 0.18610284736622934 65
1756351215873 0.17644066622723703 66
1756351216063 0.14056950046316438 67
1756351216254 0.18047308176755905 68
1756351216445 0.18523191028962965 69
1756351216636 0.21119727129521576 70
1756351216826 0.20800906970449115 71
1756351217017 0.15235299422689105 72
1756351217370 0.1730256482310917 73
1756351217561 0.16665472900090011 74
1756351217752 0.17018149728360382 75
1756351217943 0.15121476060670355 76
1756351218135 0.13594261961786644 77
1756351218325 0.12601641047260034 78
1756351218516 0.12026871902787167 79
1756351218708 0.1320946814249391 80
1756351218900 0.13894174086010974 81
1756351219090 0.17188750968679137 82
1756351219282 0.1212527395590492 83
1756351219473 0.08152149860625682 84
1756351219664 0.10956776644224706 85
1756351219855 0.10756463978601538 86
1756351220046 0.10075788621021353 87
1756351220238 0.11216092109680176 88
1756351220594 0.11109598304914392 89
1756351220787 0.12083692638122517 90
1756351220980 0.10629826784133911 91
1756351221173 0.11351659327097562 92
1756351221366 0.12429200857877731 93
1756351221558 0.12070789690250935 94
1756351221751 0.10380864742657413 95
1756351221944 0.08863172842108685 96
1756351222137 0.08880155679324399 97
1756351222329 0.09836580199391945 98
1756351222522 0.08421067650551381 99
1756351222714 0.08176795587591502 100
1756351384912 2.4099914042846016 1
1756351385117 2.999646801015605 2
1756351385321 2.0039692754330845 3
1756351385524 1.7859442674595376 4
1756351385727 1.3620642307011976 5
1756351385929 0.8986879224362581 6
1756351386131 1.1887642261774645 7
1756351386590 0.6949588876703511 8
1756351386793 0.9234868067762126 9
1756351386997 0.8644584404385608 10
1756351387199 0.6364485763985178 11
1756351387402 0.6164457409278207 12
1756351387604 0.4844129176243492 13
1756351387806 0.9676064460173898 14
1756351388010 0.7251382936602053 15
1756351388213 0.4673788845539093 16
1756351388417 0.47664594909419183 17
1756351388620 0.6403912863005763 18
1756351388822 0.5723701404488605 19
1756351389026 0.6100758145684781 20
1756351389230 0.5421061178912288 21
1756351389433 0.6251304486523503 22
1756351389803 0.5314093970734141 23
1756351390006 0.3584923485051031 24
1756351390210 0.4125018404877704 25
1756351390412 0.4050271925718888 26
1756351390615 0.4381552973519201 27
1756351390819 0.46482717472573987 28
1756351391021 0.3645645043124323 29
1756351391224 0.35216408514458203 30
1756351391427 0.3866185636624046 31
1756351391630 0.3450485429038172 32
1756351391833 0.367064308213151 33
1756351392036 0.6194992233877596 34
1756351392239 0.3694856549086778 35
1756351392443 0.3328144997358322 36
1756351392646 0.3008080759774084 37
1756351392850 0.27113938266816345 38
1756351393220 0.2968704574134039 39
1756351393425 0.2925417688877686 40
1756351393629 0.28893381357192993 41
1756351393833 0.3333053537037062 42
1756351394036 0.23283508776322656 43
1756351394240 0.2747931765473407 44
1756351394443 0.24161336570978165 45
1756351394647 0.2992259646239488 46
1756351394851 0.294876547611278 47
1756351395056 0.2098236427358959 48
1756351395259 0.20682743936777115 49
1756351395463 0.39613835707954737 50
1756351395667 0.46034113609272503 51
1756351395872 0.3528242499931999 52
1756351396075 0.2827097281165745 53
1756351396278 0.29578050323154614 54
1756351396646 0.2725069299340248 55
1756351396850 0.23315934772076813 56
1756351397055 0.22817323259685351 57
1756351397259 0.16662414145210516 58
1756351397464 0.22198193455519882 59
1756351397668 0.18364064427821533 60
1756351397873 0.19453898590543997 61
1756351398078 0.17918402766403946 62
1756351398282 0.2550832496389099 63
1756351398486 0.25564659451660904 64
1756351398690 0.18693413131910822 65
1756351398894 0.15227668538041736 66
1756351399098 0.13203172450480255 67
1756351399302 0.16771693981212119 68
1756351399505 0.28977453611467197 69
1756351399869 0.17861712238062982 70
1756351400075 0.18791820011709048 71
1756351400282 0.15841015622667645 72
1756351400488 0.10531797470605891 73
1756351400693 0.1797470949266268 74
1756351400898 0.14316141572983368 75
1756351401102 0.17594921669882277 76
1756351401307 0.17805810726207236 77
1756351401511 0.14887147785528845 78
1756351401715 0.13554903378953104 79
1756351401920 0.13874388939660529 80
1756351402124 0.12780980279912119 81
1756351402329 0.13115921163040659 82
1756351402534 0.13028885229774143 83
1756351402738 0.12032168650108835 84
1756351402943 0.1391639790457228 85
1756351403313 0.14343698031228522 86
1756351403518 0.13736323315812193 87
1756351403723 0.17109513606714166 88
1756351403928 0.1289817190364651 89
1756351404132 0.10033489083466322 90
1756351404337 0.1356658294149067 91
1756351404541 0.1177300792997298 92
1756351404745 0.11626275110503902 93
1756351404952 0.1557800272560638 94
1756351405158 0.16487144970375558 95
1756351405364 0.12718910950681436 96
1756351405571 0.09913237101357916 97
1756351405777 0.09958663760967877 98
1756351405982 0.1094751370989758 99
1756351586422 3.285229988720106 1
1756351586641 2.314643551474032 2
1756351586857 1.8914332130680913 3
1756351587075 1.3163044038026228 4
1756351587289 1.5070925277212393 5
1756351587507 1.3087231620498325 6
1756351587967 0.9208134671916133 7
1756351588184 0.9217955301637235 8
1756351588400 0.9360368018564971 9
1756351588616 0.6028124469777812 10
1756351588832 0.6763652563095093 11
1756351589048 0.7201803067456121 12
1756351589264 0.4652095806339513 13
1756351589480 0.5587046548076298 14
1756351589695 0.4200800786847654 15
1756351589910 0.45575054572976154 16
1756351590125 0.4218805134296417 17
1756351590341 0.3772611501424209 18
1756351590557 0.33327238391274994 19
1756351590772 0.40897244215011597 20
1756351590989 0.4581254720687866 21
1756351591361 0.4559072528196418 22
1756351591578 0.4419050864551378 23
1756351591795 0.4073655747849008 24
1756351592012 0.3811671753292498 25
1756351592228 0.3781565881293753 26
1756351592447 0.3480306970684425 27
1756351592665 0.3229946960573611 28
1756351592882 0.30742761298366217 29
1756351593099 0.2816910128230634 30
1756351593316 0.26041752164778503 31
1756351593533 0.21052771612353946 32
1756351593749 0.3474249399226645 33
1756351593965 0.2685199366963428 34
1756351594182 0.23780474779398544 35
1756351594397 0.22871519528005435 36
1756351594614 0.2286271585718445 37
1756351595023 0.2601715527150942 38
1756351595240 0.27881521310495294 39
1756351595456 0.34900204124658 40
1756351595674 0.25716721428477246 41
1756351595892 0.27650139059709467 42
1756351596109 0.2574653065075045 43
1756351596326 0.1876698353368303 44
1756351596544 0.18436649700869684 45
1756351596762 0.2402756968918054 46
1756351596979 0.2710696267692939 47
1756351597196 0.26362092792987823 48
1756351597416 0.24249175547257715 49
1756351597635 0.22382096071606097 50
1756351597854 0.1702241110412971 51
1756351598070 0.23604382898496545 52
1756351598474 0.206483057335667 53
1756351598691 0.16855174367842468 54
1756351598908 0.15819288466287695 55
1756351599126 0.214246469023435 56
1756351599343 0.21057048958280813 57
1756351599561 0.16075826598250348 58
1756351599779 0.16596082824727762 59
1756351599996 0.18937129883662515 60
1756351600213 0.2112055135809857 61
1756351600431 0.17336457805789035 62
1756351600648 0.15357433194699494 63
1756351600866 0.11930759445480678 64
1756351601083 0.17361776368773502 65
1756351601301 0.20202910381814707 66
1756351601519 0.14646796655395758 67
1756351601737 0.15440222718145535 68
1756351602136 0.15849486851821776 69
1756351602355 0.11178121229876643 70
1756351602573 0.09928144304000813 71
1756351602791 0.1037890430053939 72
1756351603009 0.10600062929417776 73
1756351603226 0.12025350947742877 74
1756351603444 0.20823563764924588 75
1756351603661 0.12782652254985727 76
1756351603879 0.11574951624092848 77
1756351604096 0.10340388572734335 78
1756351604315 0.10619074705502261 79
1756351604533 0.11134507150753685 80
1756351604750 0.10833787675137105 81
1756351604968 0.0973975489968839 82
1756351605187 0.09813403726919838 83
1756351605404 0.10033718723317851 84
1756351776975 3.252400281636611 1
1756351777205 2.932834454204725 2
1756351777432 4.347307220749233 3
1756351777660 1.6295729616413945 4
1756351777886 1.1896015457485034 5
1756351778113 1.0135587350181912 6
1756351778341 0.8568488048470538 7
1756351778569 0.6562200538490129 8
1756351778795 0.6687004838300787 9
1756351779021 0.615709587931633 10
1756351779248 0.6237774011881455 11
1756351779478 0.5083280762900477 12
1756351779952 0.5555105792439502 13
1756351780181 0.5094789137010989 14
1756351780408 0.644472659929939 15
1756351780634 0.5632096081972122 16
1756351780860 0.4503809991090194 17
1756351781088 0.3454259562751521 18
1756351781316 0.47713950794676074 19
1756351781545 0.5980503896008367 20
1756351781773 0.5416674886060797 21
1756351782001 0.41146626485430676 22
1756351782229 0.4715448021888733 23
1756351782454 0.3518105557431345 24
1756351782683 0.32654636450435803 25
1756351782911 0.28487147973931354 26
1756351783141 0.3020329941873965 27
1756351783370 0.34263675886651745 28
1756351783759 0.38536798176558124 29
1756351783987 0.49642664194107056 30
1756351784216 0.3353500981693682 31
1756351784446 0.37745047846566077 32
1756351784673 0.25668125599622726 33
1756351784900 0.2766248684214509 34
1756351785128 0.33437017513358075 35
1756351785355 0.29694582845853723 36
1756351785584 0.2610991487036581 37
1756351785812 0.24774039569108383 38
1756351786039 0.2503281802586887 39
1756351786266 0.223255583125612 40
1756351786493 0.2556911467210106 41
1756351786721 0.22772194574708524 42
1756351786951 0.23586694507495218 43
1756351787179 0.26778734572555707 44
1756351787569 0.18581229124380194 45
1756351787798 0.24986855167409647 46
1756351788026 0.21256510816190555 47
1756351788254 0.1984473593209101 48
1756351788484 0.19138760670371677 49
1756351788713 0.22814085593690042 50
1756351788941 0.3496026759562285 51
1756351789170 0.3114503615576288 52
1756351789398 0.21762402452852414 53
1756351789625 0.21437683312789255 54
1756351789855 0.18706771310256876 55
1756351790084 0.22063145073859589 56
1756351790312 0.27098876723776694 57
1756351790540 0.18923909281906875 58
1756351790769 0.19284455478191376 59
1756351791154 0.1895909873039826 60
1756351791382 0.2214386025848596 61
1756351791611 0.12206970641146535 62
1756351791840 0.16124555695316065 63
1756351792069 0.16006905747496564 64
1756351792298 0.21264436322709787 65
1756351792527 0.20738181050704874 66
1756351792758 0.18372837324505267 67
1756351792987 0.16713518325401389 68
1756351793217 0.14568711412341698 69
1756351793449 0.13119383059118106 70
1756351793679 0.15196733225298964 71
1756351793909 0.15401556229461794 72
1756351794137 0.13798523224566295 73
1756351794365 0.12055160380575967 74
1756351794753 0.14051048813954645 75
1756351794983 0.11802686475541281 76
1756351795212 0.12592771649360657 77
1756351795442 0.127184113730555 78
1756351795671 0.1332094628849755 79
1756351795900 0.1405191029543462 80
1756351796130 0.11083780650211417 81
1756351796360 0.17318261868279913 82
1756351796589 0.13629089101501132 83
1756351796821 0.15829046111068 84
1756351797051 0.16433848262481068 85
1756351797281 0.1383730819367844 86
1756351797511 0.12972655633221503 87
1756351797742 0.20545420277377832 88
1756351797974 0.1044070595956367 89
1756351798370 0.10130997245078502 90
1756351798601 0.1357474759545015 91
1756351798833 0.09790574767343375 92
1756351799064 0.08742530530561572 93
1756351799294 0.1378425523314787 94
1756351799527 0.15183707391438278 95
1756351799761 0.10178342510176741 96
1756351799993 0.08866665917246239 97
1756351800226 0.08908254070126492 98
1756351800458 0.10135199340141338 99
1756351800690 0.09717504064673962 100
1756351801105 0.10214348542301552 101
1756351801337 0.09086565106459286 102
1756351801568 0.12844982305946556 103
1756351801800 0.0859545142106388 104
1756351802031 0.09197211872948252 105
1756351802262 0.07752556904502537 106
1756351802493 0.0847351531619611 107
1756351802724 0.10053399950265884 108
1756351802955 0.0781225920047449 109
1756351803186 0.07527983804111896 110
1756351803416 0.07970589998623599 111
1756351803646 0.06216765251820502 112
1756351803878 0.0758114840997302 113
1756351804313 0.08229457360246907 114
1756351804545 0.086832320884518 115
1756351804776 0.09587426402646562 116
1756351805007 0.06288380232518134 117
1756351805238 0.06083133954392827 118
1756351805469 0.06836481813503348 119
1756351805699 0.07695480598055798 120
1756351805930 0.06176656338831653 121
1756351806162 0.05254653355349665 122
1756351806393 0.06274705517875112 123
1756351806625 0.07860240615580392 124
1756351806857 0.06452058101801769 125
1756351981623 3.124006263587786 1
1756351982113 2.98295621768288 2
1756351982356 3.150116500647172 3
1756351982600 2.085385869378629 4
1756351982843 1.3432452186294224 5
1756351983084 0.8826206391272338 6
1756351983328 1.0049569710441257 7
1756351983571 1.0383124947547913 8
1756351983813 0.7174171235250391 9
1756351984221 0.6602789850338645 10
1756351984462 0.4601608773936396 11
1756351984704 0.4919180999631467 12
1756351984946 0.4369969128266625 13
1756351985188 0.48318359644516656 14
1756351985431 0.4545450625212296 15
1756351985672 0.4478334473526996 16
1756351985915 0.4263801769070003 17
1756351986157 0.3665861053311307 18
1756351986400 0.3857471586569496 19
1756351986644 0.44432503827240155 20
1756351986885 0.4887395080017007 21
1756351987305 0.3511605800493904 22
1756351987549 0.33516964510731073 23
1756351987792 0.3484841293614844 24
1756351988038 0.3377188107241755 25
1756351988281 0.35182559554991516 26
1756351988524 0.3435198152842729 27
1756351988767 0.270286219275516 28
1756351989010 0.30026168991690094 29
1756351989254 0.32593551796415576 30
1756351989495 0.3017794632393381 31
1756351989740 0.3884162248476692 32
1756351990147 0.295271841728169 33
1756351990392 0.2708832880725031 34
1756351990636 0.2576350394798362 35
1756351990880 0.2444485296373782 36
1756351991125 0.21022756494905637 37
1756351991372 0.18039453353570856 38
1756351991616 0.23104001581668854 39
1756351991859 0.2681417873372202 40
1756351992281 0.28968016868052276 41
1756351992525 0.20712191967860513 42
1756351992770 0.20064925434796707 43
1756351993015 0.2409483596034672 44
1756351993260 0.1638265572812246 45
1756351993504 0.15602459013462067 46
1756351993749 0.21641320864791455 47
1756351993996 0.19426534260096756 48
1756351994240 0.1676552136955054 49
1756351994649 0.20709413435796034 50
1756351994894 0.16914902659861938 51
1756351995138 0.15078279991512714 52
1756351995382 0.1581729028535926 53
1756351995626 0.20915916270535925 54
1756351995871 0.21196642064529916 55
1756351996116 0.21342571403669275 56
1756351996359 0.15215297043323517 57
1756351996604 0.24818368903968646 58
1756351996849 0.3246529173591863 59
1756351997092 0.6353704482316971 60
1756351997512 0.3153744352900464 61
1756351997756 0.24715125560760498 62
1756351998000 0.2164249216084895 63
1756351998246 0.2087551987041598 64
1756351998489 0.19026211973117746 65
1756351998734 0.22068714512431103 66
1756351998978 0.207734236250753 67
1756351999221 0.14227370561464972 68
1756351999464 0.1634857657810916 69
1756351999707 0.14824441204900327 70
1756351999950 0.1885231406144474 71
1756352000361 0.16882816993671915 72
1756352000606 0.12009963166454564 73
1756352000849 0.1461726427078247 74
1756352001094 0.15133597151092862 75
1756352001338 0.1472055448786072 76
1756352001580 0.14997341775375864 77
1756352001824 0.12444667550532715 78
1756352002067 0.10684625885408858 79
1756352002311 0.12709817500865978 80
1756352002555 0.11743050441145897 81
1756352002799 0.0978092841156151 82
1756352003213 0.13661017641425133 83
1756352003457 0.09866652864476909 84
1756352154963 2.955386382082234 1
1756352155219 2.997424664704696 2
1756352155472 2.3756315371264582 3
1756352155726 1.0995098546795223 4
1756352156223 0.8564062235148057 5
1756352156478 0.8144996425379878 6
1756352156732 0.6814166190831558 7
1756352156986 0.5857122410898623 8
1756352157240 0.5999426666809164 9
1756352157493 0.5468946773072948 10
1756352157748 0.7588117666866468 11
1756352158001 1.0487569933352263 12
1756352158415 0.6102228281290635 13
1756352158670 0.3734680388284766 14
1756352158922 0.5912636920161869 15
1756352159175 0.5132646735595621 16
1756352159428 0.3955925307843996 17
1756352159682 0.5220139726348545 18
1756352159935 0.5053651261588802 19
1756352160192 0.5578455860200136 20
1756352160445 0.33360799758330634 21
1756352160870 0.33502420070378675 22
1756352161123 0.2568175229041473 23
1756352161377 0.2707581034173136 24
1756352161631 0.3287069816952166 25
1756352161885 0.3620904081541559 26
1756352162139 0.26298874163109326 27
1756352162393 0.2754804504954297 28
1756352162648 0.28364229526208795 29
1756352162902 0.2833939988328063 30
1756352163314 0.3202371500108553 31
1756352163567 0.2725333539040192 32
1756352163821 0.2153457364310389 33
1756352164075 0.2741090519272763 34
1756352164329 0.2467266661317452 35
1756352164584 0.3338297268618708 36
1756352164837 0.3089965866959613 37
1756352165091 0.25120392312174256 38
1756352165345 0.2551532750544341 39
1756352165760 0.31285780862621637 40
1756352166015 0.27387309009614197 41
1756352166268 0.20021020880211954 42
1756352166523 0.17479956830325333 43
1756352166778 0.2141626726673997 44
1756352167033 0.3684174399013105 45
1756352167288 0.2868384877624719 46
1756352167543 0.21694226174250894 47
1756352167953 0.29990600373433984 48
1756352168208 0.204343655511089 49
1756352168462 0.16484644037225973 50
1756352168718 0.24778168000604794 51
1756352168973 0.21670685611341312 52
1756352169228 0.1678817450352337 53
1756352169485 0.26636201791141345 54
1756352169740 0.16592275318892105 55
1756352169994 0.1629979098620622 56
1756352170402 0.13606548827627432 57
1756352170657 0.15193002023126767 58
1756352170911 0.12309015088755151 59
1756352171165 0.1400151842314264 60
1756352171418 0.14472654721011285 61
1756352171674 0.12674567897034728 62
1756352171928 0.11284515860935916 63
1756352172183 0.11743924102705458 64
1756352172439 0.12487183414075685 65
1756352172881 0.11137058180959328 66
1756352173135 0.09829357379804486 67
1756352173389 0.11561936140060425 68
1756352173644 0.12626624496086783 69
1756352173899 0.10849486987875856 70
1756352174154 0.1128660547344581 71
1756352174409 0.1452170322122781 72
1756352174663 0.13997591918577318 73
1756352174921 0.28563883900642395 74
1756352175349 0.13352074101567268 75
1756352175606 0.10141197737792264 76
1756352175861 0.09628904076374095 77
1756352176116 0.17860899331129115 78
1756352176372 0.13558240040488864 79
1756352176629 0.1263633810955545 80
1756352176887 0.11018798678465512 81
1756352177144 0.09155928894229558 82
1756352177582 0.08443213610545448 83
1756352177838 0.09437990771687549 84
1756352178094 0.1002885312165903 85
1756352178349 0.08542931015076845 86
1756352178605 0.1001441907947478 87
1756352178860 0.09928803324051526 88
1756352179114 0.07105168554445972 89
1756352179370 0.0826630198761173 90
1756352179624 0.10336178929909416 91
1756352180048 0.0713159971587036 92
1756352180305 0.09094528708121051 93
1756352180560 0.08903371623676756 94
1756352180816 0.08646254549207895 95
1756352181071 0.093321544320687 96
1756352181328 0.07663389700262443 97
1756352181585 0.07300124187832294 98
1756352181843 0.07701053154533324 99
1756352182101 0.06558712604253189 100
1756352182529 0.09984673786422481 101
1756352182786 0.07125407505942427 102
1756352183041 0.08261243950413621 103
1756352183297 0.064967790213616 104
1756352183553 0.06583731443337772 105
1756352385206 3.945695109989332 1
1756352385476 3.1080188595730327 2
1756352385742 1.6618845696034639 3
1756352386008 1.8921326839405557 4
1756352386275 1.2120310767837192 5
1756352386542 1.0184021410734758 6
1756352386808 0.8385491384112317 7
1756352387316 0.741670047459395 8
1756352387583 0.6218333982903025 9
1756352387850 0.47468875283780304 10
1756352388116 0.43515758929045306 11
1756352388383 0.41695689248002094 12
1756352388649 0.4184123063864915 13
1756352388913 0.529770253793053 14
1756352389182 0.47727775185004523 15
1756352389449 0.448260929921399 16
1756352389866 0.4742051311161207 17
1756352390133 0.41557614440503327 18
1756352390399 0.49645003805989807 19
1756352390667 0.6416332663401313 20
1756352390933 0.45760815817376843 21
1756352391201 0.44388125772061554 22
1756352391467 0.31136100123757904 23
1756352391733 0.3094415314819502 24
1756352391999 0.35240730254546454 25
1756352392416 0.44513284123462177 26
1756352392683 0.3676340437453726 27
1756352392949 0.3699250584063323 28
1756352393215 0.3384113162755966 29
1756352393481 0.3708142618770185 30
1756352393747 0.3050450786300328 31
1756352394015 0.2665544861684675 32
1756352394285 0.24160220247247946 33
1756352394552 0.24499756324550379 34
1756352394971 0.278178940648618 35
1756352395239 0.3082548729751421 36
1756352395505 0.30032912026280945 37
1756352395770 0.31440076167168823 38
1756352396036 0.24997943801724393 39
1756352396303 0.18219188276840292 40
1756352396571 0.20954660423423932 41
1756352396838 0.1954478776973227 42
1756352397105 0.26622262143570447 43
1756352397523 0.250709737772527 44
1756352397789 0.19477209286845248 45
1756352398056 0.1884693056344986 46
1756352398325 0.23239152036283328 47
1756352398594 0.217889204621315 48
1756352398862 0.1872380097275195 49
1756352399130 0.18594006157439688 50
1756352399397 0.21898398062457208 51
1756352399665 0.1712392319155776 52
1756352400084 0.22369728237390518 53
1756352400350 0.15419503981652466 54
1756352400618 0.17086213244044263 55
1756352400885 0.18357533200279527 56
1756352401152 0.19693772494792938 57
1756352401420 0.1824439595574918 58
1756352401688 0.21459334700003915 59
1756352401957 0.20152522072843884 60
1756352402386 0.2321774544923202 61
1756352402656 0.2198328210607819 62
1756352402924 0.15958804701981338 63
1756352403193 0.12902019529238992 64
1756352403460 0.11734092721472615 65
1756352403727 0.15113837709245476 66
1756352403995 0.1684290974036507 67
1756352404263 0.13437362922274548 68
1756352404533 0.1742973298482273 69
1756352404958 0.15835523151833078 70
1756352405228 0.13113197846257169 71
1756352405496 0.13203327390162842 72
1756352405763 0.13899725934733514 73
1756352406034 0.1537262581936691 74
1756352406304 0.12336094288722328 75
1756352406571 0.1592376990162808 76
1756352406839 0.13578773111752843 77
1756352407109 0.11819704281895058 78
1756352407566 0.10882945504525433 79
1756352407834 0.0995792223383551 80
1756352408101 0.11069222102346628 81
1756352408370 0.11588726338485013 82
1756352408641 0.09075081753342049 83
1756352408909 0.10299294312363086 84
1756352409177 0.09087753263504608 85
1756352409446 0.08933414583620818 86
1756352409714 0.10583778584133023 87
1756352410149 0.09387197102541509 88
1756352410417 0.11479661419339802 89
1756352410684 0.09752724757013113 90
1756352410951 0.08891094281621602 91
1756352411219 0.07181084382793178 92
1756352411487 0.0929924231832442 93
1756352411756 0.0879258391973765 94
1756352412023 0.10128003844748372 95
1756352412453 0.09895845988522405 96
1756352412723 0.10482508332833 97
1756352412992 0.07141502250147902 98
1756352413261 0.14186964119258133 99
1756352413529 0.10839258150561996 100
1756352413798 0.11723212177014869 101
1756352414066 0.09659330514462097 102
1756352414335 0.07426295137923697 103
1756352414604 0.07846176818661067 104
1756352415034 0.07123899929549384 105
1756352415306 0.07478127320823462 106
1756352415575 0.07075338705402354 107
1756352415843 0.07254279518257016 108
1756352416109 0.0654843192871498 109
1756352416377 0.07928386524967525 110
1756352416644 0.07342275070107501 111
1756352416912 0.0734020680513071 112
1756352417181 0.0871400912494763 113
1756352417609 0.07432273111265639 114
1756352417877 0.07600154735795829 115
1756352418146 0.06873621710616609 116
1756352418414 0.05788469970550226 117
1756352418683 0.05583308823406696 118
1756352418952 0.05966621070452358 119
1756352419221 0.06375681568423043 120
1756352419488 0.06977259043766104 121
1756352419757 0.06858734146732351 122
1756352420182 0.07775309649498566 123
1756352420450 0.0715132737937181 124
1756352420719 0.060202651373718094 125
1756352420988 0.06229914166033268 126
1756352421258 0.057224397264097046 127
1756352421526 0.05780567463649356 128
1756352421793 0.06759968691545984 129
1756352422062 0.05023667402565479 130
1756352422491 0.05402131200484608 131
1756352422760 0.07024329795461634 132
1756352423028 0.056457892465202705 133
1756352423297 0.050639314819937165 134
1756352423568 0.04816938232144584 135
1756352606379 3.490941959878673 1
1756352606665 3.640969048375669 2
1756352606948 1.7420562116996101 3
1756352607230 1.40771934778794 4
1756352607510 0.9700714634812396 5
1756352608055 1.0995452987111134 6
1756352608336 0.7142950166826663 7
1756352608618 0.9793551292108453 8
1756352608900 0.5064576540304266 9
1756352609181 0.7093754967917567 10
1756352609461 0.590982277756152 11
1756352609741 0.5956988891829615 12
1756352610188 0.4559585769539294 13
1756352610470 0.41208835464456806 14
1756352610751 0.6566019446953483 15
1756352611033 1.0132105583729951 16
1756352611315 0.5872351851152338 17
1756352611597 0.39550192524557526 18
1756352611878 0.5279151965742526 19
1756352612159 0.5591602506844894 20
1756352612610 0.35442422524742456 21
1756352612895 0.3563281692888426 22
1756352613178 0.38756719620331476 23
1756352613459 0.43576669692993164 24
1756352613741 0.4191150995700256 25
1756352614022 0.4877123897490294 26
1756352614304 0.374181536876637 27
1756352614585 0.33016148533510126 28
1756352615041 0.2834357392528783 29
1756352615325 0.35355185944101086 30
1756352615606 0.3195914043032605 31
1756352615888 0.2620498797167902 32
1756352616172 0.2605552213347476 33
1756352616453 0.2882006864832795 34
1756352616735 0.32518889463466144 35
1756352617017 0.24072292349908664 36
1756352617463 0.24103603414867236 37
1756352617743 0.2516572213043337 38
1756352618024 0.3243715516898943 39
1756352618305 0.25764478483925696 40
1756352618588 0.2474144353814747 41
1756352618870 0.28287775296231976 42
1756352619152 0.21699965777604477 43
1756352619433 0.24873490340035895 44
1756352619879 0.23615604833416318 45
1756352620161 0.17005409721447073 46
1756352620443 0.1918839478622312 47
1756352620725 0.1591046565900678 48
1756352621009 0.19499264657497406 49
1756352621292 0.16805283077385114 50
1756352621576 0.18591866059147794 51
1756352621859 0.21858325341473456 52
1756352622308 0.2689815668956093 53
1756352622592 0.31843906673400296 54
1756352622873 0.20323177589022595 55
1756352623156 0.1887510904799337 56
1756352623443 0.27408120198094327 57
1756352623729 0.23428954410812128 58
1756352624010 0.18303299468496573 59
1756352624459 0.14775551758382632 60
1756352624741 0.17436719685792923 61
1756352625023 0.23069431891907816 62
1756352625307 0.1820512154827947 63
1756352625590 0.1795624552861504 64
1756352625873 0.1765440417372662 65
1756352626155 0.15833550108515698 66
1756352626438 0.10851389590812766 67
1756352626721 0.14777840463363606 68
1756352627170 0.1749124675989151 69
1756352627453 0.12725123406752295 70
1756352627737 0.16761440362619318 71
1756352887148 3.762778375459754 1
1756352887447 3.3425217244936074 2
1756352887743 2.351270388001981 3
1756352888040 1.3165999987851018 4
1756352888336 1.103006159481795 5
1756352888632 0.9443501856016077 6
1756352888929 0.8564877911754276 7
1756352889470 1.0642911247585132 8
1756352889769 0.9466152217077173 9
1756352890068 0.9759120215540347 10
1756352890367 0.8338259134603583 11
1756352890664 0.5802484971025715 12
1756352890961 0.5147759409054465 13
1756352891409 0.6049496635146763 14
1756352891705 0.43895470189011615 15
1756352892002 0.48228618373041565 16
1756352892299 0.48257884771927545 17
1756352892597 0.4022194522878398 18
1756352892893 0.336157509814138 19
1756352893189 0.3962431057639744 20
1756352893484 0.39660171710926556 21
1756352893780 0.33700557765753375 22
1756352894080 0.3091344347466593 23
1756352894546 0.3968162335779356 24
1756352894843 0.3629541578500167 25
1756352895142 0.43703235750613006 26
1756352895441 0.3359262275954951 27
1756352895739 0.3033922829705736 28
1756352896040 0.44532050775445026 29
1756352896509 0.38028033142504486 30
1756352896806 0.3800063061973323 31
1756352897103 0.3127781087937562 32
1756352897403 0.22510690242052078 33
1756352897701 0.20441556236018305 34
1756352898002 0.2874936649332876 35
1756352898299 0.30225596998048865 36
1756352898596 0.24433926395747974 37
1756352898896 0.319208571444387 38
1756352899193 0.22847261571365854 39
1756352899491 0.23224142388157223 40
1756352899788 0.22043908322634903 41
1756352900086 0.23351924088986023 42
1756352900557 0.21170180031786795 43
1756352900855 0.19533508076615955 44
1756352901153 0.1904808888616769 45
1756352901451 0.18570674016423847 46
1756352901748 0.15193570729183115 47
1756352902048 0.1734733818017918 48
1756352902347 0.21617929507856784 49
1756352902823 0.20143582542305408 50
1756352903122 0.30551036252923636 51
1756352903424 0.27766813791316486 52
1756352903724 0.22002828509911246 53
1756352904024 0.22881606480349664 54
1756352904324 0.20719115598046262 55
1756352904793 0.2268834606460903 56
1756352905095 0.15389055046050445 57
1756352905393 0.16179584792774657 58
1756352905692 0.190993783266648 59
1756352905992 0.15249261551577112 60
1756352906291 0.1487946617214576 61
1756352906758 0.18947113791237707 62
1756352907058 0.14690009310193683 63
1756352907359 0.1589632523448571 64
1756352907660 0.13231334640927936 65
1756352908133 0.15656970765279687 66
1756352908432 0.17875587583883948 67
1756352908730 0.19716661261475604 68
1756352909028 0.15436069246219553 69
1756353122466 3.3784859387770942 1
1756353122783 2.4838767103526904 2
1756353123095 3.325417591177899 3
1756353123403 2.043326258659363 4
1756353123713 1.0591137888638869 5
1756353124299 1.3017210338426672 6
1756353124612 0.8235020935535431 7
1756353124926 0.6706815711829973 8
1756353125238 0.620560427074847 9
1756353125548 0.5841831046602001 10
1756353125860 0.46915193355601764 11
1756353126173 0.49364500719568005 12
1756353126486 0.40432380528553674 13
1756353126959 0.5536454475444296 14
1756353127271 0.5394927755646084 15
1756353127582 0.4765818883543429 16
1756353127893 0.4358428975810175 17
1756353128206 0.40969424014506134 18
1756353128518 0.4137220894512923 19
1756353128830 0.6368981081506481 20
1756353129306 0.7410647208276002 21
1756353129618 0.5377715301254521 22
1756353129929 0.7695992031823033 23
1756353130242 0.4146351581034453 24
1756353130553 0.3869745089955952 25
1756353130867 0.4063088498685671 26
1756353131181 0.47950197302776837 27
1756353131654 0.5016371530035267 28
1756353131967 0.38312142633873486 29
1756353132279 0.29852793074172473 30
1756353132592 0.33023876275705255 31
1756353132906 0.3285928556452627 32
1756353133218 0.2632016844075659 33
1756353133530 0.3920117098352183 34
1756353134004 0.36929478982220526 35
1756353134319 0.30781632920970087 36
1756353134632 0.2653883118992266 37
1756353134945 0.38491118342980096 38
1756353135258 0.5432826507350673 39
1756353135570 0.33522514610186865 40
1756353135881 0.21914468770441803 41
1756353136355 0.20248037544281586 42
1756353136668 0.23189161167196606 43
1756353136980 0.2576257858587348 44
1756353137292 0.2610022850010706 45
1756353137604 0.20392041491425555 46
1756353137916 0.2174909318918767 47
1756353138230 0.1787379597840102 48
1756353138705 0.1960413449484369 49
1756353139020 0.18731769239125046 50
1756353139332 0.1946965044607287 51
1756353139645 0.183135652023813 52
1756353139960 0.17775968753773233 53
1756353140274 0.1932344475518102 54
1756353140588 0.17430558703515842 55
1756353141062 0.2126231303681498 56
1756353141376 0.17984754689361737 57
1756353141687 0.16930545542551123 58
1756353141998 0.18458029595406159 59
1756353142312 0.21914599965447965 60
1756353142624 0.19314503864101742 61
1756353142937 0.16903018659871558 62
1756353143453 0.18399457309557044 63
1756353143770 0.13038745198560797 64
1756353144086 0.18288547788625178 65
1756353144398 0.13047373813131583 66
1756353144712 0.13391426043665927 67
1756353145025 0.15321953157367912 68
1756353145338 0.12637705420670303 69
1756353145846 0.12474867053653883 70
1756353146162 0.13008742909068646 71
1756353146474 0.10200768612001253 72
1756353146789 0.11250534070574719 73
1756353147103 0.11123666977104933 74
1756353147415 0.11541077640393506 75
1756353147727 0.1354911680454793 76
1756353148231 0.11124701474023901 77
1756353148545 0.13925979027281638 78
1756353148860 0.1172490440632986 79
1756353149174 0.12611771342547043 80
1756353149489 0.10824640208612317 81
1756353149803 0.1081071437700935 82
1756353150119 0.08957829245406648 83
1756353150622 0.11217770693094833 84
1756353150936 0.1592970738268417 85
1756353151248 0.1068956249434015 86
1756353151563 0.1364806226414183 87
1756353151877 0.0837746016357256 88
1756353152191 0.07757117429181286 89
1756353152505 0.08718841020827708 90
1756353152992 0.07682887205611104 91
1756353153306 0.08321667138649069 92
1756353153621 0.0738408669181492 93
1756353153936 0.07247505709528923 94
1756353154250 0.08582300887159679 95
1756353154563 0.07905093823438106 96
1756353154877 0.06655927844669508 97
1756353155361 0.06994226801654567 98
1756353155674 0.0684970865107101 99
1756353155988 0.07036147712041503 100
1756353156301 0.07612780489675376 101
1756353156615 0.06357806297424047 102
1756353156929 0.08244358634819156 103
1756353157411 0.08056102514914844 104
1756353157723 0.06998381941862729 105
1756353158037 0.06402080295526463 106
1756353158351 0.05844278115293254 107
1756353158663 0.07048899534603824 108
1756353158976 0.06685319550983283 109
1756353159289 0.09145050431075304 110
1756353159768 0.06703458920769069 111
1756353419292 2.494649674581445 1
1756353419620 2.2182871751163318 2
1756353419946 2.13163787903993 3
1756353420529 1.3283972973408906 4
1756353420852 0.8641763459081235 5
1756353421176 0.7857227545717488 6
1756353421501 0.764867426260658 7
1756353421828 1.12255583120429 8
1756353422327 0.8548189958800441 9
1756353422653 0.570062738397847 10
1756353422979 0.7228212136289348 11
1756353423303 0.7539151842179506 12
1756353423628 0.5475638236688531 13
1756353423952 0.5709675258916357 14
1756353424450 0.4448219304499419 15
1756353424776 0.3770002185002617 16
1756353425101 0.36758436327395233 17
1756353425425 0.4278918673162875 18
1756353425749 0.4141755991655847 19
1756353426073 0.48371287273324054 20
1756353426570 0.38176006791384326 21
1756353426894 0.34411890934342926 22
1756353427221 0.3666172105333079 23
1756353427545 0.3045792715704959 24
1756353427869 0.35374920329321985 25
1756353428194 0.32670755684375763 26
1756353428687 0.3375817148581795 27
1756353429013 0.32800128019374347 28
1756353429339 0.31386542385039123 29
1756353429666 0.2785409935142683 30
1756353429993 0.31273675224055414 31
1756353430319 0.24497519077166266 32
1756353430818 0.28541147125803906 33
1756353431143 0.22921278100946677 34
1756353431468 0.2232151737679606 35
1756353431794 0.2024965969764668 36
1756353432121 0.21145401927440063 37
1756353432449 0.21973302960395813 38
1756353432945 0.23251931693242944 39
1756353433272 0.2894153756939847 40
1756353433597 0.5472811849220939 41
1756353433922 0.346012593611427 42
1756353434250 0.315814649929171 43
1756353434748 0.22478584686051245 44
1756353435074 0.23158716345610825 45
1756353435400 0.3705164624944977 46
1756353435727 0.33618314629015716 47
1756353436053 0.28049069610626803 48
1756353436380 0.21439527655425278 49
1756353436875 0.18674671811902005 50
1756353437201 0.24176308998595114 51
1756353437528 0.17357401420240817 52
1756353437853 0.19645428171624307 53
1756353438181 0.14934410511151605 54
1756353438506 0.16048910306847614 55
1756353439001 0.12551532880119656 56
1756353439326 0.17657239735126495 57
1756353439653 0.15763042478457742 58
1756353439980 0.13757829076570013 59
1756353440305 0.1463046226164569 60
1756353440630 0.23398493781037952 61
1756353441127 0.18636221276677173 62
1756353441452 0.17064197491044583 63
1756353441777 0.16831923114216846 64
1756353442104 0.20043117261451224 65
1756353442434 0.18524253206408542 66
1756353442761 0.16432022886431735 67
1756353443280 0.2011243901822878 68
1756353443607 0.15028197642253793 69
1756353443933 0.14127811449377434 70
1756353444259 0.1561493599868339 71
1756353444585 0.14629746406622554 72
1756353445094 0.1139440841001013 73
1756353445422 0.10563678715540015 74
1756353445749 0.11986611281400142 75
1756353446074 0.12333731418070586 76
1756353446399 0.10779028693618982 77
1756353446726 0.12809104593875614 78
1756353447228 0.1732367808404176 79
1756353447556 0.14694763995383098 80
1756353447882 0.12219948127217915 81
1756353448209 0.11982064580787784 82
1756353448536 0.09787824053479277 83
1756353448864 0.11811534282953842 84
1756353449366 0.11109941080212593 85
1756353449695 0.08271897163080133 86
1756353450023 0.08987169923341792 87
1756353450351 0.09790808367340462 88
1756353450683 0.11087217505859293 89
1756353451183 0.10402017524060996 90
1756353451513 0.08028436646513316 91
1756353451842 0.08549573385845059 92
1756353452171 0.08837367148826951 93
1756353452502 0.0798575361461743 94
1756353453005 0.06987169239184131 95
1756353453335 0.0853028985793176 96
1756353453664 0.0820307974582133 97
1756353736212 3.8811019451721855 1
1756353736557 2.658465732698855 2
1756353736899 1.6840672985367153 3
1756353737242 1.4452310295208641 4
1756353737836 1.0576882284620535 5
1756353738177 1.2007365576598956 6
1756353738521 0.9270198824612991 7
1756353738864 0.8118412313253983 8
1756353739208 0.8029176800147347 9
1756353739709 0.6236729401609172 10
1756353740052 0.719996953788011 11
1756353740396 0.5710837802161342 12
1756353740739 0.6693363993064217 13
1756353741082 0.6442224402790484 14
1756353741422 0.6297759050908296 15
1756353741925 0.7575004943039106 16
1756353742269 0.4879025181998377 17
1756353742610 0.4896382171174754 18
1756353742954 0.5460389010284258 19
1756353743296 0.7195285403210184 20
1756353743796 0.5723066757554593 21
1756353744139 0.5358487406502599 22
1756353744484 0.5829932598964028 23
1756353744826 0.4664143064747686 24
1756353745168 0.42233935128087585 25
1756353745509 0.37076927980651025 26
1756353746008 0.4049941741901895 27
1756353746351 0.38013244647046796 28
1756353746694 0.42479099527649256 29
1756353747037 0.415141842611458 30
1756353747381 0.34657361520373303 31
1756353747879 0.3923178004181903 32
1756353748222 0.35118266875329224 33
1756353748566 0.2832779877859613 34
1756353748908 0.28847469972527545 35
1756353749250 0.32849653648293536 36
1756353749748 0.2918475548858228 37
1756353750090 0.38607492200706317 38
1756353750433 0.31666937470436096 39
1756353750775 0.27003637247759366 40
1756353751116 0.30981097240810807 41
1756353751619 0.3141152813382771 42
1756353751963 0.36550936556380725 43
1756353752306 0.4861752572266952 44
1756353752650 0.33160914804624475 45
1756353752995 0.3003252193979595 46
1756353753338 0.3322213156067807 47
1756353753847 0.34343830852404883 48
1756353754193 0.2555589805478635 49
1756353754538 0.21439142849134363 50
1756353754880 0.21770654294801794 51
1756353755224 0.22580722881400067 52
1756353755730 0.2530485184296318 53
1756353756073 0.24040498519721237 54
1756353756416 0.19847514674715375 55
1756353756762 0.17887892962797827 56
1756353757106 0.22125793896291568 57
1756353757614 0.32371028933836066 58
1756353757958 0.254155228967252 59
1756353758302 0.22413896542528403 60
1756353758645 0.22793865398220395 61
1756353758990 0.23671770614126456 62
1756353759496 0.24902835261562598 63
1756353759839 0.2721683208061301 64
1756353760181 0.24870745546143988 65
1756353760523 0.24276065599659216 66
1756353760867 0.25884288322666416 67
1756353761211 0.2180535187539847 68
1756353761716 0.33869183193082397 69
1756353762060 0.1829488983620768 70
1756354041599 3.5004262457723203 1
1756354041959 3.896468857060308 2
1756354042317 4.053159216175908 3
1756354042922 1.9982118865718013 4
1756354043280 1.5978572083556133 5
1756354043636 1.019500688366268 6
1756354043993 0.7577721761620563 7
1756354044350 0.7673421683518783 8
1756354044866 0.7052999760793603 9
1756354045223 0.634045413006907 10
1756354045580 0.49503158292044763 11
1756354045937 0.44319293809973676 12
1756354046293 0.4628831731236499 13
1756354046811 0.6558235676392264 14
1756354047167 0.582716227873512 15
1756354047525 0.3555672641681588 16
1756354047883 0.33826853723629663 17
1756354048241 0.37070406131122424 18
1756354048756 0.38004674665305926 19
1756354049112 0.34363739775574725 20
1756354049468 0.3885256771160209 21
1756354049825 0.5038750806580419 22
1756354050182 0.4676534740821175 23
1756354050697 0.5240704320047213 24
1756354051055 0.4326627915320189 25
1756354051411 0.38612794293009717 26
1756354051768 0.36472226614537445 27
1756354052124 0.3947302239096683 28
1756354052676 0.24428489026815994 29
1756354053037 0.27087508660295734 30
1756354053396 0.23899303571037625 31
1756354053755 0.3676185193269149 32
1756354054114 0.3392459925102151 33
1756354054473 0.35719659794931824 34
1756354055027 0.3901236089675323 35
1756354055386 0.355042678506478 36
1756354055746 0.21229441528734955 37
1756354056105 0.2195942725824273 38
1756354056463 0.2630765668076018 39
1756354057004 0.27041048459384753 40
1756354057363 0.24204140318476636 41
1756354057722 0.22825839985971866 42
1756354058080 0.2917080599328746 43
1756354058439 0.25401797534331033 44
1756354058985 0.193283186658569 45
1756354059346 0.16512688184561936 46
1756354059704 0.20409075608072075 47
1756354060060 0.21517589299575143 48
1756354060417 0.20637295297954394 49
1756354060959 0.18101725597744403 50
1756354061315 0.1505749598145485 51
1756354061677 0.17443264761696692 52
1756354062036 0.18114002632058185 53
1756354062397 0.24280620301547257 54
1756354062950 0.3697995258414227 55
1756354063310 0.24307581069676773 56
1756354063670 0.23502201279220375 57
1756354064028 0.21127482665621716 58
1756354064387 0.22748066128596015 59
1756354064943 0.16934185701867807 60
1756354065302 0.15767658177925192 61
1756354065662 0.15540518708851025 62
1756354066019 0.18934294970139212 63
1756354066378 0.18019343491481699 64
1756354066734 0.1487470687083576 65
1756354067277 0.15159624750199524 66
1756354067636 0.11932112195569536 67
1756354067995 0.1478475474792978 68
1756354068357 0.1552033971833146 69
1756354068717 0.11618617015040439 70
1756354069251 0.11194307292285173 71
1756354069611 0.10928916963546173 72
1756354069972 0.11994275434509567 73
1756354070332 0.12080140363263048 74
1756354070689 0.1077389124294986 75
1756354071219 0.11457905189498611 76
1756354071578 0.12338881461840609 77
1756354071936 0.11493227234029252 78
1756354072292 0.0981922742465268 79
1756354072653 0.11348799778067548 80
1756354073182 0.15592691593843958 81
1756354073542 0.08527178592655969 82
1756354073903 0.08966784033438434 83
1756354074263 0.09979277217517728 84
1756354074625 0.0747601036792216 85
1756354075182 0.08228526944699495 86
1756354075542 0.091558120496895 87
1756354075901 0.08841829090986562 88
1756354076259 0.09954855056560558 89
1756354076620 0.0911485042584979 90
1756354077169 0.0813913468433463 91
1756354077527 0.11246285231217094 92
1756354077887 0.08061547180556733 93
1756354336004 2.033369245736495 1
1756354336379 2.1039833089579707 2
1756354336752 2.423758092133895 3
1756354337366 1.9562106728553772 4
1756354337738 1.4156643229982127 5
1756354338110 1.5131724839625151 6
1756354338483 1.1278453274913456 7
1756354339029 0.9843554561552794 8
1756354339401 0.7827842080074808 9
1756354339772 0.6602962548318116 10
1756354340146 0.5246608795031257 11
1756354340681 0.47964457066162774 12
1756354341054 0.5197753673014434 13
1756354341425 0.4197715734658034 14
1756354341797 0.42163109001906024 15
1756354342169 0.4170245269070501 16
1756354342703 0.37465760565322376 17
1756354343076 0.3969997510961864 18
1756354343448 0.4898894584697226 19
1756354343820 0.40725360357243084 20
1756354344347 0.408635381123294 21
1756354344722 0.4520075172185898 22
1756354345094 0.42606256707854895 23
1756354345622 0.2920349499453669 24
1756354345994 0.33491741574328876 25
1756354346369 0.4149050349774568 26
1756354346740 0.3743895872131638 27
1756354347113 0.32238552686960803 28
1756354347646 0.25870212264682935 29
1756354348018 0.2781192789907041 30
1756354348388 0.287108416142671 31
1756354348761 0.3086007814044538 32
1756354349292 0.3428957714982655 33
1756354349669 0.30014685832935833 34
1756354350043 0.292808565756549 35
1756354350416 0.26511286393455835 36
1756354350945 0.2738103918407274 37
1756354351320 0.3080207264941672 38
1756354351692 0.2974948008423266 39
1756354352064 0.2232299064812453 40
1756354352591 0.2947745815567348 41
1756354352968 0.3416781574487686 42
1756354353341 0.3049436580875646 43
1756354353714 0.27843394778344943 44
1756354354243 0.32313880907452625 45
1756354354616 0.30457218833591626 46
1756354354989 0.30195387161296344 47
1756354355360 0.17010006535312402 48
1756354355886 0.17089291159873424 49
1756354356259 0.18577522460533225 50
1756354356632 0.19532708694105563 51
1756354357003 0.1924347566521686 52
1756354357536 0.20847803775383078 53
1756354357908 0.1478517930144849 54
1756354358281 0.1759090213024098 55
1756354358654 0.17804494726917017 56
1756354359184 0.15254103408559508 57
1756354359556 0.15015126505623694 58
1756354359930 0.14706987401713495 59
1756354360304 0.14619793435153755 60
1756354360833 0.1597635234179704 61
1756354361208 0.27971606442461844 62
1756354361581 0.17707011103630066 63
1756354361955 0.16487266673989917 64
1756354362493 0.14853395392065463 65
1756354362865 0.14586733346400055 66
1756354363238 0.10346747837636781 67
1756354363613 0.16572198401326718 68
1756354363986 0.17480057380769565 69
1756354364536 0.1424243158620337 70
1756354364910 0.15920617269433063 71
1756354365285 0.16602543449920157 72
1756354365829 0.14990562524484552 73
1756354366204 0.12267804453554361 74
1756354366579 0.09365529064898906 75
1756354366955 0.11465371626874675 76
1756354367329 0.12502614311549975 77
1756354367884 0.12581287923714388 78
1756354368258 0.16978730147947435 79
1756354569595 2.801497863686603 1
1756354569980 3.2229350934857908 2
1756354570362 2.0886394070542376 3
1756354570998 1.8717199512149976 4
1756354571379 1.3839935997258062 5
1756354571759 1.0620409561240154 6
1756354572309 0.8342337789742843 7
1756354572691 0.798496663570404 8
1756354573075 0.613235178201095 9
1756354573457 0.48180855421916297 10
1756354574004 0.544703791970792 11
1756354574387 0.5546378622884336 12
1756354574771 0.6714430891949198 13
1756354575156 0.6146566621635271 14
1756354575538 0.42263283936873725 15
1756354576083 0.45400492199089215 16
1756354576467 0.44393695826115814 17
1756354576849 0.39564135476298956 18
1756354577232 0.5988641789425975 19
1756354577778 0.42493515753227734 20
1756354578161 0.422731216834939 21
1756354578546 0.2968454957008362 22
1756354578930 0.3102989119032155 23
1756354579480 0.47556560454161273 24
1756354579862 0.4736996992774632 25
1756354580244 0.40067836771840637 26
1756354580627 0.35369115938311035 27
1756354581176 0.5513408300669297 28
1756354581557 0.5113282307334568 29
1756354581940 0.3877782342226609 30
1756354582322 0.42345162707826367 31
1756354582864 0.43791115219178406 32
1756354583248 0.3229274305960406 33
1756354583629 0.300040672654691 34
1756354584012 0.29980880054442777 35
1756354584557 0.2603129601996878 36
1756354584940 0.26013031796268793 37
1756354585325 0.23275541708521222 38
1756354585709 0.34743453238321387 39
1756354586091 0.2551565688589345 40
1756354586636 0.2548509758451711 41
1756354587022 0.3894613715617553 42
1756354587406 0.3351193128720574 43
1756354587973 0.22722066420575845 44
1756354588356 0.23213838461948477 45
1756354588739 0.2125094895777495 46
1756354589124 0.21887065858944602 47
1756354589508 0.18157471100921216 48
1756354590065 0.2032470359750416 49
1756354590450 0.16751285026902737 50
1756354590833 0.19979314214509467 51
1756354591218 0.16404188845468604 52
1756354591774 0.13624964103750561 53
1756354592157 0.1573809696280438 54
1756354592541 0.15951323833154596 55
1756354592924 0.3290079984328021 56
1756354593482 0.48948147892951965 57
1756354593867 0.495928221422693 58
1756354594248 0.2897066959868307 59
1756354594794 0.2561235615740652 60
1756354595181 0.258095518078493 61
1756354595566 0.2655423186395479 62
1756354595953 0.17698603998059811 63
1756354596337 0.24450431764125824 64
1756354596885 0.2094140839965447 65
1756354597269 0.16071305002855218 66
1756354597655 0.15311973444793536 67
1756354598043 0.25035402664671774 68
1756354598589 0.28805457314719324 69
1756354598974 0.2034569936602012 70
1756354599356 0.16133236787889316 71
1756354599741 0.13728481077629587 72
1756354600290 0.12607437728539758 73
1756354600674 0.1571860144967618 74
1756354601057 0.19913930154365042 75
1756354601442 0.1322461201444916 76
1756354602008 0.15303526948327603 77
1756354602395 0.10664613447759462 78
1756354602781 0.1110124251116877 79
1756354603165 0.0957456773713879 80
1756354603730 0.1386680994992671 81
1756354604116 0.10852151040149771 82
1756354962888 3.120490426602571 1
1756354963541 4.1900486635125205 2
1756354963942 3.445295398649962 3
1756354964349 1.3313214882560398 4
1756354964750 1.3394737839698792 5
1756354965334 1.050073037976804 6
1756354965733 1.0223245154256406 7
1756354966134 0.7635674787604291 8
1756354966530 0.5785319558952166 9
1756354966926 0.5507772227992183 10
1756354967502 0.46178668154322583 11
1756354967902 0.45081436115762463 12
1756354968300 0.5243770065514938 13
1756354968867 0.5290080030327258 14
1756354969267 0.4353868481905564 15
1756354969669 0.4299638524003651 16
1756354970071 0.3899243882168894 17
1756354970634 0.4250664613817049 18
1756354971032 0.4556061223797176 19
1756354971433 0.4270150467105534 20
1756354971832 0.4202153559612191 21
1756354972232 0.5185576949430548 22
1756354972796 0.3743510673875394 23
1756354973193 0.47304632806259655 24
1756354973592 0.3386988665746606 25
1756354973992 0.4465175290470538 26
1756354974561 0.3845568837031074 27
1756354974962 0.3060387489588364 28
1756354975362 0.29170440007811005 29
1756354975761 0.23054545988207278 30
1756354976343 0.26280686809964804 31
1756354976745 0.2945496712041938 32
1756354977143 0.2865548496660979 33
1756354977543 0.2289937579113504 34
1756354978115 0.23874340044415515 35
1756354978514 0.45653292342372565 36
1756354978916 0.44436010588770325 37
1756354979316 0.30783967544203217 38
1756354979876 0.30593576249868976 39
1756354980273 0.2505606383733127 40
1756354980671 0.28347389011279395 41
1756354981067 0.23699676536995432 42
1756354981628 0.23168273982794388 43
1756354982031 0.1813754704983338 44
1756354982433 0.1815279744889425 45
1756354982833 0.20439130586126578 46
1756354983394 0.21359663165133932 47
1756354983794 0.21465466430653696 48
1756354984194 0.17440948667733566 49
1756354984593 0.1622139176596766 50
1756354985151 0.1804899625156237 51
1756354985552 0.1722951735491338 52
1756354985951 0.1542633460915607 53
1756354986351 0.21556328722964163 54
1756354986907 0.18531318170868832 55
1756354987304 0.14569449651500452 56
1756354987705 0.17412277359677397 57
1756354988107 0.14048285328823587 58
1756354988664 0.1443016597110292 59
1756354989061 0.23354362469652426 60
1756354989457 0.22401468196640845 61
1756354989855 0.16716214058839757 62
1756354990419 0.17279531288406122 63
1756354990818 0.17671112716197968 64
1756354991221 0.15598568482243497 65
1756354991622 0.16268829061933185 66
1756354992023 0.1691220039906709 67
1756354992584 0.1729982874315718 68
1756354992984 0.20720585370841232 69
1756354993383 0.17327878235474878 70
1756354993942 0.15901437725709833 71
1756354994344 0.12419362981682239 72
1756354994749 0.134677669438331 73
1756354995153 0.13757771480342615 74
1756354995552 0.13961539611868237 75
1756354996115 0.1147540072384088 76
1756354996514 0.22298815182369688 77
1756354996915 0.173382264116536 78
1756354997318 0.18406279579452847 79
1756354997881 0.18223824384419815 80
1756354998286 0.1283170963111131 81
1756354998688 0.12161270156502724 82
1756354999090 0.12387378643388333 83
1756354999684 0.10019278283352437 84
1756355000084 0.09993894608772319 85
1756355000483 0.12160880636909734 86
1756355001040 0.11019771805276042 87
1756355001441 0.11462543775206027 88
1756355001842 0.11051011441842369 89
1756355002244 0.08980113753805989 90
1756355002645 0.1004792868119219 91
1756355003200 0.10920829487883527 92
1756355003600 0.0897860101059727 93
1756355004001 0.090768086683491 94
1756355004404 0.0935876931509246 95
1756355004963 0.0872081425850806 96
1756355005363 0.07108304795363675 97
1756355005764 0.0967333415604156 98
1756355006166 0.08946335979777834 99
1756355006721 0.09473364443882652 100
1756355007122 0.09945896575632303 101
1756355007526 0.09211088943740596 102
1756355007929 0.11426452417736468 103
1756355008484 0.08047386631369591 104
1756355008886 0.07157589478985123 105
1756355009289 0.08748057290263798 106
1756355009692 0.0813356339931488 107
1756355010251 0.07346293840395368 108
1756355010649 0.06910890016866766 109
1756355011049 0.09663562978739323 110
1756355241802 2.554786065350408 1
1756355242482 3.4195667453434155 2
1756355242891 2.953819728415945 3
1756355243302 1.4350849921288698 4
1756355243715 1.0156511781008348 5
1756355244297 1.1047840144323267 6
1756355244709 0.8982510061367698 7
1756355245121 0.8305241867252018 8
1756355245533 0.5742459828438966 9
1756355246114 0.6215600345445715 10
1756355246528 0.4729964921007986 11
1756355246939 0.463715593452039 12
1756355247347 0.5053777966810309 13
1756355247928 0.4755268680012744 14
1756355248340 0.43167342569517053 15
1756355248752 0.42371302778306213 16
1756355249160 0.5028804495282795 17
1756355249740 0.33862437307834625 18
1756355250151 0.40448272357816284 19
1756355250565 0.4249020795459333 20
1756355250976 0.3599515946015068 21
1756355251575 0.4477247660574706 22
1756355251988 0.37321709744308307 23
1756355252399 0.3113691605951475 24
1756355252810 0.4193820746048637 25
1756355253397 0.49204040545484296 26
1756355253809 0.3537424712077431 27
1756355254220 0.2916310115352921 28
1756355254631 0.277076432886331 29
1756355255218 0.2707159664967786 30
1756355255630 0.35295778059441113 31
1756355256045 0.26810743432977924 32
1756355256457 0.22467839555895847 33
1756355257040 0.24986326759276184 34
1756355257453 0.2936187004265578 35
1756355257864 0.2653413981847141 36
1756355258276 0.3221442712389905 37
1756355258856 0.30709198052468506 38
1756355259268 0.23287113950304364 39
1756355259680 0.29352630318506906 40
1756355260094 0.2662742225372273 41
1756355260505 0.24534642242867014 42
1756355261083 0.20690760016441345 43
1756355261495 0.20004648780045303 44
1756355261908 0.22615240967792014 45
1756355262486 0.19609831111586612 46
1756355262899 0.21412347127561984 47
1756355263309 0.18988235942695453 48
1756355263722 0.18045630629943765 49
1756355264298 0.18066936828519986 50
1756355264713 0.16895473716051682 51
1756355265127 0.14277682485787765 52
1756355265539 0.1769708181205003 53
1756355266134 0.1363311353261056 54
1756355266549 0.12484780941968379 55
1756355266965 0.17606881066508914 56
1756355267379 0.15084840551666592 57
1756355267795 0.1506445696172507 58
1756355268377 0.1861276428984559 59
1756355268790 0.2208424181393955 60
1756355269202 0.1591719246428946 61
1756355269613 0.14142993270702983 62
1756355270190 0.16736178780379501 63
1756355270603 0.13798758015036583 64
1756355271016 0.15323625440182892 65
1756355271429 0.13853781313999838 66
1756355272004 0.12202872076760167 67
1756355272416 0.1286364034142183 68
1756355272827 0.1262012895034707 69
1756355273243 0.12063587424547775 70
1756355273816 0.2305191413539907 71
1756355274230 0.300831803161165 72
1756355274643 0.19969644624253977 73
1756355275056 0.13756055060936057 74
1756355275628 0.10705286896099216 75
1756355276042 0.12349926404978918 76
1756355276458 0.12400225663314694 77
1756355276871 0.1299079536743786 78
1756355277445 0.15372753451051918 79
1756355277859 0.13708350937003674 80
1756355278274 0.1364490477287251 81
1756355527512 3.553026012752367 1
1756355527942 2.9227391559144724 2
1756355528365 2.0017860790957576 3
1756355529046 1.6914059882578643 4
1756355529474 1.2162159914555757 5
1756355529901 0.9127803613310275 6
1756355530327 0.8088481892710147 7
1756355530922 0.5576678540395654 8
1756355531349 0.6505350846311321 9
1756355531775 0.4608115722303805 10
1756355532362 0.47692535882410797 11
1756355532790 0.4000451085360154 12
1756355533216 0.430546303158221 13
1756355533641 0.5001342205897622 14
1756355534244 0.4468587086252544 15
1756355534674 0.4004687945479932 16
1756355535103 0.42960149762423144 17
1756355535692 0.29857498277788574 18
1756355536121 0.3809971673333127 19
1756355536547 0.3026594020750212 20
1756355536975 0.35207425835339917 21
1756355537567 0.29776225789733557 22
1756355537997 0.3005740163118943 23
1756355538427 0.4019283354282379 24
1756355539041 0.2894225237162217 25
1756355539469 0.44173756630524347 26
1756355539900 0.3543857685897661 27
1756355540327 0.571143560435461 28
1756355540942 0.4710974220348441 29
1756355541369 0.32623376405757404 30
1756355541797 0.46095005390436755 31
1756355542385 0.40593384400657984 32
1756355542812 0.2989075436540272 33
1756355543236 0.25911332278147986 34
1756355543661 0.27633721543395 35
1756355544249 0.2737052971902101 36
1756355544676 0.21956199893484946 37
1756355545105 0.215391146424024 38
1756355545691 0.2752797231078148 39
1756355546118 0.266731825535712 40
1756355546546 0.20587593997302261 41
1756355546973 0.16286499134224394 42
1756355547567 0.23840324969395346 43
1756355547993 0.21582033711930979 44
1756355548425 0.16695472630469696 45
1756355549035 0.136850554658019 46
1756355549458 0.14078312043262564 47
1756355549887 0.14222849451977274 48
1756355550314 0.15205600047888962 49
1756355550928 0.1673735389890878 50
1756355551354 0.1654336300233136 51
1756355551781 0.13565076401700144 52
1756355552373 0.14616619568804037 53
1756355552799 0.1530732807257901 54
1756355553226 0.11472422985926918 55
1756355553652 0.12420886301476022 56
1756355554240 0.15387898424397345 57
1756355554665 0.18088840385494026 58
1756355555091 0.1597194263468618 59
1756355555683 0.1771039587000142 60
1756355556110 0.17265505732401557 61
1756355556535 0.1614061584291251 62
1756355556960 0.2157725993057956 63
1756355557547 0.21760552635659342 64
1756355557973 0.1272774763081385 65
1756355558402 0.14182455578575964 66
1756355559006 0.1754985395009103 67
1756355559434 0.1277689219492933 68
1756355559860 0.16553228899188663 69
1756355560288 0.14257045122592346 70
1756355560881 0.1574998133532379 71
1756355561307 0.12050379764126695 72
1756355561735 0.11420048902864041 73
1756355562320 0.11834750243503114 74
1756355562747 0.11074463521008907 75
1756355563173 0.09422328161156696 76
1756355563599 0.12582165812668594 77
1756355564183 0.11763169049568799 78
1756355564610 0.11640049079838007 79
1756355565038 0.11786924901863803 80
1756355565641 0.08701178285738696 81
1756355566067 0.07867561588468759 82
1756355566495 0.1701317380141953 83
1756355566921 0.19896154235238614 84
1756355567518 0.18354770897523218 85
1756355567946 0.12396971913783447 86
1756355568376 0.09163113910218944 87
1756355568969 0.11139873350444048 88
1756355569395 0.15091571892085281 89
1756355569822 0.10505485113548196 90
1756355570251 0.11900414623644041 91
1756355570846 0.11385327609984772 92
1756355571271 0.08257023714806723 93
1756355571698 0.08557766821721326 94
1756355572295 0.10619120931495792 95
1756355572720 0.09065738579501277 96
1756355573148 0.06735760070707487 97
1756355573575 0.07242212201590123 98
1756355574186 0.07132152241209279 99
1756355574615 0.0698316132892733 100
1756355575044 0.10666320165214331 101
1756355575674 0.16315558836188004 102
1756355576100 0.10044602661029152 103
1756355576545 0.06375147151234357 104
1756355576973 0.08387128004561299 105
1756355577608 0.08403571970436884 106
1756355798351 2.3267396170160044 1
1756355798794 2.7831399363020193 2
1756355799496 1.441527713900027 3
1756355799932 1.333871162456015 4
1756355800369 1.0781672389610955 5
1756355800970 0.7682537203249724 6
1756355801406 0.7233588695526123 7
1756355801840 0.6787812437700189 8
1756355802436 0.6132421402827554 9
1756355802871 0.5664455994315769 10
1756355803307 0.5338829017203787 11
1756355803902 0.40578087322089984 12
1756355804337 0.44775804035041644 13
1756355804776 0.35369309329468274 14
1756355805376 0.41839653318342956 15
1756355805811 0.41391500117986096 16
1756355806246 0.3458617530439211 17
1756355806839 0.27423733472824097 18
1756355807276 0.46270841360092163 19
1756355807712 0.42094526083573053 20
1756355808307 0.267841003511263 21
1756355808744 0.25989703898844513 22
1756355809181 0.38453366315883136 23
1756355809771 0.3703462960927383 24
1756355810206 0.2939668194107387 25
1756355810642 0.2931389303311058 26
1756355811236 0.2577967747398045 27
1756355811674 0.25243147300637286 28
1756355812111 0.2921641916036606 29
1756355812705 0.3064097558026728 30
1756355813139 0.23582790727200714 31
1756355813577 0.2366892274307168 32
1756355814171 0.269296161506487 33
1756355814608 0.2556174193387446 34
1756355815045 0.26702070236206055 35
1756355815637 0.26339325827101 36
1756355816074 0.3152351722769115 37
1756355816512 0.2411307909566423 38
1756355817105 0.19607738049133963 39
1756355817544 0.17721797979396323 40
1756355817981 0.18268011931491934 41
1756355818419 0.22435198691876038 42
1756355819012 0.17037564094947732 43
1756355819450 0.17422282339438147 44
1756355819888 0.15057319435088531 45
1756355820483 0.22437515692866367 46
1756355820919 0.1927001596145008 47
1756355821359 0.2327824831008911 48
1756355821960 0.1639450856524965 49
1756355822401 0.12243131046061931 50
1756355822841 0.16495325837446295 51
1756355823482 0.18443557393291724 52
1756355823920 0.1595281913228657 53
1756355824357 0.15345123442618744 54
1756355825004 0.12204432698047679 55
1756355825442 0.1188395018486873 56
1756355825880 0.1539090923641039 57
1756355826505 0.12817785775531892 58
1756355826942 0.12333921116331349 59
1756355827380 0.1385495393820431 60
1756355827995 0.16055696230867636 61
1756355828435 0.16119938538126324 62
1756355828877 0.16465594862466273 63
1756355829509 0.19199633144814035 64
1756355829946 0.22121719562489053 65
1756355830386 0.1775297221282254 66
1756355831012 0.15924372977536658 67
1756355831452 0.17616308869227118 68
1756355831889 0.17684194963911307 69
1756355832510 0.14514353515013403 70
1756355832950 0.12328974902629852 71
1756355833390 0.09098873093076375 72
1756355834004 0.11929225111785142 73
1756355834445 0.10239806852262953 74
1756355834884 0.08783310198265573 75
1756355835497 0.11369732281436092 76
1756355835936 0.07575818969179755 77
1756355836545 0.07692250269262688 78
1756355836984 0.09934777766466141 79
1756355837422 0.09472058405694754 80
1756355838032 0.08242667369220567 81
1756355838472 0.0843920326265304 82
1756355838910 0.07822082386068675 83
1756355839520 0.07017489587483199 84
1756355839958 0.07486825760291971 85
1756355840398 0.08054624595071959 86
1756355841003 0.07757752413011115 87
1756355841444 0.08750965737778207 88
1756355841882 0.0719254476868588 89
1756355842489 0.07337586646494658 90
1756355842931 0.06685015178568986 91
1756355843372 0.07758780860382578 92
1756355843979 0.07052447857416194 93
1756355844420 0.09766762282537378 94
1756356156076 2.812517096167025 1
1756356156535 1.9426500434460847 2
1756356157254 2.8177667467490486 3
1756356157705 2.2020000608071038 4
1756356158155 1.243233753287274 5
1756356158792 1.632820284884909 6
1756356159240 0.8858577803425167 7
1756356159688 0.6892077236071877 8
1756356160328 0.5394884723684062 9
1756356160780 0.5123295110204945 10
1756356161232 0.5389900181604468 11
1756356161888 0.5346206588589627 12
1756356162342 0.376141967980758 13
1756356162794 0.4863623380661011 14
1756356163441 0.3993220847585927 15
1756356163894 0.3868464600780736 16
1756356164544 0.34430934035259747 17
1756356164998 0.4048525166252385 18
1756356165449 0.3497536195361096 19
1756356166107 0.34133248743803607 20
1756356166556 0.32619824422442395 21
1756356167009 0.37173946979253186 22
1756356167656 0.2838990681845209 23
1756356168103 0.27109590561493585 24
1756356168553 0.2578365044749301 25
1756356169194 0.27572727916033374 26
1756356169644 0.3033552428950434 27
1756356170094 0.22491830328236456 28
1756356170732 0.32921026064001996 29
1756356171184 0.2500479240780291 30
1756356171634 0.2031664449883544 31
1756356172272 0.1971665053911831 32
1756356172724 0.18481658075166785 33
1756356173175 0.2694565427044164 34
1756356173809 0.27248093291469244 35
1756356174260 0.22102194538582925 36
1756356174711 0.20739181469316068 37
1756356175344 0.2383659954952157 38
1756356175798 0.30876035340454266 39
1756356176435 0.34748539328575134 40
1756356176886 0.19348883628845215 41
1756356177337 0.2016046497484912 42
1756356177967 0.2595157049920248 43
1756356178416 0.16637799338154172 44
1756356178866 0.1839407364959302 45
1756356179493 0.16898497194051743 46
1756356179942 0.23425171913012213 47
1756356180393 0.24703933687313742 48
1756356181018 0.16682711729536887 49
1756356181468 0.19941338378450144 50
1756356181917 0.21091714890106864 51
1756356182547 0.3027770098136819 52
1756356182995 0.4461989279674447 53
1756356183443 0.346867466426414 54
1756356184066 0.2722443196436633 55
1756356184516 0.23279524659333023 56
1756356184967 0.16636940140439116 57
1756356185591 0.24425479607737582 58
1756356186040 0.19601838517448175 59
1756356186490 0.15385574037614075 60
1756356187119 0.15519174350344617 61
1756356187569 0.132544602388921 62
1756356188196 0.1624281552174817 63
1756356188648 0.13719596001117126 64
1756356189101 0.11537191158403522 65
1756356189726 0.17928761405789334 66
1756356190176 0.13528508822555127 67
1756356190630 0.11952898748542952 68
1756356486846 2.437430283297663 1
1756356487311 2.972504680571349 2
1756356487773 2.0213620766349463 3
1756356488507 1.4209041517713796 4
1756356488967 1.4692915548448977 5
1756356489431 0.8149912007476973 6
1756356490093 0.7879048845042353 7
1756356490556 0.7846536804800448 8
1756356491020 0.5005303906357806 9
1756356491666 0.39983321661534516 10
1756356492132 0.5040572039459063 11
1756356492774 0.43884282073248987 12
1756356493239 0.36669150513151416 13
1756356493700 0.5206471124420995 14
1756356494336 0.5053776593311973 15
1756356494797 0.4940496495236521 16
1756356495262 0.40981881255688873 17
1756356495895 0.4753525231195533 18
1756356496359 0.4884009749993034 19
1756356496822 0.6214459849440533 20
1756356497455 0.4922373178212539 21
1756356497921 0.32588579408500506 22
1756356498385 0.2482758773409802 23
1756356499045 0.25528767575388367 24
1756356499511 0.2841270941755046 25
1756356499974 0.4373012845930846 26
1756356500624 0.29048091626685596 27
1756356501091 0.3074990546573763 28
1756356501556 0.3676679335210634 29
1756356502204 0.2885250170593676 30
1756356502667 0.3149309709020283 31
1756356503133 0.27299426107302954 32
1756356503776 0.24948044769141986 33
1756356504243 0.2792827817408935 34
1756356504707 0.2356106794398764 35
1756356505348 0.1887549942602282 36
1756356505812 0.35601415906263434 37
1756356506449 0.33790133958277496 38
1756356506917 0.24756321375784668 39
1756356507385 0.18736483772163806 40
1756356508020 0.2641019723985506 41
1756356508485 0.2454906352188276 42
1756356508946 0.20863837489615317 43
1756356509576 0.21087676869786304 44
1756356510040 0.16694049601969513 45
1756356510505 0.14216020638528076 46
1756356511133 0.16341959425936575 47
1756356511598 0.141343270468971 48
1756356512064 0.1500015271746594 49
1756356512693 0.1457157983728077 50
1756356513162 0.15164063935694488 51
1756356513634 0.16514005220454672 52
1756356514273 0.15438347601372263 53
1756356514737 0.19026934452678845 54
1756356515202 0.18632796341958252 55
1756356515834 0.2021681044412696 56
1756356516299 0.1914565543765607 57
1756356516765 0.18667491331048633 58
1756356517391 0.20234864707226338 59
1756356517857 0.19308768245189087 60
1756356518483 0.20681649284518283 61
1756356518949 0.29461611612983374 62
1756356519413 0.18146109807750452 63
1756356520061 0.1586236969932266 64
1756356520531 0.11853816910930302 65
1756356520995 0.11766805937108786 66
1756356521645 0.18041701776825864 67
1756356522109 0.17885110527276993 68
1756356522575 0.11033006644119388 69
1756356523211 0.1167872437964315 70
1756356523678 0.14140363426312155 71
1756356524146 0.12639748078325522 72
1756356524774 0.09883094190255455 73
1756356525239 0.09726071357727051 74
1756356525704 0.10248936437394308 75
1756356526333 0.09627723191743312 76
1756356526798 0.09763844165465106 77
1756356527267 0.08195551079900368 78
1756356527894 0.08597593560166981 79
1756356528363 0.0797888400114101 80
1756356528830 0.08796195588682008 81
1756356529459 0.08250164143417192 82
1756356529924 0.11011904542860777 83
1756356530551 0.09788971896404805 84
1756356531017 0.1094903861698897 85
1756356531483 0.11409519418426183 86
1756356532115 0.0861246308878712 87
1756356532583 0.07016945889462596 88
1756356533048 0.0738344638729873 89
1756356533693 0.10243587908537491 90
1756356534158 0.07339830728976623 91
1756356534622 0.08053750739149425 92
1756356535254 0.07760421704986821 93
1756356535721 0.06159664763380652 94
1756356536186 0.07321401734067046 95
1756356536831 0.07761085729884065 96
1756356537300 0.07761066601328227 97
1756356537767 0.06712196176142796 98
1756356538407 0.06643130030968915 99
1756356538874 0.0694492016311573 100
1756356539341 0.06786725224684113 101
1756356539976 0.06551507536483847 102
1756356540441 0.07329532204438811 103
1756356540905 0.06609389234496199 104
1756356541536 0.06945452960612981 105
1756356542004 0.048827750608325005 106
1756356542650 0.05638083248682644 107
1756356543116 0.06292087730506192 108
1756356543584 0.053703714648018715 109
1756356544228 0.059612136820088264 110
1756356544698 0.05448986946240715 111
1756356545162 0.052394437158237335 112
1756356545822 0.056649859508742455 113
1756356546290 0.043204252081720726 114
1756356546759 0.04641876126761022 115
1756356946148 2.9436909374983413 1
1756356946885 2.780769441438758 2
1756356947368 1.654202585634978 3
1756356948010 0.9855930131414662 4
1756356948494 0.9452886918316716 5
1756356948975 0.9478154532287432 6
1756356949614 0.6470588588196299 7
1756356950096 1.2455471132112585 8
1756356950578 0.8328648727873097 9
1756356951218 0.709393173456192 10
1756356951701 0.5151471042114756 11
1756356952341 0.49848301579122956 12
1756356952824 0.3482891036116559 13
1756356953306 0.4215313468290412 14
1756356953947 0.5215901829626249 15
1756356954435 0.4561132497113684 16
1756356954919 0.30375232644703076 17
1756356955563 0.42319555710191314 18
1756356956049 0.40907638811546826 19
1756356956689 0.5300192353518113 20
1756356957172 0.3628420998220858 21
1756356957655 0.3407250701085381 22
1756356958296 0.313188162834748 23
1756356958779 0.38996119797229767 24
1756356959263 0.25236584570096887 25
1756356959906 0.222586279006108 26
1756356960389 0.33395690146995627 27
1756356961029 0.3864202926988187 28
1756356961511 0.2431314328442449 29
1756356961999 0.28046445548534393 30
1756356962646 0.2330251783132553 31
1756356963131 0.24141848540824393 32
1756356963616 0.4211314871259358 33
1756356964257 0.4137257279261299 34
1756356964743 0.25665641478870227 35
1756356965387 0.30645477318245434 36
1756356965868 0.3207432854434718 37
1756356966349 0.2108110704499742 38
1756356966997 0.2402935860597569 39
1756356967479 0.30133840214946994 40
1756356967961 0.31318496491598047 41
1756356968608 0.2090506858151892 42
1756356969094 0.19048050207936246 43
1756356969730 0.16534558748421463 44
1756356970215 0.1965116183071033 45
1756356970696 0.18495558169872864 46
1756356971338 0.1777897655316021 47
1756356971823 0.18300556391477585 48
1756356972309 0.1536791483345239 49
1756356972949 0.13866015750428903 50
1756356973435 0.17692354645418085 51
1756356974123 0.15280557456223862 52
1756356974607 0.15810757097990616 53
1756356975093 0.16165491193532944 54
1756356975747 0.1921778502671615 55
1756356976230 0.2263511850134186 56
1756356976711 0.13288751276938812 57
1756356977360 0.12769343250471613 58
1756356977847 0.12192031562976215 59
1756356978520 0.2184780159074327 60
1756356979005 0.14997529270856277 61
1756356979489 0.15002333146074545 62
1756356980140 0.16498263633769492 63
1756356980623 0.1992306165073229 64
1756356981113 0.17398985669664715 65
1756356981787 0.16018903190674988 66
1756356982279 0.16676756221315134 67
1756356982953 0.17316684062066284 68
1756356983444 0.1485002149382363 69
1756356983929 0.10927476571953815 70
1756356984585 0.10868157511172087 71
1756356985069 0.10379380878546964 72
1756356985557 0.10755184325187103 73
1756356986212 0.12762446167028468 74
1756356986696 0.1263905974185985 75
1756356987351 0.21241437708554062 76
1756356987838 0.12539921328425407 77
1756356988321 0.09271380402471709 78
1756356988968 0.08963644407365633 79
1756356989452 0.1272994815979315 80
1756356989937 0.12430801971451096 81
1756356990581 0.13527040053968845 82
1756356991066 0.1198412905568662 83
1756356991712 0.13658964131837306 84
1756356992197 0.10915492993334065 85
1756356992683 0.11537593797497127 86
1756356993355 0.1632307353227035 87
1756356993841 0.15288759476464728 88
1756356994329 0.19534590257250745 89
1756356994988 0.14321157417219618 90
1756356995472 0.10301033828569495 91
1756357316194 3.1513935327529907 1
1756357316698 3.1139756181965703 2
1756357317195 2.0856506954068723 3
1756357317950 1.3501204355903293 4
1756357318447 1.2561272110628046 5
1756357319111 0.9510019097639166 6
1756357319610 0.6550788620243901 7
1756357320273 0.6197458557460619 8
1756357320770 0.5783998039753541 9
1756357321444 0.7758847760117572 10
1756357321945 0.565283987833106 11
1756357322443 0.5633004722387894 12
1756357323109 0.48657638223274896 13
1756357323605 0.5494647090849669 14
1756357324272 0.7561191449994626 15
1756357324768 0.6310801441254823 16
1756357325434 0.5583310658517091 17
1756357325930 0.522787085045939 18
1756357326426 0.7403141778448353 19
1756357327089 0.488317274529001 20
1756357327589 0.40856649759023084 21
1756357328254 0.4288666598174883 22
1756357328771 0.3891282962716144 23
1756357329436 0.3559320854104083 24
1756357329933 0.32307059738946997 25
1756357330432 0.3024959797444551 26
1756357331096 0.3046730380991231 27
1756357331597 0.31281398560689844 28
1756357332261 0.273625866226528 29
1756357332757 0.3177533577317777 30
1756357333256 0.35941564388897107 31
1756357333917 0.38652878870134766 32
1756357334414 0.26016394275686017 33
1756357335079 0.2831150905593582 34
1756357335581 0.387868534611619 35
1756357336252 0.35968766588231793 36
1756357336748 0.37572598586911743 37
1756357337244 0.2535004081285518 38
1756357337913 0.25026011143041693 39
1756357338410 0.1981244880868041 40
1756357339083 0.2897698795017989 41
1756357339582 0.30949625891187915 42
1756357340248 0.25779714726883435 43
1756357340746 0.22500247670256573 44
1756357341245 0.23954776123813962 45
1756357341906 0.26623527187368146 46
1756357342403 0.2017963075119516 47
1756357343070 0.21965357823216397 48
1756357343569 0.2088540575426558 49
1756357344243 0.18797752228767975 50
1756357344741 0.19988625788170358 51
1756357345241 0.2540812842223955 52
1756357345898 0.19850996622572775 53
1756357346394 0.21922732565713965 54
1756357347056 0.23728866065325943 55
1756357347555 0.14911877785039984 56
1756357348214 0.17903157906687778 57
1756357348713 0.20857116482827975 58
1756357349212 0.16965985897442568 59
1756357349872 0.3139842424703681 60
1756357350371 0.21807939591615097 61
1756357351039 0.18316237822822903 62
1756357351539 0.21058423104493515 63
1756357352203 0.26655138186786487 64
1756357352703 0.1947898466302001 65
1756357353203 0.17920937810255133 66
1756357353869 0.14449697052655014 67
1756357354368 0.13113953918218613 68
1756357355030 0.16895163237400676 69
1756357355530 0.15596610080936682 70
1756357356195 0.16867968796387964 71
