1756349470975 0.0006771277250172403 1
1756349470995 0.0013542554500344806 2
1756349471013 0.002031383175051721 3
1756349471031 0.002708510900068961 4
1756349471049 0.0033856386250862014 5
1756349471068 0.0033856386250862014 6
1756349471086 0.00338524143439019 7
1756349471105 0.0033840500487450423 8
1756349471123 0.003382065027391902 9
1756349471141 0.0033792873021076587 10
1756349471159 0.003375718176767569 11
1756349471178 0.0033713593267332125 12
1756349471197 0.0033662127980660693 13
1756349471215 0.003360281006567091 14
1756349471234 0.0033535667366427157 15
1756349471252 0.0033460731399978555 16
1756349471271 0.003337803734156472 17
1756349471289 0.003328762400810439 18
1756349471308 0.00331895338399746 19
1756349471326 0.0033083812881089017 20
1756349471345 0.0032970510757284704 21
1756349471363 0.00328496806530276 22
1756349471382 0.0032721379286447493 23
1756349471401 0.003258566688271433 24
1756349471419 0.003244260714576824 25
1756349471438 0.003229226722841671 26
1756349471457 0.003213471770081274 27
1756349471476 0.0031970032517328953 28
1756349471495 0.0031798288981843142 29
1756349471513 0.0031619567711451482 30
1756349471532 0.0031433952598626577 31
1756349471551 0.0031241530771837986 32
1756349471570 0.003104239255465377 33
1756349471589 0.0030836631423342277 34
1756349471608 0.0030624343962993975 35
1756349471627 0.0030405629822184053 36
1756349471646 0.003018059166619698 37
1756349471666 0.0029949335128835013 38
1756349471685 0.0029711968762833264 39
1756349471704 0.0029468603988904623 40
1756349471723 0.0029219355043438437 41
1756349471742 0.002896433892487749 42
1756349471761 0.002870367533879847 43
1756349471781 0.0028437486641721696 44
1756349471800 0.00281658977836765 45
1756349471820 0.002788903624954915 46
1756349471839 0.0027607031999240996 47
1756349471858 0.0027320017406664704 48
1756349471878 0.002702812719760749 49
1756349471897 0.0026731498386490253 50
1756349471917 0.002643027021205248 51
1756349471936 0.0026124584071993023 52
1756349471956 0.0025814583456597482 53
1756349471975 0.0025500413881383256 54
1756349471995 0.0025182222818794023 55
1756349472015 0.0024860159628975554 56
1756349472035 0.0024534375489665508 57
1756349472055 0.0024205023325229954 58
1756349472074 0.002387225773488012 59
1756349472094 0.0023536234920102884 60
1756349472114 0.0023197112611339165 61
1756349472134 0.002285504999394464 62
1756349472154 0.0022510207633467537 63
1756349472174 0.002216274740027847 64
1756349472194 0.0021812832393587906 65
1756349472214 0.00214606268648867 66
1756349472234 0.002110629614084583 67
1756349472254 0.002075000654571138 68
1756349472274 0.0020391925323231305 69
1756349472294 0.002003222055815051 70
1756349472314 0.0019671061097311262 71
1756349472334 0.0019308616470395746 72
1756349472354 0.0018945056810348228 73
1756349472374 0.0018580552773513938 74
1756349472394 0.001821527545953229 75
1756349472414 0.0017849396331022082 76
1756349472434 0.001748308713309623 77
1756349472455 0.001711651981274393 78
1756349472475 0.0016749866438118084 79
1756349472495 0.0016383299117765785 80
1756349472516 0.0016016989919839931 81
1756349472536 0.0015651110791329724 82
1756349472556 0.0015285833477348082 83
1756349472577 0.0014921329440513785 84
1756349472597 0.0014557769780466267 85
1756349472618 0.0014195325153550755 86
1756349472638 0.00138341656927115 87
1756349472659 0.0013474460927630713 88
1756349472679 0.0013116379705150633 89
1756349472700 0.0012760090110016187 90
1756349472721 0.001240575938597532 91
1756349472741 0.0012053553857274111 92
1756349472762 0.0011703638850583545 93
1756349472783 0.0011356178617394478 94
1756349472804 0.0011011336256917372 95
1756349472825 0.001066927363952285 96
1756349472846 0.001033015133075913 97
1756349556562 0.000518311125775726 1
1756349556594 0.001036622251551452 2
1756349556625 0.0015549333773271783 3
1756349556656 0.002073244503102904 4
1756349556687 0.0025915556288786303 5
1756349556718 0.0025915556288786303 6
1756349556749 0.002591251624608968 7
1756349556781 0.002590339754500789 8
1756349556812 0.0025888204465895374 9
1756349556843 0.002586694414044367 10
1756349556874 0.0025839626548333798 11
1756349556906 0.0025806264512551755 12
1756349556937 0.002576687369336936 13
1756349556968 0.002572147258099323 14
1756349556999 0.002567008248688545 15
1756349557031 0.0025612727533759856 16
1756349557062 0.002554943464425874 17
1756349557094 0.0025480233528315274 18
1756349557125 0.0025405156669207514 19
1756349557157 0.002532423930831067 20
1756349557188 0.0025237519428554615 21
1756349557219 0.002514503773659459 22
1756349557251 0.0025046837643703302 23
1756349557282 0.002494296524539353 24
1756349557314 0.002483346929978068 25
1756349557345 0.0024718401204695565 26
1756349557377 0.0024597814973558044 27
1756349557408 0.0024471767210022884 28
1756349557440 0.002434031708140983 29
1756349557471 0.0024203526290930196 30
1756349557503 0.0024061459048723135 31
1756349557535 0.002391418204171516 32
1756349557566 0.002376176440231701 33
1756349557598 0.002360427767597267 34
1756349557630 0.002344179578757561 35
1756349557661 0.0023274395006768157 36
1756349557693 0.002310215391214024 37
1756349557725 0.0022925153354344274 38
1756349557757 0.0022743476418143546 39
1756349557789 0.0022557208383411904 40
1756349557821 0.0022366436685103035 41
1756349557852 0.002217125087220816 42
1756349557884 0.0021971742565721378 43
1756349557916 0.0021768005415632413 44
1756349557948 0.0021560135056966933 45
1756349557980 0.002134822906489509 46
1756349558013 0.0021132386908929357 47
1756349558045 0.002091270990623313 48
1756349558077 0.002068930117406207 49
1756349558109 0.0020462265581360417 50
1756349558142 0.002023170969953515 51
1756349558174 0.0019997741752430893 52
1756349558206 0.0019760471565529237 53
1756349558239 0.0019520010514396222 54
1756349558271 0.0019276471472402213 55
1756349558303 0.0019029968757738667 56
1756349558336 0.0018780618079756752 57
1756349558368 0.0018528536484652886 58
1756349558401 0.0018273842300526829 59
1756349558434 0.0018016655081837965 60
1756349558466 0.0017757095553285992 61
1756349558499 0.0017495285553142251 62
1756349558531 0.0017231347976058371 63
1756349558564 0.001696540671537903 64
1756349558597 0.0016697586604985928 65
1756349558629 0.0016428013360700257 66
1756349558662 0.0016156813521271212 67
1756349558695 0.0015884114388978196 68
1756349558727 0.0015610043969874626 69
1756349558760 0.0015334730913701378 70
1756349558793 0.0015058304453498092 71
1756349558826 0.0014780894344940672 72
1756349558859 0.0014502630805433463 73
1756349558892 0.0014223644452984682 74
1756349558925 0.001394406624489379 75
1756349558957 0.0013664027416279646 76
1756349558990 0.0013383659418478209 77
1756349559024 0.0013103093857338745 78
1756349559057 0.0012822462431447555 79
1756349559090 0.0012541896870308096 80
1756349559124 0.0012261528872506656 81
1756349559157 0.0011981490043892512 82
1756349559190 0.0011701911835801625 83
1756349559223 0.001142292548335284 84
1756349559257 0.001114466194384563 85
1756349559290 0.0010867251835288212 86
1756349559323 0.0010590825375084922 87
1756349559356 0.0010315512318911676 88
1756349559389 0.0010041441899808104 89
1756349559423 0.000976874276751509 90
1756349559456 0.000949754292808605 91
1756349660523 0.000739631264756316 1
1756349660569 0.001479262529512632 2
1756349660613 0.002218893794268948 3
1756349660657 0.002958525059025264 4
1756349660701 0.00369815632378158 5
1756349660744 0.00369815632378158 6
1756349660788 0.003697722458823997 7
1756349660832 0.003696421067609179 8
1756349660875 0.0036942527610153205 9
1756349660919 0.003691218556854128 10
1756349660963 0.003687319879393061 11
1756349661006 0.0036825585586867694 12
1756349661050 0.0036769368297180625 13
1756349661094 0.0036704573313487963 14
1756349661138 0.0036631231050811845 15
1756349661182 0.003654937593630104 16
1756349661226 0.0036459046393070675 17
1756349661270 0.003636028482216633 18
1756349661314 0.003625313758266078 19
1756349661358 0.0036137654969892884 20
1756349661402 0.003601389119185873 21
1756349661446 0.003588190434376621 22
1756349661491 0.0035741756380764877 23
1756349661535 0.003559351308886399 24
1756349661579 0.003543724405405225 25
1756349661623 0.00352730226296339 26
1756349661667 0.003510092590179638 27
1756349661711 0.003492103465342575 28
1756349661755 0.0034733433326186924 29
1756349661799 0.0034538209980886367 30
1756349661844 0.003433545625613605 31
1756349661888 0.0034125267325337883 32
1756349661933 0.0033907741852008963 33
1756349661977 0.0033682981943468546 34
1756349662021 0.003345109310290842 35
1756349662066 0.0033212184179869327 36
1756349662110 0.003296636731914655 37
1756349662155 0.0032713757908148693 38
1756349662199 0.003245447452273437 39
1756349662244 0.003218863887155225 40
1756349662289 0.0031916375738910508 41
1756349662333 0.00316378129262026 42
1756349662378 0.003135308119191676 43
1756349662423 0.003106231419025746 44
1756349662467 0.0030765648408407602 45
1756349662512 0.0030463223102460885 46
1756349662557 0.0030155180232054437 47
1756349662601 0.0029841664393732404 48
1756349662646 0.002952282275307178 49
1756349662691 0.0029198804975602267 50
1756349662736 0.0028869763156552696 51
1756349662780 0.0028535851749456934 52
1756349662825 0.0028197227493652784 53
1756349662870 0.002785404934070788 54
1756349662915 0.0027506478379807258 55
1756349662960 0.002715467776213739 56
1756349663005 0.0026798812624302414 57
1756349663050 0.0026439050010808327 58
1756349663096 0.0026075558795651656 59
1756349663141 0.0025708509603049323 60
1756349663186 0.0025338074727346968 61
1756349663231 0.0024964428052143286 62
1756349663277 0.002458774496866839 63
1756349663322 0.002420820229345447 64
1756349663367 0.002382597818533742 65
1756349663412 0.0023441252061828345 66
1756349663457 0.0023054204514894303 67
1756349663503 0.0022665017226187714 68
1756349663549 0.002227387288176426 69
1756349663594 0.002188095508632932 70
1756349663640 0.002148644827705322 71
1756349663685 0.0021090537636995685 72
1756349663730 0.0020693409008180155 73
1756349663776 0.002029524880435884 74
1756349663821 0.0019896243923509323 75
1756349663867 0.0019496581660103946 76
1756349663912 0.0019096449617193034 77
1756349663958 0.0018696035618343257 78
1756349664003 0.0018295527619472541 79
1756349664049 0.0017895113620622766 80
1756349664095 0.0017494981577711852 81
1756349664141 0.001709531931430648 82
1756349664186 0.0016696314433456965 83
1756349664232 0.0016298154229635645 84
1756349664278 0.0015901025600820115 85
1756349664324 0.0015505114960762578 86
1756349664370 0.001511060815148648 87
1756349664416 0.0014717690356051546 88
1756349664462 0.0014326546011628086 89
1756349664508 0.0013937358722921496 90
1756349664554 0.001355031117598746 91
1756349664600 0.0013165585052478384 92
1756349664646 0.001278336094436133 93
1756349664692 0.0012403818269147411 94
1756349664739 0.0012027135185672516 95
1756349664785 0.001165348851046883 96
1756349664831 0.0011283053634766475 97
1756349664877 0.0010916004442164142 98
1756349664923 0.0010552513227007475 99
1756349664969 0.0010192750613513392 100
1756349665015 0.0009836885475678408 101
1756349665062 0.0009485084858008544 102
1756349665108 0.0009137513897107918 103
1756349818914 0.0008879532820172418 1
1756349818978 0.0017759065640344837 2
1756349819040 0.0026638598460517254 3
1756349819102 0.0035518131280689673 4
1756349819164 0.004439766410086209 5
1756349819227 0.004439766410086209 6
1756349819289 0.0044392455164502425 7
1756349819351 0.00443768308005188 8
1756349819414 0.004435079834304957 9
1756349819476 0.004431437001183347 10
1756349819539 0.004426756290647352 11
1756349819602 0.004421039899841048 12
1756349819664 0.004414290512060933 13
1756349819727 0.004406511295496379 14
1756349819790 0.0043977059017424715 15
1756349819853 0.004387878464085935 16
1756349819915 0.0043770335955649504 17
1756349819978 0.004365176386803781 18
1756349820040 0.00435231240362321 19
1756349820103 0.004338447684427923 20
1756349820165 0.004323588737372055 21
1756349820228 0.004307742537304241 22
1756349820291 0.004290916522493593 23
1756349820354 0.004273118591138145 24
1756349820416 0.004254357097657408 25
1756349820480 0.004234640848770775 26
1756349820543 0.004213979099363608 27
1756349820605 0.0041923815481429635 28
1756349820668 0.0041698583330849765 29
1756349820732 0.004146420026676054 30
1756349820795 0.0041220776309501125 31
1756349820858 0.004096842572324176 32
1756349820921 0.004070726696234768 33
1756349820984 0.004043742261577625 34
1756349821047 0.004015901934953315 35
1756349821110 0.003987218784721487 36
1756349821173 0.003957706274866533 37
1756349821237 0.003927378258677537 38
1756349821300 0.0038962489722454896 39
1756349821365 0.003864333027780808 40
1756349821429 0.003831645406754308 41
1756349821492 0.003798201452864842 42
1756349821556 0.003764016864836904 43
1756349821619 0.00372910768905159 44
1756349821682 0.003693490312014359 45
1756349821746 0.0036571814526631455 46
1756349821809 0.0036201981545204223 47
1756349821873 0.003582557777692903 48
1756349821936 0.003544277990722641 49
1756349822000 0.003505376762293344 50
1756349822063 0.0034658723527958035 51
1756349822127 0.003425783305756394 52
1756349822190 0.003385128439132672 53
1756349822254 0.0033439268364801452 54
1756349822318 0.0033021978379943833 55
1756349822381 0.003259961031432648 56
1756349822447 0.003217236242919326 57
1756349822511 0.003174043527639464 58
1756349822576 0.0031304031604247893 59
1756349822639 0.0030863356262366207 60
1756349822703 0.0030418616105501468 61
1756349822768 0.002997001989644583 62
1756349822833 0.002951777820803762 63
1756349822897 0.0029062103324317625 64
1756349822961 0.002860320914088213 65
1756349823025 0.002814131106447944 66
1756349823089 0.0027676625911897137 67
1756349823153 0.0027209371808187403 68
1756349823217 0.0026739768084278266 69
1756349823281 0.0026268035174018783 70
1756349823346 0.002579439451070653 71
1756349823410 0.0025319068423145896 72
1756349823474 0.0024842280031286135 73
1756349823538 0.0024364253141487915 74
1756349823602 0.002388521214146773 75
1756349823667 0.0023405381894969443 76
1756349823731 0.0022924987636212357 77
1756349823796 0.0022444254864165338 78
1756349823860 0.0021963409236696757 79
1756349823924 0.002148267646464974 80
1756349823989 0.002100228220589265 81
1756349824053 0.002052245195939437 82
1756349824118 0.002004341095937419 83
1756349824182 0.001956538406957596 84
1756349824247 0.0019088595677716196 85
1756349824312 0.001861326959015557 86
1756349824377 0.0018139628926843309 87
1756349824441 0.0017667896016583832 88
1756349824506 0.0017198292292674694 89
1756349824571 0.0016731038188964962 90
1756349824635 0.0016266353036382662 91
1756349824700 0.0015804454959979966 92
1756349824765 0.0015345560776544467 93
1756349824829 0.0014889885892824476 94
1756349824894 0.0014437644204416268 95
1756349824959 0.0013989047995360627 96
1756349825024 0.0013544307838495888 97
1756349825090 0.00131036324966142 98
1756349825154 0.0012667228824467457 99
1756349825219 0.0012235301671668843 100
1756349825284 0.0011808053786535615 101
1756349825349 0.0011385685720918266 102
1756349825664 0.001096839573606064 103
1756349825729 0.0010556379709535375 104
1756349926029 0.0010883831829749213 1
1756349926107 0.0021767663659498426 2
1756349926183 0.003265149548924764 3
1756349926258 0.004353532731899685 4
1756349926334 0.005441915914874606 5
1756349926410 0.005441915914874606 6
1756349926486 0.005441277418001365 7
1756349926563 0.005439362227094604 8
1756349926638 0.005436171241152525 9
1756349926714 0.005431705958036575 10
1756349926790 0.0054259684737683455 11
1756349926865 0.005418961481545689 12
1756349926941 0.0054106882704785236 13
1756349927017 0.005401152724044911 14
1756349927092 0.005390359318268137 15
1756349927168 0.005378313119615649 16
1756349927244 0.005365019782620833 17
1756349927320 0.0053504855472287565 18
1756349927396 0.0053347172358671115 19
1756349927473 0.005317722250243743 20
1756349927549 0.005299508567872252 21
1756349927625 0.005280084738327328 22
1756349927701 0.005259459879231533 23
1756349927777 0.005237643671975468 24
1756349927853 0.0052146463571732735 25
1756349927930 0.005190478729855658 26
1756349928006 0.005165152134402662 27
1756349928082 0.005138678459218561 28
1756349928158 0.005111070131151401 29
1756349928235 0.005082340109659791 30
1756349928311 0.005052501880729678 31
1756349928388 0.00502156945054397 32
1756349928464 0.004989557338907983 33
1756349928540 0.004956480572433784 34
1756349928617 0.004922354677486638 35
1756349928693 0.004887195672896879 36
1756349928770 0.004851020062440595 37
1756349928846 0.004813844827092702 38
1756349928922 0.0047756874170559955 39
1756349928998 0.0047365657435699685 40
1756349929075 0.0046964981705031935 41
1756349929151 0.004655503505733259 42
1756349929228 0.004613600992318271 43
1756349929305 0.004570810299464085 44
1756349929381 0.004527151513291511 45
1756349929458 0.004482645127407798 46
1756349929535 0.004437312033286861 47
1756349929611 0.0043911735104627345 48
1756349929688 0.004344251216540883 49
1756349929764 0.0042965671770320265 50
1756349929841 0.004248143775013285 51
1756349929918 0.0041990037406214676 52
1756349929995 0.004149170140383464 53
1756349930072 0.004098666366388716 54
1756349930149 0.004047516125308886 55
1756349930226 0.003995743427269847 56
1756349930303 0.003943372574581234 57
1756349930380 0.003890428150328847 58
1756350138433 0.000789443184962195 1
1756350138535 0.00157888636992439 2
1756350138632 0.0023683295548865848 3
1756350138730 0.00315777273984878 4
1756350138828 0.003947215924810975 5
1756350138926 0.003947215924810975 6
1756350139024 0.0039467528324624536 7
1756350139122 0.003945363772794273 8
1756350139219 0.003943049397836547 9
1756350139317 0.003939810793966052 10
1756350139414 0.00393564948139628 11
1756350139512 0.0039305674134638416 12
1756350139610 0.003924566975711566 13
1756350139708 0.003917650984768714 14
1756350139806 0.00390982268702884 15
1756350139904 0.0039010857571259313 16
1756350140003 0.0038914442962095057 17
1756350140101 0.0038809028300195274 18
1756350140199 0.0038694663067620027 19
1756350140298 0.003857140094786272 20
1756350140396 0.0038439299800650853 21
1756350140495 0.003829842163478645 22
1756350140594 0.0038148832579038873 23
1756350140695 0.0037990602851103723 24
1756350140799 0.0037823806724642355 25
1756350140898 0.0037648522494417545 26
1756350140997 0.0037464832439541625 27
1756350141096 0.003727282278485432 28
1756350141195 0.003707258366044848 29
1756350141294 0.0036864209059362654 30
1756350141393 0.003664779679346039 31
1756350141492 0.0036423448447516957 32
1756350141591 0.0036191269331535022 33
1756350141690 0.003595136843131178 34
1756350141789 0.0035703858357280516 35
1756350141889 0.003544885529165088 36
1756350141988 0.003518647893387246 37
1756350142087 0.0034916852444447405 38
1756350142186 0.0034640102387118385 39
1756350142285 0.0034356358669459085 40
1756350142384 0.0034065754481895057 41
1756350142484 0.003376842623518362 42
1756350142583 0.0033464513496382093 43
1756350142683 0.0033154158923334493 44
1756350142782 0.0032837508197707354 45
1756350142881 0.003251470995660618 46
1756350142983 0.0032185915722804607 47
1756350143082 0.003185127983361899 48
1756350143181 0.0031510959368461905 49
1756350143280 0.0031165114075108386 50
1756350143380 0.003081390629470973 51
1756350143479 0.0030457500885589903 52
1756350143579 0.0030096065145860398 53
1756350143678 0.0029729768734889817 54
1756350143778 0.002935878359366512 55
1756350143876 0.002898328386408182 56
1756350143975 0.002860344580720111 57
1756350144075 0.002821944772051218 58
1756350144174 0.002783146985423874 59
1756350144275 0.0027439694326728773 60
1756350144644 0.002704430503896752 61
1756350144744 0.002664548758825359 62
1756350144843 0.002624342918107888 63
1756350144943 0.002583831854525308 64
1756350145043 0.0025430345841314125 65
1756350145142 0.002501970257326604 66
1756350145243 0.002460658149868625 67
1756350145343 0.002419117653824436 68
1756350145443 0.002377368268467508 69
1756350145565 0.0023354295911247815 70
1756350145665 0.002293321307977605 71
1756350145766 0.002251063184820964 72
1756350145866 0.0022086750577853384 73
1756350145966 0.002166176824025546 74
1756350146066 0.002123588432380933 75
1756350146166 0.0020809298740113178 76
1756350146267 0.0020382211730130564 77
1756350146378 0.0019954823770196527 78
1756350146479 0.0019527335477913222 79
1756350146580 0.0019099947517979188 80
1756350146681 0.0018672860507996571 81
1756350146782 0.001824627492430042 82
1756350146883 0.0017820391007854297 83
1756350146983 0.0017395408670256363 84
1756350147084 0.001697152739990011 85
1756350147185 0.00165489461683337 86
1756350147285 0.001612786333686193 87
1756350147385 0.0015708476563434668 88
1756350147485 0.0015290982709865385 89
1756350147586 0.0014875577749423503 90
1756350147687 0.0014462456674843712 91
1756350147789 0.0014051813406795628 92
1756350147889 0.001364384070285667 93
1756350147990 0.001323873006703087 94
1756350148090 0.001283667165985616 95
1756350148191 0.0012437854209142228 96
1756350275189 0.0006173383074484143 1
1756350275304 0.0012346766148968286 2
1756350275416 0.001852014922345243 3
1756350275779 0.0024693532297936573 4
1756350275891 0.0030866915372420715 5
1756350276004 0.0030866915372420715 6
1756350276117 0.003086329428283003 7
1756350276229 0.0030852432713811767 8
1756350276342 0.0030834335763829483 9
1756350276455 0.0030809011927663207 10
1756350276568 0.0030776473092422 11
1756350276680 0.0030736734531964073 12
1756350276794 0.0030689814899727197 13
1756350276907 0.003063573621997268 14
1756350277019 0.0030574523877447113 15
1756350277132 0.0030506206605466673 16
1756350277245 0.0030430816472429567 17
1756350277358 0.0030348388866763016 18
1756350277471 0.003025896248031178 19
1756350277584 0.0030162579290176064 20
1756350277697 0.0030059284539007284 21
1756350277811 0.0029949126713771 22
1756350277924 0.002983215752298694 23
1756350278037 0.0029708431872456803 24
1756350278151 0.0029578007839491283 25
1756350278264 0.002944094664564833 26
1756350278377 0.0029297312627995504 27
1756350278491 0.002914717320890992 28
1756350278604 0.0028990598864429905 29
1756350278717 0.002882766309117327 30
1756350278830 0.0028658442371837702 31
1756350278943 0.0028483016139299482 32
1756350279057 0.0028301466739327377 33
1756350279170 0.002811387939192923 34
1756350279284 0.0027920342151349317 35
1756350279397 0.0027720945864735365 36
1756350279511 0.002751578412949452 37
1756350279625 0.0027304953249358372 38
1756350279738 0.002708855218917758 39
1756350279852 0.0026866682528467406 40
1756350279966 0.0026639448413725854 41
1756350280080 0.002640695650954693 42
1756350280194 0.002616931594855182 43
1756350280309 0.002592663828016163 44
1756350280423 0.002567903741823565 45
1756350280537 0.0025426629587599714 46
1756350280651 0.002516953326948983 47
1756350280765 0.0024907869145936582 48
1756350280878 0.0024641760043116563 49
1756350280992 0.0024371330873697236 50
1756350281107 0.002409670857820244 51
1756350281220 0.002381802206542602 52
1756350281334 0.002353540215192152 53
1756350281448 0.0023248981500596363 54
1756350281562 0.0022958894558439383 55
1756350281676 0.0022665277493410844 56
1756350281790 0.0022368268130524695 57
1756350281904 0.002206800588715292 58
1756350282018 0.0021764631707582513 59
1756350282132 0.0021458287996855645 60
1756350282246 0.0021149118553924185 61
1756350282360 0.0020837268504149886 62
1756350282474 0.002052288423118199 63
1756350397246 0.0009038511400050941 1
1756350397371 0.0018077022800101882 2
1756350397494 0.0027115534200152823 3
1756350397617 0.0036154045600203764 4
1756350397740 0.0045192557000254705 5
1756350397864 0.0045192557000254705 6
1756350397988 0.004518725478242575 7
1756350398362 0.004517135061782094 8
1756350398487 0.004514485197191817 9
1756350398611 0.004510777128328685 10
1756350398735 0.004506012595774917 11
1756350398859 0.004500193836020975 12
1756350398983 0.004493323580415748 13
1756350399106 0.004485405053884445 14
1756350399230 0.004476441973414799 15
1756350399354 0.004466438546312306 16
1756350399477 0.004455399468225291 17
1756350399600 0.004443329920940754 18
1756350399723 0.004430235569952026 19
1756350399847 0.0044161225617993525 20
1756350399971 0.00440099752118469 21
1756350400096 0.004384867547862045 22
1756350400219 0.004367740213304819 23
1756350400343 0.00434962355715173 24
1756350400468 0.004330526083432971 25
1756350400592 0.004310456756578391 26
1756350400717 0.00428942499720955 27
1756350400840 0.004267440677717646 28
1756350400964 0.004244514117629372 29
1756350401087 0.0042206560787628935 30
1756350401211 0.004195877760176205 31
1756350401335 0.004170190792910247 32
1756350401459 0.004143607234529252 33
1756350401583 0.0041161395634608765 34
1756350401707 0.0040878006731387756 35
1756350401831 0.004058603865950373 36
1756350401954 0.0040285628469926725 37
1756350402078 0.003997691717639026 38
1756350402202 0.0039660049689198935 39
1756350402326 0.003933517474720702 40
1756350402451 0.003900244484799976 41
1756350402574 0.0038662016176310467 42
1756350402698 0.003831404853070676 43
1756350402822 0.0037958705248580487 44
1756350402946 0.0037596153129476526 45
1756350403070 0.003722656235679638 46
1756350403366 0.003685010641791345 47
1756350403491 0.0036466962022737356 48
1756350403616 0.0036077309020765605 49
1756350403740 0.0035681330316661526 50
1756350403864 0.003527921178439811 51
1756350403988 0.0034871142180007996 52
1756350404111 0.0034457313052980694 53
1756350404236 0.003403791865634844 54
1756350404361 0.003361315585550309 55
1756350404485 0.00331832240357867 56
1756350404610 0.0032748325008899294 57
1756350404735 0.0032308662918167598 58
1756350404860 0.0031864444142719398 59
1756350404985 0.003141587720060835 60
1756350405109 0.003096317265093476 61
1756350405235 0.0030506542995008333 62
1756350405359 0.003004620257659919 63
1756350405483 0.002958236748132408 64
1756350405608 0.0029115255435214924 65
1756350405733 0.002864508570251734 66
1756350405857 0.0028172078982767147 67
1756350405983 0.0027696457307193148 68
1756350406108 0.0027218443934494754 69
1756350558754 0.0006733566495955247 1
1756350558891 0.0013467132991910494 2
1756350559027 0.002020069948786574 3
1756350559162 0.0026934265983820987 4
1756350559299 0.0033667832479776236 5
1756350559435 0.003366783247977623 6
1756350559572 0.0033663882699787964 7
1756350559707 0.0033652035213865544 8
1756350559842 0.0033632295583265817 9
1756350559977 0.003360467307384961 10
1756350560113 0.0033569180651732314 11
1756350560249 0.003352583497719753 12
1756350560384 0.0033474656396876665 13
1756350560520 0.0033415668934198145 14
1756350560655 0.003334890027811071 15
1756350560790 0.003327438177008615 16
1756350560925 0.003319214838940744 17
1756350561061 0.003310223873674937 18
1756350561440 0.0033004695016059207 19
1756350561578 0.0032899563014746015 20
1756350561715 0.003278689208218785 21
1756350561851 0.003266673510656698 22
1756350561989 0.0032539148490043934 23
1756350562127 0.0032404192122282155 24
1756350562263 0.003226192935233549 25
1756350562401 0.003211242695891196 26
1756350562537 0.0031955755119027506 27
1756350562673 0.003179198737506467 28
1756350562810 0.003162120060025149 29
1756350562947 0.0031443474962576886 30
1756350563084 0.003125889388715953 31
1756350563221 0.0031067544017087715 32
1756350563358 0.0030869515172748776 33
1756350563498 0.0030664900309667043 34
1756350563637 0.003045379547487014 35
1756350563775 0.003023629976180414 36
1756350563914 0.0030012515263818694 37
1756350564051 0.0029782547026244027 38
1756350564189 0.0029546502997082223 39
1756350564328 0.0029304493976336026 40
1756350564466 0.0029056633563998855 41
1756350564604 0.0028803038106730546 42
1756350564741 0.0028543826643243745 43
1756350564878 0.0028279120848426677 44
1756350565016 0.002800904497622847 45
1756350565154 0.002773372580133385 46
1756350565292 0.002745329255965461 47
1756350565429 0.002716787688766576 48
1756350565736 0.0026877612760614843 49
1756350565875 0.0026582636429633424 50
1756350566013 0.002628308635778027 51
1756350566151 0.0025979103155046226 52
1756350566288 0.002567082951235136 53
1756350566427 0.002535841013456524 54
1756350566566 0.002504199167258194 55
1756350566703 0.0024721722654481486 56
1756350566841 0.0024397753415810208 57
1756350566981 0.002407023602901264 58
1756350567120 0.0023739324232048106 59
1756350567259 0.0023405173356225517 60
1756350567397 0.0023067940253290236 61
1756350567535 0.002272778322179724 62
1756350567673 0.002238486193280517 63
1756350567812 0.0022039337354926086 64
1756350567950 0.002169137167876617 65
1756350568088 0.002134112824079281 66
1756350568225 0.0020988771446663816 67
1756350568363 0.002063446669405475 68
1756350568501 0.0020278380295020615 69
1756350568640 0.001992067939792829 70
1756350568778 0.0019561531908996463 71
1756350568916 0.001920110641347974 72
1756350569054 0.0018839572096534098 73
1756350569193 0.001847709866380069 74
1756350569331 0.0018113856261745324 75
1756350569470 0.0017750015397791066 76
1756350569608 0.0017385746860281378 77
1756350569747 0.0017021221638311367 78
1756350569886 0.0016656610841464864 79
1756350570025 0.0016292085619494853 80
1756350570163 0.0015927817081985165 81
1756350570465 0.001556397621803091 82
1756350570605 0.0015200733815975546 83
1756350570744 0.0014838260383242133 84
1756350570884 0.0014476726066296492 85
1756350571023 0.001411630057077977 86
1756350571162 0.0013757153081847937 87
1756350571300 0.0013399452184755622 88
1756350571438 0.0013043365785721482 89
1756350571577 0.0012689061033112421 90
1756350571715 0.0012336704238983427 91
1756350571854 0.0011986460801010064 92
1756350571992 0.001163849512485015 93
1756350572131 0.0011292970546971062 94
1756350572271 0.0010950049257978994 95
1756350572410 0.0010609892226485999 96
1756350572548 0.0010272659123550716 97
1756350572687 0.0009938508247728127 98
1756350572826 0.0009607596450763597 99
1756350572964 0.0009280079063966032 100
1756350573103 0.000895610982529475 101
1756350573241 0.0008635840807194294 102
1756350573380 0.0008319422345210991 103
1756350573519 0.0008007002967424877 104
1756350573657 0.0007698729324730006 105
1756350573796 0.0007394746121995967 106
1756350573938 0.0007095196050142812 107
1756350574077 0.0006800219719161396 108
1756350574216 0.0006509955592110477 109
1756350574356 0.0006224539920121628 110
1756350574496 0.0005944106678442385 111
1756350574792 0.0005668787503547765 112
1756350574932 0.0005398711631349552 113
1756350575073 0.0005134005836532487 114
1756350575212 0.000487479437304569 115
1756350575352 0.00046211989157773816 116
1756350575492 0.000437333850344021 117
1756350575633 0.00041313294826940096 118
1756350575773 0.0003895285453532203 119
1756350575914 0.00036653172159575376 120
1756350576054 0.00034415327179720907 121
1756350576193 0.0003224037004906092 122
1756350576333 0.0003012932170109192 123
1756350576472 0.0002808317307027461 124
1756350576613 0.00026102884626885193 125
1756350576752 0.0002418938592616704 126
1756350576891 0.00022343575171993423 127
1756350577031 0.00020566318795247457 128
1756350577171 0.00018858451047115615 129
1756350577311 0.00017220773607487291 130
1756350577450 0.00015654055208642772 131
1756350577590 0.00014159031274407392 132
1756350577729 0.00012736403574940776 133
1756350714733 0.001057190024256256 1
1756350714886 0.002114380048512512 2
1756350715037 0.003171570072768768 3
1756350715187 0.004228760097025024 4
1756350715337 0.00528595012128128 5
1756350715488 0.00528595012128128 6
1756350715637 0.005285329927148441 7
1756350715788 0.00528346963587151 8
1756350715939 0.005280370120678582 9
1756350716090 0.005276032836494373 10
1756350716241 0.005270459819257269 11
1756350716391 0.005263653684963646 12
1756350716543 0.0052556176284399144 13
1756350716694 0.005246355421842854 14
1756350716846 0.0052358714128889474 15
1756350716996 0.005224170522813547 16
1756350717147 0.005211258244060824 17
1756350717298 0.005197140637705598 18
1756350717450 0.005181824330608239 19
1756350717601 0.005165316512304 20
1756350717752 0.005147624931628211 21
1756350717905 0.005128757893078956 22
1756350718305 0.005108724252918898 23
1756350718457 0.005087533415018126 24
1756350718608 0.005065195326439926 25
1756350718760 0.005041720472771607 26
1756350718912 0.005017119873202511 27
1756350719063 0.004991405075351568 28
1756350719214 0.004964588149846798 29
1756350719364 0.00493668168465931 30
1756350719515 0.004907698779194458 31
1756350719666 0.004877653038142926 32
1756350719817 0.004846558565094636 33
1756350719969 0.004814429955918465 34
1756350720120 0.004781282291910888 35
1756350720271 0.004747131132716754 36
1756350720422 0.004711992509025533 37
1756350720574 0.004675882915046438 38
1756350720726 0.004638819300765989 39
1756350720878 0.004600819063991613 40
1756350721030 0.004561900042185047 41
1756350721181 0.004522080504089365 42
1756350721332 0.004481379141153556 43
1756350721484 0.00443981505875868 44
1756350721636 0.004397407767249737 45
1756350721787 0.004354177172777419 46
1756350721939 0.0043101435679540985 47
1756350722090 0.0042653276223283835 48
1756350722406 0.00421975037268276 49
1756350722558 0.004173433213158835 50
1756350722710 0.0041263978852148445 51
1756350722862 0.0040786664674201285 52
1756350723013 0.004030261365091362 53
1756350723166 0.0039812052997754074 54
1756350723318 0.003931521298583736 55
1756350723469 0.003881232683383406 56
1756350723622 0.003830363059849688 57
1756350723773 0.0037789363063854657 58
1756350723925 0.003726976562912622 59
1756350724077 0.003674508219540661 60
1756350724228 0.003621555905117896 61
1756350724380 0.003568144475670567 62
1756350724533 0.0035142990027353283 63
1756350724684 0.0034600447615905677 64
1756350724836 0.0034054072193920905 65
1756350724989 0.0033504120232187335 66
1756350725140 0.003295084988033528 67
1756350725292 0.003239452084566054 68
1756350725444 0.0031835394271216735 69
1756350725596 0.0031273732613233745 70
1756350725747 0.0030709799517919718 71
1756350725898 0.003014385969770446 72
1756350726050 0.002957617880698243 73
1756350726202 0.0029007023317413486 74
1756350726354 0.0028436660392839987 75
1756350726506 0.00278653577638791 76
1756350726657 0.0027293383602248955 77
1756350726809 0.0026721006394887768 78
1756350727125 0.002614849481792504 79
1756350727278 0.0025576117610563854 80
1756350727430 0.002500414344893371 81
1756350727584 0.0024432840819972827 82
1756350727737 0.002386247789539933 83
1756350727890 0.0023293322405830374 84
1756350728043 0.0022725641515108346 85
1756350728196 0.0022159701694893096 86
1756350728348 0.002159576859957906 87
1756350728504 0.002103410694159608 88
1756350728656 0.002047498036715227 89
1756350728810 0.001991865133247753 90
1756350728963 0.0019365380980625481 91
1756350729115 0.0018815429018891904 92
1756350729268 0.0018269053596907127 93
1756350729421 0.0017726511185459522 94
1756350729573 0.0017188056456107139 95
1756350729726 0.0016653942161633849 96
1756350729879 0.0016124419017406193 97
1756350730033 0.0015599735583686583 98
1756350730186 0.0015080138148958152 99
1756350730339 0.0014565870614315936 100
1756350730493 0.0014057174378978748 101
1756350730646 0.0013554288226975447 102
1756350730800 0.0013057448215058726 103
1756350730953 0.0012566887561899186 104
1756350731266 0.001208283653861151 105
1756350731419 0.001160552236066436 106
1756350731573 0.001113516908122446 107
1756350731726 0.0010671997485985213 108
1756350731880 0.0010216224989528968 109
1756350732032 0.0009768065533271829 110
1756350732186 0.0009327729485038616 111
1756350732338 0.0008895423540315446 112
1756350732490 0.0008471350625226001 113
1756350732643 0.0008055709801277254 114
1756350959559 0.0019820099960459643 1
1756350959733 0.003964019992091929 2
1756350959906 0.005946029988137893 3
1756350960077 0.007928039984183857 4
1756350960249 0.009910049980229822 5
1756350960421 0.009910049980229822 6
1756350960592 0.009908887143397173 7
1756350960765 0.009905399178739439 8
1756350960936 0.009899587723521059 9
1756350961108 0.00989145550566214 10
1756350961280 0.009881006342457971 11
1756350961452 0.009868245138787176 12
1756350961624 0.009853177884809328 13
1756350961797 0.009835811653153156 14
1756350961969 0.009816154595596621 15
1756350962391 0.009794215939240446 16
1756350962564 0.009770005982176866 17
1756350962736 0.009743536088655668 18
1756350962908 0.009714818683749777 19
1756350963080 0.009683867247522862 20
1756350963253 0.009650696308701748 21
1756350963425 0.009615321437856577 22
1756350963597 0.009577759240091915 23
1756350963770 0.009538027347252252 24
1756350963942 0.009496144409645546 25
1756350964115 0.009452130087288695 26
1756350964287 0.009406005040679042 27
1756350964460 0.009357790921096258 28
1756350964632 0.009307510360439152 29
1756350964805 0.00925518696060216 30
1756350964977 0.009200845282396525 31
1756350965319 0.009144510834021355 32
1756350965493 0.00908621005908997 33
1756350965666 0.009025970324217172 34
1756350965838 0.008963819906173242 35
1756350966014 0.008899787978610714 36
1756350966187 0.008833904598370147 37
1756350966360 0.008766200691371323 38
1756350966534 0.0086967080380965 39
1756350966707 0.00862545925867253 40
1756350966879 0.00855248779755883 41
1756350967052 0.00847782790784844 42
1756350967226 0.008401514635189466 43
1756350967400 0.008323583801334529 44
1756350967572 0.00824407198732588 45
1756350967745 0.008163016516324124 46
1756350968090 0.008080455436088575 47
1756350968263 0.007996427501117488 48
1756350968436 0.007910972154456544 49
1756350968609 0.007824129509184125 50
1756350968781 0.007735940329582086 51
1756350968954 0.007646446012000824 52
1756350969127 0.007555688565427686 53
1756350969300 0.007463710591767763 54
1756350969473 0.007370555265846407 55
1756350969646 0.00727626631514278 56
1756350969820 0.007180887999264015 57
1756350969993 0.007084465089169568 58
1756350970165 0.00698704284615557 59
1756350970337 0.006888667000608976 60
1756350970510 0.006789383730541553 61
1756350970683 0.006689239639913733 62
1756350971023 0.006588281736758531 63
1756350971196 0.006486557411115788 64
1756350971370 0.006384114412787097 65
1756350971543 0.006281000828921859 66
1756350971717 0.006177265061444981 67
1756350971890 0.006072955804336826 68
1756350972064 0.0059681220207760625 69
1756350972238 0.005862812920156152 70
1756350972411 0.005757077934986269 71
1756350972584 0.005650966697687484 72
1756350972757 0.005544529017295106 73
1756350972930 0.00543781485607813 74
1756350973103 0.0053308743060867395 75
1756350973276 0.00522375756563891 76
1756350973449 0.005116514915757115 77
1756350973789 0.005009196696566216 78
1756350973962 0.004901853283663608 79
1756350974137 0.004794535064472708 80
1756350974310 0.004687292414590914 81
1756350974485 0.004580175674143084 82
1756350974659 0.004473235124151695 83
1756350974833 0.004366520962934717 84
1756350975006 0.004260083282542339 85
1756350975180 0.004153972045243554 86
1756350975354 0.0040482370600736705 87
1756350975528 0.003942927959453762 88
1756350975701 0.003838094175892997 89
1756350975875 0.0037337849187848425 90
1756350976048 0.003630049151307966 91
1756350976224 0.0035269355674427266 92
1756350976399 0.0034244925691140357 93
1756350976755 0.0033227682434712924 94
1756350976931 0.0032218103403160903 95
1756350977105 0.00312166624968827 96
1756350977279 0.0030223829796208472 97
1756350977452 0.002924007134074253 98
1756350977626 0.002826584891060255 99
1756350977800 0.002730161980965811 100
1756350977975 0.002634783665087043 101
1756350978149 0.0025404947143834165 102
1756350978323 0.002447339388462059 103
1756350978497 0.0023553614148021378 104
1756350978672 0.002264603968228998 105
1756350978846 0.002175109650647738 106
1756350979020 0.0020869204710456985 107
1756351202662 0.0010219450043279278 1
1756351202855 0.0020438900086558556 2
1756351203045 0.003065835012983783 3
1756351203235 0.004087780017311711 4
1756351203424 0.005109725021639639 5
1756351203614 0.005109725021639639 6
1756351203806 0.005109125507696839 7
1756351203998 0.005107327247282662 8
1756351204190 0.005104331084507672 9
1756351204380 0.0051001384257825496 10
1756351204848 0.0050947512391579155 11
1756351205039 0.005088172053400521 12
1756351205230 0.005080403956806236 13
1756351205421 0.005071450595750384 14
1756351205611 0.005061316172976128 15
1756351205802 0.005050005445621683 16
1756351205993 0.005037523722987294 17
1756351206183 0.005023876864043028 18
1756351206373 0.005009071274678559 19
1756351206564 0.004993113904696209 20
1756351206753 0.004976012244548687 21
1756351206945 0.00495777432182304 22
1756351207135 0.004938408697472475 23
1756351207327 0.004917924461797808 24
1756351207517 0.004896331230180443 25
1756351207882 0.004873639138568877 26
1756351208074 0.004849858838720841 27
1756351208266 0.004825001493203327 28
1756351208456 0.00479907877015283 29
1756351208646 0.004772102837798284 30
1756351208836 0.004744086358749243 31
1756351209026 0.004715042484052002 32
1756351209216 0.004684984847016443 33
1756351209406 0.004653927556816514 34
1756351209597 0.004621885191867314 35
1756351209788 0.004588872792981935 36
1756351209979 0.004554905856311243 37
1756351210171 0.004520000326069924 38
1756351210362 0.004484172587052205 39
1756351210553 0.0044474394569407666 40
1756351210744 0.004409818178412458 41
1756351211105 0.004371326411044514 42
1756351211297 0.0043319822230250835 43
1756351211489 0.004291804082671942 44
1756351211680 0.004250810849763401 45
1756351211871 0.004209021766685444 46
1756351212063 0.004166456449399279 47
1756351212254 0.004123134878233528 48
1756351212445 0.004079077388505383 49
1756351212637 0.004034304660975121 50
1756351212828 0.00398883771213848 51
1756351213020 0.003942697884361434 52
1756351213210 0.0038959068358619935 53
1756351213401 0.0038484865305437573 54
1756351213593 0.003800459227685972 55
1756351213785 0.0037518474714949316 56
1756351214147 0.003702674080521643 57
1756351214340 0.0036529621369507034 58
1756351214533 0.003602734975765436 59
1756351214725 0.003552016173794353 60
1756351214917 0.0035008295386441 61
1756351215109 0.0034491990975240696 62
1756351215300 0.0033971490859679375 63
1756351215492 0.0033447039364574043 64
1756351215682 0.0032918882669534916 65
1756351215873 0.003238726869340775 66
1756351216063 0.0031852446977899736 67
1756351216254 0.0031314668570443654 68
1756351216445 0.0030774185906355194 69
1756351216636 0.0030231252690338835 70
1756351216826 0.0029686123777397833 71
1756351217017 0.002913905505320428 72
1756351217370 0.002859030331398537 73
1756351217561 0.002804012614598222 74
1756351217752 0.0027488781804537845 75
1756351217943 0.0026936529092871113 76
1756351218135 0.0026383627240593494 77
1756351218325 0.0025830335782025594 78
1756351218516 0.00252769144343708 79
1756351218708 0.0024723622975802904 80
1756351218900 0.0024170721123525276 81
1756351219090 0.0023618468411858553 82
1756351219282 0.0023067124070414178 83
1756351219473 0.002251694690241102 84
1756351219664 0.002196819516319211 85
1756351219855 0.002142112643899856 86
1756351220046 0.0020875997526057554 87
1756351220238 0.00203330643100412 88
1756351220594 0.001979258164595274 89
1756351220787 0.0019254803238496654 90
1756351220980 0.0018719981522988646 91
1756351221173 0.0018188367546861474 92
1756351221366 0.0017660210851822347 93
1756351221558 0.001713575935671701 94
1756351221751 0.0016615259241155693 95
1756351221944 0.001609895482995539 96
1756351222137 0.0015587088478452855 97
1756351222329 0.0015079900458742025 98
1756351222522 0.0014577628846889356 99
1756351222714 0.0014080509411179968 100
1756351384912 0.0011730658690639266 1
1756351385117 0.002346131738127853 2
1756351385321 0.00351919760719178 3
1756351385524 0.004692263476255706 4
1756351385727 0.005865329345319633 5
1756351385929 0.005865329345319633 6
1756351386131 0.005864641160460829 7
1756351386590 0.005862576928921117 8
1756351386793 0.005859137619658962 9
1756351386997 0.005854324847099761 10
1756351387199 0.005848140870378028 11
1756351387402 0.005840588592276943 12
1756351387604 0.005831671557865776 13
1756351387806 0.005821393952835819 14
1756351388010 0.005809760601535602 15
1756351388213 0.0057967769647063305 16
1756351388417 0.005782449136918586 17
1756351388620 0.005766783843711514 18
1756351388822 0.005749788438435826 19
1756351389026 0.005731470898802115 20
1756351389230 0.005711839823136076 21
1756351389433 0.005690904426342425 22
1756351389803 0.005668674535579385 23
1756351390006 0.005645160585645779 24
1756351390210 0.00562037361408289 25
1756351390412 0.005594325255993404 26
1756351390615 0.0055670277385798375 27
1756351390819 0.005538493875405044 28
1756351391021 0.00550873706037748 29
1756351391224 0.005477771261464045 30
1756351391427 0.00544561101413347 31
1756351391630 0.005412271414533303 32
1756351391833 0.005377768112403721 33
1756351392036 0.005342117303731482 34
1756351392239 0.0053053357231474625 35
1756351392443 0.005267440636071355 36
1756351392646 0.005228449830607212 37
1756351392850 0.0051883816091936414 38
1756351393220 0.0051472547800125645 39
1756351393425 0.0051050886481605875 40
1756351393629 0.005061903006587106 41
1756351393833 0.005017718126803422 42
1756351394036 0.004972554749367211 43
1756351394240 0.004926434074146826 44
1756351394443 0.004879377750369993 45
1756351394647 0.004831407866461579 46
1756351394851 0.0047825469396751965 47
1756351395056 0.004732817905523516 48
1756351395259 0.004682244107012246 49
1756351395463 0.004630849283682834 50
1756351395667 0.0045786575604690296 51
1756351395872 0.0045256934363725465 52
1756351396075 0.004471981772963136 53
1756351396278 0.0044175477827084605 54
1756351396646 0.004362417017139272 55
1756351396850 0.004306615354855412 56
1756351397055 0.004250168989378301 57
1756351397259 0.004193104416855591 58
1756351397464 0.004135448423623776 59
1756351397668 0.004077228073634569 60
1756351397873 0.004018470695750985 61
1756351398078 0.00395920387091906 62
1756351398282 0.003899455419221246 63
1756351398486 0.0038392533868175545 64
1756351398690 0.00377862603278058 65
1756351398894 0.0037176018158305746 66
1756351399098 0.003656209380976815 67
1756351399302 0.003594477546071522 68
1756351399505 0.003532435288282646 69
1756351399869 0.003470111730491868 70
1756351400075 0.003407536127624206 71
1756351400282 0.003344737852915634 72
1756351400488 0.003281746384125172 73
1756351400693 0.003218591289697909 74
1756351400898 0.0031553022148854528 75
1756351401102 0.003091908867830337 76
1756351401307 0.003028441005620901 77
1756351401511 0.002964928420323189 78
1756351401715 0.0029014009249964446 79
1756351401920 0.002837888339698733 80
1756351402124 0.002774420477489296 81
1756351402329 0.002711027130434181 82
1756351402534 0.0026477380556217253 83
1756351402738 0.0025845829611944615 84
1756351402943 0.0025215914924039996 85
1756351403313 0.0024587932176954276 86
1756351403518 0.002396217614827765 87
1756351403723 0.002333894057036988 88
1756351403928 0.0022718517992481113 89
1756351404132 0.002210119964342819 90
1756351404337 0.00214872752948906 91
1756351404541 0.0020877033125390534 92
1756351404745 0.0020270759585020786 93
1756351404952 0.0019668739260983877 94
1756351405158 0.0019071254744005733 95
1756351405364 0.0018478586495686478 96
1756351405571 0.001789101271685064 97
1756351405777 0.001730880921695857 98
1756351405982 0.0016732249284640418 99
1756351586422 0.0010180517277634936 1
1756351586641 0.0020361034555269873 2
1756351586857 0.0030541551832904807 3
1756351587075 0.0040722069110539745 4
1756351587289 0.005090258638817468 5
1756351587507 0.005090258638817468 6
1756351587967 0.005089661409273979 7
1756351588184 0.005087870000985428 8
1756351588400 0.005084885254845964 9
1756351588616 0.005080708571907254 10
1756351588832 0.005075341912720821 11
1756351589048 0.005068787796417756 12
1756351589264 0.005061049299526227 13
1756351589480 0.005052130054527341 14
1756351589695 0.005042034248150047 15
1756351589910 0.005030766619405871 16
1756351590125 0.0050183324573643984 17
1756351590341 0.005004737598670568 18
1756351590557 0.004989988424804928 19
1756351590772 0.004974091859088143 20
1756351590989 0.004957055363431157 21
1756351591361 0.004938886934832549 22
1756351591578 0.004919595101624706 23
1756351591795 0.004899188919470589 24
1756351592012 0.004877677967112971 25
1756351592228 0.004855072341878138 26
1756351592447 0.004831382654936161 27
1756351592665 0.004806620026319975 28
1756351592882 0.004780796079705587 29
1756351593099 0.004753922936955878 30
1756351593316 0.004726013212430556 31
1756351593533 0.004697080007064919 32
1756351593749 0.004667136902220228 33
1756351593965 0.004636197953308563 34
1756351594182 0.004604277683195156 35
1756351594397 0.004571391075381299 36
1756351594614 0.00453755356697103 37
1756351595023 0.0045027810414248965 38
1756351595240 0.004467089821104194 39
1756351595456 0.004430496659609186 40
1756351595674 0.0043930187339149 41
1756351595892 0.004354673636308181 42
1756351596109 0.004315479366129809 43
1756351596326 0.004275454321325535 44
1756351596544 0.00423461728981001 45
1756351596762 0.004192987440647665 46
1756351596979 0.004150584315054678 47
1756351597196 0.004107427817226247 48
1756351597416 0.004063538204993484 49
1756351597635 0.004018936080314306 50
1756351597854 0.003973642379602798 51
1756351598070 0.003927678363901573 52
1756351598474 0.0038810656089017597 53
1756351598691 0.003833825994815281 54
1756351598908 0.0037859816961042024 55
1756351599126 0.0037375551710719475 56
1756351599343 0.003688569151321282 57
1756351599561 0.003639046631084009 58
1756351599779 0.0035890108564273888 59
1756351599996 0.0035384853143423374 60
1756351600213 0.003487493721718545 61
1756351600431 0.0034360600142116695 62
1756351600648 0.003384208335007848 63
1756351600866 0.003331963023490789 64
1756351601083 0.0032793486038167692 65
1756351601301 0.003226389773402895 66
1756351601519 0.0031731113913340404 67
1756351601737 0.003119538466693893 68
1756351602136 0.0030656961468255896 69
1756351602355 0.0030116097055274556 70
1756351602573 0.0029573045311893824 71
1756351602791 0.002902806114875417 72
1756351603009 0.0028481400383581564 73
1756351603226 0.0027933319621105627 74
1756351603444 0.00273840761326083 75
1756351603661 0.0026833927735159767 76
1756351603879 0.002628313267059805 77
1756351604096 0.0025731949484309262 78
1756351604315 0.0025180636903865423 79
1756351604533 0.0024629453717576635 80
1756351604750 0.0024078658653014914 81
1756351604968 0.0023528510255566384 82
1756351605187 0.0022979266767069063 83
1756351605404 0.0022431186004593117 84
1756351776975 0.0010002789327297323 1
1756351777205 0.0020005578654594645 2
1756351777432 0.003000836798189197 3
1756351777660 0.004001115730918929 4
1756351777886 0.005001394663648661 5
1756351778113 0.005001394663648661 6
1756351778341 0.005000807862380702 7
1756351778569 0.0049990477340236626 8
1756351778795 0.004996115104788771 9
1756351779021 0.004992011351263811 10
1756351779248 0.004986738399766951 11
1756351779478 0.004980298725442521 12
1756351779952 0.00497269535109917 13
1756351780181 0.004963931845790945 14
1756351780408 0.004954012323141968 15
1756351780634 0.004942941439415484 16
1756351780860 0.004930724391328188 17
1756351781088 0.004917366913610867 18
1756351781316 0.0049028752763164984 19
1756351781545 0.00488725628187706 20
1756351781773 0.004870517261910439 21
1756351782001 0.004852666073778946 22
1756351782229 0.004833711096901033 23
1756351782454 0.004813661228817968 24
1756351782683 0.004792525881017286 25
1756351782911 0.004770314974515005 26
1756351783141 0.004747038935198659 27
1756351783370 0.004722708688933349 28
1756351783759 0.004697335656433091 29
1756351783987 0.004670931747899895 30
1756351784216 0.004643509357433067 31
1756351784446 0.004615081357211369 32
1756351784673 0.004585661091450764 33
1756351784900 0.004555262370140594 34
1756351785128 0.004523899462561114 35
1756351785355 0.004491587090585432 36
1756351785584 0.004458340421769011 37
1756351785812 0.00442417506222995 38
1756351786039 0.004389107049323414 39
1756351786266 0.004353152844113638 40
1756351786493 0.004316329323647035 41
1756351786721 0.004278653773030045 42
1756351786951 0.004240143877315436 43
1756351787179 0.004200817713200873 44
1756351787569 0.004160693740543643 45
1756351787798 0.004119790793695522 46
1756351788026 0.004078128072661863 47
1756351788254 0.004035725134089027 48
1756351788484 0.0039926018820844265 49
1756351788713 0.003948778558873449 50
1756351788941 0.0039042757352976856 51
1756351789170 0.0038591143011588868 52
1756351789398 0.003813315455413215 53
1756351789625 0.0037669006962203636 54
1756351789855 0.003719891810852243 55
1756351790084 0.0036723108654659413 56
1756351790312 0.003624180194745789 57
1756351790540 0.0035755223914193633 58
1756351790769 0.00352636029565238 59
1756351791154 0.0034767169843274224 60
1756351791382 0.0034266157602115647 61
1756351791611 0.003376080141017959 62
1756351791840 0.0033251338483665295 63
1756351792069 0.0032738007966489485 64
1756351792298 0.0032221050818031275 65
1756351792527 0.0031700709700024855 66
1756351792758 0.003117722886265315 67
1756351792987 0.0030650854029895796 68
1756351793217 0.003012183228418533 69
1756351793449 0.002959041195042572 70
1756351793679 0.0029056842479427665 71
1756351793909 0.0028521374330815405 72
1756351794137 0.002798425885545997 73
1756351794365 0.0027445748177494116 74
1756351794753 0.0026906095075964194 75
1756351794983 0.0026365552866174733 76
1756351795212 0.0025824375280781194 77
1756351795442 0.0025282816350686863 78
1756351795671 0.0024741130285799756 79
1756351795900 0.0024199571355705426 80
1756351796130 0.0023658393770311886 81
1756351796360 0.0023117851560522425 82
1756351796589 0.0022578198458992507 83
1756351796821 0.0022039687781026645 84
1756351797051 0.0021502572305671214 85
1756351797281 0.0020967104157058954 86
1756351797511 0.0020433534686060896 87
1756351797742 0.001990211435230129 88
1756351797974 0.001937309260659082 89
1756351798370 0.0018846717773833468 90
1756351798601 0.0018323236936461768 91
1756351798833 0.0017802895818455344 92
1756351799064 0.001728593866999713 93
1756351799294 0.0016772608152821318 94
1756351799527 0.0016263145226307024 95
1756351799761 0.0015757789034370967 96
1756351799993 0.001525677679321239 97
1756351800226 0.0014760343679962814 98
1756351800458 0.0014268722722292984 99
1756351800690 0.0013782144689028738 100
1756351801105 0.0013300837981827204 101
1756351801337 0.001282502852796419 102
1756351801568 0.0012354939674282977 103
1756351801800 0.0011890792082354471 104
1756351802031 0.0011432803624897743 105
1756351802262 0.001098118928350976 106
1756351802493 0.0010536161047752124 107
1756351802724 0.001009792781564236 108
1756351802955 0.0009666695295596346 109
1756351803186 0.0009242665909867992 110
1756351803416 0.0008826038699531391 111
1756351803646 0.0008417009231050192 112
1756351803878 0.0008015769504477883 113
1756351804313 0.0007622507863332258 114
1756351804545 0.0007237408906186174 115
1756351804776 0.0006860653400016271 116
1756351805007 0.0006492418195350236 117
1756351805238 0.0006132876143252477 118
1756351805469 0.0005782196014187114 119
1756351805699 0.0005440542418796504 120
1756351805930 0.0005108075730632287 121
1756351806162 0.0004784952010875478 122
1756351806393 0.00044713229350806756 123
1756351806625 0.00041673357219789803 124
1756351806857 0.00038731330643729256 125
1756351981623 0.0010062910062092261 1
1756351982113 0.0020125820124184523 2
1756351982356 0.0030188730186276784 3
1756351982600 0.004025164024836905 4
1756351982843 0.005031455031046131 5
1756351983084 0.005031455031046131 6
1756351983328 0.005030864702164274 7
1756351983571 0.005029093992621421 8
1756351983813 0.005026143733595649 9
1756351984221 0.005022015309950235 10
1756351984462 0.005016710659583601 11
1756351984704 0.005010232272519651 12
1756351984946 0.0050025831897389465 13
1756351985188 0.004993767001751258 14
1756351985431 0.004983787846910166 15
1756351985672 0.004972650409470502 16
1756351985915 0.004960359917389537 17
1756351986157 0.004946922139872962 18
1756351986400 0.0049323433846667954 19
1756351986644 0.004916630495096511 20
1756351986885 0.004899790846854739 21
1756351987305 0.004881832344539105 22
1756351987549 0.004862763417941763 23
1756351987792 0.0048425930180924295 24
1756351988038 0.004821330613056729 25
1756351988281 0.00479898618349185 26
1756351988524 0.004775570217961582 27
1756351988767 0.004751093708012941 28
1756351989010 0.0047255681430167 29
1756351989254 0.004699005504774227 30
1756351989495 0.00467141826189318 31
1756351989740 0.004642819363934699 32
1756351990147 0.004613222235334821 33
1756351990392 0.004582640769103008 34
1756351990636 0.004551089320300702 35
1756351990880 0.004518582699303012 36
1756351991125 0.004485136164846659 37
1756351991372 0.004450765416867465 38
1756351991616 0.004415486589130746 39
1756351991859 0.004379316241658051 40
1756351992281 0.004342271352953828 41
1756351992525 0.004304369312035645 42
1756351992770 0.004265627910271717 43
1756351993015 0.004226065333029564 44
1756351993260 0.004185700151139732 45
1756351993504 0.004144551312178569 46
1756351993749 0.004102638131574157 47
1756351993996 0.004059980283539575 48
1756351994240 0.004016597791837745 49
1756351994649 0.003972511020382197 50
1756351994894 0.0039277406636781705 51
1756351995138 0.0038823077371085285 52
1756351995382 0.003836233567069056 53
1756351995626 0.0037895397809577605 54
1756351995871 0.003742248297022894 55
1756351996116 0.003694381314074432 56
1756351996359 0.0036459613010638692 57
1756351996604 0.003597010986537202 58
1756351996849 0.003547553347966062 59
1756351997092 0.003497611600961996 60
1756351997512 0.0034472091883789692 61
1756351997756 0.0033963697693091934 62
1756351998000 0.0033451172079774585 63
1756351998246 0.0032934755625391695 64
1756351998489 0.003241469073787353 65
1756351998734 0.003189122153773932 66
1756351998978 0.003136459374350612 67
1756351999221 0.0030835054556347607 68
1756351999464 0.00303028525440568 69
1756351999707 0.002976823752436741 70
1756351999950 0.0029231460447688377 71
1756352000361 0.0028692773279306743 72
1756352000606 0.0028152428881114194 73
1756352000849 0.002761068089291265 74
1756352001094 0.0027067783613354724 75
1756352001338 0.0026523991880574955 76
1756352001580 0.0025979560952567793 77
1756352001824 0.0025434746387368425 78
1756352002067 0.002488980392309289 79
1756352002311 0.002434498935789352 80
1756352002555 0.0023800558429886353 81
1756352002799 0.002325676669710659 82
1756352003213 0.0022713869417548666 83
1756352003457 0.002217212142934712 84
1756352154963 0.0010195341365100052 1
1756352155219 0.0020390682730200105 2
1756352155472 0.003058602409530016 3
1756352155726 0.004078136546040021 4
1756352156223 0.005097670682550026 5
1756352156478 0.005097670682550026 6
1756352156732 0.0050970725831958625 7
1756352156986 0.005095278565883577 8
1756352157240 0.005092289472732006 9
1756352157493 0.005088106706833321 10
1756352157748 0.0050827322315944124 11
1756352158001 0.005076168569815256 12
1756352158415 0.0050684188025047015 13
1756352158670 0.005059486567434238 14
1756352158922 0.0050493760574304054 15
1756352159175 0.0050380920184066695 16
1756352159428 0.005025639747135667 17
1756352159682 0.00501202508876288 18
1756352159935 0.004997254434062904 19
1756352160192 0.004981334716439593 20
1756352160445 0.004964273408671489 21
1756352160870 0.004946078519404072 22
1756352161123 0.004926758589390472 23
1756352161377 0.004906322687482404 24
1756352161631 0.004884780406373209 25
1756352161885 0.004862141858095015 26
1756352162139 0.0048384176692721 27
1756352162393 0.004813618976132717 28
1756352162648 0.004787757419281703 29
1756352162902 0.004760845138236335 30
1756352163314 0.00473289476572799 31
1756352163567 0.004703919421772293 32
1756352163821 0.004673932707510524 33
1756352164075 0.004642948698825197 34
1756352164329 0.00461098193973278 35
1756352164584 0.004578047435556677 36
1756352164837 0.004544160645883666 37
1756352165091 0.004509337477307117 38
1756352165345 0.004473594275960363 39
1756352165760 0.0044369478198437685 40
1756352166015 0.004399415310949066 41
1756352166268 0.004361014367184673 42
1756352166523 0.004321763014105776 43
1756352166778 0.0042816796764530655 44
1756352167033 0.004240783169504086 45
1756352167288 0.004199092690241275 46
1756352167543 0.004156627808340818 47
1756352167953 0.00411340845698657 48
1756352168208 0.0040694549235133345 49
1756352168462 0.004024787839883915 50
1756352168718 0.0039794281730043835 51
1756352168973 0.003933397214882134 52
1756352169228 0.003886716572631333 53
1756352169485 0.0038394081583304485 54
1756352169740 0.003791494178736639 55
1756352169994 0.0037429971248618098 56
1756352170402 0.003693939761415246 57
1756352170657 0.003644345116117764 58
1756352170911 0.0035942364688924125 59
1756352171165 0.003543637340936781 60
1756352171418 0.0034925714836820583 61
1756352171674 0.0034410628676440143 62
1756352171928 0.0033891356711711483 63
1756352172183 0.003336814269095274 64
1756352172439 0.003284123221289877 65
1756352172881 0.003231087261141613 66
1756352173135 0.003177731283940359 67
1756352173389 0.0031240803351932646 68
1756352173644 0.003070159598868293 69
1756352173899 0.0030159943855727635 70
1756352174154 0.0029616101206724563 71
1756352174409 0.0029070323323568416 72
1756352174663 0.0028522866396560485 73
1756352174921 0.002797398740415191 74
1756352175349 0.002742394399231693 75
1756352175606 0.00268729943536129 76
1756352175861 0.002632139710598368 77
1756352176116 0.0025769411171363285 78
1756352176372 0.0025217295654136984 79
1756352176629 0.002466530971951659 80
1756352176887 0.0024113712471887368 81
1756352177144 0.0023562762833183345 82
1756352177582 0.002301271942134837 83
1756352177838 0.002246384042893978 84
1756352178094 0.002191638350193185 85
1756352178349 0.0021370605618775706 86
1756352178605 0.002082676296977263 87
1756352178860 0.0020285110836817345 88
1756352179114 0.001974590347356762 89
1756352179370 0.0019209393986096678 90
1756352179624 0.0018675834214084144 91
1756352180048 0.00181454746126015 92
1756352180305 0.0017618564134547529 93
1756352180560 0.0017095350113788782 94
1756352180816 0.0016576078149060122 95
1756352181071 0.0016060991988679683 96
1756352181328 0.0015550333416132452 97
1756352181585 0.001504434213657614 98
1756352181843 0.0014543255664322629 99
1756352182101 0.0014047309211347816 100
1756352182529 0.0013556735576882167 101
1756352182786 0.001307176503813388 102
1756352183041 0.001259262524219578 103
1756352183297 0.0012119541099186938 104
1756352183553 0.0011652734676678921 105
1756352385206 0.0011470636455245327 1
1756352385476 0.0022941272910490655 2
1756352385742 0.003441190936573598 3
1756352386008 0.004588254582098131 4
1756352386275 0.0057353182276226634 5
1756352386542 0.0057353182276226634 6
1756352386808 0.00573464529969733 7
1756352387316 0.005732626831796367 8
1756352387583 0.005729263771396605 9
1756352387850 0.005724557697131923 10
1756352388116 0.005718510818052233 11
1756352388383 0.005711125972586537 12
1756352388649 0.005702406627210566 13
1756352388913 0.005692356874819591 14
1756352389182 0.005680981432807212 15
1756352389449 0.005668285640850994 16
1756352389866 0.005654275458405993 17
1756352390133 0.005638957461907372 18
1756352390399 0.0056223388416833915 19
1756352390667 0.005604427398580247 20
1756352390933 0.005585231540300314 21
1756352391201 0.005564760277455542 22
1756352391467 0.00554302321933784 23
1756352391733 0.005520030569408433 24
1756352391999 0.0054957931205083166 25
1756352392416 0.005470322249792061 26
1756352392683 0.00544362991338732 27
1756352392949 0.005415728640782585 28
1756352393215 0.005386631528945791 29
1756352393481 0.005356352236176547 30
1756352393747 0.0053249049756948766 31
1756352394015 0.005292304508969477 32
1756352394285 0.005258566138788624 33
1756352394552 0.005223705702076987 34
1756352394971 0.005187739562461713 35
1756352395239 0.005150684602591271 36
1756352395505 0.005112558216210676 37
1756352395770 0.005073378299996789 38
1756352396036 0.0050331632451575525 39
1756352396303 0.004991931928799082 40
1756352396571 0.004949703705064677 41
1756352396838 0.004906498396049911 42
1756352397105 0.004862336282498059 43
1756352397523 0.004817238094280238 44
1756352397789 0.004771225000664722 45
1756352398056 0.004724318600380007 46
1756352398325 0.004676540911476278 47
1756352398594 0.00462791436099005 48
1756352398862 0.004578461774416831 49
1756352399130 0.00452820636499674 50
1756352399397 0.0044771717228181225 51
1756352399665 0.004425381803744268 52
1756352400084 0.004372860918168437 53
1756352400350 0.00431963371960246 54
1756352400618 0.004265725193104284 55
1756352400885 0.00421116064354989 56
1756352401152 0.004155965683755079 57
1756352401420 0.004100166222452717 58
1756352401688 0.004043788452131076 59
1756352401957 0.003986858836738971 60
1756352402386 0.003929404099263482 61
1756352402656 0.003871451209186074 62
1756352402924 0.003813027369823018 63
1756352403193 0.0037541600055560473 64
1756352403460 0.003694876748959243 65
1756352403727 0.003635205427828191 66
1756352403995 0.003575174052117511 67
1756352404263 0.0035148108007928666 68
1756352404533 0.0034541440086036527 69
1756352404958 0.0033932021527825467 70
1756352405228 0.003332013839678185 71
1756352405496 0.0032706077913272303 72
1756352405763 0.0032090128319721325 73
1756352406034 0.0031472578745309174 74
1756352406304 0.003085371907025342 75
1756352406571 0.0030233839789738106 76
1756352406839 0.002961323187755411 77
1756352407109 0.0028992186649514896 78
1756352407566 0.0028370995626711745 79
1756352407834 0.0027749950398672533 80
1756352408101 0.0027129342486488534 81
1756352408370 0.002650946320597322 82
1756352408641 0.0025890603530917475 83
1756352408909 0.002527305395650531 84
1756352409177 0.0024657104362954337 85
1756352409446 0.002404304387944479 86
1756352409714 0.002343116074840117 87
1756352410149 0.0022821742190190114 88
1756352410417 0.002221507426829797 89
1756352410684 0.002161144175505153 90
1756352410951 0.0021011127997944737 91
1756352411219 0.0020414414786634216 92
1756352411487 0.0019821582220666163 93
1756352411756 0.0019232908577996456 94
1756352412023 0.0018648670184365898 95
1756352412453 0.0018069141283591815 96
1756352412723 0.001749459390883692 97
1756352412992 0.0016925297754915873 98
1756352413261 0.0016361520051699468 99
1756352413529 0.001580352543867586 100
1756352413798 0.001525157584072774 101
1756352414066 0.0014705930345183795 102
1756352414335 0.0014166845080202035 103
1756352414604 0.0013634573094542263 104
1756352415034 0.0013109364238783948 105
1756352415306 0.0012591465048045418 106
1756352415575 0.0012081118626259242 107
1756352415843 0.0011578564532058336 108
1756352416109 0.0011084038666326135 109
1756352416377 0.001059777316146386 110
1756352416644 0.0010119996272426564 111
1756352416912 0.000965093226957942 112
1756352417181 0.0009190801333424259 113
1756352417609 0.0008739819451246048 114
1756352417877 0.0008298198315727529 115
1756352418146 0.0007866145225579867 116
1756352418414 0.0007443862988235816 117
1756352418683 0.0007031549824651115 118
1756352418952 0.0006629399276258749 119
1756352419221 0.0006237600114119883 120
1756352419488 0.0005856336250313919 121
1756352419757 0.0005485786651609506 122
1756352420182 0.0005126125255456766 123
1756352420450 0.00047775208883404056 124
1756352420719 0.00044401371865318714 125
1756352420988 0.00041141325192778697 126
1756352421258 0.0003799659914461159 127
1756352421526 0.0003496866986768723 128
1756352421793 0.00032058958684007824 129
1756352422062 0.0002926883142353441 130
1756352422491 0.0002659959778306035 131
1756352422760 0.00024052510711434672 132
1756352423028 0.00021628765821423102 133
1756352423297 0.00019329500828482363 134
1756352423568 0.00017155795016712117 135
1756352606379 0.0013100244685017724 1
1756352606665 0.002620048937003545 2
1756352606948 0.003930073405505318 3
1756352607230 0.00524009787400709 4
1756352607510 0.006550122342508862 5
1756352608055 0.006550122342508862 6
1756352608336 0.006549353796513373 7
1756352608618 0.006547048519285444 8
1756352608900 0.006543207592931342 9
1756352609181 0.006537832820397116 10
1756352609461 0.006530926724622298 11
1756352609741 0.006522492547355612 12
1756352610188 0.006512534247633291 13
1756352610470 0.0065010564999206915 14
1756352610751 0.006488064691918074 15
1756352611033 0.006473564922031606 16
1756352611315 0.006457563996510731 17
1756352611597 0.006440069426253303 18
1756352611878 0.0064210894232799316 19
1756352612159 0.006400632896879231 20
1756352612610 0.006378709449425765 21
1756352612895 0.006355329371872648 22
1756352613178 0.0063305036389209425 23
1756352613459 0.006304243903868081 24
1756352613741 0.0062765624931377636 25
1756352614022 0.006247472400493892 26
1756352614304 0.006216987280941237 27
1756352614585 0.0061851214443157275 28
1756352615041 0.006151889848567365 29
1756352615325 0.00611730809273889 30
1756352615606 0.006081392409643536 31
1756352615888 0.006044159658245285 32
1756352616172 0.006005627315745196 33
1756352616453 0.005965813469377544 34
1756352616735 0.005924736807919598 35
1756352617017 0.005882416612919035 36
1756352617463 0.005838872749643102 37
1756352617743 0.00579412565775379 38
1756352618024 0.005748196341713362 39
1756352618305 0.005701106360924791 40
1756352618588 0.005652877819611675 41
1756352618870 0.00560353335644244 42
1756352619152 0.005553096133903648 43
1756352619433 0.005501589827427446 44
1756352619879 0.005449038614278214 45
1756352620161 0.005395467162203667 46
1756352620443 0.005340900617855714 47
1756352620725 0.005285364594986519 48
1756352621009 0.005228885162425311 49
1756352621292 0.005171488831841562 50
1756352621576 0.005113202545300311 51
1756352621859 0.005054053662615451 52
1756352622308 0.004994069948506926 53
1756352622592 0.004933279559567853 54
1756352622873 0.004871711031047715 55
1756352623156 0.004809393263457798 56
1756352623443 0.004746355509005175 57
1756352623729 0.004682627357861607 58
1756352624010 0.004618238724273797 59
1756352624459 0.004553219832521526 60
1756352624741 0.004487601202730256 61
1756352625023 0.004421413636544857 62
1756352625307 0.004354688202671201 63
1756352625590 0.004287456222292383 64
1756352625873 0.004219749254366436 65
1756352626155 0.004151599080812429 66
1756352626438 0.004083037691591909 67
1756352626721 0.004014097269692687 68
1756352627170 0.003944810176022016 69
1756352627453 0.0038752089342162536 70
1756352627737 0.003805326215374133 71
1756352887148 0.001315679065564951 1
1756352887447 0.002631358131129902 2
1756352887743 0.003947037196694854 3
1756352888040 0.005262716262259804 4
1756352888336 0.006578395327824756 5
1756352888632 0.006578395327824755 6
1756352888929 0.006577623463966428 7
1756352889470 0.006575308234707401 8
1756352889769 0.006571450726825465 9
1756352890068 0.006566052751050105 10
1756352890367 0.0065591168412125435 11
1756352890664 0.006550646253056345 12
1756352890961 0.00654064496270916 13
1756352891409 0.006529117664816312 14
1756352891705 0.006516069770337115 15
1756352892002 0.006501507404004948 16
1756352892299 0.006485437401452277 17
1756352892597 0.006467867306001986 18
1756352892893 0.006448805365126512 19
1756352893189 0.006428260526576444 20
1756352893484 0.006406242434180417 21
1756352893780 0.00638276142331826 22
1756352894080 0.006357828516069527 23
1756352894546 0.006331455416039693 24
1756352894843 0.006303654502866427 25
1756352895142 0.0062744388264085495 26
1756352895441 0.006243822100620373 27
1756352895739 0.006211818697114316 28
1756352896040 0.006178443638414815 29
1756352896509 0.006143712590906691 30
1756352896806 0.006107641857481284 31
1756352897103 0.006070248369883815 32
1756352897403 0.0060315496807655505 33
1756352897701 0.005991563955444529 34
1756352898002 0.005950309963378681 35
1756352898299 0.0059078070693553714 36
1756352898596 0.005864075224401496 37
1756352898896 0.005819134956418387 38
1756352899193 0.005773007360545936 39
1756352899491 0.00572571408926045 40
1756352899788 0.005677277342210896 41
1756352900086 0.005627719855798293 42
1756352900557 0.005577064892503163 43
1756352900855 0.005525336229966024 44
1756352901153 0.005472558149826072 45
1756352901451 0.005418755426323287 46
1756352901748 0.005363953314669304 47
1756352902048 0.0053081775391925125 48
1756352902347 0.005251454281262966 49
1756352902823 0.005193810167002731 50
1756352903122 0.005135272254787488 51
1756352903424 0.005075868022545216 52
1756352903724 0.005015625354857953 53
1756352904024 0.004954572529872653 54
1756352904324 0.00489273820602732 55
1756352904793 0.004830151408598617 56
1756352905095 0.004766841516077292 57
1756352905393 0.004702838246377792 58
1756352905692 0.004638171642888562 59
1756352905992 0.004572872060369555 60
1756352906291 0.004506970150703591 61
1756352906758 0.004440496848508237 62
1756352907058 0.004373483356614981 63
1756352907359 0.0043059611314224915 64
1756352907660 0.00423796186813087 65
1756352908133 0.004169517485863787 66
1756352908432 0.004100660112685525 67
1756352908730 0.0040314220705199395 68
1756352909028 0.003961835859978414 69
1756353122466 0.0011122403447424494 1
1756353122783 0.002224480689484899 2
1756353123095 0.0033367210342273483 3
1756353123403 0.004448961378969798 4
1756353123713 0.005561201723712247 5
1756353124299 0.005561201723712247 6
1756353124612 0.0055605492285311555 7
1756353124926 0.005558592049271704 8
1756353125238 0.005555331104641595 9
1756353125548 0.005550767925341159 10
1756353125860 0.005544904653344845 11
1756353126173 0.005537744040895764 12
1756353126486 0.005529289449213777 13
1756353126959 0.0055195448469177255 14
1756353127271 0.0055085148081625455 15
1756353127582 0.005496204510492142 16
1756353127893 0.005482619732409026 17
1756353128206 0.005467766850661868 18
1756353128518 0.005451652837252222 19
1756353128830 0.005434285256161842 20
1756353129306 0.0054156722598021215 21
1756353129618 0.005395822585187314 22
1756353129929 0.005374745549833351 23
1756353130242 0.005352451047384155 24
1756353130553 0.005328949542967529 25
1756353130867 0.0053042520682827846 26
1756353131181 0.005278370216422415 27
1756353131654 0.005251316136430254 28
1756353131967 0.0052231025275986664 29
1756353132279 0.005193742633507449 30
1756353132592 0.005163250235807243 31
1756353132906 0.005131639647750371 32
1756353133218 0.005098925707472139 33
1756353133530 0.005065123771025763 34
1756353134004 0.005030249705174166 35
1756353134319 0.004994319879942068 36
1756353134632 0.004957351160931822 37
1756353134945 0.004919360901406642 38
1756353135258 0.004880366934144904 39
1756353135570 0.0048403875630693765 40
1756353135881 0.00479944155465528 41
1756353136355 0.004757548129121236 42
1756353136668 0.004714726951407214 43
1756353136980 0.004670998121943735 44
1756353137292 0.004626382167216649 45
1756353137604 0.004580900030131917 46
1756353137916 0.004534573060184935 47
1756353138230 0.004487423003438992 48
1756353138705 0.004439471992317582 49
1756353139020 0.004390742535215355 50
1756353139332 0.004341257505932592 51
1756353139645 0.004291040132938149 52
1756353139960 0.004240113988465924 53
1756353140274 0.004188502977449951 54
1756353140588 0.004136231326303341 55
1756353141062 0.004083323571546294 56
1756353141376 0.004029804548288568 57
1756353141687 0.003975699378571778 58
1756353141998 0.00392103345957701 59
1756353142312 0.003865832451703283 60
1756353142624 0.003810122266522456 61
1756353142937 0.003753929054616234 62
1756353143453 0.003697279193300981 63
1756353143770 0.003640199274246104 64
1756353144086 0.0035827160909918175 65
1756353144398 0.003524856626372148 66
1756353144712 0.0034666480398490864 67
1756353145025 0.00340811765476383 68
1756353145338 0.003349292945511095 69
1756353145846 0.0032902015246425295 70
1756353146162 0.00323087112990527 71
1756353146474 0.003171329611221734 72
1756353146789 0.0031116049176167565 73
1756353147103 0.0030517250840982084 74
1756353147415 0.002991718218497246 75
1756353147727 0.002931612488274393 76
1756353148231 0.0028714361072976176 77
1756353148545 0.0028112173225986296 78
1756353148860 0.002750984401113618 79
1756353149174 0.0026907656164146306 80
1756353149489 0.0026305892354378546 81
1756353149803 0.002570483505215002 82
1756353150119 0.0025104766396140403 83
1756353150622 0.0024505968060954913 84
1756353150936 0.002390872112490514 85
1756353151248 0.002331330593806978 86
1756353151563 0.002272000199069718 87
1756353151877 0.0022129087782011532 88
1756353152191 0.002154084068948418 89
1756353152505 0.0020955536838631614 90
1756353152992 0.0020373450973401007 91
1756353153306 0.0019794856327204303 92
1756353153621 0.0019220024494661435 93
1756353153936 0.0018649225304112665 94
1756353154250 0.0018082726690960137 95
1756353154563 0.0017520794571897916 96
1756353154877 0.0016963692720089645 97
1756353155361 0.0016411682641352373 98
1756353155674 0.00158650234514047 99
1756353155988 0.0015323971754236808 100
1756353156301 0.0014788781521659542 101
1756353156615 0.0014259703974089071 102
1756353156929 0.001373698746262296 103
1756353157411 0.0013220877352463241 104
1756353157723 0.0012711615907740979 105
1756353158037 0.0012209442177796557 106
1756353158351 0.0011714591884968934 107
1756353158663 0.0011227297313946669 108
1756353158976 0.0010747787202732553 109
1756353159289 0.0010276286635273126 110
1756353159768 0.0009813016935803307 111
1756353419292 0.00147851018394496 1
1756353419620 0.00295702036788992 2
1756353419946 0.004435530551834879 3
1756353420529 0.00591404073577984 4
1756353420852 0.007392550919724799 5
1756353421176 0.007392550919724799 6
1756353421501 0.007391683513901132 7
1756353421828 0.007389081703593861 8
1756353422327 0.007384746710103055 9
1756353422653 0.007378680568291839 10
1756353422979 0.00737088612563122 11
1756353423303 0.007361367040863471 12
1756353423628 0.007350127782284708 13
1756353423952 0.0073371736256474486 14
1756353424450 0.0073225106516841545 15
1756353424776 0.0073061457432529175 16
1756353425101 0.007288086582106607 17
1756353425425 0.007268341645287036 18
1756353425749 0.007246920201145796 19
1756353426073 0.007223832304993661 20
1756353426570 0.007199088794380582 21
1756353426894 0.0071727012840085026 22
1756353427221 0.007144682160279364 23
1756353427545 0.007115044575480887 24
1756353427869 0.007083802441612829 25
1756353428194 0.007050970423856642 26
1756353428687 0.0070165639336915745 27
1756353429013 0.006980599121660464 28
1756353429339 0.006943092869788608 29
1756353429666 0.0069040627836592745 30
1756353429993 0.006863527184149568 31
1756353430319 0.006821505098830546 32
1756353430818 0.006778016253035587 33
1756353431143 0.0067330810606012585 34
1756353431468 0.006686720614284968 35
1756353431794 0.006638956675863943 36
1756353432121 0.006589811665920169 37
1756353432449 0.006539308653316078 38
1756353432945 0.00648747134436593 39
1756353433272 0.00643432407170798 40
1756353433597 0.006379891782882638 41
1756353433922 0.006324200028621995 42
1756353434250 0.006267274950856209 43
1756353434748 0.006209143270442378 44
1756353435074 0.006149832274621669 45
1756353435400 0.0060893698042105695 46
1756353435727 0.0060277842405323055 47
1756353436053 0.005965104492094533 48
1756353436380 0.005901359981019571 49
1756353436875 0.0058365806292335395 50
1756353437201 0.005770796844420889 51
1756353437528 0.005704039505750914 52
1756353437853 0.005636339949382949 53
1756353438181 0.005567729953757046 54
1756353438506 0.005498241724677057 55
1756353439001 0.005427907880193096 56
1756353439326 0.0053567614352905005 57
1756353439653 0.00528483578639246 58
1756353439980 0.005212164695683613 59
1756353440305 0.005138782275261936 60
1756353440630 0.005064722971126393 61
1756353441127 0.004990021547007842 62
1756353441452 0.004914713068050809 63
1756353441777 0.004838832884353768 64
1756353442104 0.004762416614375661 65
1756353442434 0.004685500128216455 66
1756353442761 0.0046081195307795765 67
1756353443280 0.0045303111448241245 68
1756353443607 0.004452111493914822 69
1756353443933 0.004373557285277716 70
1756353444259 0.004294685392569652 71
1756353444585 0.004215532838569638 72
1756353445094 0.004136136777800207 73
1756353445422 0.004056534479086935 74
1756353445749 0.003976763308064301 75
1756353446074 0.0038968607096361197 76
1756353446399 0.0038168641903987516 77
1756353446726 0.0037368113010353534 78
1756353447228 0.0036567396186894465 79
1756353447556 0.0035766867293260487 80
1756353447882 0.00349669021008868 81
1756353448209 0.0034167876116604993 82
1756353448536 0.003337016440637866 83
1756353448864 0.003257414141924593 84
1756353449366 0.003178018081155162 85
1756353449695 0.0030988655271551487 86
1756353450023 0.0030199936344470837 87
1756353450351 0.002941439425809978 88
1756353450683 0.002863239774900676 89
1756353451183 0.0027854313889452234 90
1756353451513 0.0027080507915083455 91
1756353451842 0.0026311343053491395 92
1756353452171 0.002554718035371032 93
1756353452502 0.0024788378516739907 94
1756353453005 0.002403529372716958 95
1756353453335 0.002328827948598407 96
1756353453664 0.002254768644462863 97
1756353736212 0.0016521511528806356 1
1756353736557 0.003304302305761271 2
1756353736899 0.004956453458641907 3
1756353737242 0.006608604611522542 4
1756353737836 0.008260755764403178 5
1756353738177 0.008260755764403178 6
1756353738521 0.008259786473880806 7
1756353738864 0.008256879057302505 8
1756353739208 0.008252034879421138 9
1756353739709 0.008245256214113 10
1756353740052 0.008236546243310449 11
1756353740396 0.008225909055508301 12
1756353740739 0.008213349643844665 13
1756353741082 0.008198873903757148 14
1756353741422 0.008182488630215513 15
1756353741925 0.0081642015145321 16
1756353742269 0.008144021140751481 17
1756353742610 0.008121956981621086 18
1756353742954 0.008098019394144649 19
1756353743296 0.0080722196147206 20
1756353743796 0.008044569753867642 21
1756353744139 0.008015082790540038 22
1756353744484 0.007983772566035233 23
1756353744826 0.007950653777496694 24
1756353745168 0.007915741971015008 25
1756353745509 0.007879053534330499 26
1756353746008 0.007840605689140741 27
1756353746351 0.007800416483016636 28
1756353746694 0.007758504780930811 29
1756353747037 0.007714890256402321 30
1756353747381 0.007669593382261827 31
1756353747879 0.007622635421041563 32
1756353748222 0.00757403841499462 33
1756353748566 0.007523825175748231 34
1756353748908 0.007472019273595892 35
1756353749250 0.007418645026433384 36
1756353749748 0.007363727488343848 37
1756353750090 0.007307292437837303 38
1756353750433 0.00724936636575011 39
1756353750775 0.007189976462810071 40
1756353751116 0.00712915060687299 41
1756353751619 0.0070669173498366985 42
1756353751963 0.007003305904238681 43
1756353752306 0.006938346129543595 44
1756353752650 0.006872068518127121 45
1756353752995 0.006804504180962719 46
1756353753338 0.006735684833018013 47
1756353753847 0.006665642778367659 48
1756353754193 0.006594410895029692 49
1756353754538 0.006522022619532444 50
1756353754880 0.0064485119312193105 51
1756353755224 0.0063739133362987095 52
1756353755730 0.006298261851646736 53
1756353756073 0.006221592988370093 54
1756353756416 0.0061439427351370444 55
1756353756762 0.006065347541284187 56
1756353757106 0.005985844299706993 57
1756353757614 0.00590547032954213 58
1756353757958 0.00582426335864972 59
1756353758302 0.005742261505903724 60
1756353758645 0.005659503263298798 61
1756353758990 0.005576027477881994 62
1756353759496 0.005491873333517804 63
1756353759839 0.005407080332495098 64
1756353760181 0.005321688276984594 65
1756353760523 0.005235737250355559 66
1756353760867 0.005149267598360519 67
1756353761211 0.005062319910196803 68
1756353761716 0.0049749349994538125 69
1756353762060 0.004887153884954959 70
1756354041599 0.0013566811890661375 1
1756354041959 0.002713362378132275 2
1756354042317 0.004070043567198412 3
1756354042922 0.00542672475626455 4
1756354043280 0.006783405945330686 5
1756354043636 0.006783405945330687 6
1756354043993 0.00678261002327328 7
1756354044350 0.0067802226307100266 8
1756354044866 0.006776244888292458 9
1756354045223 0.006770678663188628 10
1756354045580 0.006763526568206659 11
1756354045937 0.0067547919605682825 12
1756354046293 0.0067444789403329364 13
1756354046811 0.006732592348473191 14
1756354047167 0.006719137764602371 15
1756354047525 0.006704121504355469 16
1756354047883 0.006687550616424553 17
1756354048241 0.006669432879250089 18
1756354048756 0.006649776797369708 19
1756354049112 0.006628591597426143 20
1756354049468 0.006605887223836203 21
1756354049825 0.006581674334122831 22
1756354050182 0.0065559642939124144 23
1756354050697 0.006528769171599719 24
1756354051055 0.006500101732682931 25
1756354051411 0.00646997543377149 26
1756354051768 0.0064384044162694954 27
1756354052124 0.00640540349973768 28
1756354052676 0.006370988174937048 29
1756354053037 0.006335174596557448 30
1756354053396 0.006297979575634504 31
1756354053755 0.006259420571658442 32
1756354054114 0.006219515684378537 33
1756354054473 0.0061782836453070245 34
1756354055027 0.006135743808926447 35
1756354055386 0.006091916143604589 36
1756354055746 0.006046821222221244 37
1756354056105 0.00600048021251122 38
1756354056463 0.005952914867128128 39
1756354057004 0.005904147513433592 40
1756354057363 0.005854201043016704 41
1756354057722 0.005803098900948616 42
1756354058080 0.0057508650747773345 43
1756354058439 0.005697524083267868 44
1756354058985 0.005643100964893026 45
1756354059346 0.00558762126608025 46
1756354059704 0.005531111029220034 47
1756354060060 0.00547359678044151 48
1756354060417 0.005415105517160987 49
1756354060959 0.00535566469540925 50
1756354061315 0.005295302216943596 51
1756354061677 0.005234046416150634 52
1756354062036 0.005171926046746017 53
1756354062397 0.0051089702682773274 54
1756354062950 0.0050452086324364745 55
1756354063310 0.00498067106918801 56
1756354063670 0.00491538787271989 57
1756354064028 0.004849389687223253 58
1756354064387 0.004782707492507925 59
1756354064943 0.00471537258946037 60
1756354065302 0.004647416585350929 61
1756354065662 0.004578871378997241 62
1756354066019 0.0045097691457908155 63
1756354066378 0.004440142322593775 64
1756354066734 0.004370023592512862 65
1756354067277 0.004299445869557859 66
1756354067636 0.00422844228319162 67
1756354067995 0.004157046162778978 68
1756354068357 0.0040852910219417995 69
1756354068717 0.00401321054282756 70
1756354069251 0.003940838560298815 71
1756354069611 0.0038682090460509726 72
1756354069972 0.003795356092665856 73
1756354070332 0.0037223138976085045 74
1756354070689 0.003649116747174743 75
1756354071219 0.0035757990003970693 76
1756354071578 0.003502395072916382 77
1756354071936 0.0034289394208271407 78
1756354072292 0.0033554665245035466 79
1756354072653 0.0032820108724143063 80
1756354073182 0.0032086069449336185 81
1756354073542 0.003135289198155945 82
1756354073903 0.0030620920477221845 83
1756354074263 0.0029890498526648312 84
1756354074625 0.002916196899279715 85
1756354075182 0.0028435673850318735 86
1756354075542 0.002771195402503127 87
1756354075901 0.0026991149233888886 88
1756354076259 0.0026273597825517093 89
1756354076620 0.0025559636621390676 90
1756354077169 0.0024849600757728303 91
1756354077527 0.002414382352817826 92
1756354077887 0.0023442636227369125 93
1756354336004 0.0008776056101704567 1
1756354336379 0.0017552112203409135 2
1756354336752 0.0026328168305113702 3
1756354337366 0.003510422440681827 4
1756354337738 0.004388028050852284 5
1756354338110 0.004388028050852284 6
1756354338483 0.004387513228764034 7
1756354339029 0.00438596900415881 8
1756354339401 0.004383396101901765 9
1756354339772 0.0043797957297234125 10
1756354340146 0.0043751695776527225 11
1756354340681 0.00436951981722381 12
1756354341054 0.004362849100456611 13
1756354341425 0.004355160558612011 14
1756354341797 0.004346457800722022 15
1756354342169 0.00433674491189569 16
1756354342703 0.004326026451401519 17
1756354343076 0.004314307450527344 18
1756354343448 0.004301593410218616 19
1756354343820 0.004287890298496246 20
1756354344347 0.00427320454765518 21
1756354344722 0.004257543051245062 22
1756354345094 0.004240913160834376 23
1756354345622 0.004223322682559584 24
1756354345994 0.004204779873460901 25
1756354346369 0.004185293437606403 26
1756354346740 0.004164872522006305 27
1756354347113 0.00414352671231932 28
1756354347646 0.004121266028353107 29
1756354348018 0.004098100919360941 30
1756354348388 0.0040740422591367875 31
1756354348761 0.0040491013409111 32
1756354349292 0.004023289872049735 33
1756354349669 0.003996619968558468 34
1756354350043 0.003969104149395691 35
1756354350416 0.003940755330595966 36
1756354350945 0.0039115868192071855 37
1756354351320 0.0038816123070441895 38
1756354351692 0.003850845864261778 39
1756354352064 0.0038193019327501213 40
1756354352591 0.003786995319355681 41
1756354352968 0.003753941188930816 42
1756354353341 0.0037201550572153424 43
1756354353714 0.003685652783553383 44
1756354354243 0.0036504505634489285 45
1756354354616 0.0036145649209636034 46
1756354354989 0.0035780127009602063 47
1756354355360 0.003540811061195664 48
1756354355886 0.003502977464267114 49
1756354356259 0.00346452966941489 50
1756354356632 0.003425485724186265 51
1756354357003 0.0033858639559638617 52
1756354357536 0.0033456829633627073 53
1756354357908 0.003304961607499965 54
1756354358281 0.0032637190031414597 55
1756354358654 0.0032219745097291207 56
1756354359184 0.0031797477222935923 57
1756354359556 0.003137058462256241 58
1756354359930 0.003093926768124908 59
1756354360304 0.0030503728860877513 60
1756354360833 0.0030064172605096047 61
1756354361208 0.0029620805243353106 62
1756354361581 0.0029173834894045386 63
1756354361955 0.0028723471366826204 64
1756354362493 0.0028269926064120048 65
1756354362865 0.002781341188188941 66
1756354363238 0.002735414310970062 67
1756354363613 0.0026892335330135435 68
1756354363986 0.0026428205317595745 69
1756354364536 0.0025961970936548796 70
1756354364910 0.0025493851039260756 71
1756354365285 0.002502406536306658 72
1756354365829 0.002455283442722445 73
1756354366204 0.002408037942940317 74
1756354366579 0.0023606922141851047 75
1756354366955 0.0023132684807295194 76
1756354367329 0.002265789003461987 77
1756354367884 0.0022182760694372996 78
1756354368258 0.0021707519814149847 79
1756354569595 0.0009994175501580774 1
1756354569980 0.0019988351003161547 2
1756354570362 0.002998252650474232 3
1756354570998 0.003997670200632309 4
1756354571379 0.004997087750790386 5
1756354571759 0.004997087750790386 6
1756354572309 0.004996501454942917 7
1756354572691 0.004994742842610105 8
1756354573075 0.004991812739291548 9
1756354573457 0.004987712520389356 10
1756354574004 0.00498244411056253 11
1756354574387 0.004976009982823523 12
1756354574771 0.004968413157377395 13
1756354575156 0.004959657200204114 14
1756354575538 0.0049497462213846785 15
1756354576083 0.004938684873171825 16
1756354576467 0.004926478347806241 17
1756354576849 0.004913132375079307 18
1756354577232 0.004898653219643511 19
1756354577778 0.004883047678071798 20
1756354578161 0.004866323075667226 21
1756354578546 0.004848487263024443 22
1756354578930 0.004829548612344587 23
1756354579480 0.004809516013505344 24
1756354579862 0.004788398869887998 25
1756354580244 0.00476620709396345 26
1756354580627 0.0047429511026392665 27
1756354581176 0.004718641812369938 28
1756354581557 0.004693290634032657 29
1756354581940 0.004666909467571001 30
1756354582322 0.004639510696409059 31
1756354582864 0.004611107181638595 32
1756354583248 0.004581712255982006 33
1756354583629 0.004551339717533889 34
1756354584012 0.004520003823284158 35
1756354584557 0.004487719282425759 36
1756354584940 0.004454501249450117 37
1756354585325 0.004420365317033554 38
1756354585709 0.004385327508718027 39
1756354586091 0.004349404271389618 40
1756354586636 0.00431261246755829 41
1756354587022 0.004274969367442573 42
1756354587406 0.004236492640862838 43
1756354587973 0.004197200348947029 44
1756354588356 0.004157110935652686 45
1756354588739 0.004116243219109287 46
1756354589124 0.0040746163827849345 47
1756354589508 0.00403224996648157 48
1756354590065 0.003989163857162905 49
1756354590450 0.003945378279619406 50
1756354590833 0.003900913786974695 51
1756354591218 0.0038557912510378324 52
1756354591774 0.0038100318525060117 53
1756354592157 0.003763657071022247 54
1756354592541 0.0037166886750927535 55
1756354592924 0.0036691487118687164 56
1756354593482 0.003621059496797277 57
1756354593867 0.0035724436031465668 58
1756354594248 0.003523323851409733 59
1756354594794 0.0034737232985929045 60
1756354595181 0.0034236652273921414 61
1756354595566 0.003373173135264447 62
1756354595953 0.0033222707233979674 63
1756354596337 0.0032709818855865616 64
1756354596885 0.0032193306970139577 65
1756354597269 0.003167341402952766 66
1756354597655 0.003115038407383654 67
1756354598043 0.0030624462615400205 68
1756354598589 0.0030095896523835495 69
1756354598974 0.0029564933910160513 70
1756354599356 0.002903182401033034 71
1756354599741 0.0028496817068244676 72
1756354600290 0.0027960164218282396 73
1756354600674 0.002742211736741805 74
1756354601057 0.002688292907697572 75
1756354601442 0.002634285244407576 76
1756354602008 0.002580214098283 77
1756354602395 0.0025261048505341196 78
1756354602781 0.002471982900256267 79
1756354603165 0.002417873652507387 80
1756354603730 0.002363802506382811 81
1756354604116 0.0023097948430928147 82
1756354962888 0.0011910705501020217 1
1756354963541 0.0023821411002040434 2
1756354963942 0.003573211650306065 3
1756354964349 0.004764282200408087 4
1756354964750 0.005955352750510109 5
1756354965334 0.005955352750510109 6
1756354965733 0.005954654001315514 7
1756354966134 0.0059525580817273716 8
1756354966530 0.005949065975578641 9
1756354966926 0.005944179322077789 10
1756354967502 0.005937900415039335 11
1756354967902 0.005930232201807125 12
1756354968300 0.005921178281870843 13
1756354968867 0.005910742905176383 14
1756354969267 0.005898930970130924 15
1756354969669 0.005885748021303587 16
1756354970071 0.005871200246822797 17
1756354970634 0.005855294475471546 18
1756354971032 0.005838038173481944 19
1756354971433 0.005819439441030532 20
1756354971832 0.005799507008436028 21
1756354972232 0.0057782502320612855 22
1756354972796 0.005755679089921377 23
1756354973193 0.005731804176999874 24
1756354973592 0.005706636700275516 25
1756354973992 0.005680188473461619 26
1756354974561 0.005652471911460665 27
1756354974962 0.005623500024536696 28
1756354975362 0.005593286412208253 29
1756354975761 0.005561845256864701 30
1756354976343 0.005529191317108959 31
1756354976745 0.005495339920829758 32
1756354977143 0.005460306958006664 33
1756354977543 0.005424108873251266 34
1756354978115 0.005386762658087999 35
1756354978514 0.0053482858429782665 36
1756354978916 0.005308696489091566 37
1756354979316 0.005268013179827505 38
1756354979876 0.005226255012092682 39
1756354980273 0.00518344158733652 40
1756354980671 0.0051395930023502715 41
1756354981067 0.0050947298398335015 42
1756354981628 0.0050488731587324896 43
1756354982031 0.005002044484355076 44
1756354982433 0.004954265798266597 45
1756354982833 0.004905559527971653 46
1756354983394 0.004855948536386542 47
1756354983794 0.004805456111107324 48
1756354984194 0.004754105953478531 49
1756354984593 0.004701922167467654 50
1756354985151 0.004648929248350654 51
1756354985552 0.004595152071213774 52
1756354985951 0.004540615879277087 53
1756354986351 0.004485346272045214 54
1756354986907 0.004429369193290825 55
1756354987304 0.004372710918876528 56
1756354987705 0.00431539804442087 57
1756354988107 0.004257457472814253 58
1756354988664 0.00419891640159061 59
1756354989061 0.004139802310160774 60
1756354989457 0.004080142946913534 61
1756354989855 0.004019966316190427 62
1756354990419 0.003959300665140399 63
1756354990818 0.0038981744704604717 64
1756354991221 0.0038366164250286743 65
1756354991622 0.003774655424435488 66
1756354992023 0.0037123205534201438 67
1756354992584 0.003649641072218132 68
1756354992984 0.00358664640282633 69
1756354993383 0.003523366115192201 70
1756354993942 0.003459829913333541 71
1756354994344 0.0033960676213952976 72
1756354994749 0.00333210916965 73
1756354995153 0.003267984580448368 74
1756354995552 0.0032037239541266977 75
1756354996115 0.0031393574548776526 76
1756354996514 0.003074915296591068 77
1756354996915 0.0030104277286714274 78
1756354997318 0.0029459250218386818 79
1756354997881 0.002881437453919042 80
1756354998286 0.0028169952956324565 81
1756354998688 0.0027526287963834115 82
1756354999090 0.002688368170061742 83
1756354999684 0.0026242435808601088 84
1756355000084 0.0025602851291148115 85
1756355000483 0.0024965228371765687 86
1756355001040 0.002432986635317908 87
1756355001441 0.002369706347683779 88
1756355001842 0.0023067116782919768 89
1756355002244 0.002244032197089966 90
1756355002645 0.0021816973260746224 91
1756355003200 0.002119736325481435 92
1756355003600 0.002058178280049637 93
1756355004001 0.00199705208536971 94
1756355004404 0.0019363864343196818 95
1756355004963 0.0018762098035965753 96
1756355005363 0.0018165504403493344 97
1756355005764 0.0017574363489194984 98
1756355006166 0.0016988952776958563 99
1756355006721 0.0016409547060892403 100
1756355007122 0.0015836418316335812 101
1756355007526 0.0015269835572192837 102
1756355007929 0.0014710064784648948 103
1756355008484 0.001415736871233022 104
1756355008886 0.0013612006792963337 105
1756355009289 0.0013074235021594558 106
1756355009692 0.0012544305830424552 107
1756355010251 0.0012022467970315787 108
1756355010649 0.0011508966394027844 109
1756355011049 0.0011004042141235678 110
1756355241802 0.0009748522240410375 1
1756355242482 0.001949704448082075 2
1756355242891 0.0029245566721231124 3
1756355243302 0.00389940889616415 4
1756355243715 0.004874261120205187 5
1756355244297 0.004874261120205187 6
1756355244709 0.004873689238184509 7
1756355245121 0.004871973860566162 8
1756355245533 0.004869115792555196 9
1756355246114 0.004865116375740064 10
1756355246528 0.004859977487462869 11
1756355246939 0.0048537015399381335 12
1756355247347 0.004846291479120497 13
1756355247928 0.004837750783321873 14
1756355248340 0.0048280834615787175 15
1756355248752 0.004817294051770169 16
1756355249160 0.004805387618487949 17
1756355249740 0.004792369750659027 18
1756355250151 0.004778246558922151 19
1756355250565 0.004763024672759493 20
1756355250976 0.0047467112373847445 21
1756355251575 0.00472931391038912 22
1756355251988 0.004710840858146856 23
1756355252399 0.004691300751981885 24
1756355252810 0.00467070276409748 25
1756355253397 0.0046490565632707846 26
1756355253809 0.00462637231031425 27
1756355254220 0.004602660653306112 28
1756355254631 0.004577932722592142 29
1756355255218 0.004552200125561014 30
1756355255630 0.004525474941195753 31
1756355256045 0.004497769714403814 32
1756355256457 0.004469097450128449 33
1756355257040 0.004439471607244138 34
1756355257453 0.0044089060922389385 35
1756355257864 0.004377415252686727 36
1756355258276 0.004345013870512389 37
1756355258856 0.004311717155053123 38
1756355259268 0.004277540735919122 39
1756355259680 0.004242500655656972 40
1756355260094 0.00420661336221921 41
1756355260505 0.0041698957012436 42
1756355261083 0.004132364908145716 43
1756355261495 0.004094038600028575 44
1756355261908 0.004054934767413095 45
1756355262486 0.004015071765793275 46
1756355262899 0.003974468307020055 47
1756355263309 0.003933143450517895 48
1756355263722 0.0038911165943382093 49
1756355264298 0.0038484074660538417 50
1756355264713 0.0038050361134988665 51
1756355265127 0.0037610228953580556 52
1756355265539 0.00371638847161043 53
1756355266134 0.0036711537938313842 54
1756355266549 0.003625340095357935 55
1756355266965 0.003578968881321706 56
1756355267379 0.003532061918554337 57
1756355267795 0.003484641225370044 58
1756355268377 0.003436729061230138 59
1756355268790 0.003388347916294344 60
1756355269202 0.0033395205008638303 61
1756355269613 0.003290269734720905 62
1756355270190 0.0032406187363703772 63
1756355270603 0.003190590812187642 64
1756355271016 0.003140209445478573 65
1756355271429 0.003089498285456366 66
1756355272004 0.003038481136140505 67
1756355272416 0.002987181945183062 68
1756355272827 0.0029356247926275725 69
1756355273243 0.002883833879605769 70
1756355273816 0.002831833516977473 71
1756355274230 0.002779648113918981 72
1756355274643 0.0027273021664653008 73
1756355275056 0.002674820246011617 74
1756355275628 0.0026222269877793766 75
1756355276042 0.002569547079252423 76
1756355276458 0.0025168052485885915 77
1756355276871 0.002464026253012212 78
1756355277445 0.0024112348671929754 79
1756355277859 0.002358455871616597 80
1756355278274 0.002305714040952765 81
1756355527512 0.0010993924490764176 1
1756355527942 0.002198784898152835 2
1756355528365 0.003298177347229253 3
1756355529046 0.00439756979630567 4
1756355529474 0.005496962245382088 5
1756355529901 0.005496962245382088 6
1756355530327 0.005496317288767425 7
1756355530922 0.005494382721668624 8
1756355531349 0.00549115945217915 9
1756355531775 0.005486648993314473 10
1756355532362 0.0054808534623018625 11
1756355532790 0.00547377557958654 12
1756355533216 0.0054654186675547065 13
1756355533641 0.005455786648973984 14
1756355534244 0.005444884045152067 15
1756355534674 0.005432715973814399 16
1756355535103 0.005419288146701888 17
1756355535692 0.005404606866889794 18
1756355536121 0.005388679025829043 19
1756355536547 0.005371512100111354 20
1756355536975 0.00535311414795969 21
1756355537567 0.005333493805445702 22
1756355537997 0.005312660282435924 23
1756355538427 0.00529062335826862 24
1756355539041 0.005267393377163326 25
1756355539469 0.005242981243365237 26
1756355539900 0.0052173984160267 27
1756355540327 0.005190656903828255 28
1756355540942 0.005162769259341706 29
1756355541369 0.005133748573137894 30
1756355541797 0.005103608467641934 31
1756355542385 0.0050723630907387905 32
1756355542812 0.005040027109132208 33
1756355543236 0.005006615701460103 34
1756355543661 0.004972144551169646 35
1756355544249 0.004936629839155394 36
1756355544676 0.004900088236163912 37
1756355545105 0.00486253689496846 38
1756355545691 0.004823993442317413 39
1756355546118 0.0047844759706601936 40
1756355546546 0.004744003029654606 41
1756355546973 0.004702593617459555 42
1756355547567 0.0046602671718172315 43
1756355547993 0.00461704356092896 44
1756355548425 0.00457294307412899 45
1756355549035 0.004527986412360595 46
1756355549458 0.004482194678458975 47
1756355549887 0.004435589367245496 48
1756355550314 0.004388192355437943 49
1756355550928 0.004340025891381492 50
1756355551354 0.004291112584605256 51
1756355551781 0.004241475395209282 52
1756355552373 0.004191137623086986 53
1756355552799 0.004140122896988091 54
1756355553226 0.004088455163427203 55
1756355553652 0.004036158675443215 56
1756355554240 0.00398325798121484 57
1756355554665 0.003929777912537595 58
1756355555091 0.0038757435731676605 59
1756355555683 0.003821180327038077 60
1756355556110 0.0037661137863528146 61
1756355556535 0.0037105697995642993 62
1756355556960 0.0036545744392400535 63
1756355557547 0.0035981539898241243 64
1756355557973 0.0035413349352990645 65
1756355558402 0.0034841439467542426 66
1756355559006 0.0034266078698663317 67
1756355559434 0.0033687537122978404 68
1756355559860 0.0033106086310196094 69
1756355560288 0.0032521999195632215 70
1756355560881 0.00319355499520931 71
1756355561307 0.003134701386117777 72
1756355561735 0.00307566671840597 73
1756355562320 0.0030164787031808703 74
1756355562747 0.0029571651235313864 75
1756355563173 0.0028977538214868676 76
1756355563599 0.002838272684947944 77
1756355564183 0.002778749634595831 78
1756355564610 0.0027192126107862574 79
1756355565038 0.0026596895604341446 80
1756355565641 0.0026002084238952207 81
1756355566067 0.0025407971218507023 82
1756355566495 0.002481483542201219 83
1756355566921 0.002422295526976118 84
1756355567518 0.0023632608592643115 85
1756355567946 0.0023044072501727793 86
1756355568376 0.002245762325818867 87
1756355568969 0.0021873536143624797 88
1756355569395 0.0021292085330842482 89
1756355569822 0.002071354375515757 90
1756355570251 0.0020138182986278465 91
1756355570846 0.0019566273100830246 92
1756355571271 0.0018998082555579641 93
1756355571698 0.0018433878061420348 94
1756355572295 0.001787392445817789 95
1756355572720 0.0017318484590292738 96
1756355573148 0.0016767819183440107 97
1756355573575 0.0016222186722144275 98
1756355574186 0.001568184332844494 99
1756355574615 0.0015147042641672497 100
1756355575044 0.0014618035699388737 101
1756355575674 0.0014095070819548858 102
1756355576100 0.001357839348393997 103
1756355576545 0.0013068246222951029 104
1756355576973 0.001256486850172806 105
1756355577608 0.0012068496607768324 106
1756355798351 0.000958022691757955 1
1756355798794 0.00191604538351591 2
1756355799496 0.002874068075273865 3
1756355799932 0.00383209076703182 4
1756355800369 0.004790113458789775 5
1756355800970 0.004790113458789775 6
1756355801406 0.004789551451580534 7
1756355801840 0.004787865693761222 8
1756355802436 0.004785056976633239 9
1756355802871 0.004781126618619538 10
1756355803307 0.004776076464645745 11
1756355803902 0.004769908885274151 12
1756355804337 0.004762626775590954 13
1756355804776 0.004754233553847298 14
1756355805376 0.004744733159854733 15
1756355805811 0.0047341300531358495 16
1756355806246 0.004722429210830962 17
1756355806839 0.004709636125361819 18
1756355807276 0.004695756801853438 19
1756355807712 0.00468079775531528 20
1756355808307 0.004664766007583072 21
1756355808744 0.004647669084022734 22
1756355809181 0.004629515009997941 23
1756355809771 0.0046103123071029855 24
1756355810206 0.004590069989162706 25
1756355810642 0.004568797558001367 26
1756355811236 0.004546504998982457 27
1756355811674 0.004523202776321527 28
1756355812111 0.00449890182817424 29
1756355812705 0.004473613561501962 30
1756355813139 0.004447349846717289 31
1756355813577 0.004420123012112023 32
1756355814171 0.004391945838070229 33
1756355814608 0.00436283155106907 34
1756355815045 0.004332793817470244 35
1756355815637 0.004301846737104943 36
1756355816074 0.004270004836655335 37
1756355816512 0.0042372830628356825 38
1756355817105 0.0042036967753762925 39
1756355817544 0.004169261739813602 40
1756355817981 0.004133994120089772 41
1756355818419 0.004097910470965267 42
1756355819012 0.004061027730247987 43
1756355819450 0.004023363210842593 44
1756355819888 0.003984934592623757 45
1756355820483 0.003945759914137168 46
1756355820919 0.003905857564132156 47
1756355821359 0.0038652462729299474 48
1756355821960 0.003823945103631578 49
1756355822401 0.003781973443169593 50
1756355822841 0.003739350993207749 51
1756355823482 0.003696097760892971 52
1756355823920 0.0036522340494639237 53
1756355824357 0.003607780448720583 54
1756355825004 0.0035627578253593097 55
1756355825442 0.003517187313177936 56
1756355825880 0.0034710903031554773 57
1756355826505 0.003424488433411121 58
1756355826942 0.0033774035790472105 59
1756355827380 0.003329857841880983 60
1756355827995 0.00328187354006989 61
1756355828435 0.003233473197635364 62
1756355828877 0.0031846795338899563 63
1756355829509 0.0031355154527728 64
1756355829946 0.0030860040320984106 65
1756355830386 0.0030361685127238674 66
1756355831012 0.0029860322876394643 67
1756355831452 0.0029356188909879476 68
1756355831889 0.002884951987017496 69
1756355832510 0.0028340553589736276 70
1756355832950 0.0027829528979352513 71
1756355833390 0.002731668591600098 72
1756355834004 0.0026802265130248036 73
1756355834445 0.002628650809324919 74
1756355834884 0.0025769656903401553 75
1756355835497 0.0025251954172701937 76
1756355835936 0.002473364291286382 77
1756355836545 0.002421496642124664 78
1756355836984 0.002369616816665111 79
1756355837422 0.0023177491675033936 80
1756355838032 0.002265918041519581 81
1756355838472 0.0022141477684496204 82
1756355838910 0.002162462649464857 83
1756355839520 0.0021108869457649717 84
1756355839958 0.0020594448671896774 85
1756355840398 0.0020081605608545244 86
1756355841003 0.0019570580998161473 87
1756355841444 0.001906161471772279 88
1756355841882 0.001855494567801827 89
1756355842489 0.001805081171150311 90
1756355842931 0.0017549449460659084 91
1756355843372 0.0017051094266913648 92
1756355843979 0.001655598006016975 93
1756355844420 0.0016064339248998186 94
1756356156076 0.0008541524344724824 1
1756356156535 0.0017083048689449647 2
1756356157254 0.002562457303417447 3
1756356157705 0.0034166097378899294 4
1756356158155 0.004270762172362412 5
1756356158792 0.004270762172362412 6
1756356159240 0.004270261111541184 7
1756356159688 0.004268758164277437 8
1756356160328 0.004266254036060572 9
1756356160780 0.0042627499023382975 10
1756356161232 0.00425824740796487 11
1756356161888 0.0042527486664289925 12
1756356162342 0.004246256258861734 13
1756356162794 0.004238773232824934 14
1756356163441 0.004230303100880671 15
1756356163894 0.004220849838942448 16
1756356164544 0.004210417884408882 17
1756356164998 0.004199012134080772 18
1756356165449 0.004186637941862524 19
1756356166107 0.004173301116249005 20
1756356166556 0.004159007917599012 21
1756356167009 0.004143765055196634 22
1756356167656 0.004127579684101893 23
1756356168103 0.004110459401792125 24
1756356168553 0.004092412244595691 25
1756356169194 0.004073446683919703 26
1756356169644 0.0040535716222735016 27
1756356170094 0.00403279638908979 28
1756356170732 0.004011130736345358 29
1756356171184 0.003988584833983465 30
1756356171634 0.003965169265140029 31
1756356172272 0.003940895021175864 32
1756356172724 0.003915773496517284 33
1756356173175 0.003889816483307523 34
1756356173809 0.0038630361658714483 35
1756356174260 0.003835445114996197 36
1756356174711 0.003807056282030393 37
1756356175344 0.003777882992804738 38
1756356175798 0.0037479389413768074 39
1756356176435 0.003717238183603012 40
1756356176886 0.0036857951305407184 41
1756356177337 0.003653624541683644 42
1756356177967 0.003620741518033691 43
1756356178416 0.003587161495012477 44
1756356178866 0.003552900235215888 45
1756356179493 0.0035179738210150495 46
1756356179942 0.0034823986470072033 47
1756356180393 0.0034461914123200127 48
1756356181018 0.003409369112772932 49
1756356181468 0.0033719490328992952 50
1756356181917 0.003333948737832892 51
1756356182547 0.0032953860650628236 52
1756356182995 0.0032562791160605136 53
1756356183443 0.0032166462477828048 54
1756356184066 0.003176506064055134 55
1756356184516 0.0031358774068388187 56
1756356184967 0.0030947793473865707 57
1756356185591 0.0030532311772903673 58
1756356186040 0.00301125239942591 59
1756356186490 0.0029688627187978915 60
1756356187119 0.0029260820332903904 61
1756356187569 0.0028829304243267245 62
1756356188196 0.002839428147443153 63
1756356188648 0.0027955956227808452 64
1756356189101 0.002751453425500589 65
1756356189726 0.002707022276124723 66
1756356190176 0.0026623230308108464 67
1756356190630 0.0026173766715618546 68
1756356486846 0.001124823491964725 1
1756356487311 0.00224964698392945 2
1756356487773 0.003374470475894175 3
1756356488507 0.0044992939678589 4
1756356488967 0.005624117459823625 5
1756356489431 0.005624117459823625 6
1756356490093 0.005623457581418566 7
1756356490556 0.005621478255952929 8
1756356491020 0.005618180412529931 9
1756356491666 0.005613565599170344 10
1756356492132 0.005607635982085847 11
1756356492774 0.005600394344662201 12
1756356493239 0.00559184408615271 13
1756356493700 0.005581989220082603 14
1756356494336 0.005570834372365068 15
1756356494797 0.005558384779129832 16
1756356495262 0.005544646284265297 17
1756356495895 0.0055296253366754 18
1756356496359 0.005513328987252466 19
1756356496822 0.005495764885567498 20
1756356497455 0.005476941276279434 21
1756356497921 0.005456866995265072 22
1756356498385 0.005435551465471476 23
1756356499045 0.005413004692492805 24
1756356499511 0.0053892372598736485 25
1756356499974 0.005364260324141069 26
1756356500624 0.005338085609567684 27
1756356501091 0.005310725402668245 28
1756356501556 0.005282192546432299 29
1756356502204 0.005252500434295642 30
1756356502667 0.005221663003853382 31
1756356503133 0.005189694730317576 32
1756356503776 0.0051566106197225145 33
1756356504243 0.005122426201880823 34
1756356504707 0.005087157523093712 35
1756356505348 0.005050821138618773 36
1756356505812 0.005013434104898883 37
1756356506449 0.004975013971555834 38
1756356506917 0.00493557877315248 39
1756356507385 0.004895147020727232 40
1756356508020 0.0048537376931049115 41
1756356508485 0.004811370227988012 42
1756356508946 0.004768064512832562 43
1756356509576 0.004723840875512877 44
1756356510040 0.004678720074779575 45
1756356510505 0.004632723290515335 46
1756356511133 0.004585872113792978 47
1756356511598 0.00453818853674053 48
1756356512064 0.004489694942218031 49
1756356512693 0.004440414093310932 50
1756356513162 0.00439036912264501 51
1756356513634 0.004339583521527826 52
1756356514273 0.004288081128921811 53
1756356514737 0.004235886120254158 54
1756356515202 0.004183022996068786 55
1756356515834 0.004129516570525687 56
1756356516299 0.0040753919597530585 57
1756356516765 0.004020674570057694 58
1756356517391 0.003965390085999164 59
1756356517857 0.003909564458333378 60
1756356518483 0.0038532238918312037 61
1756356518949 0.003796394832977835 62
1756356519413 0.003739103957558713 63
1756356520061 0.0036813781581378057 64
1756356520531 0.0036232445314341305 65
1756356520995 0.0035647303656024466 66
1756356521645 0.0035058631274240896 67
1756356522109 0.0034466704494139524 68
1756356522575 0.0033871801168496767 69
1756356523211 0.0033274200547291294 70
1756356523678 0.0032674183146623017 71
1756356524146 0.003207203061703768 72
1756356524774 0.0031468025611319033 73
1756356525239 0.0030862451651810464 74
1756356525704 0.003025559299732845 75
1756356526333 0.002964773450973041 76
1756356526798 0.00290391615201994 77
1756356527267 0.002843015969530848 78
1756356527894 0.0027821014902927772 79
1756356528363 0.002721201307803686 80
1756356528830 0.0026603440088505846 81
1756356529459 0.002599558160090781 82
1756356529924 0.00253887229464258 83
1756356530551 0.002478314898691722 84
1756356531017 0.0024179143981198576 85
1756356531483 0.0023576991451613244 86
1756356532115 0.0022976974050944957 87
1756356532583 0.002237937342973949 88
1756356533048 0.0021784470104096727 89
1756356533693 0.0021192543323995364 90
1756356534158 0.00206038709422118 91
1756356534622 0.0020018729283894955 92
1756356535254 0.0019437393016858197 93
1756356535721 0.0018860135022649121 94
1756356536186 0.0018287226268457904 95
1756356536831 0.0017718935679924214 96
1756356537300 0.0017155530014902466 97
1756356537767 0.0016597273738244616 98
1756356538407 0.0016044428897659317 99
1756356538874 0.0015497255000705677 100
1756356539341 0.0014956008892979382 101
1756356539976 0.0014420944637548395 102
1756356540441 0.0013892313395694675 103
1756356540905 0.0013370363309018146 104
1756356541536 0.0012855339382957984 105
1756356542004 0.0012347483371786157 106
1756356542650 0.0011847033665126942 107
1756356543116 0.001135422517605595 108
1756356543584 0.0010869289230830952 109
1756356544228 0.0010392453460306476 110
1756356544698 0.0009923941693082902 111
1756356545162 0.0009463973850440512 112
1756356545822 0.0009012765843107486 113
1756356546290 0.0008570529469910638 114
1756356546759 0.0008137472318356138 115
1756356946148 0.0013316401736807443 1
1756356946885 0.0026632803473614886 2
1756356947368 0.0039949205210422336 3
1756356948010 0.005326560694722977 4
1756356948494 0.006658200868403722 5
1756356948975 0.006658200868403722 6
1756356949614 0.00665741963928614 7
1756356950096 0.006655076318645438 8
1756356950578 0.006651172006445613 9
1756356951218 0.0066457085353862815 10
1756356951701 0.006638688470042413 11
1756356952341 0.0066301151056605 12
1756356952824 0.00661999246661176 13
1756356953306 0.006608325304503079 14
1756356953947 0.006595119095946587 15
1756356954435 0.006580380039988918 16
1756356954919 0.00656411505520135 17
1756356955563 0.0065463317764322005 18
1756356956049 0.006527038551222999 19
1756356956689 0.0065062444358901204 20
1756356957172 0.006483959191273708 21
1756356957655 0.0064601932781559014 22
1756356958296 0.006434957852350503 23
1756356958779 0.006408264759466398 24
1756356959263 0.0063801265293471675 25
1756356959906 0.006350556370189545 26
1756356960389 0.006319568162343425 27
1756356961029 0.006287176451796378 28
1756356961511 0.006253396443345704 29
1756356961999 0.006218243993461243 30
1756356962646 0.0061817356028422785 31
1756356963131 0.006143888408672053 32
1756356963616 0.006104720176573497 33
1756356964257 0.006064249292269985 34
1756356964743 0.006022494752954995 35
1756356965387 0.005979476158374757 36
1756356965868 0.005935213701628051 37
1756356966349 0.005889728159687487 38
1756356966997 0.005843040883646711 39
1756356967479 0.005795173788698122 40
1756356967961 0.005746149343845788 41
1756356968608 0.0056959905613584065 42
1756356969094 0.005644720985967258 43
1756356969730 0.005592364683814215 44
1756356970215 0.005538946231154997 45
1756356970696 0.005484490702822982 46
1756356971338 0.005429023660458978 47
1756356971823 0.005372571140512487 48
1756356972309 0.005315159642020097 49
1756356972949 0.005256816114166722 50
1756356973435 0.005197567943635555 51
1756356974123 0.005137442941752645 52
1756356974607 0.005076469331432154 53
1756356975093 0.005014675733928406 54
1756356975747 0.004952091155400959 55
1756356976230 0.004888744973298999 56
1756356976711 0.004824666922571448 57
1756356977360 0.00475988708170926 58
1756356977847 0.00469443585862646 59
1756356978520 0.00462834397638655 60
1756356979005 0.004561642458780976 61
1756356979489 0.004494362615766443 62
1756356980140 0.004426536028767894 63
1756356980623 0.004358194535854065 64
1756356981113 0.00428937021679257 65
1756356981787 0.004220095377991529 66
1756356982279 0.004150402537334812 67
1756356982953 0.00408032440891802 68
1756356983444 0.004009893887692353 69
1756356983929 0.003939144034023594 70
1756356984585 0.003868108058173438 71
1756356985069 0.0037968193047104664 72
1756356985557 0.0037253112368580746 73
1756356986212 0.003653617420786703 74
1756356986696 0.0035817715098577373 75
1756356987351 0.0035098072288264966 76
1756356987838 0.003437758358011695 77
1756356988321 0.0033656587174388224 78
1756356988968 0.0032935421509649 79
1756356989452 0.003221442510392028 80
1756356989937 0.0031493936395772253 81
1756356990581 0.003077429358545985 82
1756356991066 0.0030055834476170203 83
1756356991712 0.0029338896315456477 84
1756356992197 0.002862381563693256 85
1756356992683 0.0027910928102302846 86
1756356993355 0.0027200568343801277 87
1756356993841 0.002649306980711369 88
1756356994329 0.002578876459485702 89
1756356994988 0.0025087983310689106 90
1756356995472 0.002439105490412195 91
1756357316194 0.0017751818819279476 1
1756357316698 0.003550363763855895 2
1756357317195 0.005325545645783842 3
1756357317950 0.00710072752771179 4
1756357318447 0.008875909409639738 5
1756357319111 0.008875909409639738 6
1756357319610 0.00887486793022763 7
1756357320273 0.008871743980865869 8
1756357320770 0.008866539027948666 9
1756357321444 0.008859255514701547 10
1756357321945 0.008849896860034496 11
1756357322443 0.008838467456937102 12
1756357323109 0.008824972670416473 13
1756357323605 0.008809418834978884 14
1756357324272 0.008791813251656327 15
1756357324768 0.008772164184579389 16
1756357325434 0.008750480857098022 17
1756357325930 0.008726773447452079 18
1756357326426 0.008701053083993602 19
1756357327089 0.008673331839963128 20
1756357327589 0.008643622727822466 21
1756357328254 0.00861193969314659 22
1756357328771 0.00857829760807754 23
1756357329436 0.008542712264343374 24
1756357329933 0.008505200365845463 25
1756357330432 0.008465779520817625 26
1756357331096 0.008424468233560741 27
1756357331597 0.008381285895756768 28
1756357332261 0.008336252777366205 29
1756357332757 0.008289390017113289 30
1756357333256 0.008240719612563405 31
1756357333917 0.00819026440979733 32
1756357334414 0.008138048092687197 33
1756357335079 0.008084095171779193 34
1756357335581 0.008028430972788209 35
1756357336252 0.007971081624709851 36
1756357336748 0.007912074047555383 37
1756357337244 0.007851435939715374 38
1756357337913 0.00778919576495795 39
1756357338410 0.007725382739067805 40
1756357339083 0.007660026816132182 41
1756357339582 0.007593158674480318 42
1756357340248 0.007524809702282902 43
1756357340746 0.0074550119828183554 44
1756357341245 0.007383798279412803 45
1756357341906 0.007311202020060847 46
1756357342403 0.007237257281734328 47
1756357343070 0.007161998774386461 48
1756357343569 0.007085461824658849 49
1756357344243 0.007007682359299011 50
1756357344741 0.00692869688829623 51
1756357345241 0.006848542487743615 52
1756357345898 0.006767256782434442 53
1756357346394 0.006684877928200919 54
1756357347056 0.006601444594003697 55
1756357347555 0.006516995943780492 56
1756357348214 0.006431571618062396 57
1756357348713 0.006345211715366437 58
1756357349212 0.006257956773373189 59
1756357349872 0.006169847749898217 60
1756357350371 0.006080926003666321 61
1756357351039 0.00599123327489758 62
1756357351539 0.005900811665714333 63
1756357352203 0.005809703620378275 64
1756357352703 0.005717951905366952 65
1756357353203 0.005625599589299005 66
1756357353869 0.005532690022717588 67
1756357354368 0.005439266817741462 68
1756357355030 0.00534537382759328 69
1756357355530 0.005251055126014719 70
1756357356195 0.0051563549865780885 71
