loss,mae,mse,rmse,r2
0.0004551732272375375,0.010282250244464152,0.00027998189239648814,0.01673265945378941,0.9302631700666448
