loss,mae,mse,rmse,r2
0.037291820626705885,0.9886909777715447,2.3895382015814386,1.5458131198762155,0.9425040714599333
