loss,mae,mse,rmse,r2
0.0009029192151501775,0.015872862843636593,0.0006209254782475197,0.024918376316436022,0.8959450270432845
