loss,mae,mse,rmse,r2
0.001625176053494215,0.01946622901494894,0.0006226061606649435,0.024952077281560018,0.8485446708148108
