loss,mae,mse,rmse,r2
0.045517322723749996,1.02822502444641,2.7998189239639997,1.6732659453789398,0.9302631700666448
