loss,mae,mse,rmse,r2
0.05015962524339557,1.2403990397764317,3.694260984035043,1.9220460410809734,0.9111104541430382
