loss,mae,mse,rmse,r2
0.0008426575222983956,0.01511578253228371,0.0005527763074972047,0.023511195365127753,0.9073654959527916
