loss,mae,mse,rmse,r2
0.0009044160833582282,0.015324522133069176,0.000623219004921323,0.024964354686659196,0.8955606768041999
