loss,mae,mse,rmse,r2
0.0004640407278202474,0.010411178131531834,0.0002841124981247069,0.01685563698365348,0.9292343344275793
