loss,mae,mse,rmse,r2
0.0008744384977035224,0.015369172171154452,0.0005905452500769723,0.02430113680626839,0.9010361594439508
