loss,mae,mse,rmse,r2
0.03416398831177503,0.9603967147317448,2.1204664833678923,1.4561821600912066,0.9489783468125184
