loss,mae,mse,rmse,r2
0.0008654443663544953,0.015490402448592278,0.0005808198697496848,0.024100204765721073,0.9026659430853079
