loss,mae,mse,rmse,r2
0.044572251499630004,1.04295661554789,2.7448188005970002,1.6567494682652901,0.9316330923201042
