loss,mae,mse,rmse,r2
0.0004630158073268831,0.010103703683877864,0.000281839087801213,0.016788063849092694,0.9298005868653395
