loss,mae,mse,rmse,r2
0.0008691503317095339,0.015258759221512317,0.0005858191691597063,0.024203701559053034,0.9018281582252302
