loss,mae,mse,rmse,r2
4.4155670912,96.51789824981199,26988.742448080007,164.282508040525,0.9327774619241463
