loss,mae,mse,rmse,r2
0.00044155670912005007,0.009651789824981258,0.00026988742448085304,0.016428250804052545,0.9327774619241463
