loss,mae,mse,rmse,r2
0.043082452611997724,1.0296862014309,2.994519286665784,1.7304679386413908,0.9279473051303216
