loss,mae,mse,rmse,r2
0.04832420090679,1.03238123051446,2.966448639136,1.72233813147602,0.926112820196054
