loss,mae,mse,rmse,r2
0.00048324200906790793,0.010323812305144675,0.00029664486391363376,0.017223381314760287,0.9261128201960541
