loss,mae,mse,rmse,r2
0.04455475718714,1.01868656268775,2.696782124944,1.64218821239963,0.932829571653787
