loss,mae,mse,rmse,r2
0.039257240132428706,1.0067827344835671,2.6077798725614545,1.614862183767226,0.937252844460998
