loss,mae,mse,rmse,r2
0.0009024242754094303,0.015755026125969726,0.0006218727483237168,0.024937376532500704,0.8957862830947521
