huber_weight,mse,rmse,mae,bias,r2,spearman_r,pctl_obs_mm,pctl_pred_mm,pctl_rel_bias,csi_50mm,mse_objective,mae_objective,balanced_objective
0.0,1402.914439136593,37.455499451169956,25.398782752995857,5.470394638745042,0.7534514186945737,0.8439472729464497,292.25240478515633,272.8859191894534,-0.06626630022065977,0.7363849765258216,1402.914439136593,25.398782752995857,0.33370536799742156
0.001,1402.7613154377793,37.45345532040775,25.39878824424608,5.469458188456617,0.7534783286968187,0.8439428279486751,292.25240478515633,272.88557363891624,-0.06626748259086948,0.7361502347417841,1402.7613154377793,25.39878824424608,0.33369473182433207
0.002,1402.60864369517,37.45141711197548,25.398809302397197,5.46852173816819,0.7535051592721522,0.8439336183643174,292.25240478515633,272.8852280883791,-0.0662686649610792,0.7359774700774466,1402.60864369517,25.398809302397197,0.3336842231086086
0.003,1402.4564239087651,37.44938482684015,25.398839152772233,5.467585287879763,0.7535319104205743,0.843923935644241,292.25240478515633,272.88488253784203,-0.0662698473312887,0.7359774700774466,1402.4564239087651,25.398839152772233,0.3336737966936069
0.004,1402.3046560785644,37.44735846596612,25.39887342912952,5.466648837591337,0.7535585821420848,0.8439113859642184,292.25240478515633,272.8845369873049,-0.06627102970149841,0.7359774700774466,1402.3046560785644,25.39887342912952,0.33366342347748523
0.005,1402.153340204568,37.44533803031518,25.398909444967643,5.4657123873029105,0.7535851744366839,0.8439007616101089,292.25240478515633,272.8841914367678,-0.06627221207170793,0.7358047864852182,1402.153340204568,25.398909444967643,0.33365308555566764
0.006,1402.002476286776,37.44332352084649,25.39894722080987,5.464775937014484,0.7536116873043714,0.8438877490528688,292.25240478515633,272.8838458862307,-0.06627339444191763,0.7358047864852182,1402.002476286776,25.39894722080987,0.3336427830688001
0.007,1401.8520643251886,37.44131493851663,25.398985859007027,5.463839486726057,0.7536381207451475,0.8438772575373135,292.25240478515633,272.88350033569355,-0.06627457681212734,0.7358047864852182,1401.8520643251886,25.398985859007027,0.3336325100369109
0.008,1401.7021043198058,37.43931228427955,25.399024956239042,5.462903036437631,0.753664474759012,0.8438715128369619,292.25240478515633,272.8831547851565,-0.06627575918233686,0.7358047864852182,1401.7021043198058,25.399024956239042,0.3336222637752534
0.009000000000000001,1401.552596270627,37.43731555908659,25.399064360979253,5.461966586149205,0.753690749345965,0.8438583650923519,292.25240478515633,272.88280923461934,-0.06627694155254656,0.7358047864852182,1401.552596270627,25.399064360979253,0.33361204327754423
0.01,1401.4035401776525,37.435324763886484,25.399103765719456,5.461030135860779,0.7537169445060066,0.8438473493894769,292.25240478515633,272.88246368408227,-0.06627812392275607,0.7358047864852182,1401.4035401776525,25.399103765719456,0.3336018464977049
0.011,1401.254936040882,37.43333989962534,25.39914635034617,5.460093685572351,0.7537430602391367,0.8438366874743978,292.25240478515633,272.88211813354513,-0.06627930629296579,0.7360394181135617,1401.254936040882,25.39914635034617,0.33359169463688493
0.012,1401.1067838603165,37.431360967246654,25.39919817772591,5.459157235283927,0.7537690965453552,0.8438240732922935,292.25240478515633,272.881772583008,-0.06628048866317549,0.7360394181135617,1401.1067838603165,25.39919817772591,0.3335816281143871
0.013000000000000001,1400.959083635955,37.42938796769131,25.39925445725844,5.4582207849955005,0.7537950534246622,0.8438111499097337,292.25240478515633,272.88142703247087,-0.0662816710333852,0.7360394181135617,1400.959083635955,25.39925445725844,0.3335716149994691
0.014,1400.811835367798,37.427420901897555,25.39931261463077,5.457284334707074,0.7538209308770578,0.8438027904158382,292.25240478515633,272.88108148193373,-0.06628285340359491,0.7360394181135617,1400.811835367798,25.39931261463077,0.33356163813531764
0.015,1400.6650390558455,37.42545977080102,25.399370772003095,5.456347884418648,0.7538467289025419,0.8437912575319385,292.25240478515633,272.88073593139666,-0.06628403577380441,0.7360394181135617,1400.6650390558455,25.399370772003095,0.3335516850078518
0.016,1400.518694700097,37.4235045753347,25.399428929375418,5.455411434130221,0.7538724475011145,0.8437832724432176,292.25240478515633,272.8803903808595,-0.06628521814401413,0.7360394181135617,1400.518694700097,25.399428929375418,0.3335417556208034
0.017,1400.372802300553,37.421555316428964,25.39949133779993,5.454474983841795,0.7538980866727755,0.8437769101048176,292.25240478515633,272.88004483032245,-0.06628640051422365,0.7360394181135617,1400.372802300553,25.39949133779993,0.3335318783157306
0.018000000000000002,1400.2273618572135,37.419611995011564,25.399558938168926,5.4535385335533695,0.7539236464175251,0.8437616768932719,292.25240478515633,272.87969927978526,-0.06628758288443354,0.7360394181135617,1400.2273618572135,25.399558938168926,0.33352205936840384
0.019,1400.0823733700784,37.4176746120076,25.3996459761036,5.452602083264942,0.7539491267353631,0.8437530145226542,292.25240478515633,272.8793537292482,-0.06628876525464306,0.7360394181135617,1400.0823733700784,25.3996459761036,0.333512393744917
0.02,1399.9378368391474,37.415743168339546,25.39973677128687,5.451665632976515,0.7539745276262897,0.8437395403529427,292.25240478515633,272.87900817871105,-0.06628994762485277,0.7362740497419052,1399.9378368391474,25.39973677128687,0.3335027769227739
0.021,1399.7937522644208,37.41381766492723,25.399833951331953,5.4507291826880895,0.7539998490903048,0.8437284365996068,292.25240478515633,272.87866262817397,-0.06629112999506227,0.7362740497419052,1399.7937522644208,25.399833951331953,0.3334932264215229
0.022,1399.6501196458987,37.41189810268785,25.39993291261586,5.449792732399662,0.7540250911274083,0.8437178054198803,292.25240478515633,272.8783170776368,-0.06629231236527218,0.7365086813702487,1399.6501196458987,25.39993291261586,0.33348371155673173
0.023,1399.5069389835812,37.40998448253596,25.400035115385993,5.448856282111236,0.7540502537376004,0.8437068434787779,292.25240478515633,272.8779715270997,-0.0662934947354817,0.7363359136758152,1399.5069389835812,25.400035115385993,0.3334742420661783
0.024,1399.3642102774672,37.40807680538345,25.400138470228935,5.447919831822811,0.754075336920881,0.8436930378033339,292.25240478515633,272.8776259765626,-0.0662946771056912,0.7363359136758152,1399.3642102774672,25.400138470228935,0.3334648040253214
0.025,1399.2219335275586,37.40617507213961,25.400245937160346,5.446983381534384,0.7541003406772501,0.843680877265358,292.25240478515633,272.8772804260255,-0.06629585947590091,0.7363359136758152,1399.2219335275586,25.400245937160346,0.33345541716948707
0.026000000000000002,1399.0801087338539,37.40427928371103,25.400353404091746,5.446046931245958,0.7541252650067076,0.8436713315795831,292.25240478515633,272.8769348754884,-0.06629704184611043,0.7363359136758152,1399.0801087338539,25.400353404091746,0.333446054090807
0.027,1398.9387358963534,37.402389441001674,25.40046340669567,5.445110480957531,0.7541501099092537,0.8436655142667103,292.25240478515633,272.8765893249513,-0.06629822421632013,0.7363359136758152,1398.9387358963534,25.40046340669567,0.33343673169588267
0.028,1398.7978150150573,37.40050554491285,25.40057913426671,5.444174030669104,0.7541748753848883,0.8436577951160779,292.25240478515633,272.87624377441415,-0.06629940658652984,0.7363359136758152,1398.7978150150573,25.40057913426671,0.3334274712483992
0.029,1398.6573460899658,37.39862759634323,25.400697027780183,5.4432375803806785,0.7541995614336113,0.8436444907436303,292.25240478515633,272.875898223877,-0.06630058895673956,0.7363359136758152,1398.6573460899658,25.400697027780183,0.3334182490272217
0.03,1398.5173291210785,37.396755596188804,25.400815227957423,5.442301130092252,0.7542241680554229,0.8436331169367605,292.25240478515633,272.87555267333994,-0.06630177132694906,0.7365704902650716,1398.5173291210785,25.400815227957423,0.33340905264184106
0.031,1398.3777641083955,37.3948895453429,25.400935250475918,5.441364679803826,0.7542486952503231,0.8436228708222162,292.25240478515633,272.87520712280286,-0.06630295369715858,0.7363977485928705,1398.3777641083955,25.400935250475918,0.3333998921994516
0.032,1398.238651051917,37.393029444696204,25.401056047335736,5.4404282295154,0.7542731430183116,0.8436128514988387,292.25240478515633,272.87486157226573,-0.06630413606736829,0.7362250879249707,1398.238651051917,25.401056047335736,0.33339076071756846
0.033,1398.0999899516426,37.39117529513672,25.401178707456644,5.439491779226974,0.7542975113593888,0.8436006973231781,292.25240478515633,272.8745160217286,-0.066305318437578,0.7362250879249707,1398.0999899516426,25.401178707456644,0.3333816654585653
0.034,1397.9617808075727,37.38932709754981,25.40130295959462,5.4385553289385475,0.7543218002735543,0.8435889903860417,292.25240478515633,272.87417047119146,-0.0663065008077877,0.7362250879249707,1397.9617808075727,25.40130295959462,0.3333726046178499
0.035,1397.8240236197075,37.38748485281816,25.401428226261768,5.437618878650122,0.7543460097608083,0.8435738454457857,292.25240478515633,272.8738249206544,-0.06630768317799722,0.7362250879249707,1397.8240236197075,25.401428226261768,0.3333635743493747
0.036000000000000004,1397.6867183880463,37.385648561821775,25.40155349292892,5.436682428361694,0.754370139821151,0.8435617975891494,292.25240478515633,272.87347937011725,-0.06630886554820693,0.7363977485928705,1397.6867183880463,25.40155349292892,0.33335456789373064
0.037,1397.5498651125895,37.38381822543799,25.401684601774697,5.435745978073268,0.7543941904545821,0.8435513082417314,292.25240478515633,272.8731338195801,-0.06631004791841663,0.7363977485928705,1397.5498651125895,25.401684601774697,0.3333456241988338
0.038,1397.4134637933373,37.38199384454148,25.401821674419814,5.434809527784842,0.7544181616611016,0.8435417305759327,292.25240478515633,272.87278826904304,-0.06631123028862615,0.7363977485928705,1397.4134637933373,25.401821674419814,0.33333674407891534
0.039,1397.2775144302889,37.380175420004235,25.401964929380355,5.433873077496416,0.7544420534407098,0.8435318185552715,292.25240478515633,272.8724427185059,-0.06631241265883586,0.7363977485928705,1397.2775144302889,25.401964929380355,0.33332792899410785
0.04,1397.1420170234453,37.378362952695575,25.40211184007837,5.432936627207989,0.7544658657934065,0.8435194654730975,292.25240478515633,272.87209716796883,-0.06631359502904537,0.7362250879249707,1397.1420170234453,25.40211184007837,0.3333191621055275
0.041,1397.0069715728062,37.37655644348214,25.402259983555627,5.432000176919563,0.7544895987191915,0.8435072908808114,292.25240478515633,272.8717516174317,-0.06631477739925508,0.7362250879249707,1397.0069715728062,25.402259983555627,0.3333104272650168
0.042,1396.8723780783712,37.374755893227864,25.40241132775103,5.431063726631137,0.7545132522180651,0.8434985914109572,292.25240478515633,272.87140606689456,-0.06631595976946479,0.7362250879249707,1396.8723780783712,25.40241132775103,0.33330173759446147
0.043000000000000003,1396.7382365401406,37.37296130279404,25.402570430769664,5.430127276342709,0.7545368262900272,0.8434863513328974,292.25240478515633,272.87106051635743,-0.06631714213967449,0.7362250879249707,1396.7382365401406,25.402570430769664,0.33329312348198165
0.044,1396.6045469581143,37.37117267303923,25.402730614925762,5.429190826054284,0.7545603209350779,0.8434736100136365,292.25240478515633,272.87071496582035,-0.06631832450988401,0.7362250879249707,1396.6045469581143,25.402730614925762,0.33328454041704997
0.045,1396.4713093322923,37.36939000481935,25.402891725747484,5.428254375765857,0.7545837361532169,0.8434565762042934,292.25240478515633,272.8703694152832,-0.06631950688009372,0.7362250879249707,1396.4713093322923,25.402891725747484,0.33327598737336894
0.046,1396.338523662675,37.3676132989876,25.40305780958338,5.427317925477431,0.7546070719444445,0.8434416582760328,292.25240478515633,272.8700238647461,-0.06632068925030342,0.7362250879249707,1396.338523662675,25.40305780958338,0.333267491327618
0.047,1396.2061899492617,37.36584255639449,25.403224987437472,5.426381475189004,0.7546303283087606,0.84343054829934,292.25240478515633,272.869678314209,-0.06632187162051294,0.7362250879249707,1396.2061899492617,25.403224987437472,0.33325902642551697
0.048,1396.0743081920527,37.36407777788785,25.40339216529157,5.425445024900578,0.7546535052461654,0.8434189005443194,292.25240478515633,272.8693327636719,-0.06632305399072265,0.7362250879249707,1396.0743081920527,25.40339216529157,0.33325058537764823
0.049,1395.9428783910482,37.362318964312806,25.403562437675895,5.424508574612152,0.7546766027566585,0.8434033221573007,292.25240478515633,272.86898721313474,-0.06632423636093235,0.7363977485928705,1395.9428783910482,25.403562437675895,0.33324218881576584
0.05,1395.8119005462484,37.360566116511784,25.403735989933057,5.423572124323726,0.75469962084024,0.8433881297187795,292.25240478515633,272.8686416625976,-0.06632541873114206,0.7362250879249707,1395.8119005462484,25.403735989933057,0.33323383797874706
0.051000000000000004,1395.6813746576527,37.35881923532451,25.40390954219022,5.422635674035299,0.7547225594969101,0.8433746738778579,292.25240478515633,272.86829611206053,-0.06632660110135158,0.7362250879249707,1395.6813746576527,25.40390954219022,0.33322551100606884
0.052000000000000005,1395.551300725261,37.35707832158801,25.404083353280804,5.421699223746874,0.7547454187266688,0.8433610232257932,292.25240478515633,272.86795056152346,-0.06632778347156108,0.7359906213364595,1395.551300725261,25.404083353280804,0.33321720962648227
0.053,1395.4216787490739,37.35534337613662,25.40426431242542,5.4207627734584465,0.7547681985295159,0.8433469547656591,292.25240478515633,272.8582390441895,-0.06636101336864653,0.7359906213364595,1395.4216787490739,25.40426431242542,0.3332089797673927
0.054,1395.2925087290914,37.35361439980195,25.40445430718658,5.419826323170021,0.7547908989054515,0.8433364221357986,292.25240478515633,272.84828143310546,-0.06639508532467145,0.7361632270168855,1395.2925087290914,25.40445430718658,0.3332008340147617
0.055,1395.1637906653132,37.351891393412906,25.404648818506512,5.418889872881594,0.7548135198544756,0.8433322698920728,292.25240478515633,272.8383238220215,-0.06642915728069619,0.7361632270168855,1395.1637906653132,25.404648818506512,0.33319274224752177
0.056,1395.035524557739,37.350174357795694,25.404843329826445,5.417953422593168,0.7548360613765883,0.8433222666289708,292.25240478515633,272.8283662109375,-0.06646322923672111,0.7363359136758152,1395.035524557739,25.404843329826445,0.33318467436125315
0.057,1394.9077104063695,37.34846329377381,25.405037841146378,5.417016972304742,0.7548585234717894,0.8433113019576215,292.25240478515633,272.8184085998535,-0.06649730119274584,0.7363359136758152,1394.9077104063695,25.405037841146378,0.33317663035924966
0.058,1394.7803482112042,37.34675820216802,25.405233887455758,5.4160805220163155,0.7548809061400791,0.8433001822845374,292.25240478515633,272.80845098876955,-0.06653137314877057,0.7363359136758152,1394.7803482112042,25.405233887455758,0.3331686204771504
0.059000000000000004,1394.6534379722432,37.345059083796386,25.405434901731084,5.415144071727889,0.7549032093814572,0.8432881451079844,292.25240478515633,272.79849337768553,-0.0665654451047955,0.7363359136758152,1394.6534379722432,25.405434901731084,0.33316066760270974
0.06,1394.5269796894868,37.34336593947427,25.40563591600641,5.414207621439463,0.7549254331959239,0.8432761984310843,292.25240478515633,272.78853576660157,-0.06659951706082023,0.7363359136758152,1394.5269796894868,25.40563591600641,0.33315273862235
0.061,1394.400973362935,37.341678770014276,25.405849040834127,5.413271171151044,0.7549475775834789,0.8432650836162335,292.25240478515633,272.77857815551766,-0.06663358901684477,0.7361013370865588,1394.400973362935,25.405849040834127,0.3331449142691846
0.062,1394.275418992587,37.33999757622632,25.406066063705047,5.41233472086261,0.7549696425441226,0.8432519364939595,292.25240478515633,272.7686205444336,-0.0666676609728699,0.7361013370865588,1394.275418992587,25.406066063705047,0.33313713980124193
0.063,1394.1503165784436,37.338322358917566,25.40630049739974,5.4113982705741925,0.7549916280778548,0.8432370284427683,292.25240478515633,272.7586629333497,-0.06670173292889443,0.7362740497419052,1394.1503165784436,25.40630049739974,0.3331295052989733
0.064,1394.0256661205044,37.33665311889249,25.406540168118052,5.410461820285758,0.7550135341846754,0.8432219736006583,292.25240478515633,272.74870532226566,-0.06673580488491936,0.7362740497419052,1394.0256661205044,25.406540168118052,0.33312192961411874
0.065,1393.9014676187696,37.33498985695282,25.406785871348195,5.40952536999734,0.7550353608645846,0.8432123638745344,292.25240478515633,272.7387477111817,-0.06676987684094408,0.7362740497419052,1393.9014676187696,25.406785871348195,0.33311441805266984
0.066,1393.7777210732395,37.33333257389754,25.407032978750937,5.408588919708905,0.7550571081175822,0.8432032383657193,292.25240478515633,272.7287901000977,-0.06680394879696902,0.7362740497419052,1393.7777210732395,25.407032978750937,0.333106939764961
0.067,1393.6544264839133,37.33168127052294,25.407284400136398,5.407652469420488,0.7550787759436683,0.8431924778003973,292.25240478515633,272.7188324890137,-0.06683802075299375,0.7362740497419052,1393.6544264839133,25.407284400136398,0.3330995141511927
0.068,1393.5315838507915,37.33003594762255,25.407540792956738,5.406716019132054,0.755100364342843,0.84318204442304,292.25240478515633,272.7088748779297,-0.06687209270901867,0.7365086813702487,1393.5315838507915,25.407540792956738,0.33309214559716466
0.069,1393.4091931738744,37.328396605987166,25.40780565970143,5.405779568843634,0.7551218733151062,0.8431690720566395,292.25240478515633,272.6989172668458,-0.06690616466504322,0.7365086813702487,1393.4091931738744,25.40780565970143,0.33308485745390115
0.07,1393.2872544531617,37.32676324640487,25.40807055706754,5.404843118555201,0.7551433028604577,0.8431580741003689,292.25240478515633,272.6889596557618,-0.06694023662106814,0.7362740497419052,1393.2872544531617,25.40807055706754,0.33307759344085475
0.07100000000000001,1393.165767688653,37.32513586966098,25.408341844656924,5.4039066682667825,0.755164652978898,0.843144381350307,292.25240478515633,272.6790020446778,-0.06697430857709287,0.7362740497419052,1393.165767688653,25.408341844656924,0.333070395954756
0.07200000000000001,1393.0447328803486,37.323514476538094,25.408613132246302,5.402970217978348,0.7551859236704266,0.8431272222105881,292.25240478515633,272.66904443359385,-0.06700838053311761,0.7362740497419052,1393.0447328803486,25.408613132246302,0.33306322240102076
0.073,1392.924150028249,37.321899067816055,25.40888493608302,5.402033767689929,0.7552071149350438,0.8431154763674342,292.25240478515633,272.6531585723878,-0.06706273718150088,0.7362740497419052,1392.924150028249,25.40888493608302,0.33305607622411215
0.074,1392.8040191323535,37.320289644271966,25.40916880178423,5.4010973174015025,0.7552282267727495,0.8431022347906642,292.25240478515633,272.6278873840333,-0.06714920760207137,0.7362121567707111,1392.8040191323535,25.40916880178423,0.3330490343911001
0.075,1392.6843401926621,37.31868620668019,25.40945353026059,5.400160867113077,0.7552492591835436,0.8430845325928017,292.25240478515633,272.6026161956788,-0.06723567802264166,0.7364468434639756,1392.6843401926621,25.40945353026059,0.33304202225110086
0.076,1392.5651132091757,37.31708875581234,25.409739420876544,5.39922441682465,0.7552702121674262,0.8430716636345005,292.25240478515633,272.5773450073243,-0.06732214844321215,0.7368544600938968,1392.5651132091757,25.409739420876544,0.3330350418027866
0.077,1392.4463381818932,37.31549729243727,25.41002873360858,5.398287966536224,0.7552910857243974,0.843060449526996,292.25240478515633,272.55207381896986,-0.06740861886378244,0.7366815301572401,1392.4463381818932,25.41002873360858,0.33302810811440764
0.078,1392.3280151108152,37.3139118173211,25.410321907455536,5.397351516247798,0.7553118798544571,0.8430449672205761,292.25240478515633,272.5268026306153,-0.06749508928435312,0.7367433129985922,1392.3280151108152,25.410321907455536,0.3330212241154278
0.079,1392.2101439959413,37.31233233122718,25.410619478073723,5.3964150659593715,0.7553325945576053,0.8430366647005082,292.25240478515633,272.50153144226084,-0.06758155970492341,0.7365704902650716,1392.2101439959413,25.410619478073723,0.33301439337962585
0.08,1392.092724837272,37.31075883491613,25.41091839104543,5.395478615670944,0.7553532298338419,0.8430253325901288,292.25240478515633,272.47626025390633,-0.0676680301254939,0.7365704902650716,1392.092724837272,25.41091839104543,0.3330075955490634
0.081,1391.9757576348072,37.30919132914579,25.41122022739892,5.394542165382519,0.7553737856831672,0.8430100344549191,292.25240478515633,272.4509890655518,-0.0677545005460644,0.7365704902650716,1391.9757576348072,25.41122022739892,0.33300084116602613
0.082,1391.8592423885468,37.307629814671245,25.411527701927454,5.393605715094093,0.7553942621055807,0.8429956667517,292.25240478515633,272.4257178771973,-0.06784097096663488,0.7368050668543279,1391.8592423885468,25.411527701927454,0.33299414833055224
0.083,1391.7431790984904,37.30607429224483,25.411835224245255,5.392669264805667,0.755414659101083,0.8429830217740174,292.25240478515633,272.4004466888428,-0.06792744138720537,0.7366322701688556,1391.7431790984904,25.411835224245255,0.3329874797797145
0.084,1391.6275677646386,37.30452476261611,25.41214381927464,5.39173281451724,0.7554349766696736,0.8429669940807137,292.25240478515633,272.3751755004883,-0.06801391180777586,0.7366322701688556,1391.6275677646386,25.41214381927464,0.33298084234872066
0.085,1391.5124083869905,37.30298122653189,25.412452734706648,5.390796364228812,0.7554552148113529,0.8429557376343076,292.25240478515633,272.3499043121338,-0.06810038222834634,0.7366322701688556,1391.5124083869905,25.412452734706648,0.3329742310256091
0.08600000000000001,1391.3977009655478,37.30144368473622,25.412765261375508,5.389859913940387,0.7554753735261205,0.8429450229009973,292.25240478515633,272.32463312377934,-0.06818685264891663,0.7366322701688556,1391.3977009655478,25.412765261375508,0.33296766775030695
0.08700000000000001,1391.2834455003087,37.29991213797036,25.413093649891657,5.388923463651961,0.7554954528139767,0.8429330904575163,292.25240478515633,272.2993619354248,-0.06827332306948712,0.7366322701688556,1391.2834455003087,25.413093649891657,0.3329612341892796
0.088,1391.1696419912744,37.298386586972825,25.41342226452475,5.387987013363534,0.7555154526749214,0.8429170334341344,292.25240478515633,272.2740907470704,-0.06835979349005741,0.7366322701688556,1391.1696419912744,25.41342226452475,0.3329548261165135
0.089,1391.0562904384442,37.29686703247934,25.41375087915785,5.387050563075109,0.7555353731089546,0.8429069817292262,292.25240478515633,272.2488195587158,-0.0684462639106281,0.7364595545134818,1391.0562904384442,25.41375087915785,0.3329484420276386
0.09,1390.9433908418184,37.29535347522287,25.414079493790943,5.386114112786681,0.7555552141160763,0.8428963625545555,292.25240478515633,272.22354837036136,-0.0685327343311984,0.7364595545134818,1390.9433908418184,25.414079493790943,0.3329420819255864
0.091,1390.8309432013968,37.293845915933595,25.41441166561897,5.385177662498254,0.7555749756962865,0.8428882714880912,292.25240478515633,272.19747126159666,-0.06862196236948902,0.7366322701688556,1390.8309432013968,25.41441166561897,0.33293576952580944
0.092,1390.71894751718,37.29234435533894,25.41474836862383,5.384241212209829,0.7555946578495851,0.8428731390748501,292.25240478515633,272.16139403076176,-0.06874540782363824,0.7368050668543279,1390.71894751718,25.41474836862383,0.3329295113238543
0.093,1390.6074037891674,37.29084879416353,25.41508999908844,5.383304761921401,0.7556142605759724,0.8428635114415187,292.25240478515633,272.1253167999268,-0.06886885327778765,0.7368050668543279,1390.6074037891674,25.41508999908844,0.33292330996427144
0.094,1390.4963120173588,37.28935923312921,25.415436848001853,5.382368311632977,0.7556337838754481,0.8428556432916795,292.25240478515633,272.0892395690918,-0.06899229873193725,0.7368050668543279,1390.4963120173588,25.415436848001853,0.3329171673897032
0.095,1390.3856722017551,37.28787567295508,25.415783696915266,5.3814318613445495,0.7556532277480122,0.8428410128825027,292.25240478515633,272.05316233825687,-0.06911574418608649,0.7368050668543279,1390.3856722017551,25.415783696915266,0.3329110488164491
0.096,1390.2754843423554,37.286398114357404,25.41613236765872,5.380495411056124,0.755672592193665,0.8428297567372268,292.25240478515633,272.0170851074219,-0.0692391896402359,0.7368050668543279,1390.2754843423554,25.41613236765872,0.3329049663918315
0.097,1390.1657484391603,37.284926558049705,25.416492749405805,5.379558960767698,0.7556918772124062,0.8428087882808167,292.25240478515633,271.98100787658694,-0.06936263509438531,0.7370396434435843,1390.1657484391603,25.416492749405805,0.33289898604068746
0.098,1390.0564644921692,37.2834610047427,25.416858563336575,5.378622510479271,0.7557110828042359,0.8427949984263134,292.25240478515633,271.944930645752,-0.06948608054853472,0.7370396434435843,1390.0564644921692,25.416858563336575,0.33289306591076817
0.099,1389.947632501383,37.28200145514432,25.417230884718677,5.377686060190845,0.7557302089691541,0.8427785194392657,292.25240478515633,271.908853414917,-0.06960952600268414,0.7370396434435843,1389.947632501383,25.417230884718677,0.33288721317272135
0.1,1389.8392524668006,37.2805479099597,25.41760674079949,5.3767496099024195,0.7557492557071608,0.8427651218971444,292.25240478515633,271.87277618408206,-0.06973297145683356,0.7370396434435843,1389.8392524668006,25.41760674079949,0.33288140801277194
0.101,1389.7313243884228,37.27910036989121,25.4179825968803,5.375813159613991,0.7557682230182561,0.8427517913865983,292.25240478515633,271.83669895324715,-0.06985641691098278,0.7374472078836227,1389.7313243884228,25.4179825968803,0.33287562687115896
0.10200000000000001,1389.6238482662493,37.2776588356384,25.418361647011242,5.374876709325567,0.7557871109024398,0.842734999485156,292.25240478515633,271.8006217224122,-0.06997986236513219,0.7372742200328407,1389.6238482662493,25.418361647011242,0.33286989104246156
0.10300000000000001,1389.5168241002805,37.27622330789803,25.41874686668385,5.3739402590371395,0.755805919359712,0.8427170681673869,292.25240478515633,271.7645444915772,-0.0701033078192816,0.7371013133208255,1389.5168241002805,25.41874686668385,0.33286422036431906
0.10400000000000001,1389.4102518905156,37.274793787364075,25.41913692826737,5.373003808748713,0.7558246483900727,0.8427059591543109,292.25240478515633,271.72846726074226,-0.07022675327343103,0.7369284876905041,1389.4102518905156,25.41913692826737,0.3328586059894197
0.105,1389.3041316369554,37.27337027472771,25.419528175044697,5.372067358460286,0.7558432979935219,0.8426892918003057,292.25240478515633,271.6923900299073,-0.07035019872758044,0.7369284876905041,1389.3041316369554,25.419528175044697,0.3328530235445736
0.106,1389.1984633395994,37.2719527706773,25.4199214164397,5.37113090817186,0.7558618681700596,0.8426772971232569,292.25240478515633,271.6563127990724,-0.07047364418172966,0.7369284876905041,1389.1984633395994,25.4199214164397,0.33284747842821516
0.107,1389.0932469984475,37.27054127589842,25.420315128692497,5.370194457883434,0.7558803589196859,0.8426609854642055,292.25240478515633,271.6202355682374,-0.07059708963587927,0.7371629542790152,1389.0932469984475,25.420315128692497,0.332841960485587
0.108,1388.9884826135003,37.26913579107383,25.420708840945295,5.3692580075950085,0.7558987702424005,0.8426405473381706,292.25240478515633,271.5841583374024,-0.07072053509002868,0.7371629542790152,1388.9884826135003,25.420708840945295,0.3328364665806464
0.109,1388.8841701847575,37.2677363168835,25.421102553198093,5.368321557306581,0.7559171021382037,0.8426284819758341,292.25240478515633,271.54808110656745,-0.0708439805441781,0.7372245663384904,1388.8841701847575,25.421102553198093,0.33283099671611266
0.11,1388.780309712219,37.26634285400459,25.421496265450887,5.367385107018154,0.7559353546070955,0.8426108702575491,292.25240478515633,271.51200387573255,-0.07096742599832732,0.7372245663384904,1388.780309712219,25.421496265450887,0.33282555089469434
0.111,1388.6769011958847,37.26495540311144,25.42190695484242,5.3664486567297285,0.7559535276490756,0.8425980877436813,292.25240478515633,271.4759266448975,-0.07109087145247693,0.7372245663384904,1388.6769011958847,25.42190695484242,0.33282024228998625
0.112,1388.5739446357547,37.263573964875604,25.422318999903524,5.365512206441301,0.7559716212641445,0.8425849921146656,292.25240478515633,271.4398494140626,-0.07121431690662615,0.7372245663384904,1388.5739446357547,25.422318999903524,0.3328149667707731
0.113,1388.4714400318292,37.262198539965794,25.422732388276664,5.364575756152877,0.7559896354523017,0.8425698589184861,292.25240478515633,271.40377218322766,-0.07133776236077556,0.7372245663384904,1388.4714400318292,25.422732388276664,0.3328097242573531
0.114,1388.369387384108,37.26082912904795,25.423149342322546,5.36363930586445,0.7560075702135475,0.8425549813818188,292.25240478515633,271.3676949523927,-0.07146120781492499,0.7373974208675264,1388.369387384108,25.423149342322546,0.33280452956681544
0.115,1388.2677866925915,37.25946573278516,25.423573266436804,5.362702855576023,0.7560254255478817,0.8425371350630582,292.25240478515633,271.33161772155773,-0.0715846532690744,0.7373974208675264,1388.2677866925915,25.423573266436804,0.33279940539577224
0.116,1388.166637957279,37.25810835183771,25.42400404537434,5.361766405287598,0.7560432014553045,0.8425210920522667,292.25240478515633,271.29554049072283,-0.07170809872322362,0.7373974208675264,1388.166637957279,25.42400404537434,0.3327943509786319
0.117,1388.0659411781708,37.25675698686308,25.4244352328599,5.360829954999171,0.7560608979358157,0.8425056584084816,292.25240478515633,271.25946325988787,-0.07183154417737303,0.7372245663384904,1388.0659411781708,25.4244352328599,0.33278932334666306
0.11800000000000001,1387.9656963552673,37.255411638515916,25.424870377824014,5.359893504710744,0.7560785149894154,0.8424949439562259,292.25240478515633,271.22338602905285,-0.07195498963152265,0.7372245663384904,1387.9656963552673,25.424870377824014,0.3327843461599249
0.11900000000000001,1387.865903488568,37.254072307448055,25.425308015974345,5.358957054422318,0.7560960526161036,0.842477466381393,292.25240478515633,271.1873087982179,-0.07207843508567206,0.7372245663384904,1387.865903488568,25.425308015974345,0.33277940965994046
0.12,1387.766562578073,37.2527389943085,25.425756744381346,5.358020604133891,0.7561135108158803,0.8424627837562451,292.25240478515633,271.151231567383,-0.07220188053982128,0.7368791002811621,1387.766562578073,25.425756744381346,0.33277457115803083
0.121,1387.667673623782,37.251411699743436,25.426209575540323,5.357084153845466,0.7561308895887456,0.8424502319281607,292.25240478515633,271.115154336548,-0.0723253259939707,0.7371134020618557,1387.667673623782,25.426209575540323,0.3327697840775428
0.122,1387.569236625696,37.250090424396234,25.426664863807083,5.356147703557038,0.7561481889346994,0.8424393766473636,292.25240478515633,271.079077105713,-0.0724487714481203,0.7371134020618557,1387.569236625696,25.426664863807083,0.33276503745106056
0.123,1387.471251583814,37.24877516890742,25.427120152073847,5.355211253268613,0.7561654088537416,0.8424262797736767,292.25240478515633,271.0429998748781,-0.07257221690226953,0.7371134020618557,1387.471251583814,25.427120152073847,0.3327603149018785
0.124,1387.3737184981364,37.247465933914704,25.427578580333694,5.354274802980186,0.7561825493458724,0.8424114035820572,292.25240478515633,271.00692264404313,-0.07269566235641894,0.7371134020618557,1387.3737184981364,25.427578580333694,0.33275563736398
0.125,1387.2766373686632,37.246162720052965,25.42805131511206,5.35333835269176,0.7561996104110916,0.842393525805232,292.25240478515633,270.97084541320817,-0.07281910781056836,0.7371134020618557,1387.2766373686632,25.42805131511206,0.33275107927681186
0.126,1387.1800081953947,37.244865527954246,25.428525735559845,5.352401902403334,0.7562165920493993,0.8423769316258575,292.25240478515633,270.9347681823732,-0.07294255326471777,0.7371134020618557,1387.1800081953947,25.428525735559845,0.3327465565113623
0.127,1387.08383097833,37.24357435824776,25.42900383034959,5.351465452114907,0.7562334942607957,0.8423605271986393,292.25240478515633,270.89869095153824,-0.0730659987188672,0.7371134020618557,1387.08383097833,25.42900383034959,0.33274208232679037
0.128,1386.9881057174698,37.242289211559886,25.42948192513934,5.350529001826481,0.7562503170452805,0.8423447794760897,292.25240478515633,270.86261372070334,-0.07318944417301641,0.7373477038425492,1386.9881057174698,25.42948192513934,0.3327376322321585
0.129,1386.8928324128144,37.24101008851417,25.429960019929087,5.349592551538055,0.7562670604028536,0.8423296217679147,292.25240478515633,270.8265364898683,-0.07331288962716602,0.7373477038425492,1386.8928324128144,25.429960019929087,0.33273320622996055
0.13,1386.7980110643628,37.23973698973131,25.43043811471884,5.348656101249628,0.7562837243335154,0.8423174524554442,292.25240478515633,270.7904592590334,-0.07343633508131524,0.7373477038425492,1386.7980110643628,25.43043811471884,0.33272880432267926
0.131,1386.7036416721157,37.23846991582919,25.43092112519104,5.347719650961203,0.7563003088372656,0.8422999770888989,292.25240478515633,270.75438202819845,-0.07355978053546465,0.7373477038425492,1386.7036416721157,25.43092112519104,0.3327244592810987
0.132,1386.6097242360727,37.23720886742282,25.431415891137267,5.346783200672776,0.7563168139141045,0.8422865426683699,292.25240478515633,270.7183047973635,-0.07368322598961408,0.7371749824314828,1386.6097242360727,25.431415891137267,0.33272021670224955
0.133,1386.5162587562345,37.2359538451244,25.43191534291817,5.34584675038435,0.7563332395640318,0.8422717396513811,292.25240478515633,270.6836924652102,-0.07380165900021238,0.7373477038425492,1386.5162587562345,25.43191534291817,0.3327160294618269
0.134,1386.4232452326007,37.23470484954326,25.432429576985324,5.344910300095924,0.7563495857870475,0.8422516548714845,292.25240478515633,270.67672090454124,-0.07382551358807819,0.7371749824314828,1386.4232452326007,25.432429576985324,0.33271196486598176
0.135,1386.3306836651711,37.23346188128591,25.43295293312104,5.343973849807497,0.7563658525831518,0.8422373217580841,292.25240478515633,270.6697493438723,-0.07384936817594402,0.7374092293277114,1386.3306836651711,25.43295293312104,0.3327079851856984
0.136,1386.238574053946,37.232224940956,25.43348606476825,5.343037399519071,0.7563820399523445,0.8422191388159472,292.25240478515633,270.6627777832033,-0.07387322276381003,0.7374092293277114,1386.238574053946,25.43348606476825,0.3327040947792916
0.137,1386.146916398925,37.230994029154324,25.434025513214088,5.3421009492306455,0.7563981478946258,0.8422057532788818,292.25240478515633,270.65580622253435,-0.07389707735167585,0.7374092293277114,1386.146916398925,25.434025513214088,0.3327002705931212
0.138,1386.0557107001084,37.22976914647885,25.43456496165992,5.341164498942218,0.7564141764099956,0.8421864109856011,292.25240478515633,270.6488346618654,-0.07392093193954166,0.7372365339578454,1386.0557107001084,25.43456496165992,0.332696470521319
0.139,1385.964956957496,37.22855029352468,25.435104783905008,5.340228048653793,0.7564301254984539,0.8421722958703663,292.25240478515633,270.6418631011965,-0.07394478652740728,0.7374092293277114,1385.964956957496,25.435104783905008,0.33269269705803944
0.14,1385.8746551710885,37.22733747088406,25.435645378816282,5.3392915983653655,0.7564459951600007,0.8421543030618172,292.25240478515633,270.6348915405276,-0.07396864111527311,0.7374092293277114,1385.8746551710885,25.435645378816282,0.3326889528645286
0.14100000000000001,1385.7848053408852,37.22613067914641,25.43618597372756,5.33835514807694,0.7564617853946359,0.84213887046195,292.25240478515633,270.6279199798586,-0.07399249570313912,0.7374092293277114,1385.7848053408852,25.43618597372756,0.33268523279249257
0.14200000000000002,1385.695407466886,37.22492991889825,25.436726568638832,5.337418697788514,0.7564774962023597,0.8421231120392418,292.25240478515633,270.62094841918963,-0.07401635029100494,0.7374092293277114,1385.695407466886,25.436726568638832,0.3326815368442769
0.14300000000000002,1385.6064615490914,37.22373519072329,25.437269881776096,5.336482247500088,0.756493127583172,0.8421031625069411,292.25240478515633,270.6139768585207,-0.07404020487887075,0.7370639194568017,1385.6064615490914,25.437269881776096,0.33267788314211755
0.14400000000000002,1385.5179675875006,37.22254649520235,25.437816645667613,5.335545797211661,0.7565086795370728,0.8420880537023051,292.25240478515633,270.6070052978518,-0.07406405946673639,0.7370639194568017,1385.5179675875006,25.437816645667613,0.3326742765714267
0.145,1385.4299255821152,37.22136383291342,25.438372923667433,5.334609346923233,0.756524152064062,0.8420696037580866,292.25240478515633,270.6000337371828,-0.0740879140546024,0.7368913857677902,1385.4299255821152,25.438372923667433,0.33267075755329517
0.146,1385.342335532933,37.22018720443159,25.438939558007778,5.333672896634806,0.7565395451641399,0.842054356855156,292.25240478515633,270.59306217651385,-0.07411176864246821,0.7368913857677902,1385.342335532933,25.438939558007778,0.3326673317044071
0.147,1385.2551974399557,37.21901661032913,25.439509896724978,5.33273644634638,0.7565548588373062,0.8420356485211785,292.25240478515633,270.58609061584485,-0.07413562323033422,0.7367189328340744,1385.2551974399557,25.439509896724978,0.3326639546845559
0.148,1385.1685113031829,37.21785205117543,25.440082692940226,5.331799996057954,0.7565700930835609,0.8420170076805094,292.25240478515633,270.5791190551759,-0.07415947781820004,0.7367189328340744,1385.1685113031829,25.440082692940226,0.3326606181842299
0.149,1385.0822771226144,37.216693527537,25.440660749944783,5.330863545769528,0.7565852479029043,0.842002240237031,292.25240478515633,270.57214749450696,-0.07418333240606587,0.7367189328340744,1385.0822771226144,25.440660749944783,0.33265734089264765
0.15,1384.9964948982501,37.21554103997751,25.4412396807033,5.3299270954811,0.756600323295336,0.8419898829992609,292.25240478515633,270.565175933838,-0.07420718699393168,0.7367189328340744,1384.9964948982501,25.4412396807033,0.3326540935677524
0.151,1384.9111646300903,37.21439458905775,25.441819768071642,5.328990645192675,0.7566153192608563,0.8419731134216017,292.25240478515633,270.55820437316913,-0.0742310415817973,0.7367189328340744,1384.9111646300903,25.441819768071642,0.3326508780973259
0.152,1384.8262863181346,37.21325417533563,25.442411640574605,5.328054194904249,0.7566302357994652,0.8419552014564647,292.25240478515633,270.55123281250013,-0.07425489616966331,0.7367189328340744,1384.8262863181346,25.442411640574605,0.33264776533415386
0.153,1384.7418599623836,37.21211979936622,25.443004021396547,5.327117744615822,0.7566450729111625,0.8419413755265673,292.25240478515633,270.5442612518312,-0.07427875075752914,0.736952960449333,1384.7418599623836,25.443004021396547,0.3326446801083461
0.154,1384.6578855628368,37.2109914617017,25.44359766876416,5.326181294327396,0.7566598305959482,0.8419234025926091,292.25240478515633,270.53728969116224,-0.07430260534539496,0.736952960449333,1384.6578855628368,25.44359766876416,0.33264162747650766
0.155,1384.5743631194946,37.20986916289138,25.444198919494387,5.32524484403897,0.7566745088538226,0.8419030726325304,292.25240478515633,270.5303181304933,-0.07432645993326077,0.7367805334581189,1384.5743631194946,25.444198919494387,0.3326386496825394
0.156,1384.4912926323564,37.20875290348168,25.444811159794604,5.324308393750543,0.7566891076847855,0.841885725406909,292.25240478515633,270.52334656982435,-0.07435031452112659,0.7367805334581189,1384.4912926323564,25.444811159794604,0.3326357693013425
0.157,1384.4086741014228,37.20764268401618,25.445442786115606,5.323371943462118,0.7567036270888368,0.8418678422900421,292.25240478515633,270.5163750091554,-0.0743741691089924,0.7370145063172672,1384.4086741014228,25.445442786115606,0.33263304230647045
0.158,1384.3265075266934,37.20653850503555,25.446087938522385,5.322435493173692,0.7567180670659766,0.8418495981381798,292.25240478515633,270.50940344848647,-0.07439802369685823,0.7370145063172672,1384.3265075266934,25.446087938522385,0.33263042963731354
0.159,1384.2447929081682,37.205440367077614,25.4467384405457,5.321499042885265,0.7567324276162049,0.8418337122370342,292.25240478515633,270.5024318878175,-0.07442187828472405,0.7370145063172672,1384.2447929081682,25.4467384405457,0.3326278767910572
0.16,1384.1635302458478,37.204348270677286,25.447396226136085,5.32056259259684,0.7567467087395217,0.841815043712465,292.25240478515633,270.4954603271486,-0.07444573287258986,0.7369036482694107,1384.1635302458478,25.447396226136085,0.3326253966617021
0.161,1384.0827195397314,37.20326221636661,25.448059132925593,5.319626142308412,0.756760910435927,0.8418002401534419,292.25240478515633,270.48848876647963,-0.07446958746045568,0.7365591397849462,1384.0827195397314,25.448059132925593,0.33262297483686726
0.162,1384.0023607898197,37.20218220467476,25.448722754568603,5.318689692019985,0.7567750327054208,0.8417834705557076,292.25240478515633,270.4815172058107,-0.0744934420483215,0.7363870063098855,1384.0023607898197,25.448722754568603,0.33262058194563404
0.163,1383.9224539961122,37.20110823612802,25.449386376211606,5.31775324173156,0.7567890755480031,0.8417649652236134,292.25240478515633,270.47454564514175,-0.07451729663618732,0.7363870063098855,1383.9224539961122,25.449386376211606,0.33261821322483975
0.164,1383.8429991586088,37.20004031124978,25.45005110513697,5.316816791443133,0.756803038963674,0.8417481786421377,292.25240478515633,270.46757408447274,-0.07454115122405333,0.7363870063098855,1383.8429991586088,25.45005110513697,0.33261587605780596
0.165,1383.7639962773098,37.19897843056056,25.450716699514782,5.315880341154707,0.7568169229524333,0.8417296521506304,292.25240478515633,270.4510284881593,-0.07459776528793284,0.7363870063098855,1383.7639962773098,25.450716699514782,0.33261356883455834
0.166,1383.6854453522153,37.19792259457798,25.451385494802448,5.31494389086628,0.7568307275142812,0.8417187620792614,292.25240478515633,270.43339692993175,-0.07465809518749522,0.7365591397849462,1383.6854453522153,25.451385494802448,0.33261130712550346
0.167,1383.6073463833254,37.196872803816795,25.452056326785275,5.314007440577854,0.7568444526492174,0.8416937753017485,292.25240478515633,270.4157653717042,-0.07471842508705759,0.7363870063098855,1383.6073463833254,25.452056326785275,0.33260908317195675
0.168,1383.5296993706395,37.19582905878883,25.45272809624109,5.313070990289429,0.7568580983572423,0.8416788467118906,292.25240478515633,270.39813381347665,-0.07477875498661996,0.7363870063098855,1383.5296993706395,25.45272809624109,0.33260688964846663
0.169,1383.4525043141582,37.19479136000306,25.453410711124274,5.3121345400010025,0.7568716646383555,0.8416570268014841,292.25240478515633,270.3805022552491,-0.07483908488618232,0.7363870063098855,1383.4525043141582,25.453410711124274,0.3326047926042461
0.17,1383.375761213881,37.19375970796554,25.45409394583016,5.311198089712577,0.7568851514925574,0.841638102035218,292.25240478515633,270.36287069702155,-0.07489941478574469,0.7363870063098855,1383.375761213881,25.45409394583016,0.33260272387666096
0.171,1383.2994700698084,37.19273410317946,25.454789774696877,5.31026163942415,0.7568985589198478,0.8416178944142882,292.25240478515633,270.345239138794,-0.07495974468530706,0.7363870063098855,1383.2994700698084,25.454789774696877,0.33260076328957233
0.17200000000000001,1383.2236308819402,37.191714546145086,25.455497265013257,5.309325189135724,0.7569118869202266,0.8415986096569449,292.25240478515633,270.32760758056645,-0.07502007458486942,0.736214953271028,1383.2236308819402,25.455497265013257,0.33259890462745734
0.17300000000000001,1383.148243650276,37.19070103735981,25.45621326038433,5.308388738847297,0.7569251354936939,0.8415810604934333,292.25240478515633,270.3099760223389,-0.0750804044844318,0.736214953271028,1383.148243650276,25.45621326038433,0.3325971268515367
0.17400000000000002,1383.0733083748166,37.18969357731812,25.456939312817344,5.3074522885588715,0.7569383046402498,0.8415614135768752,292.25240478515633,270.29234446411135,-0.07514073438399417,0.736214953271028,1383.0733083748166,25.456939312817344,0.3325954403095864
0.17500000000000002,1382.9988250555612,37.1886921665116,25.457667899064017,5.306515838270444,0.7569513943598941,0.8415423423408956,292.25240478515633,270.2747129058838,-0.07520106428355654,0.7363870063098855,1382.9988250555612,25.457667899064017,0.33259379485302754
0.176,1382.9247936925108,37.187696805428956,25.458405137205,5.305579387982025,0.7569644046526269,0.8415244869079287,292.25240478515633,270.25708134765625,-0.0752613941831189,0.7363870063098855,1382.9247936925108,25.458405137205,0.33259223126740556
0.177,1382.851214285664,37.186707494555954,25.459145066877486,5.304642937693591,0.7569773355184484,0.8415094600508489,292.25240478515633,270.2394497894287,-0.07532172408268127,0.7363870063098855,1382.851214285664,25.459145066877486,0.3325907098224318
0.178,1382.7780868350221,37.18572423437551,25.45988692174199,5.303706487405172,0.7569901869573581,0.841488618189561,292.25240478515633,270.2159425720215,-0.07540215872418399,0.7363870063098855,1382.7780868350221,25.45988692174199,0.33258922541156044
0.179,1382.7054113405839,37.18474702536759,25.46063138996738,5.302770037116738,0.7570029589693565,0.8414701741675692,292.25240478515633,270.17827191467285,-0.07553105640554386,0.7363870063098855,1382.7054113405839,25.46063138996738,0.33258778262409705
0.18,1382.6331878023504,37.1837758680093,25.461378855971994,5.30183358682832,0.7570156515544434,0.8414542442211177,292.25240478515633,270.14060125732425,-0.07565995408690356,0.7363870063098855,1382.6331878023504,25.461378855971994,0.3325863840245119
0.181,1382.5614162203215,37.1828107627748,25.462128721105103,5.300897136539884,0.7570282647126187,0.8414309658554204,292.25240478515633,270.1029305999756,-0.07578885176826343,0.7363870063098855,1382.5614162203215,25.462128721105103,0.33258502562405007
0.182,1382.490096594497,37.181851710135376,25.46287973769938,5.299960686251468,0.7570407984438825,0.8414097025524259,292.25240478515633,270.065259942627,-0.07591774944962312,0.7366207057723767,1382.490096594497,25.46287973769938,0.3325836991075514
0.183,1382.4192289248763,37.18089871055938,25.463630754293668,5.2990242359630315,0.757053252748235,0.8413840321492072,292.25240478515633,270.0275892852784,-0.0760466471309828,0.7363870063098855,1382.4192289248763,25.463630754293668,0.33258239680116136
0.184,1382.3488132114603,37.17995176451229,25.46438917730242,5.298087785674616,0.7570656276256758,0.8413652951275628,292.25240478515633,269.98991862792974,-0.07617554481234269,0.736214953271028,1382.3488132114603,25.46438917730242,0.3325811680784637
0.185,1382.2788494542483,37.17901087245663,25.465150327699615,5.2971513353861805,0.7570779230762053,0.8413451684504221,292.25240478515633,269.9522479705811,-0.07630444249370257,0.7363870063098855,1382.2788494542483,25.465150327699615,0.3325799817505651
0.186,1382.2093376532412,37.17807603485206,25.465914932701715,5.296214885097762,0.757090139099823,0.8413265580238998,292.25240478515633,269.9145773132325,-0.07643334017506224,0.7363870063098855,1382.2093376532412,25.465914932701715,0.33257884266698423
0.187,1382.1402778084384,37.1771472521553,25.46668615929024,5.295278434809329,0.7571022756965293,0.8413082871718294,292.25240478515633,269.8769066558839,-0.07656223785642194,0.7361533068473942,1382.1402778084384,25.46668615929024,0.33257777194088745
0.188,1382.0716699198397,37.17622452482016,25.467459712136623,5.294341984520909,0.7571143328663242,0.8412898748889571,292.25240478515633,269.83923599853523,-0.07669113553778181,0.7361533068473942,1382.0716699198397,25.467459712136623,0.332576740941103
0.189,1382.0035139874456,37.17530785329754,25.46823613233478,5.293405534232476,0.7571263106092077,0.8412720238324152,292.25240478515633,269.80156534118663,-0.0768200332191415,0.7361533068473942,1382.0035139874456,25.46823613233478,0.33257575327640754
0.19,1381.9358100112559,37.174397238035425,25.469030712132252,5.292469083944058,0.7571382089251795,0.8412510473860179,292.25240478515633,269.76389468383803,-0.07694893090050119,0.7361533068473942,1381.9358100112559,25.469030712132252,0.33257491088787766
0.191,1381.8685579912699,37.17349267947888,25.469828877256187,5.291532633655621,0.7571500278142399,0.8412324479607843,292.25240478515633,269.7262240264894,-0.07707782858186107,0.7361533068473942,1381.8685579912699,25.469828877256187,0.3325741166240825
0.192,1381.8017579274892,37.17259417807008,25.47063287376338,5.290596183367206,0.7571617672763887,0.8412105648917548,292.25240478515633,269.6885533691407,-0.07720672626322095,0.7361533068473942,1381.8017579274892,25.47063287376338,0.332573385459176
0.193,1381.7354098199123,37.171701734248224,25.471444614091176,5.28965973307877,0.7571734273116261,0.8411951186406534,292.25240478515633,269.6508827117921,-0.07733562394458064,0.7361533068473942,1381.7354098199123,25.471444614091176,0.3325727301433674
0.194,1381.66951366854,37.17081534844965,25.472270445668766,5.288723282790353,0.757185007919952,0.8411751854296077,292.25240478515633,269.6132120544435,-0.07746452162594032,0.7361533068473942,1381.66951366854,25.472270445668766,0.3325721929908478
0.195,1381.6040694733717,37.16993502110774,25.473107957293664,5.287786832501917,0.7571965091013664,0.8411558663032743,292.25240478515633,269.57554139709487,-0.0775934193073002,0.7361533068473942,1381.6040694733717,25.473107957293664,0.33257175793009125
0.196,1381.5390772344078,37.169060752652975,25.47395802383469,5.2868503822135,0.7572079308558692,0.8411356017285925,292.25240478515633,269.53787073974627,-0.07772231698865989,0.7361533068473942,1381.5390772344078,25.47395802383469,0.3325714307947616
0.197,1381.4745369516486,37.16819254351291,25.474813620063525,5.285913931925066,0.7572192731834607,0.8411190041966357,292.25240478515633,269.5002000823976,-0.07785121467001976,0.7361533068473942,1381.4745369516486,25.474813620063525,0.33257116475586285
0.198,1381.4104486250937,37.16733039411216,25.475680761338992,5.2849774816366475,0.7572305360841405,0.8411032635205321,292.25240478515633,269.46252942504907,-0.07798011235137926,0.7361533068473942,1381.4104486250937,25.475680761338992,0.3325709999139327
0.199,1381.3468122547429,37.16647430487243,25.476556943752502,5.284041031348212,0.757241719557909,0.8410840496893804,292.25240478515633,269.4248587677004,-0.07810901003273914,0.7361533068473942,1381.3468122547429,25.476556943752502,0.3325709195794125
0.2,1381.283627840597,37.16562427621252,25.477433224163686,5.283104581059795,0.7572528236047658,0.8410642268325034,292.25240478515633,269.38718811035176,-0.07823790771409903,0.7361533068473942,1381.283627840597,25.477433224163686,0.3325708641383239
0.201,1381.220895382655,37.16478030854824,25.478310214877663,5.2821681307713595,0.7572638482247112,0.8410475770845754,292.25240478515633,269.3495174530031,-0.0783668053954589,0.7361533068473942,1381.220895382655,25.478310214877663,0.3325708376740022
0.202,1381.1586148809172,37.163942402292534,25.479191986344155,5.281231680482943,0.7572747934177452,0.8410266321163183,292.25240478515633,269.31184679565456,-0.07849570307681838,0.7361533068473942,1381.1586148809172,25.479191986344155,0.3325708673220267
0.203,1381.0967863353842,37.16311055785541,25.480073757810647,5.280295230194507,0.7572856591838675,0.8410096328365677,292.25240478515633,269.2741761383059,-0.07862460075817827,0.7361533068473942,1381.0967863353842,25.480073757810647,0.33257092121517723
0.20400000000000001,1381.0354097460554,37.16228477564391,25.48095636169817,5.27935877990609,0.7572964455230784,0.840991093376388,292.25240478515633,269.23650548095725,-0.07875349843953815,0.7361533068473942,1381.0354097460554,25.48095636169817,0.3325710049040639
0.20500000000000002,1380.9744851129308,37.161465056062184,25.481840293430977,5.278422329617654,0.7573071524353778,0.8409673737144683,292.25240478515633,269.19883482360865,-0.07888239612089784,0.7361533068473942,1380.9744851129308,25.481840293430977,0.33257112169283876
0.20600000000000002,1380.9140124360108,37.16065139951143,25.482729914687184,5.277485879329237,0.7573177799207657,0.8409463565351971,292.25240478515633,269.16116416626005,-0.07901129380225752,0.7361533068473942,1380.9140124360108,25.482729914687184,0.33257130065838447
0.20700000000000002,1380.8539917152948,37.159843806389915,25.48362418446097,5.276549429040802,0.7573283279792421,0.8409335290927085,292.25240478515633,269.1234935089114,-0.07914019148361741,0.735981308411215,1380.8539917152948,25.48362418446097,0.33257153486287
0.20800000000000002,1380.7944229507837,37.159042277092986,25.484519241727828,5.2756129787523856,0.7573387966108069,0.8409095371488916,292.25240478515633,269.0858228515628,-0.07926908916497709,0.7358093903293623,1380.7944229507837,25.484519241727828,0.33257179856999375
0.209,1380.7353061424765,37.15824681201303,25.485414298994687,5.274676528463957,0.7573491858154604,0.8408891890005505,292.25240478515633,269.0481521942142,-0.07939798684633677,0.7358093903293623,1380.7353061424765,25.485414298994687,0.3325720865318363
0.21,1380.676641290374,37.15745741153953,25.48630951775001,5.27374007817553,0.7573594955932023,0.8408640375449867,292.25240478515633,269.01048153686554,-0.07952688452769666,0.7358093903293623,1380.676641290374,25.48630951775001,0.3325723998264499
0.211,1380.6184283944756,37.15667407605901,25.487208222328455,5.272803627887105,0.7573697259440326,0.8408393922089329,292.25240478515633,268.97237035522494,-0.07965728955094571,0.7358093903293623,1380.6184283944756,25.487208222328455,0.33257276061564806
0.212,1380.5606674547817,37.15589680595507,25.488108034602334,5.271867177598677,0.7573798768679516,0.8408227410758061,292.25240478515633,268.93033037109404,-0.07980113775695723,0.7356375525455394,1380.5606674547817,25.488108034602334,0.33257315304818513
0.213,1380.503358471292,37.15512560160835,25.489010631579536,5.270930727310252,0.757389948364959,0.8408046436345615,292.25240478515633,268.8882903869632,-0.07994498596296855,0.7356375525455394,1380.503358471292,25.489010631579536,0.33257358830464556
0.214,1380.4465014440066,37.15436046339658,25.489923721573646,5.269994277021825,0.7573999404350549,0.8407860950802508,292.25240478515633,268.84625040283237,-0.08008883416897986,0.7354040168145727,1380.4465014440066,25.489923721573646,0.33257411777074464
0.215,1380.3900963729259,37.15360139169453,25.490841772471434,5.269057826733399,0.7574098530782394,0.8407653993875462,292.25240478515633,268.8042104187015,-0.08023268237499137,0.7351704810836058,1380.3900963729259,25.490841772471434,0.3325747045704938
0.216,1380.3341432580492,37.15284838687404,25.491773605150414,5.268121376444973,0.7574196862945123,0.840744346775292,292.25240478515633,268.76217043457063,-0.08037653058100269,0.7351704810836058,1380.3341432580492,25.491773605150414,0.33257540750602066
0.217,1380.278642099377,37.15210144930401,25.49270543957812,5.267184926156546,0.7574294400838737,0.8407200226648252,292.25240478515633,268.7201304504398,-0.08052037878701401,0.7349988325939761,1380.278642099377,25.49270543957812,0.33257613472005626
0.218,1380.2235928969092,37.151360579350374,25.49363727400583,5.266248475868119,0.7574391144463236,0.8406960827763764,292.25240478515633,268.67809046630896,-0.08066422699302532,0.7349988325939761,1380.2235928969092,25.49363727400583,0.3325768862024073
0.219,1380.168995650646,37.150625777376156,25.494570342727165,5.265312025579695,0.757448709381862,0.8406761281248627,292.25240478515633,268.63605048217806,-0.08080807519903684,0.7349988325939761,1380.168995650646,25.494570342727165,0.33257767018242074
0.22,1380.1148503605868,37.14989704374141,25.495521431631076,5.264375575291267,0.757458224890489,0.8406600550612805,292.25240478515633,268.5940104980472,-0.08095192340504816,0.7350606909430439,1380.1148503605868,25.495521431631076,0.3325785985575489
0.221,1380.0611570267322,37.14917437880325,25.49647538505426,5.263439125002842,0.7574676609722044,0.8406440382688889,292.25240478515633,268.5519705139164,-0.08109577161105948,0.7350606909430439,1380.0611570267322,25.49647538505426,0.33257957030041596
0.222,1380.0079156490817,37.148457782915855,25.497429338477453,5.2625026747144155,0.7574770176270083,0.8406281112333626,292.25240478515633,268.50993052978555,-0.08123961981707079,0.7350606909430439,1380.0079156490817,25.497429338477453,0.3325805663173354
0.223,1379.9551262276354,37.14774725643044,25.498389799597305,5.261566224425989,0.7574862948549008,0.8406065569181742,292.25240478515633,268.4678905456547,-0.0813834680230821,0.7350606909430439,1379.9551262276354,25.498389799597305,0.3325816299905126
0.224,1379.9027887623938,37.14704279969529,25.499352975241127,5.260629774137563,0.7574954926558817,0.8405875270374042,292.25240478515633,268.4258505615238,-0.08152731622909362,0.7350606909430439,1379.9027887623938,25.499352975241127,0.33258273603576305
0.225,1379.8509032533566,37.14634441305573,25.50032387520074,5.259693323849136,0.7575046110299511,0.8405676034825992,292.25240478515633,268.383810577393,-0.08167116443510494,0.7352323137987392,1379.8509032533566,25.50032387520074,0.3325839178501212
0.226,1379.7994697005236,37.14565209685413,25.501294775160353,5.25875687356071,0.7575136499771091,0.8405472157858296,292.25240478515633,268.3417705932621,-0.08181501264111644,0.7352323137987392,1379.7994697005236,25.501294775160353,0.33258512394407985
0.227,1379.7484881038952,37.14496585142992,25.50226830805272,5.2578204232722845,0.7575226094973555,0.8405229281723391,292.25240478515633,268.29973060913125,-0.08195886084712777,0.7352323137987392,1379.7484881038952,25.50226830805272,0.3325863718703267
0.228,1379.697958463471,37.14428567711958,25.503243391046688,5.256883972983857,0.7575314895906904,0.840502620174687,292.25240478515633,268.2576906250004,-0.08210270905313909,0.7352323137987392,1379.697958463471,25.503243391046688,0.3325876544119727
0.229,1379.6478807792512,37.14361157425663,25.504219075672218,5.255947522695432,0.7575402902571138,0.8404769323862201,292.25240478515633,268.21357693023725,-0.08225365287444171,0.7354657950035022,1379.6478807792512,25.504219075672218,0.33258896524777837
0.23,1379.5982550512354,37.14294354317163,25.505198603797524,5.255011072407005,0.7575490114966259,0.8404556126514321,292.25240478515633,268.16720732116744,-0.08241231575731484,0.7354657950035022,1379.5982550512354,25.505198603797524,0.33259032598960586
0.231,1379.5490812794246,37.14228158419222,25.506183638320223,5.254074622118579,0.7575576533092262,0.8404383754989246,292.25240478515633,268.1208377120976,-0.08257097864018795,0.7352941176470589,1379.5490812794246,25.506183638320223,0.3325917477237676
0.232,1379.5003594638179,37.14162569764304,25.50717967867245,5.253138171830153,0.7575662156949152,0.8404222623649548,292.25240478515633,268.07446810302775,-0.08272964152306125,0.7352941176470589,1379.5003594638179,25.50717967867245,0.33259326711119475
0.233,1379.4520896044148,37.14097588384579,25.508175719024678,5.252201721541727,0.7575746986536926,0.8404028362771861,292.25240478515633,268.02809849395794,-0.08288830440593437,0.7352941176470589,1379.4520896044148,25.508175719024678,0.33259481078747755
0.234,1379.404271701217,37.14033214311925,25.5091717593769,5.2512652712533,0.7575831021855586,0.840380124839217,292.25240478515633,267.9817288848881,-0.08304696728880749,0.73512252042007,1379.404271701217,25.5091717593769,0.3325963787538911
0.23500000000000001,1379.3569057542231,37.13969447577919,25.51016940704834,5.250328820964874,0.757591426290513,0.8403575669374828,292.25240478515633,267.9353592758183,-0.0832056301716806,0.7347176854876342,1379.3569057542231,25.51016940704834,0.3325979817262102
0.23600000000000002,1379.3099917634338,37.13906288213845,25.511170777576755,5.249392370676447,0.757599670968556,0.8403406929680322,292.25240478515633,267.8889896667485,-0.08336429305455371,0.7347176854876342,1379.3099917634338,25.511170777576755,0.332599633808022
0.23700000000000002,1379.263529728849,37.138437362506906,25.5121829443557,5.248455920388022,0.7576078362196874,0.8403228692942603,292.25240478515633,267.8822157196049,-0.08338747146825595,0.7347176854876342,1379.263529728849,25.5121829443557,0.3326013821523449
0.23800000000000002,1379.2175196504681,37.13781791719148,25.51320122062279,5.247519470099594,0.7576159220439075,0.8403043746020987,292.25240478515633,267.91116112670943,-0.0832884289740606,0.7347176854876342,1379.2175196504681,25.51320122062279,0.33260319551809225
0.23900000000000002,1379.1719615282923,37.13720454649612,25.514233968262896,5.246583019811169,0.7576239284412158,0.840280138782997,292.25240478515633,267.9401065338139,-0.08318938647986542,0.7345463027758339,1379.1719615282923,25.514233968262896,0.33260512964744
0.24,1379.1268553623202,37.13659725072183,25.515269779167667,5.245646569522741,0.7576318554116128,0.8402552576403433,292.25240478515633,267.96905194091835,-0.08309034398567025,0.734375,1379.1268553623202,25.515269779167667,0.33260710849427433
0.241,1379.0822011525524,37.13599603016664,25.51630573546455,5.2447101192343135,0.7576397029550983,0.8402328470731657,292.25240478515633,267.99799734802286,-0.08299130149147488,0.7342037771042201,1379.0822011525524,25.51630573546455,0.3326091126090269
0.242,1379.0379988989896,37.135400885125634,25.517345091650597,5.243773668945888,0.7576474710716723,0.8402134069928817,292.25240478515633,268.0269427551273,-0.08289225899727971,0.7339706225227326,1379.0379988989896,25.517345091650597,0.3326111636876031
0.243,1378.9942486016305,37.1348118158909,25.518390524753222,5.242837218657462,0.7576551597613347,0.84018974257831,292.25240478515633,268.0558881622318,-0.08279321650308454,0.7342037771042201,1378.9942486016305,25.518390524753222,0.332613279576439
0.244,1378.950950260476,37.1342288227516,25.519441745732387,5.241900768369036,0.7576627690240857,0.8401642787303109,292.25240478515633,268.0848335693363,-0.08269417400888918,0.7342037771042201,1378.950950260476,25.519441745732387,0.33261545834992856
0.245,1378.908103875526,37.13365190599392,25.520505362771566,5.240964318080609,0.7576702988599252,0.840140347815541,292.25240478515633,268.11377897644076,-0.082595131514694,0.7342037771042201,1378.908103875526,25.520505362771566,0.33261774405986977
0.246,1378.86570944678,37.13308106590107,25.521578753947214,5.240027867792183,0.7576777492688531,0.8401248481238726,292.25240478515633,268.1427243835452,-0.08249608902049883,0.7342037771042201,1378.86570944678,25.521578753947214,0.33262011922945384
0.247,1378.8237669742387,37.13251630275329,25.522664510983248,5.239091417503756,0.7576851202508696,0.8400982486738618,292.25240478515633,268.1716697906497,-0.08239704652630366,0.7342037771042201,1378.8237669742387,25.522664510983248,0.3326226011364301
0.248,1378.7822764579016,37.131957616827876,25.523752875037943,5.238154967215331,0.7576924118059746,0.8400765873570876,292.25240478515633,268.2006151977542,-0.0822980040321083,0.7342037771042201,1378.7822764579016,25.523752875037943,0.3326251247287268
0.249,1378.7412378977692,37.13140500839915,25.524847969609034,5.237218516926903,0.757699623934168,0.8400581416889175,292.25240478515633,268.22956060485865,-0.08219896153791312,0.7342037771042201,1378.7412378977692,25.524847969609034,0.33262771749499065
0.25,1378.7006512938406,37.13085847773844,25.525962709738685,5.236282066638478,0.7577067566354501,0.84004038121233,292.25240478515633,268.2585060119631,-0.08209991904371795,0.7342037771042201,1378.7006512938406,25.525962709738685,0.3326304655289598
0.251,1378.6605166461168,37.13031802511415,25.527094385772564,5.235345616350052,0.7577138099098205,0.8400148133740462,292.25240478515633,268.28745141906757,-0.08200087654952277,0.7342037771042201,1378.6605166461168,25.527094385772564,0.33263335076894596
0.252,1378.620833954597,37.12978365079168,25.528232189788387,5.234409166061624,0.7577207837572795,0.8399961276248313,292.25240478515633,268.3163968261721,-0.08190183405532742,0.7342037771042201,1378.620833954597,25.528232189788387,0.33263630116957893
0.253,1378.581603219282,37.12925535503347,25.529376288870584,5.233472715773199,0.7577276781778269,0.8399716789669275,292.25240478515633,268.3453422332766,-0.08180279156113204,0.7344369316857077,1378.581603219282,25.529376288870584,0.332639317845706
0.254,1378.5428244401708,37.128733138099,25.53052278513913,5.232536265484772,0.757734493171463,0.8399499421668578,292.25240478515633,268.37428764038106,-0.08170374906693688,0.7342657342657343,1378.5428244401708,25.53052278513913,0.3326423748148002
0.255,1378.5044976172642,37.12821700024476,25.53167127268991,5.231599815196346,0.7577412287381875,0.8399247737074773,292.25240478515633,268.4032330474855,-0.0816047065727417,0.7342657342657343,1378.5044976172642,25.53167127268991,0.3326454693720998
0.256,1378.466622750562,37.12770694172429,25.53282858300444,5.230663364907921,0.7577478848780005,0.8399024916610514,292.25240478515633,268.43217845459,-0.08150566407854654,0.734094616639478,1378.466622750562,25.53282858300444,0.3326486470577941
0.257,1378.4291998400645,37.12720296278814,25.53398701942263,5.229726914619493,0.757754461590902,0.8398802689573438,292.25240478515633,268.46112386169443,-0.08140662158435136,0.734094616639478,1378.4291998400645,25.53398701942263,0.33265185656636387
0.258,1378.3922288857707,37.126705063683886,25.535150276172384,5.228790464331067,0.7577609588768919,0.8398557376090959,292.25240478515633,268.49006926879895,-0.081307579090156,0.733923578751165,1378.3922288857707,25.535150276172384,0.33265512252480334
0.259,1378.3557098876815,37.12621324465615,25.536315879185757,5.2278540140426415,0.7577673767359705,0.8398334268750028,292.25240478515633,268.5190146759034,-0.08120853659596082,0.733923578751165,1378.3557098876815,25.536315879185757,0.3326584284417659
0.26,1378.319642845797,37.125727505946564,25.53748900822883,5.226917563754214,0.7577737151681374,0.8398088442744004,292.25240478515633,268.54796008300787,-0.08110949410176566,0.733923578751165,1378.319642845797,25.53748900822883,0.3326618088469326
0.261,1378.284027760117,37.12524784779378,25.53866356553726,5.225981113465789,0.7577799741733928,0.8397902147160748,292.25240478515633,268.5769054901123,-0.08101045160757048,0.733923578751165,1378.284027760117,25.53866356553726,0.33266522309309704
0.262,1378.2488646306406,37.12477427043349,25.539838122845698,5.225044663177363,0.757786153751737,0.8397655905595092,292.25240478515633,268.6058508972168,-0.08091140911337531,0.733923578751165,1378.2488646306406,25.539838122845698,0.33266866166027664
0.263,1378.2141534573689,37.12430677409841,25.541013481302173,5.224108212888936,0.7577922539031694,0.8397419454774944,292.25240478515633,268.6347963043213,-0.08081236661917994,0.733923578751165,1378.2141534573689,25.541013481302173,0.33267212988991585
0.264,1378.1798942403018,37.12384535901826,25.542192212147306,5.22317176260051,0.7577982746276904,0.8397190886137298,292.25240478515633,268.6637417114258,-0.08071332412498457,0.733923578751165,1378.1798942403018,25.542192212147306,0.3326756449230189
0.265,1378.1460869794387,37.1233900254198,25.543372982163792,5.222235312312083,0.7578042159252999,0.839701426084748,292.25240478515633,268.6885322113037,-0.0806284984760866,0.733923578751165,1378.1460869794387,25.543372982163792,0.3326791978731649
0.266,1378.11273167478,37.12294077352682,25.544553799084053,5.221298862023657,0.757810077795998,0.8396827568575417,292.25240478515633,268.6828809631348,-0.0806478353509126,0.7337526205450734,1378.11273167478,25.544553799084053,0.3326827754606416
0.267,1378.079828326326,37.122497603560106,25.54573938908122,5.220362411735231,0.7578158602397844,0.8396619605873612,292.25240478515633,268.67722971496585,-0.08066717222573862,0.7337526205450734,1378.079828326326,25.54573938908122,0.3326864091913617
0.268,1378.047376934076,37.12206051573749,25.546930196012948,5.219425961446806,0.7578215632566595,0.8396318699345678,292.25240478515633,268.6715784667969,-0.08068650910056463,0.7337526205450734,1378.047376934076,25.546930196012948,0.3326901020249852
0.269,1378.0153774980304,37.1216295102738,25.548122963979786,5.218489511158379,0.757827186846623,0.8396071546961645,292.25240478515633,268.6416274795533,-0.08078899238813811,0.7337526205450734,1378.0153774980304,25.548122963979786,0.3326938322582982
0.27,1377.9838300181893,37.12120458738091,25.54932416182737,5.217553060869953,0.757832731009675,0.8395828913336901,292.25240478515633,268.61060874938966,-0.0808951291714656,0.7337526205450734,1377.9838300181893,25.54932416182737,0.3326976430139648
0.271,1377.9527344945525,37.120785747267696,25.550532442286315,5.216616610581526,0.7578381957458155,0.839560643314973,292.25240478515633,268.57959001922615,-0.08100126595479272,0.7335817419655333,1377.9527344945525,25.550532442286315,0.3327015253118204
0.272,1377.92209092712,37.12037299014006,25.551741135038377,5.2156801602930996,0.7578435810550446,0.8395355684468485,292.25240478515633,268.5485712890626,-0.08110740273812002,0.7335817419655333,1377.92209092712,25.551741135038377,0.3327054346878398
0.273,1377.8918993158923,37.11996631620094,25.55295090200371,5.214743710004674,0.7578488869373621,0.83950909412646,292.25240478515633,268.517552558899,-0.08121353952144733,0.7335817419655333,1377.8918993158923,25.55295090200371,0.33270937555524494
0.274,1377.8621596608682,37.11956572565024,25.55416124221204,5.213807259716247,0.7578541133927681,0.8394854763268382,292.25240478515633,268.4865338287354,-0.08131967630477484,0.7335817419655333,1377.8621596608682,25.55416124221204,0.3327133445753293
0.275,1377.832871962049,37.11917121868495,25.55537471762682,5.212870809427821,0.7578592604212626,0.8394639450982962,292.25240478515633,268.4555150985718,-0.08142581308810214,0.7337526205450734,1377.832871962049,25.55537471762682,0.332717358827124
0.276,1377.804036219434,37.11878279549902,25.556588193041602,5.211934359139396,0.7578643280228455,0.8394361744727635,292.25240478515633,268.4275442993165,-0.08152152076679825,0.7335196832052178,1377.804036219434,25.556588193041602,0.33272139741188017
0.277,1377.7756524330232,37.118400456283446,25.55780166845638,5.210997908850969,0.7578693161975172,0.8394128099236123,292.25240478515633,268.4487011932373,-0.08144912822673901,0.7332867458653622,1377.7756524330232,25.55780166845638,0.3327254603303617
0.278,1377.747720602817,37.11802420122624,25.559015143871168,5.210061458562542,0.7578742249452771,0.8393855594502554,292.25240478515633,268.46985808715823,-0.08137673568667939,0.7332867458653622,1377.747720602817,25.559015143871168,0.33272954758332063
0.279,1377.720240728815,37.11765403051242,25.560230498557242,5.209125008274117,0.7578790542661257,0.8393593616677372,292.25240478515633,268.4910149810791,-0.08130434314661995,0.7332867458653622,1377.720240728815,25.560230498557242,0.3327336716988623
0.28,1377.6932128110175,37.11728994432403,25.561448553509248,5.208188557985689,0.7578838041600627,0.8393335690658965,292.25240478515633,268.5098203125,-0.08123999694753666,0.7330538085255066,1377.6932128110175,25.561448553509248,0.33273783815052743
0.281,1377.6666368494245,37.11693194284011,25.562673150623695,5.207252107697263,0.7578884746270882,0.8393102166824042,292.25240478515633,268.50193591003415,-0.08126697500601193,0.7330538085255066,1377.6666368494245,25.562673150623695,0.33274207254940646
0.28200000000000003,1377.6405128440356,37.11658002623673,25.563905077114672,5.2063156574088385,0.7578930656672023,0.8392887835620705,292.25240478515633,268.4940515075684,-0.08129395306448702,0.7332867458653622,1377.6405128440356,25.563905077114672,0.3327463801438324
0.28300000000000003,1377.614840794851,37.11623419468698,25.565154111774888,5.20537920712041,0.7578975772804049,0.839267595320789,292.25240478515633,268.48616710510254,-0.08132093112296229,0.7332867458653622,1377.614840794851,25.565154111774888,0.3327508261206735
0.28400000000000003,1377.5896207018707,37.11589444836094,25.56640830202414,5.204442756831985,0.757902009466696,0.8392421810588906,292.25240478515633,268.47828270263676,-0.08134790918143736,0.7332867458653622,1377.5896207018707,25.56640830202414,0.33275533080380143
0.28500000000000003,1377.5648525650952,37.11556078742574,25.56766249227338,5.2035063065435585,0.7579063622260754,0.8392213373908217,292.25240478515633,268.470398300171,-0.08137488723991244,0.7332867458653622,1377.5648525650952,25.56766249227338,0.3327598598263362
0.28600000000000003,1377.5405363845236,37.115233212045474,25.568916682522634,5.202569856255132,0.7579106355585434,0.8391941621397806,292.25240478515633,268.46251389770515,-0.08140186529838772,0.7332867458653622,1377.5405363845236,25.568916682522634,0.33276441318893407
0.28700000000000003,1377.5166721601565,37.114911722381294,25.570179113827958,5.201633405966707,0.7579148294641,0.8391677942387932,292.25240478515633,268.4546294952393,-0.081428843356863,0.7330538085255066,1377.5166721601565,25.570179113827958,0.3327690458277461
0.28800000000000003,1377.4932598919938,37.11459631859134,25.571446103252626,5.200696955678279,0.7579189439427451,0.839149139305232,292.25240478515633,268.4346286376954,-0.08149728028746275,0.7328208711856511,1377.4932598919938,25.571446103252626,0.33277373319266834
0.289,1377.4702995800355,37.114287000830764,25.572718249582294,5.199760505389858,0.7579229789944786,0.8391257139880132,292.25240478515633,268.4087128784181,-0.08158595623624194,0.7328208711856511,1377.4702995800355,25.572718249582294,0.3327784792758723
0.29,1377.4477912242814,37.11398376925174,25.57401400519316,5.198824055101424,0.7579269346193007,0.8391078774057947,292.25240478515633,268.3827971191407,-0.08167463218502133,0.7328208711856511,1377.4477912242814,25.57401400519316,0.3327834070829091
0.291,1377.425734824732,37.11368662400344,25.575318555160656,5.197887604813005,0.7579308108172111,0.8390859703668039,292.25240478515633,268.3568813598634,-0.08176330813380052,0.7328208711856511,1377.425734824732,25.575318555160656,0.332788417856962
0.292,1377.4041303813865,37.113395565232054,25.576634153499025,5.1969511545245695,0.7579346075882103,0.839062426344073,292.25240478515633,268.33096560058607,-0.08185198408257972,0.7328208711856511,1377.4041303813865,25.576634153499025,0.3327935266240459
0.293,1377.3829778942456,37.11311059308079,25.577950466413604,5.196014704236153,0.7579383249322978,0.8390362438991179,292.25240478515633,268.30504984130874,-0.08194066003135891,0.7328208711856511,1377.3829778942456,25.577950466413604,0.33279866449887263
0.294,1377.3622773633092,37.11283170768985,25.579266779328194,5.195078253947718,0.7579419628494739,0.8390115500811071,292.25240478515633,268.27913408203136,-0.0820293359801383,0.7326502095947834,1377.3622773633092,25.579266779328194,0.33280382671858366
0.295,1377.342028788577,37.11255890919645,25.580583448060572,5.194141803659301,0.7579455213397384,0.838989889547271,292.25240478515633,268.25321832275404,-0.0821180119289175,0.7326502095947834,1377.342028788577,25.580583448060572,0.3328090156556363
0.296,1377.3222321700493,37.112292197734824,25.581910663642393,5.193205353370865,0.7579490004030914,0.8389658273397486,292.25240478515633,268.22730256347666,-0.08220668787769689,0.7327124563445867,1377.3222321700493,25.581910663642393,0.3328142992447592
0.297,1377.3028875077257,37.112031573436205,25.58324050120383,5.192268903082448,0.757952400039533,0.8389419915821116,292.25240478515633,268.20138680419933,-0.08229536382647608,0.7327124563445867,1377.3028875077257,25.58324050120383,0.3328196246586924
0.298,1377.2839948016067,37.11177703642883,25.58457581536056,5.191332452794012,0.7579557202490631,0.8389145564758114,292.25240478515633,268.17547104492195,-0.08238403977525546,0.7327124563445867,1377.2839948016067,25.58457581536056,0.3328250109270341
0.299,1377.2655540516919,37.11152858683797,25.58591112951729,5.1903960025055955,0.7579589610316817,0.8388855457761746,292.25240478515633,268.1495552856446,-0.08247271572403467,0.7327124563445867,1377.2655540516919,25.58591112951729,0.3328304215428845
0.3,1377.2475652579813,37.111286224785864,25.587256323374778,5.18945955221716,0.7579621223873888,0.8388618096524724,292.25240478515633,268.1236395263673,-0.08256139167281386,0.7327124563445867,1377.2475652579813,25.587256323374778,0.3328359223655691
0.301,1377.2300284204755,37.1110499503918,25.588612356371055,5.188523101928743,0.7579652043161843,0.8388412062260509,292.25240478515633,268.09772376709,-0.08265006762159305,0.7327124563445867,1377.2300284204755,25.588612356371055,0.33284151979125187
0.302,1377.212943539174,37.11081976377205,25.58996838936733,5.1875866516403075,0.7579682068180684,0.8388165561321405,292.25240478515633,268.07180800781265,-0.08273874357037225,0.7327124563445867,1377.212943539174,25.58996838936733,0.33284714156587447
0.303,1377.1963106140765,37.110595665039874,25.591324422363602,5.18665020135189,0.7579711298930409,0.8387918535211286,292.25240478515633,268.04589224853527,-0.08282741951915164,0.7324796274738068,1377.1963106140765,25.591324422363602,0.33285278768988996
0.304,1377.1801296451833,37.11037765430559,25.5926836908074,5.185713751063455,0.7579739735411021,0.8387657350964471,292.25240478515633,268.01997648925794,-0.08291609546793083,0.7324796274738068,1377.1801296451833,25.5926836908074,0.3328584797314787
0.305,1377.1644006324948,37.110165731676474,25.594049737002013,5.184777300775038,0.7579767377622516,0.8387386930854673,292.25240478515633,267.9940607299806,-0.08300477141671002,0.7327124563445867,1377.1644006324948,25.594049737002013,0.332864241304333
0.306,1377.1491235760107,37.109959897256836,25.595424845602782,5.183840850486602,0.7579794225564898,0.8387112124482858,292.25240478515633,267.96814497070324,-0.08309344736548942,0.7327124563445867,1377.1491235760107,25.595424845602782,0.3328700876385561
0.307,1377.134298475731,37.10976015114799,25.596804331988018,5.182904400198185,0.7579820279238163,0.8386792143567114,292.25240478515633,267.9422292114259,-0.08318212331426861,0.7325418994413407,1377.134298475731,25.596804331988018,0.3328759875065089
0.308,1377.1199253316554,37.10956649344823,25.598184234281373,5.18196794990975,0.7579845538642314,0.8386518386533556,292.25240478515633,267.9536439086915,-0.08314306564672269,0.7325418994413407,1377.1199253316554,25.598184234281373,0.33288191449841553
0.309,1377.1060041437843,37.10937892425289,25.599565553530514,5.181031499621334,0.7579870003777349,0.8386322550142833,292.25240478515633,267.9686123748781,-0.0830918480487098,0.7325418994413407,1377.1060041437843,25.599565553530514,0.3328878752877173
0.31,1377.0925349121171,37.109197443654274,25.600952232450986,5.180095049332897,0.757989367464327,0.8386072112830181,292.25240478515633,267.98358084106457,-0.08304063045069729,0.7327746741154563,1377.0925349121171,25.600952232450986,0.33289389615722487
0.311,1377.0795176366548,37.10902205174174,25.60233896966113,5.179158599044479,0.7579916551240076,0.8385786521381048,292.25240478515633,267.99854930725115,-0.0829894128526844,0.7323714219222713,1377.0795176366548,25.60233896966113,0.3328999417678824
0.312,1377.0669523173967,37.108852748601606,25.60372588515674,5.178222148756045,0.7579938633567767,0.8385495731220708,292.25240478515633,268.01351777343757,-0.0829381952546721,0.7323714219222713,1377.0669523173967,25.60372588515674,0.3329060129199364
0.313,1377.0548389543433,37.10868953431721,25.605113062569025,5.177285698467628,0.7579959921626342,0.8385217384160386,292.25240478515633,268.02848623962416,-0.0828869776566592,0.7323714219222713,1377.0548389543433,25.605113062569025,0.332912110171212
0.314,1377.0431775474938,37.108532408968884,25.606502138716927,5.176349248179193,0.7579980415415803,0.8384963602094588,292.25240478515633,268.0434547058106,-0.08283576005864689,0.7323714219222713,1377.0431775474938,25.606502138716927,0.33291824443318996
0.315,1377.0319680968487,37.10838137263398,25.607893345887312,5.175412797890775,0.758000011493615,0.8384751754412119,292.25240478515633,268.05842317199716,-0.08278454246063399,0.7323714219222713,1377.0319680968487,25.607893345887312,0.33292441725462185
0.316,1377.021210602408,37.108236425386856,25.609291155243145,5.174476347602339,0.7580019020187381,0.8384442376891827,292.25240478515633,268.07339163818364,-0.08273332486262149,0.7323714219222713,1377.021210602408,25.609291155243145,0.33293065844091707
0.317,1377.0109050641715,37.10809756729886,25.610699938559584,5.173539897313922,0.7580037131169497,0.838419405291069,292.25240478515633,268.08836010437017,-0.08268210726460878,0.7323714219222713,1377.0109050641715,25.610699938559584,0.3329369971349468
0.318,1377.0010514821397,37.10796479843835,25.612109718623433,5.172603447025487,0.7580054447882498,0.8383924648211813,292.25240478515633,268.1033285705567,-0.08263088966659608,0.7323714219222713,1377.0010514821397,25.612109718623433,0.33294336682812264
0.319,1376.9916498563123,37.10783811887069,25.61352464281853,5.171666996737071,0.7580070970326384,0.838367420788786,292.25240478515633,268.1182970367432,-0.08257967206858359,0.7323714219222713,1376.9916498563123,25.61352464281853,0.3329497951674819
0.32,1376.9827001866888,37.10771752865823,25.614939567013625,5.170730546448635,0.7580086698501155,0.8383413806177974,292.25240478515633,268.1332655029297,-0.08252845447057089,0.7323714219222713,1376.9827001866888,25.614939567013625,0.33295624786210404
0.321,1376.9742024732705,37.10760302786035,25.61635449120872,5.169794096160218,0.758010163240681,0.8383149646765106,292.25240478515633,268.14823396911623,-0.08247723687255819,0.7325418994413407,1376.9742024732705,25.61635449120872,0.33296272491222656
0.322,1376.9661567160556,37.1074946165334,25.617782786548762,5.168857645871783,0.7580115772043352,0.83828870062528,292.25240478515633,268.16320243530276,-0.08242601927454549,0.7323714219222713,1376.9661567160556,25.617782786548762,0.3329693154511437
0.323,1376.9585629150456,37.107392294730786,25.619215031203346,5.167921195583365,0.7580129117410778,0.8382629487563135,292.25240478515633,268.1781709014893,-0.08237480167653279,0.7323714219222713,1376.9585629150456,25.619215031203346,0.33297595667243113
0.324,1376.95142107024,37.107296062502854,25.620650922410686,5.16698474529493,0.7580141668509088,0.8382350299948139,292.25240478515633,268.19313936767577,-0.08232358407852028,0.7323714219222713,1376.95142107024,25.620650922410686,0.3329826465580573
0.325,1376.9447311816384,37.10720591989699,25.62208999099041,5.166048295006512,0.7580153425338285,0.8382073189328284,292.25240478515633,268.19312278747566,-0.08232364081098797,0.7323714219222713,1376.9447311816384,25.62208999099041,0.33298938198061956
0.326,1376.9384932492414,37.107121866957584,25.623529620498374,5.165111844718077,0.7580164387898366,0.83818241837892,292.25240478515633,268.18972832641606,-0.08233525563777475,0.7322010237319684,1376.9384932492414,25.623529620498374,0.33299614549887985
0.327,1376.9327072730487,37.107043903725994,25.624977955914602,5.164175394429661,0.7580174556189333,0.8381589080626926,292.25240478515633,268.18633386535646,-0.08234687046456153,0.7322010237319684,1376.9327072730487,25.624977955914602,0.3330029914080599
0.328,1376.9273732530603,37.10697203024063,25.626426291330823,5.1632389441412245,0.7580183930211184,0.838132848318243,292.25240478515633,268.18293940429686,-0.0823584852913483,0.7322010237319684,1376.9273732530603,25.626426291330823,0.33300986167406654
0.329,1376.9224911892763,37.10690624653686,25.627876191176878,5.162302493852808,0.758019250996392,0.8381057794063015,292.25240478515633,268.1795449432374,-0.0823701001181347,0.7324336900884132,1376.9224911892763,25.627876191176878,0.3330167667256499
0.33,1376.9180610816968,37.106846552647085,25.629328149238678,5.161366043564372,0.7580200295447541,0.8380768613744549,292.25240478515633,268.1761504821778,-0.08238171494492148,0.7324336900884132,1376.9180610816968,25.629328149238678,0.3330237098545536
0.331,1376.9140829303217,37.106792948600685,25.630780107300474,5.160429593275954,0.7580207286662047,0.8380497194284102,292.25240478515633,268.17275602111823,-0.08239332977170806,0.7326663564448581,1376.9140829303217,25.630780107300474,0.3330306773406728
0.332,1376.9105567351505,37.106745434424056,25.632235320847514,5.15949314298752,0.7580213483607439,0.8380228375183025,292.25240478515633,268.16936156005863,-0.08240494459849484,0.732836862927624,1376.9105567351505,25.632235320847514,0.333037690885425
0.333,1376.907482496184,37.1067040101406,25.63369507524449,5.158556692699103,0.7580218886283715,0.8379980141340183,292.25240478515633,268.1659670989991,-0.08241655942528144,0.732836862927624,1376.907482496184,25.63369507524449,0.3330447590572428
0.334,1376.9048602134217,37.10666867577069,25.635156883767504,5.157620242410668,0.7580223494690876,0.837973051507145,292.25240478515633,268.1625726379395,-0.0824281742520682,0.732836862927624,1376.9048602134217,25.635156883767504,0.33305186527951697
0.335,1376.9026898868642,37.10663943133175,25.636625406595893,5.156683792122249,0.7580227308828922,0.8379449542156068,292.25240478515633,268.15917817687995,-0.0824397890788548,0.732836862927624,1376.9026898868642,25.636625406595893,0.33305904061742697
0.336,1376.9009715165105,37.10661627683816,25.638102866008186,5.1557473418338144,0.7580230328697855,0.837915228813631,292.25240478515633,268.1557837158204,-0.08245140390564139,0.732836862927624,1376.9009715165105,25.638102866008186,0.33306629988490805
0.337,1376.8997051023614,37.106599212301326,25.639590649414238,5.154810891545397,0.758023255429767,0.8378867254380248,292.25240478515633,268.15238925476086,-0.08246301873242796,0.732836862927624,1376.8997051023614,25.639590649414238,0.33307365233058545
0.338,1376.8988906444163,37.106588237729646,25.64108461478881,5.153874441256963,0.7580233985628372,0.8378574291264619,292.25240478515633,268.14899479370126,-0.08247463355921475,0.7326663564448581,1376.8988906444163,25.64108461478881,0.33308107034343737
0.339,1376.8985281426765,37.10658335312854,25.64258709060693,5.152937990968546,0.7580234622689958,0.8378269972329632,292.25240478515633,268.1456003326417,-0.08248624838600133,0.7326663564448581,1376.8985281426765,25.64258709060693,0.3330885694452773
0.34,1376.8986175971402,37.1065845585004,25.64409568984602,5.15200154068011,0.7580234465482429,0.837800153004277,292.25240478515633,268.1422058715821,-0.08249786321278811,0.7326663564448581,1376.8986175971402,25.64409568984602,0.3330961337240406
0.341,1376.8991590078085,37.10659185384463,25.64560859679976,5.151065090391693,0.7580233514005785,0.8377727846083465,292.25240478515633,268.13881141052264,-0.08250947803957451,0.7326663564448581,1376.8991590078085,25.64560859679976,0.33310375107608875
0.342,1376.900152374681,37.10660523915764,25.647125951350468,5.150128640103257,0.7580231768260027,0.8377448334050903,292.25240478515633,268.13541694946304,-0.08252109286636128,0.7326663564448581,1376.900152374681,25.647125951350468,0.33311142243387326
0.343,1376.9015976977582,37.10662471443284,25.64865085547291,5.149192189814839,0.7580229228245153,0.8377201447263676,292.25240478515633,268.1320224884035,-0.08253270769314787,0.7326663564448581,1376.9015976977582,25.64865085547291,0.3331191684753677
0.34400000000000003,1376.9034949770396,37.10665027966065,25.650180812140764,5.148255739526405,0.7580225893961166,0.8376943930380792,292.25240478515633,268.1286280273439,-0.08254432251993465,0.732836862927624,1376.9034949770396,25.650180812140764,0.33312697255516627
0.34500000000000003,1376.9058442125254,37.106681934828465,25.651714508290283,5.147319289237987,0.7580221765408062,0.8376693279466473,292.25240478515633,268.1252335662844,-0.08255593734672104,0.732836862927624,1376.9058442125254,25.651714508290283,0.33313482592023586
0.34600000000000003,1376.9086454042153,37.106719679920715,25.653249172786378,5.146382838949552,0.7580216842585843,0.8376416080113597,292.25240478515633,268.1218391052248,-0.08256755217350782,0.732836862927624,1376.9086454042153,25.653249172786378,0.3331427100979169
0.34700000000000003,1376.91189855211,37.10676351491881,25.654783837282476,5.145446388661134,0.7580211125494509,0.8376147380862325,292.25240478515633,268.11844464416527,-0.0825791670002944,0.732836862927624,1376.91189855211,25.654783837282476,0.3331506186330632
0.34800000000000003,1376.9156036562088,37.10681343980117,25.65631850177857,5.1445099383727,0.7580204614134062,0.8375913287088372,292.25240478515633,268.11505018310567,-0.08259078182708118,0.732836862927624,1376.9156036562088,25.65631850177857,0.33315855152558843
0.34900000000000003,1376.9197607165117,37.10686945454321,25.657860059200416,5.143573488084281,0.7580197308504498,0.8375582183628772,292.25240478515633,268.1116557220461,-0.08260239665386777,0.732836862927624,1376.9197607165117,25.657860059200416,0.3331665547241614
0.35000000000000003,1376.9243697330196,37.106931559117356,25.65940845515462,5.142637037795848,0.758018920860582,0.837529379026381,292.25240478515633,268.1082612609865,-0.08261401148065455,0.7326041424249476,1376.9243697330196,25.65940845515462,0.3331746278660814
0.35100000000000003,1376.9294307057316,37.10699975349303,25.66095685110882,5.141700587507429,0.7580180314438025,0.8375036869016397,292.25240478515633,268.104866799927,-0.08262562630744114,0.7327746741154563,1376.9294307057316,25.66095685110882,0.33318272536504934
0.352,1376.9349436346479,37.10707403763665,25.662506702431084,5.140764137218999,0.7580170626001117,0.8374739164305154,292.25240478515633,268.1014723388674,-0.08263724113422792,0.7326041424249476,1376.9349436346479,25.662506702431084,0.33319085692252515
0.353,1376.9409085197685,37.10715441151165,25.664059072841113,5.139827686930572,0.7580160143295094,0.8374489534021351,292.25240478515633,268.09807787780784,-0.0826488559610145,0.7326041424249476,1376.9409085197685,25.664059072841113,0.33319902962919895
0.354,1376.9473253610934,37.10724087507845,25.66561144325115,5.138891236642146,0.7580148866319956,0.8374186460962241,292.25240478515633,268.1066253295901,-0.08261960914681452,0.7322010237319684,1376.9473253610934,25.66561144325115,0.333207226692482
0.355,1376.9541941586226,37.1073334282945,25.667168135822727,5.13795478635372,0.7580136795075703,0.8373921696076982,292.25240478515633,268.1295068664553,-0.08254131539630788,0.7320307048150733,1376.9541941586226,25.667168135822727,0.33321547692406145
0.356,1376.9615149123563,37.107432071114225,25.66872892165462,5.137018336065294,0.7580123929562335,0.8373671027897869,292.25240478515633,268.1523884033206,-0.08246302164580105,0.7320307048150733,1376.9615149123563,25.66872892165462,0.333223778797882
0.357,1376.9692876222944,37.10753680348905,25.67029233939941,5.136081885776867,0.7580110269779852,0.8373432498075045,292.25240478515633,268.1752699401858,-0.08238472789529441,0.7320307048150733,1376.9692876222944,25.67029233939941,0.33323212257229645
0.358,1376.9775122884369,37.10764762536743,25.671855990202456,5.135145435488442,0.7580095815728253,0.8373133029142529,292.25240478515633,268.19815147705106,-0.08230643414478758,0.7320307048150733,1376.9775122884369,25.671855990202456,0.3332404922561512
0.359,1376.9861889107833,37.10776453669479,25.67341964100551,5.134208985200015,0.758008056740754,0.8372849594789161,292.25240478515633,268.22103301391627,-0.08222814039428095,0.7318604651162791,1376.9861889107833,25.67341964100551,0.333248886295644
0.36,1376.995317489335,37.107887537413596,25.67498329180855,5.1332725349115895,0.7580064524817711,0.8372592877306495,292.25240478515633,268.2439145507815,-0.08214984664377431,0.7318604651162791,1376.995317489335,25.67498329180855,0.3332573046905445
0.361,1377.0048980240906,37.10801662746327,25.676549438017556,5.132336084623164,0.7580047687958767,0.837222839726545,292.25240478515633,268.26679608764675,-0.08207155289326748,0.7318604651162791,1377.0048980240906,25.676549438017556,0.33326576407517644
0.362,1377.01493051505,37.10815180678027,25.67811962566039,5.131399634334737,0.758003005683071,0.8371958476144677,292.25240478515633,268.2893778625491,-0.0819942848382144,0.7320307048150733,1377.01493051505,25.67811962566039,0.3332742747552249
0.363,1377.0254149622142,37.108293075298064,25.679689813303224,5.1304631840463095,0.7580011631433536,0.8371712830214496,292.25240478515633,268.29767513122584,-0.08196589407550073,0.7320307048150733,1377.0254149622142,25.679689813303224,0.33328280978991875
0.364,1377.036351365583,37.1084404329471,25.68126000094606,5.129526733757884,0.7579992411767248,0.8371380740854727,292.25240478515633,268.3059723999026,-0.08193750331278706,0.7320307048150733,1377.036351365583,25.68126000094606,0.3332913691789796
0.365,1377.0477397251557,37.108593879654826,25.6828301885889,5.128590283469458,0.7579972397831846,0.8371098751926161,292.25240478515633,268.31426966857936,-0.08190911255007338,0.7320307048150733,1377.0477397251557,25.6828301885889,0.3332999529221175
0.366,1377.0595800409328,37.108753415345724,25.68440037623174,5.127653833181032,0.7579951589627327,0.837080366383532,292.25240478515633,268.3225669372561,-0.08188072178735971,0.7320307048150733,1377.0595800409328,25.68440037623174,0.3333085610190302
0.367,1377.0718723129148,37.108919039941256,25.685970563874573,5.126717382892605,0.7579929987153694,0.8370485783001366,292.25240478515633,268.33086420593287,-0.08185233102464602,0.7320307048150733,1377.0718723129148,25.685970563874573,0.3333171934694037
0.368,1377.0846165411008,37.109090753359894,25.687540751517407,5.125780932604179,0.7579907590410946,0.8370230645849815,292.25240478515633,268.33916147460957,-0.08182394026193254,0.7320307048150733,1377.0846165411008,25.687540751517407,0.33332585027291184
0.369,1377.0978127254912,37.10926855551711,25.689111310581445,5.124844482315752,0.7579884399399083,0.8369968779242041,292.25240478515633,268.3474587432863,-0.08179554949921887,0.7322633170504769,1377.0978127254912,25.689111310581445,0.33333453390513856
0.37,1377.111460866086,37.1094524463254,25.69068894569438,5.123908032027327,0.7579860414118105,0.8369650498507224,292.25240478515633,268.3557560119631,-0.0817671587365052,0.7322633170504769,1377.111460866086,25.69068894569438,0.3333432890592918
0.371,1377.125560962885,37.109642425694226,25.692273403338604,5.1229715817389,0.7579835634568012,0.8369386292519557,292.25240478515633,268.36405328063984,-0.08173876797379152,0.7320307048150733,1377.125560962885,25.692273403338604,0.3333521140450419
0.372,1377.1401130158883,37.1098384935301,25.6938619428755,5.122035131450474,0.7579810060748804,0.8369028124082782,292.25240478515633,268.3723505493166,-0.08171037721107785,0.7320307048150733,1377.1401130158883,25.6938619428755,0.33336099059270946
0.373,1377.1551170250964,37.11004064973651,25.695450528001626,5.121098681162048,0.757978369266048,0.8368707023765832,292.25240478515633,268.38064781799335,-0.08168198644836418,0.7320307048150733,1377.1551170250964,25.695450528001626,0.33336989179560284
0.374,1377.1705729905082,37.11024889421395,25.6970394344752,5.120162230873621,0.7579756530303043,0.8368421598741305,292.25240478515633,268.3889450866701,-0.0816535956856505,0.7320307048150733,1377.1705729905082,25.6970394344752,0.3333788194915493
0.375,1377.186480912125,37.110463226859956,25.698634226772196,5.119225780585195,0.757972857367649,0.8368149713532865,292.25240478515633,268.39724235534686,-0.08162520492293683,0.7318604651162791,1377.186480912125,25.698634226772196,0.333387810773359
0.376,1377.2028407899459,37.11068364756901,25.700232588201736,5.118289330296769,0.7579699822780821,0.8367907210197107,292.25240478515633,268.4055396240236,-0.08159681416022314,0.7316903045803301,1377.2028407899459,25.700232588201736,0.33339685019737225
0.377,1377.2196526239711,37.11091015623264,25.701830949631276,5.117352880008342,0.7579670277616039,0.8367652888305298,292.25240478515633,268.4138368927003,-0.08156842339750967,0.7316903045803301,1377.2196526239711,25.701830949631276,0.3334059139710464
0.378,1377.2369164142008,37.11114275273938,25.70343193866691,5.116416429719917,0.7579639938182141,0.8367341245483133,292.25240478515633,268.4221341613771,-0.08154003263479599,0.7319228086491514,1377.2369164142008,25.70343193866691,0.33341501960975756
0.379,1377.2546321606349,37.11138143697476,25.705035047209194,5.115479979431489,0.7579608804479128,0.836703719435324,292.25240478515633,268.43043143005383,-0.08151164187208232,0.7317526731752673,1377.2546321606349,25.705035047209194,0.33342416372601846
0.38,1377.2727998632731,37.11162620882131,25.706643707673063,5.114543529143064,0.7579576876506999,0.8366706508460805,292.25240478515633,268.4387286987306,-0.08148325110936865,0.7317526731752673,1377.2727998632731,25.706643707673063,0.33343336920009814
0.381,1377.2914195221158,37.1118770681586,25.708253899545607,5.1136070788546375,0.7579544154265757,0.8366422962087015,292.25240478515633,268.44702596740734,-0.08145486034665497,0.7317526731752673,1377.2914195221158,25.708253899545607,0.33344260923047014
0.382,1377.3104911371624,37.11213401486315,25.70987073311305,5.112670628566211,0.75795106377554,0.836612414239114,292.25240478515633,268.4553232360841,-0.0814264695839413,0.7317526731752673,1377.3104911371624,25.70987073311305,0.33345191788219714
0.383,1377.3300147084137,37.11239704880855,25.71148797312205,5.111734178277785,0.7579476326975927,0.8365824422717573,292.25240478515633,268.46362050476085,-0.08139807882122763,0.7319851231985123,1377.3300147084137,25.71148797312205,0.33346125359010065
0.384,1377.34999023587,37.11266616986538,25.71310521313105,5.110797727989359,0.7579441221927339,0.8365539053502503,292.25240478515633,268.4719177734376,-0.08136968805851395,0.7319851231985123,1377.34999023587,25.71310521313105,0.3334706136442927
0.385,1377.3704177195298,37.11294137790118,25.714722453140052,5.109861277700932,0.7579405322609636,0.8365230728131017,292.25240478515633,268.48021504211437,-0.08134129729580027,0.7321553127179725,1377.3704177195298,25.714722453140052,0.3334799980442436
0.386,1377.3912971593945,37.11322267278058,25.716343831288828,5.1089248274125065,0.7579368629022818,0.8364922911669511,292.25240478515633,268.4885123107911,-0.08131290653308659,0.7321553127179725,1377.3912971593945,25.716343831288828,0.3334894343745662
0.387,1377.412628555463,37.11351005436515,25.717967825203928,5.107988377124079,0.7579331141166885,0.8364605498189573,292.25240478515633,268.4968095794678,-0.08128451577037311,0.7321553127179725,1377.412628555463,25.717967825203928,0.33349891248644975
0.388,1377.4344119077364,37.113803522513514,25.71959258005928,5.107051926835655,0.7579292859041837,0.836434347077829,292.25240478515633,268.50510684814464,-0.08125612500765925,0.7321553127179725,1377.4344119077364,25.71959258005928,0.333508420014917
0.389,1377.456647216214,37.114103077081275,25.72122116681968,5.106115476547227,0.7579253782647675,0.8364077098460201,292.25240478515633,268.51340411682133,-0.08122773424494577,0.7324959292858805,1377.456647216214,25.72122116681968,0.3335179774306754
0.39,1377.479334480896,37.11440871792107,25.72286967683901,5.105179026258801,0.7579213911984397,0.8363825938435148,292.25240478515633,268.5217013854981,-0.0811993434822321,0.7324959292858805,1377.479334480896,25.72286967683901,0.3335276919993239
0.391,1377.5024737017823,37.11472044488254,25.724521683739862,5.104242575970375,0.7579173247052005,0.8363482842968518,292.25240478515633,268.52999865417485,-0.08117095271951842,0.7324959292858805,1377.5024737017823,25.724521683739862,0.3335374542207805
0.392,1377.5260648788728,37.11503825781233,25.726176017195247,5.103306125681948,0.7579131787850497,0.8363184433211179,292.25240478515633,268.5382959228516,-0.08114256195680475,0.7323255813953489,1377.5260648788728,25.726176017195247,0.33354725629294296
0.393,1377.5501080121678,37.11536215655409,25.727830350650628,5.102369675393522,0.7579089534379875,0.8362836225959585,292.25240478515633,268.54659319152836,-0.08111417119409108,0.7324959292858805,1377.5501080121678,25.727830350650628,0.33355708270619666
0.394,1377.574603101667,37.11569214094851,25.729485102013346,5.1014332251050964,0.7579046486640136,0.8362492430064187,292.25240478515633,268.5548904602051,-0.08108578043137739,0.7324959292858805,1377.574603101667,25.729485102013346,0.33356693624570644
0.395,1377.5995501473706,37.116028210833264,25.731146589558602,5.10049677481667,0.7579002644631284,0.8362157201522802,292.25240478515633,268.56318772888187,-0.08105738966866372,0.7325581395348837,1377.5995501473706,25.731146589558602,0.333576859028926
0.396,1377.6249491492788,37.11637036604305,25.732815243754956,5.099560324528244,0.7578958008353316,0.8361871419759404,292.25240478515633,268.5714849975586,-0.08102899890595004,0.7323878167867938,1377.6249491492788,25.732815243754956,0.3335868539247302
0.397,1377.6508001073912,37.116718606409584,25.73448611381401,5.098623874239817,0.7578912577806234,0.8361542736784088,292.25240478515633,268.5797822662353,-0.08100060814323656,0.7322175732217573,1377.6508001073912,25.73448611381401,0.3335968879301142
0.398,1377.6771030217078,37.11707293176158,25.73615761958672,5.097687423951391,0.7578866352990037,0.8361209655702302,292.25240478515633,268.57563610229494,-0.08101479507163306,0.7320474087845689,1377.6771030217078,25.73615761958672,0.33360695051099926
0.399,1377.703857892229,37.11743334192477,25.737829125359426,5.096750973662965,0.7578819333904724,0.8360922071574475,292.25240478515633,268.5678357513428,-0.08104148553105935,0.7320474087845689,1377.703857892229,25.737829125359426,0.3336170374289728
0.4,1377.7310647189543,37.11779983672193,25.73950063113213,5.095814523374539,0.7578771520550297,0.836057053723604,292.25240478515633,268.56003540039063,-0.08106817599048563,0.7318150127817802,1377.7310647189543,25.73950063113213,0.3336271486833259
0.401,1377.7587235018843,37.1181724159728,25.74117352402485,5.094878073086113,0.7578722912926754,0.8360284513966247,292.25240478515633,268.5522350494385,-0.08109486644991191,0.7318150127817802,1377.7587235018843,25.74117352402485,0.33363729351998506
0.402,1377.7868342410186,37.11855107949418,25.742847621924856,5.093941622797686,0.7578673511034096,0.8359954427523597,292.25240478515633,268.5444346984864,-0.081121556909338,0.7319851231985123,1377.7868342410186,25.742847621924856,0.3336474707242404
0.403,1377.8153969363573,37.118935827099854,25.74453232961224,5.09300517250926,0.7578623314872324,0.8359673198848329,292.25240478515633,268.53663434753423,-0.08114824736876429,0.7318150127817802,1377.8153969363573,25.74453232961224,0.3336577429883261
0.404,1377.8444115879004,37.11932665860064,25.746223546006174,5.0920687222208345,0.7578572324441436,0.8359341628837723,292.25240478515633,268.5288339965821,-0.08117493782819057,0.7316449814126395,1377.8444115879004,25.746223546006174,0.33366808297336914
0.405,1377.8738781956472,37.11972357380436,25.747920237715075,5.091132271932407,0.7578520539741433,0.8359016147076838,292.25240478515633,268.5210336456299,-0.08120162828761686,0.7314126394052045,1377.8738781956472,25.747920237715075,0.3336784837899337
0.406,1377.9037967595993,37.12012657251588,25.749619886577754,5.090195821643981,0.7578467960772316,0.8358733033928982,292.25240478515633,268.5132332946778,-0.08122831874704314,0.7314126394052045,1377.9037967595993,25.749619886577754,0.33368892865098565
0.40700000000000003,1377.9341672797552,37.120535654537036,25.751319891615395,5.089259371355555,0.7578414587534084,0.8358418488613513,292.25240478515633,268.5054329437257,-0.08125500920646923,0.7314126394052045,1377.9341672797552,25.751319891615395,0.3336994002174096
0.40800000000000003,1377.9649897561155,37.120950819666724,25.75302587523191,5.088322921067129,0.7578360420026736,0.8358109584469844,292.25240478515633,268.4976325927735,-0.08128169966589552,0.7314126394052045,1377.9649897561155,25.75302587523191,0.33370993596777343
0.40900000000000003,1377.9962641886802,37.12137206770084,25.75474179116074,5.087386470778702,0.7578305458250274,0.8357771870400057,292.25240478515633,268.48983224182143,-0.08130839012532161,0.7315826167789914,1377.9962641886802,25.75474179116074,0.3337205622571483
0.41000000000000003,1378.0279905774494,37.12179939843231,25.756457707089577,5.086450020490276,0.7578249702204697,0.835744855737864,292.25240478515633,268.4820318908692,-0.08133508058474809,0.7318150127817802,1378.0279905774494,25.756457707089577,0.3337312128751571
0.41100000000000003,1378.0601689224227,37.12223281165106,25.758173623018415,5.08551357020185,0.7578193151890005,0.8357156775496279,292.25240478515633,268.4742315399171,-0.08136177104417418,0.7318150127817802,1378.0601689224227,25.758173623018415,0.3337418878209595
0.41200000000000003,1378.0927992236007,37.122672307144065,25.75989139333971,5.084577119913424,0.7578135807306197,0.8356870853406224,292.25240478515633,268.466431188965,-0.08138846150360046,0.7318150127817802,1378.0927992236007,25.75989139333971,0.3337525994552246
0.41300000000000003,1378.1258814809828,37.12311788469528,25.761611538631275,5.083640669624997,0.7578077668453275,0.8356563892957407,292.25240478515633,268.4586308380128,-0.08141515196302675,0.7318150127817802,1378.1258814809828,25.761611538631275,0.3337633512472996
0.41400000000000003,1378.1594156945694,37.123569544085726,25.763331683922843,5.08270421933657,0.7578018735331238,0.8356245205295357,292.25240478515633,268.45083048706067,-0.08144184242245303,0.7316449814126395,1378.1594156945694,25.763331683922843,0.3337741273645763
0.41500000000000004,1378.19340186436,37.12402728509341,25.765054967205153,5.081767769048144,0.7577959007940085,0.8355902648650974,292.25240478515633,268.4430301361085,-0.08146853288187932,0.7314750290360047,1378.19340186436,25.765054967205153,0.3337849487242515
0.41600000000000004,1378.2278399903555,37.124491107493384,25.76678294935007,5.080831318759719,0.7577898486279818,0.8355608058227922,292.25240478515633,268.43522978515637,-0.0814952233413056,0.7314750290360047,1378.2278399903555,25.76678294935007,0.3337958257303163
0.417,1378.2627300725546,37.12496101105771,25.768511977391864,5.079894868471287,0.7577837170350437,0.8355303682078203,292.25240478515633,268.42742943420427,-0.08152191380073169,0.7314750290360047,1378.2627300725546,25.768511977391864,0.33380673403091154
0.418,1378.298072110959,37.125436995555475,25.770261471865318,5.07895841818287,0.7577775060151939,0.8354968077927122,292.25240478515633,268.4196290832521,-0.08154860426015798,0.7314750290360047,1378.298072110959,25.770261471865318,0.33381780308387515
0.419,1378.3338661055673,37.12591906075279,25.77201590234478,5.078021967894435,0.7577712155684326,0.8354630592314757,292.25240478515633,268.3971248275758,-0.08162560706768959,0.7314750290360047,1378.3338661055673,25.77201590234478,0.33382892936127345
0.42,1378.3701120563799,37.12640720641279,25.773776789053876,5.077085517606019,0.75776484569476,0.8354296592384454,292.25240478515633,268.36823098754894,-0.08172447311482475,0.7313051555968416,1378.3701120563799,25.773776789053876,0.33384012299608534
0.421,1378.4068099633969,37.126901432295654,25.775542971622862,5.076149067317583,0.7577583963941757,0.8354013803051904,292.25240478515633,268.3393371475221,-0.08182333916195991,0.7313051555968416,1378.4068099633969,25.775542971622862,0.3338513762522387
0.422,1378.4439598266183,37.12740173815855,25.77731079778663,5.075212617029166,0.75775186766668,0.8353652637566952,292.25240478515633,268.31044330749523,-0.08192220520909507,0.7313051555968416,1378.4439598266183,25.77731079778663,0.3338626647824853
0.423,1378.481561646044,37.127908123755695,25.77908481773387,5.07427616674073,0.7577452595122728,0.8353281280231112,292.25240478515633,268.2815494674684,-0.08202107125623023,0.7313051555968416,1378.481561646044,25.77908481773387,0.33387401891774593
0.424,1378.5196154216742,37.12842058883833,25.780866775122437,5.073339716452312,0.7577385719309541,0.835293697482347,292.25240478515633,268.2526556274415,-0.08211993730336539,0.7314750290360047,1378.5196154216742,25.780866775122437,0.3338854502803815
0.425,1378.5581211535086,37.12893913315473,25.782650348696563,5.072403266163878,0.7577318049227239,0.8352611440665937,292.25240478515633,268.2237617874147,-0.08221880335050055,0.7314750290360047,1378.5581211535086,25.782650348696563,0.33389691673141364
0.426,1378.5970788415473,37.12946375645018,25.78443771748367,5.07146681587546,0.7577249584875823,0.8352259078219542,292.25240478515633,268.1948679473878,-0.08231766939763571,0.7314750290360047,1378.5970788415473,25.78443771748367,0.33390843279538596
0.427,1378.6364884857906,37.129994458467,25.786227090541598,5.070530365587025,0.7577180326255291,0.8351937309795125,292.25240478515633,268.1659741073609,-0.08241653544477107,0.7313051555968416,1378.6364884857906,25.786227090541598,0.3339199865327112
0.428,1378.6763500862382,37.13053123894456,25.788019156029506,5.069593915298607,0.7577110273365643,0.8351633734450897,292.25240478515633,268.1370802673341,-0.08251540149190605,0.7313051555968416,1378.6763500862382,25.788019156029506,0.3339315825296685
0.429,1378.71666364289,37.13107409761923,25.789822267191873,5.068657465010173,0.7577039426206881,0.8351351066172674,292.25240478515633,268.1081864273072,-0.0826142675390414,0.7311353610401672,1378.71666364289,25.789822267191873,0.3339432764685658
0.43,1378.7574291557464,37.13162303422443,25.791634615001797,5.067721014721754,0.7576967784779003,0.8350994419045505,292.25240478515633,268.0792925872804,-0.08271313358617637,0.7311353610401672,1378.7574291557464,25.791634615001797,0.33395505628922645
0.431,1378.798646624807,37.132178048490594,25.793471944261658,5.066784564433321,0.7576895349082012,0.8350672527157722,292.25240478515633,268.0503987472535,-0.08281199963331172,0.7311353610401672,1378.798646624807,25.793471944261658,0.3339670269466217
0.432,1378.840316050072,37.13273914014521,25.795316490621794,5.065848114144902,0.7576822119115905,0.8350299008510295,292.25240478515633,268.02150490722664,-0.08291086568044688,0.7309656453110492,1378.840316050072,25.795316490621794,0.33397907002115634
0.433,1378.8824374315413,37.13330630891278,25.79716419887186,5.064911663856468,0.7576748094880683,0.8349905399662626,292.25240478515633,267.99261106719973,-0.08300973172758223,0.7309656453110492,1378.8824374315413,25.79716419887186,0.3339911584793879
0.434,1378.925010769215,37.133879554514834,25.79901190712193,5.063975213568051,0.7576673276376346,0.8349549389726891,292.25240478515633,267.96371722717294,-0.0831085977747172,0.7309656453110492,1378.925010769215,25.79901190712193,0.3340032712428039
0.435,1378.968036063093,37.13445887666997,25.800859615372,5.063038763279615,0.7576597663602894,0.8349205264796598,292.25240478515633,267.9348233871461,-0.08320746382185236,0.7309656453110492,1378.968036063093,25.800859615372,0.3340154083102787
0.436,1379.0115133131756,37.13504427509378,25.802707323622073,5.062102312991197,0.7576521256560327,0.834891788744482,292.25240478515633,267.9059295471192,-0.08330632986898771,0.7309656453110492,1379.0115133131756,25.802707323622073,0.3340275696806751
0.437,1379.055442519462,37.13563574949892,25.80455503187214,5.0611658627027625,0.7576444055248646,0.8348540062836753,292.25240478515633,267.8770357070923,-0.08340519591612287,0.7307960083546067,1379.055442519462,25.80455503187214,0.33403975535284347
0.438,1379.0998236819532,37.13623329959506,25.80640319864357,5.060229412414345,0.7576366059667848,0.8348205524686465,292.25240478515633,267.84814186706546,-0.08350406196325805,0.7307960083546067,1379.0998236819532,25.80640319864357,0.33405196838216106
0.439,1379.1446568006488,37.136836925088936,25.80826010854566,5.059292962125911,0.7576287269817936,0.8347897633544678,292.25240478515633,267.8192480270386,-0.08360292801039321,0.7307960083546067,1379.1446568006488,25.80826010854566,0.3340642639932903
0.44,1379.1899418755488,37.137446625684284,25.810120745392712,5.058356511837492,0.7576207685698909,0.8347606015276379,292.25240478515633,267.79035418701176,-0.08370179405752837,0.7307960083546067,1379.1899418755488,25.810120745392712,0.33407660874677103
0.441,1379.2356789066525,37.13806240108189,25.81198289848551,5.057420061549057,0.7576127307310769,0.8347270664676898,292.25240478515633,267.76146034698485,-0.08380066010466372,0.7307960083546067,1379.2356789066525,25.81198289848551,0.33408898790471747
0.442,1379.2818678939616,37.13868425097962,25.8138450515783,5.0564836112606395,0.7576046134653511,0.8346954139530957,292.25240478515633,267.7406547882081,-0.08387185048132484,0.7306264501160092,1379.2818678939616,25.8138450515783,0.33410139135851175
0.443,1379.3285088374746,37.13931217507231,25.81571599449585,5.055547160972204,0.7575964167727139,0.834667166518056,292.25240478515633,267.75115243988034,-0.08383593066851787,0.7304569705404779,1379.3285088374746,25.81571599449585,0.3341138777005734
0.444,1379.3756017371916,37.13994617305189,25.817589397214185,5.054610710683787,0.7575881406531653,0.8346314419205866,292.25240478515633,267.7422217956543,-0.08386648865223269,0.7304569705404779,1379.3756017371916,25.817589397214185,0.33412640473324917
0.445,1379.4231465931134,37.140586244607306,25.81946375887871,5.053674260395353,0.7575797851067051,0.8345970287449955,292.25240478515633,267.71818299102785,-0.0839487422256263,0.7304569705404779,1379.4231465931134,25.81946375887871,0.33413896245048413
0.446,1379.4711434052392,37.14123238942455,25.821340239675468,5.052737810106935,0.7575713501333334,0.8345647772624233,292.25240478515633,267.69414418640145,-0.08403099579901972,0.7304569705404779,1379.4711434052392,25.821340239675468,0.3341515585849109
0.447,1379.5195921735697,37.14188460718666,25.82321672047222,5.0518013598185005,0.7575628357330503,0.8345351413563332,292.25240478515633,267.6803755554199,-0.08407810792113093,0.7302875695732839,1379.5195921735697,25.82321672047222,0.33416417900896483
0.448,1379.5684928981043,37.142542897573726,25.825093201268977,5.050864909530084,0.7575542419058556,0.8344983641884769,292.25240478515633,267.6773840576173,-0.08408834392861497,0.7302875695732839,1379.5684928981043,25.825093201268977,0.3341768237213667
0.449,1379.6178455788436,37.14320726026286,25.82696968206573,5.049928459241648,0.7575455686517494,0.8344620234786851,292.25240478515633,267.6743925598145,-0.08409857993609961,0.729949003245248,1379.6178455788436,25.82696968206573,0.3341894927208249
0.45,1379.6676502157868,37.14387769492823,25.828846162862487,5.04899200895323,0.7575368159707317,0.8344274984432746,292.25240478515633,267.6714010620118,-0.08410881594358405,0.729949003245248,1379.6676502157868,25.828846162862487,0.3342021860060362
0.451,1379.7179068089347,37.14455420124106,25.83072453204736,5.048055558664795,0.7575279838628026,0.8343927566342944,292.25240478515633,267.66840956420907,-0.08411905195106847,0.7297798377752028,1379.7179068089347,25.83072453204736,0.3342149161638244
0.452,1379.768615358287,37.1452367788696,25.832611784038374,5.047119108376378,0.7575190723279619,0.8343625402696938,292.25240478515633,267.6654180664064,-0.08412928795855272,0.7296107506950881,1379.768615358287,25.832611784038374,0.33422772981818527
0.453,1379.8197758638435,37.14592542747917,25.83450550998145,5.046182658087942,0.7575100813662098,0.8343267474762791,292.25240478515633,267.6624265686036,-0.08413952396603734,0.7296107506950881,1379.8197758638435,25.83450550998145,0.3342406109101753
0.454,1379.8713883256041,37.14662014673211,25.836409099807366,5.045246207799525,0.7575010109775462,0.8342909400680136,292.25240478515633,267.6594350708009,-0.08414975997352178,0.7296107506950881,1379.8713883256041,25.836409099807366,0.3342535820359806
0.455,1379.9234527435694,37.14732093628785,25.838325037812883,5.04430975751109,0.757491861161971,0.8342561268911837,292.25240478515633,267.65644357299817,-0.08415999598100622,0.7294417419504285,1379.9234527435694,25.838325037812883,0.33426665975474995
0.456,1379.9759691177392,37.148027795802825,25.84024285629871,5.043373307222672,0.7574826319194843,0.8342225547520744,292.25240478515633,267.6534520751955,-0.08417023198849045,0.7292728114867995,1379.9759691177392,25.84024285629871,0.3342797742866299
0.457,1380.0289374481129,37.14874072493054,25.84216089340915,5.042436856934237,0.7574733232500862,0.8341853542353537,292.25240478515633,267.6499864624025,-0.08418209027515033,0.7291039592498263,1380.0289374481129,25.84216089340915,0.33429291455217824
0.458,1380.0823577346914,37.14945972332157,25.844087074754484,5.04150040664582,0.7574639351537765,0.8341561834549199,292.25240478515633,267.62826237792984,-0.08425642357101713,0.7291039592498263,1380.0823577346914,25.844087074754484,0.33430613338271803
0.459,1380.1362299774742,37.150184790623506,25.846019906579468,5.040563956357386,0.7574544676305554,0.834119112062815,292.25240478515633,267.60653829345716,-0.08433075686688393,0.7291039592498263,1380.1362299774742,25.846019906579468,0.33431942081935373
0.46,1380.190554176461,37.15091592648102,25.847963980065114,5.0396275060689675,0.7574449206804227,0.8340895226512228,292.25240478515633,267.58481420898454,-0.08440509016275055,0.7291039592498263,1380.190554176461,25.847963980065114,0.33433280746582594
0.461,1380.2453303316527,37.15165313053583,25.849909184677532,5.038691055780533,0.7574352943033785,0.8340556536178441,292.25240478515633,267.56309012451186,-0.08447942345861735,0.7292728114867995,1380.2453303316527,25.849909184677532,0.3343462259231139
0.462,1380.300558443048,37.152396402426696,25.851857554756098,5.037754605492115,0.757425588499423,0.8340226151014665,292.25240478515633,267.54136604003924,-0.08455375675448397,0.7291039592498263,1380.300558443048,25.851857554756098,0.3343596897508338
0.463,1380.3562385106482,37.15314574178946,25.853807917617445,5.03681815520368,0.7574158032685558,0.8339935339975968,292.25240478515633,267.51964195556656,-0.08462809005035077,0.7289351851851852,1380.3562385106482,25.853807917617445,0.33437319113033265
0.464,1380.4123705344527,37.153901148257,25.855773414326542,5.035881704915263,0.7574059386107772,0.8339596018674101,292.25240478515633,267.4979178710939,-0.08470242334621757,0.7289351851851852,1380.4123705344527,25.855773414326542,0.3343868176594804
0.465,1380.4689545144613,37.15466262145925,25.857745922755026,5.034945254626828,0.7573959945260871,0.8339309816934497,292.25240478515633,267.4761937866212,-0.08477675664208438,0.7287664892386022,1380.4689545144613,25.857745922755026,0.33440051519407155
0.466,1380.5259904506745,37.155430161023226,25.85972595371631,5.034008804338409,0.7573859710144855,0.8338989250420956,292.25240478515633,267.4544697021486,-0.08485108993795099,0.7287664892386022,1380.5259904506745,25.85972595371631,0.33441428713773547
0.467,1380.583478343092,37.15620376657298,25.861710438413674,5.033072354049975,0.7573758680759722,0.8338638032269196,292.25240478515633,267.4327456176759,-0.0849254232338178,0.7281980106407587,1380.583478343092,25.861710438413674,0.3344281130321362
0.468,1380.6414181917144,37.156983437729636,25.863698430733734,5.0321359037615565,0.7573656857105476,0.8338248849432727,292.25240478515633,267.41102153320327,-0.0849997565296844,0.7281980106407587,1380.6414181917144,25.863698430733734,0.3344419865688945
0.46900000000000003,1380.6998099965406,37.157769174111365,25.865687276398035,5.031199453473123,0.7573554239182115,0.8337867867575233,292.25240478515633,267.3892974487306,-0.08507408982555122,0.7281980106407587,1380.6998099965406,25.865687276398035,0.33445589005286147
0.47000000000000003,1380.758653757571,37.15856097533341,25.867677382669726,5.030263003184705,0.7573450826989638,0.8337519730587345,292.25240478515633,267.36757336425796,-0.08514842312141782,0.7281980106407587,1380.758653757571,25.867677382669726,0.334469826197345
0.47100000000000003,1380.817949474806,37.159358841008086,25.86967658141185,5.029326552896269,0.7573346620528048,0.8337187670939085,292.25240478515633,267.3458492797853,-0.08522275641728462,0.7281980106407587,1380.817949474806,25.86967658141185,0.33448384720858926
0.47200000000000003,1380.8776971482453,37.16016277074476,25.87167892161651,5.028390102607852,0.7573241619797342,0.8336891654965822,292.25240478515633,267.32412519531266,-0.08529708971315124,0.7281980106407587,1380.8776971482453,25.87167892161651,0.33449791341516066
0.47300000000000003,1380.937896777889,37.160972764149875,25.873681261821165,5.0274536523194175,0.7573135824797521,0.8336548422183837,292.25240478515633,267.30240111084,-0.08537142300901804,0.7280296022201665,1380.937896777889,25.873681261821165,0.33451200387425695
0.47400000000000003,1380.9985483637372,37.16178882082693,25.875683602025827,5.026517202031,0.7573029235528583,0.8336187252683815,292.25240478515633,267.28067702636736,-0.08544575630488466,0.7277983348751156,1380.9985483637372,25.875683602025827,0.33452611858429226
0.47500000000000003,1381.0596519057895,37.162610940376474,25.87768594223049,5.025580751742565,0.7572921851990533,0.8335831961043907,292.25240478515633,267.2589529418946,-0.08552008960075165,0.7277983348751156,1381.0596519057895,25.87768594223049,0.3345402575436691
0.47600000000000003,1381.121207404046,37.16343912239616,25.879688314175986,5.024644301454147,0.7572813674183367,0.833545871983774,292.25240478515633,267.23722885742205,-0.08559442289661806,0.7277983348751156,1381.121207404046,25.879688314175986,0.3345544209623648
0.47700000000000004,1381.1832148585074,37.16427336648071,25.881696091459638,5.023707851165712,0.7572704702107085,0.8335116497046337,292.25240478515633,267.2155047729494,-0.08566875619248487,0.7277983348751156,1381.1832148585074,25.881696091459638,0.33456864465956687
0.47800000000000004,1381.2456742691727,37.165113672221864,25.883706907775565,5.022771400877295,0.757259493576169,0.8334791216440404,292.25240478515633,267.1937806884767,-0.08574308948835167,0.7277983348751156,1381.2456742691727,25.883706907775565,0.33458291285966746
0.47900000000000004,1381.3085856360428,37.1659600392085,25.885724963886812,5.021834950588859,0.7572484375147178,0.833445278628308,292.25240478515633,267.172056604004,-0.08581742278421849,0.7277983348751156,1381.3085856360428,25.885724963886812,0.33459725356362807
0.48,1381.371948959117,37.1668124670265,25.88775561225154,5.020898500300437,0.7572373020263552,0.8334072079056298,292.25240478515633,267.1503325195314,-0.08589175608008509,0.7277983348751156,1381.371948959117,25.88775561225154,0.33461170244968547
0.481,1381.4357642383954,37.16767095525889,25.889786260616265,5.019962050012012,0.7572260871110811,0.8333678960448545,292.25240478515633,267.1286084350587,-0.08596608937595189,0.7277983348751156,1381.4357642383954,25.889786260616265,0.33462617557525276
0.482,1381.5000314738784,37.16853550348572,25.891816908981,5.019025599723585,0.7572147927688955,0.833332473440792,292.25240478515633,267.1068843505861,-0.08604042267181851,0.7277983348751156,1381.5000314738784,25.891816908981,0.3346406729386502
0.483,1381.5647506655655,37.169406111284125,25.893847826392005,5.01808914943516,0.7572034189997984,0.8332949966873312,292.25240478515633,267.0851602661134,-0.08611475596768531,0.7276300578034682,1381.5647506655655,25.893847826392005,0.33465519633166957
0.484,1381.6299218134573,37.17028277822833,25.895880824699255,5.017152699146733,0.7571919658037898,0.8332573783223903,292.25240478515633,267.0634361816407,-0.08618908926355212,0.7276300578034682,1381.6299218134573,25.895880824699255,0.3346697578305374
0.485,1381.6955449175532,37.17116550388961,25.897913823006505,5.016216248858307,0.7571804331808697,0.8332201182220472,292.25240478515633,267.0417120971681,-0.08626342255941873,0.7276300578034682,1381.6955449175532,25.897913823006505,0.33468434356212656
0.486,1381.7616199778536,37.17205428783636,25.899947542743416,5.01527979856988,0.7571688211310381,0.8331769322815191,292.25240478515633,267.0199880126955,-0.08633775585528533,0.7274618585298197,1381.7616199778536,25.899947542743416,0.3346989583338155
0.487,1381.8281469943586,37.17294912963402,25.901982050646644,5.014343348281455,0.7571571296542949,0.8331458569732295,292.25240478515633,266.99826392822274,-0.08641208915115234,0.7274618585298197,1381.8281469943586,25.901982050646644,0.334713602588738
0.488,1381.8951259670673,37.17385002884511,25.904017047474706,5.013406897993027,0.7571453587506404,0.8331071516689121,292.25240478515633,266.9765398437501,-0.08648642244701894,0.7274618585298197,1381.8951259670673,25.904017047474706,0.33472827433037766
0.489,1381.9625568959807,37.17475698502925,25.906053593444994,5.012470447704602,0.7571335084200743,0.833071324345905,292.25240478515633,266.9548157592775,-0.08656075574288556,0.7274618585298197,1381.9625568959807,25.906053593444994,0.33474298062446295
0.49,1382.0304397810985,37.17566999774313,25.908090139415286,5.0115339974161754,0.7571215786625967,0.8330391729389249,292.25240478515633,266.9330916748048,-0.08663508903875236,0.7274618585298197,1382.0304397810985,25.908090139415286,0.33475771114252095
0.491,1382.098774622421,37.17658906654053,25.910126870096565,5.010597547127749,0.7571095694782076,0.8329994033000692,292.25240478515633,266.91136759033213,-0.08670942233461917,0.7274618585298197,1382.098774622421,25.910126870096565,0.33477246711406433
0.492,1382.1675614199473,37.17751419097231,25.91216479928658,5.009661096839323,0.7570974808669071,0.832962390467744,292.25240478515633,266.8896435058595,-0.08678375563048578,0.7274618585298197,1382.1675614199473,25.91216479928658,0.3347872552953496
0.493,1382.2368001736784,37.17844537058642,25.914203599781754,5.008724646550897,0.757085312828695,0.8329273379325818,292.25240478515633,266.86791942138683,-0.08685808892635258,0.7274618585298197,1382.2368001736784,25.914203599781754,0.3348020735034048
0.494,1382.3064908836134,37.17938260492787,25.916245087820723,5.007788196262471,0.7570730653635713,0.8328941966505158,292.25240478515633,266.84619533691415,-0.08693242222221939,0.7274618585298197,1382.3064908836134,25.916245087820723,0.33481693384359495
0.495,1382.3766335497533,37.18032589353882,25.9182980061476,5.0068517459740445,0.7570607384715362,0.8328522786486702,292.25240478515633,266.8244712524415,-0.087006755518086,0.7274618585298197,1382.3766335497533,25.9182980061476,0.3348318945938859
0.496,1382.4472281720969,37.181275235958445,25.92035483176516,5.005915295685618,0.7570483321525897,0.8328107554686242,292.25240478515633,266.80274716796885,-0.08708108881395281,0.7274618585298197,1382.4472281720969,25.92035483176516,0.33484690560356295
0.497,1382.518274750645,37.182230631723066,25.922411668303056,5.004978845397192,0.7570358464067316,0.8327749355333438,292.25240478515633,266.7810230834962,-0.08715542210981941,0.7274618585298197,1382.518274750645,25.922411668303056,0.3348619408972706
0.498,1382.5897732853978,37.18319208036607,25.92446850484094,5.004042395108765,0.7570232812339621,0.832741260508094,292.25240478515633,266.75929899902354,-0.08722975540568621,0.7272937370002311,1382.5897732853978,25.92446850484094,0.3348770004003468
0.499,1382.6617237763546,37.18415958141793,25.926525341378838,5.003105944820339,0.757010636634281,0.8327034587147306,292.25240478515633,266.7375749145509,-0.08730408870155283,0.7272937370002311,1382.6617237763546,25.926525341378838,0.33489208411091353
0.5,1382.7341262235161,37.18513313440623,25.928582541927618,5.002169494531913,0.7569979126076885,0.8326663419724225,292.25240478515633,266.71585083007824,-0.08737842199741963,0.7272937370002311,1382.7341262235161,25.928582541927618,0.33490719445360556
0.501,1382.8069806268823,37.18611273885565,25.930640954768478,5.001233044243487,0.7569851091541843,0.8326320198184433,292.25240478515633,266.69412674560556,-0.08745275529328644,0.7270626299976889,1382.8069806268823,25.930640954768478,0.3349223370812288
0.502,1382.880286986452,37.18709839428793,25.93270626914412,5.00029659395506,0.7569722262737688,0.8325981766220328,292.25240478515633,266.6724026611329,-0.08752708858915324,0.7270626299976889,1382.880286986452,25.93270626914412,0.3349375499167948
0.503,1382.9540453022264,37.188090100221956,25.93477931496172,4.999360143666634,0.7569592639664418,0.8325634616537883,292.25240478515633,266.65067857666025,-0.08760142188501985,0.7268946395563771,1382.9540453022264,25.93477931496172,0.3349528384906034
0.504,1383.0282555742053,37.189087856173686,25.93685236077932,4.998423693378207,0.7569462222322031,0.8325280699657563,292.25240478515633,266.6289544921876,-0.08767575518088666,0.7271887271887272,1383.0282555742053,25.93685236077932,0.334968151262339
0.505,1383.1029178023887,37.19009166165618,25.938925406596923,4.997487243089782,0.756933101071053,0.8324886681674375,292.25240478515633,266.60723040771495,-0.08775008847675327,0.7273567467652495,1383.1029178023887,25.938925406596923,0.3349834882300537
0.506,1383.178031986776,37.19110151617959,25.940998452414515,4.996550792801354,0.7569199004829915,0.8324541925776003,292.25240478515633,266.5855063232423,-0.08782442177261988,0.7273567467652495,1383.178031986776,25.940998452414515,0.33499884939178837
0.507,1383.2535981273682,37.1921174192512,25.943071498232122,4.995614342512929,0.7569066204680184,0.8324180407165742,292.25240478515633,266.5637822387696,-0.08789875506848688,0.7275248440027733,1383.2535981273682,25.943071498232122,0.33501423474557246
0.508,1383.3296162241643,37.19313937037534,25.945144544049725,4.9946778922245025,0.7568932610261339,0.8323779595886733,292.25240478515633,266.54205815429697,-0.0879730883643535,0.7275248440027733,1383.3296162241643,25.945144544049725,0.33502964428942344
0.509,1383.4060862771648,37.19416736905351,25.947218251405204,4.993741441936077,0.7568798221573378,0.8323410529749959,292.25240478515633,266.5203340698243,-0.0880474216602203,0.7273567467652495,1383.4060862771648,25.947218251405204,0.33504508243120906
0.51,1383.4830082863698,37.19520141478427,25.949292538389276,4.99280499164765,0.7568663038616303,0.83230192524528,292.25240478515633,266.49860998535166,-0.0881217549560869,0.7273567467652495,1383.4830082863698,25.949292538389276,0.3350605486229104
0.511,1383.560382251779,37.196241507063306,25.951366825373345,4.991868541359224,0.7568527061390112,0.832264202087041,292.25240478515633,266.476885900879,-0.08819608825195371,0.7271256931608133,1383.560382251779,25.951366825373345,0.335076038998662
0.512,1383.6382081733927,37.197287645383405,25.953441112357414,4.990932091070798,0.7568390289894806,0.8322305826905709,292.25240478515633,266.45516181640636,-0.08827042154782032,0.7271256931608133,1383.6382081733927,25.953441112357414,0.3350915535564354
0.513,1383.7164860512107,37.198339829234456,25.955519374526478,4.989995640782372,0.7568252724130387,0.8321959288316748,292.25240478515633,266.43343773193374,-0.08834475484368694,0.7271256931608133,1383.7164860512107,25.955519374526478,0.3351071187930755
0.514,1383.7952158852331,37.19939805810348,25.957611465084952,4.989059190493945,0.7568114364096851,0.8321576823292804,292.25240478515633,266.41171364746106,-0.08841908813955374,0.7271256931608133,1383.7952158852331,25.957611465084952,0.33512280038874054
0.515,1383.8743976754597,37.20046233147459,25.959715977974575,4.988122740205518,0.7567975209794201,0.832116099505386,292.25240478515633,266.3899895629884,-0.08849342143542054,0.7271256931608133,1383.8743976754597,25.959715977974575,0.3351385889684758
0.516,1383.954031421891,37.20153264882901,25.96182603926663,4.9871862899170925,0.7567835261222435,0.8320750873633094,292.25240478515633,266.36826547851575,-0.08856775473128715,0.7271256931608133,1383.954031421891,25.96182603926663,0.335154438708075
0.517,1384.0341171245266,37.202609009645094,25.963946016924133,4.986249839628665,0.7567694518381555,0.8320394690848644,292.25240478515633,266.3465413940431,-0.08864208802715395,0.7271256931608133,1384.0341171245266,25.963946016924133,0.3351703787226252
0.518,1384.1146547833664,37.2036914133983,25.96607138725587,4.98531338934024,0.7567552981271559,0.83199224422593,292.25240478515633,266.32481730957045,-0.08871642132302057,0.7271256931608133,1384.1146547833664,25.96607138725587,0.3351863788547589
0.519,1384.1956443984106,37.2047798595612,25.968198250114437,4.984376939051814,0.7567410649892449,0.8319521136323803,292.25240478515633,266.30309322509777,-0.08879075461888737,0.7271256931608133,1384.1956443984106,25.968198250114437,0.3352024131036873
0.52,1384.277085969659,37.20587434760348,25.970327070237918,4.983440488763388,0.7567267524244223,0.8319133757056283,292.25240478515633,266.2813691406251,-0.08886508791475417,0.7271256931608133,1384.277085969659,25.970327070237918,0.335218484565269
0.521,1384.3589794971122,37.20697487699198,25.972458988264155,4.982504038474961,0.7567123604326883,0.8318742930450608,292.25240478515633,266.2596450561524,-0.08893942121062098,0.726957726957727,1384.3589794971122,25.972458988264155,0.3352346008409498
0.522,1384.4413249807697,37.2080814471906,25.974605875034662,4.981567588186535,0.7566978890140428,0.831838948975746,292.25240478515633,266.2379209716798,-0.08901375450648759,0.7265588914549653,1384.4413249807697,25.974605875034662,0.33525084106051783
0.523,1384.5241224206309,37.20919405766041,25.976752761805162,4.980631137898108,0.7566833381684857,0.8318006810730344,292.25240478515633,266.2161968872071,-0.0890880878023544,0.7265588914549653,1384.5241224206309,25.976752761805162,0.33526710543903004
0.524,1384.6073718166972,37.21031270785959,25.978901046167543,4.979694687609682,0.7566687078960171,0.8317618263479282,292.25240478515633,266.1944728027344,-0.0891624210982212,0.7263911336873701,1384.6073718166972,25.978901046167543,0.33528340329077316
0.525,1384.6910731689673,37.21143739724344,25.981050356804452,4.978758237321257,0.7566539981966371,0.831727248654889,292.25240478515633,266.1727487182618,-0.0892367543940878,0.7263911336873701,1384.6910731689673,25.981050356804452,0.3352997321383388
0.526,1384.7752264774422,37.212568125264376,25.983203721002802,4.9778217870328305,0.7566392090703455,0.8316889215098358,292.25240478515633,266.1510246337891,-0.08931108768995462,0.7263911336873701,1384.7752264774422,25.983203721002802,0.3353161121596616
0.527,1384.859831742121,37.213704891371954,25.985357085201148,4.976885336744403,0.7566243405171427,0.8316484530482385,292.25240478515633,266.1293005493165,-0.08938542098582122,0.7263911336873701,1384.859831742121,25.985357085201148,0.3353325163311912
0.528,1384.9448889630044,37.214847695012864,25.9875104493995,4.975948886455978,0.7566093925370281,0.831607385959944,292.25240478515633,266.1075764648438,-0.08945975428168804,0.7263911336873701,1384.9448889630044,25.9875104493995,0.3353489446507146
0.529,1385.0303981400923,37.215996535630914,25.98966381359785,4.975012436167552,0.7565943651300021,0.8315627901279727,292.25240478515633,266.0858523803712,-0.08953408757755464,0.7262234533702677,1385.0303981400923,25.98966381359785,0.33536539711600705
0.53,1385.1163592733847,37.21715141266704,25.9918171777962,4.974075985879125,0.7565792582960645,0.8315292413364891,292.25240478515633,266.0641282958985,-0.08960842087342145,0.7262234533702677,1385.1163592733847,25.9918171777962,0.33538187372483275
0.531,1385.202772362881,37.218312325559324,25.993976289128675,4.973139535590698,0.7565640720352156,0.8314867932853229,292.25240478515633,266.04240421142583,-0.08968275416928825,0.7262234533702677,1385.202772362881,25.993976289128675,0.33539841278577703
0.532,1385.2896374085817,37.21947927374296,25.996149275538667,4.972203085302273,0.756548806347455,0.8314475345840595,292.25240478515633,266.0206801269532,-0.08975708746515486,0.7262866374336487,1385.2896374085817,25.996149275538667,0.33541506847806973
0.533,1385.376954410487,37.2206522566503,25.998329178016487,4.971266635013846,0.756533461232783,0.8314078573921652,292.25240478515633,265.99895604248053,-0.08983142076102167,0.7262866374336487,1385.376954410487,25.998329178016487,0.33543179441015264
0.534,1385.4647233685969,37.22183127371082,26.000515455034872,4.97033018472542,0.7565180366911994,0.8313712469901956,292.25240478515633,265.9772319580079,-0.08990575405688828,0.7262866374336487,1385.4647233685969,26.000515455034872,0.335448586969882
0.535,1385.5529442829106,37.22301632435113,26.00270173205325,4.969393734436993,0.7565025327227045,0.8313308559190512,292.25240478515633,265.9555078735352,-0.08998008735275509,0.7261190586063683,1385.5529442829106,26.00270173205325,0.3354654036617923
0.536,1385.6416171534288,37.22420740799499,26.004888009071635,4.968457284148568,0.756486949327298,0.8312856536309984,292.25240478515633,265.9337837890626,-0.0900544206486217,0.7261190586063683,1385.6416171534288,26.004888009071635,0.33548224448357883
0.537,1385.7307419801516,37.225404524063286,26.007074740473755,4.967520833860142,0.75647128650498,0.8312462743170653,292.25240478515633,265.9120597045899,-0.0901287539444885,0.7261190586063683,1385.7307419801516,26.007074740473755,0.3354991124618819
0.538,1385.8203187630786,37.22660767197407,26.00926603131889,4.966584383571715,0.7564555442557505,0.8312077226895102,292.25240478515633,265.89033562011724,-0.0902030872403553,0.7258883248730964,1385.8203187630786,26.00926603131889,0.3355160349590112
0.539,1385.91034750221,37.22781685114251,26.011461434916612,4.965647933283288,0.7564397225796095,0.831167597596605,292.25240478515633,265.8686115356446,-0.09027742053622191,0.7258883248730964,1385.91034750221,26.011461434916612,0.33553300899495514
0.54,1386.0008281975458,37.22903206098093,26.01365683851433,4.964711482994862,0.756423821476557,0.8311258584660786,292.25240478515633,265.84688745117194,-0.09035175383208872,0.7258883248730964,1386.0008281975458,26.01365683851433,0.3355500071514419
0.541,1386.0917608490856,37.230253300898795,26.015852242112054,4.963775032706436,0.756407840946593,0.8310863669711206,292.25240478515633,265.82516336669926,-0.09042608712795552,0.7258883248730964,1386.0917608490856,26.015852242112054,0.33556702942610955
0.542,1386.18314545683,37.231480570302736,26.018047645709775,4.96283858241801,0.7563917809897175,0.8310424850987005,292.25240478515633,265.80343928222663,-0.09050042042382213,0.7258883248730964,1386.18314545683,26.018047645709775,0.3355840758165847
0.543,1386.2749820207794,37.23271386859652,26.020243049307496,4.961902132129583,0.7563756416059304,0.8309988733601158,292.25240478515633,265.78171519775395,-0.09057475371968894,0.7258883248730964,1386.2749820207794,26.020243049307496,0.3356011463204827
0.544,1386.3672705409322,37.23395319518104,26.022439249358776,4.960965681841157,0.7563594227952319,0.8309642432503522,292.25240478515633,265.7599911132813,-0.09064908701555574,0.7258883248730964,1386.3672705409322,26.022439249358776,0.3356182462446274
0.545,1386.4600110172896,37.23519854945438,26.02463746053175,4.960029231552732,0.756343124557622,0.8309280794444961,292.25240478515633,265.73826702880865,-0.09072342031142236,0.7258883248730964,1386.4600110172896,26.02463746053175,0.3356353836836814
0.546,1386.5532034498517,37.236449930811766,26.026846229262244,4.959092781264305,0.7563267468931004,0.8308878707377811,292.25240478515633,265.71654294433597,-0.09079775360728916,0.7258883248730964,1386.5532034498517,26.026846229262244,0.33565261560641685
0.547,1386.6468478386178,37.23770733864556,26.029062799967228,4.9581563309758785,0.7563102898016675,0.830843178122574,292.25240478515633,265.69481885986335,-0.09087208690315576,0.7257208765859285,1386.6468478386178,26.029062799967228,0.3356699236414774
0.548,1386.7409441835885,37.23897077234531,26.031280430018096,4.957219880687453,0.7562937532833229,0.8308033453467598,292.25240478515633,265.67309477539067,-0.09094642019902258,0.7257208765859285,1386.7409441835885,26.031280430018096,0.33568726283954664
0.549,1386.8354924847636,37.2402402312977,26.03349852335414,4.956283430399025,0.756277137338067,0.8307659247641129,292.25240478515633,265.651370690918,-0.09102075349488938,0.7257208765859285,1386.8354924847636,26.03349852335414,0.33570462922478533
0.55,1386.9304927421426,37.24151571488656,26.035716616690173,4.955346980110599,0.7562604419658996,0.8307337790986814,292.25240478515633,265.62964660644536,-0.091095086790756,0.7257208765859285,1386.9304927421426,26.035716616690173,0.33572201970643484
0.551,1387.0259449557263,37.24279722249292,26.037935596521695,4.954410529822173,0.7562436671668206,0.8306966597265031,292.25240478515633,265.6079225219727,-0.0911694200866228,0.7257208765859285,1387.0259449557263,26.037935596521695,0.33573944019146595
0.552,1387.1218491255145,37.244084753494946,26.040156678373503,4.9534740795337475,0.75622681294083,0.8306629422820505,292.25240478515633,265.58619843750006,-0.09124375338248941,0.7254901960784313,1387.1218491255145,26.040156678373503,0.3357568987801722
0.553,1387.2182052515068,37.24537830726796,26.04237776022531,4.95253762924532,0.7562098792879282,0.8306283690457379,292.25240478515633,265.5644743530274,-0.09131808667835621,0.7254901960784313,1387.2182052515068,26.04237776022531,0.33577438145782806
0.554,1387.3150133337037,37.246677883184475,26.044598842077114,4.951601178956895,0.7561928662081145,0.8305837286063511,292.25240478515633,265.54275026855476,-0.09139241997422282,0.7254901960784313,1387.3150133337037,26.044598842077114,0.3357918882219237
0.555,1387.4122733721047,37.24798348061415,26.04682001151405,4.950664728668468,0.7561757737013897,0.8305405649494553,292.25240478515633,265.5210261840821,-0.09146675327008963,0.7254901960784313,1387.4122733721047,26.04682001151405,0.3358094196537873
0.556,1387.5099853667102,37.249295098923824,26.0490417821806,4.949728278380043,0.7561586017677532,0.8305020965944291,292.25240478515633,265.49930209960945,-0.09154108656595623,0.7251556375374683,1387.5099853667102,26.0490417821806,0.33582697917487947
0.557,1387.6081493175202,37.25061273747749,26.051263552847146,4.948791828091616,0.7561413504072052,0.8304631824262277,292.25240478515633,265.47757801513677,-0.09161541986182305,0.7249884739511295,1387.6081493175202,26.051263552847146,0.33584456277481417
0.558,1387.7067652245341,37.25193639563632,26.053489194599553,4.947855377803191,0.7561240196197457,0.8304198811929963,292.25240478515633,265.45585393066415,-0.09168975315768965,0.7248213874164554,1387.7067652245341,26.053489194599553,0.33586219625598895
0.559,1387.805833087753,37.25326607275868,26.05571505308793,4.946918927514763,0.7561066094053748,0.8303803438660269,292.25240478515633,265.43412984619147,-0.09176408645355645,0.7246543778801844,1387.805833087753,26.05571505308793,0.3358798552556634
0.56,1387.9053529071757,37.25460176820007,26.05794142604124,4.945982477226337,0.7560891197640923,0.8303390909001178,292.25240478515633,265.4124057617188,-0.09183841974942326,0.7246543778801844,1387.9053529071757,26.05794142604124,0.3358975417559435
0.561,1388.0053246828031,37.255943481313196,26.06018425381701,4.94504602693791,0.7560715506958983,0.8302982071800198,292.25240478515633,265.3906816772461,-0.09191275304529006,0.7246543778801844,1388.0053246828031,26.06018425381701,0.3359153620138757
0.562,1388.1057484146345,37.25729121144792,26.062427972198495,4.944109576649485,0.7560539022007928,0.8302569771200788,292.25240478515633,265.3689575927735,-0.09198708634115668,0.7246543778801844,1388.1057484146345,26.062427972198495,0.3359332122746073
0.5630000000000001,1388.2066241026703,37.258644957951304,26.06467371359565,4.943173126361057,0.7560361742787759,0.8302137876864408,292.25240478515633,265.3472335083008,-0.09206141963702348,0.7246543778801844,1388.2066241026703,26.06467371359565,0.3359511000842579
0.5640000000000001,1388.3079517469107,37.260004720167586,26.066924865149826,4.942236676072633,0.7560183669298475,0.8301748113047469,292.25240478515633,265.3255094238282,-0.09213575293289009,0.7246543778801844,1388.3079517469107,26.066924865149826,0.3359690480191462
0.5650000000000001,1388.4097313473558,37.26137049743817,26.06917956775582,4.941300225784206,0.7560004801540074,0.8301342783611432,292.25240478515633,265.3037853393555,-0.0922100862287569,0.7246543778801844,1388.4097313473558,26.06917956775582,0.3359870436837015
0.5660000000000001,1388.5119629040048,37.26274228910165,26.07144108507029,4.940363775495779,0.755982513951256,0.8300955666728663,292.25240478515633,265.2820612548828,-0.0922844195246237,0.7246543778801844,1388.5119629040048,26.07144108507029,0.3360051088310619
0.5670000000000001,1388.614646416858,37.26412009449382,26.073702813128815,4.939427325207353,0.7559644683215931,0.8300552629294705,292.25240478515633,265.26033717041014,-0.09235875282049051,0.7246543778801844,1388.614646416858,26.073702813128815,0.33602319943604175
0.5680000000000001,1388.7177818859157,37.265503912947636,26.07596729905028,4.938490874918927,0.7559463432650186,0.830010019988845,292.25240478515633,265.2386130859375,-0.09243308611635712,0.7246543778801844,1388.7177818859157,26.07596729905028,0.33604133247526136
0.5690000000000001,1388.8213693111782,37.266893743793275,26.078234320073726,4.937554424630501,0.7559281387815326,0.8299708182814848,292.25240478515633,265.21688900146484,-0.09250741941222392,0.7244874452891039,1388.8213693111782,26.078234320073726,0.3360595064611002
0.5700000000000001,1388.9254086926444,37.26828958635806,26.080504368745814,4.936617974342075,0.7559098548711353,0.8299256232807819,292.25240478515633,265.1951649169922,-0.09258175270809053,0.7244874452891039,1388.9254086926444,26.080504368745814,0.3360777246742212
0.5710000000000001,1389.0299000303155,37.26969143996654,26.0827744174179,4.935681524053648,0.7558914915338263,0.8298817003944332,292.25240478515633,265.1734408325196,-0.09265608600395714,0.7242570836212854,1389.0299000303155,26.0827744174179,0.33609596692938687
0.5720000000000001,1389.1348433241908,37.27109930394046,26.085047080639914,4.934745073765223,0.7558730487696058,0.8298412907134445,292.25240478515633,265.1517167480469,-0.09273041929982395,0.7244874452891039,1389.1348433241908,26.085047080639914,0.33611425065267286
0.5730000000000001,1389.2402385742703,37.27251317759872,26.087322710796634,4.9338086234767955,0.7558545265784739,0.8297967139128999,292.25240478515633,265.1299926635742,-0.09280475259569075,0.7244874452891039,1389.2402385742703,26.087322710796634,0.33613257819037884
0.5740000000000001,1389.346085780554,37.273933060257455,26.08959834095335,4.93287217318837,0.7558359249604305,0.8297559820025568,292.25240478515633,265.1082685791016,-0.09287908589155737,0.7244874452891039,1389.346085780554,26.08959834095335,0.33615092976195726
0.5750000000000001,1389.4523849430423,37.27535895123,26.09187397111008,4.931935722899944,0.7558172439154756,0.8297160918915588,292.25240478515633,265.0865444946289,-0.09295341918742417,0.7244874452891039,1389.4523849430423,26.09187397111008,0.33616930536466183
0.5760000000000001,1389.559136061735,37.27679084982685,26.0941496012668,4.930999272611517,0.7557984834436091,0.8296751934562333,292.25240478515633,265.0648204101563,-0.09302775248329077,0.7244874452891039,1389.559136061735,26.0941496012668,0.33618770499573447
0.577,1389.666339136632,37.27822875535575,26.0964281412148,4.93006282232309,0.7557796435448312,0.8296306560234391,292.25240478515633,265.0460106567383,-0.09309211381312081,0.7244874452891039,1389.666339136632,26.0964281412148,0.3362061480492966
0.578,1389.7739941677335,37.2796726671216,26.09870874395208,4.9291263720346645,0.7557607242191418,0.8295926675494473,292.25240478515633,265.04072512207034,-0.09311019932612745,0.7243205895900506,1389.7739941677335,26.09870874395208,0.3362246288763882
0.579,1389.8821011550392,37.28112258442655,26.100994307877166,4.928189921746238,0.7557417254665408,0.8295485728984512,292.25240478515633,265.0354395874024,-0.09312828483913407,0.7243205895900506,1389.8821011550392,26.100994307877166,0.3362431667951631
0.58,1389.9906600985491,37.28257850656992,26.103279871802254,4.927253471457812,0.7557226472870284,0.8295077726917862,292.25240478515633,265.0301540527344,-0.09314637035214071,0.7241538107299103,1389.9906600985491,26.103279871802254,0.33626172873116367
0.581,1390.0996709982637,37.28404043284826,26.105565435727343,4.926317021169385,0.7557034896806044,0.829469134760325,292.25240478515633,265.02130799560547,-0.09317663890420089,0.7241538107299103,1390.0996709982637,26.105565435727343,0.3362803146815764
0.582,1390.2091338541825,37.28550836255532,26.10785099965243,4.92538057088096,0.755684252647269,0.8294212240673972,292.25240478515633,265.0041616455078,-0.093235308567194,0.723987108655617,1390.2091338541825,26.10785099965243,0.33629892464357647
0.583,1390.3190486663054,37.28698229498206,26.11013886594986,4.924444120592533,0.7556649361870221,0.8293827361389099,292.25240478515633,264.9870152954102,-0.09329397823018694,0.723987108655617,1390.3190486663054,26.11013886594986,0.3363175739621172
0.584,1390.4294154346333,37.288462229416666,26.112427522787673,4.923507670304107,0.7556455402998636,0.8293409754675388,292.25240478515633,264.96986894531256,-0.09335264789317987,0.723987108655617,1390.4294154346333,26.112427522787673,0.33633625255636457
0.585,1390.540234159165,37.289948165144516,26.114720473493463,4.922571220015681,0.7556260649857938,0.8293002046712536,292.25240478515633,264.9527225952149,-0.09341131755617299,0.723987108655617,1390.540234159165,26.114720473493463,0.33635498377690876
0.586,1390.6515048399012,37.29144010144823,26.117013547474556,4.921634769727255,0.7556065102448124,0.8292636429519944,292.25240478515633,264.9355762451172,-0.09346998721916612,0.7238204833141542,1390.6515048399012,26.117013547474556,0.33637373981939234
0.587,1390.7632274768418,37.29293803760763,26.11930849022827,4.920698319438828,0.7555868760769194,0.829221535458972,292.25240478515633,264.91842989501953,-0.09352865688215925,0.7238204833141542,1390.7632274768418,26.11930849022827,0.3363925323165529
0.588,1390.8754020699869,37.294441972899754,26.121603857776986,4.919761869150402,0.755567162482115,0.8291743013854546,292.25240478515633,264.9012835449219,-0.09358732654515217,0.7236539346525541,1390.8754020699869,26.121603857776986,0.33641135163983416
0.589,1390.9880286193359,37.29595190659887,26.123899850997105,4.918825418861975,0.7555473694603991,0.8291329358972397,292.25240478515633,264.8841371948243,-0.09364599620814511,0.7236539346525541,1390.9880286193359,26.123899850997105,0.3364301991253908
0.59,1391.10110712489,37.297467837976484,26.126198822310183,4.91788896857355,0.7555274970117716,0.8290912018859259,292.25240478515633,264.8669908447266,-0.09370466587113824,0.7236539346525541,1391.10110712489,26.126198822310183,0.33644909045173005
0.591,1391.214637586648,37.29898976630128,26.128500400080494,4.9169525182851235,0.7555075451362327,0.8290494084716681,292.25240478515633,264.849844494629,-0.09376333553413116,0.7236539346525541,1391.214637586648,26.128500400080494,0.33646802313857505
0.592,1391.3286200046102,37.30051769083923,26.13080417420812,4.916016067996697,0.7554875138337823,0.8290065121782101,292.25240478515633,264.8326981445313,-0.09382200519712429,0.7238840312931432,1391.3286200046102,26.13080417420812,0.3364869944492324
0.593,1391.443054378777,37.30205161085348,26.13310933286659,4.915079617708271,0.7554674031044204,0.8289658373420716,292.25240478515633,264.81555179443365,-0.09388067486011742,0.7238840312931432,1391.443054378777,26.13310933286659,0.33650599896905836
0.594,1391.5579407091482,37.30359152560445,26.13541776677416,4.914143167419845,0.7554472129481471,0.8289238311492374,292.25240478515633,264.8230061462403,-0.09385516830590404,0.7238840312931432,1391.5579407091482,26.13541776677416,0.3365250492987662
0.595,1391.6732789957236,37.30513743434976,26.137726200681726,4.913206717131419,0.7554269433649621,0.828887340576999,292.25240478515633,264.84858442687994,-0.09376764710771765,0.7238840312931432,1391.6732789957236,26.137726200681726,0.3365441236023272
0.596,1391.7890692385035,37.30668933634427,26.140034634589295,4.9122702668429925,0.7554065943548657,0.8288426880121043,292.25240478515633,264.8741627075196,-0.09368012590953126,0.7238840312931432,1391.7890692385035,26.140034634589295,0.33656322187676113
0.597,1391.9053114374874,37.308247230840095,26.142350404911685,4.911333816554565,0.7553861659178578,0.8287982328681471,292.25240478515633,264.89974098815924,-0.09359260471134488,0.7238840312931432,1391.9053114374874,26.142350404911685,0.3365823930241758
0.598,1392.022005592676,37.30981111708656,26.14466715102976,4.91039736626614,0.7553656580539385,0.8287476679536987,292.25240478515633,264.92531926879883,-0.09350508351315868,0.7238840312931432,1392.022005592676,26.14466715102976,0.33660159464119793
0.599,1392.1391517040688,37.31138099433025,26.146990679797963,4.9094609159777125,0.7553450707631075,0.8287074172694384,292.25240478515633,264.9508975494385,-0.0934175623149723,0.7238840312931432,1392.1391517040688,26.146990679797963,0.33662086543374725
0.6,1392.2567497716664,37.31295686181499,26.149320370488418,4.908524465689287,0.7553244040453652,0.8286652642337771,292.25240478515633,264.9764758300782,-0.09333004111678572,0.723717506326202,1392.2567497716664,26.149320370488418,0.33664020126098027
0.601,1392.374799795468,37.314538718781826,26.151656174852576,4.907588015400861,0.7553036579007112,0.8286235633986901,292.25240478515633,265.00205411071784,-0.09324251991859933,0.723717506326202,1392.374799795468,26.151656174852576,0.3366596017982328
0.602,1392.4933017754738,37.316126564469066,26.153998717900564,4.906651565112435,0.7552828323291458,0.8285762956989706,292.25240478515633,265.02763239135743,-0.09315499872041313,0.7235510579576817,1392.4933017754738,26.153998717900564,0.3366790712088235
0.603,1392.6122557116844,37.317720398112264,26.156344887975944,4.905715114824008,0.755261927330669,0.8285281744357544,292.25240478515633,265.0532106719971,-0.09306747752222676,0.7235510579576817,1392.6122557116844,26.156344887975944,0.33669858874715636
0.604,1392.731661604099,37.31932021894422,26.158693748686368,4.904778664535582,0.7552409429052805,0.8284841744801581,292.25240478515633,265.0787889526367,-0.09297995632404037,0.7235510579576817,1392.731661604099,26.158693748686368,0.3367181481681004
0.605,1392.8515194527183,37.32092602619499,26.16104723556078,4.903842214247155,0.7552198790529806,0.8284441777690809,292.25240478515633,265.1043672332764,-0.09289243512585398,0.7235510579576817,1392.8515194527183,26.16104723556078,0.336737762370959
0.606,1392.9718292575415,37.32253781909185,26.16340194291866,4.90290576395873,0.7551987357737693,0.8284010651035603,292.25240478515633,265.1229999816894,-0.09282867945401704,0.7235510579576817,1392.9718292575415,26.16340194291866,0.33675740865011644
0.607,1393.0925910185692,37.32415559685938,26.165761284080766,4.901969313670303,0.7551775130676464,0.828355128278728,292.25240478515633,265.13602500305177,-0.09278411174080377,0.7235510579576817,1393.0925910185692,26.165761284080766,0.3367771097559269
0.608,1393.2138047358012,37.32577935871937,26.168134726311823,4.901032863381878,0.755156210934612,0.8283114043591183,292.25240478515633,265.14905002441407,-0.0927395440275907,0.7233846861347436,1393.2138047358012,26.168134726311823,0.33679692879478446
0.609,1393.3354704092376,37.32740910389091,26.170513861618534,4.90009641309345,0.7551348293746662,0.8282667187502064,292.25240478515633,265.16207504577636,-0.09269497631437762,0.7233846861347436,1393.3354704092376,26.170513861618534,0.33681680971524286
0.61,1393.4575880388786,37.3290448315903,26.172898885037704,4.899159962805023,0.7551133683878088,0.8282228933898813,292.25240478515633,265.17510006713866,-0.09265040860116455,0.7233846861347436,1393.4575880388786,26.172898885037704,0.33683675381429806
0.611,1393.5801576247236,37.33068654103114,26.175283908456876,4.898223512516599,0.75509182797404,0.8281733727547022,292.25240478515633,265.188125088501,-0.09260584088795128,0.7233846861347436,1393.5801576247236,26.175283908456876,0.33685672183819926
0.612,1393.7031791667735,37.332334231424284,26.17766893187605,4.897287062228172,0.7550702081333596,0.8281282893729147,292.25240478515633,265.2011501098633,-0.09256127317473821,0.7232183908045977,1393.7031791667735,26.17766893187605,0.33687671378379014
0.613,1393.8266526650275,37.333987901977835,26.180053955295218,4.896350611939746,0.7550485088657677,0.8280881300515471,292.25240478515633,265.21417513122566,-0.09251670546152495,0.7232183908045977,1393.8266526650275,26.180053955295218,0.3368967296479033
0.614,1393.950578119486,37.33564755189718,26.18244274803239,4.89541416165132,0.7550267301712643,0.828045764811177,292.25240478515633,265.22720015258795,-0.09247213774831187,0.7232183908045977,1393.950578119486,26.18244274803239,0.33691679455392115
0.615,1394.0749555301481,37.33731318038495,26.184842255556973,4.894477711362892,0.7550048720498495,0.8280019825526164,292.25240478515633,265.24022517395025,-0.0924275700350988,0.723448275862069,1394.0749555301481,26.184842255556973,0.3369369547976816
0.616,1394.1997848970154,37.3389847866411,26.18724777417721,4.893541261074467,0.7549829345015231,0.8279616538756426,292.25240478515633,265.25325019531255,-0.09238300232188572,0.7232183908045977,1394.1997848970154,26.18724777417721,0.33695717902081784
0.617,1394.325066220087,37.34066236986279,26.18965563034077,4.892604810786041,0.7549609175262851,0.8279146806009254,292.25240478515633,265.26295893402107,-0.0923497819324225,0.7230521719145024,1394.325066220087,26.18965563034077,0.33697744273193964
0.618,1394.4507994993623,37.34234592924449,26.19206348650433,4.891668360497615,0.7549388211241359,0.8278701897830811,292.25240478515633,265.2557704437257,-0.09237437878835146,0.722490236618424,1394.4507994993623,26.19206348650433,0.33699773034558367
0.619,1394.5769847348424,37.344035463977946,26.1944713426679,4.890731910209189,0.754916645295075,0.8278244760154014,292.25240478515633,265.24858195343023,-0.09239897564428061,0.722490236618424,1394.5769847348424,26.1944713426679,0.3370180418585172
0.62,1394.7036219265271,37.34573097325218,26.196879198831457,4.889795459920761,0.7548943900391025,0.8277813615230244,292.25240478515633,265.2413934631348,-0.09242357250020976,0.7223242994947175,1394.7036219265271,26.196879198831457,0.3370383772674966
0.621,1394.8307110744158,37.34743245625348,26.199287054995025,4.888859009632336,0.7548720553562187,0.8277384578217644,292.25240478515633,265.2342049728394,-0.09244816935613871,0.7223242994947175,1394.8307110744158,26.199287054995025,0.3370587365692672
0.622,1394.958252178509,37.349139912165434,26.20169491115859,4.887922559343909,0.7548496412464234,0.8276932407181072,292.25240478515633,265.22701648254395,-0.09247276621206786,0.7223242994947175,1394.958252178509,26.20169491115859,0.3370791197605639
0.623,1395.0862452388067,37.350853340168904,26.204104705741795,4.886986109055483,0.7548271477097166,0.8276478720455993,292.25240478515633,265.21982799224855,-0.09249736306799682,0.7223242994947175,1395.0862452388067,26.204104705741795,0.33709953975976287
0.624,1395.2146902553081,37.35257273944203,26.206520732581815,4.886049658767056,0.7548045747460983,0.8276009005375125,292.25240478515633,265.21263950195316,-0.09252195992392577,0.7223242994947175,1395.2146902553081,26.206520732581815,0.33712002518662226
0.625,1395.3435872280145,37.35429810916027,26.208936890513105,4.88511320847863,0.7547819223555683,0.8275550057386828,292.25240478515633,265.2054510116577,-0.09254655677985492,0.7223242994947175,1395.3435872280145,26.208936890513105,0.33714053536701055
0.626,1395.4729361569252,37.356029448496336,26.211354376520468,4.884176758190205,0.754759190538127,0.8275040883731801,292.25240478515633,265.1982625213623,-0.09257115363578387,0.7223242994947175,1395.4729361569252,26.211354376520468,0.3371610782768108
0.627,1395.60273704204,37.35776675662024,26.213771862527835,4.883240307901778,0.7547363792937742,0.8274633714791948,292.25240478515633,265.1877028091431,-0.09260728580115299,0.7223242994947175,1395.60273704204,26.213771862527835,0.3371816450596472
0.628,1395.7329898833593,37.3595100326993,26.216189348535195,4.882303857613351,0.7547134886225099,0.8274220429898398,292.25240478515633,265.1661162292481,-0.0926811485976316,0.722158438576349,1395.7329898833593,26.216189348535195,0.33720223571218927
0.629,1395.863694680883,37.361259275898114,26.218606834542562,4.881367407324925,0.754690518524334,0.8273787585195208,292.25240478515633,265.14452964935305,-0.0927550113941102,0.7223242994947175,1395.863694680883,26.218606834542562,0.33722285023109577
0.63,1395.994851434611,37.3630144853786,26.221026259586907,4.880430957036499,0.7546674689992466,0.8273373595238227,292.25240478515633,265.122943069458,-0.09282887419058881,0.7223242994947175,1395.994851434611,26.221026259586907,0.3372435015387825
0.631,1396.1264601445437,37.36477566029995,26.2234485738291,4.879494506748072,0.7546443400472478,0.8272895179721145,292.25240478515633,265.10135648956305,-0.09290273698706722,0.7223242994947175,1396.1264601445437,26.2234485738291,0.33726419596573126
0.632,1396.2585208106802,37.36654279981867,26.22587958056478,4.878558056459646,0.7546211316683374,0.8272429407036427,292.25240478515633,265.07976990966796,-0.09297659978354603,0.722490236618424,1396.2585208106802,26.22587958056478,0.3372849721937783
0.633,1396.3910334330212,37.36831590308856,26.228313628379862,4.877621606171219,0.7545978438625156,0.8271962086341892,292.25240478515633,265.058183329773,-0.09305046258002443,0.722490236618424,1396.3910334330212,26.228313628379862,0.33730579254678306
0.634,1396.5239980115666,37.370094969260734,26.230753215219817,4.876685155882794,0.7545744766297824,0.8271468530384174,292.25240478515633,265.03659674987796,-0.09312432537650303,0.722490236618424,1396.5239980115666,26.230753215219817,0.3373266736728448
0.635,1396.6574145463167,37.371879997483624,26.233200729998007,4.875748705594368,0.7545510299701375,0.8270997560594274,292.25240478515633,265.015010169983,-0.09319818817298145,0.722490236618424,1396.6574145463167,26.233200729998007,0.33734763149323566
0.636,1396.7912830372707,37.373670986902944,26.235658050008784,4.874812255305941,0.7545275038835811,0.8270524675817263,292.25240478515633,264.99342359008796,-0.09327205096946005,0.722490236618424,1396.7912830372707,26.235658050008784,0.33736867851872565
0.637,1396.9256034844295,37.375467936661735,26.238118444585673,4.873875805017515,0.7545038983701133,0.827009880006916,292.25240478515633,264.9718370101929,-0.09334591376593866,0.722490236618424,1396.9256034844295,26.238118444585673,0.3373897698787528
0.638,1397.0603758877921,37.37727084590035,26.24058047770912,4.872939354729089,0.7544802134297339,0.8269635809425679,292.25240478515633,264.95025043029796,-0.09341977656241707,0.722490236618424,1397.0603758877921,26.24058047770912,0.33741089599726326
0.639,1397.1956002473594,37.379079713756454,26.243042510832563,4.872002904440662,0.7544564490624432,0.8269250292748619,292.25240478515633,264.9286638504029,-0.09349363935889568,0.7223242994947175,1397.1956002473594,26.243042510832563,0.337432045948132
0.64,1397.3312765631313,37.380894539365045,26.245504706631227,4.871066454152237,0.7544326052682409,0.8268792893088578,292.25240478515633,264.9070772705079,-0.09356750215537428,0.7223242994947175,1397.3312765631313,26.245504706631227,0.3374532208123049
0.641,1397.467404835107,37.3827153218584,26.247978154632026,4.87013000386381,0.7544086820471271,0.8268336540558505,292.25240478515633,264.8854906906129,-0.09364136495185268,0.7220946256316031,1397.467404835107,26.247978154632026,0.3374744945099407
0.642,1397.6039850632876,37.38454206036617,26.250462591109642,4.869193553575384,0.7543846793991017,0.8267923078198909,292.25240478515633,264.86390411071784,-0.09371522774833149,0.7220946256316031,1397.6039850632876,26.250462591109642,0.3374958652795455
0.643,1397.7410172476723,37.38637475401529,26.252947987627206,4.8682571032869575,0.7543605973241649,0.8267427665673333,292.25240478515633,264.84231753082287,-0.0937890905448099,0.7218649517684887,1397.7410172476723,26.252947987627206,0.3375172662673046
0.644,1397.8785013882614,37.388213401930045,26.255435999472915,4.867320652998531,0.7543364358223166,0.8266995157834425,292.25240478515633,264.82073095092784,-0.09386295334128851,0.7218649517684887,1397.8785013882614,26.255435999472915,0.3375387085039925
0.645,1398.0164374850547,37.39005800323202,26.257931294683704,4.866384202710105,0.7543121948935567,0.826654372436601,292.25240478515633,264.7991443710328,-0.09393681613776711,0.7218649517684887,1398.0164374850547,26.257931294683704,0.3375602231035848
0.646,1398.1548255380526,37.39190855704015,26.260426589894507,4.865447752421678,0.7542878745378854,0.826609258018331,292.25240478515633,264.77755779113784,-0.09401067893424553,0.7216991963260619,1398.1548255380526,26.260426589894507,0.3375817615110924
0.647,1398.2936655472545,37.3937650624707,26.26292461249403,4.864511302133253,0.7542634747553026,0.8265645067630427,292.25240478515633,264.7559712112428,-0.09408454173072413,0.7216991963260619,1398.2936655472545,26.26292461249403,0.3376033419039612
0.648,1398.4329575126612,37.39562751863727,26.265430813904906,4.8635748518448265,0.7542389955458083,0.826511795914721,292.25240478515633,264.73438463134784,-0.09415840452720255,0.7215335169880625,1398.4329575126612,26.265430813904906,0.33762500061824363
0.649,1398.572701434272,37.397495924650784,26.26793701531578,4.8626384015564,0.7542144369094025,0.8264688605947934,292.25240478515633,264.7127980514528,-0.09423226732368115,0.7215335169880625,1398.572701434272,26.26793701531578,0.33764668312980517
0.65,1398.7128973120873,37.39937027961951,26.270443216726658,4.861701951267974,0.7541897988460852,0.8264222577904832,292.25240478515633,264.6912114715578,-0.09430613012015975,0.7216991963260619,1398.7128973120873,26.270443216726658,0.33766838943507954
0.651,1398.8535451461066,37.40125058264906,26.272950488904687,4.860765500979547,0.7541650813558564,0.8263714747172665,292.25240478515633,264.66962489166275,-0.09437999291663836,0.7214695752009185,1398.8535451461066,26.272950488904687,0.33769012666830456
0.652,1398.9946449363304,37.40313683284238,26.275459313955487,4.859829050691121,0.7541402844387162,0.8263233148491628,292.25240478515633,264.6480383117677,-0.09445385571311696,0.7216991963260619,1398.9946449363304,26.275459313955487,0.337711898039645
0.653,1399.136196682759,37.405029029299776,26.277975820658632,4.858892600402695,0.7541154080946643,0.8262753550519423,292.25240478515633,264.62645173187275,-0.09452771850959538,0.7215335169880625,1399.136196682759,26.277975820658632,0.33773374440041315
0.654,1399.2782003853915,37.40692717111887,26.280499981005818,4.857956150114269,0.7540904523237011,0.8262290786325827,292.25240478515633,264.6048651519777,-0.09460158130607398,0.7213679137020886,1399.2782003853915,26.280499981005818,0.33775566556029435
0.655,1399.4206560442283,37.40883125739467,26.28302622071505,4.857019699825842,0.7540654171258262,0.8261737148877134,292.25240478515633,264.58327857208275,-0.0946754441025524,0.721202386415787,1399.4206560442283,26.28302622071505,0.3377776243570812
0.656,1399.56356365927,37.4107412872195,26.285552905412192,4.8560832495374155,0.7540403025010399,0.8261210282904079,292.25240478515633,264.5616919921877,-0.094749306899031,0.721202386415787,1399.56356365927,26.285552905412192,0.3377996098922812
0.657,1399.7069232305155,37.41265725968306,26.288080080944944,4.85514679924899,0.7540151084493422,0.8260780141747531,292.25240478515633,264.54010541229263,-0.09482316969550979,0.721202386415787,1399.7069232305155,26.288080080944944,0.3378216224678776
0.658,1399.8507347579655,37.41457917387239,26.290609029518855,4.854210348960564,0.7539898349707329,0.8260347363092226,292.25240478515633,264.51851883239766,-0.0948970324919882,0.7210369350768525,1399.8507347579655,26.290609029518855,0.3378436706274987
0.659,1399.9949982416201,37.4165070288719,26.29313797809277,4.853273898672137,0.753964482065212,0.825987255369194,292.25240478515633,264.49693225250263,-0.0949708952884668,0.721202386415787,1399.9949982416201,26.29313797809277,0.33786574254825524
0.66,1400.1397136814787,37.41844082376334,26.295668120074698,4.852337448383712,0.7539390497327798,0.8259394068897588,292.25240478515633,264.4753456726076,-0.09504475808494542,0.7208715596330275,1400.1397136814787,26.295668120074698,0.33788784618182305
0.661,1400.284881077542,37.42038055762584,26.298200003927498,4.8514009980952855,0.753913537973436,0.8258961841912749,292.25240478515633,264.4537590927126,-0.09511862088142402,0.7206422018348624,1400.284881077542,26.298200003927498,0.3379099851806142
0.662,1400.4305004298096,37.422326229535884,26.300731887780298,4.850464547806859,0.7538879467871806,0.8258379674588994,292.25240478515633,264.4321725128176,-0.09519248367790244,0.7206422018348624,1400.4305004298096,26.300731887780298,0.3379321479294911
0.663,1400.5765717382815,37.42427783856733,26.303266481608638,4.849528097518433,0.7538622761740139,0.8257934466284151,292.25240478515633,264.41058593292263,-0.09526634647438084,0.7206422018348624,1400.5765717382815,26.303266481608638,0.3379543524896527
0.664,1400.7230950029577,37.42623538379138,26.305817620108805,4.848591647230006,0.7538365261339356,0.8257514556526921,292.25240478515633,264.3889993530276,-0.09534020927085944,0.7208075246616197,1400.7230950029577,26.305817620108805,0.3379766910805213
0.665,1400.8700702238384,37.42819886427663,26.308368758608975,4.84765519694158,0.7538106966669458,0.8257075364602067,292.25240478515633,264.36741277313257,-0.09541407206733805,0.7208075246616197,1400.8700702238384,26.308368758608975,0.3379990534103315
0.666,1401.017497400923,37.43016827908904,26.310929398766902,4.8467187466531545,0.7537847877730446,0.8256597398554615,292.25240478515633,264.34582619323754,-0.09548793486381665,0.7208075246616197,1401.017497400923,26.310929398766902,0.3380215028141203
0.667,1401.1653765342126,37.43214362729194,26.313494625710312,4.845782296364728,0.7537587994522318,0.8256126351073131,292.25240478515633,264.32423961334257,-0.09556179766029507,0.7206422018348624,1401.1653765342126,26.313494625710312,0.3380440065252293
0.668,1401.313707623706,37.434124907946035,26.31605985265373,4.844845846076301,0.7537327317045075,0.825566812270287,292.25240478515633,264.30265303344754,-0.09563566045677367,0.7206422018348624,1401.313707623706,26.31605985265373,0.3380665339640407
0.669,1401.462490669404,37.43611212010943,26.318632175949492,4.843909395787875,0.7537065845298718,0.8255199755279875,292.25240478515633,264.2810664535525,-0.09570952325325228,0.7206422018348624,1401.462490669404,26.318632175949492,0.3380891324316116
0.67,1401.6117256713067,37.438105262837574,26.321216735553143,4.842972945499449,0.7536803579283244,0.8254754686699429,292.25240478515633,264.2594798736575,-0.09578338604973088,0.7206422018348624,1401.6117256713067,26.321216735553143,0.33811183618749857
0.671,1401.7614126294134,37.44010433518333,26.323803891313315,4.842036495211023,0.7536540518998658,0.8254254815239088,292.25240478515633,264.23789329376245,-0.09585724884620948,0.7208715596330275,1401.7614126294134,26.323803891313315,0.33813458096593146
0.672,1401.9115515437245,37.44210933619692,26.326396647660705,4.841100044922596,0.7536276664444954,0.8253810700237506,292.25240478515633,264.2163067138675,-0.0959311116426879,0.7208715596330275,1401.9115515437245,26.326396647660705,0.3381573867908749
0.673,1402.0621424142398,37.44412026492597,26.328990527258426,4.840163594634171,0.7536012015622138,0.8253353966275888,292.25240478515633,264.19472013397245,-0.0960049744391665,0.7208715596330275,1402.0621424142398,26.328990527258426,0.33818022381225166
0.674,1402.2131852409595,37.4461371204155,26.33158440685614,4.8392271443457435,0.7535746572530204,0.8252897245162489,292.25240478515633,264.1843680755618,-0.09604039607553685,0.7207062600321027,1402.2131852409595,26.33158440685614,0.33820308453856995
0.675,1402.364680023884,37.4481599017079,26.334178286453866,4.838290694057317,0.7535480335169157,0.8252456513458714,292.25240478515633,264.2166603469852,-0.09592990161631376,0.7205410362219166,1402.364680023884,26.334178286453866,0.3382259689659998
0.676,1402.5166267630125,37.45018860784298,26.33677216605159,4.837354243768891,0.7535213303538995,0.8251961258926098,292.25240478515633,264.2489526184085,-0.09581940715709085,0.7205410362219166,1402.5166267630125,26.33677216605159,0.33824887709070073
0.677,1402.6690254583452,37.45222323785793,26.339366045649314,4.836417793480465,0.7534945477639716,0.8251495844385525,292.25240478515633,264.2753101623538,-0.09572921955379417,0.7205410362219166,1402.6690254583452,26.339366045649314,0.3382718089088219
0.678,1402.8218761098829,37.45426379078733,26.34196203467991,4.835481343192038,0.7534676857471324,0.8250988110818023,292.25240478515633,264.2954094726565,-0.09566044574740752,0.7205410362219166,1402.8218761098829,26.34196203467991,0.3382947784781417
0.679,1402.9751787176242,37.45631026566317,26.344558898918223,4.834544892903613,0.7534407443033817,0.8250555171961469,292.25240478515633,264.3155087829592,-0.09559167194102088,0.7205410362219166,1402.9751787176242,26.344558898918223,0.33831777756734993
0.68,1403.12893328157,37.458362661514855,26.347155763156536,4.833608442615187,0.7534137234327194,0.8250118526192556,292.25240478515633,264.33560809326195,-0.09552289813463423,0.7204769548268746,1403.12893328157,26.347155763156536,0.3383408003383632
0.681,1403.2831398017204,37.460420977369175,26.34975262739485,4.83267199232676,0.7533866231351457,0.8249640145187732,292.25240478515633,264.3557074035647,-0.09545412432824758,0.7204769548268746,1403.2831398017204,26.34975262739485,0.3383638467872892
0.682,1403.4377982780752,37.462485212250336,26.352349491633163,4.831735542038333,0.7533594434106604,0.824912936719424,292.25240478515633,264.3758067138674,-0.09538535052186094,0.7204769548268746,1403.4377982780752,26.352349491633163,0.3383869169102249
0.683,1403.5929087106342,37.464555365179955,26.35494635587148,4.830799091749908,0.7533321842592637,0.8248629873150375,292.25240478515633,264.39590602417013,-0.09531657671547429,0.7204769548268746,1403.5929087106342,26.35494635587148,0.3384100107032572
0.684,1403.7484710993976,37.46663143517706,26.357545597317763,4.829862641461482,0.7533048456809555,0.8248090234239392,292.25240478515633,264.41600533447286,-0.09524780290908764,0.7204769548268746,1403.7484710993976,26.357545597317763,0.3384331440091116
0.685,1403.9044854443653,37.46871342125808,26.36014858689524,4.828926191173054,0.7532774276757357,0.8247621980844355,292.25240478515633,264.4361046447756,-0.095179029102701,0.7204769548268746,1403.9044854443653,26.36014858689524,0.3384563259625327
0.686,1404.0609517455375,37.470801322436884,26.362754651107302,4.827989740884629,0.7532499302436044,0.8247102166737557,292.25240478515633,264.4562039550783,-0.09511025529631435,0.7204769548268746,1404.0609517455375,26.362754651107302,0.3384795520699967
0.687,1404.217870002914,37.472895137724734,26.365370900848042,4.8270532905962025,0.7532223533845617,0.8246602230032347,292.25240478515633,264.476303265381,-0.0950414814899279,0.7202476496216464,1404.217870002914,26.365370900848042,0.3385028697293096
0.6880000000000001,1404.3752402164946,37.47499486613033,26.367991738277468,4.826116840307776,0.7531946970986074,0.8246132579995593,292.25240478515633,264.49640257568376,-0.09497270768354106,0.7202476496216464,1404.3752402164946,26.367991738277468,0.3385262416208796
0.6890000000000001,1404.5330623862799,37.477100506659795,26.370613791067946,4.82518039001935,0.7531669613857417,0.8245615317465079,292.25240478515633,264.51650188598643,-0.09490393387715461,0.7200825309491059,1404.5330623862799,26.370613791067946,0.3385496452605392
0.6900000000000001,1404.6913365122696,37.47921205831667,26.373235843858424,4.824243939730923,0.7531391462459645,0.8245120679847799,292.25240478515633,264.53660119628915,-0.09483516007076796,0.7203117835855112,1404.6913365122696,26.373235843858424,0.33857307254261354
0.6910000000000001,1404.8500625944635,37.481329520101916,26.375857896648906,4.823307489442498,0.7531112516792757,0.8244649312164571,292.25240478515633,264.5567005065919,-0.09476638626438132,0.7200825309491059,1404.8500625944635,26.375857896648906,0.33859652346310704
0.6920000000000001,1405.0092406328617,37.48345289101395,26.37847994943939,4.8223710391540715,0.7530832776856755,0.8244149335910933,292.25240478515633,264.5767998168946,-0.09469761245799467,0.7199174879669952,1405.0092406328617,26.37847994943939,0.33861999801801357
0.6930000000000001,1405.1688706274645,37.48558217004859,26.381109897010028,4.821434588865645,0.7530552242651638,0.8243649600360675,292.25240478515633,264.5968991271973,-0.09462883865160823,0.7199174879669952,1405.1688706274645,26.381109897010028,0.33864354883052167
0.6940000000000001,1405.3289525782714,37.4877173561991,26.38375296251666,4.820498138577219,0.7530270914177406,0.8243130221286592,292.25240478515633,264.61699843750006,-0.09456006484522139,0.7197525206232814,1405.3289525782714,26.38375296251666,0.3386672107145585
0.6950000000000001,1405.4894864852827,37.4898584484562,26.38641538798221,4.8195616882887915,0.7529988791434059,0.824264991545774,292.25240478515633,264.6370977478027,-0.09449129103883494,0.7197525206232814,1405.4894864852827,26.38641538798221,0.338691025275887
0.6960000000000001,1405.6504723484986,37.492005445808026,26.38908076036358,4.818625238000366,0.7529705874421596,0.8242141676995325,292.25240478515633,264.6534812866211,-0.09443523148705663,0.7197525206232814,1405.6504723484986,26.38908076036358,0.33871488309986664
0.6970000000000001,1405.8119101679185,37.49415834724015,26.391747059261085,4.8176887877119405,0.7529422163140019,0.824171059711567,292.25240478515633,264.6409334899903,-0.09447816628049331,0.7197525206232814,1405.8119101679185,26.391747059261085,0.33873877071430225
0.6980000000000001,1405.9737999435429,37.49631715173562,26.3944133581586,4.816752337423513,0.7529137657589328,0.8241199149408686,292.25240478515633,264.6283856933594,-0.0945211010739302,0.7195876288659794,1405.9737999435429,26.3944133581586,0.33876268193889925
0.6990000000000001,1406.1361416753718,37.4984818582749,26.397085471679453,4.815815887135088,0.752885235776952,0.8240692444501836,292.25240478515633,264.6158378967286,-0.09456403586736689,0.7195876288659794,1406.1361416753718,26.397085471679453,0.3387866555303013
0.7000000000000001,1406.2989353634048,37.500652465835906,26.399760832930625,4.814879436846661,0.7528566263680598,0.8240162127978571,292.25240478515633,264.6032901000977,-0.09460697066080379,0.7197525206232814,1406.2989353634048,26.399760832930625,0.3388106743733163
0.7010000000000001,1406.4621810076426,37.50282897339403,26.402441151225133,4.813942986558235,0.7528279375322561,0.8239612109110721,292.25240478515633,264.59074230346687,-0.09464990545424047,0.7195876288659794,1406.4621810076426,26.402441151225133,0.3388347498582567
0.7020000000000001,1406.6258786080843,37.505011379922074,26.40512146951965,4.813006536269809,0.7527991692695408,0.823909855429558,292.25240478515633,264.57819450683604,-0.09469284024767716,0.7195876288659794,1406.6258786080843,26.40512146951965,0.33885884893698637
0.7030000000000001,1406.7900281647305,37.507199684390336,26.407815607965972,4.812070085981381,0.7527703215799142,0.8238607058469711,292.25240478515633,264.540692025757,-0.09482116248032613,0.7195876288659794,1406.7900281647305,26.407815607965972,0.3388830637315695
0.704,1406.9546296775811,37.50939388576655,26.410527989136757,4.811133635692956,0.752741394463376,0.8238160145968875,292.25240478515633,264.50149653320324,-0.09495527769002836,0.7197525206232814,1406.9546296775811,26.410527989136757,0.33890742371908306
0.705,1407.1196831466361,37.51159398301592,26.413256533703617,4.8101971854045305,0.7527123879199262,0.8237664100668439,292.25240478515633,264.4623010406495,-0.0950893928997306,0.7197525206232814,1407.1196831466361,26.413256533703617,0.33893191503442716
0.706,1407.2851885718953,37.5137999751011,26.41598507827048,4.809260735116103,0.752683301949565,0.823716165695421,292.25240478515633,264.4231055480958,-0.09522350810943264,0.7197525206232814,1407.2851885718953,26.41598507827048,0.33895642992702546
0.707,1407.451145953359,37.516011860982225,26.418715484314898,4.808324284827678,0.7526541365522923,0.8236696506002911,292.25240478515633,264.38391005554206,-0.09535762331913487,0.7195876288659794,1407.451145953359,26.418715484314898,0.3389809808014697
0.708,1407.617555291027,37.518229639616884,26.421456440287436,4.8073878345392504,0.7526248917281081,0.8236181819339847,292.25240478515633,264.3447145629884,-0.09549173852883693,0.7195876288659794,1407.617555291027,26.421456440287436,0.33900562557146297
0.709,1407.7844165848994,37.520453309960146,26.42420992373607,4.806451384250824,0.7525955674770124,0.8235699314859267,292.25240478515633,264.3055190704346,-0.09562585373853916,0.7194228126431517,1407.7844165848994,26.42420992373607,0.3390303774153109
0.71,1407.9517298349763,37.522682870964545,26.426977174633677,4.805514933962399,0.7525661637990052,0.8235182599783396,292.25240478515633,264.26632357788094,-0.09575996894824121,0.7194228126431517,1407.9517298349763,26.426977174633677,0.3390552445945775
0.711,1408.1194950412573,37.524918321580095,26.429749559253697,4.804578483673971,0.7525366806940865,0.8234658035247833,292.25240478515633,264.2271280853272,-0.09589408415794344,0.7194228126431517,1408.1194950412573,26.429749559253697,0.3390801695519854
0.712,1408.2877122037428,37.52715966075427,26.43252305639771,4.803642033385546,0.7525071181622563,0.823412810878851,292.25240478515633,264.1879325927735,-0.09602819936764549,0.7194228126431517,1408.2877122037428,26.43252305639771,0.3391051254777106
0.713,1408.4563813224327,37.52940688743205,26.435298335709977,4.8027055830971195,0.7524774762035147,0.8233630306895434,292.25240478515633,264.1487371002198,-0.09616231457734753,0.7194228126431517,1408.4563813224327,26.435298335709977,0.3391301168314329
0.714,1408.6255023973265,37.53166000055588,26.438073918710025,4.801769132808693,0.7524477548178614,0.8233100820286909,292.25240478515633,264.10954160766613,-0.09629642978704958,0.7194228126431517,1408.6255023973265,26.438073918710025,0.33915513375325923
0.715,1408.795075428425,37.5339189990657,26.440856336231466,4.800832682520268,0.7524179540052968,0.8232619660854409,292.25240478515633,264.0703461151124,-0.09643054499675181,0.7192580719029081,1408.795075428425,26.440856336231466,0.33918021977398305
0.716,1408.9651004157279,37.536183881898914,26.443647964920853,4.79989623223184,0.7523880737658206,0.8232149393902319,292.25240478515633,264.03115062255864,-0.09656466020645406,0.7191937700412276,1408.9651004157279,26.443647964920853,0.33920539073226114
0.717,1409.1355773592354,37.53845464799044,26.446447966372077,4.798959781943414,0.7523581140994329,0.8231623710567808,292.25240478515633,263.99195513000495,-0.0966987754161561,0.7191937700412276,1409.1355773592354,26.446447966372077,0.33923064103495454
0.718,1409.3065062589467,37.540731296272675,26.4492485649963,4.798023331654988,0.7523280750061337,0.8231114694587301,292.25240478515633,263.95275963745127,-0.09683289062585815,0.7190290817494848,1409.3065062589467,26.4492485649963,0.3392559188451269
0.719,1409.4778871148628,37.543013825675516,26.45206165463961,4.797086881366563,0.752297956485923,0.8230606420591527,292.25240478515633,263.9135641448976,-0.09696700583556019,0.7190290817494848,1409.4778871148628,26.45206165463961,0.3392813034437805
0.72,1409.6497199269834,37.54530223512634,26.454877581532184,4.796150431078136,0.7522677585388009,0.8230066942684806,292.25240478515633,263.8743686523438,-0.09710112104526263,0.7188644688644689,1409.6497199269834,26.454877581532184,0.3393067304738616
0.721,1409.822004695308,37.54759652355005,26.45769448070586,4.7952139807897085,0.7522374811647672,0.8229576028240915,292.25240478515633,263.83517315979014,-0.09723523625496447,0.7188644688644689,1409.822004695308,26.45769448070586,0.3393321874990506
0.722,1409.994741419837,37.54989668986903,26.460530577544926,4.794277530501283,0.752207124363822,0.8229075398735566,292.25240478515633,263.7959776672364,-0.09736935146466671,0.7188644688644689,1409.994741419837,26.460530577544926,0.3393577960068348
0.723,1410.1679301005704,37.55220273300316,26.463375878967785,4.793341080212857,0.7521766881359653,0.822862267903983,292.25240478515633,263.7567821746827,-0.09750346667436875,0.7186999313344015,1410.1679301005704,26.463375878967785,0.33938348937825247
0.724,1410.3415707375082,37.554514651869866,26.466242618658352,4.792404629924432,0.7521461724811972,0.8228136616605948,292.25240478515633,263.71758668212897,-0.097637581884071,0.7186999313344015,1410.3415707375082,26.466242618658352,0.3394093491596408
0.725,1410.51566333065,37.556832445384025,26.46911340583915,4.791468179636004,0.7521155773995175,0.8227648986689167,292.25240478515633,263.6783911895753,-0.09777169709377304,0.7186999313344015,1410.51566333065,26.46911340583915,0.3394352594184146
0.726,1410.6902078799967,37.559156112458076,26.471987594467844,4.790531729347578,0.7520849028909263,0.822714754895045,292.25240478515633,263.63919569702153,-0.09790581230347528,0.718471046005951,1410.6902078799967,26.471987594467844,0.33946121584365696
0.727,1410.8652043855475,37.56148565200194,26.474863473008572,4.789595279059151,0.7520541489554237,0.8226640689463447,292.25240478515633,263.6000002044678,-0.09803992751317751,0.7182421606775006,1410.8652043855475,26.474863473008572,0.3394872070217795
0.728,1411.040652847303,37.56382106292307,26.4777393515493,4.788658828770725,0.7520233155930095,0.8226095196180506,292.25240478515633,263.5608047119141,-0.09817404272287955,0.7182421606775006,1411.040652847303,26.4777393515493,0.3395132216833305
0.729,1411.2165532652623,37.566162344126425,26.48061523009003,4.7877223784823,0.7519924028036838,0.8225575768925595,292.25240478515633,263.5216092193604,-0.0983081579325816,0.7180132753490501,1411.2165532652623,26.48061523009003,0.33953925982393
0.73,1411.392905639426,37.5685094945145,26.483491672881875,4.786785928193873,0.7519614105874467,0.8225074087271443,292.25240478515633,263.5297884826661,-0.09828017094882452,0.7178489702517162,1411.392905639426,26.483491672881875,0.3395653252005294
0.731,1411.5697099697945,37.570862512987304,26.48636844396363,4.785849477905447,0.751930338944298,0.8224546342600558,292.25240478515633,263.5669945465088,-0.09815286296697903,0.7178489702517162,1411.5697099697945,26.48636844396363,0.3395914162357936
0.732,1411.746966256367,37.573221398442364,26.489245866230068,4.78491302761702,0.7518991878742378,0.8224004215752133,292.25240478515633,263.60420061035154,-0.09802555498513335,0.7176847403340196,1411.746966256367,26.489245866230068,0.33961753507775433
0.733,1411.9246744991442,37.57558614977475,26.4921239542576,4.783976577328595,0.7518679573772662,0.8223487573549764,292.25240478515633,263.5958392669678,-0.09805416499226019,0.7176847403340196,1411.9246744991442,26.4921239542576,0.33964368181915966
0.734,1412.1028346981254,37.57795676587706,26.49500215232597,4.7830401270401675,0.7518366474533831,0.822298569435422,292.25240478515633,263.5865041442871,-0.09808610697982927,0.7176847403340196,1412.1028346981254,26.49500215232597,0.33966985275110695
0.735,1412.2814468533113,37.580333245639416,26.497884909861323,4.782103676751742,0.7518052581025884,0.8222433869508382,292.25240478515633,263.5762107849122,-0.09812132776571983,0.7176847403340196,1412.2814468533113,26.497884909861323,0.33969607752937003
0.736,1412.4605109647011,37.58271558794949,26.500770333960208,4.781167226463316,0.7517737893248823,0.8221973293326582,292.25240478515633,263.5321832275392,-0.09827197685073033,0.7175205855443733,1412.4605109647011,26.500770333960208,0.3397223435312617
0.737,1412.6400270322956,37.58510379169247,26.50366165567464,4.780230776174889,0.7517422411202646,0.82214297208526,292.25240478515633,263.48815567016607,-0.0984226259357412,0.7175205855443733,1412.6400270322956,26.50366165567464,0.33974867229076144
0.738,1412.8199950560945,37.58749785575111,26.506553184977985,4.779294325886464,0.7517106134887355,0.8220891049773973,292.25240478515633,263.444128112793,-0.09857327502075189,0.7173565058312371,1412.8199950560945,26.506553184977985,0.3397750258732506
0.739,1413.0004150360976,37.589897779005696,26.509446318772323,4.7783578755980365,0.7516789064302948,0.8220341194520182,292.25240478515633,263.40010055542,-0.09872392410576238,0.7171278298650812,1413.0004150360976,26.509446318772323,0.33980141358610605
0.74,1413.181286972305,37.59230356033407,26.512342054510846,4.777421425309611,0.7516471199449427,0.8219837339308482,292.25240478515633,263.35607299804695,-0.09887457319077306,0.7171278298650812,1413.181286972305,26.512342054510846,0.3398278420739385
0.741,1413.3626108647168,37.59471519861158,26.515238586378853,4.776484975021184,0.751615254032679,0.8219285772029313,292.25240478515633,263.3120454406739,-0.09902522227578375,0.7171925011431184,1413.3626108647168,26.515238586378853,0.3398542992945515
0.742,1413.5443867133329,37.59713269271119,26.518137659353304,4.775548524732758,0.751583308693504,0.8218779167699938,292.25240478515633,263.26801788330084,-0.09917587136079443,0.7171925011431184,1413.5443867133329,26.518137659353304,0.3398807968755866
0.743,1413.7266145181534,37.599556041503384,26.52104248501511,4.774612074444332,0.7515512839274173,0.8218218228647702,292.25240478515633,263.2239903259278,-0.09932652044580512,0.7170285714285715,1413.7266145181534,26.52104248501511,0.33990735622116847
0.744,1413.9092942791785,37.60198524385619,26.523953167931605,4.7736756241559055,0.7515191797344192,0.8217710860652225,292.25240478515633,263.1799627685548,-0.0994771695308156,0.7171925011431184,1413.9092942791785,26.523953167931605,0.3399339780238236
0.745,1414.092425996408,37.60442029863521,26.526864146036978,4.772739173867479,0.7514869961145094,0.8217206697083235,292.25240478515633,263.13593521118173,-0.09962781861582629,0.7171925011431184,1414.092425996408,26.526864146036978,0.33996062520186104
0.746,1414.2760096698416,37.60686120470361,26.52977512414235,4.771802723579054,0.7514547330676884,0.8216562718576825,292.25240478515633,263.0919076538086,-0.09977846770083716,0.7171925011431184,1414.2760096698416,26.52977512414235,0.3399872957829825
0.747,1414.4600452994796,37.609307960922116,26.532686102247723,4.770866273290626,0.7514223905939557,0.8215976013422204,292.25240478515633,263.0478800964356,-0.09992911678584766,0.7170285714285715,1414.4600452994796,26.532686102247723,0.3400139897626311
0.748,1414.6445328853222,37.611760566149016,26.535597080353096,4.769929823002201,0.7513899686933115,0.8215425351340317,292.25240478515633,263.00385253906256,-0.10007976587085834,0.7170285714285715,1414.6445328853222,26.535597080353096,0.3400407071362405
0.749,1414.8294724273687,37.61421901924017,26.538511843112854,4.7689933727137745,0.7513574673657559,0.821491520652319,292.25240478515633,262.9598249816895,-0.10023041495586903,0.7170285714285715,1414.8294724273687,26.538511843112854,0.34006747312802854
0.75,1415.0148639256197,37.616683319049,26.541433032155215,4.768056922425348,0.7513248866112888,0.82143706982191,292.25240478515633,262.91579742431645,-0.10038106404087971,0.7168647166361974,1415.0148639256197,26.541433032155215,0.34009430534270374
0.751,1415.2007073800753,37.61915346442654,26.544354513962755,4.767120472136922,0.7512922264299102,0.8213856574787751,292.25240478515633,262.8717698669434,-0.10053171312589039,0.7168647166361974,1415.2007073800753,26.544354513962755,0.34012116288917715
0.752,1415.387002790735,37.62162945422135,26.54727747108249,4.766184021848495,0.75125948682162,0.8213316552036181,292.25240478515633,262.82774230957034,-0.10068236221090109,0.7168647166361974,1415.387002790735,26.54727747108249,0.3401480536457918
0.753,1415.5737501575993,37.62411128727959,26.550206825880032,4.765247571560069,0.7512266677864184,0.8212821614493254,292.25240478515633,262.7837147521973,-0.10083301129591177,0.7168647166361974,1415.5737501575993,26.550206825880032,0.3401750104207962
0.754,1415.7609494806677,37.62659896244501,26.553140893434215,4.764311121271643,0.7511937693243054,0.821222184771725,292.25240478515633,262.7396871948243,-0.10098366038092225,0.716636197440585,1415.7609494806677,26.553140893434215,0.34020202197775296
0.755,1415.9486007599407,37.62909247855894,26.55607885897569,4.763374670983217,0.7511607914352807,0.8211718130824674,292.25240478515633,262.69565963745123,-0.10113430946593294,0.7164076782449725,1415.9486007599407,26.55607885897569,0.34022908288071363
0.756,1416.136703995418,37.63159183446029,26.55901991690956,4.76243822069479,0.7511277341193445,0.8211159691755089,292.25240478515633,262.6516320800782,-0.10128495855094362,0.7159168759990866,1416.136703995418,26.55901991690956,0.3402561877548772
0.757,1416.3252591870994,37.63409702898556,26.561967745289202,4.761501770406364,0.7510945973764971,0.8210637601706484,292.25240478515633,262.6076045227051,-0.10143560763595431,0.7157534246575342,1416.3252591870994,26.561967745289202,0.34028336111377383
0.758,1416.5142663349857,37.636608060968854,26.56491666598453,4.760565320117937,0.7510613812067379,0.8210045744214701,292.25240478515633,262.56357696533206,-0.101586256720965,0.7157534246575342,1416.5142663349857,26.56491666598453,0.34031056510189317
0.759,1416.7037254390757,37.63912492924185,26.567889762918856,4.759628869829512,0.7510280856100673,0.8209522222392531,292.25240478515633,262.5174300765992,-0.10174415752170181,0.7155900479342616,1416.7037254390757,26.567889762918856,0.3403379535937505
0.76,1416.8936364993704,37.64164763263386,26.57087382113188,4.758692419541085,0.7509947105864851,0.8208993586577106,292.25240478515633,262.4710494995118,-0.1019028579338387,0.7155900479342616,1416.8936364993704,26.57087382113188,0.34036543849273326
0.761,1417.0839995158694,37.64417616997176,26.57385787934491,4.757755969252659,0.7509612561359916,0.8208447102776666,292.25240478515633,262.42466892242436,-0.1020615583459758,0.7154267457781834,1417.0839995158694,26.57385787934491,0.3403929467254322
0.762,1417.274814488573,37.64671054008003,26.57684405816903,4.756819518964233,0.7509277222585864,0.8207948402712676,292.25240478515633,262.37828834533695,-0.1022202587581127,0.7155900479342616,1417.274814488573,26.57684405816903,0.34042049242330036
0.763,1417.4660814174808,37.64925074178078,26.57983196772689,4.755883068675806,0.7508941089542698,0.820742246100848,292.25240478515633,262.33190776824955,-0.1023789591702496,0.7154267457781834,1417.4660814174808,26.57983196772689,0.34044807298267454
0.764,1417.657800302593,37.651796773893714,26.582820376392753,4.754946618387381,0.7508604162230418,0.820684294142191,292.25240478515633,262.28552719116215,-0.1025376595823865,0.7151985394796896,1417.657800302593,26.582820376392753,0.34047568018872315
0.765,1417.8499711439094,37.65434863523613,26.58580888506006,4.754010168098954,0.7508266440649022,0.8206262241806592,292.25240478515633,262.24216468048104,-0.10268603307725298,0.7151985394796896,1417.8499711439094,26.58580888506006,0.34050331137624124
0.766,1418.0425939414301,37.65690632462298,26.588801419418584,4.753073717810528,0.7507927924798511,0.820574084054306,292.25240478515633,262.24222686462406,-0.1026858203017822,0.7151985394796896,1418.0425939414301,26.588801419418584,0.3405309927094354
0.767,1418.2356686951555,37.65946984086679,26.59181311950996,4.752137267522102,0.7507588614678884,0.8205205623226699,292.25240478515633,262.24228904876713,-0.1026856075263112,0.7151985394796896,1418.2356686951555,26.59181311950996,0.34055882510822494
0.768,1418.429195405085,37.66203918277773,26.59482495156727,4.751200817233675,0.7507248510290143,0.8204716324848038,292.25240478515633,262.24235123291015,-0.1026853947508404,0.7151985394796896,1418.429195405085,26.59482495156727,0.34058668168731343
0.769,1418.6231740712187,37.66461434916358,26.597837874245723,4.750264366945249,0.7506907611632287,0.8204218747397312,292.25240478515633,262.2424134170532,-0.10268518197536941,0.7151985394796896,1418.6231740712187,26.597837874245723,0.340614568832401
0.77,1418.817604693557,37.66719533882974,26.60085079692418,4.7493279166568225,0.7506565918705317,0.8203734968935371,292.25240478515633,262.21805403137205,-0.10276853248089934,0.7150353639060004,1418.817604693557,26.60085079692418,0.34064247926854613
0.771,1419.0124872720996,37.66978215057926,26.60386388109453,4.748391466368397,0.7506223431509231,0.82032001328498,292.25240478515633,262.1787205276489,-0.10290311992339463,0.7150353639060004,1419.0124872720996,26.60386388109453,0.3406704140674788
0.772,1419.2078218068466,37.67237478321279,26.606880018627077,4.74745501607997,0.7505880150044031,0.8202701160965647,292.25240478515633,262.1297006530762,-0.10307085121925424,0.7148722627737226,1419.2078218068466,26.606880018627077,0.3406983925018292
0.773,1419.4036082977982,37.674973235528626,26.609900163202987,4.746518565791544,0.7505536074309714,0.8202170575031258,292.25240478515633,262.08068077850345,-0.10323858251511407,0.7148722627737226,1419.4036082977982,26.609900163202987,0.3407264209241022
0.774,1419.5998467449535,37.67757750632269,26.612922806231023,4.745582115503119,0.7505191204306284,0.8201629149816123,292.25240478515633,262.0316609039307,-0.1034063138109739,0.7150353639060004,1419.5998467449535,26.612922806231023,0.340754489273098
0.775,1419.7965371483135,37.680187594388556,26.615947503439862,4.7446456652146916,0.7504845540033738,0.8201123740572007,292.25240478515633,261.9826410293579,-0.10357404510683371,0.7152635181382615,1419.7965371483135,26.615947503439862,0.340782594582445
0.776,1419.9936795078781,37.68280349851744,26.618972200648717,4.743709214926264,0.7504499081492078,0.8200605899670816,292.25240478515633,261.93473900146483,-0.10373795146691416,0.7150353639060004,1419.9936795078781,26.618972200648717,0.34081072315398286
0.777,1420.1912738236472,37.68542521749817,26.621998990014184,4.742772764637839,0.7504151828681301,0.8200046108928286,292.25240478515633,261.9170763839722,-0.10379838764195821,0.7148072096737395,1420.1912738236472,26.621998990014184,0.3408388889293427
0.778,1420.38932009562,37.688052750117244,26.625033904386427,4.741836314349413,0.750380378160141,0.8199465417343106,292.25240478515633,261.8994137664795,-0.10385882381700248,0.7149703331811958,1420.38932009562,26.625033904386427,0.3408671321191085
0.779,1420.5878183237976,37.69068609515881,26.628072722516226,4.740899864060987,0.7503454940252405,0.8198900985180929,292.25240478515633,261.88175114898684,-0.10391925999204656,0.7149703331811958,1420.5878183237976,26.628072722516226,0.34089542457924926
0.78,1420.7867685081794,37.69332525140465,26.631111540646028,4.73996341377256,0.7503105304634284,0.8198386834529564,292.25240478515633,261.8604863586426,-0.10399202172127801,0.7149703331811958,1420.7867685081794,26.631111540646028,0.34092374028214767
0.781,1420.9861706487657,37.69597021763421,26.634150358775827,4.739026963484134,0.7502754874747048,0.8197806043169922,292.25240478515633,261.82804266815185,-0.10410303429109627,0.7149703331811958,1420.9861706487657,26.634150358775827,0.3409520792229221
0.782,1421.1860247455563,37.698620992624605,26.637190580538494,4.738090513195708,0.7502403650590698,0.819727948455039,292.25240478515633,261.79559897766114,-0.10421404686091433,0.714742126882702,1421.1860247455563,26.637190580538494,0.3409804507534047
0.783,1421.3863307985514,37.70127757515057,26.64023220013153,4.737154062907281,0.7502051632165232,0.8196734700127862,292.25240478515633,261.79049873809817,-0.10423149834969414,0.7144160583941606,1421.3863307985514,26.64023220013153,0.3410088548300151
0.784,1421.5870888077504,37.70393996398454,26.643287272549443,4.736217612618855,0.7501698819470651,0.8196202152832317,292.25240478515633,261.8130254272461,-0.10415441878155685,0.7141879562043796,1421.5870888077504,26.643287272549443,0.34103737180735333
0.785,1421.788298773154,37.706608157896596,26.646345915371096,4.735281162330429,0.7501345212506956,0.8195664133198619,292.25240478515633,261.83461153411866,-0.10408055760361909,0.7137970353477765,1421.788298773154,26.646345915371096,0.34106593580352956
0.786,1421.9899606947622,37.70928215565449,26.649405216730678,4.734344712042003,0.7500990811274145,0.8195122608008268,292.25240478515633,261.8405076507569,-0.10406038286239652,0.713406292749658,1421.9899606947622,26.649405216730678,0.3410945274028962
0.787,1422.1920745725745,37.71196195602364,26.652466966057837,4.733408261753577,0.750063561577222,0.8194564080807919,292.25240478515633,261.84640376739503,-0.10404020812117415,0.713406292749658,1422.1920745725745,26.652466966057837,0.34112315852898967
0.788,1422.3946404065914,37.714647557767144,26.655528715384992,4.7324718114651505,0.7500279626001178,0.8194035637715801,292.25240478515633,261.85229988403324,-0.1040200333799516,0.713406292749658,1422.3946404065914,26.655528715384992,0.34115181285852453
0.789,1422.597658196812,37.717338959645765,26.65859046471215,4.731535361176723,0.7499922841961024,0.8193513236900866,292.25240478515633,261.8581960006714,-0.10399985863872922,0.7131782945736435,1422.597658196812,26.65859046471215,0.34118049038654447
0.79,1422.8011279432378,37.72003616041795,26.66165221403931,4.730598910888297,0.7499565263651753,0.8192972248725979,292.25240478515633,261.8640921173096,-0.10397968389750667,0.7131782945736435,1422.8011279432378,26.66165221403931,0.3412091911080836
0.791,1423.0050496458678,37.72273915883983,26.66471396336647,4.729662460599871,0.7499206891073367,0.8192380667069429,292.25240478515633,261.8699882339478,-0.1039595091562841,0.713015728288124,1423.0050496458678,26.66471396336647,0.3412379150181671
0.792,1423.2094233047017,37.725447953665196,26.66777581242691,4.728726010311446,0.7498847724225867,0.8191839004965228,292.25240478515633,261.875884350586,-0.10393933441506173,0.7128532360984503,1423.2094233047017,26.66777581242691,0.3412666627766399
0.793,1423.4142489197402,37.72816254364557,26.670838185097615,4.727789560023018,0.7498487763109252,0.8191272038692318,292.25240478515633,261.8817804672242,-0.10391915967383918,0.7128532360984503,1423.4142489197402,26.670838185097615,0.34129543720410493
0.794,1423.6195264909832,37.73088292753011,26.673901044430362,4.726853109734592,0.7498127007723521,0.8190661846388417,292.25240478515633,261.8876765838624,-0.10389898493261661,0.7128532360984503,1423.6195264909832,26.673901044430362,0.34132423804925965
0.795,1423.8252560184305,37.73360910406571,26.676968701489486,4.725916659446167,0.7497765458068675,0.8190127030779699,292.25240478515633,261.89357270050056,-0.10387881019139425,0.7126908179539758,1423.8252560184305,26.676968701489486,0.34135309404497455
0.796,1424.0314375020819,37.736341071996925,26.680070904012283,4.7249802091577395,0.7497403114144715,0.818957359809952,292.25240478515633,261.8994688171387,-0.10385863545017188,0.7126908179539758,1424.0314375020819,26.680070904012283,0.341382203486907
0.797,1424.238070941938,37.73907883006603,26.68318081313188,4.724043758869314,0.7497039975951639,0.8189047771226294,292.25240478515633,261.9053649337769,-0.10383846070894931,0.7126908179539758,1424.238070941938,26.68318081313188,0.34141138746009936
0.798,1424.445156337998,37.74182237701299,26.686294515363695,4.723107308580887,0.749667604348945,0.818847111920193,292.25240478515633,261.91126105041513,-0.10381828596772676,0.7125284738041002,1424.445156337998,26.686294515363695,0.3414406198719262
0.799,1424.652693690263,37.74457171157547,26.689408323400578,4.722170858292461,0.7496311316758144,0.8187940191585179,292.25240478515633,261.91715716705335,-0.10379811122650419,0.7122040072859745,1424.652693690263,26.689408323400578,0.34146987613746865
0.8,1424.8606829987318,37.74732683248884,26.69252218621026,4.721234408004034,0.7495945795757724,0.818737084116436,292.25240478515633,261.92305328369156,-0.10377793648528164,0.7118142499430913,1424.8606829987318,26.69252218621026,0.34149915591148383
0.801,1425.069124263405,37.75008773848619,26.695639252201726,4.720297957715609,0.7495579480488188,0.8186823330510049,292.25240478515633,261.9289494003297,-0.10375776174405926,0.7116522530723715,1425.069124263405,26.695639252201726,0.34152848017643805
0.802,1425.2780174842828,37.752854428298306,26.69875631819319,4.719361507427182,0.7495212370949538,0.8186232048578392,292.25240478515633,261.93334785156264,-0.10374271156428003,0.7116522530723715,1425.2780174842828,26.69875631819319,0.3415578275746018
0.803,1425.4873626613653,37.7556269006537,26.70187338418466,4.718425057138756,0.7494844467141772,0.8185733828716643,292.25240478515633,261.91235911865243,-0.10381452870784003,0.7116522530723715,1425.4873626613653,26.70187338418466,0.34158719810088933
0.804,1425.6971597946515,37.758405154278584,26.704990450176123,4.7174886068503294,0.7494475769064892,0.8185149862642023,292.25240478515633,261.89137038574233,-0.10388634585139965,0.7116522530723715,1425.6971597946515,26.704990450176123,0.3416165917502061
0.805,1425.9074088841423,37.76118918789691,26.708108871794376,4.716552156561905,0.7494106276718897,0.8184570906570373,292.25240478515633,261.8703816528321,-0.10395816299495965,0.7118142499430913,1425.9074088841423,26.708108871794376,0.3416460175541596
0.806,1426.1181099298378,37.763979000230336,26.71122869924782,4.715615706273478,0.7493735990103787,0.8184001347365969,292.25240478515633,261.84939291992197,-0.10402998013851945,0.7116522530723715,1426.1181099298378,26.71122869924782,0.34167547584232977
0.807,1426.3292629317373,37.76677458999825,26.714348526701254,4.71467925598505,0.7493364909219562,0.8183392384074657,292.25240478515633,261.8284041870118,-0.10410179728207926,0.7114246700045517,1426.3292629317373,26.714348526701254,0.34170495723819055
0.808,1426.540867889841,37.76957595591776,26.717469784774572,4.713742805696625,0.7492993034066222,0.8182851543654306,292.25240478515633,261.80741545410166,-0.10417361442563908,0.7115866150694287,1426.540867889841,26.717469784774572,0.34173447127323164
0.809,1426.7529248041494,37.77238309670373,26.720591404856158,4.7128063554081985,0.7492620364643766,0.8182290222769018,292.25240478515633,261.7864267211915,-0.10424543156919888,0.7117486338797814,1426.7529248041494,26.720591404856158,0.34176401081886676
0.81,1426.9654336746619,37.775196011068715,26.723718045372614,4.711869905119772,0.7492246900952196,0.8181681200656948,292.25240478515633,261.76543798828135,-0.10431724871275869,0.7115866150694287,1426.9654336746619,26.723718045372614,0.34179360692337246
0.811,1427.1783945013788,37.77801469772305,26.7268478927332,4.710933454831346,0.7491872642991511,0.818112965044182,292.25240478515633,261.74444925537114,-0.1043890658563187,0.7115866150694287,1427.1783945013788,26.7268478927332,0.3418232474920568
0.812,1427.3918072843003,37.780839155374785,26.729978799627954,4.709997004542919,0.7491497590761711,0.8180510983130491,292.25240478515633,261.723460522461,-0.1044608829998785,0.7115866150694287,1427.3918072843003,26.729978799627954,0.3418529182056209
0.8130000000000001,1427.605672023426,37.783669382729705,26.73311625551236,4.709060554254493,0.7491121744262796,0.8179959308247474,292.25240478515633,261.7024717895508,-0.10453270014343831,0.7114246700045517,1427.605672023426,26.73311625551236,0.34188265565201603
0.8140000000000001,1427.8199887187561,37.786505378491356,26.736272725895926,4.7081241039660675,0.7490745103494765,0.8179381589017799,292.25240478515633,261.6814830566407,-0.10460451728699811,0.7114246700045517,1427.8199887187561,26.736272725895926,0.3419125429220911
0.8150000000000001,1428.0347573702904,37.78934714136102,26.739442097411484,4.707187653677641,0.749036766845762,0.8178864326688037,292.25240478515633,261.66049432373046,-0.10467633443055813,0.7114246700045517,1428.0347573702904,26.739442097411484,0.34194253925848117
0.8160000000000001,1428.2499779780292,37.792194670037745,26.742625371324777,4.706251203389216,0.7489989439151361,0.817824099446891,292.25240478515633,261.6395055908203,-0.10474815157411793,0.7114246700045517,1428.2499779780292,26.742625371324777,0.34197265133049665
0.8170000000000001,1428.4656505419725,37.79504796321831,26.74581538096417,4.705314753100788,0.7489610415575985,0.8177683229730145,292.25240478515633,261.61194188232423,-0.1048424663104375,0.7114246700045517,1428.4656505419725,26.74581538096417,0.34200283135934695
0.8180000000000001,1428.6817750621199,37.79790701959726,26.749008379888437,4.704378302812362,0.7489230597731495,0.8177143660882115,292.25240478515633,261.5717372558594,-0.10498003447345883,0.7111970869367319,1428.6817750621199,26.749008379888437,0.3420330543657487
0.8190000000000001,1428.8983515384716,37.800771837866904,26.7522013788127,4.703441852523936,0.748884998561789,0.8176536009514563,292.25240478515633,261.5315326293945,-0.10511760263648014,0.7111970869367319,1428.8983515384716,26.7522013788127,0.3420633004176713
0.8200000000000001,1429.1153799710278,37.8036424167173,26.755395471481304,4.702505402235509,0.748846857923517,0.8175899295070805,292.25240478515633,261.4922803344727,-0.10525191220683484,0.7111970869367319,1429.1153799710278,26.755395471481304,0.3420935768008585
0.8210000000000001,1429.3328603597886,37.8065187548363,26.758592928850966,4.701568951947083,0.7488086378583335,0.817534389882118,292.25240478515633,261.48562240905767,-0.1052746936290097,0.7111970869367319,1429.3328603597886,26.758592928850966,0.34212389864843207
0.8220000000000001,1429.5507927047533,37.80940085090946,26.761798394186496,4.700632501658657,0.7487703383662385,0.8174744221380461,292.25240478515633,261.47896448364264,-0.10529747505118456,0.7110352673492605,1429.5507927047533,26.761798394186496,0.3421542969074913
0.8230000000000001,1429.769177005923,37.81228870362019,26.76500385952203,4.699696051370231,0.7487319594472319,0.8174176777916611,292.25240478515633,261.47230655822756,-0.1053202564733596,0.7110352673492605,1429.769177005923,26.76500385952203,0.3421847181910606
0.8240000000000001,1429.9880132632966,37.8151823116496,26.768215605334962,4.698759601081805,0.748693501101314,0.8173587023517916,292.25240478515633,261.46564863281253,-0.10534303789553445,0.7110352673492605,1429.9880132632966,26.768215605334962,0.34221520436000513
0.8250000000000001,1430.2073014768746,37.81808167367661,26.771436557673848,4.697823150793379,0.7486549633284845,0.8172982189524212,292.25240478515633,261.4589907073975,-0.1053658193177093,0.7110352673492605,1430.2073014768746,26.771436557673848,0.34224577491430286
0.8260000000000001,1430.4270416466568,37.820986788377915,26.77465917377874,4.696886700504952,0.7486163461287436,0.8172361628505639,292.25240478515633,261.46066393127444,-0.10536009404787564,0.7108735213830755,1430.4270416466568,26.77465917377874,0.34227637956804996
0.8270000000000001,1430.6472337726434,37.823897654427995,26.777883296463685,4.6959502502165265,0.748577649502091,0.8171807793917062,292.25240478515633,261.4678932235718,-0.10533535757974394,0.7108735213830755,1430.6472337726434,26.777883296463685,0.342307017268131
0.8280000000000001,1430.8678778548344,37.8268142704991,26.78111213688047,4.695013799928099,0.7485388734485271,0.8171164932804328,292.25240478515633,261.47512251586915,-0.10531062111161242,0.7107118489879464,1430.8678778548344,26.78111213688047,0.34233770941501773
0.8290000000000001,1431.0889738932299,37.829736635261284,26.78434677962354,4.694077349639673,0.7485000179680517,0.8170528762000896,292.25240478515633,261.4823518081665,-0.10528588464348072,0.710550250113688,1431.0889738932299,26.78434677962354,0.34236846323337977
0.8300000000000001,1431.3105218878297,37.83266474738238,26.787582142402986,4.693140899351247,0.7484610830606646,0.8169974859959163,292.25240478515633,261.48958110046385,-0.10526114817534922,0.710550250113688,1431.3105218878297,26.787582142402986,0.34239924483895795
0.8310000000000001,1431.5325218386338,37.83559860552802,26.79081750518242,4.69220444906282,0.7484220687263662,0.8169406340657603,292.25240478515633,261.4858559387207,-0.1052738945606044,0.7101614003182541,1431.5325218386338,26.79081750518242,0.3424300494265979
0.8320000000000001,1431.7549737456427,37.838538208361626,26.794052867961867,4.691267998774395,0.748382974965156,0.8168814424144307,292.25240478515633,261.4500226196289,-0.10539650542198688,0.7101614003182541,1431.7549737456427,26.794052867961867,0.34246087699095396
0.833,1431.9778776088554,37.84148355454442,26.797289119366077,4.690331548485968,0.7483438017770347,0.8168279437895162,292.25240478515633,261.4090453430176,-0.10553671736187287,0.71,1431.9778776088554,26.797289119366077,0.3424917334503117
0.834,1432.2012334282726,37.844434642735415,26.80053147910592,4.689395098197542,0.7483045491620017,0.8167698724427854,292.25240478515633,261.39906937866215,-0.10557085211728338,0.71,1432.2012334282726,26.80053147910592,0.3425226535942973
0.835,1432.4250412038941,37.847391471591465,26.803777177978194,4.688458647909116,0.7482652171200572,0.8167141246164256,292.25240478515633,261.3924114532471,-0.10559363353945823,0.71,1432.4250412038941,26.803777177978194,0.3425536189578193
0.836,1432.6493009357202,37.85035403976719,26.807030205784248,4.68752219762069,0.7482258056512012,0.8166544494102733,292.25240478515633,261.3857535278321,-0.1056164149616331,0.71,1432.6493009357202,26.807030205784248,0.3425846561318159
0.837,1432.8740126237506,37.85332234591503,26.81028327132648,4.686585747332264,0.7481863147554337,0.8165977484266325,292.25240478515633,261.379095602417,-0.10563919638380814,0.71,1432.8740126237506,26.81028327132648,0.34261571650721984
0.838,1433.0991762679853,37.856296388685266,26.813536554234567,4.685649297043837,0.7481467444327548,0.8165369127049663,292.25240478515633,261.372437677002,-0.10566197780598299,0.71,1433.0991762679853,26.813536554234567,0.3426468012760577
0.839,1433.3247918684242,37.859276166725955,26.8167976379167,4.684712846755411,0.7481070946831643,0.8164777934252536,292.25240478515633,261.36577975158696,-0.10568475922815784,0.71,1433.3247918684242,26.8167976379167,0.3426779609844978
0.84,1433.5508594250675,37.862261678683005,26.82005872159884,4.6837763964669845,0.7480673655066624,0.8164150915196395,292.25240478515633,261.35912182617193,-0.10570754065033271,0.7098386730288571,1433.5508594250675,26.82005872159884,0.34270914362657157
0.841,1433.7773789379155,37.865252923200124,26.823320321594494,4.682839946178558,0.7480275569032488,0.8163559883202777,292.25240478515633,261.35246390075685,-0.10573032207250775,0.7096774193548387,1433.7773789379155,26.823320321594494,0.34274035263863906
0.842,1434.0043504069674,37.86824989891885,26.826583474284902,4.681903495890132,0.7479876688729239,0.8163018953647896,292.25240478515633,261.3458059753418,-0.1057531034946826,0.7096774193548387,1434.0043504069674,26.826583474284902,0.3427715949238634
0.843,1434.231773832224,37.871252604478556,26.82984662697531,4.680967045601705,0.7479477014156874,0.8162450842678843,292.25240478515633,261.3391480499268,-0.10577588491685747,0.7096774193548387,1434.231773832224,26.82984662697531,0.342802860126421
0.844,1434.4596492136848,37.874261038516444,26.83311043915761,4.68003059531328,0.7479076545315395,0.8161871663770869,292.25240478515633,261.33249012451176,-0.10579866633903232,0.7096774193548387,1434.4596492136848,26.83311043915761,0.3428341526370845
0.845,1434.68797655135,37.877275199667544,26.836375775943072,4.6790941450248535,0.7478675282204801,0.8161283868123536,292.25240478515633,261.3258321990967,-0.10582144776120736,0.7094502498864153,1434.68797655135,26.836375775943072,0.34286547821729174
0.846,1434.916755845219,37.880295086564715,26.839644519966374,4.678157694736427,0.7478273224825092,0.8160672675665972,292.25240478515633,261.31917427368165,-0.10584422918338221,0.7094502498864153,1434.916755845219,26.839644519966374,0.3428968494113608
0.847,1435.1459870952935,37.88332069783869,26.842918264940263,4.677221244448001,0.7477870373176267,0.8160088597972437,292.25240478515633,261.3125163482666,-0.10586701060555707,0.7092891210538269,1435.1459870952935,26.842918264940263,0.3429282768376252
0.848,1435.3756703015717,37.886352032118,26.84619324036683,4.676284794159575,0.7477466727258327,0.8159526441149805,292.25240478515633,261.3058584228516,-0.10588979202773192,0.7086739327883742,1435.3756703015717,26.84619324036683,0.3429597353561741
0.849,1435.6058054640544,37.88938908802904,26.849472374040495,4.675348343871148,0.7477062287071272,0.815895235495522,292.25240478515633,261.2992004974366,-0.10591257344990677,0.7086739327883742,1435.6058054640544,26.849472374040495,0.34299124447841345
0.85,1435.836392582741,37.89243186419606,26.852756079188943,4.674411893582722,0.7476657052615103,0.8158379792278528,292.25240478515633,261.29254257202155,-0.10593535487208164,0.7085130533484677,1435.836392582741,26.852756079188943,0.3430228069534481
0.851,1436.0674316576324,37.895480359241155,26.85604577272059,4.673475443294295,0.7476251023889819,0.8157778088031028,292.25240478515633,261.28588464660646,-0.10595813629425668,0.7085130533484677,1436.0674316576324,26.85604577272059,0.34305443222098625
0.852,1436.2989226887278,37.898534571784275,26.85933796854758,4.672538993005869,0.7475844200895421,0.8157195875336996,292.25240478515633,261.27922672119143,-0.10598091771643153,0.7081252837040399,1436.2989226887278,26.85933796854758,0.3430860970369813
0.853,1436.530865676028,37.901594500443224,26.862630729458697,4.6716025427174435,0.7475436583631906,0.8156580643920875,292.25240478515633,261.2725687957764,-0.10600369913860638,0.7081252837040399,1436.530865676028,26.862630729458697,0.3431177884823077
0.854,1436.7632606195327,37.90466014383367,26.865923490369813,4.670666092429017,0.7475028172099276,0.8155962760350994,292.25240478515633,261.2659108703613,-0.10602648056078144,0.7076713572401271,1436.7632606195327,26.865923490369813,0.3431495027845349
0.855,1436.9961075192414,37.907731500569135,26.869216251280932,4.669729642140591,0.7474618966297533,0.8155316937321935,292.25240478515633,261.2592529449463,-0.10604926198295629,0.7074443940081707,1436.9961075192414,26.869216251280932,0.34318123993811755
0.856,1437.2294063751544,37.910808569261015,26.87250901219205,4.668793191852164,0.7474208966226672,0.8154745132690251,292.25240478515633,261.2441009033203,-0.10610110772101658,0.7074443940081707,1437.2294063751544,26.87250901219205,0.3432129999375016
0.857,1437.463157187272,37.913891348518575,26.875804279952646,4.667856741563738,0.7473798171886699,0.815416778907027,292.25240478515633,261.227998727417,-0.10615620453335983,0.7072838665759019,1437.463157187272,26.875804279952646,0.34324479948797393
0.858,1437.6973599555938,37.91697983694896,26.87909982542046,4.6669202912753125,0.7473386583277608,0.8153527488768478,292.25240478515633,261.2118965515137,-0.1062113013457031,0.7074443940081707,1437.6973599555938,26.87909982542046,0.34327662372433176
0.859,1437.9320146801201,37.920074033157164,26.88240476753738,4.665983840986886,0.7472974200399405,0.81528787887418,292.25240478515633,261.1957943756104,-0.10626639815804635,0.7072838665759019,1437.9320146801201,26.88240476753738,0.3433085334285556
0.86,1438.1671213608506,37.92317393574608,26.885711626788297,4.665047390698458,0.7472561023252084,0.815229295485713,292.25240478515633,261.17969219970706,-0.1063214949703896,0.7071234119782214,1438.1671213608506,26.885711626788297,0.34334047873604095
0.861,1438.4026799977858,37.926279543316475,26.88902488806203,4.664110940410033,0.747214705183565,0.8151702464295553,292.25240478515633,261.1548816864014,-0.10640638909922978,0.7071234119782214,1438.4026799977858,26.88902488806203,0.3433724895378015
0.862,1438.6386905909249,37.929390854467,26.892342539496596,4.663174490121607,0.7471732286150101,0.8151081606563386,292.25240478515633,261.1262335266114,-0.10650441450234346,0.7072838665759019,1438.6386905909249,26.892342539496596,0.3434045524170071
0.863,1438.8751531402684,37.93250786779419,26.895663479589324,4.6622380398331815,0.7471316726195438,0.8150492310886311,292.25240478515633,261.0975853668213,-0.10660243990545736,0.7072838665759019,1438.8751531402684,26.895663479589324,0.3434366600253441
0.864,1439.1120676458163,37.93563058189248,26.898987730323505,4.661301589544754,0.7470900371971658,0.8149868720899763,292.25240478515633,261.06893720703124,-0.10670046530857123,0.7072838665759019,1439.1120676458163,26.898987730323505,0.3434688125037329
0.865,1439.3494341075689,37.93875899535419,26.90231451822048,4.660365139256328,0.7470483223478763,0.8149307658986419,292.25240478515633,261.04028904724123,-0.10679849071168492,0.7070569548445654,1439.3494341075689,26.90231451822048,0.34350100469047573
0.866,1439.5872525255254,37.941893106769534,26.905647626417537,4.6594286889679015,0.7470065280716756,0.8148712190341669,292.25240478515633,261.0116408874512,-0.1068965161147986,0.7070569548445654,1439.5872525255254,26.905647626417537,0.3435332617986147
0.867,1439.8255228996868,37.945032914726625,26.90898086870954,4.658492238679476,0.7469646543685631,0.814810927575165,292.25240478515633,260.9829927276612,-0.1069945415179123,0.7070569548445654,1439.8255228996868,26.90898086870954,0.3435655425847891
0.868,1440.0642452300522,37.94817841781147,26.912314111001542,4.65755578839105,0.7469227012385391,0.8147452962752838,292.25240478515633,260.95434456787115,-0.10709256692102617,0.7070569548445654,1440.0642452300522,26.912314111001542,0.34359784614945627
0.869,1440.303419516622,37.951329614608,26.915647353293544,4.656619338102624,0.7468806686816037,0.8146845218034936,292.25240478515633,260.9256964080811,-0.10719059232414005,0.7068965517241379,1440.303419516622,26.915647353293544,0.3436301724869524
0.87,1440.5430457593961,37.954486503698035,26.918981051888615,4.655682887814197,0.7468385566977569,0.8146232681934567,292.25240478515633,260.89704824829107,-0.10728861772725373,0.7068965517241379,1440.5430457593961,26.918981051888615,0.3436625246333563
0.871,1440.7831239583745,37.957649083661316,26.92232867696319,4.6547464375257706,0.7467963652869984,0.8145606249479991,292.25240478515633,260.868400088501,-0.10738664313036762,0.7068965517241379,1440.7831239583745,26.92232867696319,0.34369499237620776
0.872,1441.0236541135573,37.96081735307549,26.925676476283737,4.653809987237343,0.7467540944493285,0.8144957297306986,292.25240478515633,260.8316504638673,-0.10751238931425529,0.7068965517241379,1441.0236541135573,26.925676476283737,0.34372748403638337
0.873,1441.2646362249445,37.963991310516136,26.929024275604277,4.652873536948919,0.7467117441847471,0.8144361358096162,292.25240478515633,260.79372807617193,-0.1076421483412964,0.7068965517241379,1441.2646362249445,26.929024275604277,0.3437599984466492
0.874,1441.5060702925362,37.96717095455673,26.932377481269437,4.651937086660491,0.7466693144932542,0.8143738905177124,292.25240478515633,260.75580568847664,-0.1077719073683373,0.7068965517241379,1441.5060702925362,26.932377481269437,0.3437925716404038
0.875,1441.747956316332,37.97035628376868,26.935735788311103,4.651000636372066,0.7466268053748498,0.8143158097355699,292.25240478515633,260.7178833007813,-0.10790166639537842,0.7070569548445654,1441.747956316332,26.935735788311103,0.3438252015789929
0.876,1441.9902942963324,37.973547296721335,26.93909409535277,4.65006418608364,0.7465842168295339,0.814252421293325,292.25240478515633,260.679960913086,-0.10803142542241934,0.7070569548445654,1441.9902942963324,26.93909409535277,0.34385785425053056
0.877,1442.2330842325373,37.976743991981955,26.9424553970459,4.649127735795212,0.7465415488573065,0.8141921850615957,292.25240478515633,260.64203852539066,-0.10816118444946045,0.706830043113229,1442.2330842325373,26.9424553970459,0.3438905496118607
0.878,1442.476326124946,37.97994636811571,26.945817951993174,4.648191285506788,0.7464988014581677,0.8141336805491571,292.25240478515633,260.60411613769537,-0.10829094347650135,0.7066031313818925,1442.476326124946,26.945817951993174,0.34392327604895767
0.879,1442.7200199735594,37.98315442368576,26.94918491537657,4.647254835218361,0.7464559746321173,0.8140732672930403,292.25240478515633,260.57534868316657,-0.10838937707040096,0.7066031313818925,1442.7200199735594,26.94918491537657,0.34395605458875755
0.88,1442.964165778377,37.98636815725316,26.952554827018876,4.646318384929934,0.7464130683791553,0.8140112926770063,292.25240478515633,260.5812810668946,-0.10836907823408387,0.7066031313818925,1442.964165778377,26.952554827018876,0.3439888754918527
0.881,1443.2087635393993,37.98958756737692,26.955924738661178,4.645381934641507,0.7463700826992818,0.8139475193301816,292.25240478515633,260.5872134506226,-0.10834877939776678,0.706442831215971,1443.2087635393993,26.955924738661178,0.34402171909916157
0.882,1443.4538132566256,37.99281265261399,26.95929542012376,4.644445484353081,0.7463270175924971,0.8138893187383831,292.25240478515633,260.5931458343506,-0.1083284805614497,0.706282603765026,1443.4538132566256,26.95929542012376,0.34405459053659315
0.883,1443.6993149300567,37.99604341151927,26.962666184413088,4.643509034064656,0.7462838730588006,0.8138258378090263,292.25240478515633,260.5990782180786,-0.10830818172513261,0.706282603765026,1443.6993149300567,26.962666184413088,0.3440874852188162
0.884,1443.9452685596918,37.99927984264559,26.966037285660114,4.6425725837762295,0.7462406490981928,0.8137625553646004,292.25240478515633,260.60501060180667,-0.10828788288881533,0.706282603765026,1443.9452685596918,26.966037285660114,0.34412040483409906
0.885,1444.1916741455314,38.00252194454378,26.969412257941656,4.641636133487803,0.7461973457106734,0.8136971023940041,292.25240478515633,260.5936090927124,-0.10832689543039774,0.706282603765026,1444.1916741455314,26.969412257941656,0.34415337293507015
0.886,1444.438531687575,38.00576971576257,26.972788819912413,4.640699683199377,0.7461539628962426,0.8136294192132383,292.25240478515633,260.5746619537354,-0.10839172685236993,0.7061224489795919,1444.438531687575,26.972788819912413,0.3441863743083037
0.887,1444.6858411858236,38.009023154848684,26.97616538188317,4.6397632329109495,0.7461105006549,0.8135678074389804,292.25240478515633,260.55571481475835,-0.10845655827434231,0.7059623668102472,1444.6858411858236,26.97616538188317,0.344219398350998
0.888,1444.933602640276,38.0122822603468,26.979541943853924,4.638826782622524,0.7460669589866462,0.8135050623111495,292.25240478515633,260.5367676757813,-0.10852138969631468,0.7061224489795919,1444.933602640276,26.979541943853924,0.3442524450573322
0.889,1445.1818160509333,38.01554703079956,26.982918505824685,4.6378903323340985,0.7460233378914809,0.8134420830044252,292.25240478515633,260.51782053680427,-0.10858622111828686,0.7061224489795919,1445.1818160509333,26.982918505824685,0.3442855144214775
0.89,1445.4304814177945,38.01881746474756,26.986295837330456,4.636953882045673,0.745979637369404,0.8133758899763299,292.25240478515633,260.49887339782725,-0.10865105254025906,0.7061224489795919,1445.4304814177945,26.986295837330456,0.34431861156737564
0.891,1445.67959874086,38.022093560729395,26.989680621558804,4.636017431757245,0.7459358574204156,0.8133159171531957,292.25240478515633,260.4799262588502,-0.10871588396223143,0.7061224489795919,1445.67959874086,26.989680621558804,0.34435178103981795
0.892,1445.9291680201302,38.02537531728162,26.993066976534116,4.635080981468819,0.7458919980445158,0.8132554084789666,292.25240478515633,260.4609791198731,-0.10878071538420381,0.706282603765026,1445.9291680201302,26.993066976534116,0.3443849836232545
0.893,1446.1791892556046,38.02866273293875,26.996453331509432,4.634144531180393,0.7458480592417044,0.8131926265931799,292.25240478515633,260.4420319808961,-0.10884554680617599,0.706282603765026,1446.1791892556046,26.996453331509432,0.3444182088411053
0.894,1446.4296624472834,38.031955806233306,26.99984216709006,4.633208080891967,0.7458040410119815,0.8131303023449462,292.25240478515633,260.42308484191904,-0.10891037822814836,0.706282603765026,1446.4296624472834,26.99984216709006,0.3444514732234044
0.895,1446.6805875951666,38.035254535695785,27.00323764617308,4.63227163060354,0.7457599433553471,0.8130674513397487,292.25240478515633,260.404137702942,-0.10897520965012056,0.706282603765026,1446.6805875951666,27.00323764617308,0.3444848045144629
0.896,1446.9319646992542,38.03855891985466,27.00663312525611,4.631335180315114,0.7457157662718013,0.8130071757402688,292.25240478515633,260.38519056396495,-0.10904004107209293,0.706282603765026,1446.9319646992542,27.00663312525611,0.34451815842230304
0.897,1447.183793759546,38.041868957236396,27.010028604339137,4.630398730026688,0.7456715097613439,0.8129447832559392,292.25240478515633,260.36624342498794,-0.10910487249406511,0.7060557949648446,1447.183793759546,27.010028604339137,0.3445515349410313
0.898,1447.436074776042,38.045184646365456,27.013424083422162,4.629462279738261,0.745627173823975,0.8128835343234576,292.25240478515633,260.3361074157716,-0.10920798887128873,0.7060557949648446,1447.436074776042,27.013424083422162,0.344584934064746
0.899,1447.6888077487426,38.048505985764315,27.016819562505184,4.628525829449835,0.7455827584596947,0.8128117402140249,292.25240478515633,260.3287048507692,-0.10923331822660348,0.7060557949648446,1447.6888077487426,27.016819562505184,0.34461835578753747
0.9,1447.9419926776472,38.0518329739534,27.020217557941912,4.62758937916141,0.7455382636685028,0.8127544999865559,292.25240478515633,260.3225846862794,-0.10925425959231885,0.7060557949648446,1447.9419926776472,27.020217557941912,0.34465181687769325
0.901,1448.1956295627567,38.055165609451194,27.023623769307687,4.626652928872982,0.7454936894503995,0.8126914278313635,292.25240478515633,260.31646452178967,-0.10927520095803402,0.7060557949648446,1448.1956295627567,27.023623769307687,0.3446853553230902
0.902,1448.4497184040704,38.05850389077414,27.027033067444787,4.625716478584557,0.7454490358053847,0.8126288182321834,292.25240478515633,260.3103443572999,-0.10929614232374919,0.7058956916099773,1448.4497184040704,27.027033067444787,0.3447189369264394
0.903,1448.7042592015885,38.06184781643672,27.030454463814962,4.62478002829613,0.7454043027334583,0.8125689507443816,292.25240478515633,260.3042241928102,-0.10931708368946436,0.7058956916099773,1448.7042592015885,27.030454463814962,0.34475262175288846
0.904,1448.959251955311,38.065197384951404,27.03387825250355,4.623843578007704,0.7453594902346203,0.8125075031262156,292.25240478515633,260.29810402832044,-0.10933802505517953,0.7057356608478803,1448.959251955311,27.03387825250355,0.34478634509612266
0.905,1449.2146966652374,38.06855259482868,27.037302041192135,4.6229071277192775,0.7453145983088711,0.8124422908790749,292.25240478515633,260.29198386383064,-0.10935896642089489,0.7057356608478803,1449.2146966652374,27.037302041192135,0.344820091002808
0.906,1449.4705933313683,38.07191344457707,27.040732374959813,4.621970677430851,0.7452696269562102,0.8123744365559975,292.25240478515633,260.2858636993409,-0.10937990778661005,0.7058956916099773,1449.4705933313683,27.040732374959813,0.34485390309697406
0.907,1449.726941953704,38.07527993270311,27.044172444161845,4.621034227142426,0.7452245761766378,0.8123114931239137,292.25240478515633,260.27974353485115,-0.10940084915232523,0.7057356608478803,1449.726941953704,27.044172444161845,0.3448878026397982
0.908,1449.9837425322437,38.07865205771134,27.04761251336388,4.620097776853999,0.7451794459701541,0.8122458301250635,292.25240478515633,260.2736233703614,-0.1094217905180404,0.7057356608478803,1449.9837425322437,27.04761251336388,0.3449217247281536
0.909,1450.2409950669883,38.082029818104346,27.051052582565912,4.619161326565572,0.7451342363367587,0.8121781661162517,292.25240478515633,260.26750320587166,-0.10944273188375557,0.7057356608478803,1450.2409950669883,27.051052582565912,0.3449556693560509
0.91,1450.4986995579363,38.08541321238272,27.054493876076943,4.6182248762771465,0.7450889472764519,0.8121110449046042,292.25240478515633,260.2613830413819,-0.10946367324947073,0.7057356608478803,1450.4986995579363,27.054493876076943,0.3449896446788301
0.911,1450.7568560050893,38.08880223904513,27.057936012737624,4.61728842598872,0.7450435787892336,0.8120471541370896,292.25240478515633,260.2552628768921,-0.1094846146151861,0.7057356608478803,1450.7568560050893,27.057936012737624,0.34502364814964903
0.912,1451.0154644084464,38.092196896588234,27.061381743991088,4.616351975700294,0.7449981308751037,0.8119790385534789,292.25240478515633,260.2491427124024,-0.10950555598090127,0.7053490480507706,1451.0154644084464,27.061381743991088,0.3450576981038242
0.913,1451.274524768008,38.095597183506754,27.06482878136357,4.615415525411867,0.7449526035340623,0.8119208595627512,292.25240478515633,260.24302254791263,-0.10952649734661644,0.7053490480507706,1451.274524768008,27.06482878136357,0.3450917792801947
0.914,1451.5340370837741,38.09900309829345,27.068279681386898,4.614479075123441,0.7449069967661095,0.8118514460880443,292.25240478515633,260.2369023834229,-0.10954743871233161,0.7055757026291931,1451.5340370837741,27.068279681386898,0.3451259087147678
0.915,1451.7940013557445,38.10241463943912,27.071743338773466,4.613542624835015,0.7448613105712452,0.8117887888902222,292.25240478515633,260.23078221893314,-0.10956838007804678,0.7053490480507706,1451.7940013557445,27.071743338773466,0.3451601456943362
0.916,1452.054417583919,38.10583180543261,27.075219753406877,4.612606174546589,0.7448155449494693,0.8117233534454016,292.25240478515633,260.2246620544434,-0.10958932144376195,0.7053490480507706,1452.054417583919,27.075219753406877,0.34519449021208
0.917,1452.315285768298,38.10925459476081,27.07870013181086,4.611669724258162,0.744769699900782,0.8116613105330456,292.25240478515633,260.2185418899536,-0.10961026280947732,0.7053490480507706,1452.315285768298,27.07870013181086,0.3452288836439659
0.918,1452.5766059088814,38.11268300590869,27.08220018548535,4.610733273969736,0.7447237754251832,0.8116015484006517,292.25240478515633,260.21242172546386,-0.10963120417519248,0.7053490480507706,1452.5766059088814,27.08220018548535,0.3452634307179875
0.919,1452.8383780056693,38.11611703735927,27.08570552057454,4.609796823681311,0.7446777715226729,0.8115401816258979,292.25240478515633,260.1972928146362,-0.10968297076660427,0.7053490480507706,1452.8383780056693,27.08570552057454,0.34529803547754
0.92,1453.1006020586613,38.119556687593594,27.08921497596583,4.608860373392884,0.7446316881932511,0.8114762645195314,292.25240478515633,260.1751921386719,-0.10975859264550922,0.7051892136868344,1453.1006020586613,27.08921497596583,0.34533269017648355
0.921,1453.3632780678574,38.12300195509081,27.09272453824853,4.607923923104457,0.7445855254369178,0.811410171667405,292.25240478515633,260.15309146270755,-0.10983421452441415,0.7050294517444495,1453.3632780678574,27.09272453824853,0.34536736805503415
0.922,1453.6264060332585,38.12645283832812,27.096244962493138,4.606987472816031,0.744539283253673,0.8113434400981184,292.25240478515633,260.16052049865726,-0.1098087945934638,0.7051892136868344,1453.6264060332585,27.096244962493138,0.3454021408012191
0.923,1453.8899859548637,38.1299093357808,27.099787932105237,4.6060510225276055,0.7444929616435166,0.8112726942629489,292.25240478515633,260.17230308685305,-0.10976847811358932,0.7051892136868344,1453.8899859548637,27.099787932105237,0.3454370862914098
0.924,1454.154017832673,38.13337144592218,27.103330901717342,4.605114572239179,0.7444465606064489,0.8112096032369324,292.25240478515633,260.18408567504883,-0.10972816163371486,0.7051892136868344,1454.154017832673,27.103330901717342,0.34547205423036637
0.925,1454.4185016666872,38.13683916722369,27.10687387132944,4.604178121950752,0.7444000801424695,0.8111435632431881,292.25240478515633,260.1958682632446,-0.10968784515384039,0.7049626104690686,1454.4185016666872,27.10687387132944,0.3455070446119749
0.926,1454.6834374569053,38.14031249815483,27.110416840941543,4.603241671662326,0.7443535202515787,0.8110754854413759,292.25240478515633,260.2076508514404,-0.10964752867396592,0.704643261608154,1454.6834374569053,27.110416840941543,0.345542057430114
0.927,1454.948825203328,38.14379143718317,27.113959810553645,4.6023052213739,0.7443068809337764,0.8110066559383646,292.25240478515633,260.21943343963625,-0.10960721219409127,0.704483695652174,1454.948825203328,27.113959810553645,0.34557709267865455
0.928,1455.2146649059546,38.147275982774374,27.11750278016574,4.601368771085474,0.7442601621890627,0.8109415820504983,292.25240478515633,260.23121602783203,-0.1095668957142168,0.7043242019470228,1455.2146649059546,27.11750278016574,0.3456121503514597
0.929,1455.480956564786,38.15076613339221,27.121045749777846,4.600432320797048,0.7442133640174373,0.8108707173291385,292.25240478515633,260.2429986160279,-0.10952657923434213,0.7043242019470228,1455.480956564786,27.121045749777846,0.34564723044238516
0.93,1455.747700179822,38.15426188749852,27.124592998309513,4.599495870508622,0.7441664864189005,0.8108071011722611,292.25240478515633,260.25478120422366,-0.10948626275446766,0.7039384336803983,1455.747700179822,27.124592998309513,0.34568236146888187
0.931,1456.0148957510619,38.15776324355323,27.128144776270982,4.598559420220195,0.7441195293934522,0.8107391800986632,292.25240478515633,260.26656379241945,-0.1094459462745932,0.7037791355510297,1456.0148957510619,27.128144776270982,0.3457175450947103
0.932,1456.2825432785062,38.161270200014386,27.131696803142876,4.597622969931768,0.7440724929410925,0.8106666950360242,292.25240478515633,260.27834638061523,-0.10940562979471873,0.7037791355510297,1456.2825432785062,27.131696803142876,0.3457527527794358
0.933,1456.5506427621551,38.16478275533814,27.135255852564345,4.596686519643343,0.744025377061821,0.8106035292092741,292.25240478515633,260.290128968811,-0.10936531331484425,0.7037791355510297,1456.5506427621551,27.135255852564345,0.3457880296704769
0.934,1456.8191942020082,38.16830090797871,27.138823834662592,4.595750069354916,0.7439781817556383,0.8105399923299323,292.25240478515633,260.3014114715576,-0.10932670797725977,0.7037791355510297,1456.8191942020082,27.138823834662592,0.3458233884947044
0.935,1457.0881975980658,38.17182465638846,27.142395777989034,4.59481361906649,0.7439309070225439,0.8104743028316272,292.25240478515633,260.30981270599364,-0.10929796147492668,0.7036199095022625,1457.0881975980658,27.142395777989034,0.3458587961058738
0.936,1457.3576529503277,38.175353999017844,27.14596772131548,4.5938771687780635,0.7438835528625383,0.8104131756761852,292.25240478515633,260.3182139404297,-0.1092692149725934,0.7036199095022625,1457.3576529503277,27.14596772131548,0.34589422609193937
0.937,1457.6275602587937,38.17888893431544,27.14953966464192,4.592940718489637,0.7438361192756209,0.8103467500952993,292.25240478515633,260.32653594512936,-0.10924073957063465,0.7032345623162181,1457.6275602587937,27.14953966464192,0.3459296784466958
0.9380000000000001,1457.8979195234642,38.18242946072793,27.153112387357915,4.592004268201211,0.7437886062617922,0.810276951515259,292.25240478515633,260.3343235107422,-0.1092140928588016,0.7032345623162181,1457.8979195234642,27.153112387357915,0.3459651583594005
0.9390000000000001,1458.1687307443392,38.18597557670014,27.15668880846113,4.591067817912785,0.7437410138210518,0.8102109659256983,292.25240478515633,260.3434176437378,-0.10918297546559393,0.7032345623162181,1458.1687307443392,27.15668880846113,0.3460006852820936
0.9400000000000001,1458.4399939214186,38.18952728067498,27.160267297976965,4.590131367624358,0.7436933419534,0.8101480336956569,292.25240478515633,260.35181887817384,-0.10915422896326064,0.7032345623162181,1458.4399939214186,27.160267297976965,0.3460362483430128
0.9410000000000001,1458.7117090547017,38.193084571093515,27.1638457874928,4.589194917335933,0.7436455906588368,0.810082492634449,292.25240478515633,260.3602201126099,-0.10912548246092736,0.7032345623162181,1458.7117090547017,27.1638457874928,0.34607183374772704
0.9420000000000001,1458.98387614419,38.19664744639495,27.16742427700863,4.588258467047506,0.743597759937362,0.8100169917640807,292.25240478515633,260.3686213470459,-0.10909673595859427,0.7030755314337404,1458.98387614419,27.16742427700863,0.3461074414899937
0.9430000000000001,1459.2564951898823,38.20021590501659,27.17100331074329,4.58732201675908,0.7435498497889758,0.809958929210351,292.25240478515633,260.3770225814819,-0.10906798945626119,0.7030755314337404,1459.2564951898823,27.17100331074329,0.34614307519136656
0.9440000000000001,1459.5295661917792,38.203789945393886,27.17458466979611,4.586385566470653,0.7435018602136779,0.8098941741992565,292.25240478515633,260.385423815918,-0.1090392429539279,0.7030755314337404,1459.5295661917792,27.17458466979611,0.3461787467185318
0.9450000000000001,1459.8030891498802,38.20736956596044,27.178166486303358,4.585449116182227,0.7434537912114687,0.8098321473271005,292.25240478515633,260.393825050354,-0.1090104964515948,0.7026904815735926,1459.8030891498802,27.178166486303358,0.34621444361390247
0.9460000000000001,1460.0770640641856,38.21095476514799,27.181751938419072,4.584512665893802,0.7434056427823479,0.8097628060031817,292.25240478515633,260.40222628479006,-0.10898174994926152,0.7028493894165536,1460.0770640641856,27.181751938419072,0.34625018705702265
0.9470000000000001,1460.3514909346957,38.21454554138641,27.18533952436895,4.583576215605375,0.7433574149263156,0.8096881174305813,292.25240478515633,260.4106275192261,-0.10895300344692824,0.7030755314337404,1460.3514909346957,27.18533952436895,0.34628596703067066
0.9480000000000001,1460.6263697614097,38.21814189310372,27.18892711031883,4.582639765316949,0.7433091076433718,0.8096228055896568,292.25240478515633,260.41902875366213,-0.10892425694459515,0.7030755314337404,1460.6263697614097,27.18892711031883,0.34632176930425845
0.9490000000000001,1460.901700544328,38.22174381872611,27.192514696268702,4.5817033150285225,0.7432607209335167,0.8095633924069008,292.25240478515633,260.4274299880982,-0.10889551044226187,0.7030755314337404,1460.901700544328,27.192514696268702,0.3463575938714913
0.9500000000000001,1461.1774832834508,38.22535131667792,27.196105302539088,4.580766864740097,0.7432122547967499,0.8094966799091915,292.25240478515633,260.4358312225342,-0.10886676393992878,0.7030755314337404,1461.1774832834508,27.196105302539088,0.34639346085975325
0.9510000000000001,1461.453717978778,38.228964385381644,27.19969906158544,4.57983041445167,0.7431637092330716,0.8094292481921906,292.25240478515633,260.44423245697027,-0.1088380174375955,0.7033016734509272,1461.453717978778,27.19969906158544,0.34642937114569294
0.9520000000000001,1461.7304046303095,38.23258302325792,27.203295481334646,4.578893964163244,0.7431150842424818,0.8093569044599768,292.25240478515633,260.4526336914063,-0.1088092709352624,0.7034607554851844,1461.7304046303095,27.203295481334646,0.34646532144279685
0.9530000000000001,1462.0075432380459,38.236207228725576,27.20689658774896,4.577957513874816,0.7430663798249805,0.8092861124314393,292.25240478515633,260.4550510940552,-0.10880099930906074,0.7038461538461539,1462.0075432380459,27.20689658774896,0.3465013252499592
0.9540000000000001,1462.285133801986,38.23983700020158,27.21050753689012,4.5770210635863915,0.7430175959805678,0.8092183264247592,292.25240478515633,260.45714894104003,-0.10879382110641643,0.7038461538461539,1462.285133801986,27.21050753689012,0.34653741693154794
0.9550000000000001,1462.5631763221306,38.24347233610111,27.214129932428104,4.576084613297965,0.7429687327092436,0.809154221112038,292.25240478515633,260.4592467880249,-0.10878664290377191,0.7038461538461539,1462.5631763221306,27.214129932428104,0.34657360717141045
0.9560000000000001,1462.84167079848,38.24711323483748,27.21775728877961,4.575148163009539,0.7429197900110077,0.8090916748505698,292.25240478515633,260.46134463500977,-0.10877946470112758,0.7038461538461539,1462.84167079848,27.21775728877961,0.3466098527298091
0.9570000000000001,1463.1206172310333,38.250759694822186,27.22138786003428,4.574211712721112,0.7428707678858605,0.8090246695338859,292.25240478515633,260.46344248199466,-0.10877228649848307,0.7036869486541506,1463.1206172310333,27.22138786003428,0.3466461419620192
0.9580000000000001,1463.4000156197908,38.25441171446492,27.225018718896354,4.573275262432685,0.7428216663338018,0.8089627786320382,292.25240478515633,260.4655403289795,-0.10876510829583874,0.7036869486541506,1463.4000156197908,27.225018718896354,0.3466824553481041
0.9590000000000001,1463.679865964753,38.25806929217355,27.22864957775843,4.572338812144259,0.7427724853548314,0.8089041848445426,292.25240478515633,260.46763817596434,-0.10875793009319441,0.7032345623162181,1463.679865964753,27.22864957775843,0.3467187909644829
0.96,1463.9601682659193,38.26173242635413,27.232280436620506,4.571402361855834,0.7427232249489497,0.8088361865812452,292.25240478515633,260.46973602294923,-0.1087507518905499,0.7032345623162181,1463.9601682659193,27.232280436620506,0.3467551488047803
0.961,1464.2409225232902,38.2654011154109,27.235912071189517,4.570465911567408,0.7426738851161565,0.8087622344726572,292.25240478515633,260.47183386993413,-0.10874357368790538,0.7032345623162181,1464.2409225232902,27.235912071189517,0.34679153403353546
0.962,1464.5221287368652,38.2690753577463,27.239554066106585,4.569529461278981,0.7426244658564518,0.8086976795926717,292.25240478515633,260.4739317169189,-0.10873639548526126,0.7032345623162181,1464.5221287368652,27.239554066106585,0.346828010536305
0.963,1464.8037869066447,38.272755151760954,27.243210813020536,4.568593010990555,0.7425749671698356,0.8086332449639998,292.25240478515633,260.4760295639038,-0.10872921728261674,0.7032345623162181,1464.8037869066447,27.243210813020536,0.3468646075817571
0.964,1465.0858970326287,38.2764404958537,27.24687264845994,4.567656560702129,0.7425253890563077,0.8085653550071857,292.25240478515633,260.4781274108887,-0.10872203907997222,0.7036869486541506,1465.0858970326287,27.24687264845994,0.3469012607460522
0.965,1465.3684591148171,38.28013138842155,27.250534483899337,4.566720110413702,0.7424757315158685,0.808496241377824,292.25240478515633,260.4767146682739,-0.1087268730611188,0.7036869486541506,1465.3684591148171,27.250534483899337,0.34693793610228146
0.966,1465.6514731532095,38.28382782785976,27.254196542633743,4.565783660125275,0.7424259945485179,0.8084220361191421,292.25240478515633,260.473789352417,-0.10873688261385146,0.7036869486541506,1465.6514731532095,27.254196542633743,0.34697463513252796
0.967,1465.9349391478065,38.28752981256177,27.257862762858256,4.56484720983685,0.7423761781542555,0.8083538507937846,292.25240478515633,260.47086403656004,-0.1087468921665841,0.7035278154681139,1465.9349391478065,27.257862762858256,0.347011384082674
0.968,1466.2188570986075,38.29123734091923,27.261536315113496,4.563910759548423,0.7423262823330818,0.8082829270107615,292.25240478515633,260.4679387207031,-0.10875690171931676,0.7035278154681139,1466.2188570986075,27.261536315113496,0.3470482040813516
0.969,1466.5032270056133,38.29495041132203,27.265219583533888,4.562974309259998,0.7422763070849967,0.8082138935623258,292.25240478515633,260.4650134048462,-0.10876691127204922,0.7036869486541506,1466.5032270056133,27.265219583533888,0.34708511101494227
0.97,1466.7880488688234,38.29866902215824,27.26892198552638,4.562037858971571,0.7422262524099998,0.8081415871903278,292.25240478515633,260.4620880889893,-0.10877692082478188,0.7036869486541506,1466.7880488688234,27.26892198552638,0.34712216765414955
0.971,1467.073322688238,38.30239317181419,27.27262865238007,4.561101408683144,0.7421761183080916,0.8080683771668485,292.25240478515633,260.45916277313233,-0.10878693037751452,0.7036869486541506,1467.073322688238,27.27262865238007,0.347159274876562
0.972,1467.3590484638567,38.30612285867439,27.276340166854744,4.560164958394718,0.7421259047792719,0.808000265839211,292.25240478515633,260.4562374572754,-0.10879693993024718,0.7036869486541506,1467.3590484638567,27.276340166854744,0.3471964365604392
0.973,1467.6452261956797,38.309858081121625,27.280054269843426,4.559228508106292,0.7420756118235408,0.8079311928824973,292.25240478515633,260.4533121414185,-0.10880694948297964,0.7035278154681139,1467.6452261956797,27.280054269843426,0.3472336376399341
0.974,1467.9318558837074,38.31359883753688,27.283777794038897,4.558292057817867,0.7420252394408979,0.8078597559134431,292.25240478515633,260.45038682556157,-0.1088169590357123,0.7039131418231169,1467.9318558837074,27.283777794038897,0.3472709236558207
0.975,1468.2189375279388,38.31734512629938,27.287502981016747,4.5573556075294395,0.7419747876313438,0.8077943500396049,292.25240478515633,260.4474615097046,-0.10882696858844494,0.7039131418231169,1468.2189375279388,27.287502981016747,0.3473082428833695
0.976,1468.506471128375,38.3210969457866,27.291231859765723,4.556419157241014,0.741924256394878,0.807724701663292,292.25240478515633,260.4445361938477,-0.1088369781411776,0.7040723981900453,1468.506471128375,27.291231859765723,0.34734560884148424
0.977,1468.794456685016,38.32485429437425,27.294964557271996,4.555482706952588,0.7418736457315007,0.8076560058419998,292.25240478515633,260.44161087799074,-0.10884698769391025,0.7040723981900453,1468.794456685016,27.294964557271996,0.34738302237016777
0.978,1469.0828941978607,38.32861717043625,27.298701618098157,4.554546256664161,0.7418229556412121,0.8075888883442909,292.25240478515633,260.43868556213386,-0.10885699724664272,0.7040723981900453,1469.0828941978607,27.298701618098157,0.34742048709301204
0.979,1469.37178366691,38.332385572344826,27.302447940737125,4.553609806375734,0.7417721861240119,0.8075289528412222,292.25240478515633,260.42567836303715,-0.10890150397741287,0.7040723981900453,1469.37178366691,27.302447940737125,0.34745803565723277
0.98,1469.6611250921635,38.336159498470415,27.306196122541778,4.5526733560873085,0.7417213371799002,0.8074568365626612,292.25240478515633,260.40650427246095,-0.10896711195963049,0.7038461538461539,1469.6611250921635,27.306196122541778,0.3474956187097037
0.981,1469.9509184736214,38.339938947181714,27.30995486177843,4.551736905798882,0.741670408808877,0.8073844280071598,292.25240478515633,260.38733018188475,-0.10903271994184811,0.7036869486541506,1469.9509184736214,27.30995486177843,0.3475332942272048
0.982,1470.241163811284,38.34372391684569,27.313729273567006,4.550800455510456,0.7416194010109423,0.8073155590560968,292.25240478515633,260.3681560913086,-0.10909832792406553,0.7036869486541506,1470.241163811284,27.313729273567006,0.3475710963009829
0.983,1470.5318611051505,38.34751440582754,27.31750368535558,4.549864005222029,0.741568313786096,0.8072469281785438,292.25240478515633,260.3428068786621,-0.10918506532034171,0.7036869486541506,1470.5318611051505,27.31750368535558,0.3476089204500765
0.984,1470.8230103552216,38.351310412490754,27.32127809714415,4.548927554933603,0.7415171471343384,0.807175137722824,292.25240478515633,260.30699091796873,-0.10930761678649538,0.7036869486541506,1470.8230103552216,27.32127809714415,0.34764676666794014
0.985,1471.1146115614968,38.35511193519707,27.325057177914495,4.547991104645177,0.7414659010556692,0.8071051072725548,292.25240478515633,260.2711749572754,-0.10943016825264905,0.7036869486541506,1471.1146115614968,27.325057177914495,0.3476846660718091
0.986,1471.4066647239767,38.35891897230652,27.328841995672303,4.54705465435675,0.7414145755500885,0.807035104967919,292.25240478515633,260.2353589965821,-0.10955271971880251,0.7036869486541506,1471.4066647239767,27.328841995672303,0.34772262577453084
0.987,1471.6991698426611,38.36273152217737,27.332634091177567,4.546118204068325,0.7413631706175963,0.8069659321564417,292.25240478515633,260.19954303588867,-0.10967527118495637,0.7036869486541506,1471.6991698426611,27.332634091177567,0.34776065604036255
0.988,1471.9921269175495,38.36654958316619,27.336434824846265,4.545181753779899,0.7413116862581925,0.8068947804781078,292.25240478515633,260.16372707519537,-0.10979782265110985,0.7034607554851844,1471.9921269175495,27.336434824846265,0.3477987659313674
0.989,1472.2855359486425,38.37037315362782,27.340242555890725,4.544245303491472,0.7412601224718773,0.806825861659889,292.25240478515633,260.127911114502,-0.10992037411726352,0.7034607554851844,1472.2855359486425,27.340242555890725,0.3478369445033499
0.99,1472.5793969359395,38.37420223191538,27.344050286935186,4.543308853203046,0.7412084792586506,0.8067515932441732,292.25240478515633,260.09209515380866,-0.11004292558341718,0.7034607554851844,1472.5793969359395,27.344050286935186,0.34787514510468426
0.991,1472.873709879441,38.378036816380295,27.347858017979643,4.542372402914619,0.7411567566185124,0.8066818619165372,292.25240478515633,260.0562791931153,-0.11016547704957085,0.7035278154681139,1472.873709879441,27.347858017979643,0.34791336772877673
0.992,1473.168474779147,38.38187690537224,27.351665749024104,4.541435952626194,0.7411049545514627,0.8066121060769054,292.25240478515633,260.02046323242195,-0.11028802851572451,0.7033687542392042,1473.168474779147,27.351665749024104,0.3479516123690266
0.993,1473.4636916350573,38.38572249723922,27.355473480068564,4.5404995023377674,0.7410530730575016,0.8065405702769303,292.25240478515633,259.98464727172865,-0.11041057998187798,0.7033687542392042,1473.4636916350573,27.355473480068564,0.3479898790188266
0.994,1473.7593604471722,38.38957359032752,27.359281211113025,4.539563052049342,0.7410011121366289,0.8064749960311778,292.25240478515633,259.94883131103524,-0.11053313144803184,0.7033687542392042,1473.7593604471722,27.359281211113025,0.3480281676715623
0.995,1474.055481215491,38.39343018298171,27.363088942157486,4.538626601760914,0.7409490717888447,0.8064062921395971,292.25240478515633,259.9130153503419,-0.11065568291418551,0.7033687542392042,1474.055481215491,27.363088942157486,0.34806647832061266
0.996,1474.3520539400142,38.397292273544686,27.366911864145763,4.537690151472487,0.7408969520141491,0.8063443108183979,292.25240478515633,259.8771993896485,-0.11077823438033917,0.7033687542392042,1474.3520539400142,27.366911864145763,0.3481049122233363
0.997,1474.649078620742,38.40115986035763,27.370741382146146,4.536753701184062,0.7408447528125419,0.8062782565510836,292.25240478515633,259.84138342895517,-0.11090078584649284,0.7033687542392042,1474.649078620742,27.370741382146146,0.3481434120786303
0.998,1474.9465552576744,38.40503294176005,27.374575818168807,4.535817250895636,0.740792474184023,0.8062087019868557,292.25240478515633,259.8055674682618,-0.1110233373126465,0.7033687542392042,1474.9465552576744,27.374575818168807,0.34818196669424545
0.999,1475.2444838508106,38.40891151608974,27.378410254191465,4.534880800607209,0.7407401161285929,0.8061332563127886,292.25240478515633,259.76975150756846,-0.11114588877880018,0.7033687542392042,1475.2444838508106,27.378410254191465,0.3482205432796231
1.0,1475.5428644001513,38.41279558168282,27.38224574002612,4.533944350318783,0.7406876786462513,0.8060642775897419,292.25240478515633,259.73393554687516,-0.11126844024495364,0.7033687542392042,1475.5428644001513,27.38224574002612,0.348259148826235
