loss,mae,mse,rmse,r2
0.0008666628273203969,0.015410212775045213,0.0005801652874092993,0.0240866205061918,0.9027756382904701
