loss,mae,mse,rmse,r2
0.03430996439419687,0.9658894424775435,2.1557893826930123,1.4682606657855453,0.9481284240558614
