loss,mae,mse,rmse,r2
0.046301580732679995,1.01037036838778,2.818390878012,1.67880638490926,0.9298005868653396
