loss,mae,mse,rmse,r2
0.0008879758534021676,0.015888969548315385,0.0005986616308713994,0.024467562830641703,0.899676012673272
