loss,mae,mse,rmse,r2
0.046001726877875626,1.0098324421609521,3.319561656600717,1.8219664257611106,0.9201262906506601
