loss,mae,mse,rmse,r2
0.04779381561093,1.04657461985272,3.056469907839,1.7482762675959398,0.9238706045112528
