loss,mae,mse,rmse,r2
0.0004211183113511652,0.008947127940365075,0.0002468228309258488,0.01571059613527917,0.9385223035796544
