loss,mae,mse,rmse,r2
4.211183113511,89.47127940365,24682.283092580004,157.105961352791,0.9385223035796544
