loss,mae,mse,rmse,r2
4.497629706747,97.055816953001,27004.55901519,164.330639307449,0.9327380666174994
