loss,mae,mse,rmse,r2
0.0008939891122281551,0.015385085797692393,0.0006120670824285046,0.024739989539781633,0.8974295210279557
