loss,mae,mse,rmse,r2
0.03849503700621426,0.9813008436446762,2.4877747379523822,1.5772681249402023,0.9401403507747108
