loss,mae,mse,rmse,r2
0.0009360702824778855,0.016438089065677456,0.0006557371518632413,0.025607365187836902,0.8901112710072374
