loss,mae,mse,rmse,r2
0.0008908245945349336,0.015021014291837453,0.0006037530443923665,0.024571386700639557,0.8988227912887495
