loss,mae,mse,rmse,r2
0.05160073051229119,1.1148726177489576,3.843993178664501,1.9606104097103283,0.9075076694891393
