loss,mae,mse,rmse,r2
0.00044415908632799983,0.010172245145729019,0.0002672220702904108,0.01634692846654719,0.9334413382566479
