loss,mae,mse,rmse,r2
0.04441590863279,1.0172245145729,2.6722207029039997,1.63469284665471,0.933441338256648
