loss,mae,mse,rmse,r2
0.046404072782019995,1.04111781315318,2.841124981247,1.68556369836534,0.9292343344275792
