loss,mae,mse,rmse,r2
0.03641151706688106,0.975349157451665,2.3351628428550772,1.5281239618745193,0.9438124254078226
