loss,mae,mse,rmse,r2
0.04667780303861,1.01746874905202,2.894941922857,1.7014528858765001,0.927893882417453
