loss,mae,mse,rmse,r2
0.0004667780303861946,0.010174687490520229,0.000289494192285748,0.01701452885876503,0.927893882417453
