loss,mae,mse,rmse,r2
0.0444622564828,1.0223599394501899,2.710003843869,1.64620893080735,0.9325002500836505
