loss,mae,mse,rmse,r2
0.0004446225648280233,0.01022359939450193,0.0002710003843869884,0.016462089308073517,0.9325002500836503
