loss,mae,mse,rmse,r2
0.0008869486628100276,0.015483042648188972,0.0006101807135056524,0.02470183623752802,0.8977456395866719
