loss,mae,mse,rmse,r2
0.10144567349925,1.90886597408346,6.618757610409,2.57269462051154,0.835142490860246
