loss,mae,mse,rmse,r2
0.0010144567349925637,0.0190886597408346,0.0006618757610409061,0.025726946205115488,0.835142490860246
