loss,mae,mse,rmse,r2
0.00045760179636999965,0.01043502616564788,0.0002845725231550131,0.016869277493568393,0.9291197531343787
