loss,mae,mse,rmse,r2
0.1625176053494215,1.946622901494894,6.226061606649436,2.495207728156002,0.8485446708148108
