loss,mae,mse,rmse,r2
0.00048197878641076386,0.010412355978269217,0.0003067333367521197,0.017513804177051874,0.9236000215696756
