loss,mae,mse,rmse,r2
0.0009168238029815257,0.014891025646045134,0.0006349544376301855,0.02519830227674447,0.8935940476740787
