loss,mae,mse,rmse,r2
0.03752742777578533,1.0423785509223618,2.4345586045221115,1.5603072147888415,0.9414208119964065
