loss,mae,mse,rmse,r2
0.0004485320532694459,0.009791541745087241,0.0002695562291705276,0.016418167655695554,0.9328599547983576
