loss,mae,mse,rmse,r2
4.48532053269399,97.915417450872,26955.622917049997,164.18167655695498,0.9328599547983576
