loss,mae,mse,rmse,r2
0.0008991549839265645,0.01564972665775107,0.0006222523703850256,0.024944986878830497,0.8957226658577291
