loss,mae,mse,rmse,r2
0.0008743377402424812,0.01523075407128153,0.0005932458420397756,0.024356638561997334,0.9005835930193136
