loss,mae,mse,rmse,r2
0.04457034810911864,1.074174819393028,3.086302112177099,1.7567874408069686,0.9257388705577705
