huber_weight,mse,rmse,mae,bias,r2,spearman_r,pctl_obs_mm,pctl_pred_mm,pctl_rel_bias,csi_50mm,mse_objective,mae_objective,balanced_objective
0.0,1394.3480019808599,37.3409694836765,25.364254721064,5.264046952230931,0.7549568867891839,0.8443056105026258,292.25240478515633,270.42062072753913,-0.07470181151688524,0.7370396434435843,1394.3480019808599,25.364254721064,0.33246691048121313
0.001,1394.239846127506,37.339521235917125,25.36488250345972,5.263737205003983,0.7549758941295179,0.8442955452669355,292.25240478515633,270.3862222976685,-0.07481951261808208,0.7370396434435843,1394.239846127506,25.36488250345972,0.3324644769291612
0.002,1394.1321243323207,37.338078744524616,25.365511777889324,5.263427457777035,0.7549948251883465,0.8442812329917426,292.25240478515633,270.3518579620362,-0.07493709705902979,0.7370396434435843,1394.1321243323207,25.365511777889324,0.3324620763465481
0.003,1394.024836595303,37.33664201016614,25.36614351279296,5.263117710550085,0.7550136799656695,0.8442689659524953,292.25240478515633,270.33144752655033,-0.0750069354423987,0.7370396434435843,1394.024836595303,25.36614351279296,0.3324597151917379
0.004,1393.9179829164532,37.33521103350633,25.366777502351557,5.262807963323136,0.755032458461487,0.8442540240542734,292.25240478515633,270.3110370910645,-0.07507677382576741,0.7368050668543279,1393.9179829164532,25.366777502351557,0.3324573920953834
0.005,1393.811563295771,37.333785815207264,25.367419891135533,5.262498216096188,0.7550511606757991,0.8442383366179833,292.25240478515633,270.29062665557865,-0.07514661220913633,0.7366322701688556,1393.811563295771,25.367419891135533,0.3324551480203062
0.006,1393.7055777332564,37.33236635592842,25.368066042358954,5.2621884688692395,0.7550697866086058,0.8442265480344211,292.25240478515633,270.2702162200928,-0.07521645059250524,0.7368050668543279,1393.7055777332564,25.368066042358954,0.33245295205997655
0.007,1393.60002622891,37.330952656326765,25.368720413347813,5.26187872164229,0.7550883362599068,0.8442149149143264,292.25240478515633,270.24980578460696,-0.07528628897587396,0.7366322701688556,1393.60002622891,25.368720413347813,0.3324508339298958
0.008,1393.4949087827313,37.32954471705664,25.369375374467936,5.261568974415342,0.7551068096297024,0.8441971799735771,292.25240478515633,270.22939534912115,-0.07535612735924267,0.7366322701688556,1393.4949087827313,25.369375374467936,0.3324487427729597
0.009000000000000001,1393.3902253947206,37.32814253876987,25.37003067819877,5.261259227188394,0.7551252067179927,0.8441878229157388,292.25240478515633,270.20898491363533,-0.07542596574261139,0.7363977485928705,1393.3902253947206,25.37003067819877,0.3324466769417845
0.01,1393.2859760648776,37.32674612211567,25.370694359255843,5.260949479961444,0.7551435275247773,0.844174623135836,292.25240478515633,270.18857447814946,-0.0754958041259803,0.7363977485928705,1393.2859760648776,25.370694359255843,0.33244468999899157
0.011,1393.1821607932022,37.32535546774072,25.37136622643159,5.2606397327344965,0.7551617720500565,0.844160596050987,292.25240478515633,270.16816404266365,-0.07556564250934901,0.7363977485928705,1393.1821607932022,25.37136622643159,0.33244278067256305
0.012,1393.0787795796948,37.323970576289106,25.372039661521512,5.260329985507546,0.7551799402938302,0.8441453801845388,292.25240478515633,270.14775360717783,-0.07563548089271772,0.7363977485928705,1393.0787795796948,25.372039661521512,0.3324409048476207
0.013000000000000001,1392.9758324243553,37.322591448402335,25.37271309661143,5.260020238280599,0.7551980322560984,0.8441301457684726,292.25240478515633,270.12734317169196,-0.07570531927608663,0.7363977485928705,1392.9758324243553,25.37271309661143,0.33243905207489516
0.014,1392.8733193271835,37.32121808471936,25.37338653170135,5.259710491053649,0.7552160479368611,0.8441178316123915,292.25240478515633,270.1069327362061,-0.07577515765945554,0.7363977485928705,1392.8733193271835,25.37338653170135,0.3324372223569422
0.015,1392.7712402881793,37.319850485876536,25.374059966791275,5.259400743826701,0.7552339873361185,0.8441054801563206,292.25240478515633,270.0865223007203,-0.07584499604282426,0.7368050668543279,1392.7712402881793,25.374059966791275,0.3324354156963069
0.016,1392.6695953073431,37.31848865250766,25.374733401881198,5.259090996599752,0.7552518504538702,0.8440863967546823,292.25240478515633,270.06611186523446,-0.07591483442619297,0.7368050668543279,1392.6695953073431,25.374733401881198,0.3324336320955242
0.017,1392.568384384675,37.31713258524394,25.375407482491383,5.258781249372804,0.7552696372901164,0.8440755906584791,292.25240478515633,270.04570142974865,-0.07598467280956168,0.7368050668543279,1392.568384384675,25.375407482491383,0.33243187586020584
0.018000000000000002,1392.4676075201744,37.31578228471399,25.37608481359564,5.258471502145856,0.7552873478448574,0.8440629160696633,292.25240478515633,270.0252909942627,-0.07605451119293079,0.7368050668543279,1392.4676075201744,25.37608481359564,0.3324301643578197
0.019,1392.367264713842,37.31443775154386,25.37676614978627,5.258161754918907,0.7553049821180926,0.8440482579163603,292.25240478515633,270.0048805587769,-0.0761243495762995,0.7364595545134818,1392.367264713842,25.37676614978627,0.3324285026210392
0.02,1392.2673559656769,37.31309898635701,25.377448435982576,5.257852007691957,0.7553225401098225,0.8440339570038126,292.25240478515633,269.9844701232911,-0.07619418795966822,0.7364595545134818,1392.2673559656769,25.377448435982576,0.33242687028695783
0.021,1392.1678812756795,37.311765989774315,25.378130786584574,5.2575422604650095,0.7553400218200469,0.8440210879250593,292.25240478515633,269.9640596878052,-0.07626402634303713,0.7366322701688556,1392.1678812756795,25.378130786584574,0.33242526145458207
0.022,1392.0688406438503,37.31043876241407,25.37881375186517,5.257232513238061,0.7553574272487658,0.844003955505624,292.25240478515633,269.94364925231935,-0.07633386472640603,0.7366322701688556,1392.0688406438503,25.37881375186517,0.3324236797945459
0.023,1391.9702340701888,37.30911730489196,25.379507100956566,5.256922766011112,0.7553747563959792,0.8439908956709476,292.25240478515633,269.92323881683353,-0.07640370310977475,0.7366322701688556,1391.9702340701888,25.379507100956566,0.33242219043108984
0.024,1391.8720615546954,37.30780161782111,25.38020182821032,5.256613018784162,0.7553920092616871,0.8439762164586083,292.25240478515633,269.9028283813477,-0.07647354149314346,0.7366322701688556,1391.8720615546954,25.38020182821032,0.33242073333432903
0.025,1391.7743230973697,37.30649170181203,25.38089655546408,5.256303271557214,0.7554091858458896,0.8439651203539787,292.25240478515633,269.8824179458619,-0.07654337987651218,0.7368667917448405,1391.7743230973697,25.38089655546408,0.33241929931977005
0.026000000000000002,1391.677018698212,37.30518755747264,25.381591282717842,5.255993524330266,0.7554262861485865,0.8439521706124913,292.25240478515633,269.86200751037603,-0.07661321825988109,0.7368667917448405,1391.677018698212,25.381591282717842,0.3324178883898446
0.027,1391.5801483572216,37.30388918540829,25.38228776891448,5.255683777103317,0.755443310169778,0.8439364751661389,292.25240478515633,269.8415970748902,-0.0766830566432498,0.7368667917448405,1391.5801483572216,25.38228776891448,0.3324165122722207
0.028,1391.483712074399,37.3025965862217,25.3829857705946,5.255374029876369,0.755460257909464,0.8439173085120469,292.25240478515633,269.8211866394044,-0.07675289502661851,0.7368667917448405,1391.483712074399,25.3829857705946,0.33241516934639015
0.029,1391.3877098497444,37.30130976051303,25.383683772274715,5.25506428264942,0.7554771293676446,0.8439030467263455,292.25240478515633,269.8007762039186,-0.07682273340998723,0.7368667917448405,1391.3877098497444,25.383683772274715,0.33241384951242514
0.03,1391.2921416832583,37.300028708879815,25.384385352695446,5.254754535422471,0.7554939245443195,0.8438877950856336,292.25240478515633,269.78036576843266,-0.07689257179335633,0.7368667917448405,1391.2921416832583,25.384385352695446,0.3324125766288729
0.031,1391.1970075749389,37.298753431916985,25.38509904254059,5.2544447881955225,0.7555106434394891,0.8438715911308053,292.25240478515633,269.75995533294684,-0.07696241017672505,0.7368667917448405,1391.1970075749389,25.38509904254059,0.33241140756429965
0.032,1391.1023075247879,37.2974839302169,25.38582133514197,5.254135040968574,0.7555272860531532,0.8438546304358667,292.25240478515633,269.73954489746103,-0.07703224856009376,0.7368667917448405,1391.1023075247879,25.38582133514197,0.3324103189453579
0.033,1391.0080415328046,37.2962202043693,25.386546958924605,5.253825293741625,0.7555438523853117,0.8438388077921316,292.25240478515633,269.71913446197516,-0.07710208694346267,0.7369284876905041,1391.0080415328046,25.386546958924605,0.3324092756336868
0.034,1390.9142095989891,37.29496225496131,25.387275915067246,5.253515546514677,0.7555603424359649,0.8438271726845779,292.25240478515633,269.6987240264893,-0.07717192532683158,0.736755743084857,1390.9142095989891,25.387275915067246,0.33240827763949216
0.035,1390.8208117233416,37.29371008257748,25.388011428047946,5.253205799287728,0.7555767562051126,0.8438136509162248,292.25240478515633,269.6783135910035,-0.0772417637102003,0.736755743084857,1390.8208117233416,25.388011428047946,0.332407346459728
0.036000000000000004,1390.7278479058618,37.29246368779974,25.38875547780179,5.25289605206078,0.7555930936927546,0.8438002847317916,292.25240478515633,269.65790315551766,-0.07731160209356902,0.736755743084857,1390.7278479058618,25.38875547780179,0.3324064952951197
0.037,1390.63531814655,37.291223071207384,25.38949952755563,5.252586304833831,0.7556093548988914,0.8437823049320655,292.25240478515633,269.63749272003184,-0.07738144047693774,0.736755743084857,1390.63531814655,25.38949952755563,0.3324056672412051
0.038,1390.5432224454057,37.289988233377144,25.390243874632205,5.252276557606882,0.7556255398235225,0.8437707092926392,292.25240478515633,269.6170822845459,-0.07745127886030684,0.7363487227560347,1390.5432224454057,25.390243874632205,0.3324048642822671
0.039,1390.4515608024292,37.28875917488311,25.39099130494155,5.251966810379933,0.7556416484666483,0.8437550913973424,292.25240478515633,269.5966718490601,-0.07752111724367555,0.7363487227560347,1390.4515608024292,25.39099130494155,0.33240410499168993
0.04,1390.3603332176208,37.28753589629678,25.391738735250893,5.251657063152985,0.7556576808282685,0.843744828600187,292.25240478515633,269.5762614135743,-0.07759095562704427,0.7363487227560347,1390.3603332176208,25.391738735250893,0.3324033688186953
0.041,1390.26953969098,37.28631839818702,25.39248646636561,5.2513473159260355,0.7556736369083832,0.8437258578413066,292.25240478515633,269.5558509780885,-0.07766079401041298,0.7363487227560347,1390.26953969098,25.39248646636561,0.33240265777075
0.042,1390.1791802225068,37.2851066811201,25.393236281384507,5.251037568699088,0.7556895167069925,0.8437101461138496,292.25240478515633,269.5354405426026,-0.07773063239378189,0.7363487227560347,1390.1791802225068,25.393236281384507,0.332401983736391
0.043000000000000003,1390.0892548122017,37.28390074565967,25.393987638027216,5.25072782147214,0.7557053202240962,0.8436900860065514,292.25240478515633,269.5150301071168,-0.0778004707771506,0.7363487227560347,1390.0892548122017,25.393987638027216,0.33240134310299063
0.044,1389.9997634600647,37.28270059236676,25.39474387323753,5.25041807424519,0.7557210474596945,0.8436765711039662,292.25240478515633,269.49461967163097,-0.07787030916051932,0.736755743084857,1389.9997634600647,25.39474387323753,0.3324007581171139
0.045,1389.9107061660952,37.28150622179977,25.39550719289296,5.250108327018241,0.7557366984137873,0.8436603880274962,292.25240478515633,269.47420923614516,-0.07794014754388803,0.736755743084857,1389.9107061660952,25.39550719289296,0.3324002434855414
0.046,1389.8220829302936,37.28031763451451,25.39627380834755,5.249798579791292,0.7557522730863747,0.8436437715845647,292.25240478515633,269.45379880065923,-0.07800998592725714,0.736755743084857,1389.8220829302936,25.39627380834755,0.3323997739550941
0.047,1389.7338937526597,37.27913483106414,25.39704403699313,5.249488832564344,0.7557677714774566,0.8436277775776891,292.25240478515633,269.4333883651734,-0.07807982431062585,0.736755743084857,1389.7338937526597,25.39704403699313,0.33239935164374246
0.048,1389.6461386331937,37.27795781199922,25.39781576942135,5.249179085337396,0.7557831935870329,0.8436085292771712,292.25240478515633,269.4129779296876,-0.07814966269399456,0.7365830794469183,1389.6461386331937,25.39781576942135,0.33239896249221235
0.049,1389.5588175718956,37.276786577867675,25.398587501849576,5.248869338110447,0.7557985394151038,0.8435960263927768,292.25240478515633,269.3925674942017,-0.07821950107736347,0.7364104967197751,1389.5588175718956,25.398587501849576,0.3323985964783656
0.05,1389.4719305687654,37.275621129214805,25.3993638824345,5.248559590883497,0.7558138089616692,0.8435820066153531,292.25240478515633,269.3721570587159,-0.07828933946073219,0.7364104967197751,1389.4719305687654,25.3993638824345,0.3323982845893493
0.051000000000000004,1389.3854776238024,37.27446146658329,25.400152610980516,5.2482498436565495,0.7558290022267291,0.8435639981681105,292.25240478515633,269.35174662323004,-0.0783591778441011,0.7365830794469183,1389.3854776238024,25.400152610980516,0.3323980781548154
0.052000000000000005,1389.299458737008,37.27330759051319,25.40094144048535,5.247940096429601,0.7558441192102835,0.8435521972382113,292.25240478515633,269.3313361877442,-0.07842901622746981,0.7365830794469183,1389.299458737008,25.40094144048535,0.3323978955374759
0.053,1389.2138739083812,37.272159501541914,25.40173321034926,5.247630349202653,0.7558591599123324,0.8435349061633286,292.25240478515633,269.31092575225836,-0.07849885461083872,0.7365830794469183,1389.2138739083812,25.40173321034926,0.3323977556671378
0.054,1389.128723137922,37.27101720020426,25.40253576545208,5.247320601975703,0.7558741243328759,0.8435186631619552,292.25240478515633,269.29051531677254,-0.07856869299420743,0.7365830794469183,1389.128723137922,25.40253576545208,0.33239771084050584
0.055,1389.0440064256304,37.2698806870324,25.403338929651255,5.247010854748755,0.755889012471914,0.8434979691756548,292.25240478515633,269.27010488128667,-0.07863853137757634,0.7365830794469183,1389.0440064256304,25.403338929651255,0.33239769322476853
0.056,1388.9597237715072,37.26874996255586,25.404148643125364,5.246701107521806,0.7559038243294465,0.8434827579466114,292.25240478515633,269.24969444580086,-0.07870836976094506,0.7365830794469183,1388.9597237715072,25.404148643125364,0.3323977424197258
0.057,1388.8758751755513,37.26762502730153,25.40495951263931,5.246391360294859,0.7559185599054735,0.8434625699192181,292.25240478515633,269.22928401031504,-0.07877820814431377,0.7364104967197751,1388.8758751755513,25.40495951263931,0.3323978224757697
0.058,1388.7924606377637,37.26650588179369,25.40577038215325,5.2460816130679095,0.755933219199995,0.8434440780777556,292.25240478515633,269.2315979187012,-0.07877029064441209,0.7364104967197751,1388.7924606377637,25.40577038215325,0.3323979256887478
0.059000000000000004,1388.7094801581436,37.26539252655396,25.406581332461634,5.245771865840961,0.7559478022130112,0.8434266337878438,292.25240478515633,269.2379904571534,-0.07874841729675942,0.7364104967197751,1388.7094801581436,25.406581332461634,0.3323980525993283
0.06,1388.6269337366916,37.264284962101335,25.407407286264494,5.245462118614011,0.7559623089445218,0.8434051265894891,292.25240478515633,269.2443829956055,-0.07872654394910697,0.7364104967197751,1388.6269337366916,25.407407286264494,0.33239830268544
0.061,1388.5448213734073,37.26318318895217,25.408238178505414,5.245152371387071,0.7559767393945267,0.843387882350385,292.25240478515633,269.25077553405765,-0.07870467060145452,0.7364104967197751,1388.5448213734073,25.408238178505414,0.33239860885471695
0.062,1388.4631430682907,37.26208720762017,25.409079426386203,5.244842624160114,0.7559910935630264,0.843369015541638,292.25240478515633,269.25716807250984,-0.07868279725380185,0.7364104967197751,1388.4631430682907,25.409079426386203,0.3323990072206927
0.063,1388.3818988213422,37.26099701861643,25.40993070439156,5.244532876933175,0.7560053714500206,0.8433521934268025,292.25240478515633,269.263560610962,-0.0786609239061494,0.7364104967197751,1388.3818988213422,25.40993070439156,0.3323994956155018
0.064,1388.301088632561,37.259912622449356,25.410784969072086,5.244223129706217,0.7560195730555093,0.8433364654383165,292.25240478515633,269.2699531494141,-0.07863905055849695,0.7364104967197751,1388.301088632561,25.410784969072086,0.33240002708900845
0.065,1388.220712501948,37.258834019624764,25.411639233752616,5.243913382479278,0.7560336983794924,0.8433187039981124,292.25240478515633,269.2763456878663,-0.0786171772108443,0.7366447985004686,1388.220712501948,25.411639233752616,0.3324005817338321
0.066,1388.1407704295027,37.257761210645796,25.412493498433147,5.243603635252319,0.75604774742197,0.8432992177846871,292.25240478515633,269.2827382263184,-0.07859530386319202,0.7370517928286853,1388.1407704295027,25.412493498433147,0.33240115955198496
0.067,1388.061262415225,37.25669419601295,25.413349674558287,5.24329388802538,0.7560617201829423,0.8432815779006938,292.25240478515633,269.28913076477056,-0.07857343051553937,0.7370517928286853,1388.061262415225,25.413349674558287,0.33240177328730414
0.068,1387.9821884591156,37.255632976224085,25.414217341865,5.242984140798423,0.756075616662409,0.843266733387968,292.25240478515633,269.29552330322264,-0.07855155716788711,0.7372245663384904,1387.9821884591156,25.414217341865,0.33240248680103557
0.069,1387.9035485611737,37.25457755177441,25.415092450573443,5.242674393571483,0.7560894368603703,0.84325024651131,292.25240478515633,269.3019158416748,-0.07852968382023445,0.7372245663384904,1387.9035485611737,25.415092450573443,0.33240327309901985
0.07,1387.8253427213997,37.25352792315648,25.415971178868162,5.242364646344526,0.756103180776826,0.8432340194296848,292.25240478515633,269.30830838012696,-0.078507810472582,0.7372245663384904,1387.8253427213997,25.415971178868162,0.3324041067067145
0.07100000000000001,1387.7475709397934,37.252484090860214,25.416855244885745,5.242054899117586,0.7561168484117764,0.8432170548401294,292.25240478515633,269.31470091857915,-0.07848593712492935,0.7372245663384904,1387.7475709397934,25.416855244885745,0.3324049990793082
0.07200000000000001,1387.6702332163552,37.251446055372874,25.41774078556053,5.241745151890628,0.7561304397652211,0.843202497645734,292.25240478515633,269.3210934570312,-0.07846406377727709,0.7372245663384904,1387.6702332163552,25.41774078556053,0.33240592446726025
0.073,1387.5933295510845,37.25041381717906,25.418629748447245,5.241435404663688,0.7561439548371605,0.843183436708406,292.25240478515633,269.3159301727295,-0.07848173098622789,0.7372245663384904,1387.5933295510845,25.418629748447245,0.33240689585505706
0.074,1387.516859943982,37.24938737676074,25.41952002294396,5.241125657436739,0.7561573936275943,0.8431668794877408,292.25240478515633,269.30847431030276,-0.07850724270932982,0.7374589779653071,1387.516859943982,25.41952002294396,0.3324078991751931
0.075,1387.4408243950468,37.24836673459719,25.420410862225832,5.240815910209791,0.7561707561365226,0.8431483107978597,292.25240478515633,269.301018447876,-0.07853275443243175,0.7374589779653071,1387.4408243950468,25.420410862225832,0.3324089294511944
0.076,1387.3652229042796,37.24735189116509,25.42130446870028,5.240506162982842,0.7561840423639455,0.8431285527642698,292.25240478515633,269.29356258544925,-0.07855826615553368,0.7374589779653071,1387.3652229042796,25.42130446870028,0.33241000136638243
0.077,1387.2900554716805,37.24634284693842,25.42221482122588,5.240196415755893,0.7561972523098629,0.8431088127984901,292.25240478515633,269.2861067230225,-0.07858377787863562,0.7371134020618557,1387.2900554716805,25.42221482122588,0.3324112081067874
0.078,1387.2153220972489,37.2453396023885,25.423131496544304,5.239886668528945,0.7562103859742748,0.8430937849978691,292.25240478515633,269.27865086059575,-0.07860928960173755,0.7371134020618557,1387.2153220972489,25.423131496544304,0.3324124801920618
0.079,1387.1410227809854,37.244342157984015,25.424048860967016,5.239576921301997,0.7562234433571813,0.8430769595103756,292.25240478515633,269.271194998169,-0.07863480132483948,0.7369407355352542,1387.1410227809854,25.424048860967016,0.3324137800694842
0.08,1387.0671575228891,37.24335051419097,25.42497023126518,5.2392671740750485,0.7562364244585823,0.8430612650276398,292.25240478515633,269.26373913574224,-0.07866031304794141,0.7369407355352542,1387.0671575228891,25.42497023126518,0.332415129850767
0.081,1386.9937263229615,37.24236467147275,25.425894044680103,5.238957426848098,0.7562493292784777,0.8430418805560601,292.25240478515633,269.2562832733155,-0.07868582477104334,0.7369407355352542,1386.9937263229615,25.425894044680103,0.3324165191202953
0.082,1386.9207291812013,37.241384630290014,25.42682607681977,5.23864767962115,0.7562621578168677,0.8430226316532817,292.25240478515633,269.24882741088874,-0.07871133649414527,0.736768149882904,1386.9207291812013,25.42682607681977,0.3324179863805537
0.083,1386.8481660976086,37.2404103911008,25.427767499266384,5.238337932394201,0.7562749100737522,0.8430086222347359,292.25240478515633,269.241371548462,-0.0787368482172472,0.736768149882904,1386.8481660976086,25.427767499266384,0.3324195394432302
0.084,1386.7760370721842,37.23944195436049,25.428710379472793,5.238028185167253,0.7562875860491312,0.8429882615794553,292.25240478515633,269.23391568603523,-0.07876235994034914,0.7365956450479981,1386.7760370721842,25.428710379472793,0.3324211254311837
0.085,1386.7043421049275,37.23847932052177,25.429653995451353,5.237718437940305,0.7563001857430047,0.8429715536732544,292.25240478515633,269.2264598236085,-0.07878787166345107,0.7365956450479981,1386.7043421049275,25.429653995451353,0.3324227395334002
0.08600000000000001,1386.6330811958387,37.237522490034685,25.430600824749224,5.237408690713356,0.7563127091553727,0.842953250359352,292.25240478515633,269.2190039611818,-0.0788133833865528,0.7364232209737828,1386.6330811958387,25.430600824749224,0.3324243982671975
0.08700000000000001,1386.5622543449174,37.236571463346586,25.431548016744586,5.237098943486409,0.7563251562862354,0.8429345865524888,292.25240478515633,269.211548098755,-0.07883889510965493,0.7364232209737828,1386.5622543449174,25.431548016744586,0.3324260826319031
0.088,1386.4918615521642,37.2356262409022,25.432500926625398,5.2367891962594575,0.7563375271355924,0.8429224538373713,292.25240478515633,269.2040922363282,-0.07886440683275686,0.7366573033707865,1386.4918615521642,25.432500926625398,0.33242782832738577
0.089,1386.4219028175787,37.234686823143534,25.433463736387324,5.236479449032509,0.7563498217034441,0.8429080451804496,292.25240478515633,269.19663637390147,-0.07888991855585879,0.7366573033707865,1386.4219028175787,25.433463736387324,0.33242966323291445
0.09,1386.352378141161,37.23375321050996,25.43443721690846,5.2361697018055615,0.7563620399897902,0.8428896148899935,292.25240478515633,269.1891805114747,-0.07891543027896072,0.7366573033707865,1386.352378141161,25.43443721690846,0.3324315924889786
0.091,1386.283287522911,37.23282540343818,25.43543755552402,5.235859954578611,0.7563741819946309,0.8428715826133167,292.25240478515633,269.181724649048,-0.07894094200206246,0.7364849052188158,1386.283287522911,25.43543755552402,0.33243372400333204
0.092,1386.214630962829,37.231903402362185,25.436444701291684,5.235550207351664,0.7563862477179661,0.8428533010610878,292.25240478515633,269.17426878662127,-0.07896645372516439,0.7363125877398222,1386.214630962829,25.436444701291684,0.3324359241166047
0.093,1386.1464084609147,37.23098720771335,25.437451847059354,5.235240460124715,0.7563982371597957,0.8428391725154476,292.25240478515633,269.16681292419446,-0.07899196544826652,0.7363125877398222,1386.1464084609147,25.437451847059354,0.3324381474535283
0.094,1386.0786200171683,37.23007681992032,25.438460002828315,5.234930712897766,0.7564101503201199,0.8428217539822028,292.25240478515633,269.1593570617677,-0.07901747717136845,0.7363125877398222,1386.0786200171683,25.438460002828315,0.3324404007485626
0.095,1386.0112656315898,37.22917223940911,25.439469802783716,5.234620965670818,0.7564219871989386,0.8428044168946304,292.25240478515633,269.15190119934095,-0.07904298889447038,0.7363125877398222,1386.0112656315898,25.439469802783716,0.33244268823093814
0.096,1385.9443453041793,37.22827346660303,25.440487674956902,5.23431121844387,0.7564337477962519,0.8427875580419144,292.25240478515633,269.1444453369142,-0.07906850061757231,0.7363125877398222,1385.9443453041793,25.440487674956902,0.33244505275209363
0.097,1385.877859034936,37.22738050192272,25.441516853715054,5.234001471216921,0.7564454321120597,0.8427703912334139,292.25240478515633,269.13698947448745,-0.07909401234067424,0.736140350877193,1385.877859034936,25.441516853715054,0.3324475158742489
0.098,1385.8118068238612,37.22649334578616,25.44254683309635,5.233691723989971,0.756457040146362,0.8427541684679879,292.25240478515633,269.1295336120607,-0.07911952406377618,0.7363742690058479,1385.8118068238612,25.44254683309635,0.33245000756553555
0.099,1385.7461886709536,37.22561199860861,25.44358924478713,5.233381976763023,0.7564685718991587,0.8427401323090832,292.25240478515633,269.12207774963395,-0.0791450357868781,0.7363742690058479,1385.7461886709536,25.44358924478713,0.3324526053653199
0.1,1385.681004576214,37.2247364608027,25.444635113593247,5.233072229536075,0.7564800273704502,0.8427216023043907,292.25240478515633,269.11462188720725,-0.07917054750997984,0.7363742690058479,1385.681004576214,25.444635113593247,0.33245524944592586
0.101,1385.6162545396423,37.22386673277835,25.44568285050499,5.232762482309127,0.756491406560236,0.8426990207940515,292.25240478515633,269.10716602478044,-0.07919605923308197,0.7363742690058479,1385.6162545396423,25.44568285050499,0.3324579292165333
0.10200000000000001,1385.5519385612386,37.22300281494279,25.44673169839168,5.232452735082178,0.7565027094685163,0.842679005093415,292.25240478515633,269.09971016235374,-0.0792215709561837,0.7363742690058479,1385.5519385612386,25.44673169839168,0.3324606396316804
0.10300000000000001,1385.4880566410025,37.22214470770058,25.447780546278373,5.232142987855228,0.7565139360952912,0.8426641849923082,292.25240478515633,269.09225429992694,-0.07924708267928583,0.7363742690058479,1385.4880566410025,25.447780546278373,0.3324633732871417
0.10400000000000001,1385.4246087789343,37.22129241145361,25.448829394165074,5.231833240628281,0.7565250864405606,0.8426429794460797,292.25240478515633,269.0847984375002,-0.07927259440238776,0.7363742690058479,1385.4246087789343,25.448829394165074,0.3324661301845247
0.105,1385.361594975034,37.220445926601066,25.449880339861398,5.23152349340133,0.7565361605043244,0.8426255902228377,292.25240478515633,269.07734257507343,-0.0792981061254897,0.7366081871345029,1385.361594975034,25.449880339861398,0.33246892430958447
0.106,1385.2990152293012,37.21960525353945,25.450938552575412,5.231213746174381,0.7565471582865828,0.8426047730943743,292.25240478515633,269.06988671264673,-0.07932361784859143,0.7366081871345029,1385.2990152293012,25.450938552575412,0.3324717901222408
0.107,1385.2368695417365,37.21877039266258,25.451996765289433,5.230903998947434,0.7565580797873358,0.8425854266655725,292.25240478515633,269.0624308502199,-0.07934912957169356,0.7366081871345029,1385.2368695417365,25.451996765289433,0.33247467918157647
0.108,1385.1751579123397,37.21794134436159,25.45305809423797,5.230594251720484,0.7565689250065832,0.8425653636473491,292.25240478515633,269.05497498779323,-0.0793746412947953,0.7364359214218896,1385.1751579123397,25.45305809423797,0.33247761226221206
0.109,1385.1138803411104,37.217118109024916,25.45412649726402,5.230284504493537,0.7565796939443252,0.8425455896538604,292.25240478515633,269.0475191253664,-0.07940015301789742,0.7366081871345029,1385.1138803411104,25.45412649726402,0.33248061574898347
0.11,1385.0530368280492,37.21630068703833,25.45519630645675,5.2299747572665884,0.7565903866005617,0.8425273548571088,292.25240478515633,269.0400632629397,-0.07942566474099916,0.7368421052631579,1385.0530368280492,25.45519630645675,0.33248365186070905
0.111,1384.9926273731558,37.21548907878487,25.456280039820548,5.22966501003964,0.7566010029752928,0.8425069354212197,292.25240478515633,269.032607400513,-0.07945117646410109,0.7366697848456502,1384.9926273731558,25.456280039820548,0.33248680404488995
0.112,1384.93265197643,37.21468328464492,25.4573663622147,5.229355262812691,0.7566115430685183,0.8424851844680321,292.25240478515633,269.02515153808616,-0.07947668818720321,0.7366697848456502,1384.93265197643,25.4573663622147,0.33248999674213775
0.113,1384.8731106378718,37.21388330499616,25.45845478207957,5.229045515585742,0.7566220068802384,0.8424692545416561,292.25240478515633,269.01769567565947,-0.07950219991030495,0.7364975450081833,1384.8731106378718,25.45845478207957,0.332493226677189
0.114,1384.814003357482,37.21308914021358,25.459543263436046,5.228735768358794,0.7566323944104529,0.842451717463502,292.25240478515633,269.0102398132327,-0.07952771163340688,0.7364975450081833,1384.814003357482,25.459543263436046,0.33249648027955203
0.115,1384.7553301352596,37.21230079066947,25.460632109488067,5.2284260211318445,0.756642705659162,0.8424342376000796,292.25240478515633,269.0027839508059,-0.07955322335650901,0.7364975450081833,1384.7553301352596,25.460632109488067,0.3324997595718963
0.116,1384.6970909712054,37.21151825673343,25.461721756409712,5.228116273904896,0.7566529406263656,0.8424178486308767,292.25240478515633,268.9953280883792,-0.07957873507961075,0.7363253856942497,1384.6970909712054,25.461721756409712,0.33250306746326985
0.117,1384.6392858653187,37.21074153877236,25.462811403331358,5.227806526677948,0.7566630993120638,0.8423969204656828,292.25240478515633,268.98787222595246,-0.07960424680271268,0.7364975450081833,1384.6392858653187,25.462811403331358,0.33250639861648223
0.11800000000000001,1384.5819148176,37.20997063715047,25.463901050253007,5.227496779450998,0.7566731817162564,0.8423737331215975,292.25240478515633,268.98041636352565,-0.0796297585258148,0.7363253856942497,1384.5819148176,25.463901050253007,0.3325097530329901
0.11900000000000001,1384.5249778280493,37.209205552229264,25.464991105206902,5.22718703222405,0.7566831878389435,0.8423556688046713,292.25240478515633,268.97296050109895,-0.07965527024891654,0.7363253856942497,1384.5249778280493,25.464991105206902,0.3325131334342133
0.12,1384.4684748966656,37.208446284367554,25.466083871738444,5.226877284997101,0.7566931176801253,0.8423331321025005,292.25240478515633,268.96550463867214,-0.07968078197201867,0.7363253856942497,1384.4684748966656,25.466083871738444,0.3325165551771959
0.121,1384.4124060234503,37.207692833921456,25.467178590055344,5.226567537770153,0.7567029712398015,0.8423124360885904,292.25240478515633,268.95804877624545,-0.0797062936951204,0.735981308411215,1384.4124060234503,25.467178590055344,0.3325200131985289
0.122,1384.3567712084027,37.20694520124439,25.468279684565115,5.226257790543203,0.7567127485179722,0.8422925682830169,292.25240478515633,268.9505929138187,-0.07973180541822233,0.735981308411215,1384.3567712084027,25.468279684565115,0.33252353699306286
0.123,1384.3015704515233,37.20620338668706,25.469383712949934,5.225948043316254,0.7567224495146374,0.842268702392288,292.25240478515633,268.94512789001493,-0.07975050508917211,0.735981308411215,1384.3015704515233,25.469383712949934,0.3325271036154481
0.124,1384.2468037528113,37.20546739059746,25.470491316329706,5.225638296089307,0.7567320742297972,0.8422449122458338,292.25240478515633,268.9556223022464,-0.0797145963607591,0.7358093903293623,1384.2468037528113,25.470491316329706,0.3325307173408305
0.125,1384.192471112267,37.204737213320925,25.471600483872294,5.2253285488623575,0.7567416226634515,0.8422235212034223,292.25240478515633,268.96611671447783,-0.07967868763234628,0.7358093903293623,1384.192471112267,25.471600483872294,0.3325343647662313
0.126,1384.138572529891,37.204012855200055,25.47271351379472,5.225018801635409,0.7567510948156002,0.8422034567799249,292.25240478515633,268.9766111267093,-0.07964277890393327,0.7358093903293623,1384.138572529891,25.47271351379472,0.33253806121311036
0.127,1384.0851080056825,37.20329431657474,25.473828567335023,5.224709054408462,0.7567604906862435,0.8421822274444132,292.25240478515633,268.9871055389408,-0.07960687017552025,0.7358093903293623,1384.0851080056825,25.473828567335023,0.33254179442549986
0.128,1384.032077539642,37.202581597782185,25.474953258802106,5.224399307181511,0.7567698102753814,0.8421629906269923,292.25240478515633,268.99204152832067,-0.07958998070156194,0.7358093903293623,1384.032077539642,25.474953258802106,0.33254561516231074
0.129,1383.9794811317693,37.20187469915689,25.47608420843724,5.224089559954564,0.7567790535830137,0.8421377040844353,292.25240478515633,268.99623939209016,-0.07957561687186966,0.7358093903293623,1383.9794811317693,25.47608420843724,0.3325495008951521
0.13,1383.9273187820643,37.20117362103062,25.477219463960697,5.223779812727615,0.7567882206091405,0.8421146347633003,292.25240478515633,268.9940066833499,-0.07958325653095792,0.7358093903293623,1383.9273187820643,25.477219463960697,0.332553438611306
0.131,1383.875590490527,37.20047836373246,25.478358395044243,5.223470065500667,0.7567973113537619,0.8420954869198061,292.25240478515633,268.98474352111845,-0.07961495229147098,0.7356375525455394,1383.875590490527,25.478358395044243,0.33255742411027245
0.132,1383.8242962571576,37.19978892758879,25.479505860853937,5.223160318273717,0.7568063258168779,0.8420780265093926,292.25240478515633,268.975480358887,-0.07964664805198403,0.7358093903293623,1383.8242962571576,25.479505860853937,0.33256148978492744
0.133,1383.773436081956,37.199105312923265,25.480653326663628,5.222850571046768,0.7568152639984882,0.842052920986217,292.25240478515633,268.9662171966556,-0.07967834381249708,0.7355758000467181,1383.773436081956,25.480653326663628,0.332565578743432
0.134,1383.7230099649225,37.198427520056846,25.481802062335035,5.222540823819821,0.7568241258985932,0.8420363039008747,292.25240478515633,268.9569540344241,-0.07971003957301033,0.7354040168145727,1383.7230099649225,25.481802062335035,0.3325696994520646
0.135,1383.6730179060564,37.197755549307765,25.48295257884132,5.222231076592873,0.7568329115171927,0.8420146452942717,292.25240478515633,268.94769087219265,-0.07974173533352338,0.7352323137987392,1383.6730179060564,25.48295257884132,0.332573855318284
0.136,1383.6234599053587,37.19708940099156,25.48410789664905,5.221921329365923,0.7568416208542866,0.8419957566636257,292.25240478515633,268.93842770996116,-0.07977343109403663,0.7350606909430439,1383.6234599053587,25.48410789664905,0.332578066478012
0.137,1383.5743359628282,37.196429075421044,25.485271858254396,5.221611582138975,0.7568502539098751,0.8419721478376826,292.25240478515633,268.9291645477297,-0.07980512685454969,0.7352323137987392,1383.5743359628282,25.485271858254396,0.33258235854687146
0.138,1383.5256460784658,37.19577457290634,25.48644316711046,5.221301834912027,0.7568588106839581,0.8419537743604513,292.25240478515633,268.9199013854983,-0.07983682261506274,0.7352323137987392,1383.5256460784658,25.48644316711046,0.3325867228832226
0.139,1383.477390252271,37.19512589375483,25.487614475966517,5.220992087685079,0.7568672911765357,0.8419314258044093,292.25240478515633,268.91063822326686,-0.07986851837557579,0.7352323137987392,1383.477390252271,25.487614475966517,0.33259111051096274
0.14,1383.4295684842446,37.19448303827121,25.48878578482258,5.220682340458128,0.7568756953876077,0.8419138995468658,292.25240478515633,268.90137506103537,-0.07990021413608904,0.7350606909430439,1383.4295684842446,25.48878578482258,0.3325955214313107
0.14100000000000001,1383.3821807743855,37.193846006757425,25.489957780404875,5.220372593231181,0.7568840233171743,0.8418944447112037,292.25240478515633,268.8921118988039,-0.07993190989660229,0.7350606909430439,1383.3821807743855,25.489957780404875,0.3325999602232434
0.14200000000000002,1383.335227122694,37.193214799512745,25.49113498618697,5.220062846004232,0.7568922749652354,0.8418699433755958,292.25240478515633,268.88284873657244,-0.07996360565711534,0.7350606909430439,1383.335227122694,25.49113498618697,0.33260445704177655
0.14300000000000002,1383.2887075291708,37.192589416833705,25.492312191969063,5.219753098777283,0.756900450331791,0.8418530274888262,292.25240478515633,268.873585574341,-0.0799953014176284,0.7350606909430439,1383.2887075291708,25.492312191969063,0.33260897715650806
0.14400000000000002,1383.2426219938154,37.19196985901413,25.493489397751155,5.219443351550335,0.756908549416841,0.8418253175912105,292.25240478515633,268.8643224121095,-0.08002699717814164,0.7350606909430439,1383.2426219938154,25.493489397751155,0.33261352056861326
0.145,1383.1969705166277,37.191356126345106,25.49466800635308,5.219133604323384,0.7569165722203857,0.8418022735650094,292.25240478515633,268.8550592498781,-0.0800586929386547,0.7352941176470589,1383.1969705166277,25.49466800635308,0.33261809663055997
0.146,1383.1517530976078,37.19074821911503,25.495848296909003,5.218823857096435,0.7569245187424248,0.841779220665506,292.25240478515633,268.84579608764665,-0.08009038869916775,0.7352941176470589,1383.1517530976078,25.495848296909003,0.3326227072042313
0.147,1383.1069697367554,37.19014613760956,25.49703539597951,5.218514109869488,0.7569323889829586,0.8417602904588214,292.25240478515633,268.83653292541516,-0.080122084459681,0.7352941176470589,1383.1069697367554,25.49703539597951,0.33262738646481255
0.148,1383.0626204340715,37.18954988211166,25.49823050541789,5.218204362642537,0.7569401829419867,0.8417410554481815,292.25240478515633,268.8272697631837,-0.08015378022019405,0.73512252042007,1383.0626204340715,25.49823050541789,0.3326321424250807
0.149,1383.0187051895548,37.18895945290154,25.49943950554776,5.217894615415589,0.7569479006195095,0.8417156841475204,292.25240478515633,268.8180066009523,-0.0801854759807071,0.73512252042007,1383.0187051895548,25.49943950554776,0.3326370142848409
0.15,1382.9752240032064,37.18837485025672,25.500653383770533,5.2175848681886405,0.7569555420155267,0.8416950035514748,292.25240478515633,268.8087434387208,-0.08021717174122035,0.7352941176470589,1382.9752240032064,25.500653383770533,0.33264194196653557
0.151,1382.9321768750256,37.187796074451974,25.501867261993308,5.217275120961692,0.7569631071300384,0.8416685390880804,292.25240478515633,268.79948027648936,-0.0802488675017334,0.7355275443510738,1382.9321768750256,25.501867261993308,0.3326468929535258
0.152,1382.8895638050126,37.187223125759374,25.503081140216082,5.216965373734744,0.7569705959630447,0.8416431490571227,292.25240478515633,268.79021711425787,-0.08028056326224665,0.7355275443510738,1382.8895638050126,25.503081140216082,0.33265186724689955
0.153,1382.8473847931673,37.18665600444825,25.50429536469994,5.216655626507795,0.7569780085145454,0.8416210631066618,292.25240478515633,268.78095395202644,-0.08031225902275971,0.7357609710550888,1382.8473847931673,25.50429536469994,0.3326568671559368
0.154,1382.8056398394897,37.186094710785234,25.50552109494977,5.216345879280846,0.7569853447845408,0.8415987945709429,292.25240478515633,268.77169078979495,-0.08034395478327296,0.7359943977591037,1382.8056398394897,25.50552109494977,0.332661967071812
0.155,1382.7643289439802,37.18553924503422,25.506748053712414,5.216036132053897,0.7569926047730307,0.8415797923339222,292.25240478515633,268.7624276275635,-0.08037565054378601,0.7359943977591037,1382.7643289439802,25.506748053712414,0.33266709848662984
0.156,1382.7234521066387,37.18498960745637,25.50797883020309,5.215726384826949,0.7569997884800149,0.8415584741650112,292.25240478515633,268.7531644653321,-0.08040734630429906,0.7359943977591037,1382.7234521066387,25.50797883020309,0.33267227866134036
0.157,1382.6830093274648,37.18444579831014,25.509213820257102,5.215416637600001,0.7570068959054937,0.8415376460553343,292.25240478515633,268.74390130310064,-0.08043904206481212,0.7359943977591037,1382.6830093274648,25.509213820257102,0.33267751023564535
0.158,1382.6430006064586,37.18390781785124,25.51047527294479,5.215106890373052,0.7570139270494671,0.841518181362678,292.25240478515633,268.73463814086915,-0.08047073782532536,0.7359943977591037,1382.6430006064586,25.51047527294479,0.3326829415245622
0.159,1382.6034259436206,37.18337566633267,25.511739712196395,5.214797143146103,0.7570208819119351,0.8414965656972371,292.25240478515633,268.7253749786377,-0.08050243358583842,0.7357609710550888,1382.6034259436206,25.511739712196395,0.332688416035837
0.16,1382.56428533895,37.18284934400469,25.51300862302403,5.2144873959191544,0.7570277604928974,0.8414775496283041,292.25240478515633,268.7161118164063,-0.08053412934635147,0.7355892648774796,1382.56428533895,25.51300862302403,0.3326939436696741
0.161,1382.525578792447,37.18232885111484,25.514282419464152,5.214177648692207,0.7570345627923545,0.8414568182215615,292.25240478515633,268.69672620544435,-0.08060046108783427,0.7355892648774796,1382.525578792447,25.514282419464152,0.3326995271870623
0.162,1382.4873063041125,37.181814187907946,25.515570016865066,5.2138679014652585,0.7570412888103059,0.8414386333923423,292.25240478515633,268.6647107116699,-0.08071000849702663,0.7355892648774796,1382.4873063041125,25.515570016865066,0.3327052260193703
0.163,1382.4494678739454,37.18130535462607,25.51685968664263,5.213558154238309,0.7570479385467518,0.8414182179112959,292.25240478515633,268.6326952178955,-0.0808195559062188,0.73512252042007,1382.4494678739454,25.51685968664263,0.33271096198393274
0.164,1382.4120635019462,37.18080235150858,25.518158072292252,5.213248407011361,0.7570545120016923,0.8413966035507524,292.25240478515633,268.60067972412116,-0.08092910331541077,0.73512252042007,1382.4120635019462,25.518158072292252,0.3327167793677525
0.165,1382.3750931881145,37.180305178792096,25.519459885722092,5.212938659784412,0.7570610091751273,0.8413748300730284,292.25240478515633,268.5686642303467,-0.08103865072460313,0.73512252042007,1382.3750931881145,25.519459885722092,0.33272264292095366
0.166,1382.3385569324512,37.17981383671052,25.52077096608314,5.212628912557463,0.7570674300670568,0.8413530650269491,292.25240478515633,268.5366487365723,-0.0811481981337953,0.73512252042007,1382.3385569324512,25.52077096608314,0.3327285915686962
0.167,1382.3024547349555,37.17932832549501,25.522085929580072,5.2123191653305145,0.7570737746774809,0.8413367424067596,292.25240478515633,268.50463324279787,-0.08125774554298766,0.73512252042007,1382.3024547349555,25.522085929580072,0.3327345894231157
0.168,1382.2667865956275,37.17884864537399,25.523407553467674,5.212009418103567,0.7570800430063994,0.8413118409896114,292.25240478515633,268.4726177490235,-0.08136729295217963,0.73512252042007,1382.2667865956275,25.523407553467674,0.33274065499851746
0.169,1382.2315525144675,37.17837479657317,25.524732509988013,5.211699670876619,0.7570862350538126,0.8412885006312503,292.25240478515633,268.4406022552491,-0.08147684036137201,0.73512252042007,1382.2315525144675,25.524732509988013,0.33274676611271664
0.17,1382.196752491475,37.17790677931552,25.526058549007146,5.211389923649669,0.7570923508197202,0.8412685887988529,292.25240478515633,268.4085867614747,-0.08158638777056418,0.7349510032664489,1382.196752491475,25.526058549007146,0.33275290776704125
0.171,1382.1623865266508,37.17744459382128,25.527392710907193,5.211080176422721,0.7570983903041222,0.8412497155675895,292.25240478515633,268.37657126770034,-0.08169593517975615,0.735012829484488,1382.1623865266508,25.527392710907193,0.3327591268940946
0.17200000000000001,1382.128454619994,37.17698824030793,25.52872973772134,5.210770429195772,0.7571043535070189,0.8412297011316999,292.25240478515633,268.3445557739259,-0.08180548258894851,0.735012829484488,1382.128454619994,25.52872973772134,0.33276538844474
0.17300000000000001,1382.0949567715054,37.17653771899026,25.53006676453548,5.210460681968824,0.75711024042841,0.8412054863314838,292.25240478515633,268.3125402801515,-0.08191502999814068,0.7348414179104478,1382.0949567715054,25.53006676453548,0.3327716733221013
0.17400000000000002,1382.0618929811842,37.17609303008029,25.531410827539904,5.210150934741875,0.7571160510682957,0.8411858249606777,292.25240478515633,268.2805247863771,-0.08202457740733285,0.7346700862671951,1382.0618929811842,25.531410827539904,0.3327780284308059
0.17500000000000002,1382.029263249031,37.17565417378732,25.53276635730807,5.209841187514926,0.7571217854266759,0.8411655024686271,292.25240478515633,268.2485092926027,-0.08213412481652502,0.7346700862671951,1382.029263249031,25.53276635730807,0.3327844833062305
0.176,1381.9970675750458,37.17522115031793,25.534128846051697,5.209531440287984,0.7571274435035505,0.841143524844725,292.25240478515633,268.2164937988283,-0.08224367222571718,0.7346700862671951,1381.9970675750458,25.534128846051697,0.332791007899942
0.177,1381.965305959228,37.174793959875934,25.535494807783067,5.209221693061028,0.7571330252989198,0.8411224639012027,292.25240478515633,268.18447830505386,-0.08235321963490956,0.7344988344988345,1381.965305959228,25.535494807783067,0.33279757897489626
0.178,1381.9339784015785,37.17437260266242,25.53686297930478,5.208911945834088,0.7571385308127835,0.8411020788945294,292.25240478515633,268.1524628112795,-0.08246276704410153,0.7344988344988345,1381.9339784015785,25.53686297930478,0.3328041881113278
0.179,1381.9030849020965,37.17395707887575,25.538231573893874,5.208602198607129,0.7571439600451417,0.8410819041971648,292.25240478515633,268.12044731750507,-0.0825723144532939,0.7343276625495223,1381.9030849020965,25.538231573893874,0.3328108233995988
0.18,1381.8726254607825,37.17354738871154,25.539604736625737,5.20829245138019,0.7571493129959945,0.8410574239205931,292.25240478515633,268.0884318237307,-0.08268186186248606,0.7343276625495223,1381.8726254607825,25.539604736625737,0.33281751247187924
0.181,1381.8426000776358,37.17314353236266,25.54098478237232,5.207982704153233,0.7571545896653419,0.8410369137039964,292.25240478515633,268.0564163299563,-0.08279140927167823,0.7343276625495223,1381.8426000776358,25.54098478237232,0.3328242707600531
0.182,1381.8130087526574,37.17274551001927,25.542377455987832,5.2076729569262925,0.7571597900531837,0.8410181868806266,292.25240478515633,268.0244008361819,-0.0829009566808704,0.734094616639478,1381.8130087526574,25.542377455987832,0.33283113656051594
0.183,1381.7838514858468,37.17235332186875,25.54377053944081,5.207363209699335,0.75716491415952,0.840996899045561,292.25240478515633,267.99238534240743,-0.08301050409006276,0.734094616639478,1381.7838514858468,25.54377053944081,0.3328380284276905
0.184,1381.7551282772038,37.17196696809578,25.54517220329475,5.207053462472396,0.7571699619843508,0.8409729615661535,292.25240478515633,267.96036984863304,-0.08312005149925493,0.734094616639478,1381.7551282772038,25.54517220329475,0.3328450008279129
0.185,1381.7268391267287,37.17158644888228,25.54658245099891,5.206743715245439,0.7571749335276763,0.8409505293762265,292.25240478515633,267.92835435485864,-0.08322959890844711,0.734094616639478,1381.7268391267287,25.54658245099891,0.3328520537849037
0.186,1381.6989840344218,37.17121176440744,25.54800072892722,5.206433968018498,0.7571798287894961,0.8409281042728958,292.25240478515633,267.8963388610843,-0.08333914631763908,0.734094616639478,1381.6989840344218,25.54800072892722,0.33285918360886624
0.187,1381.6715630002825,37.17084291484769,25.54942706564485,5.2061242207915415,0.7571846477698105,0.8409107679883372,292.25240478515633,267.8643233673098,-0.08344869372683164,0.734094616639478,1381.6715630002825,25.54942706564485,0.33286639049092365
0.188,1381.644576024311,37.17047990037673,25.55085379379173,5.205814473564601,0.7571893904686194,0.8408863147331793,292.25240478515633,267.83230787353546,-0.08355824113602361,0.734094616639478,1381.644576024311,25.55085379379173,0.33287362332056564
0.189,1381.6180231065068,37.17012272116554,25.552280521938606,5.205504726337645,0.7571940568859229,0.840862780647744,292.25240478515633,267.800292379761,-0.08366778854521598,0.734094616639478,1381.6180231065068,25.552280521938606,0.33288087948917866
0.19,1381.5919042468713,37.16977137738234,25.553707250085484,5.205194979110703,0.7571986470217208,0.8408412194667879,292.25240478515633,267.76827688598667,-0.08377733595440795,0.733923578751165,1381.5919042468713,25.553707250085484,0.33288815899743573
0.191,1381.566219445403,37.16942586919259,25.555133978232362,5.204885231883748,0.7572031608760134,0.8408157387153486,292.25240478515633,267.7362613922122,-0.08388688336360031,0.733923578751165,1381.566219445403,25.555133978232362,0.3328954618459986
0.192,1381.5409687021029,37.16908619675903,25.55656545806566,5.204575484656807,0.7572075984488003,0.8407927261070616,292.25240478515633,267.71571437988314,-0.08395718907192863,0.733923578751165,1381.5409687021029,25.55656545806566,0.3329028197106212
0.193,1381.5161520169702,37.16875236024166,25.558001593536698,5.20426573742985,0.7572119597400819,0.8407684669604095,292.25240478515633,267.70556519165075,-0.0839919165474471,0.734094616639478,1381.5161520169702,25.558001593536698,0.33291023195167546
0.194,1381.4917693900059,37.16842435979774,25.55943772900775,5.2039559902029096,0.7572162447498578,0.8407423229798144,292.25240478515633,267.6954160034183,-0.08402664402296577,0.7342657342657343,1381.4917693900059,25.55943772900775,0.33291766753495555
0.195,1381.4678208212085,37.168102195581746,25.560873864478793,5.203646242975952,0.7572204534781285,0.8407216457965775,292.25240478515633,267.68526681518586,-0.08406137149848443,0.7342657342657343,1381.4678208212085,25.560873864478793,0.3329251264610789
0.196,1381.44430631058,37.16778586774547,25.562309999949843,5.203336495749014,0.7572245859248934,0.840698164388846,292.25240478515633,267.67511762695347,-0.0840960989740029,0.734094616639478,1381.44430631058,25.562309999949843,0.33293260873065306
0.197,1381.4212258581185,37.16747537643791,25.563748347895807,5.2030267485220545,0.7572286420901531,0.8406734384703594,292.25240478515633,267.664968438721,-0.08413082644952156,0.734094616639478,1381.4212258581185,25.563748347895807,0.33294012909279963
0.198,1381.3985794638252,37.167170721805356,25.565197574098022,5.202717001295115,0.7572326219739072,0.8406497479979906,292.25240478515633,267.6548192504887,-0.08416555392503983,0.734094616639478,1381.3985794638252,25.565197574098022,0.3329477453148611
0.199,1381.3763671276995,37.16687190399132,25.56665730794263,5.2024072540681585,0.7572365255761558,0.8406224654843838,292.25240478515633,267.65259502868685,-0.08417316454437238,0.734094616639478,1381.3763671276995,25.56665730794263,0.33295545492687134
0.2,1381.354588849742,37.166578923136605,25.56811812027393,5.202097506841218,0.757240352896899,0.8405998923856135,292.25240478515633,267.66033081054724,-0.08414669502099556,0.7342657342657343,1381.354588849742,25.56811812027393,0.3329631950739247
0.201,1381.3332446299517,37.16629177937922,25.569583763490833,5.201787759614261,0.7572441039361366,0.840573588344297,292.25240478515633,267.66806659240757,-0.08412022549761894,0.7342657342657343,1381.3332446299517,25.569583763490833,0.3329709907703496
0.202,1381.3123344683297,37.16601047285449,25.571067242894777,5.201478012387321,0.7572477786938687,0.8405489561375182,292.25240478515633,267.67580237426796,-0.08409375597424214,0.7342657342657343,1381.3123344683297,25.571067242894777,0.3329789287110154
0.203,1381.2918583648752,37.16573500369494,25.5725511336105,5.201168265160364,0.7572513771700955,0.8405265778097404,292.25240478515633,267.6826647521976,-0.08407027497693548,0.734094616639478,1381.2918583648752,25.5725511336105,0.33298689274090887
0.20400000000000001,1381.271816319589,37.165465372030376,25.574042004131325,5.2008585179334235,0.7572548993648167,0.8405010093290456,292.25240478515633,267.6744801269535,-0.08409828030763623,0.734094616639478,1381.271816319589,25.574042004131325,0.3329949266466253
0.20500000000000002,1381.2522083324702,37.165201577987844,25.575537808676643,5.200548770706467,0.7572583452780324,0.8404720617061413,292.25240478515633,267.6662955017093,-0.08412628563833718,0.7337526205450734,1381.2522083324702,25.575537808676643,0.3330030167913433
0.20600000000000002,1381.2330344035195,37.164943621691656,25.577042547502565,5.200239023479527,0.7572617149097427,0.8404465037248516,292.25240478515633,267.6581108764652,-0.08415429096903813,0.7337526205450734,1381.2330344035195,25.577042547502565,0.3330111898415719
0.20700000000000002,1381.214294532736,37.16469150326336,25.578557565572,5.199929276252569,0.7572650082599475,0.8404156681563258,292.25240478515633,267.649926251221,-0.08418229629973907,0.7337526205450734,1381.214294532736,25.578557565572,0.33301945476342204
0.20800000000000002,1381.1959887201208,37.16444522282178,25.580083026699842,5.19961952902563,0.7572682253286468,0.8403955181114844,292.25240478515633,267.6417416259769,-0.08421030163043983,0.7337526205450734,1381.1959887201208,25.580083026699842,0.33302781264937154
0.209,1381.1781169656738,37.164204780482976,25.581622054888662,5.1993097817986795,0.7572713661158406,0.8403710338599946,292.25240478515633,267.6335570007327,-0.08423830696114097,0.7335817419655333,1381.1781169656738,25.581622054888662,0.3330362843247232
0.21,1381.1606792693942,37.16397017636025,25.58316374501157,5.19900003457173,0.7572744306215289,0.8403464977137391,292.25240478515633,267.6253723754886,-0.08426631229184171,0.7335817419655333,1381.1606792693942,25.58316374501157,0.33304479709552537
0.211,1381.1436756312821,37.16374141056417,25.58470815296821,5.198690287344782,0.7572774188457118,0.8403259434919872,292.25240478515633,267.6259404632571,-0.08426436846602815,0.7335817419655333,1381.1436756312821,25.58470815296821,0.33305335133485137
0.212,1381.1271060513382,37.16351848320256,25.586252560924844,5.198380540117833,0.7572803307883891,0.8403041368899449,292.25240478515633,267.6268082641604,-0.08426139911183612,0.7335817419655333,1381.1271060513382,25.586252560924844,0.33306192892584624
0.213,1381.110970529562,37.16330139438048,25.58779719224325,5.198070792890884,0.757283166449561,0.8402789965159713,292.25240478515633,267.6276760650638,-0.08425842975764371,0.7335817419655333,1381.110970529562,25.58779719224325,0.33307053135787673
0.214,1381.0952690659537,37.16309014420025,25.589345496040206,5.197761045663936,0.7572859258292274,0.8402530353013122,292.25240478515633,267.62854386596706,-0.08425546040345168,0.733923578751165,1381.0952690659537,25.589345496040206,0.3330791816234267
0.215,1381.0800016605135,37.16288473276144,25.590898214933883,5.197451298436988,0.7572886089273883,0.8402279118709295,292.25240478515633,267.62941166687034,-0.08425249104925965,0.733923578751165,1381.0800016605135,25.590898214933883,0.33308788467324374
0.216,1381.0651683132407,37.16268516016087,25.592455167007273,5.197141551210038,0.7572912157440437,0.840204340766559,292.25240478515633,267.6302794677737,-0.08424952169506741,0.733923578751165,1381.0651683132407,25.592455167007273,0.3330966392950424
0.217,1381.0507690241354,37.16249142649259,25.59402244548556,5.196831803983089,0.7572937462791938,0.8401780877768434,292.25240478515633,267.63114726867695,-0.08424655234087539,0.733923578751165,1381.0507690241354,25.59402244548556,0.3331054861071012
0.218,1381.0368037931987,37.162303531847954,25.59558983603813,5.196522056756142,0.7572962005328382,0.8401495441100207,292.25240478515633,267.63201506958023,-0.08424358298668336,0.733923578751165,1381.0368037931987,25.59558983603813,0.333114357020281
0.219,1381.0232726204295,37.1621214763155,25.597159292716537,5.196212309529193,0.7572985785049772,0.8401275667270227,292.25240478515633,267.63288287048357,-0.08424061363249113,0.733923578751165,1381.0232726204295,25.597159292716537,0.33312326506079226
0.22,1381.0101755058279,37.161945259981046,25.59873294799477,5.195902562302244,0.7573008801956107,0.8401060192976777,292.25240478515633,267.6337506713869,-0.08423764427829891,0.733923578751165,1381.0101755058279,25.59873294799477,0.3331322244442119
0.221,1380.9975124493944,37.16177488292768,25.60030969488601,5.195592815075296,0.7573031056047387,0.8400795483700224,292.25240478515633,267.6346184722902,-0.08423467492410688,0.733923578751165,1380.9975124493944,25.60030969488601,0.333141227791614
0.222,1380.9852834511287,37.161610345235694,25.60188901553741,5.195283067848347,0.7573052547323612,0.8400536810276742,292.25240478515633,267.6354862731935,-0.08423170556991466,0.733923578751165,1380.9852834511287,25.60188901553741,0.3331502716512731
0.223,1380.9734885110306,37.16145164698266,25.60347844880862,5.194973320621399,0.7573073275784783,0.8400258613580751,292.25240478515633,267.63635407409686,-0.08422873621572244,0.733690587138863,1380.9734885110306,25.60347844880862,0.3331594062781112
0.224,1380.9621276291002,37.1612987882434,25.60506927211307,5.1946635733944495,0.7573093241430899,0.8399989326924902,292.25240478515633,267.63722187500014,-0.08422576686153041,0.7334575955265611,1380.9621276291002,25.60506927211307,0.3331685735270023
0.225,1380.9512008053382,37.16115176908996,25.60666205942176,5.194353826167502,0.757311244426196,0.839970819661882,292.25240478515633,267.6380896759034,-0.08422279750733838,0.7334575955265611,1380.9512008053382,25.60666205942176,0.33317777722436887
0.226,1380.9407080397436,37.16101058959166,25.608258447822934,5.1940440789405535,0.7573130884277965,0.8399451130628173,292.25240478515633,267.63895747680675,-0.08421982815314616,0.733690587138863,1380.9407080397436,25.608258447822934,0.3331870282834427
0.227,1380.9306493323172,37.16087524981506,25.609871675655743,5.193734331713605,0.7573148561478917,0.8399233664459042,292.25240478515633,267.63982527771003,-0.08421685879895413,0.733690587138863,1380.9306493323172,25.609871675655743,0.3331964149522656
0.228,1380.921024683058,37.16074574982394,25.61149431893735,5.193424584486655,0.7573165475864814,0.8398976987930078,292.25240478515633,267.64069307861337,-0.08421388944476191,0.733923578751165,1380.921024683058,25.61149431893735,0.33320588774225857
0.229,1380.9118340919672,37.16062208967938,25.613117773359615,5.193114837259707,0.7573181627435656,0.8398727522063345,292.25240478515633,267.6415608795167,-0.08421092009056969,0.733923578751165,1380.9118340919672,25.613117773359615,0.33321538929669353
0.23,1380.9030775590436,37.16050426943966,25.61474669550284,5.192805090032759,0.7573197016191443,0.8398492123793506,292.25240478515633,267.64242868042,-0.08420795073637766,0.733923578751165,1380.9030775590436,25.61474669550284,0.333224950656922
0.231,1380.8947550842881,37.16039228916035,25.61637784876983,5.19249534280581,0.7573211642132175,0.8398263259245284,292.25240478515633,267.64329648132326,-0.08420498138218563,0.7337526205450734,1380.8947550842881,25.61637784876983,0.33323455024776305
0.232,1380.8868666677008,37.16028614889424,25.618009002036835,5.192185595578861,0.7573225505257852,0.8398034455324602,292.25240478515633,267.6441642822266,-0.0842020120279934,0.7337526205450734,1380.8868666677008,25.618009002036835,0.3332441731965875
0.233,1380.8794123092807,37.16018584869135,25.61964015530383,5.191875848351914,0.7573238605568474,0.8397818906752377,292.25240478515633,267.64503208312993,-0.08419904267380118,0.7332402234636871,1380.8794123092807,25.61964015530383,0.33325381950359523
0.234,1380.8723920090288,37.16009138859899,25.621271308570822,5.191566101124965,0.7573250943064043,0.8397554028039916,292.25240478515633,267.6401855041504,-0.08421562621220903,0.7332402234636871,1380.8723920090288,25.621271308570822,0.3332634891689754
0.23500000000000001,1380.865805766945,37.1600027686617,25.622910772857022,5.191256353898015,0.7573262517744555,0.8397321468022281,292.25240478515633,267.6146905975342,-0.08430286212951459,0.7330695834303003,1380.865805766945,25.622910772857022,0.3332732375947921
0.23600000000000002,1380.8596535830286,37.159919988921246,25.624556068974343,5.1909466066710666,0.7573273329610013,0.8397048589084289,292.25240478515633,267.589195690918,-0.08439009804682014,0.7330695834303003,1380.8596535830286,25.624556068974343,0.3332830482547563
0.23700000000000002,1380.85393545728,37.159843049416665,25.626205431003807,5.190636859444119,0.7573283378660416,0.8396765399850877,292.25240478515633,267.56370078430183,-0.0844773339641257,0.7330695834303003,1380.85393545728,25.626205431003807,0.3332929093772738
0.23800000000000002,1380.8486513896992,37.159771950184236,25.62785572716967,5.190327112217171,0.7573292664895764,0.8396521408932094,292.25240478515633,267.5382058776856,-0.08456456988143146,0.7332402234636871,1380.8486513896992,25.62785572716967,0.33330280008583446
0.23900000000000002,1380.8438013802863,37.15970669125748,25.629520030859396,5.190017364990221,0.7573301188316057,0.8396234991583288,292.25240478515633,267.5127109710694,-0.08465180579873702,0.7330695834303003,1380.8438013802863,25.629520030859396,0.3333128075287673
0.24,1380.8393854290412,37.15964727266718,25.63118938392342,5.18970761776327,0.7573308948921297,0.8395976156553285,292.25240478515633,267.50275158691414,-0.08468588382167945,0.7330695834303003,1380.8393854290412,25.63118938392342,0.33332287199048916
0.241,1380.8354035359641,37.159593694441334,25.632860323938022,5.189397870536322,0.7573315946711481,0.8395688840230553,292.25240478515633,267.52489898834233,-0.08461010206226342,0.7330695834303003,1380.8354035359641,25.632860323938022,0.3333329703903325
0.242,1380.8318557010548,37.159545956605214,25.63453126395262,5.189088123309374,0.7573322181686609,0.8395419212494601,292.25240478515633,267.57023004455573,-0.08445499279550915,0.7330695834303003,1380.8318557010548,25.63453126395262,0.33334309214966484
0.243,1380.828741924313,37.159504059181316,25.63620223879531,5.188778376082426,0.7573327653846684,0.839518937188313,292.25240478515633,267.6155611007691,-0.08429988352875488,0.7330695834303003,1380.828741924313,25.63620223879531,0.33335323750074314
0.244,1380.8260622057394,37.15946800218942,25.637876637630608,5.1884686288554756,0.7573332363191703,0.8394904960462746,292.25240478515633,267.66089215698247,-0.08414477426200079,0.7332402234636871,1380.8260622057394,25.637876637630608,0.33336342903607474
0.245,1380.8238165453333,37.1594377856465,25.639555847547722,5.188158881628527,0.7573336309721668,0.8394589600891305,292.25240478515633,267.70622321319587,-0.08398966499524652,0.7330074487895717,1380.8238165453333,25.639555847547722,0.3333736760021698
0.246,1380.8220049430952,37.15941340956683,25.641235647500256,5.18784913440158,0.7573339493436577,0.8394304959407473,292.25240478515633,267.75155426940927,-0.08383455572849224,0.7330074487895717,1380.8220049430952,25.641235647500256,0.33338395026126905
0.247,1380.8206273990247,37.15939487396189,25.642915447452793,5.187539387174631,0.7573341914336433,0.8394035244343772,292.25240478515633,267.7968853256226,-0.08367944646173817,0.7330074487895717,1380.8206273990247,25.642915447452793,0.33339424788019745
0.248,1380.8196839131222,37.15938217884041,25.644595247405324,5.187229639947681,0.7573343572421233,0.8393764810582739,292.25240478515633,267.84221638183595,-0.08352433719498407,0.7330074487895717,1380.8196839131222,25.644595247405324,0.3334045688589899
0.249,1380.8191744853875,37.15937532420839,25.64628180215174,5.186919892720733,0.7573344467690979,0.8393459521807858,292.25240478515633,267.88754743804935,-0.0833692279282298,0.7330074487895717,1380.8191744853875,25.64628180215174,0.33341495822564016
0.25,1380.8190991158203,37.15937431006906,25.647976681688142,5.186610145493785,0.757334460014567,0.8393198313269875,292.25240478515633,267.9328784942627,-0.08321411866147573,0.7332402234636871,1380.8190991158203,25.647976681688142,0.3334254264458744
0.251,1380.8194578044215,37.1593791364229,25.649673257583796,5.186300398266836,0.7573343969785304,0.8392891124162887,292.25240478515633,267.9782095504761,-0.08305900939472145,0.7330695834303003,1380.8194578044215,25.649673257583796,0.3334359293340713
0.252,1380.8202505511904,37.15938980326763,25.651375667941952,5.185990651039888,0.7573342576609885,0.8392641762286438,292.25240478515633,268.0224903381348,-0.08290749383168872,0.7330695834303003,1380.8202505511904,25.651375667941952,0.33344649447513264
0.253,1380.8214773561267,37.15940631059822,25.65308712133495,5.185680903812939,0.7573340420619412,0.839235113714543,292.25240478515633,268.0537121231079,-0.08280066225575668,0.7328990228013029,1380.8214773561267,25.65308712133495,0.33345714325762554
0.254,1380.8231382192312,37.15942865840689,25.65480538371267,5.1853711565859895,0.7573337501813883,0.8392087305362183,292.25240478515633,268.08493390808104,-0.08269383067982464,0.7328990228013029,1380.8231382192312,25.65480538371267,0.33346786078917096
0.255,1380.8252331405035,37.1594568466831,25.65653086710691,5.185061409359042,0.75733338201933,0.8391801726761271,292.25240478515633,268.1161556930542,-0.0825869991038924,0.7327906976744186,1380.8252331405035,25.65653086710691,0.33347864981636194
0.256,1380.8277621199434,37.15949087541355,25.658258715195817,5.1847516621320935,0.7573329375757661,0.8391582422092091,292.25240478515633,268.14737747802735,-0.08248016752796036,0.7327906976744186,1380.8277621199434,25.658258715195817,0.33348947796653455
0.257,1380.830725157551,37.15953074458221,25.659986834661265,5.184441914905144,0.7573324168506969,0.8391282048163048,292.25240478515633,268.1785992630005,-0.08237333595202832,0.7327906976744186,1380.830725157551,25.659986834661265,0.3335003312854069
0.258,1380.8341222533268,37.159576454170285,25.661719947348626,5.184132167678195,0.757331819844122,0.8390948915688381,292.25240478515633,268.20982104797366,-0.08226650437609609,0.7327906976744186,1380.8341222533268,25.661719947348626,0.3335112412490842
0.259,1380.8379534072703,37.15962800415621,25.66345601263677,5.183822420451247,0.7573311465560417,0.839064720393838,292.25240478515633,268.24104283294685,-0.08215967280016385,0.7327906976744186,1380.8379534072703,25.66345601263677,0.33352219425454444
0.26,1380.8422186193816,37.15968539451568,25.665192635201635,5.183512673224299,0.757330396986456,0.8390379384372546,292.25240478515633,268.27226461792,-0.08205284122423182,0.7327906976744186,1380.8422186193816,25.665192635201635,0.3335331743342781
0.261,1380.8469178896607,37.15974862522163,25.666932145060425,5.18320292599735,0.7573295711353647,0.8390094935828935,292.25240478515633,268.3034864028931,-0.08194600964829976,0.7327906976744186,1380.8469178896607,25.666932145060425,0.3335441970202489
0.262,1380.8520512181074,37.159817696244254,25.668672861233073,5.182893178770401,0.7573286690027681,0.8389763866095913,292.25240478515633,268.3347081878663,-0.08183917807236753,0.7325581395348837,1380.8520512181074,25.668672861233073,0.3335552511067966
0.263,1380.8576186047223,37.15989260755099,25.670419618025054,5.182583431543454,0.7573276905886658,0.8389444600263941,292.25240478515633,268.3659299728394,-0.08173234649643549,0.7327906976744186,1380.8576186047223,25.670419618025054,0.3335663688196388
0.264,1380.8636200495046,37.159973359106495,25.672169204751853,5.182273684316505,0.7573266358930582,0.8389161276525722,292.25240478515633,268.39715175781254,-0.08162551492050345,0.7327906976744186,1380.8636200495046,25.672169204751853,0.3335775287559672
0.265,1380.870055552455,37.16005995087272,25.67391952716864,5.181963937089555,0.757325504915945,0.8388895698789766,292.25240478515633,268.4283735427857,-0.08151868334457121,0.7327906976744186,1380.870055552455,25.67391952716864,0.3335887169552341
0.266,1380.8769251135734,37.16015238280884,25.675683596092927,5.1816541898626065,0.7573242976573262,0.8388624839230676,292.25240478515633,268.45959532775885,-0.08141185176863917,0.7329611537566876,1380.8769251135734,25.675683596092927,0.3336000201483752
0.267,1380.8842287328591,37.16025065487125,25.677455577134108,5.181344442635659,0.7573230141172022,0.8388341246282087,292.25240478515633,268.49081711273203,-0.08130502019270694,0.732728541521284,1380.8842287328591,25.677455577134108,0.33361139944272455
0.268,1380.891966410313,37.16035476701364,25.679233798164184,5.1810346954087105,0.7573216542955725,0.8388064054156333,292.25240478515633,268.5220388977052,-0.0811981886167747,0.7325581395348837,1380.891966410313,25.679233798164184,0.33362284369156475
0.269,1380.9001381459348,37.160464719186905,25.681022843101637,5.180724948181761,0.7573202181924374,0.838778857305219,292.25240478515633,268.55326068267834,-0.08109135704084267,0.7323255813953489,1380.9001381459348,25.681022843101637,0.3336343834514484
0.27,1380.9087439397244,37.16058051133922,25.682817272899076,5.180415200954813,0.7573187058077968,0.838750392474274,292.25240478515633,268.58448246765147,-0.08098452546491063,0.7321553127179725,1380.9087439397244,25.682817272899076,0.33364598246506477
0.271,1380.9177837916816,37.16070214341599,25.68461170269651,5.180105453727864,0.7573171171416508,0.8387234065538066,292.25240478515633,268.61570425262465,-0.08087769388897839,0.7321553127179725,1380.9177837916816,25.68461170269651,0.3336576048363094
0.272,1380.9272577018064,37.16082961535986,25.686406132493943,5.179795706500916,0.7573154521939993,0.8387030693666038,292.25240478515633,268.6469260375978,-0.08077086231304635,0.7319851231985123,1380.9272577018064,25.686406132493943,0.33366925056495284
0.273,1380.9371656700994,37.160962927110745,25.688200562291378,5.179485959273967,0.7573137109648422,0.8386748535301565,292.25240478515633,268.6781478225709,-0.08066403073711431,0.7317526731752673,1380.9371656700994,25.688200562291378,0.3336809196507549
0.274,1380.9475076965603,37.1611020786058,25.690000999245395,5.179176212047018,0.7573118934541797,0.8386453639532524,292.25240478515633,268.70936960754403,-0.08055719916118227,0.7317526731752673,1380.9475076965603,25.690000999245395,0.3336926521376268
0.275,1380.9582837811888,37.161247069779414,25.691803854575976,5.17886646482007,0.7573099996620117,0.8386181773194908,292.25240478515633,268.7405913925173,-0.08045036758524984,0.7317526731752673,1380.9582837811888,25.691803854575976,0.33370442410222534
0.276,1380.969493923985,37.16139790056323,25.693608460043563,5.17855671759312,0.7573080295883383,0.838592092681614,292.25240478515633,268.7718131774904,-0.0803435360093178,0.7317526731752673,1380.969493923985,25.693608460043563,0.3337162310897416
0.277,1380.9811381249494,37.16155457088615,25.695413065511154,5.178246970366173,0.7573059832331592,0.8385645545486459,292.25240478515633,268.8030349624636,-0.08023670443338557,0.7317526731752673,1380.9811381249494,25.695413065511154,0.333728061433345
0.278,1380.9932163840813,37.161717080674315,25.697225500662565,5.177937223139224,0.7573038605964748,0.8385310165978483,292.25240478515633,268.83425674743665,-0.08012987285745371,0.7317526731752673,1380.9932163840813,25.697225500662565,0.3337399673260076
0.279,1381.0057287013808,37.16188542985112,25.699041706242834,5.177627475912276,0.757301661678285,0.8385024442433584,292.25240478515633,268.86547853240984,-0.08002304128152148,0.7319851231985123,1381.0057287013808,25.699041706242834,0.33375192170812085
0.28,1381.0186750768485,37.1620596183372,25.700859866025308,5.177317728685327,0.7572993864785896,0.8384727075991898,292.25240478515633,268.89670031738297,-0.07991620970558944,0.7319851231985123,1381.0186750768485,25.700859866025308,0.3337639124722624
0.281,1381.0320555104838,37.16223964605045,25.702679378658274,5.177007981458378,0.7572970349973888,0.8384410976041752,292.25240478515633,268.91309550781267,-0.07986011028549482,0.7319851231985123,1381.0320555104838,25.702679378658274,0.33377593560944746
0.28200000000000003,1381.0458700022873,37.162425512906005,25.704498891291237,5.17669823423143,0.7572946072346823,0.8384124863436675,292.25240478515633,268.92628049316426,-0.07981499522352885,0.7319851231985123,1381.0458700022873,25.704498891291237,0.3337879821011326
0.28300000000000003,1381.0601185522582,37.16261721881625,25.70632220796816,5.1763884870044805,0.7572921031904705,0.8383806435750336,292.25240478515633,268.9394654785158,-0.07976988016156308,0.7319851231985123,1381.0601185522582,25.70632220796816,0.3338000773050135
0.28400000000000003,1381.0748011603973,37.16281476369083,25.70814804664038,5.176078739777533,0.7572895228647532,0.8383533113147231,292.25240478515633,268.9526504638673,-0.0797247650995973,0.7319851231985123,1381.0748011603973,25.70814804664038,0.33381221267449485
0.28500000000000003,1381.0899178267039,37.163018147436624,25.70997552573511,5.175768992550584,0.7572868662575304,0.8383249671165233,292.25240478515633,268.9658354492189,-0.07967965003763133,0.7318150127817802,1381.0899178267039,25.70997552573511,0.33382438233257306
0.28600000000000003,1381.1054685511783,37.16322736995777,25.711808712164693,5.175459245323636,0.7572841333688021,0.8382991607630718,292.25240478515633,268.9771980316164,-0.07964077069152001,0.7317526731752673,1381.1054685511783,25.711808712164693,0.33383661338921167
0.28700000000000003,1381.1214533338207,37.16344243115566,25.71364189859427,5.175149498096687,0.7572813241985683,0.8382687899387707,292.25240478515633,268.98204080047617,-0.07962420019019831,0.7317526731752673,1381.1214533338207,25.71364189859427,0.33384886779848816
0.28800000000000003,1381.137872174631,37.16366333092892,25.715479314761996,5.174839750869738,0.7572784387468291,0.8382397172063196,292.25240478515633,268.9868835693361,-0.07960762968887604,0.7317526731752673,1381.137872174631,25.715479314761996,0.33386117375575314
0.289,1381.1547250736091,37.163890069173455,25.717318789410207,5.1745300036427935,0.7572754770135843,0.8382069776720475,292.25240478515633,268.991726338196,-0.07959105918755396,0.7317526731752673,1381.1547250736091,25.717318789410207,0.33387351678682153
0.29,1381.1720120307546,37.16412264578238,25.719161961441475,5.174220256415837,0.7572724389988341,0.8381766004035609,292.25240478515633,268.9965691070558,-0.07957448868623207,0.7317526731752673,1381.1720120307546,25.719161961441475,0.3338859078163151
0.291,1381.1897330460683,37.1643610606461,25.721005133472744,5.1739105091888975,0.7572693247025785,0.8381495629095337,292.25240478515633,269.00141187591566,-0.07955791818491,0.7317526731752673,1381.1897330460683,25.721005133472744,0.33389832219675897
0.292,1381.2078881195496,37.16460531365226,25.722848305504012,5.173600761961939,0.7572661341248174,0.8381193886830812,292.25240478515633,269.0062546447755,-0.0795413476835881,0.7317526731752673,1381.2078881195496,25.722848305504012,0.33391075992770364
0.293,1381.226477251199,37.16485540468574,25.724691477535284,5.173291014735001,0.7572628672655506,0.8380928402244454,292.25240478515633,269.01109741363535,-0.07952477718226603,0.7317526731752673,1381.226477251199,25.724691477535284,0.3339232210086887
0.294,1381.245500441016,37.165111333628694,25.726539539937697,5.1729812675080415,0.7572595241247785,0.8380621614443601,292.25240478515633,269.01594018249517,-0.07950820668094415,0.7317526731752673,1381.245500441016,25.726539539937697,0.3339357380388287
0.295,1381.264957689001,37.16537310036052,25.728395605569844,5.172671520281103,0.7572561047025008,0.8380347420369793,292.25240478515633,269.0207829513551,-0.07949163617962186,0.7317526731752673,1381.264957689001,25.728395605569844,0.33394833176819344
0.296,1381.2848489951534,37.16564070475785,25.730264084997128,5.172361773054146,0.7572526089987178,0.838004720322919,292.25240478515633,269.02562572021486,-0.07947506567830018,0.7315826167789914,1381.2848489951534,25.730264084997128,0.33396103159745355
0.297,1381.3051743594742,37.165914146694604,25.73213328142318,5.172052025827206,0.7572490370134292,0.8379754914444383,292.25240478515633,269.0304684890748,-0.0794584951769779,0.7318150127817802,1381.3051743594742,25.73213328142318,0.333973759554371
0.298,1381.3259337819625,37.16619342604193,25.73400247784924,5.171742278600248,0.757245388746635,0.8379489295955476,292.25240478515633,269.0353112579346,-0.07944192467565601,0.7318150127817802,1381.3259337819625,25.73400247784924,0.33398651085886216
0.299,1381.3471272626189,37.166478542668244,25.735873169168485,5.171432531373308,0.7572416641983355,0.8379181444362119,292.25240478515633,269.0401540267945,-0.07942535417433394,0.7318150127817802,1381.3471272626189,25.735873169168485,0.3339992954754723
0.3,1381.3687548014427,37.166769496439194,25.73774851066532,5.171122784146351,0.7572378633685305,0.8378860442615109,292.25240478515633,269.0449967956543,-0.07940878367301205,0.7318150127817802,1381.3687548014427,25.73774851066532,0.33401213443702976
0.301,1381.3908163984345,37.1670662872177,25.739634977266725,5.1708130369194105,0.75723398625722,0.8378535607882579,292.25240478515633,269.0498395645142,-0.07939221317168997,0.7318150127817802,1381.3908163984345,25.739634977266725,0.33402507090534195
0.302,1381.413312053594,37.167368914863935,25.741528709192423,5.170503289692454,0.757230032864404,0.8378251626476073,292.25240478515633,269.054682333374,-0.07937564267036808,0.7320474087845689,1381.413312053594,25.741528709192423,0.3340380791502606
0.303,1381.4362417669215,37.16767737923533,25.743424299912956,5.1701935424655145,0.7572260031900826,0.8377889859132294,292.25240478515633,269.03977984466553,-0.07942663451325613,0.7320474087845689,1381.4362417669215,25.743424299912956,0.3340511231308793
0.304,1381.4596055384166,37.167991680186546,25.74532970247759,5.169883795238556,0.7572218972342556,0.8377647225909056,292.25240478515633,269.02355986328126,-0.07948213442059202,0.7320474087845689,1381.4596055384166,25.74532970247759,0.33406425586224775
0.305,1381.48340336808,37.168311817569545,25.747237304124496,5.169574048011617,0.7572177149969231,0.8377342536784714,292.25240478515633,269.007339881897,-0.07953763432792792,0.7318773234200744,1381.48340336808,25.747237304124496,0.3340774265965247
0.306,1381.5076352559106,37.16863779123349,25.74914565845235,5.1692643007846595,0.7572134564780852,0.8377052937493809,292.25240478515633,268.99111990051273,-0.0795931342352638,0.7315373896888063,1381.5076352559106,25.74914565845235,0.3340906256912854
0.307,1381.5323012019094,37.16896960102485,25.75106160067865,5.16895455355772,0.7572091216777418,0.8376803450949473,292.25240478515633,268.97489991912846,-0.07964863414259969,0.7313051555968416,1381.5323012019094,25.75106160067865,0.3341038987099957
0.308,1381.5574012060758,37.16930724678731,25.75297754290494,5.168644806330763,0.757204710595893,0.837653372183303,292.25240478515633,268.9586799377442,-0.07970413404993558,0.7313051555968416,1381.5574012060758,25.75297754290494,0.3341171950705222
0.309,1381.5829352684102,37.169650728361844,25.754893485131234,5.168335059103822,0.7572002232325385,0.8376283068308918,292.25240478515633,268.9424599563599,-0.07975963395727148,0.7313051555968416,1381.5829352684102,25.754893485131234,0.3341305147722288
0.31,1381.608903388912,37.170000045586654,25.756809427357524,5.168025311876865,0.7571956595876788,0.8376074001463166,292.25240478515633,268.92623997497566,-0.07981513386460737,0.7310729215048769,1381.608903388912,25.756809427357524,0.33414385781446854
0.311,1381.6353055675825,37.17035519829724,25.7587258378633,5.167715564649926,0.7571910196613134,0.8375777811235913,292.25240478515633,268.90984501342786,-0.07987123250153683,0.7310729215048769,1381.6353055675825,25.7587258378633,0.33415722731817005
0.312,1381.66214180442,37.170716186326295,25.760649721205823,5.167405817422967,0.7571863034534426,0.8375427632585489,292.25240478515633,268.88093593750006,-0.07997015068135147,0.7310729215048769,1381.66214180442,25.760649721205823,0.33417066997557543
0.313,1381.6894120994257,37.171083009503846,25.762573681323836,5.1670960701960285,0.7571815109640663,0.8375179158440774,292.25240478515633,268.85202686157237,-0.08006906886116572,0.7310729215048769,1381.6894120994257,25.762573681323836,0.3341841364832982
0.314,1381.7171164525992,37.17145566765713,25.76449764144185,5.16678632296907,0.7571766421931845,0.8374872869110723,292.25240478515633,268.82311778564457,-0.08016798704098037,0.7310729215048769,1381.7171164525992,25.76449764144185,0.33419762632885613
0.315,1381.74525486394,37.171834160610636,25.76643026038349,5.166476575742132,0.7571716971407974,0.8374583809645831,292.25240478515633,268.7942087097169,-0.08026690522079462,0.7310729215048769,1381.74525486394,25.76643026038349,0.33421119723192394
0.316,1381.773827333449,37.17221848818616,25.76836831456125,5.166166828515173,0.7571666758069046,0.837431797976355,292.25240478515633,268.76529963378914,-0.08036582340060906,0.7310729215048769,1381.773827333449,25.76836831456125,0.33422482770310935
0.317,1381.8028338611261,37.17260865020272,25.77030795340967,5.165857081288234,0.7571615781915063,0.8374055477570369,292.25240478515633,268.73639055786145,-0.08046474158042331,0.7308406874129122,1381.8028338611261,25.77030795340967,0.33423849207352635
0.318,1381.8322744469706,37.1730046464766,25.772249019482054,5.1655473340612765,0.7571564042946026,0.837374853037128,292.25240478515633,268.7074814819337,-0.08056365976023776,0.7308406874129122,1381.8322744469706,25.772249019482054,0.3342521892928886
0.319,1381.8621490909834,37.17340647682135,25.774199715220803,5.165237586834336,0.7571511541161934,0.8373452202627918,292.25240478515633,268.67857240600597,-0.08066257794005222,0.7308406874129122,1381.8621490909834,25.774199715220803,0.334265974038555
0.32,1381.8924577931637,37.17381414104778,25.776167306101964,5.164927839607379,0.7571458276562788,0.8373126504254066,292.25240478515633,268.6496633300782,-0.08076149611986666,0.7306710006965406,1381.8924577931637,25.776167306101964,0.33427989474198466
0.321,1381.9232005535118,37.174227638963956,25.7781417188349,5.16461809238044,0.7571404249148586,0.8372800877549194,292.25240478515633,268.6207542541505,-0.0808604142996811,0.7306710006965406,1381.9232005535118,25.7781417188349,0.3342938842530886
0.322,1381.954377372028,37.17464697037523,25.780116600181078,5.164308345153482,0.757134945891933,0.8372495686942748,292.25240478515633,268.59184517822274,-0.08095933247949555,0.7306710006965406,1381.954377372028,25.780116600181078,0.33430790021991713
0.323,1381.9859882487115,37.17507213508417,25.78209358300667,5.1639985979265415,0.7571293905875018,0.8372190031592077,292.25240478515633,268.60634584350595,-0.08090971555574819,0.7306710006965406,1381.9859882487115,25.78209358300667,0.3343219535264908
0.324,1382.0180331835631,37.17550313289066,25.784073202601668,5.163688850699584,0.7571237590015653,0.8371872554473299,292.25240478515633,268.6274109741212,-0.08083763700217492,0.7304388205247272,1382.0180331835631,25.784073202601668,0.33433604774029274
0.325,1382.0505121765823,37.17593996359181,25.786060653692,5.1633791034726455,0.7571180511341232,0.837159897932236,292.25240478515633,268.6484761047364,-0.08076555844860163,0.7302066403529138,1382.0505121765823,25.786060653692,0.33435021748894966
0.326,1382.0834252277696,37.176382626982004,25.78805092737987,5.163069356245688,0.7571122669851756,0.837129885573286,292.25240478515633,268.66954123535163,-0.08069347989502836,0.7302066403529138,1382.0834252277696,25.78805092737987,0.3343644293819456
0.327,1382.116772337125,37.17683112285291,25.79004189936617,5.162759609018748,0.7571064065547226,0.8370975031593171,292.25240478515633,268.69060636596686,-0.08062140134145507,0.7300371402042711,1382.116772337125,25.79004189936617,0.33437866925770793
0.328,1382.1505535046479,37.17728545099343,25.792042986537464,5.16244986179179,0.7571004698427641,0.8370666482582346,292.25240478515633,268.7116714965821,-0.08054932278788178,0.7302692664809657,1382.1505535046479,25.792042986537464,0.33439299988907406
0.329,1382.1847687303382,37.17774561118974,25.794049349096177,5.162140114564851,0.7570944568493001,0.8370344358021321,292.25240478515633,268.7327366271973,-0.0804772442343085,0.7305013927576601,1382.1847687303382,25.794049349096177,0.3344073890127303
0.33,1382.2194180141967,37.17821160322531,25.796064522133552,5.161830367337894,0.7570883675743306,0.8370019470691386,292.25240478515633,268.7538017578125,-0.08040516568073541,0.7305013927576601,1382.2194180141967,25.796064522133552,0.3344218601929975
0.331,1382.254501356223,37.17868342688082,25.7980959666269,5.161520620110954,0.7570822020178556,0.8369665357474197,292.25240478515633,268.77486688842777,-0.08033308712716195,0.7305013927576601,1382.254501356223,25.7980959666269,0.33443646316444076
0.332,1382.290018756417,37.17916108193429,25.800127411120243,5.161210872883996,0.7570759601798752,0.8369364302388714,292.25240478515633,268.7891533081054,-0.0802842032875639,0.730099791134834,1382.290018756417,25.800127411120243,0.33445108945940905
0.333,1382.325970214779,37.17964456816094,25.802158855613584,5.160901125657057,0.7570696420603893,0.8369072539577934,292.25240478515633,268.78580570678713,-0.08029565777438244,0.730099791134834,1382.325970214779,25.802158855613584,0.3344657390770037
0.334,1382.362355731309,37.18013388533329,25.80419030010693,5.160591378430098,0.7570632476593979,0.8368752358109501,292.25240478515633,268.7824581054687,-0.08030711226120135,0.7299303944315545,1382.362355731309,25.80419030010693,0.33448041201631484
0.335,1382.3991753060066,37.18062903322114,25.806221744600276,5.160281631203159,0.757056776976901,0.8368427466162238,292.25240478515633,268.7791105041504,-0.08031856674801989,0.7299303944315545,1382.3991753060066,25.806221744600276,0.33449510827642165
0.336,1382.4364289388716,37.18113001159152,25.80825318909362,5.159971883976202,0.7570502300128986,0.8368148705349064,292.25240478515633,268.77576290283207,-0.08033002123483862,0.7297610763163999,1382.4364289388716,25.80825318909362,0.3345098278563923
0.337,1382.474116629905,37.18163682020877,25.810285547309086,5.159662136749262,0.7570436067673908,0.8367816037618623,292.25240478515633,268.7724153015137,-0.08034147572165734,0.7297610763163999,1382.474116629905,25.810285547309086,0.3345245768462256
0.338,1382.512238379106,37.182149458834495,25.812320455581776,5.159352389522304,0.7570369072403774,0.836747391159038,292.25240478515633,268.76906770019536,-0.08035293020847607,0.7297610763163999,1382.512238379106,25.812320455581776,0.33453936615290203
0.339,1382.550794186475,37.182667927227534,25.81435536385447,5.159042642295365,0.7570301314318586,0.8367196899138959,292.25240478515633,268.76572009887707,-0.08036438469529461,0.7297610763163999,1382.550794186475,25.81435536385447,0.3345541787765818
0.34,1382.5897840520115,37.18319222514403,25.816390272127162,5.158732895068408,0.7570232793418343,0.8366905205989624,292.25240478515633,268.76237249755866,-0.08037583918211352,0.7295918367346939,1382.5897840520115,25.816390272127162,0.3345690147162895
0.341,1382.629207975716,37.183722352337405,25.818428574407793,5.158423147841468,0.7570163509703045,0.8366565423557095,292.25240478515633,268.75902489624036,-0.08038729366893206,0.7298237476808905,1382.629207975716,25.818428574407793,0.334583896595754
0.342,1382.6690659575881,37.18425830855831,25.82046789246824,5.15811340061451,0.7570093463172693,0.8366281736053633,292.25240478515633,268.75567729492195,-0.08039874815575099,0.7298237476808905,1382.6690659575881,25.82046789246824,0.33459880856052837
0.343,1382.7093579976286,37.18480009355474,25.82251078862458,5.157803653387571,0.7570022653827285,0.8365979240562184,292.25240478515633,268.73843919830335,-0.08045773174779797,0.7295918367346939,1382.7093579976286,25.82251078862458,0.33461376769019846
0.34400000000000003,1382.7500840958364,37.185347707071884,25.824557269224748,5.157493906160613,0.7569951081666823,0.8365644337040626,292.25240478515633,268.71368668212904,-0.08054242742786435,0.7295918367346939,1382.7500840958364,25.824557269224748,0.33462877402606106
0.34500000000000003,1382.7912442522122,37.18590114885227,25.826607315159738,5.157184158933673,0.7569878746691305,0.8365327677791381,292.25240478515633,268.6889341659547,-0.08062712310793076,0.7295918367346939,1382.7912442522122,25.826607315159738,0.3346438274397043
0.34600000000000003,1382.8328384667557,37.18646041863565,25.828657764918606,5.156874411706716,0.7569805648900734,0.8365000717280623,292.25240478515633,268.66418164978035,-0.08071181878799734,0.7292535929531757,1382.8328384667557,25.828657764918606,0.33465890685521477
0.34700000000000003,1382.874866739467,37.18702551615909,25.830708214677472,5.1565646644797765,0.7569731788295108,0.8364729009738983,292.25240478515633,268.6394291336061,-0.08079651446806353,0.7292535929531757,1382.874866739467,25.830708214677472,0.3346740095796202
0.34800000000000003,1382.9173290703463,37.18759644115691,25.83275934825192,5.156254917252819,0.7569657164874426,0.8364393960871931,292.25240478515633,268.61467661743177,-0.08088121014812992,0.7292535929531757,1382.9173290703463,25.83275934825192,0.3346891401702247
0.34900000000000003,1382.9602254593933,37.188173193360726,25.834812060521084,5.15594517002588,0.756958177863869,0.8364025906934025,292.25240478515633,268.58992410125745,-0.08096590582819632,0.7292535929531757,1382.9602254593933,25.834812060521084,0.33470430459128725
0.35000000000000003,1383.0035559066084,37.18875577249941,25.8368649947342,5.155635422798922,0.7569505629587898,0.8363716117266912,292.25240478515633,268.5651715850831,-0.0810506015082629,0.7292535929531757,1383.0035559066084,25.8368649947342,0.33471949379751953
0.35100000000000003,1383.0473204119905,37.189344178299116,25.8389240571997,5.155325675571983,0.7569428717722053,0.8363375994758047,292.25240478515633,268.5404190689088,-0.0811352971883291,0.7292535929531757,1383.0473204119905,25.8389240571997,0.3347347471597274
0.352,1383.0915189755412,37.1899384104833,25.84098689465219,5.155015928345029,0.7569351043041151,0.8363068884145654,292.25240478515633,268.51566655273444,-0.08121999286839568,0.7290845886442642,1383.0915189755412,25.84098689465219,0.3347500489897587
0.353,1383.1361515972596,37.190538468772665,25.843049732104678,5.1547061811180805,0.7569272605545196,0.8362647883092698,292.25240478515633,268.4909140365601,-0.08130468854846207,0.7290845886442642,1383.1361515972596,25.843049732104678,0.3347653741221461
0.354,1383.1812182771453,37.19114435288521,25.84511256955717,5.154396433891132,0.7569193405234186,0.8362310412336086,292.25240478515633,268.4661615203858,-0.08138938422852847,0.7290845886442642,1383.1812182771453,25.84511256955717,0.3347807225557617
0.355,1383.2267190151997,37.19175606253622,25.847177027839496,5.154086686664184,0.756911344210812,0.8361950137794922,292.25240478515633,268.44140900421155,-0.08147407990859466,0.7290845886442642,1383.2267190151997,25.847177027839496,0.3347961050940415
0.356,1383.272653811421,37.19237359743824,25.849245595326725,5.153776939437234,0.7569032716167001,0.836165502862497,292.25240478515633,268.428065197754,-0.08151973840870988,0.7289156626506024,1383.272653811421,25.849245595326725,0.33481153832353344
0.357,1383.319022665811,37.192996957301126,25.851319023256618,5.153467192210286,0.7568951227410825,0.8361335065576284,292.25240478515633,268.4238681427003,-0.08153409947121941,0.7287468149177669,1383.319022665811,25.851319023256618,0.334827027250885
0.358,1383.3658255783685,37.193626141832,25.853392451186508,5.1531574449833375,0.7568868975839596,0.8361025625420917,292.25240478515633,268.4196710876466,-0.08154846053372913,0.7287468149177669,1383.3658255783685,25.853392451186508,0.3348425394748442
0.359,1383.4130625490934,37.19426115073525,25.855465879116398,5.15284769775639,0.756878596145331,0.836065264178142,292.25240478515633,268.41547403259284,-0.08156282159623886,0.7287468149177669,1383.4130625490934,25.855465879116398,0.334858074994229
0.36,1383.4607335779863,37.19490198371258,25.857539307046288,5.152537950529441,0.7568702184251972,0.8360312301254315,292.25240478515633,268.4112769775391,-0.08157718265874858,0.7285780453913849,1383.4607335779863,25.857539307046288,0.33487363380784607
0.361,1383.5088386650473,37.19554864046298,25.859612734976178,5.152228203302491,0.7568617644235578,0.8359939126096033,292.25240478515633,268.4070799224854,-0.08159154372125811,0.7285780453913849,1383.5088386650473,25.859612734976178,0.3348892159144917
0.362,1383.557377810276,37.19620112068269,25.861686162906068,5.151918456075544,0.7568532341404128,0.8359593459178529,292.25240478515633,268.4028828674317,-0.08160590478376784,0.7283464566929134,1383.557377810276,25.861686162906068,0.3349048213129508
0.363,1383.6063510136723,37.19685942406526,25.86375982784014,5.1516087088485945,0.7568446275757625,0.8359226855885016,292.25240478515633,268.398685812378,-0.08162026584627737,0.7283464566929134,1383.6063510136723,25.86375982784014,0.33492045158188566
0.364,1383.6557582752368,37.197523550301526,25.865836059032784,5.151298961621646,0.7568359447296066,0.8358931622047172,292.25240478515633,268.39448875732427,-0.08163462690878709,0.7285780453913849,1383.6557582752368,25.865836059032784,0.3349361222470465
0.365,1383.7055995949686,37.19819349907961,25.867914218000312,5.150989214394698,0.7568271856019453,0.8358587197994247,292.25240478515633,268.39029170227053,-0.08164898797129683,0.7285780453913849,1383.7055995949686,25.867914218000312,0.3349518290510053
0.366,1383.7558749728687,37.19886927008493,25.86999358499107,5.150679467167748,0.7568183501927784,0.835823549923874,292.25240478515633,268.38609464721685,-0.08166334903380636,0.7283464566929134,1383.7558749728687,25.86999358499107,0.33496756719458437
0.367,1383.8065844089363,37.19955086300016,25.87207555457986,5.150369719940801,0.7568094385021061,0.8357894059385771,292.25240478515633,268.3818975921631,-0.08167771009631608,0.7281778189395693,1383.8065844089363,25.87207555457986,0.3349833459728563
0.368,1383.8577279031717,37.20023827750531,25.87415752416865,5.150059972713852,0.7568004505299284,0.8357586982299203,292.25240478515633,268.3777005371094,-0.0816920711588258,0.7281778189395693,1383.8577279031717,25.87415752416865,0.33499914803542485
0.369,1383.9093054555753,37.200931513277666,25.876239493757442,5.149750225486903,0.7567913862762451,0.8357271654045298,292.25240478515633,268.36377859191896,-0.08173970787613752,0.7281778189395693,1383.9093054555753,25.876239493757442,0.33501497338099934
0.37,1383.9613170661464,37.20163056999177,25.87833027190785,5.149440478259954,0.7567822457410563,0.835697302526595,292.25240478515633,268.343708404541,-0.08180838203261774,0.7283464566929134,1383.9613170661464,25.87833027190785,0.33503088072681947
0.371,1384.0137627348856,37.202335447319506,25.880422147692602,5.149130731033005,0.756773028924362,0.8356610922463165,292.25240478515633,268.3236382171631,-0.08187705618909798,0.7285151725735465,1384.0137627348856,25.880422147692602,0.3350468186699454
0.372,1384.066642461792,37.20304614493001,25.882515879738946,5.148820983806058,0.7567637358261624,0.8356235549656921,292.25240478515633,268.3035680297852,-0.081945730345578,0.7285151725735465,1384.066642461792,25.882515879738946,0.33506279226612073
0.373,1384.119956246867,37.20376266248976,25.884609611785294,5.148511236579109,0.7567543664464571,0.8355900580890493,292.25240478515633,268.28349784240726,-0.08201440450205824,0.7285151725735465,1384.119956246867,25.884609611785294,0.33507878914003064
0.374,1384.1737040901091,37.20448499966246,25.886703343831634,5.14820148935216,0.7567449207852466,0.8355532828283508,292.25240478515633,268.2634276550293,-0.08208307865853846,0.7285151725735465,1384.1737040901091,25.886703343831634,0.33509480929032986
0.375,1384.2278859915193,37.205213156109174,25.888799008045535,5.1478917421252115,0.7567353988425304,0.8355185238951017,292.25240478515633,268.24335746765144,-0.0821517528150185,0.7285151725735465,1384.2278859915193,25.888799008045535,0.33511086559563885
0.376,1384.2825019510976,37.20594713148824,25.890904690145124,5.147581994898263,0.7567258006183087,0.8354843143838803,292.25240478515633,268.2232872802735,-0.08222042697149874,0.7283464566929134,1384.2825019510976,25.890904690145124,0.33512701195460276
0.377,1384.3375519688436,37.206686925455266,25.893017655214987,5.147272247671314,0.7567161261125817,0.8354489207083894,292.25240478515633,268.2032170928956,-0.08228910112797877,0.7283464566929134,1384.3375519688436,25.893017655214987,0.3351432301346902
0.378,1384.3930360447573,37.20743253766319,25.895136397153752,5.146962500444365,0.7567063753253489,0.8354153363032446,292.25240478515633,268.1831469055177,-0.082357775284459,0.7283464566929134,1384.3930360447573,25.895136397153752,0.3351595100947267
0.379,1384.448954178839,37.20818396776224,25.89725820947708,5.146652753217418,0.7566965482566109,0.835379356387544,292.25240478515633,268.16307671813973,-0.08242644944093923,0.7283464566929134,1384.448954178839,25.89725820947708,0.33517583379168286
0.38,1384.5053063710882,37.20894121539994,25.899386072372415,5.146343005990469,0.7566866449063674,0.835338734510164,292.25240478515633,268.1430065307618,-0.08249512359741946,0.7281778189395693,1384.5053063710882,25.899386072372415,0.3351922210903051
0.381,1384.5620926215054,37.20970428022111,25.90151660438963,5.14603325876352,0.7566766652746183,0.835308054465332,292.25240478515633,268.12293634338386,-0.08256379775389969,0.7281778189395693,1384.5620926215054,25.90151660438963,0.33520864944816914
0.382,1384.6193129300902,37.21047316186789,25.903653218971876,5.145723511536571,0.7566666093613638,0.8352807751838556,292.25240478515633,268.102866156006,-0.08263247191037973,0.7281778189395693,1384.6193129300902,25.903653218971876,0.33522514161811523
0.383,1384.676967296843,37.21124785997969,25.90578983355412,5.145413764309622,0.7566564771666038,0.8352446903744801,292.25240478515633,268.08279596862803,-0.08270114606685997,0.7281778189395693,1384.676967296843,25.90578983355412,0.33524165705186015
0.384,1384.7350557217635,37.21202837419325,25.90792961424152,5.145104017082675,0.7566462686903382,0.8352091783548332,292.25240478515633,268.0627257812501,-0.08276982022334019,0.7281778189395693,1384.7350557217635,25.90792961424152,0.3352582168534487
0.385,1384.7935782048523,37.21281470414261,25.91007461827234,5.144794269855725,0.7566359839325673,0.8351738013418781,292.25240478515633,268.0426555938722,-0.08283849437982023,0.7280092592592593,1384.7935782048523,25.91007461827234,0.33527483473512387
0.386,1384.8525347461089,37.2136068494591,25.912219902665715,5.144484522628777,0.7566256228932907,0.8351402696947388,292.25240478515633,268.0225854064943,-0.08290716853630045,0.7277147487844409,1384.8525347461089,25.912219902665715,0.33529147774512486
0.387,1384.9119253455328,37.214404809771345,25.914366890401865,5.144174775401829,0.7566151855725088,0.8351038841767782,292.25240478515633,268.00251521911633,-0.08297584269278069,0.7278832792959704,1384.9119253455328,25.914366890401865,0.3353081553676605
0.388,1384.9717500031245,37.21520858470532,25.91651602670378,5.143865028174879,0.7566046719702214,0.8350688075110518,292.25240478515633,267.9824450317384,-0.08304451684926091,0.7278832792959704,1384.9717500031245,25.91651602670378,0.3353248705691253
0.389,1385.0320087188843,37.21601817388427,25.918668325692693,5.143555280947932,0.7565940820864285,0.8350370618267837,292.25240478515633,267.9623748443605,-0.08311319100574095,0.7278832792959704,1385.0320087188843,25.918668325692693,0.33534163010822154
0.39,1385.0927014928116,37.21683357692876,25.920820624681603,5.143245533720982,0.7565834159211302,0.8350045795179006,292.25240478515633,267.94230465698257,-0.08318186516222117,0.7278832792959704,1385.0927014928116,25.920820624681603,0.33535841290071966
0.391,1385.153828324907,37.21765479345665,25.922972923670507,5.142935786494033,0.7565726734743263,0.8349725744200311,292.25240478515633,267.92223446960463,-0.08325053931870141,0.7278832792959704,1385.153828324907,25.922972923670507,0.3353752189450911
0.392,1385.21538921517,37.21848182308314,25.925125222659418,5.1426260392670855,0.7565618547460169,0.8349371255975689,292.25240478515633,267.90216428222675,-0.08331921347518145,0.7278832792959704,1385.21538921517,25.925125222659418,0.33539204823979696
0.393,1385.2773841636013,37.21931466542071,25.927277521648325,5.142316292040137,0.7565509597362021,0.834900872115149,292.25240478515633,267.88209409484875,-0.08338788763166187,0.7278832792959704,1385.2773841636013,25.927277521648325,0.33540890078328717
0.394,1385.3398131702002,37.22015332007916,25.929429820637235,5.142006544813189,0.7565399884448818,0.8348677876262325,292.25240478515633,267.8619627410891,-0.08345677108113927,0.7278832792959704,1385.3398131702002,25.929429820637235,0.33542577657400124
0.395,1385.4026762349667,37.22099778666562,25.931590214281375,5.141696797586239,0.7565289408720559,0.8348313537869178,292.25240478515633,267.84346921539327,-0.08352005037463016,0.7278832792959704,1385.4026762349667,25.931590214281375,0.33544272956995486
0.396,1385.465973357901,37.22184806478449,25.933752582306926,5.141387050359291,0.7565178170177247,0.8348002881950949,292.25240478515633,267.8445145080568,-0.08351647369691448,0.7277147487844409,1385.465973357901,25.933752582306926,0.33545971897135524
0.397,1385.5297045390034,37.22270415403754,25.935925040218148,5.1410773031323425,0.7565066168818879,0.8347623671541853,292.25240478515633,267.8455598007204,-0.0835128970191986,0.7277147487844409,1385.5297045390034,25.935925040218148,0.3354767988751781
0.398,1385.5938697782733,37.223566054023806,25.93812851361507,5.140767555905394,0.7564953404645457,0.8347263899285807,292.25240478515633,267.84660509338397,-0.08350932034148292,0.7277147487844409,1385.5938697782733,25.93812851361507,0.3354941087714606
0.399,1385.6584690757115,37.22443376433967,25.940331987011994,5.140457808678445,0.7564839877656979,0.8346936541283227,292.25240478515633,267.8476503860475,-0.08350574366376726,0.7277147487844409,1385.6584690757115,25.940331987011994,0.3355114419070024
0.4,1385.723502431317,37.22530728457882,25.94253766227546,5.140148061451497,0.7564725587853448,0.8346573808716884,292.25240478515633,267.8486956787111,-0.08350216698605138,0.727020143551748,1385.723502431317,25.94253766227546,0.3355288129579881
0.401,1385.7889698450904,37.22618661433226,25.944750536859715,5.139838314224549,0.7564610535234861,0.8346213728505054,292.25240478515633,267.8497409713747,-0.0834985903083357,0.727020143551748,1385.7889698450904,25.944750536859715,0.3355462552361921
0.402,1385.8548713170317,37.22707175318832,25.946968825767147,5.1395285669976,0.756449471980122,0.8345826339400615,292.25240478515633,267.8507862640382,-0.08349501363062002,0.7267886084741838,1385.8548713170317,25.946968825767147,0.33556375684103795
0.403,1385.921206847141,37.22796270073265,25.94920618957474,5.139218819770651,0.7564378141552522,0.834543437934099,292.25240478515633,267.85183155670177,-0.08349143695290435,0.7267886084741838,1385.921206847141,25.94920618957474,0.33558140883331306
0.404,1385.9879764354175,37.228859456548186,25.95144896424341,5.1389090725437025,0.7564260800488772,0.8345093277757577,292.25240478515633,267.8528768493654,-0.08348786027518848,0.7267886084741838,1385.9879764354175,25.95144896424341,0.33559912012582616
0.405,1386.0551800818625,37.22976202021526,25.953700887057064,5.138599325316754,0.7564142696609966,0.8344723968909887,292.25240478515633,267.853922142029,-0.0834842835974726,0.7267886084741838,1386.0551800818625,25.953700887057064,0.3356169156299172
0.406,1386.1228177864753,37.23067039131145,25.955953589150727,5.138289578089805,0.7564023829916104,0.8344329801365383,292.25240478515633,267.8549674346925,-0.08348070691975693,0.7267886084741838,1386.1228177864753,25.955953589150727,0.33563473955640644
0.40700000000000003,1386.1908895492559,37.23158456941171,25.958206291244394,5.137979830862856,0.7563904200407189,0.8343941650000114,292.25240478515633,267.8560127273561,-0.08347713024204126,0.7267886084741838,1386.1908895492559,25.958206291244394,0.3356525867088542
0.40800000000000003,1386.259395370204,37.23250455408827,25.960463029509135,5.137670083635908,0.7563783808083219,0.8343557290867417,292.25240478515633,267.8570580200196,-0.08347355356432558,0.7267886084741838,1386.259395370204,25.960463029509135,0.33567048399097266
0.40900000000000003,1386.32833524932,37.233430344910744,25.962727509849753,5.13736033640896,0.7563662652944193,0.8343192713176163,292.25240478515633,267.8581033126832,-0.0834699768866097,0.7267886084741838,1386.32833524932,25.962727509849753,0.3356884561048835
0.41000000000000003,1386.3977091866036,37.23436194144602,25.96499222037306,5.137050589182011,0.7563540734990113,0.8342817765164208,292.25240478515633,267.8591486053468,-0.08346640020889402,0.7267886084741838,1386.3977091866036,25.96499222037306,0.3357064529740036
0.41100000000000003,1386.4675171820554,37.23529934325835,25.9672672089985,5.136740841955063,0.7563418054220978,0.8342482907213682,292.25240478515633,267.8601938980103,-0.08346282353117836,0.7266203703703704,1386.4675171820554,25.9672672089985,0.33572454157678494
0.41200000000000003,1386.5377592356751,37.23624254990929,25.969551204139012,5.136431094728114,0.7563294610636788,0.8342117089869906,292.25240478515633,267.86123919067387,-0.08345924685346268,0.7264522101365425,1386.5377592356751,25.969551204139012,0.33574271343497786
0.41300000000000003,1386.6084353474623,37.23719156095774,25.971838881137927,5.136121347501165,0.7563170404237544,0.8341747838236947,292.25240478515633,267.8622844833374,-0.083455670175747,0.7264522101365425,1386.6084353474623,25.971838881137927,0.3357609330522519
0.41400000000000003,1386.6795455174174,37.23814637595993,25.974129176585894,5.135811600274217,0.7563045435023243,0.8341400662456553,292.25240478515633,267.863329776001,-0.08345209349803112,0.7264522101365425,1386.6795455174174,25.974129176585894,0.33577919333806455
0.41500000000000004,1386.7510897455404,37.23910699446941,25.97643326720871,5.135501853047268,0.7562919702993889,0.8341040514390059,292.25240478515633,267.86437506866463,-0.08344851682031526,0.7264522101365425,1386.7510897455404,25.97643326720871,0.33579756879553424
0.41600000000000004,1386.823068031831,37.24007341603707,25.978739777150636,5.1351921058203205,0.7562793208149481,0.8340696279246125,292.25240478515633,267.8654203613282,-0.08344494014259958,0.7264522101365425,1386.823068031831,25.978739777150636,0.33581598359054526
0.417,1386.8954803762897,37.24104564021115,25.981048172629077,5.134882358593366,0.7562665950490017,0.8340280798511394,292.25240478515633,267.8664656539917,-0.0834413634648839,0.7264522101365425,1386.8954803762897,25.981048172629077,0.33583443416305536
0.418,1386.9683267789164,37.24202366653719,25.983363144860128,5.134572611366426,0.7562537930015498,0.833992486907779,292.25240478515633,267.86751094665533,-0.08343778678716803,0.7262841277186488,1386.9683267789164,25.983363144860128,0.33585295178325025
0.419,1387.0416072397104,37.24300749455809,25.985678360284695,5.134262864139469,0.7562409146725925,0.8339622941919342,292.25240478515633,267.8685562393188,-0.08343421010945255,0.7261161230626879,1387.0416072397104,25.985678360284695,0.33587149422931484
0.42,1387.1153217586727,37.2439971238141,25.98799509989477,5.133953116912529,0.7562279600621296,0.8339227892063449,292.25240478515633,267.8696015319825,-0.08343063343173648,0.7261161230626879,1387.1153217586727,25.98799509989477,0.33589007003860066
0.421,1387.189470335802,37.24499255384275,25.990319029178213,5.133643369685572,0.7562149291701613,0.8338837303149852,292.25240478515633,267.8686828414917,-0.08343377691482075,0.7259481961147086,1387.189470335802,25.990319029178213,0.33590871697583063
0.422,1387.2640529711,37.24599378417899,25.99264807055537,5.133333622458633,0.7562018219966875,0.8338452202634684,292.25240478515633,267.8541873687745,-0.083483376071166,0.7259481961147086,1387.2640529711,25.99264807055537,0.335927421189841
0.423,1387.3390696645658,37.247000814355054,25.994977111932528,5.133023875231675,0.7561886385417081,0.833810001805584,292.25240478515633,267.8396918960571,-0.08353297522751184,0.7261794634597595,1387.3390696645658,25.994977111932528,0.33594614860115507
0.424,1387.414520416199,37.248013643900514,25.99730615330969,5.132714128004735,0.7561753788052235,0.8337683222988307,292.25240478515633,267.8147202636719,-0.08361842065747689,0.7261794634597595,1387.414520416199,25.99730615330969,0.3359648992078918
0.425,1387.490405226,37.249032272342326,25.99963973672125,5.1324043807777775,0.7561620427872332,0.8337321349646708,292.25240478515633,267.7848944091797,-0.08372047577833776,0.7261794634597595,1387.490405226,25.99963973672125,0.3359837032857055
0.426,1387.5667240939688,37.25005669920475,26.00197416359741,5.132094633550838,0.7561486304877375,0.8336987389264833,292.25240478515633,267.7550685546875,-0.08382253089919844,0.7261794634597595,1387.5667240939688,26.00197416359741,0.33600253617774595
0.427,1387.6434770201058,37.25108692400942,26.004308590473563,5.131784886323881,0.7561351419067363,0.8336635896482361,292.25240478515633,267.7252427001953,-0.08392458602005932,0.7261794634597595,1387.6434770201058,26.004308590473563,0.33602139225950056
0.428,1387.7206640044105,37.2521229462753,26.006643017349717,5.131475139096941,0.7561215770442296,0.8336263157762067,292.25240478515633,267.69541684570316,-0.0840266411409198,0.7261794634597595,1387.7206640044105,26.006643017349717,0.3360402715290457
0.429,1387.7982850468827,37.25316476551868,26.008980898469055,5.131165391869983,0.7561079359002174,0.8335932376913253,292.25240478515633,267.66559099121093,-0.08412869626178068,0.7261794634597595,1387.7982850468827,26.008980898469055,0.33605919701069414
0.43,1387.876340147523,37.254212381253254,26.01132191037422,5.130855644643044,0.7560942184746997,0.833551835706134,292.25240478515633,267.63576513671876,-0.08423075138264136,0.7259481961147086,1387.876340147523,26.01132191037422,0.3360781665463096
0.431,1387.9548293063308,37.25526579299,26.0136655336308,5.130545897416087,0.7560804247676766,0.8335158630175573,292.25240478515633,267.60593928222653,-0.08433280650350224,0.7259481961147086,1387.9548293063308,26.0136655336308,0.3360971766713467
0.432,1388.033752523307,37.256325000237304,26.016012734402448,5.1302361501891465,0.756066554779148,0.8334711339455247,292.25240478515633,267.57153354492186,-0.08445053260854476,0.7259481961147086,1388.033752523307,26.016012734402448,0.33611623382435984
0.433,1388.1131097984503,37.25739000250085,26.018362564031126,5.129926402962189,0.7560526085091139,0.8334357139111064,292.25240478515633,267.53680794677734,-0.08456935318136449,0.7259481961147086,1388.1131097984503,26.018362564031126,0.3361353316795451
0.434,1388.1929011317623,37.258460799283725,26.0207123936598,5.129616655735249,0.7560385859575742,0.833394996836443,292.25240478515633,267.5020823486328,-0.08468817375418423,0.7259481961147086,1388.1929011317623,26.0207123936598,0.33615445271075417
0.435,1388.2731265232414,37.25953739008633,26.023064416164573,5.129306908508293,0.7560244871245292,0.8333577249317973,292.25240478515633,267.4673567504883,-0.08480699432700398,0.7257803468208093,1388.2731265232414,26.023064416164573,0.33617361153386777
0.436,1388.3537859728885,37.26061977440644,26.025430731237133,5.128997161281353,0.7560103120099787,0.8333202499248914,292.25240478515633,267.4326311523438,-0.08492581489982372,0.7257803468208093,1388.3537859728885,26.025430731237133,0.3361928888043419
0.437,1388.434879480703,37.26170795173918,26.027801785663094,5.1286874140543945,0.7559960606139227,0.8332835255150406,292.25240478515633,267.3979055541992,-0.08504463547264365,0.7257803468208093,1388.434879480703,26.027801785663094,0.3362122208377037
0.438,1388.516407046686,37.262801921577044,26.03017284008906,5.128377666827456,0.7559817329363612,0.8332463030760437,292.25240478515633,267.3631799560547,-0.0851634560454634,0.7257803468208093,1388.516407046686,26.03017284008906,0.3362315760390332
0.439,1388.5983686708364,37.26390168340986,26.03254439699384,5.128067919600497,0.7559673289772941,0.8332142695113358,292.25240478515633,267.3284543579102,-0.08528227661828314,0.7257803468208093,1388.5983686708364,26.03254439699384,0.33625095775585195
0.44,1388.6807643531552,37.26500723672485,26.03492251028032,5.127758172373557,0.7559528487367216,0.8331704214257204,292.25240478515633,267.29114807128906,-0.08540992753239124,0.7257803468208093,1388.6807643531552,26.03492251028032,0.336270406341886
0.441,1388.7635940936414,37.266118581006545,26.03730408119105,5.127448425146601,0.7559382922146437,0.8331316180332701,292.25240478515633,267.25168139648434,-0.08554497064635201,0.7256125751271383,1388.7635940936414,26.03730408119105,0.33628990113852086
0.442,1388.8468578922952,37.26723571573689,26.03968565210179,5.12713867791966,0.7559236594110603,0.8330905785686497,292.25240478515633,267.21221472167974,-0.08568001376031241,0.7257803468208093,1388.8468578922952,26.03968565210179,0.3363094190948983
0.443,1388.9305557491173,37.26835864039517,26.042067223012516,5.126828930692703,0.7559089503259713,0.8330488077190789,292.25240478515633,267.17274804687503,-0.0858150568742732,0.7257803468208093,1388.9305557491173,26.042067223012516,0.3363289602089355
0.444,1389.014687664107,37.26948735445803,26.04444879392325,5.1265191834657635,0.7558941649593769,0.8330105940197974,292.25240478515633,267.13328137207037,-0.08595009998823377,0.7257803468208093,1389.014687664107,26.04444879392325,0.3363485244785395
0.445,1389.0992536372644,37.27062185739949,26.046832099186155,5.126209436238806,0.7558793033112771,0.8329727314583661,292.25240478515633,267.0938146972656,-0.08608514310219476,0.7255491329479768,1389.0992536372644,26.046832099186155,0.33636812346292994
0.446,1389.1842536685897,37.271762148690925,26.049215886810284,5.125899689011867,0.7558643653816717,0.8329340428768109,292.25240478515633,267.05434802246094,-0.08622018621615535,0.7257803468208093,1389.1842536685897,26.049215886810284,0.33638774881412553
0.447,1389.269687758083,37.272908227801096,26.051599674434406,5.1255899417849085,0.7558493511705608,0.832895970006071,292.25240478515633,267.0148813476562,-0.08635522933011612,0.7257803468208093,1389.269687758083,26.051599674434406,0.3364073973145449
0.448,1389.3555559057438,37.27406009419612,26.053983462058532,5.12528019455797,0.7558342606779446,0.8328553579455346,292.25240478515633,266.97541467285157,-0.08649027244407671,0.7256125751271383,1389.3555559057438,26.053983462058532,0.3364270689620529
0.449,1389.4418581115724,37.27521774733948,26.05636977195638,5.124970447331011,0.7558190939038227,0.832820390529833,292.25240478515633,266.9359479980469,-0.08662531555803729,0.7256125751271383,1389.4418581115724,26.05636977195638,0.3364467805681719
0.45,1389.5285943755691,37.27638118669205,26.058761992323124,5.124660700104072,0.7558038508481955,0.8327872408161224,292.25240478515633,266.8964813232422,-0.08676035867199808,0.7256125751271383,1389.5285943755691,26.058761992323124,0.3364665547167122
0.451,1389.6157646977333,37.27755041171205,26.061155224158046,5.124350952877114,0.7557885315110626,0.8327483066127273,292.25240478515633,266.8570146484375,-0.08689540178595886,0.7256125751271383,1389.6157646977333,26.061155224158046,0.33648635874839583
0.452,1389.7033690780656,37.2787254218551,26.06354929569992,5.124041205650175,0.7557731358924245,0.8327112806712021,292.25240478515633,266.8175479736328,-0.08703044489991944,0.7258437355524734,1389.7033690780656,26.06354929569992,0.3365061915160719
0.453,1389.7914075165654,37.27990621657417,26.065945421569243,5.123731458423217,0.7557576639922807,0.8326690388942007,292.25240478515633,266.7780812988281,-0.08716548801388023,0.7258437355524734,1389.7914075165654,26.065945421569243,0.336526061114305
0.454,1389.8798800132336,37.28109279531964,26.0683420738531,5.123421711196277,0.7557421158106314,0.8326284511850571,292.25240478515633,266.73861462402346,-0.08730053112784082,0.7258437355524734,1389.8798800132336,26.0683420738531,0.3365459573557133
0.455,1389.9687865680692,37.28228515753922,26.07074009108367,5.12311196396932,0.7557264913474768,0.8325895915013406,292.25240478515633,266.69914794921874,-0.0874355742418016,0.7258437355524734,1389.9687865680692,26.07074009108367,0.3365658858278071
0.456,1390.0581271810725,37.28348330267804,26.07314531729673,5.1228022167423815,0.7557107906028167,0.8325513140026145,292.25240478515633,266.65968127441414,-0.08757061735576199,0.7256125751271383,1390.0581271810725,26.07314531729673,0.33658588548515395
0.457,1390.1479018522439,37.28468723017861,26.075561789934536,5.122492469515423,0.7556950135766509,0.8325050888958355,292.25240478515633,266.62021459960937,-0.08770566046972296,0.7256125751271383,1390.1479018522439,26.075561789934536,0.33660598323942104
0.458,1390.2381105815832,37.28589693948079,26.077979544520595,5.122182722288484,0.7556791602689797,0.8324675606290407,292.25240478515633,266.5807479248047,-0.08784070358368355,0.7254448809798937,1390.2381105815832,26.077979544520595,0.3366261126644102
0.459,1390.32875336909,37.28711243002185,26.080404474941883,5.1218729750615255,0.7556632306798031,0.8324241854583153,292.25240478515633,266.54128125,-0.08797574669764434,0.7254448809798937,1390.32875336909,26.080404474941883,0.33664631304696935
0.46,1390.419830214765,37.28833370123643,26.082836073272574,5.121563227834586,0.755647224809121,0.8323806629747124,292.25240478515633,266.50181457519534,-0.08811078981160492,0.7254448809798937,1390.419830214765,26.082836073272574,0.3366665809989651
0.461,1390.511341118607,37.28956075255657,26.085272640386226,5.1212534806076295,0.7556311426569335,0.8323418680741327,292.25240478515633,266.4623479003906,-0.0882458329255657,0.7254448809798937,1390.511341118607,26.085272640386226,0.33668690519161976
0.462,1390.6032860806176,37.29079358341168,26.087713855777533,5.120943733380689,0.7556149842232404,0.8323012233309355,292.25240478515633,266.42288122558597,-0.0883808760395263,0.7254448809798937,1390.6032860806176,26.087713855777533,0.3367072834861384
0.463,1390.6956651007958,37.292032193228565,26.090160454733677,5.120633986153732,0.7555987495080418,0.8322622745729157,292.25240478515633,266.38341455078125,-0.08851591915348707,0.7254448809798937,1390.6956651007958,26.090160454733677,0.33672772078170876
0.464,1390.788478179142,37.29327658143143,26.092612263176424,5.120324238926792,0.7555824385113378,0.8322288591017948,292.25240478515633,266.3439478759766,-0.08865096226744766,0.7252772643253235,1390.788478179142,26.092612263176424,0.3367482159156091
0.465,1390.8817253156556,37.29452674744185,26.095066709737647,5.120014491699835,0.7555660512331283,0.8321846630301583,292.25240478515633,266.31458335876465,-0.08875143883062096,0.7251097251097252,1390.8817253156556,26.095066709737647,0.33676875174459053
0.466,1390.9754065103373,37.29578269067881,26.097523448823523,5.119704744472895,0.7555495876734133,0.8321470934282292,292.25240478515633,266.2984715881348,-0.0888065684732382,0.7255083179297597,1390.9754065103373,26.097523448823523,0.3367893259625744
0.467,1391.0695217631867,37.297044410558684,26.09998182659118,5.119394997245938,0.7555330478321929,0.8321040793527251,292.25240478515633,266.2823598175049,-0.08886169811585563,0.7252772643253235,1391.0695217631867,26.09998182659118,0.3368099342086601
0.468,1391.1640710742042,37.298311906495236,26.102443239289986,5.119085250018997,0.7555164317094668,0.8320616991762986,292.25240478515633,266.2662480468751,-0.08891682775847287,0.7252772643253235,1391.1640710742042,26.102443239289986,0.33683058578800745
0.46900000000000003,1391.2590544433892,37.29958517789962,26.10491089253769,5.11877550279204,0.7554997393052354,0.8320214648735194,292.25240478515633,266.25169754028326,-0.08896661522421684,0.7252772643253235,1391.2590544433892,26.10491089253769,0.3368513020671528
0.47000000000000003,1391.3544718707421,37.30086422418041,26.107378545785394,5.118465755565102,0.7554829706194985,0.8319816271190198,292.25240478515633,266.23807373046884,-0.08901323181176701,0.7252772643253235,1391.3544718707421,26.107378545785394,0.3368720414437573
0.47100000000000003,1391.4503233562625,37.30214904474356,26.109846199033097,5.1181560083381425,0.7554661256522561,0.8319416432360877,292.25240478515633,266.21723521728524,-0.08908453494851597,0.7252772643253235,1391.4503233562625,26.109846199033097,0.33689280391544496
0.47200000000000003,1391.5466088999515,37.30343963899243,26.112316111412298,5.117846261111203,0.7554492044035082,0.8319015267956559,292.25240478515633,266.1825096191407,-0.08920335552133571,0.7255083179297597,1391.5466088999515,26.112316111412298,0.3369136045393718
0.47300000000000003,1391.6433285018074,37.304736006327765,26.114792884970136,5.117536513884246,0.7554322068732549,0.8318513464445064,292.25240478515633,266.14778402099614,-0.08932217609415564,0.7251097251097252,1391.6433285018074,26.114792884970136,0.33693447399073706
0.47400000000000003,1391.740482161832,37.30603814614776,26.117271271727272,5.117226766657307,0.755415133061496,0.8318111272584616,292.25240478515633,266.1130584228516,-0.08944099666697539,0.7251097251097252,1391.740482161832,26.117271271727272,0.33695537728370456
0.47500000000000003,1391.8380698800238,37.30734605784796,26.1197621350178,5.116917019430349,0.7553979829682317,0.8317725928154013,292.25240478515633,266.07833282470716,-0.08955981723979492,0.7249422632794458,1391.8380698800238,26.1197621350178,0.33697638683166764
0.47600000000000003,1391.9360916563837,37.30865974082135,26.12225727714574,5.116607272203408,0.7553807565934618,0.8317309841946894,292.25240478515633,266.04360722656264,-0.08967863781261466,0.7248787248787248,1391.9360916563837,26.12225727714574,0.3369974479857338
0.47700000000000004,1392.0345474909113,37.3099791944583,26.124752863047455,5.116297524976452,0.7553634539371865,0.8316900284041047,292.25240478515633,266.00888162841807,-0.0897974583854346,0.7248787248787248,1392.0345474909113,26.124752863047455,0.3370185351786389
0.47800000000000004,1392.1334373836069,37.31130441814661,26.127248448949178,5.1159877777495115,0.7553460749994058,0.8316512742564742,292.25240478515633,265.97415603027355,-0.08991627895825434,0.7248787248787248,1392.1334373836069,26.127248448949178,0.3370396454497047
0.47900000000000004,1392.2327613344703,37.31263541127148,26.129744971688428,5.115678030522554,0.7553286197801194,0.8316110814895827,292.25240478515633,265.939430432129,-0.09003509953107428,0.7251097251097252,1392.2327613344703,26.129744971688428,0.33706078504150233
0.48,1392.3325193435012,37.313972173215504,26.132246411912213,5.11536828329561,0.7553110882793277,0.8315718216641002,292.25240478515633,265.90470483398445,-0.09015392010389402,0.7251097251097252,1392.3325193435012,26.132246411912213,0.33708198048685806
0.481,1392.4327114107,37.31531470335873,26.13474796595473,5.115058536068662,0.7552934804970306,0.8315272424143634,292.25240478515633,265.86997923583993,-0.09027274067671376,0.7251097251097252,1392.4327114107,26.13474796595473,0.3371031997616909
0.482,1392.5333375360665,37.316663001078574,26.137259223831688,5.1147487888417125,0.7552757964332278,0.8314861709897946,292.25240478515633,265.8352536376954,-0.09039156124953349,0.7251097251097252,1392.5333375360665,26.137259223831688,0.33712450679128436
0.483,1392.6343977196013,37.318017065749906,26.139779774735672,5.114439041614764,0.7552580360879196,0.8314462745751383,292.25240478515633,265.8005280395509,-0.09051038182235323,0.7251097251097252,1392.6343977196013,26.139779774735672,0.3371458988346649
0.484,1392.7358919613034,37.319376896744984,26.142300325639656,5.1141292943878165,0.755240199461106,0.8314074790120723,292.25240478515633,265.7658024414064,-0.09062920239517297,0.7249422632794458,1392.7358919613034,26.142300325639656,0.3371673139412969
0.485,1392.8378202611739,37.320742493433514,26.144820876543637,5.113819547160868,0.7552222865527868,0.8313698276231898,292.25240478515633,265.7310768432618,-0.0907480229679929,0.724774878780882,1392.8378202611739,26.144820876543637,0.3371887521086595
0.486,1392.9401826192116,37.32211385518258,26.147343501182327,5.113509799933919,0.7552042973629622,0.8313302238267548,292.25240478515633,265.6963512451173,-0.09086684354081265,0.7245439852228123,1392.9401826192116,26.147343501182327,0.33721022715789445
0.487,1393.0429790354176,37.323490981356734,26.149866220395385,5.11320005270697,0.755186231891632,0.8312868911153831,292.25240478515633,265.6616256469728,-0.0909856641136322,0.724774878780882,1393.0429790354176,26.149866220395385,0.33723172589322686
0.488,1393.146209509791,37.32487387131792,26.152389710882485,5.11289030548002,0.7551680901387965,0.831242166680755,292.25240478515633,265.62690004882825,-0.09110448468645213,0.7247113163972286,1393.146209509791,26.152389710882485,0.33725325282303625
0.489,1393.2498740423325,37.326262524425516,26.154921338607387,5.112580558253073,0.7551498721044554,0.8312023880079943,292.25240478515633,265.59540928039564,-0.09121223664303826,0.7247113163972286,1393.2498740423325,26.154921338607387,0.3372748570468349
0.49,1393.3539726330418,37.32765694003632,26.157464102783532,5.112270811026124,0.7551315777886088,0.8311597660240434,292.25240478515633,265.57240396118175,-0.09129095393958474,0.7247113163972286,1393.3539726330418,26.157464102783532,0.33729655855503493
0.491,1393.458505281919,37.329057117504576,26.160008774262096,5.111961063799176,0.7551132071912567,0.8311151629047221,292.25240478515633,265.5493986419679,-0.09136967123613102,0.7245439852228123,1393.458505281919,26.160008774262096,0.3373182958228459
0.492,1393.563471988964,37.330463056181934,26.16255344574066,5.111651316572226,0.7550947603123993,0.8310754911130953,292.25240478515633,265.526393322754,-0.09144838853267749,0.7245439852228123,1393.563471988964,26.16255344574066,0.3373400561334515
0.493,1393.6688727541768,37.33187475541748,26.16510340282404,5.111341569345278,0.7550762371520363,0.8310327168576566,292.25240478515633,265.5033880035402,-0.09152710582922377,0.724376731301939,1393.6688727541768,26.16510340282404,0.33736187471849216
0.494,1393.7747075775571,37.33329221455774,26.167656659119608,5.1110318221183295,0.7550576377101679,0.8309943818430683,292.25240478515633,265.4803826843263,-0.09160582312577026,0.724376731301939,1393.7747075775571,26.167656659119608,0.3373837383339097
0.495,1393.8809764591056,37.33471543294666,26.17020991541519,5.110722074891381,0.7550389619867939,0.8309573946268828,292.25240478515633,265.45737736511245,-0.09168454042231654,0.724145891043398,1393.8809764591056,26.17020991541519,0.33740562498428106
0.496,1393.9876793988217,37.33614440992564,26.172763171710763,5.1104123276644335,0.7550202099819143,0.8309195582035502,292.25240478515633,265.43437204589856,-0.09176325771886301,0.724145891043398,1393.9876793988217,26.172763171710763,0.33742753466697184
0.497,1394.0948163967055,37.3375791448335,26.175316657323503,5.110102580437483,0.7550013816955294,0.8308757833527916,292.25240478515633,265.4113667266847,-0.09184197501540929,0.724145891043398,1394.0948163967055,26.175316657323503,0.33744946890798333
0.498,1394.2023874527574,37.33901963700651,26.177870850313255,5.109792833210536,0.754982477127639,0.8308363364451735,292.25240478515633,265.38836140747077,-0.09192069231195596,0.724145891043398,1394.2023874527574,26.177870850313255,0.33747143089144416
0.499,1394.3103925669768,37.34046588577835,26.18042778461316,5.109483085983587,0.7549634962782432,0.830796142273008,292.25240478515633,265.36535608825693,-0.09199940960850224,0.7239787675975075,1394.3103925669768,26.18042778461316,0.3374934341730421
0.5,1394.4188317393644,37.34191789048019,26.182986752923792,5.109173338756638,0.7549444391473418,0.830748869474151,292.25240478515633,265.3443321228028,-0.09207134730725125,0.7239787675975075,1394.4188317393644,26.182986752923792,0.3375154740351905
0.501,1394.52770496992,37.3433756504406,26.185546778809314,5.10886359152969,0.7549253057349349,0.8307080532473614,292.25240478515633,265.3584063278199,-0.09202318960251844,0.7239787675975075,1394.52770496992,26.185546778809314,0.3375375439662083
0.502,1394.637012258643,37.34483916498561,26.188111336409133,5.108553844302741,0.7549060960410225,0.8306701475038641,292.25240478515633,265.372480532837,-0.09197503189778564,0.7237479806138933,1394.637012258643,26.188111336409133,0.3375596671222772
0.503,1394.7467536055337,37.346308433438686,26.190691455940364,5.108244097075794,0.7548868100656048,0.8306299100492559,292.25240478515633,265.3865547378541,-0.09192687419305283,0.7237479806138933,1394.7467536055337,26.190691455940364,0.3375819170289573
0.504,1394.8569290105925,37.34778345512077,26.1932840043418,5.107934349848843,0.7548674478086814,0.8305927820446796,292.25240478515633,265.40062894287115,-0.09187871648832022,0.7239787675975075,1394.8569290105925,26.1932840043418,0.3376042727983084
0.505,1394.9675384738189,37.349264229350204,26.195882084821378,5.107624602621896,0.7548480092702526,0.8305497129025055,292.25240478515633,265.41470314788825,-0.09183055878358741,0.7239787675975075,1394.9675384738189,26.195882084821378,0.337626688453064
0.506,1395.0785819952132,37.35075075544283,26.198483755881618,5.1073148553949475,0.7548284944503184,0.8305068276705625,292.25240478515633,265.42877735290534,-0.09178240107885462,0.7237479806138933,1395.0785819952132,26.198483755881618,0.33764915104831755
0.507,1395.1900595747757,37.35224303271191,26.20108758110357,5.107005108167998,0.7548089033488786,0.8304569580255197,292.25240478515633,265.4428515579224,-0.091734243374122,0.7237479806138933,1395.1900595747757,26.20108758110357,0.3376716510060447
0.508,1395.3019712125054,37.35374106046817,26.203699643914945,5.106695360941049,0.7547892359659334,0.8304141462091114,292.25240478515633,265.4569257629395,-0.0916860856693892,0.7237479806138933,1395.3019712125054,26.203699643914945,0.33769422887607997
0.509,1395.4143169084032,37.35524483801978,26.20631773956734,5.106385613714101,0.7547694923014827,0.8303691930360082,292.25240478515633,265.4709999679566,-0.09163792796465639,0.7237479806138933,1395.4143169084032,26.20631773956734,0.3377168699586361
0.51,1395.5270966624687,37.356754364672376,26.208936319091777,5.106075866487153,0.7547496723555265,0.8303257772327857,292.25240478515633,265.4850741729736,-0.09158977025992378,0.7237479806138933,1395.5270966624687,26.208936319091777,0.3377395372610867
0.511,1395.6403104747023,37.358269639729066,26.21155585960954,5.1057661192602035,0.7547297761280648,0.8302839116677397,292.25240478515633,265.4991483779907,-0.09154161255519097,0.7239150507848569,1395.6403104747023,26.21155585960954,0.33776223396117105
0.512,1395.7539583451037,37.35979066249038,26.214175400127306,5.105456372033255,0.7547098036190977,0.8302401124053622,292.25240478515633,265.49850373535156,-0.09154381832879144,0.7239150507848569,1395.7539583451037,26.214175400127306,0.337784953650037
0.513,1395.8680402736725,37.361317432254346,26.21679758204622,5.105146624806307,0.7546897548286251,0.8301978858253962,292.25240478515633,265.4895920822144,-0.09157431133070086,0.7237479806138933,1395.8680402736725,26.21679758204622,0.3378077139326579
0.514,1395.9825562604096,37.36284994831644,26.219429525240255,5.104836877579359,0.7546696297566469,0.8301577338917554,292.25240478515633,265.4806804290772,-0.09160480433261048,0.7237479806138933,1395.9825562604096,26.219429525240255,0.33783056226783714
0.515,1396.0975063053143,37.36438820996959,26.222067032853197,5.104527130352409,0.7546494284031633,0.8301122391862349,292.25240478515633,265.47176877594,-0.0916352973345201,0.7235809875403784,1396.0975063053143,26.222067032853197,0.33785347067618393
0.516,1396.2128904083866,37.3659322165042,26.224712396261758,5.1042173831254605,0.7546291507681743,0.8300730197724208,292.25240478515633,265.4628571228028,-0.09166579033642971,0.7235809875403784,1396.2128904083866,26.224712396261758,0.33787645442935166
0.517,1396.328708569627,37.36748196720816,26.227365639191117,5.103907635898513,0.7546087968516797,0.8300340934184853,292.25240478515633,265.4539454696656,-0.09169628333833933,0.7235809875403784,1396.328708569627,26.227365639191117,0.3378995136826458
0.518,1396.4449607890351,37.3690374613668,26.230020542023855,5.103597888671564,0.7545883666536797,0.8299860122055813,292.25240478515633,265.4450338165284,-0.09172677634024895,0.7235809875403784,1396.4449607890351,26.230020542023855,0.3379226069727656
0.519,1396.5616470666107,37.370598698262924,26.23267551464855,5.103288141444615,0.7545678601741741,0.8299413223607718,292.25240478515633,265.4361221633912,-0.09175726934215857,0.7235809875403784,1396.5616470666107,26.23267551464855,0.3379457236970386
0.52,1396.6787674023547,37.37216567717684,26.235335553392048,5.102978394217667,0.7545472774131632,0.8298970564871625,292.25240478515633,265.427210510254,-0.09178776234406819,0.7235809875403784,1396.6787674023547,26.235335553392048,0.33796889715848105
0.521,1396.7963217962665,37.37373839738629,26.23800374415844,5.102668646990717,0.7545266183706466,0.829852163841223,292.25240478515633,265.4182988571168,-0.0918182553459778,0.7235809875403784,1396.7963217962665,26.23800374415844,0.33799214792507554
0.522,1396.9143102483458,37.375316858166514,26.240674026171998,5.102358899763769,0.7545058830466247,0.8298051966091845,292.25240478515633,265.40938720397963,-0.09184874834788723,0.7235809875403784,1396.9143102483458,26.240674026171998,0.3380154355923315
0.523,1397.032732758593,37.37690105879022,26.24334853476343,5.102049152536821,0.7544850714410971,0.8297577066151754,292.25240478515633,265.40047555084243,-0.09187924134979684,0.7233502538071066,1397.032732758593,26.24334853476343,0.3380387743916166
0.524,1397.1515893270082,37.37849099852759,26.24602304335486,5.101739405309872,0.7544641835540642,0.8297096085189067,292.25240478515633,265.3915638977052,-0.09190973435170646,0.7233502538071066,1397.1515893270082,26.24602304335486,0.3380621361453226
0.525,1397.270879953591,37.38008667664631,26.248697551946297,5.101429658082924,0.7544432193855258,0.8296669162511747,292.25240478515633,265.3972723388673,-0.09189020177962623,0.7231833910034602,1397.270879953591,26.248697551946297,0.3380855208505204
0.526,1397.390604638342,37.38168809241153,26.251373377978748,5.101119910855974,0.7544221789354819,0.8296191358673078,292.25240478515633,265.4091433349611,-0.09184958279446344,0.7233502538071066,1397.390604638342,26.251373377978748,0.338108937286433
0.527,1397.5107633812602,37.383295245085876,26.25404946863571,5.100810163629027,0.7544010622039325,0.8295755560886717,292.25240478515633,265.42101433105483,-0.09180896380930063,0.7233502538071066,1397.5107633812602,26.25404946863571,0.3381323784319561
0.528,1397.6313561823463,37.38490813392948,26.25673198554675,5.100500416402078,0.7543798691908777,0.8295369482100012,292.25240478515633,265.4328853271486,-0.09176834482413783,0.7231195200738348,1397.6313561823463,26.25673198554675,0.3381558853580217
0.529,1397.7523830416003,37.38652675819994,26.259415019039032,5.100190669175129,0.7543585998963174,0.8294897582821663,292.25240478515633,265.4447563232423,-0.09172772583897522,0.7231195200738348,1397.7523830416003,26.259415019039032,0.33817941866733214
0.53,1397.8738439590227,37.388151117152375,26.262098560060632,5.099880921948181,0.7543372543202516,0.8294442374184718,292.25240478515633,265.4566273193361,-0.09168710685381222,0.7232864066466651,1397.8738439590227,26.262098560060632,0.33820297829656726
0.531,1397.9957389346125,37.38978121003936,26.26478274343709,5.099571174721232,0.7543158324626802,0.8293994375607746,292.25240478515633,265.4684983154299,-0.09164648786864941,0.7232864066466651,1397.9957389346125,26.26478274343709,0.33822656514149485
0.532,1398.1180679683698,37.39141703611097,26.267470439625974,5.099261427494283,0.7542943343236034,0.8293520550100092,292.25240478515633,265.4803693115236,-0.0916058688834868,0.7232864066466651,1398.1180679683698,26.267470439625974,0.338250198333804
0.533,1398.2408310602955,37.39305859461479,26.27015906811978,5.0989516802673345,0.7542727599030211,0.8293082222619571,292.25240478515633,265.49224030761735,-0.091565249898324,0.7232864066466651,1398.2408310602955,26.27015906811978,0.33827386066862597
0.534,1398.3640282103884,37.39470588479589,26.272847696613596,5.098641933040387,0.7542511092009334,0.829265200477521,292.25240478515633,265.5041113037111,-0.0915246309131612,0.7232864066466651,1398.3640282103884,26.272847696613596,0.33829754592812594
0.535,1398.4876594186496,37.39635890589684,26.275543005243676,5.0983321858134385,0.7542293822173401,0.8292162982834042,292.25240478515633,265.5159822998049,-0.09148401192799839,0.7232864066466651,1398.4876594186496,26.275543005243676,0.33832129863957067
0.536,1398.6117246850786,37.398017657157695,26.27824355188787,5.098022438586489,0.7542075789522413,0.8291728020985024,292.25240478515633,265.5278532958986,-0.09144339294283578,0.7231195200738348,1398.6117246850786,26.27824355188787,0.3383451091866247
0.537,1398.736224009675,37.39968213781602,26.280966031025578,5.097712691359541,0.7541856994056373,0.829128457027659,292.25240478515633,265.53972429199234,-0.09140277395767298,0.7231195200738348,1398.736224009675,26.280966031025578,0.3383690888529077
0.538,1398.8611573924395,37.40135234710691,26.28369101440764,5.097402944132592,0.7541637435775276,0.8290798581920729,292.25240478515633,265.5373957153322,-0.0914107416480051,0.7231195200738348,1398.8611573924395,26.28369101440764,0.338393108125174
0.539,1398.986524833372,37.403028284262916,26.286428107984918,5.097093196905643,0.7541417114679124,0.829037874865056,292.25240478515633,265.5345872009279,-0.09142035154122864,0.7231195200738348,1398.986524833372,26.286428107984918,0.33841723103435306
0.54,1399.1123263324719,37.40470994851413,26.28917046881814,5.096783449678695,0.7541196030767918,0.8289908228548377,292.25240478515633,265.53177868652364,-0.09142996143445198,0.7231195200738348,1399.1123263324719,26.28917046881814,0.3384414119618121
0.541,1399.2385618897401,37.40639733908814,26.291913510192536,5.096473702451746,0.7540974184041656,0.8289476929044454,292.25240478515633,265.52897017211933,-0.09143957132767552,0.7231195200738348,1399.2385618897401,26.291913510192536,0.3384656203290721
0.542,1399.3652315051759,37.40809045521003,26.29465655156695,5.096163955224798,0.754075157450034,0.8289012053125372,292.25240478515633,265.526161657715,-0.09144918122089905,0.7231195200738348,1399.3652315051759,26.29465655156695,0.33848985159649475
0.543,1399.4923351787793,37.409789296102424,26.297399592941353,5.095854207997848,0.7540528202143969,0.8288526555410931,292.25240478515633,265.5233531433107,-0.0914587911141226,0.722888786340563,1399.4923351787793,26.297399592941353,0.33851410576097074
0.544,1399.6198729105508,37.41149386098544,26.300142924104946,5.095544460770901,0.7540304066972543,0.8288099906762062,292.25240478515633,265.5205446289064,-0.09146840100734613,0.722888786340563,1399.6198729105508,26.300142924104946,0.3385383847511374
0.545,1399.74784470049,37.4132041490767,26.302895128976132,5.095234713543952,0.7540079168986062,0.8287589016145889,292.25240478515633,265.51773611450216,-0.09147801090056948,0.722722029988466,1399.74784470049,26.302895128976132,0.3385627457849184
0.546,1399.876250548597,37.414920159591375,26.305647376519886,5.094924966317004,0.7539853508184527,0.8287108805674921,292.25240478515633,265.51492760009785,-0.09148762079379301,0.722722029988466,1399.876250548597,26.305647376519886,0.3385871299908237
0.547,1400.0050904548718,37.416641891742124,26.308399637140653,5.094615219090055,0.7539627084567937,0.8286616314914982,292.25240478515633,265.51211908569354,-0.09149723068701655,0.722722029988466,1400.0050904548718,26.308399637140653,0.3386115371684182
0.548,1400.1343644193146,37.41836934473915,26.31115726830743,5.094305471863106,0.7539399898136292,0.8286156394996192,292.25240478515633,265.50931057128923,-0.09150684058024008,0.722888786340563,1400.1343644193146,26.31115726830743,0.33863600302783825
0.549,1400.264072441925,37.420102517790156,26.313920981633014,5.093995724636158,0.7539171948889593,0.8285737358717202,292.25240478515633,265.5065020568849,-0.09151645047346363,0.722888786340563,1400.264072441925,26.313920981633014,0.3386605323095804
0.55,1400.3942145227031,37.42184141010037,26.3166846949586,5.09368597740921,0.7538943236827838,0.8285341321957372,292.25240478515633,265.5036935424806,-0.09152606036668716,0.722888786340563,1400.3942145227031,26.3166846949586,0.3386850844663325
0.551,1400.5247906616496,37.42358602087258,26.319457246162937,5.09337623018226,0.7538713761951028,0.8284881700358202,292.25240478515633,265.5008850280763,-0.0915356702599107,0.722888786340563,1400.5247906616496,26.319457246162937,0.3387097184088779
0.552,1400.6558008587633,37.425336349307045,26.322240587298396,5.0930664829553125,0.7538483524259164,0.8284412748341178,292.25240478515633,265.498076513672,-0.09154528015313423,0.722888786340563,1400.6558008587633,26.322240587298396,0.33873444714654727
0.553,1400.787245114045,37.4270923946016,26.325030665216616,5.092756735728364,0.7538252523752245,0.8283931235181108,292.25240478515633,265.4952679992677,-0.09155489004635778,0.722722029988466,1400.787245114045,26.325030665216616,0.33875924365753723
0.554,1400.9191234274947,37.42885415595159,26.32782453862967,5.092446988501415,0.7538020760430271,0.8283445666199193,292.25240478515633,265.4924594848634,-0.09156449993958131,0.722722029988466,1400.9191234274947,26.32782453862967,0.3387840883317804
0.555,1401.051435799112,37.430621632549894,26.330621813009092,5.092137241274466,0.7537788234293242,0.8282990623986853,292.25240478515633,265.48965097045914,-0.09157410983280466,0.722722029988466,1401.051435799112,26.330621813009092,0.33880897853609193
0.556,1401.1841822288973,37.432394823586925,26.333430211109633,5.091827494047517,0.7537554945341158,0.8282512504764522,292.25240478515633,265.48684245605483,-0.09158371972602819,0.7224913494809688,1401.1841822288973,26.333430211109633,0.338833965747704
0.557,1401.3173627168505,37.43417372825064,26.33623860921018,5.091517746820569,0.753732089357402,0.828208294900502,292.25240478515633,265.4840339416505,-0.09159332961925173,0.7224913494809688,1401.3173627168505,26.33623860921018,0.3388589758117981
0.558,1401.4509772629713,37.435958345726526,26.339047007310725,5.091207999593621,0.7537086078991827,0.8281590719425312,292.25240478515633,265.4812254272462,-0.09160293951247528,0.7224913494809688,1401.4509772629713,26.339047007310725,0.33888400872511626
0.559,1401.5850258672597,37.437748675197604,26.341855405411266,5.090898252366672,0.753685050159458,0.8281101681423868,292.25240478515633,265.4784169128419,-0.09161254940569881,0.7224913494809688,1401.5850258672597,26.341855405411266,0.3389090644843911
0.56,1401.7195085297162,37.439544715844455,26.34466968315503,5.090588505139723,0.7536614161382277,0.8280715433000503,292.25240478515633,265.4756083984376,-0.09162215929892235,0.7224913494809688,1401.7195085297162,26.34466968315503,0.3389341822804937
0.561,1401.8544252503407,37.44134646684519,26.347492527360643,5.090278757912776,0.7536377058354919,0.828027478541242,292.25240478515633,265.4727998840333,-0.09163176919214588,0.7224913494809688,1401.8544252503407,26.347492527360643,0.3389593800206744
0.562,1401.9897760291326,37.44315392737546,26.35032297431952,5.089969010685826,0.7536139192512507,0.8279777261964371,292.25240478515633,265.46999136962904,-0.09164137908536923,0.7224913494809688,1401.9897760291326,26.35032297431952,0.3389846512774812
0.5630000000000001,1402.1255608660927,37.444967096608494,26.353155546763702,5.089659263458877,0.7535900563855039,0.8279312209783765,292.25240478515633,265.4671828552247,-0.09165098897859296,0.7226580526072912,1402.1255608660927,26.353155546763702,0.33900995953572255
0.5640000000000001,1402.2617797612204,37.44678597371502,26.35599423899103,5.089349516231928,0.7535661172382517,0.8278831421945892,292.25240478515633,265.4643743408204,-0.09166059887181631,0.7224913494809688,1402.2617797612204,26.35599423899103,0.33903533141837505
0.5650000000000001,1402.3984327145158,37.44861055786337,26.358838053031967,5.08903976900498,0.7535421018094941,0.8278374215812171,292.25240478515633,265.4615658264161,-0.09167020876503984,0.7224913494809688,1402.3984327145158,26.358838053031967,0.3390607602695712
0.5660000000000001,1402.5355197259794,37.45044084821939,26.361686930835337,5.088730021778032,0.7535180100992308,0.827792477381793,292.25240478515633,265.4587573120118,-0.09167981865826338,0.7224913494809688,1402.5355197259794,26.361686930835337,0.33908624569900125
0.5670000000000001,1402.6730407956104,37.45227684394649,26.364537967464663,5.088420274551083,0.7534938421074622,0.8277492213983878,292.25240478515633,265.4559487976075,-0.09168942855148692,0.7223247232472325,1402.6730407956104,26.364537967464663,0.33911176833879186
0.5680000000000001,1402.8109959234093,37.45411854420565,26.36739304975446,5.088110527324134,0.7534695978341881,0.8277016226763132,292.25240478515633,265.4531402832032,-0.09169903844471046,0.7223247232472325,1402.8109959234093,26.36739304975446,0.3391373407633694
0.5690000000000001,1402.9493851093762,37.45596594815539,26.370250613681133,5.0878007800971865,0.7534452772794085,0.8276538007364833,292.25240478515633,265.4503317687989,-0.09170864833793399,0.7222606689734717,1402.9493851093762,26.370250613681133,0.339162952543468
0.5700000000000001,1403.0882083535107,37.457819054951806,26.3731081776078,5.087491032870237,0.7534208804431234,0.8276069513467168,292.25240478515633,265.4475232543946,-0.09171825823115753,0.7222606689734717,1403.0882083535107,26.3731081776078,0.3391885871329324
0.5710000000000001,1403.2274656558134,37.45967786374855,26.375965741534472,5.087181285643289,0.7533964073253328,0.8275598603702549,292.25240478515633,265.44471473999033,-0.09172786812438087,0.7220940959409594,1403.2274656558134,26.375965741534472,0.3392142445283774
0.5720000000000001,1403.3671570162837,37.46154237369684,26.37882330546114,5.086871538416339,0.7533718579260367,0.8275098303834357,292.25240478515633,265.441906225586,-0.09173747801760442,0.7222606689734717,1403.3671570162837,26.37882330546114,0.33923992472640824
0.5730000000000001,1403.5072824349218,37.46341258394544,26.381684406319085,5.086561791189391,0.7533472322452353,0.8274640579555995,292.25240478515633,265.4390977111817,-0.09174708791082795,0.7220940959409594,1403.5072824349218,26.381684406319085,0.33926565130107306
0.5740000000000001,1403.647841911728,37.46528849364072,26.384549261286452,5.0862520439624435,0.7533225302829282,0.8274146928039636,292.25240478515633,265.4362891967774,-0.09175669780405149,0.7220940959409594,1403.647841911728,26.384549261286452,0.33929142569668364
0.5750000000000001,1403.7888354467016,37.467170101926584,26.387429808818347,5.085942296735495,0.7532977520391156,0.8273683263667595,292.25240478515633,265.4334806823731,-0.09176630769727502,0.721927599723311,1403.7888354467016,26.387429808818347,0.33931732749246546
0.5760000000000001,1403.9302630398429,37.46905740794453,26.390315115394475,5.085632549508546,0.7532728975137977,0.8273204279398669,292.25240478515633,265.4306721679688,-0.09177591759049857,0.721927599723311,1403.9302630398429,26.390315115394475,0.3393432838013072
0.577,1404.0721246911523,37.47095041083362,26.39320076873035,5.085322802281597,0.7532479667069742,0.8272687613105887,292.25240478515633,265.4278636535645,-0.0917855274837221,0.721927599723311,1404.0721246911523,26.39320076873035,0.3393692652071414
0.578,1404.2144204006295,37.4728491097305,26.39609074078279,5.085013055054649,0.7532229596186453,0.8272208026175121,292.25240478515633,265.4250551391602,-0.09179513737694564,0.7217611802674043,1404.2144204006295,26.39609074078279,0.3393952981838812
0.579,1404.3571501682743,37.474753503769364,26.39898345747853,5.0847033078276995,0.7531978762488108,0.8271759256102659,292.25240478515633,265.42224662475587,-0.09180474727016918,0.7220940959409594,1404.3571501682743,26.39898345747853,0.33942137223517166
0.58,1404.5003139940875,37.47666359208204,26.401881375447243,5.084393560600751,0.7531727165974709,0.8271305879140146,292.25240478515633,265.41943811035156,-0.09181435716339272,0.721927599723311,1404.5003139940875,26.401881375447243,0.33944750373362065
0.581,1404.643911878068,37.47857937379788,26.40478808875222,5.084083813373803,0.7531474806646254,0.8270838909964894,292.25240478515633,265.4166295959473,-0.09182396705661607,0.721927599723311,1404.643911878068,26.40478808875222,0.3394737166340448
0.582,1404.7879438202165,37.48050084804386,26.407696188233515,5.083774066146855,0.7531221684502747,0.8270363704277308,292.25240478515633,265.413821081543,-0.0918335769498396,0.721927599723311,1404.7879438202165,26.407696188233515,0.339499961542929
0.583,1404.9324098205327,37.482428013944514,26.410604622871848,5.083464318919906,0.7530967799544183,0.8269857774078002,292.25240478515633,265.4110125671387,-0.09184318684306314,0.721927599723311,1404.9324098205327,26.410604622871848,0.3395262314505971
0.584,1405.0773098790166,37.484360870621984,26.413513057510183,5.0831545716929565,0.7530713151770565,0.8269333513683907,292.25240478515633,265.4082040527344,-0.09185279673628667,0.721927599723311,1405.0773098790166,26.413513057510183,0.33955252411935594
0.585,1405.2226439956687,37.486299417195994,26.41642149214853,5.082844824466009,0.7530457741181891,0.8268844766373453,292.25240478515633,265.4053955383301,-0.09186240662951022,0.721927599723311,1405.2226439956687,26.41642149214853,0.3395788395456845
0.586,1405.3684121704885,37.48824365278385,26.419330556457247,5.08253507723906,0.7530201567778163,0.8268380568599508,292.25240478515633,265.40258702392583,-0.09187201652273355,0.7219917012448133,1405.3684121704885,26.419330556457247,0.33960518192348305
0.587,1405.514614403476,37.49019357650045,26.42224283516134,5.082225330012111,0.752994463155938,0.8267941979135742,292.25240478515633,265.3997785095215,-0.0918816264159571,0.7217611802674043,1405.514614403476,26.42224283516134,0.33963156847918474
0.588,1405.6612506946312,37.49214918745832,26.4251588090165,5.081915582785163,0.7529686932525543,0.8267440219187746,292.25240478515633,265.3969699951172,-0.09189123630918063,0.7217611802674043,1405.6612506946312,26.4251588090165,0.3396580024139941
0.589,1405.8083210439543,37.494110484767525,26.428079908341356,5.081605835558214,0.752942847067665,0.8266952310825937,292.25240478515633,265.39324641723636,-0.09190397727493453,0.721594837520166,1405.8083210439543,26.428079908341356,0.3396844932589643
0.59,1405.9558254514457,37.4960774675358,26.43100820926235,5.081296088331265,0.7529169246012702,0.8266471736188222,292.25240478515633,265.3819752807617,-0.09194254372054832,0.721594837520166,1405.9558254514457,26.43100820926235,0.3397110548501434
0.591,1406.1037639171045,37.49805013486841,26.433954083682337,5.080986341104317,0.75289092585337,0.8265998354144929,292.25240478515633,265.3707041442871,-0.09198111016616192,0.721594837520166,1406.1037639171045,26.433954083682337,0.33973775632384584
0.592,1406.2521364409308,37.500028485868256,26.436904443611187,5.080676593877369,0.7528648508239644,0.8265536396578677,292.25240478515633,265.3594330078125,-0.09201967661177553,0.7218253053699009,1406.2521364409308,26.436904443611187,0.3397645104309462
0.593,1406.4009430229253,37.50201251963587,26.439863190799553,5.080366846650421,0.7528386995130532,0.8265064711102745,292.25240478515633,265.34816187133794,-0.09205824305738912,0.7216589861751153,1406.4009430229253,26.439863190799553,0.33979134317721343
0.594,1406.5501836630876,37.50400223526934,26.442824121596857,5.080057099423471,0.7528124719206365,0.8264567406074445,292.25240478515633,265.3368907348633,-0.09209680950300292,0.7216589861751153,1406.5501836630876,26.442824121596857,0.33981821320503375
0.595,1406.6998583614177,37.505997631864396,26.445785052394157,5.079747352196522,0.7527861680467144,0.8264110914622987,292.25240478515633,265.3256195983887,-0.09213537594861652,0.7214927436074637,1406.6998583614177,26.445785052394157,0.33984510595468714
0.596,1406.8499671179159,37.50799870851437,26.44874598319146,5.079437604969574,0.7527597878912867,0.8263658764464774,292.25240478515633,265.3143484619141,-0.09217394239423012,0.7214927436074637,1406.8499671179159,26.44874598319146,0.3398720214225474
0.597,1407.0005099325815,37.510005464310204,26.451706913988765,5.079127857742625,0.7527333314543536,0.8263192741842016,292.25240478515633,265.30307732543946,-0.09221250883984392,0.7213265776140028,1407.0005099325815,26.451706913988765,0.33989895960497846
0.598,1407.1514868054148,37.51201789834046,26.45466784478607,5.078818110515677,0.7527067987359151,0.8262679309084969,292.25240478515633,265.29180618896487,-0.0922510752854575,0.7213265776140028,1407.1514868054148,26.45466784478607,0.339925920498335
0.599,1407.3028977364163,37.51403600969131,26.457628775583373,5.078508363288728,0.752680189735971,0.8262127832546355,292.25240478515633,265.2805350524903,-0.09228964173107111,0.7213265776140028,1407.3028977364163,26.457628775583373,0.33995290409896195
0.6,1407.4547427255852,37.51605979744655,26.460589706380674,5.078198616061779,0.7526535044545215,0.8261611163242272,292.25240478515633,265.2692639160157,-0.09232820817668472,0.7213265776140028,1407.4547427255852,26.460589706380674,0.33997991040319486
0.601,1407.6070217729223,37.5180892606876,26.463550637177978,5.077888868834831,0.7526267428915665,0.8261166896671839,292.25240478515633,265.25799277954104,-0.0923667746222985,0.7210962690004606,1407.6070217729223,26.463550637177978,0.34000693940735977
0.602,1407.7597348784275,37.5201243984935,26.46651775419783,5.077579121607883,0.7525999050471058,0.8260643849631564,292.25240478515633,265.24672164306645,-0.09240534106791211,0.7209302325581395,1407.7597348784275,26.46651775419783,0.340034032345603
0.603,1407.9128820421,37.52216520994091,26.469487754106396,5.0772693743809345,0.7525729909211399,0.8260124665890584,292.25240478515633,265.23545050659186,-0.0924439075135257,0.7209302325581395,1407.9128820421,26.469487754106396,0.34006116719395696
0.604,1408.0664632639405,37.524211694104125,26.47245842935445,5.076959627153984,0.7525460005136684,0.8259595445481126,292.25240478515633,265.22417937011727,-0.0924824739591393,0.7209302325581395,1408.0664632639405,26.47245842935445,0.3400883292330283
0.605,1408.2204785439485,37.52626385005505,26.475454839784927,5.076649879927037,0.7525189338246915,0.8259086852086621,292.25240478515633,265.2129082336427,-0.09252104040475291,0.7205983889528194,1408.2204785439485,26.475454839784927,0.3401156855099233
0.606,1408.3749278821247,37.52832167686326,26.478452831086198,5.076340132700088,0.752491790854209,0.8258601523205825,292.25240478515633,265.20163709716803,-0.0925596068503667,0.7205983889528194,1408.3749278821247,26.478452831086198,0.3401430750064427
0.607,1408.5298112784687,37.530385173595924,26.481459544403503,5.07603038547314,0.7524645716022211,0.825812909735119,292.25240478515633,265.19036596069344,-0.0925981732959803,0.7204325816843075,1408.5298112784687,26.481459544403503,0.34017054532227264
0.608,1408.6851287329803,37.532454339317866,26.484470462929874,5.075720638246191,0.7524372760687277,0.8257705047254914,292.25240478515633,265.1790948242188,-0.0926367397415941,0.7202668507016333,1408.6851287329803,26.484470462929874,0.34019806634429406
0.609,1408.8408802456595,37.534529173091535,26.48748982902517,5.075410891019242,0.7524099042537289,0.8257210412448183,292.25240478515633,265.16782368774426,-0.0926753061872075,0.7201011959521619,1408.8408802456595,26.48748982902517,0.3402256663486506
0.61,1408.997065816507,37.53660967397705,26.490514817758307,5.075101143792295,0.7523824561572245,0.8256744836702592,292.25240478515633,265.1565525512696,-0.0927138726328213,0.7201011959521619,1408.997065816507,26.490514817758307,0.3402533265003775
0.611,1409.1536854455221,37.538695841032116,26.493542437482322,5.074791396565344,0.7523549317792146,0.825620637802111,292.25240478515633,265.145281414795,-0.09275243907843489,0.7197056794665441,1409.1536854455221,26.493542437482322,0.3402810268531599
0.612,1409.3107391327053,37.540787673312146,26.496571457815286,5.074481649338397,0.7523273311196993,0.8255676679216196,292.25240478515633,265.1340102783204,-0.09279100552404869,0.7197056794665441,1409.3107391327053,26.496571457815286,0.3403087592014003
0.613,1409.4682268780562,37.542885169870154,26.499600478148253,5.074171902111448,0.7522996541786785,0.825521741335213,292.25240478515633,265.1227391418458,-0.0928295719696623,0.7197056794665441,1409.4682268780562,26.499600478148253,0.3403365142047453
0.614,1409.6261486815745,37.544988329756805,26.502631163349523,5.0738621548845,0.7522719009561523,0.825477096218271,292.25240478515633,265.1114680053712,-0.09286813841527589,0.7197056794665441,1409.6261486815745,26.502631163349523,0.3403643029575366
0.615,1409.7845045432612,37.547097152020434,26.50566927027255,5.073552407657551,0.7522440714521204,0.8254244433274689,292.25240478515633,265.10019686889655,-0.09290670486088969,0.719374856354861,1409.7845045432612,26.50566927027255,0.3403921638315907
0.616,1409.9432944631153,37.54921163570702,26.508713081538446,5.073242660430602,0.7522161656665831,0.8253698143201325,292.25240478515633,265.088925732422,-0.0929452713065031,0.719374856354861,1409.9432944631153,26.508713081538446,0.34042008537491364
0.617,1410.1025184411371,37.55133177986018,26.511759631469424,5.072932913203655,0.7521881835995404,0.8253211672033427,292.25240478515633,265.07765459594737,-0.09298383775211688,0.719044337238686,1410.1025184411371,26.511759631469424,0.3404480478142466
0.618,1410.262176477327,37.553457583521215,26.514807613234414,5.072623165976706,0.7521601252509922,0.8252680394101914,292.25240478515633,265.0663834594728,-0.09302240419773049,0.719044337238686,1410.262176477327,26.514807613234414,0.34047604243431984
0.619,1410.4222685716848,37.555589045729064,26.517861209521723,5.072313418749756,0.7521319906209385,0.8252169481603614,292.25240478515633,265.0551123229981,-0.09306097064334427,0.719044337238686,1410.4222685716848,26.517861209521723,0.34050409711340773
0.62,1410.5827947242103,37.55772616552033,26.520920863972783,5.072003671522808,0.7521037797093794,0.8251657311184228,292.25240478515633,265.0438411865236,-0.09309953708895768,0.7188791915480018,1410.5827947242103,26.520920863972783,0.34053221480500456
0.621,1410.743754934904,37.55986894192928,26.5239820798503,5.07169392429586,0.7520754925163146,0.8251152166131646,292.25240478515633,265.03257005004895,-0.09313810353457148,0.7187141216991964,1410.743754934904,26.5239820798503,0.340560365529655
0.622,1410.905149203765,37.56201737398785,26.52704333158346,5.071384177068912,0.7520471290417445,0.8250632258272987,292.25240478515633,265.02129891357436,-0.09317666998018508,0.7187141216991964,1410.905149203765,26.52704333158346,0.3405885391139161
0.623,1411.0669775307936,37.564171460725625,26.530108031696827,5.071074429841961,0.7520186892856688,0.8250151081575693,292.25240478515633,265.0100277770997,-0.09321523642579888,0.7188791915480018,1411.0669775307936,26.530108031696827,0.34061675830205485
0.624,1411.2292399159903,37.56633120116989,26.533181022093324,5.070764682615014,0.7519901732480878,0.8249662536423957,292.25240478515633,264.9987566406252,-0.09325380287141229,0.7188791915480018,1411.2292399159903,26.533181022093324,0.3406450553666736
0.625,1411.3919363593552,37.568496594345575,26.53626450623246,5.0704549353880655,0.7519615809290012,0.8249165701158716,292.25240478515633,264.9874855041505,-0.09329236931702607,0.7187141216991964,1411.3919363593552,26.53626450623246,0.3406734449923013
0.626,1411.5550668608878,37.57066763927529,26.5393479903716,5.070145188161116,0.7519329123284091,0.8248681849622521,292.25240478515633,264.9762143676759,-0.09333093576263987,0.7187141216991964,1411.5550668608878,26.5393479903716,0.3407018572229421
0.627,1411.7186314205878,37.57284433497932,26.542433118947656,5.069835440934169,0.7519041674463115,0.8248153184095586,292.25240478515633,264.96494323120135,-0.09336950220825327,0.7187141216991964,1411.7186314205878,26.542433118947656,0.3407303030166192
0.628,1411.882630038456,37.57502668047564,26.545522945519085,5.069525693707219,0.7518753462827085,0.8247624333875482,292.25240478515633,264.9536720947267,-0.09340806865386707,0.7187141216991964,1411.882630038456,26.545522945519085,0.3407588027246577
0.629,1412.0470627144916,37.57721467477987,26.548612772090525,5.06921594648027,0.7518464488376,0.8247110937454808,292.25240478515633,264.9424009582521,-0.09344663509948067,0.7189437428243398,1412.0470627144916,26.548612772090525,0.340787325025926
0.63,1412.2119294486956,37.57940831690536,26.551703386525887,5.068906199253322,0.751817475110986,0.8246609820319342,292.25240478515633,264.93112982177746,-0.09348520154509446,0.7189437428243398,1412.2119294486956,26.551703386525887,0.3408158751684388
0.631,1412.3772302410669,37.5816076058631,26.554794719970925,5.068596452026374,0.7517884251028666,0.8246066311283449,292.25240478515633,264.9198586853029,-0.09352376799070787,0.7187786960514233,1412.3772302410669,26.554794719970925,0.34084445268925256
0.632,1412.5429650916062,37.58381254066179,26.55788640637188,5.068286704799425,0.7517592988132415,0.8245520786682969,292.25240478515633,264.9085875488283,-0.09356233443632166,0.7187786960514233,1412.5429650916062,26.55788640637188,0.34087305514426036
0.633,1412.7091340003135,37.586023120307814,26.560983742066195,5.067976957572476,0.7517300962421111,0.8244962991630433,292.25240478515633,264.8973164123537,-0.09360090088193526,0.7186137250401653,1412.7091340003135,26.560983742066195,0.3409017178352762
0.634,1412.8757369671882,37.58823934380524,26.564083540991433,5.067667210345528,0.7517008173894753,0.8244487887122585,292.25240478515633,264.88604527587904,-0.09363946732754906,0.7184488297384121,1412.8757369671882,26.564083540991433,0.3409304195197822
0.635,1413.042773992231,37.590461210155844,26.567184081719535,5.067357463118579,0.7516714622553338,0.8243942610051102,292.25240478515633,264.8747741394045,-0.09367803377316246,0.7184488297384121,1413.042773992231,26.567184081719535,0.34095914871861543
0.636,1413.2102450754417,37.59268871835908,26.570286374100014,5.067047715891631,0.7516420308396868,0.8243400789150925,292.25240478515633,264.86350300292986,-0.09371660021877626,0.7184488297384121,1413.2102450754417,26.570286374100014,0.3409879121595078
0.637,1413.37815021682,37.59492186741209,26.573395453218332,5.066737968664682,0.7516125231425346,0.8242875333270067,292.25240478515633,264.85223186645527,-0.09375516666438986,0.7184488297384121,1413.37815021682,26.573395453218332,0.3410167434027107
0.638,1413.5464894163665,37.59716065630976,26.57650733392883,5.066428221437733,0.7515829391638766,0.8242335461284334,292.25240478515633,264.8409607299807,-0.09379373311000345,0.7186782927948601,1413.5464894163665,26.57650733392883,0.3410456158789201
0.639,1413.7152626740806,37.59940508404462,26.57962587389347,5.066118474210785,0.7515532789037133,0.8241815912372836,292.25240478515633,264.82968959350603,-0.09383229955561725,0.7186782927948601,1413.7152626740806,26.57962587389347,0.3410745552995744
0.64,1413.884469989962,37.60165514960694,26.582744787472507,5.065808726983835,0.7515235423620445,0.8241311376406205,292.25240478515633,264.81841845703144,-0.09387086600123085,0.7186782927948601,1413.884469989962,26.582744787472507,0.34110351976008263
0.641,1414.054111364012,37.60391085198469,26.58586370105154,5.065498979756887,0.7514937295388702,0.8240824995376604,292.25240478515633,264.8071473205568,-0.09390943244684465,0.7186782927948601,1414.054111364012,26.58586370105154,0.34113250676585494
0.642,1414.2241867962296,37.60617219016354,26.588982614630577,5.0651892325299395,0.7514638404341905,0.8240266861050748,292.25240478515633,264.79587618408226,-0.09394799889245806,0.7186782927948601,1414.2241867962296,26.588982614630577,0.3411615163128346
0.643,1414.3946962866146,37.60843916312687,26.59210277506175,5.064879485302991,0.7514338750480052,0.8239774056914678,292.25240478515633,264.7846050476076,-0.09398656533807184,0.7186782927948601,1414.3946962866146,26.59210277506175,0.3411905567085663
0.644,1414.565639835168,37.610711769855776,26.59522844499897,5.064569738076042,0.7514038333803144,0.8239277137332992,292.25240478515633,264.773333911133,-0.09402513178368545,0.7186782927948601,1414.565639835168,26.59522844499897,0.34121965636415
0.645,1414.7370174418888,37.612990009329074,26.59835883660968,5.064259990849093,0.7513737154311182,0.8238771751777781,292.25240478515633,264.7620627746584,-0.09406369822929925,0.7184488297384121,1414.7370174418888,26.59835883660968,0.3412488100237498
0.646,1414.9088291067776,37.61527388052329,26.601491062767987,5.063950243622145,0.7513435212004165,0.823822298741821,292.25240478515633,264.75079163818384,-0.09410226467491264,0.7184488297384121,1414.9088291067776,26.601491062767987,0.3412779984374712
0.647,1415.0810748298343,37.61756338241267,26.60462427373552,5.0636404963951955,0.7513132506882092,0.8237715261680093,292.25240478515633,264.7395205017092,-0.09414083112052644,0.7184488297384121,1415.0810748298343,26.60462427373552,0.34130721593679103
0.648,1415.2537546110589,37.61985851396917,26.60776211152803,5.063330749168247,0.7512829038944966,0.8237176934893623,292.25240478515633,264.7282493652346,-0.09417939756614004,0.7184488297384121,1415.2537546110589,26.60776211152803,0.3413364867955514
0.649,1415.426868450451,37.62215927416249,26.610902463654487,5.0630210019413,0.7512524808192784,0.8236611232965909,292.25240478515633,264.71697822876,-0.09421796401175364,0.7184488297384121,1415.426868450451,26.610902463654487,0.3413657969276056
0.65,1415.6004163480106,37.624465661960045,26.614045927112166,5.062711254714351,0.7512219814625548,0.823609345730959,292.25240478515633,264.70570709228537,-0.09425653045736744,0.7184488297384121,1415.6004163480106,26.614045927112166,0.341395150308453
0.651,1415.7743983037387,37.62677767632699,26.617193174175554,5.062401507487401,0.7511914058243256,0.8235582880270296,292.25240478515633,264.6944359558108,-0.09429509690298103,0.7184488297384121,1415.7743983037387,26.617193174175554,0.3414245514153873
0.652,1415.9488143176343,37.62909531622617,26.62034254462634,5.062091760260453,0.7511607539045911,0.8235033341403933,292.25240478515633,264.6831648193362,-0.09433366334859464,0.7184488297384121,1415.9488143176343,26.62034254462634,0.34145398917711883
0.653,1416.123664389698,37.63141858061822,26.623493128680327,5.061782013033505,0.751130025703351,0.8234518440536945,292.25240478515633,264.6718936828616,-0.09437222979420824,0.7184488297384121,1416.123664389698,26.623493128680327,0.34148345752479986
0.654,1416.2989485199291,37.63374746846146,26.626643796185235,5.0614722658065565,0.7510992212206055,0.8234023014962393,292.25240478515633,264.66062254638695,-0.09441079623982203,0.7184488297384121,1416.2989485199291,26.626643796185235,0.34151294892058304
0.655,1416.4746667083284,37.63608197871198,26.62979767666484,5.061162518579608,0.7510683404563544,0.8233511670041174,292.25240478515633,264.64935140991236,-0.09444936268543563,0.7184488297384121,1416.4746667083284,26.62979767666484,0.34154248422193645
0.656,1416.6508189548952,37.63842211032358,26.632967089742735,5.060852771352659,0.7510373834105979,0.8232999981630809,292.25240478515633,264.63808027343777,-0.09448792913104923,0.7179899036255163,1416.6508189548952,26.632967089742735,0.3415721455482233
0.657,1416.82740525963,37.64076786224784,26.636150239177194,5.06054302412571,0.7510063500833359,0.8232521310938765,292.25240478515633,264.61923084564233,-0.09455242621468928,0.7179899036255163,1416.82740525963,26.636150239177194,0.3416019209213663
0.658,1417.0044256225324,37.64311923343405,26.639335294029546,5.060233276898761,0.7509752404745684,0.823201386384643,292.25240478515633,264.6297675354006,-0.09451637282527053,0.7179899036255163,1417.0044256225324,26.639335294029546,0.3416317314712264
0.659,1417.181880043603,37.64547622282926,26.64252034888189,5.0599235296718135,0.7509440545842954,0.8231462916694652,292.25240478515633,264.65046805725126,-0.09444554185344034,0.7181546935965114,1417.181880043603,26.64252034888189,0.34166156449193147
0.66,1417.3597685228413,37.64783882937826,26.645707374505218,5.059613782444865,0.750912792412517,0.8230919571674322,292.25240478515633,264.6711685791018,-0.09437471088161054,0.7181546935965114,1417.3597685228413,26.645707374505218,0.34169143311657024
0.661,1417.538091060247,37.650207052023596,26.64890003216447,5.059304035217917,0.750881453959233,0.8230355185886192,292.25240478515633,264.6918691009524,-0.09430387990978055,0.7183842093183384,1417.538091060247,26.64890003216447,0.34172136174718387
0.662,1417.716847655821,37.65258088970557,26.652096246608423,5.058994287990967,0.7508500392244436,0.822979135357531,292.25240478515633,264.7125696228029,-0.09423304893795074,0.7183842093183384,1417.716847655821,26.652096246608423,0.3417513365457514
0.663,1417.8960383095625,37.654960341362234,26.65530787941914,5.058684540764019,0.7508185482081488,0.8229244299434334,292.25240478515633,264.73327014465343,-0.09416221796612094,0.7182840100940583,1417.8960383095625,26.65530787941914,0.34178143657823357
0.664,1418.0756630214723,37.657345405929405,26.65852331681698,5.05837479353707,0.7507869809103482,0.822871729132784,292.25240478515633,264.7539706665041,-0.09409138699429076,0.7181192660550458,1418.0756630214723,26.65852331681698,0.3418115844220355
0.665,1418.2557217915496,37.65973608234064,26.66174528697517,5.058065046310121,0.7507553373310425,0.8228134745383089,292.25240478515633,264.77467118835466,-0.09402055602246076,0.7181192660550458,1418.2557217915496,26.66174528697517,0.3418417982591022
0.666,1418.4362146197946,37.66213236952728,26.664967257133366,5.057755299083173,0.7507236174702312,0.8227585830458433,292.25240478515633,264.7953717102052,-0.09394972505063096,0.7182840100940583,1418.4362146197946,26.664967257133366,0.34187203453728227
0.667,1418.6171415062076,37.66453426641842,26.668189227291556,5.057445551856224,0.7506918213279143,0.8227013266175712,292.25240478515633,264.8160722320558,-0.09387889407880097,0.7182840100940583,1418.6171415062076,26.668189227291556,0.34190229325229243
0.668,1418.7985024507882,37.66694177194093,26.67141243547021,5.057135804629276,0.7506599489040919,0.8226542043034965,292.25240478515633,264.8367727539063,-0.09380806310697117,0.7182840100940583,1418.7985024507882,26.67141243547021,0.3419325826525789
0.669,1418.9802974535369,37.66935488501942,26.674639677312946,5.056826057402327,0.7506280001987642,0.822599205648842,292.25240478515633,264.8574732757569,-0.09373723213514117,0.7180545996788255,1418.9802974535369,26.674639677312946,0.3419629213698136
0.67,1419.1625265144532,37.67177360457632,26.677871161765445,5.056516310175379,0.7505959752119309,0.8225391516811654,292.25240478515633,264.87817379760753,-0.09366640116331099,0.7180545996788255,1419.1625265144532,26.677871161765445,0.3419933107925343
0.671,1419.345189633537,37.674197929531786,26.68110264621794,5.0562065629484305,0.7505638739435923,0.8224853299837321,292.25240478515633,264.89887431945806,-0.09359557019148118,0.7180545996788255,1419.345189633537,26.68110264621794,0.3420237226348629
0.672,1419.5282868107895,37.67662785880378,26.684334130670436,5.055896815721482,0.750531696393748,0.8224319520116378,292.25240478515633,264.91957484130864,-0.09352473921965118,0.7180545996788255,1419.5282868107895,26.684334130670436,0.34205415689247154
0.673,1419.7118180462094,37.679063391308034,26.687565615122935,5.055587068494533,0.7504994425623982,0.822377520545691,292.25240478515633,264.9402753631592,-0.09345390824782139,0.7180545996788255,1419.7118180462094,26.687565615122935,0.34208461356102354
0.674,1419.8957833397967,37.68150452595805,26.690800385557708,5.055277321267584,0.750467112449543,0.8223320872305737,292.25240478515633,264.96097588500976,-0.09338307727599139,0.7182193666819642,1419.8957833397967,26.690800385557708,0.34211511454078103
0.675,1420.0801826915524,37.68395126166512,26.694048522439523,5.054967574040636,0.7504347060551824,0.8222724329830813,292.25240478515633,264.95019386291506,-0.09341997011902078,0.7180545996788255,1420.0801826915524,26.694048522439523,0.3421457270245341
0.676,1420.2650161014756,37.686403597338334,26.69730155278258,5.054657826813688,0.7504022233793162,0.8222196616878974,292.25240478515633,264.93736330566406,-0.09346387243441978,0.7180545996788255,1420.2650161014756,26.69730155278258,0.342176394526352
0.677,1420.4502835695666,37.68886153188455,26.700556321135032,5.054348079586739,0.7503696644219446,0.8221620607265633,292.25240478515633,264.9245327484131,-0.09350777474981858,0.7180545996788255,1420.4502835695666,26.700556321135032,0.3422070960073805
0.678,1420.6359850958256,37.691325064208414,26.70381401165285,5.054038332359791,0.7503370291830674,0.822105842293978,292.25240478515633,264.9117021911622,-0.09355167706521739,0.7180545996788255,1420.6359850958256,26.70381401165285,0.3422378393569124
0.679,1420.8221206802525,37.6937941932124,26.70707845841146,5.053728585132842,0.7503043176626848,0.822055098548361,292.25240478515633,264.8988716339112,-0.09359557938061638,0.7180545996788255,1420.8221206802525,26.70707845841146,0.34226865012879626
0.68,1421.008690322847,37.69626891779672,26.710351065559507,5.053418837905893,0.7502715298607967,0.8220005656818491,292.25240478515633,264.88604107666026,-0.09363948169601519,0.7182193666819642,1421.008690322847,26.710351065559507,0.3422995376787949
0.681,1421.1956940236096,37.698749236859435,26.713627401925024,5.053109090678944,0.7502386657774032,0.8219483926118556,292.25240478515633,264.87321051940927,-0.09368338401141418,0.7182193666819642,1421.1956940236096,26.713627401925024,0.34233047246397175
0.682,1421.3831317825395,37.701235149296366,26.71690373829054,5.052799343451996,0.7502057254125041,0.8218872246833889,292.25240478515633,264.86037996215833,-0.09372728632681299,0.7180545996788255,1421.3831317825395,26.71690373829054,0.3423614296206634
0.683,1421.5710035996374,37.70372665400116,26.720181488816714,5.052489596225048,0.7501727087660996,0.8218348953250498,292.25240478515633,264.8475494049074,-0.09377118864221179,0.7182193666819642,1421.5710035996374,26.720181488816714,0.3423924185713471
0.684,1421.7593094749031,37.70622374986526,26.72346895771265,5.052179848998098,0.7501396158381897,0.8217813205762176,292.25240478515633,264.8347188476564,-0.09381509095761079,0.7182193666819642,1421.7593094749031,26.72346895771265,0.3424234946680784
0.685,1421.948049408337,37.708726435777926,26.72676682301198,5.05187010177115,0.750106446628774,0.8217240034200285,292.25240478515633,264.8218882904054,-0.09385899327300978,0.7182193666819642,1421.948049408337,26.72676682301198,0.3424546624262385
0.686,1422.1372233999384,37.7112347106262,26.730069905539136,5.051560354544201,0.750073201137853,0.8216709416948359,292.25240478515633,264.8090577331545,-0.09390289558840857,0.7182193666819642,1422.1372233999384,26.730069905539136,0.34248588731659774
0.687,1422.3268314497077,37.713748573294964,26.733375988040983,5.051250607317254,0.7500398793654266,0.8216146036934988,292.25240478515633,264.79622717590354,-0.09394679790380737,0.7180545996788255,1422.3268314497077,26.733375988040983,0.3425171545543182
0.6880000000000001,1422.5168735576449,37.71626802266689,26.736686182551423,5.0509408600903045,0.7500064813114947,0.8215587681981094,292.25240478515633,264.7623602539064,-0.09406268034461061,0.7178899082568807,1422.5168735576449,26.736686182551423,0.3425484715478334
0.6890000000000001,1422.70734972375,37.718793057622484,26.74000717857344,5.050631112863355,0.7499730069760573,0.8215008842145689,292.25240478515633,264.72457046203635,-0.09419198566854062,0.7178899082568807,1422.70734972375,26.74000717857344,0.3425798828854013
0.6900000000000001,1422.8982599480225,37.721323677040054,26.743328760354025,5.050321365636408,0.7499394563591144,0.8214429330790011,292.25240478515633,264.68678067016623,-0.09432129099247082,0.7181192660550458,1422.8982599480225,26.743328760354025,0.34261132046354925
0.6910000000000001,1423.089604230463,37.72385987979575,26.746658767721968,5.050011618409458,0.749905829460666,0.8213852495477753,292.25240478515633,264.6489908782961,-0.09445059631640101,0.7181192660550458,1423.089604230463,26.746658767721968,0.3426428365386771
0.6920000000000001,1423.2813825710712,37.726401664763515,26.749990874731004,5.04970187118251,0.7498721262807122,0.8213273382617661,292.25240478515633,264.611201086426,-0.09457990164033123,0.7181192660550458,1423.2813825710712,26.749990874731004,0.3426743889370421
0.6930000000000001,1423.4735949698475,37.72894903081515,26.753325074712265,5.0493921239555615,0.7498383468192528,0.8212690895694423,292.25240478515633,264.57341129455585,-0.09470920696426142,0.7181192660550458,1423.4735949698475,26.753325074712265,0.34270597760967675
0.6940000000000001,1423.6662414267914,37.73150197682026,26.756665506651363,5.049082376728612,0.749804491076288,0.8212112727379289,292.25240478515633,264.53562150268573,-0.09483851228819162,0.7181192660550458,1423.6662414267914,26.756665506651363,0.3427376301428527
0.6950000000000001,1423.8593219419033,37.7340605016463,26.76000798419078,5.048772629501665,0.7497705590518176,0.8211493385937894,292.25240478515633,264.4978317108156,-0.09496781761212182,0.7181192660550458,1423.8593219419033,26.76000798419078,0.34276931862546256
0.6960000000000001,1424.052836515183,37.73662460415853,26.763350461730194,5.048462882274715,0.7497365507458418,0.8210893317429463,292.25240478515633,264.46004191894554,-0.09509712293605184,0.7181192660550458,1424.052836515183,26.763350461730194,0.34280102941684065
0.6970000000000001,1424.2467851466306,37.73919428322007,26.766692939269603,5.048153135047767,0.7497024661583604,0.8210319256128306,292.25240478515633,264.4333664535524,-0.09518839837110846,0.7185134205092911,1424.2467851466306,26.766692939269603,0.34283276251243966
0.6980000000000001,1424.4411678362455,37.741769537691866,26.770036594734595,5.0478433878208175,0.7496683052893738,0.8209714334003838,292.25240478515633,264.4209691253664,-0.09523081830669505,0.7185134205092911,1424.4411678362455,26.770036594734595,0.3428645257598454
0.6990000000000001,1424.6359845840288,37.744350366432705,26.773385139848404,5.04753364059387,0.7496340681388816,0.8209178354828154,292.25240478515633,264.40857179718034,-0.09527323824228183,0.7185134205092911,1424.6359845840288,26.773385139848404,0.34289634389712265
0.7000000000000001,1424.8312353899798,37.74693676829922,26.77673460996297,5.047223893366922,0.7495997547068838,0.8208657435975149,292.25240478515633,264.3961744689943,-0.09531565817786862,0.718348623853211,1424.8312353899798,26.77673460996297,0.3429281904910531
0.7010000000000001,1425.0269202540985,37.74952874214589,26.780087793636834,5.046914146139973,0.7495653649933807,0.8208108753522981,292.25240478515633,264.38377714080826,-0.0953580781134552,0.718348623853211,1425.0269202540985,26.780087793636834,0.3429600841257981
0.7020000000000001,1425.2230391763846,37.75212628682502,26.783442683711616,5.046604398913024,0.749530898998372,0.8207494194028642,292.25240478515633,264.37137981262225,-0.09540049804904178,0.718348623853211,1425.2230391763846,26.783442683711616,0.342992011416897
0.7030000000000001,1425.4195921568391,37.7547294011868,26.786799209313607,5.046294651686075,0.7494963567218578,0.8206954028340618,292.25240478515633,264.35898248443624,-0.09544291798462838,0.718348623853211,1425.4195921568391,26.786799209313607,0.34302397188730155
0.704,1425.6165791954613,37.75733808407925,26.790158494255127,5.045984904459127,0.7494617381638382,0.8206427738529949,292.25240478515633,264.34658515625017,-0.09548533792021516,0.718183902774593,1425.6165791954613,26.790158494255127,0.3430559730238225
0.705,1425.8140002922512,37.75995233434824,26.793517779196645,5.045675157232178,0.7494270433243131,0.8205857805121125,292.25240478515633,264.33418782806416,-0.09552775785580175,0.718183902774593,1425.8140002922512,26.793517779196645,0.3430879964278766
0.706,1426.011855447209,37.762572150837514,26.796877064138158,5.045365410005229,0.7493922722032824,0.8205283527809258,292.25240478515633,264.3217904998781,-0.09557017779138853,0.718348623853211,1426.011855447209,26.796877064138158,0.34312004209483915
0.707,1426.2101446603347,37.76519753238866,26.80023688290337,5.045055662778282,0.7493574248007463,0.8204704857610514,292.25240478515633,264.309393171692,-0.0956125977269753,0.7182485098578634,1426.2101446603347,26.80023688290337,0.34315211357858655
0.708,1426.4088679316283,37.76782847784114,26.803597331818228,5.044745915551333,0.7493225011167046,0.8204136274067853,292.25240478515633,264.296995843506,-0.0956550176625619,0.7180192572214581,1426.4088679316283,26.803597331818228,0.343184211516593
0.709,1426.6080252610893,37.770464986032266,26.80696632211184,5.044436168324384,0.7492875011511577,0.8203543819936832,292.25240478515633,264.28459851531994,-0.09569743759814868,0.7178546871418748,1426.6080252610893,26.80696632211184,0.34321638864106285
0.71,1426.8076166487185,37.77310705579723,26.810343526020365,5.0441264210974355,0.749252424904105,0.8202978529352924,292.25240478515633,264.2722011871339,-0.09573985753373547,0.7175257731958763,1426.8076166487185,26.810343526020365,0.3432486427624387
0.711,1427.0076420945154,37.77575468596908,26.81372999119796,5.043816673870486,0.7492172723755471,0.8202403710006761,292.25240478515633,264.25980385894786,-0.09578227746932205,0.717361429225836,1427.0076420945154,26.81372999119796,0.34328098085979536
0.712,1427.2081015984802,37.77840787537876,26.817118203479517,5.043506926643538,0.7491820435654837,0.8201804652492678,292.25240478515633,264.2474065307618,-0.09582469740490883,0.717361429225836,1427.2081015984802,26.817118203479517,0.3433133528384612
0.713,1427.4089951606127,37.78106662285506,26.820506688616337,5.043197179416589,0.7491467384739146,0.8201249013331385,292.25240478515633,264.2350092025758,-0.09586711734049543,0.7171971605220976,1427.4089951606127,26.820506688616337,0.34334574886629776
0.714,1427.6103227809133,37.78373092722466,26.82390018776477,5.042887432189642,0.7491113571008401,0.8200687349157707,292.25240478515633,264.2226118743897,-0.0959095372760822,0.7168040293040293,1427.6103227809133,26.82390018776477,0.34337820054352086
0.715,1427.8120844593814,37.78640078731211,26.827295056552703,5.042577684962692,0.7490758994462602,0.820005332902593,292.25240478515633,264.2102145462037,-0.0959519572116688,0.7168040293040293,1427.8120844593814,26.827295056552703,0.3434106835717676
0.716,1428.0142801960171,37.78907620193986,26.83069149562202,5.042267937735744,0.7490403655101747,0.8199485652085826,292.25240478515633,264.19781721801763,-0.09599437714725557,0.7165750915750916,1428.0142801960171,26.83069149562202,0.34344319928382233
0.717,1428.2169099908208,37.79175716992822,26.834087934691336,5.041958190508795,0.7490047552925838,0.8198915932880926,292.25240478515633,264.1854198898316,-0.09603679708284216,0.7162471395881007,1428.2169099908208,26.834087934691336,0.3434757372073514
0.718,1428.4199738437928,37.79444369009541,26.837488066214163,5.041648443281847,0.7489690687934873,0.8198341898681484,292.25240478515633,264.17302256164555,-0.09607921701842895,0.7160183066361556,1428.4199738437928,26.837488066214163,0.3435083219518041
0.719,1428.623471754932,37.79713576125752,26.840892531214827,5.041338696054899,0.7489333060128855,0.8197775379888002,292.25240478515633,264.16062523345954,-0.09612163695401553,0.7160183066361556,1428.623471754932,26.840892531214827,0.343540957785562
0.72,1428.8274037242393,37.79983338222854,26.844296996215487,5.0410289488279485,0.7488974669507782,0.8197212020552235,292.25240478515633,264.1482279052735,-0.09616405688960232,0.7160183066361556,1428.8274037242393,26.844296996215487,0.34357361581658885
0.721,1429.0317697517144,37.80253655182036,26.84770192938209,5.040719201601001,0.7488615516071654,0.8196642545664279,292.25240478515633,264.13583057708746,-0.0962064768251889,0.7160183066361556,1429.0317697517144,26.84770192938209,0.34360629916096236
0.722,1429.2365698373574,37.805245268842754,26.851109696675913,5.0404094543740525,0.748825559982047,0.8195993169901505,292.25240478515633,264.1234332489014,-0.09624889676077568,0.7160183066361556,1429.2365698373574,26.851109696675913,0.3436390235855997
0.723,1429.441803981168,37.807959532103396,26.85452232493587,5.040099707147103,0.7487894920754232,0.8195412180398212,292.25240478515633,264.1110359207153,-0.09629131669636247,0.7160183066361556,1429.441803981168,26.85452232493587,0.34367180259679453
0.724,1429.6474721831462,37.810679340407866,26.857949929528417,5.039789959920155,0.7487533478872941,0.8194820103282161,292.25240478515633,264.0986385925293,-0.09633373663194905,0.7158544955387783,1429.6474721831462,26.857949929528417,0.3437047036195714
0.725,1429.853574443293,37.81340469255966,26.861379463492828,5.039480212693206,0.7487171274176592,0.8194226528746165,292.25240478515633,264.0862412643433,-0.09637615656753565,0.7156257149393731,1429.853574443293,26.861379463492828,0.3437376396771124
0.726,1430.060110761607,37.81613558736015,26.864822591116674,5.039170465466257,0.7486808306665189,0.819362616352414,292.25240478515633,264.07384393615723,-0.09641857650312242,0.7156257149393731,1430.060110761607,26.864822591116674,0.3437706885196514
0.727,1430.267081138089,37.81887202360865,26.86826578388592,5.0388607182393095,0.7486444576338732,0.8193078804840188,292.25240478515633,264.06144660797116,-0.0964609964387092,0.7156257149393731,1430.267081138089,26.86826578388592,0.34380375996028284
0.728,1430.4744855727388,37.82161400010236,26.871712314468496,5.038550971012361,0.748608008319722,0.8192492971959284,292.25240478515633,264.04231094970703,-0.09652647291709165,0.715396934339968,1430.4744855727388,26.871712314468496,0.3438368758100493
0.729,1430.6823240655563,37.824361515636404,26.875161762631492,5.038241223785413,0.7485714827240653,0.8191916585130222,292.25240478515633,264.0156557418823,-0.09661767903683022,0.7152333028362305,1430.6823240655563,26.875161762631492,0.343870033262827
0.73,1430.8905966165419,37.82711456900383,26.878611210794496,5.037931476558463,0.7485348808469032,0.8191295387321721,292.25240478515633,264.02428636169435,-0.09658814764659791,0.7152333028362305,1430.8905966165419,26.878611210794496,0.34390321286497577
0.731,1431.099303225695,37.82987315899559,26.8820620108061,5.037621729331515,0.7484982026882355,0.819073697013426,292.25240478515633,264.0411127578736,-0.09653057276986902,0.7154620311070449,1431.099303225695,26.8820620108061,0.3439364236231854
0.732,1431.308443893016,37.83263728440057,26.885544476490765,5.037311982104566,0.7484614482480624,0.8190182078980304,292.25240478515633,264.05185241088867,-0.09649382490111158,0.7152984221358335,1431.308443893016,26.885544476490765,0.34396986760687054
0.733,1431.5180186185048,37.83540694400557,26.889026942175427,5.037002234877618,0.7484246175263838,0.8189592449851758,292.25240478515633,264.0580900558472,-0.09647248155249795,0.7151348879743942,1431.5180186185048,26.889026942175427,0.34400333372539466
0.734,1431.7280274021614,37.83818213659532,26.89251082093442,5.0366924876506705,0.7483877105231997,0.8188968035772316,292.25240478515633,264.0643277008057,-0.0964511382038843,0.7151348879743942,1431.7280274021614,26.89251082093442,0.34403683139355784
0.735,1431.9384702439859,37.840962860952494,26.895999462156375,5.036382740423721,0.7483507272385101,0.8188372055808544,292.25240478515633,264.0705653457642,-0.09642979485527067,0.7151348879743942,1431.9384702439859,26.895999462156375,0.3440703829337705
0.736,1432.1493471439783,37.84374911585767,26.899488103378328,5.036072993196772,0.748313667672315,0.8187850222724351,292.25240478515633,264.0768029907227,-0.09640845150665703,0.7151348879743942,1432.1493471439783,26.899488103378328,0.3441039565942154
0.737,1432.3606581021386,37.84654090008939,26.90298060088893,5.035763245969824,0.7482765318246145,0.8187216489268493,292.25240478515633,264.07801663360596,-0.09640429878502532,0.7149062642889803,1432.3606581021386,26.90298060088893,0.3441375780763203
0.738,1432.5724031184668,37.849338212424094,26.90647776428665,5.035453498742875,0.7482393196954085,0.8186642538983989,292.25240478515633,264.06667967834477,-0.09644309044276897,0.7151348879743942,1432.5724031184668,26.90647776428665,0.3441712527720363
0.739,1432.7845821929623,37.852141051636195,26.90997661193083,5.0351437515159265,0.7482020312846969,0.8186026090801242,292.25240478515633,264.05534272308347,-0.09648188210051302,0.7151348879743942,1432.7845821929623,26.90997661193083,0.3442049608006183
0.74,1432.9971953256259,37.854949416498044,26.91347778480815,5.034834004288978,0.7481646665924799,0.8185450080987147,292.25240478515633,264.0440057678223,-0.09652067375825667,0.7151348879743942,1432.9971953256259,26.91347778480815,0.3442387064300221
0.741,1433.2102425164574,37.85776330577993,26.91697895768548,5.034524257062029,0.7481272256187574,0.8184815961883922,292.25240478515633,264.03266881256104,-0.09655946541600052,0.7152984221358335,1433.2102425164574,26.91697895768548,0.3442724741551483
0.742,1433.4237237654563,37.86058271825008,26.920483136882012,5.03421450983508,0.7480897083635295,0.8184233126251951,292.25240478515633,264.0094434417725,-0.0966389356629798,0.7151348879743942,1433.4237237654563,26.920483136882012,0.34430628401142255
0.743,1433.6376390726236,37.86340765267468,26.923988049132593,5.033904762608133,0.748052114826796,0.8183643882971525,292.25240478515633,263.98526243743896,-0.09672167580108505,0.7151348879743942,1433.6376390726236,26.923988049132593,0.34434012084015186
0.744,1433.8519884379587,37.86623810781788,26.927492961383177,5.0335950153811835,0.7480144450085571,0.8183044092707368,292.25240478515633,263.9610814331055,-0.0968044159391901,0.7151348879743942,1433.8519884379587,26.927492961383177,0.34437397974979916
0.745,1434.0667718614611,37.86907408244175,26.930997873633757,5.033285268154234,0.7479766989088128,0.8182432904465627,292.25240478515633,263.936900428772,-0.09688715607729534,0.7149714285714286,1434.0667718614611,26.930997873633757,0.3444078607354132
0.746,1434.2819893431317,37.87191557530635,26.934503068251804,5.032975520927287,0.7479388765275629,0.8181806354971793,292.25240478515633,263.9074104919434,-0.09698806178874805,0.7149714285714286,1434.2819893431317,26.934503068251804,0.3444417656743175
0.747,1434.49764088297,37.87476258516969,26.938014294507596,5.032665773700337,0.7479009778648075,0.8181260496719088,292.25240478515633,263.87427449035647,-0.09710144323931737,0.7149714285714286,1434.49764088297,26.938014294507596,0.3444757328866175
0.748,1434.713726480976,37.877615110787744,26.94152878821192,5.032356026473388,0.7478630029205466,0.8180648338235949,292.25240478515633,263.84113848876956,-0.09721482468988668,0.7148080438756855,1434.713726480976,26.94152878821192,0.34450974394104195
0.749,1434.93024613715,37.88047315091445,26.94504351612131,5.03204627924644,0.7478249516947804,0.8180052100504752,292.25240478515633,263.80800248718265,-0.097328206140456,0.7148080438756855,1434.93024613715,26.94504351612131,0.3445437786127757
0.75,1435.1471998514917,37.88333670430169,26.94857095930789,5.031736532019492,0.7477868241875085,0.8179456674903341,292.25240478515633,263.77486648559574,-0.0974415875910253,0.7148080438756855,1435.1471998514917,26.94857095930789,0.34457792009660226
0.751,1435.3645876240012,37.88620576969936,26.952107176787706,5.031426784792544,0.7477486203987312,0.8178846051499693,292.25240478515633,263.7417304840088,-0.09755496904159461,0.7148080438756855,1435.3645876240012,26.952107176787706,0.3446121421166231
0.752,1435.582409454679,37.889080345855305,26.955659245787285,5.031117037565596,0.7477103403284484,0.8178248852561003,292.25240478515633,263.7085944824219,-0.09766835049216392,0.7145795246800731,1435.582409454679,26.955659245787285,0.34464649184516005
0.753,1435.800665343524,37.891960431515336,26.95921361798993,5.030807290338647,0.7476719839766601,0.8177662518197996,292.25240478515633,263.67545848083495,-0.09778173194273343,0.7145795246800731,1435.800665343524,26.95921361798993,0.3446808789630878
0.754,1436.019355290537,37.89484602542326,26.962767990192575,5.030497543111697,0.7476335513433665,0.8177024642395556,292.25240478515633,263.6423224792481,-0.09789511339330255,0.7142530835998173,1436.019355290537,26.962767990192575,0.34471528811205504
0.755,1436.238479295718,37.897737126320855,26.966322362395214,5.03018779588475,0.7475950424285673,0.8176456491476567,292.25240478515633,263.6091864776612,-0.09800849484387186,0.7142530835998173,1436.238479295718,26.966322362395214,0.34474971928702935
0.756,1436.4580373590666,37.90063373294788,26.969878294579683,5.0298780486578005,0.7475564572322626,0.8175826057002069,292.25240478515633,263.5760504760743,-0.09812187629444118,0.7140246687985381,1436.4580373590666,26.969878294579683,0.3447841828819277
0.757,1436.678029480583,37.90353584404208,26.97343992830733,5.029568301430851,0.7475177957544523,0.8175228162251938,292.25240478515633,263.54291447448736,-0.09823525774501049,0.7138616122402375,1436.678029480583,26.97343992830733,0.3448187064996645
0.758,1436.8984556602672,37.906443458339204,26.977001562034978,5.029258554203904,0.7474790579951367,0.8174628080895288,292.25240478515633,263.50977847290045,-0.0983486391955798,0.7138616122402375,1436.8984556602672,26.977001562034978,0.34485325212826273
0.759,1437.1193158981193,37.909356574572975,26.980568313568696,5.028948806976954,0.7474402439543155,0.8174029173544781,292.25240478515633,263.4766424713135,-0.09846202064614931,0.7136986301369863,1437.1193158981193,26.980568313568696,0.3448878538783422
0.76,1437.3406101941396,37.91227519147512,26.98414803562997,5.028639059750006,0.747401353631989,0.8173436837256033,292.25240478515633,263.4435064697266,-0.09857540209671863,0.7136986301369863,1437.3406101941396,26.98414803562997,0.3449225640916687
0.761,1437.562338548327,37.91519930777533,26.987731533835316,5.0283293125230575,0.7473623870281568,0.8172789903056655,292.25240478515633,263.4103704681397,-0.09868878354728773,0.7136986301369863,1437.562338548327,26.987731533835316,0.3449573214727022
0.762,1437.7845009606826,37.918128922201355,26.991316250461576,5.028019565296109,0.7473233441428193,0.8172199560249612,292.25240478515633,263.3772344665528,-0.09880216499785704,0.7136986301369863,1437.7845009606826,26.991316250461576,0.3449921089663769
0.763,1438.0070974312061,37.92106403347889,26.994900967087837,5.02770981806916,0.7472842249759761,0.8171622184709834,292.25240478515633,263.34409846496584,-0.09891554644842655,0.7136986301369863,1438.0070974312061,26.994900967087837,0.34502691844550964
0.764,1438.2301279598976,37.92400464033167,26.99848683750312,5.027400070842212,0.7472450295276276,0.8171020278102862,292.25240478515633,263.3109624633789,-0.09902892789899587,0.7136986301369863,1438.2301279598976,26.99848683750312,0.3450617575962412
0.765,1438.4535925467562,37.9269507414814,27.002072960341135,5.027090323615263,0.7472057577977737,0.8170335551063724,292.25240478515633,263.277826461792,-0.09914230934956518,0.7136986301369863,1438.4535925467562,27.002072960341135,0.34509662040488265
0.766,1438.6774911917832,37.92990233564784,27.005660794537008,5.0267805763883135,0.7471664097864141,0.8169740855319739,292.25240478515633,263.2446904602051,-0.0992556908001345,0.7133728890917389,1438.6774911917832,27.005660794537008,0.345131516591686
0.767,1438.9018238949777,37.93285942154872,27.00925078080753,5.026470829161366,0.7471269854935492,0.8169173470475897,292.25240478515633,263.2115544586182,-0.09936907225070381,0.7133728890917389,1438.9018238949777,27.00925078080753,0.3451664490893741
0.768,1439.1265906563403,37.93582199789983,27.012843770396163,5.026161081934418,0.7470874849191786,0.8168523168838235,292.25240478515633,263.1784184570313,-0.09948245370127312,0.713144682793245,1439.1265906563403,27.012843770396163,0.3452014235672643
0.769,1439.3517914758709,37.93879006341492,27.016438115381085,5.025851334707469,0.7470479080633026,0.8167878022348284,292.25240478515633,263.1452824554444,-0.09959583515184244,0.7126882701962575,1439.3517914758709,27.016438115381085,0.3452364290350399
0.77,1439.5774263535686,37.9417636168058,27.020034603059663,5.025541587480522,0.7470082549259212,0.8167289756536382,292.25240478515633,263.11214645385746,-0.09970921660241175,0.7126882701962575,1439.5774263535686,27.020034603059663,0.34527147073573283
0.771,1439.8034952894347,37.9447426567823,27.02363306924359,5.025231840253571,0.7469685255070343,0.8166698435457804,292.25240478515633,263.07901045227055,-0.09982259805298106,0.7126882701962575,1439.8034952894347,27.02363306924359,0.3453065475696908
0.772,1440.0299982834686,37.94772718205227,27.027235577819873,5.024922093026623,0.7469287198066419,0.8166033903010698,292.25240478515633,263.0458744506836,-0.09993597950355056,0.7126882701962575,1440.0299982834686,27.027235577819873,0.3453416732897737
0.773,1440.25693533567,37.950717191321566,27.03083857407491,5.024612345799674,0.746888837824744,0.8165350216677418,292.25240478515633,263.01273844909673,-0.10004936095411968,0.7126882701962575,1440.25693533567,27.03083857407491,0.3453768241948141
0.774,1440.4843064460395,37.9537126832941,27.0344421571041,5.024302598572725,0.7468488795613406,0.8164754842587542,292.25240478515633,262.98060030212406,-0.10015932804573796,0.7126882701962575,1440.4843064460395,27.0344421571041,0.3454120009402057
0.775,1440.7121116145765,37.956713656671816,27.038046793723456,5.023992851345778,0.7468088450164317,0.8164129083660775,292.25240478515633,262.9759899520874,-0.1001751032796152,0.7125256673511293,1440.7121116145765,27.038046793723456,0.34544720663258754
0.776,1440.9403508412818,37.959720110154684,27.04165153297335,5.023683104118829,0.7467687341900173,0.8163530974706718,292.25240478515633,262.9713796020508,-0.10019087851349223,0.7125256673511293,1440.9403508412818,27.04165153297335,0.34548243492759095
0.777,1441.1690241261542,37.962732042440706,27.045256272223245,5.02337335689188,0.7467285470820977,0.8162923132824149,292.25240478515633,262.96676925201416,-0.10020665374736928,0.7125256673511293,1441.1690241261542,27.045256272223245,0.3455176851358655
0.778,1441.398131469195,37.96574945222595,27.04886101147314,5.0230636096649315,0.7466882836926723,0.8162291599023787,292.25240478515633,262.96215890197755,-0.10022242898124632,0.7123631386861314,1441.398131469195,27.04886101147314,0.3455529572521958
0.779,1441.6276728704036,37.9687723382045,27.052465750723034,5.022753862437983,0.7466479440217415,0.816169635542365,292.25240478515633,262.95754855194093,-0.10023820421512337,0.7123631386861314,1441.6276728704036,27.052465750723034,0.3455882512713586
0.78,1441.8576483297797,37.97180069906851,27.056070489972928,5.0224441152110355,0.7466075280693053,0.8161029874664362,292.25240478515633,262.9414895935059,-0.10029315315026338,0.7123631386861314,1441.8576483297797,27.056070489972928,0.3456235671881231
0.781,1442.0880578473239,37.97483453350816,27.059676418646113,5.022134367984085,0.7465670358353635,0.816040298148063,292.25240478515633,262.9214829238892,-0.10036160996803158,0.7122006841505131,1442.0880578473239,27.059676418646113,0.3456589129260365
0.782,1442.3189014230359,37.97787384021169,27.063283560034723,5.021824620757137,0.7465264673199163,0.815978202156496,292.25240478515633,262.90147625427244,-0.10043006678579995,0.7120383036935705,1442.3189014230359,27.063283560034723,0.3456942886351195
0.783,1442.5501790569158,37.98091861786541,27.06689070142334,5.021514873530188,0.7464858225229636,0.8159189434133652,292.25240478515633,262.8814695846558,-0.10049852360356794,0.7118759972646456,1442.5501790569158,27.06689070142334,0.3457296862260644
0.784,1442.781890748963,37.98396886515366,27.070497842811942,5.021205126303239,0.7464451014445055,0.8158570029856427,292.25240478515633,262.8614629150391,-0.10056698042133613,0.7118759972646456,1442.781890748963,27.070497842811942,0.345765105693609
0.785,1443.0140364991787,37.98702458075887,27.074104984200556,5.020895379076292,0.7464043040845417,0.8157929509930365,292.25240478515633,262.8414562454224,-0.10063543723910431,0.7116480510599499,1443.0140364991787,27.074104984200556,0.3458005470324837
0.786,1443.246616307562,37.9900857633615,27.07771212558917,5.020585631849343,0.7463634304430726,0.8157332895786461,292.25240478515633,262.82144957580573,-0.1007038940568725,0.7114201048552542,1443.246616307562,27.07771212558917,0.34583601023741073
0.787,1443.479630174113,37.99315241164009,27.08131926697778,5.020275884622395,0.7463224805200979,0.8156687844855149,292.25240478515633,262.801442906189,-0.10077235087464088,0.7114201048552542,1443.479630174113,27.08131926697778,0.34587149530310457
0.788,1443.7130780988314,37.99622452427124,27.08492640836639,5.019966137395445,0.7462814543156179,0.8156109275434635,292.25240478515633,262.7814362365723,-0.10084080769240907,0.7114201048552542,1443.7130780988314,27.08492640836639,0.3459070022242722
0.789,1443.9469600817183,37.99930209992966,27.088533549755,5.019656390168497,0.7462403518296323,0.8155461467355511,292.25240478515633,262.76142956695566,-0.10090926451017705,0.7114201048552542,1443.9469600817183,27.088533549755,0.3459425309956129
0.79,1444.1812761227727,38.002385137288066,27.092140710587955,5.0193466429415485,0.7461991730621411,0.8154810433570037,292.25240478515633,262.74142289733896,-0.10097772132794523,0.7114201048552542,1444.1812761227727,27.092140710587955,0.3459780817414357
0.791,1444.416026221995,38.005473635017296,27.0957486713708,5.019036895714599,0.7461579180131446,0.8154166074033591,292.25240478515633,262.7214162277223,-0.10104617814571343,0.7114201048552542,1444.416026221995,27.0957486713708,0.34601365965933334
0.792,1444.651210379385,38.00856759178626,27.09936184709471,5.018727148487652,0.7461165866826426,0.8153484576314368,292.25240478515633,262.7014095581056,-0.10111463496348161,0.7114201048552542,1444.651210379385,27.09936184709471,0.3460492941746491
0.793,1444.8868285949427,38.011667006261945,27.102975122596398,5.018417401260702,0.746075179070635,0.8152817533043927,292.25240478515633,262.68140288848883,-0.10118309178124998,0.7114201048552542,1444.8868285949427,27.102975122596398,0.3460849511839838
0.794,1445.122880868669,38.01477187710942,27.10658839809809,5.018107654033755,0.746033695177122,0.8152204966027526,292.25240478515633,262.66139621887214,-0.10125154859901818,0.7112579762989972,1445.122880868669,27.10658839809809,0.34612063001687216
0.795,1445.3593672005622,38.01788220299182,27.110201673599782,5.017797906806805,0.7459921350021035,0.8151551147591019,292.25240478515633,262.64138954925545,-0.10132000541678636,0.7110959216222374,1445.3593672005622,27.110201673599782,0.346156330667967
0.796,1445.5962875906237,38.020997982570414,27.113814949101474,5.017488159579857,0.7459504985455796,0.8150980766903517,292.25240478515633,262.62138287963876,-0.10138846223455454,0.7106102003642987,1445.5962875906237,27.113814949101474,0.346192053131914
0.797,1445.833642038853,38.02411921450454,27.117428224603167,5.017178412352909,0.7459087858075502,0.8150292847081595,292.25240478515633,262.6013762100221,-0.10145691905232254,0.7106102003642987,1445.833642038853,27.117428224603167,0.34622779740335086
0.798,1446.0714305452495,38.0272458974516,27.121042239811512,5.016868665125958,0.7458669967880153,0.8149715796762397,292.25240478515633,262.5813695404054,-0.10152537587009092,0.7103825136612022,1446.0714305452495,27.121042239811512,0.34626356840784855
0.799,1446.3096531098147,38.030378030067155,27.124659862767228,5.016558917899013,0.7458251314869748,0.8149108951620682,292.25240478515633,262.56136287078874,-0.1015938326878589,0.7103825136612022,1446.3096531098147,27.124659862767228,0.3462993852586073
0.8,1446.5483097325473,38.033515611004816,27.12827771188897,5.016249170672062,0.7457831899044289,0.8148520079332623,292.25240478515633,262.541356201172,-0.10166228950562729,0.7103825136612022,1446.5483097325473,27.12827771188897,0.3463352254083636
0.801,1446.7874004134478,38.03665863891632,27.131903769450723,5.015939423445114,0.7457411720403775,0.8147839241690726,292.25240478515633,262.5213495315553,-0.10173074632339547,0.7102208058274527,1446.7874004134478,27.131903769450723,0.3463711420621702
0.802,1447.026925152516,38.039807112451506,27.135541125271693,5.0156296762181665,0.7456990778948207,0.8147205603191249,292.25240478515633,262.5013428619386,-0.10179920314116365,0.7100591715976331,1447.026925152516,27.135541125271693,0.3464071558115967
0.803,1447.2668839497521,38.042961030258304,27.139178481092664,5.015319928991217,0.7456569074677584,0.8146565522312972,292.25240478515633,262.51919463958757,-0.10173811971684733,0.7102208058274527,1447.2668839497521,27.139178481092664,0.3464431913361804
0.804,1447.507276805156,38.046120390982786,27.142817546464,5.015010181764269,0.7456146607591905,0.8145959629746351,292.25240478515633,262.5688640319825,-0.10156816596597415,0.7102208058274527,1447.507276805156,27.142817546464,0.34647926002649854
0.805,1447.7481037187276,38.04928519326911,27.146462837608407,5.01470043453732,0.7455723377691172,0.8145307954352867,292.25240478515633,262.6185334243776,-0.10139821221510058,0.7100591715976331,1447.7481037187276,27.146462837608407,0.3465153919826124
0.806,1447.9893646904675,38.05245543575956,27.150110387286382,5.014390687310371,0.7455299384975385,0.8144672819838717,292.25240478515633,262.6682028167726,-0.10122825846422719,0.7100591715976331,1447.9893646904675,27.150110387286382,0.3465515607531714
0.807,1448.2310597203746,38.05563111709454,27.15376097841918,5.0140809400834225,0.7454874629444541,0.8144075608051808,292.25240478515633,262.7178722091676,-0.10105830471335381,0.7098976109215017,1448.2310597203746,27.15376097841918,0.34658777155175025
0.808,1448.4731888084498,38.05881223591259,27.157413475487925,5.013771192856473,0.7454449111098644,0.8143403454803181,292.25240478515633,262.7675416015626,-0.10088835096248043,0.7098976109215017,1448.4731888084498,27.157413475487925,0.3466240168034483
0.809,1448.715751954693,38.06199879085034,27.16106597255667,5.013461445629526,0.7454022829937692,0.814270605118777,292.25240478515633,262.8172109939576,-0.10071839721160704,0.7098976109215017,1448.715751954693,27.16106597255667,0.3466602837976987
0.81,1448.9587491591035,38.06519078054257,27.1647188877701,5.013151698402576,0.7453595785961684,0.81420393500012,292.25240478515633,262.86688038635265,-0.10054844346073347,0.7098976109215017,1448.9587491591035,27.1647188877701,0.34669657531642534
0.811,1449.2021804216822,38.068388203622206,27.168373829444747,5.012841951175628,0.7453167979170623,0.8141388671750076,292.25240478515633,262.91654977874765,-0.10037848970986009,0.7101251422070535,1449.2021804216822,27.168373829444747,0.3467329020753207
0.812,1449.4460457424284,38.07159105872026,27.172028771119383,5.0125322039486795,0.7452739409564506,0.8140721516057706,292.25240478515633,262.96621917114265,-0.1002085359589867,0.7101251422070535,1449.4460457424284,27.172028771119383,0.3467692505603647
0.8130000000000001,1449.6903451213427,38.07479934446592,27.175692076925728,5.01222245672173,0.7452310077143334,0.814007481553534,292.25240478515633,263.0158885635376,-0.10003858220811351,0.7101251422070535,1449.6903451213427,27.175692076925728,0.34680567652201244
0.8140000000000001,1449.9350785584247,38.0780130594865,27.17935978995691,5.011912709494782,0.7451879981907108,0.8139413032607414,292.25240478515633,263.06555795593266,-0.09986862845723994,0.7097361237488626,1449.9350785584247,27.17935978995691,0.34684215357773174
0.8150000000000001,1450.1802460536746,38.081232202407456,27.183027502988097,5.011602962267834,0.7451449123855827,0.8138794435760545,292.25240478515633,263.11522734832766,-0.09969867470636655,0.7097361237488626,1450.1802460536746,27.183027502988097,0.3468786523431291
0.8160000000000001,1450.4258476070922,38.08445677185237,27.186695216019285,5.011293215040886,0.7451017502989491,0.8138105495107353,292.25240478515633,263.16489674072267,-0.09952872095549317,0.7098976109215017,1450.4258476070922,27.186695216019285,0.3469151728126992
0.8170000000000001,1450.671883218678,38.08768676644301,27.190363402699962,5.010983467813938,0.74505851193081,0.8137475254359929,292.25240478515633,263.21456613311767,-0.0993587672046198,0.7098976109215017,1450.671883218678,27.190363402699962,0.3469517181383131
0.8180000000000001,1450.9183528884312,38.09092218479925,27.194032655040232,5.010673720586988,0.7450151972811654,0.8136828681115245,292.25240478515633,263.2352490661621,-0.09928799641640457,0.7101251422070535,1450.9183528884312,27.194032655040232,0.3469882922608353
0.8190000000000001,1451.1652566163527,38.09416302553913,27.197712899160802,5.01036397336004,0.7449718063500154,0.8136198477707962,292.25240478515633,263.2326679595947,-0.09929682818827412,0.7098976109215017,1451.1652566163527,27.197712899160802,0.3470249613430137
0.8200000000000001,1451.4125944024418,38.097409287278865,27.20139584946162,5.010054226133092,0.7449283391373598,0.8135557041743933,292.25240478515633,263.218202331543,-0.09934632522513287,0.7098976109215017,1451.4125944024418,27.20139584946162,0.34706167014687367
0.8210000000000001,1451.6603662466982,38.100660968632795,27.20507879976243,5.009744478906142,0.7448847956431989,0.8134878189553606,292.25240478515633,263.2029305633545,-0.09939858063155017,0.7098976109215017,1451.6603662466982,27.20507879976243,0.34709840062726977
0.8220000000000001,1451.9085721491228,38.103918068213446,27.208761750063246,5.009434731679194,0.7448411758675324,0.8134203013961867,292.25240478515633,263.187658795166,-0.09945083603796767,0.7098976109215017,1451.9085721491228,27.208761750063246,0.3471351527786527
0.8230000000000001,1452.1572121097154,38.10718058463149,27.212444700364063,5.009124984452246,0.7447974798103604,0.8133488802465039,292.25240478515633,263.17238702697756,-0.0995030914443848,0.7098021378212418,1452.1572121097154,27.212444700364063,0.34717192659546564
0.8240000000000001,1452.4062861284754,38.11044851649578,27.216137967505073,5.008815237225296,0.744753707471683,0.8132856101283396,292.25240478515633,263.1571152587891,-0.0995553468508021,0.7098021378212418,1452.4062861284754,27.216137967505073,0.3472087908449855
0.8250000000000001,1452.6557942054037,38.11372186241333,27.219833654665837,5.008505489998348,0.7447098588515,0.8132184920082949,292.25240478515633,263.1418434906006,-0.0996076022572194,0.7095747100295656,1452.6557942054037,27.219833654665837,0.34724569288083557
0.8260000000000001,1452.9057363404995,38.11700062098931,27.223530553624585,5.0081957427714,0.7446659339498116,0.8131527237945642,292.25240478515633,263.12657172241217,-0.09965985766363651,0.7095747100295656,1452.9057363404995,27.223530553624585,0.34728262464333864
0.8270000000000001,1453.1561125337632,38.12028479082709,27.22723034249665,5.007885995544451,0.7446219327666177,0.8130803144159737,292.25240478515633,263.1112999542237,-0.09971211307005383,0.7093472822378895,1453.1561125337632,27.22723034249665,0.3473195973133532
0.8280000000000001,1453.4069227851946,38.1235743705282,27.230931545438075,5.007576248317502,0.7445778553019182,0.8130160298103511,292.25240478515633,263.0960281860352,-0.09976436847647113,0.7093472822378895,1453.4069227851946,27.230931545438075,0.3473566010471979
0.8290000000000001,1453.6581670947942,38.12686935869236,27.234632748379504,5.0072665010905535,0.7445337015557134,0.8129440882876641,292.25240478515633,263.0807564178467,-0.09981662388288844,0.7091859936334698,1453.6581670947942,27.234632748379504,0.347393626412978
0.8300000000000001,1453.9098454625614,38.13016975391746,27.238333951320936,5.006956753863606,0.744489471528003,0.8128771461681644,292.25240478515633,263.0654846496583,-0.09986887928930555,0.7090247783587179,1453.9098454625614,27.238333951320936,0.3474306734050858
0.8310000000000001,1454.1619578884965,38.133475554799574,27.242042694295073,5.0066470066366575,0.7444451652187871,0.8128095945210557,292.25240478515633,263.0502128814698,-0.09992113469572286,0.7090247783587179,1454.1619578884965,27.242042694295073,0.34746779228033736
0.8320000000000001,1454.4145043725991,38.136786759932974,27.24575379232158,5.006337259409707,0.7444007826280659,0.8127404848465368,292.25240478515633,263.0349411132813,-0.09997339010214017,0.7090247783587179,1454.4145043725991,27.24575379232158,0.3475049484696371
0.833,1454.6674849148694,38.14010336791013,27.249466235863295,5.00602751218276,0.7443563237558392,0.8126767006188755,292.25240478515633,263.01966934509284,-0.10002564550855747,0.7087025675982731,1454.6674849148694,27.249466235863295,0.3475421352377038
0.834,1454.9208995153078,38.143425377321684,27.253183058983296,5.00571776495581,0.7443117886021069,0.8126064562457357,292.25240478515633,263.0043975769044,-0.1000779009149746,0.7084090909090909,1454.9208995153078,27.253183058983296,0.3475793728041958
0.835,1455.1747481739144,38.146752786756494,27.25689988210329,5.005408017728862,0.7442671771668691,0.8125374867372721,292.25240478515633,262.98282540130623,-0.1001517144242733,0.7082481254260395,1455.1747481739144,27.25689988210329,0.34761663196886716
0.836,1455.4290308906886,38.1500855948016,27.26061670522329,5.005098270501914,0.7442224894501258,0.8124699762446195,292.25240478515633,262.95187107543956,-0.10025763083542971,0.7080872330758746,1455.4290308906886,27.26061670522329,0.3476539127260666
0.837,1455.68374766563,38.15342380004225,27.26433352834329,5.004788523274965,0.7441777254518771,0.8124032894835019,292.25240478515633,262.9209167495728,-0.1003635472465863,0.7078600636074511,1455.68374766563,27.26433352834329,0.34769121507013556
0.838,1455.93889849874,38.1567674010619,27.26805116531177,5.004478776048016,0.744132885172123,0.8123377061235432,292.25240478515633,262.8899624237061,-0.10046946365774291,0.7078600636074511,1455.93889849874,27.26805116531177,0.3477285444205841
0.839,1456.1944833900175,38.160116396442206,27.271785368353402,5.004169028821068,0.7440879686108632,0.8122765965340275,292.25240478515633,262.89003177185066,-0.10046922636920934,0.70769929593459,1456.1944833900175,27.271785368353402,0.34776600577726696
0.84,1456.4505023394627,38.16347078476305,27.275523690638195,5.003859281594119,0.7440429757680981,0.8122086106973683,292.25240478515633,262.89886981201175,-0.10043898524880661,0.70769929593459,1456.4505023394627,27.275523690638195,0.34780351616298893
0.841,1456.7069553470758,38.166830564602506,27.279264346538653,5.0035495343671705,0.7439979066438275,0.8121461667599307,292.25240478515633,262.9077078521729,-0.1004087441284037,0.70769929593459,1456.7069553470758,27.279264346538653,0.34784106366893414
0.842,1456.9638424128568,38.170195734536875,27.283005002439108,5.003239787140221,0.7439527612380513,0.812082598302072,292.25240478515633,262.916545892334,-0.10037850300800097,0.70769929593459,1456.9638424128568,27.283005002439108,0.34787863273334885
0.843,1457.2211635368055,38.173566293140674,27.286747907149252,5.002930039913274,0.7439075395507697,0.8120202209344768,292.25240478515633,262.9253839324951,-0.10034826188759824,0.707377979568672,1457.2211635368055,27.286747907149252,0.347916238341268
0.844,1457.4789187189224,38.17694223898664,27.29049277669778,5.002620292686325,0.7438622415819827,0.8119533062981239,292.25240478515633,262.92267084960935,-0.10035754524281218,0.7071509648127128,1457.4789187189224,27.29049277669778,0.3479538785940088
0.845,1457.737107959207,38.18032357064574,27.29423764624631,5.002310545459377,0.7438168673316901,0.8118898830452317,292.25240478515633,262.9005509796143,-0.10043323279792844,0.7071509648127128,1457.737107959207,27.29423764624631,0.34799154038809343
0.846,1457.995731257659,38.18371028668716,27.29798568237013,5.0020007982324275,0.743771416799892,0.8118190092096655,292.25240478515633,262.87843110961916,-0.1005089203530451,0.7073115349682108,1457.995731257659,27.29798568237013,0.34802924482643094
0.847,1458.2547886142788,38.18710238567832,27.301738180256535,5.001691051005479,0.7437258899865885,0.8117515647247457,292.25240478515633,262.8563112396241,-0.10058460790816136,0.7074721780604134,1458.2547886142788,27.301738180256535,0.3480670005371085
0.848,1458.5142800290669,38.19049986618487,27.305493520239597,5.001381303778531,0.7436802868917795,0.8116840429698249,292.25240478515633,262.83419136962897,-0.10066029546327801,0.7074721780604134,1458.5142800290669,27.305493520239597,0.3481047967175729
0.849,1458.7742055020224,38.1939027267707,27.309257751500343,5.001071556551581,0.743634607515465,0.8116141263266838,292.25240478515633,262.8120714996339,-0.10073598301839448,0.7074721780604134,1458.7742055020224,27.309257751500343,0.34814267368638085
0.85,1459.034565033146,38.197310965997936,27.313022331590787,5.000761809324633,0.743588851857645,0.8115447204806079,292.25240478515633,262.7899516296387,-0.10081167057351113,0.7074721780604134,1459.034565033146,27.313022331590787,0.34818057449317363
0.851,1459.295358622437,38.20072458242693,27.31678818466385,5.000452062097685,0.7435430199183195,0.8114796770269638,292.25240478515633,262.7678317596437,-0.1008873581286274,0.7074721780604134,1459.295358622437,27.31678818466385,0.34821850529266685
0.852,1459.5565862698966,38.20414357461631,27.320560662386054,5.000142314870735,0.7434971116974886,0.8114080224010244,292.25240478515633,262.74571188964853,-0.10096304568374405,0.7074721780604134,1459.5565862698966,27.320560662386054,0.3482565017537115
0.853,1459.8182479755235,38.20756794112292,27.3243434998949,4.999832567643788,0.743451127195152,0.8113392513172657,292.25240478515633,262.72359201965344,-0.1010387332388605,0.7074721780604134,1459.8182479755235,27.3243434998949,0.3482945887692459
0.854,1460.080343739318,38.210997680501855,27.328128907051372,4.999522820416839,0.7434050664113102,0.8112717435147093,292.25240478515633,262.70147214965834,-0.10111442079397698,0.7074721780604134,1460.080343739318,27.328128907051372,0.34833271440383196
0.855,1460.342873561281,38.21443279130649,27.33191640469162,4.99921307318989,0.7433589293459628,0.811201007777438,292.25240478515633,262.67935227966325,-0.10119010834909344,0.7074721780604134,1460.342873561281,27.33191640469162,0.3483708754575412
0.856,1460.605837441411,38.217873272088426,27.3357110248087,4.998903325962942,0.74331271599911,0.8111330977452795,292.25240478515633,262.65723240966815,-0.1012657959042099,0.7072450601862367,1460.605837441411,27.3357110248087,0.3484091054682287
0.857,1460.8692353797094,38.22131912139754,27.33950698311656,4.998593578735993,0.7432664263707516,0.811063730624543,292.25240478515633,262.635112539673,-0.10134148345932655,0.7074057246706043,1460.8692353797094,27.33950698311656,0.3484473658716039
0.858,1461.1330673761756,38.22477033778196,27.343308625581237,4.9982838315090445,0.7432200604608877,0.8109859682356471,292.25240478515633,262.6129926696779,-0.101417171014443,0.7072450601862367,1461.1330673761756,27.343308625581237,0.3484856856323999
0.859,1461.3973334308093,38.22822691978807,27.34711776703097,4.997974084282096,0.7431736182695184,0.8109178151914436,292.25240478515633,262.59686141204855,-0.10147236733572294,0.7070844686648501,1461.3973334308093,27.34711776703097,0.34852407684258574
0.86,1461.6620335436107,38.231688865960535,27.35092925277934,4.997664337055149,0.7431270997966437,0.8108510221113017,292.25240478515633,262.6249199829104,-0.10137635932893692,0.7070844686648501,1461.6620335436107,27.35092925277934,0.3485625051348091
0.861,1461.9271677145805,38.23515617484229,27.354743528000277,4.997354589828198,0.7430805050422633,0.8107816416003103,292.25240478515633,262.670826577759,-0.10121928074173989,0.7070844686648501,1461.9271677145805,27.354743528000277,0.34860097347080526
0.862,1462.1927359437177,38.23862884497452,27.35856772743172,4.997044842601251,0.7430338340063776,0.8107153523510888,292.25240478515633,262.71673317260763,-0.10106220215454265,0.7070844686648501,1462.1927359437177,27.35856772743172,0.3486395294054453
0.863,1462.458738231023,38.24210687489672,27.362392201904782,4.996735095374302,0.7429870866889863,0.81065035932671,292.25240478515633,262.7582382278444,-0.10092018431463033,0.7068574023614895,1462.458738231023,27.362392201904782,0.3486781086107942
0.864,1462.7251745764956,38.245590263146624,27.36621667637784,4.996425348147352,0.7429402630900896,0.81057634504478,292.25240478515633,262.79660894775407,-0.10078889122933349,0.7066969353007946,1462.7251745764956,27.36621667637784,0.3487167092475549
0.865,1462.9920449801366,38.249079008260274,27.37004324766777,4.9961156009204055,0.7428933632096875,0.810508201114783,292.25240478515633,262.83497966766373,-0.10065759814403664,0.7066969353007946,1462.9920449801366,27.37004324766777,0.348755345287413
0.866,1463.259349441945,38.252573108771976,27.373874089702426,4.995805853693456,0.7428463870477797,0.8104380839189506,292.25240478515633,262.87335038757345,-0.1005263050587396,0.7066969353007946,1463.259349441945,27.373874089702426,0.3487940312160745
0.867,1463.5270879619213,38.256072563214346,27.37770673596907,4.995496106466507,0.7427993346043666,0.8103624820787788,292.25240478515633,262.91172110748306,-0.10039501197344296,0.7068574023614895,1463.5270879619213,27.37770673596907,0.348832750585709
0.868,1463.7952605400658,38.259577370118265,27.38154886577624,4.995186359239559,0.742752205879448,0.8102967080231227,292.25240478515633,262.9500918273927,-0.10026371888814611,0.7068574023614895,1463.7952605400658,27.38154886577624,0.3488715545812951
0.869,1464.063867176378,38.26308752801292,27.385392714819424,4.99487661201261,0.7427050008730238,0.81022364756096,292.25240478515633,262.9884625473024,-0.10013242580284928,0.7068574023614895,1464.063867176378,27.385392714819424,0.34891039143950586
0.87,1464.3329078708575,38.26660303542578,27.389239636673707,4.994566864785662,0.7426577195850942,0.8101568897130476,292.25240478515633,263.02683326721206,-0.10000113271755244,0.7068574023614895,1464.3329078708575,27.389239636673707,0.3489492701774861
0.871,1464.6023826235055,38.27012389088263,27.393089442321596,4.994257117558713,0.742610362015659,0.8100833464790007,292.25240478515633,263.06447276458755,-0.09987234165626703,0.7068574023614895,1464.6023826235055,27.393089442321596,0.34898818952933447
0.872,1464.8722914343205,38.27365009290753,27.396939641092125,4.993947370331765,0.7425629281647186,0.8100097242886238,292.25240478515633,263.08616313476574,-0.0997981237205955,0.7066969353007946,1464.8722914343205,27.396939641092125,0.34902713288614573
0.873,1465.142634303304,38.277181640022874,27.40079535599364,4.993637623104815,0.7425154180322724,0.8099322587939976,292.25240478515633,263.10785350494393,-0.09972390578492399,0.7066969353007946,1465.142634303304,27.40079535599364,0.3490661343923733
0.874,1465.413411230455,38.280718530749326,27.404652253608774,4.993327875877868,0.7424678316183209,0.8098591682188182,292.25240478515633,263.1295438751221,-0.09964968784925246,0.706536541080345,1465.413411230455,27.404652253608774,0.34910516515521034
0.875,1465.684622215774,38.2842607636059,27.40851257987278,4.9930181286509185,0.7424201689228639,0.8097870256415558,292.25240478515633,263.1512342453004,-0.09957546991358075,0.7063095778483885,1465.684622215774,27.40851257987278,0.3491442401403089
0.876,1465.9562672592608,38.28780833710988,27.41237884916241,4.99270838142397,0.7423724299459014,0.80971986927798,292.25240478515633,263.17292461547856,-0.09950125197790922,0.7062159709618875,1465.9562672592608,27.41237884916241,0.3491833761027651
0.877,1466.2283463609153,38.29136124977689,27.416245118452032,4.992398634197023,0.7423246146874334,0.8096493371649277,292.25240478515633,263.1946149856568,-0.09942703404223752,0.7060557949648446,1466.2283463609153,27.416245118452032,0.3492225334199814
0.878,1466.500859520738,38.294919500120876,27.4201221091794,4.992088886970072,0.7422767231474598,0.8095802372269509,292.25240478515633,263.21630535583495,-0.0993528161065662,0.7058956916099773,1466.500859520738,27.4201221091794,0.3492617835559332
0.879,1466.7738067387281,38.29848308665407,27.424000239139914,4.991779139743124,0.742228755325981,0.8095029849726338,292.25240478515633,263.2168724533081,-0.09935087566924604,0.7058956916099773,1466.7738067387281,27.424000239139914,0.34930106262896554
0.88,1467.0471880148862,38.30205200788707,27.42788619366871,4.991469392516176,0.7421807112229966,0.8094284799689833,292.25240478515633,263.1809254150391,-0.09947387564351631,0.7057356608478803,1467.0471880148862,27.42788619366871,0.3493404151980737
0.881,1467.321003349212,38.30562626232878,27.43177482849074,4.991159645289228,0.7421325908385066,0.8093548811864583,292.25240478515633,263.13525785217286,-0.09963013633502307,0.7055757026291931,1467.321003349212,27.43177482849074,0.3493798069651652
0.882,1467.5952527417055,38.309205848486414,27.435663463312785,4.990849898062278,0.7420843941725113,0.8092878178319534,292.25240478515633,263.08959028930667,-0.09978639702652964,0.7057356608478803,1467.5952527417055,27.435663463312785,0.34941922005723103
0.883,1467.869936192367,38.312790764865554,27.43955747045297,4.99054015083533,0.7420361212250104,0.8092148195029818,292.25240478515633,263.0439227264404,-0.0999426577180364,0.7058023572076156,1467.869936192367,27.43955747045297,0.34945869028057525
0.884,1468.145053701196,38.31638100997009,27.443454445738013,4.990230403608382,0.741987771996004,0.8091426914602691,292.25240478515633,262.99825516357424,-0.10009891840954296,0.7058023572076156,1468.145053701196,27.443454445738013,0.3494982016028118
0.885,1468.4206052681934,38.31997658230226,27.447352401195996,4.9899206563814325,0.7419393464854922,0.8090752823882569,292.25240478515633,262.952587600708,-0.10025517910104972,0.7058023572076156,1468.4206052681934,27.447352401195996,0.34953774076597854
0.886,1468.6965908933585,38.32357748036264,27.451252882994577,4.989610909154484,0.7418908446934749,0.8090078364378368,292.25240478515633,262.9069200378418,-0.10041143979255629,0.7058023572076156,1468.6965908933585,27.451252882994577,0.34957731807094927
0.887,1468.973010576691,38.327183702650146,27.455157116261798,4.989301161927536,0.741842266619952,0.8089344610738204,292.25240478515633,262.8612524749756,-0.10056770048406305,0.7058023572076156,1468.973010576691,27.455157116261798,0.34961694167851687
0.888,1469.2498643181916,38.33079524766205,27.45906574092053,4.988991414700587,0.7417936122649238,0.8088651814615104,292.25240478515633,262.81558491210944,-0.10072396117556942,0.7058023572076156,1469.2498643181916,27.45906574092053,0.34965661584844554
0.889,1469.52715211786,38.33441211389396,27.462974551373154,4.988681667473638,0.74174488162839,0.8087990049754991,292.25240478515633,262.7699173492432,-0.10088022186707618,0.7059623668102472,1469.52715211786,27.462974551373154,0.34969631253988465
0.89,1469.8048739756964,38.33803429983985,27.46688430727277,4.988371920246689,0.7416960747103507,0.808727438881829,292.25240478515633,262.724249786377,-0.10103648255858275,0.7058023572076156,1469.8048739756964,27.46688430727277,0.34973603681071613
0.891,1470.0830298916999,38.34166180399201,27.470797424636146,4.988062173019742,0.741647191510806,0.8086548749030108,292.25240478515633,262.6785822235108,-0.10119274325008952,0.7056424201223658,1470.0830298916999,27.470797424636146,0.349775804760261
0.892,1470.3616198658722,38.34529462484116,27.47472615669311,4.987752425792793,0.7415982320297557,0.8085847882819278,292.25240478515633,262.6329146606446,-0.10134900394159609,0.7054825555052107,1470.3616198658722,27.47472615669311,0.3498156980634443
0.893,1470.6406438982117,38.3489327608763,27.478659247361204,4.987442678565844,0.7415491962672001,0.8085088821597598,292.25240478515633,262.5872470977784,-0.10150526463310265,0.7054825555052107,1470.6406438982117,27.478659247361204,0.3498556416803213
0.894,1470.9201019887191,38.35257621058485,27.482606257018627,4.987132931338896,0.741500084223139,0.8084424648298405,292.25240478515633,262.54157953491216,-0.10166152532460941,0.7054825555052107,1470.9201019887191,27.482606257018627,0.34989569933505005
0.895,1471.1999941373942,38.35622497245257,27.486553362261436,4.986823184111947,0.7414508958975723,0.8083670659112507,292.25240478515633,262.4959119720459,-0.10181778601611617,0.7052560036248301,1471.1999941373942,27.486553362261436,0.3499357788737123
0.896,1471.4803203442375,38.3598790449636,27.490501527996926,4.986513436884998,0.7414016312905001,0.8082917376980243,292.25240478515633,262.45024440917973,-0.10197404670762274,0.7053227633069082,1471.4803203442375,27.490501527996926,0.34997588672239077
0.897,1471.7610806092484,38.363538426600435,27.49445540920559,4.9862036896580495,0.7413522904019225,0.80821910401761,292.25240478515633,262.40457684631355,-0.1021303073991293,0.7051630434782609,1471.7610806092484,27.49445540920559,0.3500160539054697
0.898,1472.0422749324273,38.36720311584397,27.49840985649113,4.985893942431101,0.7413028732318394,0.8081460400623374,292.25240478515633,262.3589092834473,-0.10228656809063606,0.7053894927536232,1472.0422749324273,27.49840985649113,0.3500562460906061
0.899,1472.3239033137736,38.37087311117345,27.502364303776666,4.9855841952041535,0.7412533797802507,0.8080732908282401,292.25240478515633,262.3132417205811,-0.10244282878214263,0.7053894927536232,1472.3239033137736,27.502364303776666,0.35009645949820584
0.9,1472.6059657532883,38.37454841106653,27.506318751062206,4.985274447977204,0.7412038100471567,0.8079996785550835,292.25240478515633,262.2675741577149,-0.10259908947364939,0.7051630434782609,1472.6059657532883,27.506318751062206,0.3501366941221801
0.901,1472.8884622509704,38.3782290139992,27.510274217714045,4.984964700750255,0.7411541640325572,0.8079296814098109,292.25240478515633,262.2219065948487,-0.10275535016515595,0.7051630434782609,1472.8884622509704,27.510274217714045,0.3501769567516068
0.902,1473.1713928068204,38.38191491844591,27.514237993933612,4.984654953523307,0.7411044417364521,0.8078591285388526,292.25240478515633,262.1762390319825,-0.10291161085666252,0.7050033959701154,1473.1713928068204,27.514237993933612,0.35021729597742113
0.903,1473.4547574208382,38.38560612287942,27.51820434403657,4.984345206296358,0.7410546431588416,0.8077856923866931,292.25240478515633,262.13057146911626,-0.1030678715481693,0.7050033959701154,1473.4547574208382,27.51820434403657,0.35025767355900694
0.904,1473.738556093024,38.389302625770945,27.522174000782552,4.98403545906941,0.7410047682997256,0.8077086092872284,292.25240478515633,262.08490390625,-0.10322413223967605,0.7050033959701154,1473.738556093024,27.522174000782552,0.35029809437488085
0.905,1474.0227888233771,38.39300442559005,27.52615086568488,4.983725711842462,0.740954817159104,0.8076303075942783,292.25240478515633,262.03923634338383,-0.10338039293118262,0.7051630434782609,1474.0227888233771,27.52615086568488,0.35033858442670623
0.906,1474.3074556118986,38.39671152080473,27.53013059677391,4.983415964615513,0.7409047897369772,0.8075589118198311,292.25240478515633,262.04768033142096,-0.10335150013886038,0.7051630434782609,1474.3074556118986,27.53013059677391,0.35037911476445593
0.907,1474.5925564585878,38.400423909881354,27.53411395874483,4.983106217388563,0.7408546860333447,0.8074813356498305,292.25240478515633,262.06806568756105,-0.10328174756948438,0.7051630434782609,1474.5925564585878,27.53411395874483,0.350419690479512
0.908,1474.8780913634444,38.40414159128471,27.538105346594037,4.982796470161616,0.7408045060482068,0.8074075178452972,292.25240478515633,262.0884510437012,-0.10321199500010818,0.7050701674966048,1474.8780913634444,27.538105346594037,0.35046034086311445
0.909,1475.164060326469,38.407864563478,27.542097748134136,4.982486722934667,0.7407542497815633,0.8073375169057846,292.25240478515633,262.1088363998413,-0.10314224243073197,0.7050701674966048,1475.164060326469,27.542097748134136,0.35050101916534226
0.91,1475.4504633476618,38.41159282492281,27.546090149674235,4.982176975707719,0.7407039172334144,0.8072649170523256,292.25240478515633,262.1052708892822,-0.1031544425375599,0.705229793977813,1475.4504633476618,27.546090149674235,0.3505417186227018
0.911,1475.737300427022,38.415326374079164,27.550086803379667,4.98186722848077,0.7406535084037602,0.8071834949482055,292.25240478515633,262.0919073379517,-0.1032001685987034,0.7053894927536232,1475.737300427022,27.550086803379667,0.350582467574291
0.912,1476.0245715645503,38.419065209405474,27.554091190388203,4.981557481253821,0.7406030232926003,0.8071114586899677,292.25240478515633,262.07854378662114,-0.10324589465984692,0.7051630434782609,1476.0245715645503,27.554091190388203,0.3506232892194732
0.913,1476.3122767602463,38.4228093293586,27.55809647198603,4.981247734026873,0.740552461899935,0.8070367714624153,292.25240478515633,262.06518023529054,-0.10329162072099062,0.7050033959701154,1476.3122767602463,27.55809647198603,0.3506641379646902
0.914,1476.6004160141104,38.4265587323938,27.5621049753747,4.9809379867999235,0.7405018242257642,0.806965867252853,292.25240478515633,262.05181668396006,-0.10333734678213392,0.7050033959701154,1476.6004160141104,27.5621049753747,0.350705029317066
0.915,1476.8889893261417,38.43031341696476,27.566114544608954,4.980628239572975,0.7404511102700879,0.8068939874216994,292.25240478515633,262.03845313262946,-0.10338307284327762,0.7048438207333635,1476.8889893261417,27.566114544608954,0.3507459488987208
0.916,1477.177996696341,38.4340733815236,27.570134567804832,4.9803184923460275,0.7404003200329061,0.8068245541527027,292.25240478515633,262.0250895812989,-0.10342879890442112,0.7046174739701222,1477.177996696341,27.570134567804832,0.35078695928535913
0.917,1477.4674381247087,38.43783862452087,27.57415459100071,4.980008745119077,0.7403494535142188,0.8067537406435469,292.25240478515633,262.0117260299684,-0.10347452496556463,0.7044580221769631,1477.4674381247087,27.57415459100071,0.3508279907838805
0.918,1477.7573136112435,38.44160914440554,27.578174614196584,4.979698997892129,0.7402985107140261,0.8066784260614793,292.25240478515633,261.99836247863783,-0.10352025102670813,0.7044580221769631,1477.7573136112435,27.578174614196584,0.3508690433880815
0.919,1478.0476231559464,38.44538493962502,27.58219584424149,4.979389250665181,0.7402474916323278,0.8066048445437505,292.25240478515633,261.97844820556656,-0.10358839169123372,0.7044580221769631,1478.0476231559464,27.58219584424149,0.3509101251366997
0.92,1478.338366758817,38.44916600862517,27.58622691627609,4.979079503438232,0.7401963962691241,0.8065268064601487,292.25240478515633,261.94167309570327,-0.10371422507792677,0.7044580221769631,1478.338366758817,27.58622691627609,0.3509512935860233
0.921,1478.6295444198558,38.45295234985028,27.5902628639217,4.9787697562112845,0.7401452246244149,0.8064568506098598,292.25240478515633,261.90489798584,-0.1038400584646196,0.7046843177189409,1478.6295444198558,27.5902628639217,0.350992515623572
0.922,1478.921156139062,38.45674396174307,27.5942989889399,4.978460008984334,0.7400939766982003,0.8063832462865397,292.25240478515633,261.8681228759767,-0.10396589185131264,0.7045248868778281,1478.921156139062,27.5942989889399,0.35103375992430286
0.923,1479.2132019164362,38.46054084274474,27.5983351139581,4.978150261757388,0.7400426524904802,0.8063072280034219,292.25240478515633,261.8313477661135,-0.10409172523800547,0.7042731177933529,1479.2132019164362,27.5983351139581,0.35107502529960194
0.924,1479.5056817519783,38.46434299129491,27.602371238976296,4.977840514530438,0.7399912520012546,0.806234229132416,292.25240478515633,261.7945726562502,-0.1042175586246985,0.7042731177933529,1479.5056817519783,27.602371238976296,0.35111631174322827
0.925,1479.7985956456878,38.46815040583168,27.60640856100839,4.977530767303491,0.7399397752305235,0.8061530538747317,292.25240478515633,261.7577975463869,-0.10434339201139153,0.7044323835368611,1479.7985956456878,27.60640856100839,0.35115762722832045
0.926,1480.0919435975657,38.471963084791575,27.610448524367442,4.9772210200765405,0.7398882221782868,0.8060707459259608,292.25240478515633,261.7210224365236,-0.10446922539808456,0.7042062415196744,1480.0919435975657,27.610448524367442,0.3511989813765259
0.927,1480.385725607611,38.475781026609596,27.614494545684273,4.976911272849593,0.7398365928445447,0.8059960038726427,292.25240478515633,261.68424732666034,-0.10459505878477741,0.7038209360162786,1480.385725607611,27.614494545684273,0.35124039695710607
0.928,1480.6799416758245,38.47960422971921,27.61854844461456,4.976601525622645,0.7397848872292971,0.8059240437601866,292.25240478515633,261.64747221679704,-0.10472089217147044,0.7040470269048157,1480.6799416758245,27.61854844461456,0.3512818860937582
0.929,1480.9745918022054,38.48343269255233,27.622606537482124,4.976291778395695,0.7397331053325442,0.8058474177361651,292.25240478515633,261.61069710693374,-0.10484672555816348,0.7040470269048157,1480.9745918022054,27.622606537482124,0.3513234242245453
0.93,1481.2696759867545,38.48726641353935,27.626678826806614,4.975982031168747,0.7396812471542856,0.8057772486254917,292.25240478515633,261.5739219970705,-0.10497255894485631,0.7040470269048157,1481.2696759867545,27.626678826806614,0.3513650780207459
0.931,1481.5651942294708,38.49110539110914,27.630753188964334,4.975672283941798,0.7396293126945217,0.8057038729804208,292.25240478515633,261.5371468872072,-0.10509839233154934,0.7040470269048157,1481.5651942294708,27.630753188964334,0.3514067666590787
0.932,1481.8611465303554,38.49494962368902,27.634827551122058,4.975362536714849,0.7395773019532521,0.8056238520751197,292.25240478515633,261.5003717773439,-0.10522422571824237,0.703887884267631,1481.8611465303554,27.634827551122058,0.3514484763155896
0.933,1482.157532889408,38.49879910970481,27.638902088062636,4.975052789487901,0.7395252149304772,0.8055516582455029,292.25240478515633,261.4635966674806,-0.10535005910493542,0.703887884267631,1482.157532889408,27.638902088062636,0.3514902081490982
0.934,1482.454353306628,38.502653847580795,27.642977666391605,4.974743042260952,0.7394730516261967,0.8054816669220803,292.25240478515633,261.4268215576173,-0.10547589249162845,0.7035698147311342,1482.454353306628,27.642977666391605,0.35153196793016067
0.935,1482.751607782016,38.50651383573974,27.6470586327551,4.974433295034004,0.7394208120404108,0.805406114346804,292.25240478515633,261.39004644775406,-0.10560172587832128,0.7033438770899232,1482.751607782016,27.6470586327551,0.3515737846275422
0.936,1483.0492963155716,38.5103790726029,27.651141338301034,4.974123547807055,0.7393684961731194,0.805330206839437,292.25240478515633,261.35327133789076,-0.10572755926501431,0.7033438770899232,1483.0492963155716,27.651141338301034,0.35161563391140294
0.937,1483.3474189072954,38.51424955659003,27.655224822594935,4.973813800580106,0.7393161040243226,0.8052578506002834,292.25240478515633,261.3164962280275,-0.10585339265170715,0.703185001129433,1483.3474189072954,27.655224822594935,0.3516575093730932
0.9380000000000001,1483.6459755571868,38.51812528611935,27.659316904855885,4.9735040533531585,0.7392636355940201,0.8051850007284844,292.25240478515633,261.2797211181643,-0.10597922603839999,0.703185001129433,1483.6459755571868,27.659316904855885,0.3516994631297954
0.9390000000000001,1483.9449662652457,38.52200625960758,27.663414532594626,4.973194306126208,0.7392110908822123,0.8051062171670404,292.25240478515633,261.242946008301,-0.10610505942509303,0.703185001129433,1483.9449662652457,27.663414532594626,0.35174147482705154
0.9400000000000001,1484.244391031473,38.52589247546996,27.66752223532427,4.972884558899261,0.7391584698888989,0.8050264585461151,292.25240478515633,261.2061708984377,-0.10623089281178606,0.703185001129433,1484.244391031473,27.66752223532427,0.35178357465260185
0.9410000000000001,1484.5442498558677,38.529783932120196,27.671634252972904,4.972574811672312,0.7391057726140802,0.8049540253983168,292.25240478515633,261.1693957885744,-0.10635672619847909,0.703185001129433,1484.5442498558677,27.671634252972904,0.35182572420302444
0.9420000000000001,1484.8445427384304,38.53368062797052,27.675746270621534,4.972265064445364,0.7390529990577559,0.8048679608707846,292.25240478515633,261.13262067871113,-0.10648255958517193,0.703026196928636,1484.8445427384304,27.675746270621534,0.3518678947083907
0.9430000000000001,1485.1452696791612,38.537582561431655,27.67985828827016,4.9719553172184145,0.7390001492199261,0.8047964838313427,292.25240478515633,261.09584556884784,-0.10660839297186496,0.703026196928636,1485.1452696791612,27.67985828827016,0.3519100861623441
0.9440000000000001,1485.4464306780596,38.541489730912836,27.68397030591879,4.971645569991466,0.7389472231005907,0.8047259571787841,292.25240478515633,261.05907045898454,-0.10673422635855799,0.7028674644389252,1485.4464306780596,27.68397030591879,0.35195229855852217
0.9450000000000001,1485.7480257351253,38.545402134821806,27.68808232356742,4.971335822764518,0.7388942206997501,0.8046487540086843,292.25240478515633,261.02229534912124,-0.10686005974525103,0.7028674644389252,1485.7480257351253,27.68808232356742,0.35199453189055635
0.9460000000000001,1486.0500548503596,38.54931977156484,27.692194341216055,4.971026075537568,0.7388411420174038,0.8045664422656733,292.25240478515633,260.985520239258,-0.10698589313194387,0.7028674644389252,1486.0500548503596,27.692194341216055,0.35203678615207246
0.9470000000000001,1486.3525180237614,38.553242639546696,27.696311347443455,4.97071632831062,0.7387879870535521,0.8044895996086096,292.25240478515633,260.9487451293947,-0.1071117265186369,0.7028674644389252,1486.3525180237614,27.696311347443455,0.3520790945909354
0.9480000000000001,1486.6554152553313,38.557170737170686,27.700438938990203,4.9704065810836715,0.7387347558081949,0.8044134698270285,292.25240478515633,260.9119700195314,-0.10723755990532993,0.7028674644389252,1486.6554152553313,27.700438938990203,0.3521214945090571
0.9490000000000001,1486.9587465450686,38.561104062838616,27.704569649634212,4.970096833856724,0.7386814482813322,0.804342466304737,292.25240478515633,260.87519490966815,-0.10736339329202277,0.7028674644389252,1486.9587465450686,27.704569649634212,0.3521639361296414
0.9500000000000001,1487.2625118929736,38.56504261495083,27.708700544479147,4.969787086629775,0.7386280644729641,0.8042644262537516,292.25240478515633,260.83841979980485,-0.1074892266787158,0.7028674644389252,1487.2625118929736,27.708700544479147,0.3522063998820481
0.9510000000000001,1487.5667112990468,38.568986391906215,27.71283666213531,4.969477339402826,0.7385746043830904,0.8041859109591362,292.25240478515633,260.80164468994155,-0.10761506006540884,0.7028674644389252,1487.5667112990468,27.71283666213531,0.3522489193476327
0.9520000000000001,1487.8713447632874,38.57293539210216,27.716978679677805,4.969167592175878,0.7385210680117114,0.8041029998466404,292.25240478515633,260.76486958007825,-0.10774089345210187,0.7028674644389252,1487.8713447632874,27.716978679677805,0.3522914990334194
0.9530000000000001,1488.1764122856962,38.57688961393461,27.7211206972203,4.968857844948929,0.7384674553588267,0.8040275977159955,292.25240478515633,260.728094470215,-0.10786672683879471,0.7028674644389252,1488.1764122856962,27.7211206972203,0.35233409960390166
0.9540000000000001,1488.4819138662726,38.58084905579804,27.725262714762803,4.96854809772198,0.7384137664244367,0.8039624548693207,292.25240478515633,260.6913193603517,-0.10799256022548774,0.7027088036117382,1488.4819138662726,27.725262714762803,0.35237672105265805
0.9550000000000001,1488.7878495050172,38.58481371608547,27.729430377055547,4.9682383504950325,0.7383600012085411,0.8038919531904907,292.25240478515633,260.65454425048847,-0.10811839361218058,0.7027088036117382,1488.7878495050172,27.729430377055547,0.3524195343231161
0.9560000000000001,1489.0942192019293,38.58878359318844,27.733603357618243,4.967928603268084,0.73830615971114,0.8038143331357871,292.25240478515633,260.6177691406252,-0.10824422699887341,0.7027088036117382,1489.0942192019293,27.733603357618243,0.35246240391097944
0.9570000000000001,1489.4010229570092,38.59275868549707,27.737779524557734,4.967618856041134,0.7382522419322335,0.8037365882525916,292.25240478515633,260.58099403076193,-0.10837006038556644,0.7027088036117382,1489.4010229570092,27.737779524557734,0.3525053155984472
0.9580000000000001,1489.7082607702569,38.596738991399995,27.741956479216814,4.967309108814186,0.7381982478718214,0.8036565697964827,292.25240478515633,260.54421892089863,-0.10849589377225949,0.7027088036117382,1489.7082607702569,27.741956479216814,0.3525482533894433
0.9590000000000001,1490.0159326416726,38.60072450928444,27.74613343387589,4.966999361587238,0.738144177529904,0.8035785326564221,292.25240478515633,260.5074438110354,-0.10862172715895232,0.7025502143985556,1490.0159326416726,27.74613343387589,0.3525912120265184
0.96,1490.324038571256,38.604715237536155,27.75031038853497,4.966689614360289,0.7380900309064811,0.8035011743641354,292.25240478515633,260.4706687011721,-0.10874756054564536,0.7025502143985556,1490.324038571256,27.75031038853497,0.3526341915032162
0.961,1490.632578559007,38.608711174539444,27.754487343194047,4.96637986713334,0.7380358080015526,0.8034286379889157,292.25240478515633,260.4338935913088,-0.10887339393233839,0.7025502143985556,1490.632578559007,27.754487343194047,0.3526771918130744
0.962,1490.941552604926,38.612712318677204,27.758670116647178,4.966070119906392,0.7379815088151187,0.803350028621236,292.25240478515633,260.39711848144555,-0.10899922731903122,0.7026173285198556,1490.941552604926,27.758670116647178,0.3527202517381487
0.963,1491.2509607090128,38.616718668330854,27.762855323732825,4.965760372679443,0.7379271333471793,0.8032715956154576,292.25240478515633,260.3603433715822,-0.10912506070572445,0.7023916967509025,1491.2509607090128,27.762855323732825,0.3527633487062213
0.964,1491.5608028712677,38.62073022188042,27.76704053081847,4.965450625452494,0.7378726815977343,0.8031945206465075,292.25240478515633,260.32356826171895,-0.1092508940924173,0.7026173285198556,1491.5608028712677,27.76704053081847,0.3528064664880334
0.965,1491.8710790916903,38.62474697770447,27.771225737904114,4.9651408782255455,0.7378181535667839,0.8031163578749413,292.25240478515633,260.28679315185565,-0.10937672747911033,0.7024588314910896,1491.8710790916903,27.771225737904114,0.3528496050770998
0.966,1492.1817893702805,38.62876893418014,27.775410944989762,4.964831130998597,0.7377635492543282,0.8030357588197943,292.25240478515633,260.25001804199235,-0.10950256086580336,0.702142051860203,1492.1817893702805,27.775410944989762,0.3528927644669297
0.967,1492.4929337070387,38.63279608968316,27.779596152075406,4.964521383771649,0.7377088686603668,0.8029552178024683,292.25240478515633,260.2132429321291,-0.1096283942524962,0.7019165727170237,1492.4929337070387,27.779596152075406,0.35293594465102657
0.968,1492.8045121019647,38.63682844258784,27.78378135916105,4.964211636544701,0.7376541117848999,0.8028694596046175,292.25240478515633,260.1764678222658,-0.10975422763918923,0.7019165727170237,1492.8045121019647,27.78378135916105,0.35297914562288824
0.969,1493.1165245550583,38.64086599126705,27.78796656624669,4.963901889317752,0.7375992786279276,0.8027872554453777,292.25240478515633,260.1396927124025,-0.10988006102588226,0.7019165727170237,1493.1165245550583,27.78796656624669,0.35302236737600673
0.97,1493.42897106632,38.644908734092255,27.79215177333234,4.9635921420908025,0.7375443691894499,0.8027035146791204,292.25240478515633,260.10291760253926,-0.1100058944125751,0.7019165727170237,1493.42897106632,27.79215177333234,0.3530656099038685
0.971,1493.7418516357493,38.64895666943352,27.79634294439419,4.963282394863855,0.7374893834694666,0.8026275991416155,292.25240478515633,260.06614249267597,-0.11013172779926814,0.7019165727170237,1493.7418516357493,27.79634294439419,0.3531089129562732
0.972,1494.0551662633463,38.653009795659464,27.80053750039224,4.962972647636906,0.7374343214679778,0.8025555325696077,292.25240478515633,260.0293673828127,-0.11025756118596097,0.7017583408476105,1494.0551662633463,27.80053750039224,0.3531522593346193
0.973,1494.3689149491115,38.65706811113734,27.804732106110862,4.962662900409957,0.7373791831849836,0.8024834263688696,292.25240478515633,259.9925922729494,-0.110383394572654,0.7019837691614067,1494.3689149491115,27.804732106110862,0.3531956267995752
0.974,1494.6830976930446,38.66113161423298,27.808927047134873,4.96235315318301,0.7373239686204838,0.8024054594724395,292.25240478515633,259.9558171630861,-0.11050922795934703,0.7019837691614067,1494.6830976930446,27.808927047134873,0.35323901724833495
0.975,1494.9977144951451,38.6652003033108,27.81312334511163,4.962043405956059,0.7372686777744787,0.802325932039181,292.25240478515633,259.9190420532229,-0.11063506134603987,0.7019837691614067,1494.9977144951451,27.81312334511163,0.3532824374847358
0.976,1495.3127653554136,38.66927417673383,27.817319743559956,4.961733658729111,0.737213310646968,0.8022487673133659,292.25240478515633,259.8822669433596,-0.11076089473273291,0.7019837691614067,1495.3127653554136,27.817319743559956,0.35332587912643143
0.977,1495.62825027385,38.67335323286371,27.821516735608498,4.961423911502163,0.7371578672379517,0.8021683332574753,292.25240478515633,259.84549183349634,-0.11088672811942575,0.7019837691614067,1495.62825027385,27.821516735608498,0.3533693454541019
0.978,1495.944169250454,38.67743747006068,27.82571372765704,4.961114164275215,0.7371023475474302,0.8020885886089897,292.25240478515633,259.80871672363304,-0.11101256150611878,0.7017583408476105,1495.944169250454,27.82571372765704,0.35341283250420474
0.979,1496.2605222852255,38.68152688668359,27.829910719705584,4.960804417048266,0.7370467515754031,0.802010516497679,292.25240478515633,259.77194161376974,-0.11113839489281181,0.7017583408476105,1496.2605222852255,27.829910719705584,0.3534563402701759
0.98,1496.5773093781656,38.68562148108992,27.834113852241387,4.960494669821317,0.7369910793218705,0.8019293988361581,292.25240478515633,259.7351665039065,-0.11126422827950465,0.7016001803020059,1496.5773093781656,27.834113852241387,0.3534999096784008
0.981,1496.8945305292734,38.68972125163573,27.838324943310603,4.960184922594369,0.7369353307868323,0.8018483449138557,292.25240478515633,259.6983913940432,-0.11139006166619768,0.7017583408476105,1496.8945305292734,27.838324943310603,0.3535435528415381
0.982,1497.2121857385487,38.69382619667572,27.842537768765084,4.95987517536742,0.7368795059702888,0.8017697479125883,292.25240478515633,259.6622737518313,-0.1115136453959481,0.7017583408476105,1497.2121857385487,27.842537768765084,0.35358722826236244
0.983,1497.5302750059918,38.697936314563236,27.846754739673788,4.959565428140471,0.7368236048722397,0.8016820678016333,292.25240478515633,259.6686851791384,-0.1114917074163042,0.7016001803020059,1497.5302750059918,27.846754739673788,0.3536309520066568
0.984,1497.848798331603,38.7020516036502,27.8509717105825,4.9592556809135235,0.7367676274926852,0.8016045107634361,292.25240478515633,259.6750966064455,-0.11146976943666011,0.7018255578093306,1497.848798331603,27.8509717105825,0.3536746964339164
0.985,1498.1677557153816,38.706172062287195,27.855188681491203,4.958945933686575,0.7367115738316252,0.8015180209196557,292.25240478515633,259.6815080337526,-0.11144783145701602,0.7019837691614067,1498.1677557153816,27.855188681491203,0.35371846153754416
0.986,1498.487147157328,38.710297688823424,27.859405652399907,4.958636186459627,0.7366554438890598,0.8014516266763825,292.25240478515633,259.6879194610597,-0.11142589347737192,0.7019837691614067,1498.487147157328,27.859405652399907,0.3537622473109374
0.987,1498.8069726574429,38.71442848160674,27.86362401156801,4.958326439232677,0.7365992376649887,0.801367843129566,292.25240478515633,259.6943308883669,-0.11140395549772764,0.7019837691614067,1498.8069726574429,27.86362401156801,0.3538060630017309
0.988,1499.1272322157251,38.7185644389836,27.86784654247786,4.958016692005729,0.7365429551594123,0.8012862259332483,292.25240478515633,259.700742315674,-0.11138201751808353,0.7019837691614067,1499.1272322157251,27.86784654247786,0.35384992715821595
0.989,1499.4479258321753,38.72270555929912,27.872069073387703,4.9577069447787805,0.7364865963723304,0.8012049952876884,292.25240478515633,259.7071537429811,-0.11136007953843945,0.7018255578093306,1499.4479258321753,27.872069073387703,0.35389381196462616
0.99,1499.7690535067932,38.726851840897076,27.87629680374248,4.957397197551831,0.736430161303743,0.8011265358627567,292.25240478515633,259.71356517028823,-0.11133814155879534,0.7018255578093306,1499.7690535067932,27.87629680374248,0.3539377520742321
0.991,1500.090615239579,38.73100328211986,27.880528478672232,4.957087450324883,0.73637364995365,0.8010446491348638,292.25240478515633,259.71997659759535,-0.11131620357915126,0.7019837691614067,1500.090615239579,27.880528478672232,0.35398173911534575
0.992,1500.4126110305324,38.73515988130851,27.884767804983234,4.956777703097934,0.7363170623220516,0.8009618887681297,292.25240478515633,259.72638802490246,-0.11129426559950717,0.7017583408476105,1500.4126110305324,27.884767804983234,0.3540257977911841
0.993,1500.735040879654,38.73932163680276,27.889016496445066,4.956467955870987,0.7362603984089477,0.8008865802889668,292.25240478515633,259.7327994522096,-0.11127232761986307,0.7015329125338142,1500.735040879654,27.889016496445066,0.3540699395192251
0.994,1501.0579047869433,38.74348854694093,27.893267134408948,4.9561582086440366,0.7362036582143383,0.8008031378824791,292.25240478515633,259.7392108795167,-0.11125038964021898,0.7017583408476105,1501.0579047869433,27.893267134408948,0.3541141148395457
0.995,1501.3812027524002,38.747660610060066,27.897518606813605,4.955848461417088,0.7361468417382235,0.8007170933098393,292.25240478515633,259.7456223068238,-0.11122845166057488,0.7016001803020059,1501.3812027524002,27.897518606813605,0.3541583163324098
0.996,1501.7049347760249,38.751837824495816,27.901772676462265,4.955538714190141,0.7360899489806032,0.8006353993654796,292.25240478515633,259.752033734131,-0.1112065136809306,0.7016001803020059,1501.7049347760249,27.901772676462265,0.3542025557421407
0.997,1502.0291008578176,38.756020188582546,27.906026746110914,4.955228966963191,0.7360329799414774,0.8005535889238957,292.25240478515633,259.75844516143803,-0.1111845757012867,0.7016001803020059,1502.0291008578176,27.906026746110914,0.35424681574865063
0.998,1502.353700997778,38.76020770065323,27.91028081575957,4.954919219736242,0.7359759346208461,0.8004760345356441,292.25240478515633,259.76485658874515,-0.1111626377216426,0.7016001803020059,1502.353700997778,27.91028081575957,0.35429109634527206
0.999,1502.6787351959063,38.764400359039556,27.914536652684546,4.954609472509294,0.7359188130187094,0.8004027274077236,292.25240478515633,259.77126801605226,-0.11114069974199851,0.7014420910319964,1502.6787351959063,27.914536652684546,0.35433540930613056
1.0,1503.0042034522025,38.768598162071875,27.91879284164344,4.954299725282346,0.7358616151350672,0.8003246790937294,292.25240478515633,259.77767944335943,-0.11111876176235422,0.701284072989412,1503.0042034522025,27.91879284164344,0.35437974519043486
