huber_weight,mse,rmse,mae,bias,r2,spearman_r,pctl_obs_mm,pctl_pred_mm,pctl_rel_bias,csi_50mm,mse_objective,mae_objective,balanced_objective
0.0,1394.3480019808599,37.3409694836765,25.364254721064,5.264046952230931,0.7549568867891839,0.8443056105026258,292.25240478515633,270.42062072753913,-0.07470181151688524,0.7370396434435843,1394.3480019808599,25.364254721064,0.33246691048121313
0.001,1394.2484993419384,37.33963710779657,25.364239163146472,5.261834314766292,0.7549743734111601,0.8442969530303921,292.25240478515633,270.38804809112554,-0.07481326530094404,0.7370396434435843,1394.2484993419384,25.364239163146472,0.3324555778957685
0.002,1394.14942866931,37.338310468864414,25.364224331000482,5.259621677301653,0.7549917841192576,0.8442854193635542,292.25240478515633,270.35547545471195,-0.07492471908500285,0.7370396434435843,1394.14942866931,25.364224331000482,0.3324442730941302
0.003,1394.050789962975,37.33698956749158,25.364212342459695,5.257409039837014,0.7550091189134762,0.844276953831689,292.25240478515633,270.3229028182984,-0.07503617286906146,0.7370396434435843,1394.050789962975,25.364212342459695,0.33243301019638444
0.004,1393.9525832229324,37.33567440428701,25.364211228400976,5.255196402372373,0.755026377793816,0.844266522000133,292.25240478515633,270.2903301818848,-0.07514762665312026,0.7366322701688556,1393.9525832229324,25.364211228400976,0.33242184273940256
0.005,1393.8548084491833,37.33436497985714,25.364218834208454,5.252983764907734,0.755043560760277,0.8442564622450117,292.25240478515633,270.25775754547124,-0.07525908043717906,0.7366322701688556,1393.8548084491833,25.364218834208454,0.3324107563627768
0.006,1393.7574656417266,37.333061294805795,25.364231768496445,5.250771127443094,0.7550606678128593,0.8442450491506927,292.25240478515633,270.2301946472168,-0.0753533924010949,0.7368050668543279,1393.7574656417266,25.364231768496445,0.33239972846168747
0.007,1393.6605548005637,37.33176334973428,25.364248121520003,5.248558489978456,0.7550776989515626,0.8442324597415636,292.25240478515633,270.203113949585,-0.07544605441922869,0.7368050668543279,1393.6605548005637,25.364248121520003,0.3323887463080346
0.008,1393.564075925693,37.3304711452413,25.36426447454356,5.246345852513817,0.7550946541763872,0.8442223873791259,292.25240478515633,270.1760332519532,-0.07553871643736228,0.7368050668543279,1393.564075925693,25.36426447454356,0.3323777871146615
0.009000000000000001,1393.4680290171157,37.32918468192301,25.364284103561637,5.244133215049177,0.7551115334873331,0.8442110064655842,292.25240478515633,270.14895255432134,-0.07563137845549607,0.7368050668543279,1393.4680290171157,25.364284103561637,0.3323668727219812
0.01,1393.3724140748309,37.32790396037301,25.364308299163735,5.241920577584537,0.7551283368844002,0.8441975967176534,292.25240478515633,270.12187185668944,-0.07572404047363006,0.7368050668543279,1393.3724140748309,25.364308299163735,0.33235601173553553
0.011,1393.2772310988394,37.32662898118231,25.364338273341822,5.239707940119898,0.7551450643675883,0.844189595347828,292.25240478515633,270.09479115905765,-0.07581670249176364,0.7368050668543279,1393.2772310988394,25.364338273341822,0.332345212236919
0.012,1393.1824800891409,37.32535974493938,25.36437166560848,5.237495302655259,0.7551617159368977,0.8441805733274138,292.25240478515633,270.0677104614258,-0.07590936450989744,0.7368050668543279,1393.1824800891409,25.36437166560848,0.3323344584932967
0.013000000000000001,1393.0881610457357,37.324096252230085,25.364409152440015,5.235282665190619,0.7551782915923282,0.8441649447319586,292.25240478515633,270.040629763794,-0.07600202652803104,0.7368050668543279,1393.0881610457357,25.364409152440015,0.33232375501645434
0.014,1392.9942739686226,37.322838503637726,25.364448172115722,5.23307002772598,0.7551947913338801,0.844155527568539,292.25240478515633,270.0135490661621,-0.07609468854616501,0.7369779446269357,1392.9942739686226,25.364448172115722,0.3323130847320999
0.015,1392.9008188578034,37.32158649974306,25.3644923832943,5.230857390261342,0.755211215161553,0.8441459630520906,292.25240478515633,269.9864683685303,-0.07618735056429861,0.7368050668543279,1392.9008188578034,25.3644923832943,0.3323024720314534
0.016,1392.8077957132764,37.32034024112423,25.36453674161088,5.2286447527967015,0.7552275630753472,0.8441325208222524,292.25240478515633,269.9593876708985,-0.07628001258243239,0.7368050668543279,1392.8077957132764,25.36453674161088,0.3322918832907073
0.017,1392.7152045350433,37.31909972835684,25.36458109992746,5.226432115332062,0.7552438350752625,0.8441217790675284,292.25240478515633,269.93230697326663,-0.07637267460056618,0.7368050668543279,1392.7152045350433,25.36458109992746,0.3322813175313308
0.018000000000000002,1392.6230453231024,37.31786496201387,25.36462842880118,5.224219477867423,0.7552600311612991,0.8441078720733899,292.25240478515633,269.9052262756348,-0.07646533661869998,0.7368050668543279,1392.6230453231024,25.36462842880118,0.33227079455757513
0.019,1392.531318077455,37.31663594266577,25.3646792801821,5.222006840402783,0.7552761513334569,0.8441024815824163,292.25240478515633,269.87814557800294,-0.07655799863683375,0.7366322701688556,1392.531318077455,25.3646792801821,0.33226031805106326
0.02,1392.4400227981002,37.315412670880384,25.364730131563014,5.219794202938145,0.7552921955917358,0.8440920160042062,292.25240478515633,269.8510648803711,-0.07665066065496755,0.7368050668543279,1392.4400227981002,25.364730131563014,0.33224986453276545
0.021,1392.3491594850384,37.314195147222975,25.364781940582425,5.217581565473505,0.755308163936136,0.8440780764077085,292.25240478515633,269.8239841827393,-0.07674332267310115,0.7366322701688556,1392.3491594850384,25.364781940582425,0.3322394403886335
0.022,1392.2587281382696,37.31298337225623,25.364836395949652,5.215368928008865,0.7553240563666573,0.8440712241706769,292.25240478515633,269.7969034851074,-0.07683598469123512,0.7366322701688556,1392.2587281382696,25.364836395949652,0.33222905687798276
0.023,1392.168728757794,37.31177734654025,25.364891780316043,5.213156290544226,0.7553398728832998,0.8440600413606344,292.25240478515633,269.7698227874756,-0.07692864670936872,0.7366322701688556,1392.168728757794,25.364891780316043,0.3322187025550768
0.024,1392.079161343611,37.31057707063255,25.36494817094549,5.210943653079586,0.7553556134860636,0.8440492531314879,292.25240478515633,269.7427420898438,-0.07702130872750251,0.7366322701688556,1392.079161343611,25.36494817094549,0.3322083779371922
0.025,1391.9900258957211,37.309382545088056,25.36500456157493,5.208731015614948,0.7553712781749485,0.8440372165170444,292.25240478515633,269.7156613922119,-0.07711397074563629,0.7366322701688556,1391.9900258957211,25.36500456157493,0.3321980763187227
0.026000000000000002,1391.9013224141247,37.30819377045912,25.365060952204377,5.206518378150308,0.7553868669499546,0.8440276783996742,292.25240478515633,269.6885806945801,-0.07720663276377009,0.7368667917448405,1391.9013224141247,25.365060952204377,0.3321877977018775
0.027,1391.8130508988206,37.30701074729548,25.365125175297365,5.204305740685668,0.755402379811082,0.844019666771348,292.25240478515633,269.66149999694824,-0.07729929478190387,0.7368667917448405,1391.8130508988206,25.365125175297365,0.33217759430065275
0.028,1391.7252113498096,37.305833476144315,25.365200278844945,5.202093103221029,0.7554178167583305,0.8440073344270049,292.25240478515633,269.63441929931645,-0.07739195680003746,0.7368667917448405,1391.7252113498096,25.365200278844945,0.3321674864353771
0.029,1391.6378037670918,37.30466195755018,25.365275382392515,5.19988046575639,0.7554331777917003,0.8439958611668785,292.25240478515633,269.6073386016846,-0.07748461881817126,0.7366322701688556,1391.6378037670918,25.365275382392515,0.3321574015782909
0.03,1391.5508281506666,37.303496192055064,25.365356099079403,5.197667828291751,0.7554484629111912,0.8439852458868246,292.25240478515633,269.58025790405276,-0.07757728083630504,0.7366322701688556,1391.5508281506666,25.365356099079403,0.33214737714917547
0.031,1391.4642845005349,37.30233618019835,25.3654482596778,5.1954551908271105,0.7554636721168033,0.8439732471344809,292.25240478515633,269.55317720642086,-0.07766994285443903,0.7366322701688556,1391.4642845005349,25.3654482596778,0.33213745201855893
0.032,1391.378172816696,37.301181922516825,25.36554042027619,5.193242553362471,0.7554788054085366,0.8439627493754936,292.25240478515633,269.52609650878907,-0.07776260487257262,0.7366322701688556,1391.378172816696,25.36554042027619,0.33212754990260396
0.033,1391.29249309915,37.30003341954468,25.365632580874582,5.1910299158978335,0.7554938627863911,0.8439497497467753,292.25240478515633,269.4990158111573,-0.07785526689070621,0.7368667917448405,1391.29249309915,25.365632580874582,0.3321176708034472
0.034,1391.2072453478968,37.29889067181351,25.365727648497092,5.188817278433194,0.7555088442503668,0.843937925790456,292.25240478515633,269.47193511352543,-0.07794792890884,0.7368667917448405,1391.2072453478968,25.365727648497092,0.33210783410165856
0.035,1391.122429562937,37.29775367985231,25.365824266938954,5.186604640968555,0.7555237498004637,0.843932182354851,292.25240478515633,269.44485441589353,-0.07804059092697398,0.7368667917448405,1391.122429562937,25.365824266938954,0.3320980307587898
0.036000000000000004,1391.0380457442695,37.296622444187484,25.365921934791142,5.184392003503914,0.7555385794366818,0.8439220669910255,292.25240478515633,269.41777371826174,-0.07813325294510758,0.7368667917448405,1391.0380457442695,25.365921934791142,0.33208825743451564
0.037,1390.9540938918956,37.29549696534282,25.36602141028265,5.182179366039274,0.7555533331590211,0.8439115071992238,292.25240478515633,269.3906930206299,-0.07822591496324137,0.7364595545134818,1390.9540938918956,25.36602141028265,0.33207851918534315
0.038,1390.8705740058147,37.29437724383951,25.36612088577415,5.179966728574635,0.7555680109674815,0.8439030300638096,292.25240478515633,269.36361232299805,-0.07831857698137515,0.7366322701688556,1390.8705740058147,25.36612088577415,0.33206880396349575
0.039,1390.7874860860265,37.29326328019615,25.366220361265654,5.177754091109996,0.7555826128620632,0.8438906548586061,292.25240478515633,269.3365316253662,-0.07841123899950894,0.7366322701688556,1390.7874860860265,25.366220361265654,0.3320591117710478
0.04,1390.7048301325312,37.29215507492871,25.3663253087424,5.175541453645357,0.755597138842766,0.8438817962113454,292.25240478515633,269.3094509277344,-0.07850390101764254,0.7368050668543279,1390.7048301325312,25.3663253087424,0.3320494790867325
0.041,1390.6226061453294,37.29105262855058,25.366442429754553,5.173328816180717,0.75561158890959,0.8438691269424959,292.25240478515633,269.2823702301026,-0.07859656303577632,0.7368050668543279,1390.6226061453294,25.366442429754553,0.3320399505856462
0.042,1390.54081412442,37.28995594157252,25.366565752435186,5.171116178716079,0.7556259630625354,0.8438533507129572,292.25240478515633,269.25528953247067,-0.07868922505391031,0.7368050668543279,1390.54081412442,25.366565752435186,0.3320304864609129
0.043000000000000003,1390.4594540698038,37.288865014502704,25.36669586710785,5.1689035412514395,0.7556402613016018,0.8438399965135046,292.25240478515633,269.2282088348389,-0.07878188707204391,0.7368050668543279,1390.4594540698038,25.36669586710785,0.3320210906497066
0.044,1390.3785259814806,37.28777984784667,25.366827573232722,5.166690903786799,0.7556544836267894,0.8438279686519112,292.25240478515633,269.20112813720704,-0.07887454909017769,0.7369779446269357,1390.3785259814806,25.366827573232722,0.33201172848685545
0.045,1390.2980298594503,37.286700442107374,25.36696451495257,5.164478266322161,0.7556686300380984,0.8438123742849183,292.25240478515633,269.1740474395752,-0.07896721110831148,0.7369779446269357,1390.2980298594503,25.36696451495257,0.33200242426650395
0.046,1390.2179657037127,37.285626797785135,25.367104731839362,5.16226562885752,0.7556827005355284,0.8438002828848599,292.25240478515633,269.14696674194334,-0.07905987312644526,0.7369779446269357,1390.2179657037127,25.367104731839362,0.3319931649222908
0.047,1390.1383335142687,37.28455891537767,25.367247239507194,5.16005299139288,0.7556966951190797,0.8437902448111108,292.25240478515633,269.1198860443115,-0.07915253514457905,0.7369779446269357,1390.1383335142687,25.367247239507194,0.3319839438942155
0.048,1390.0591332911174,37.28349679538009,25.36738974717503,5.1578403539282425,0.755710613788752,0.8437833800069134,292.25240478515633,269.0928053466797,-0.07924519716271265,0.7369779446269357,1390.0591332911174,25.36738974717503,0.3319747459137376
0.049,1389.9803650342592,37.28244043828487,25.367533783775638,5.155627716463602,0.7557244565445457,0.8437685126685209,292.25240478515633,269.06572464904787,-0.07933785918084643,0.7369779446269357,1389.9803650342592,25.367533783775638,0.33196558117480907
0.05,1389.9020287436936,37.28138984458189,25.367682874376566,5.153415078998964,0.7557382233864606,0.8437533011985733,292.25240478515633,269.038643951416,-0.07943052119898023,0.7369779446269357,1389.9020287436936,25.367682874376566,0.3319564731777574
0.051000000000000004,1389.8241244194212,37.280345014758396,25.36783434893165,5.151202441534325,0.7557519143144965,0.84374019404631,292.25240478515633,269.0115632537842,-0.07952318321711402,0.7369779446269357,1389.8241244194212,25.36783434893165,0.33194740412580076
0.052000000000000005,1389.7466520614416,37.27930594929902,25.367988538620036,5.148989804069685,0.7557655293286538,0.8437260122608562,292.25240478515633,268.98220238037106,-0.07962364731230151,0.7369779446269357,1389.7466520614416,25.367988538620036,0.3319383762285429
0.053,1389.6696116697553,37.27827264868579,25.36814300889465,5.1467771666050455,0.7557790684289322,0.8437112661173185,292.25240478515633,268.95269253234864,-0.07972462115388246,0.7369779446269357,1389.6696116697553,25.36814300889465,0.3319293732590358
0.054,1389.5930032443619,37.27724511339809,25.368314274212114,5.144564529140406,0.7557925316153318,0.8436988284978689,292.25240478515633,268.9305169403076,-0.07980049937311333,0.7369779446269357,1389.5930032443619,25.368314274212114,0.33192050530582035
0.055,1389.5168267852612,37.27622334391269,25.368494294725362,5.142351891675767,0.7558059188878526,0.8436856496163997,292.25240478515633,268.9203221664429,-0.07983538282898163,0.7369779446269357,1389.5168267852612,25.368494294725362,0.3319117187765716
0.056,1389.4410822924538,37.27520734070374,25.368677133433803,5.140139254211128,0.7558192302464947,0.8436720080183155,292.25240478515633,268.9071799194336,-0.07988035165316956,0.7369779446269357,1389.4410822924538,25.368677133433803,0.3319029740966886
0.057,1389.3657697659394,37.27419710424276,25.3688651219613,5.137926616746488,0.7558324656912578,0.8436593427444595,292.25240478515633,268.89403767242436,-0.0799253204773573,0.7371509035437691,1389.3657697659394,25.3688651219613,0.3318942868108393
0.058,1389.2908892057176,37.27319263499865,25.369055261363005,5.1357139792818485,0.7558456252221423,0.843648924865268,292.25240478515633,268.880895425415,-0.07997028930154543,0.7369779446269357,1389.2908892057176,25.369055261363005,0.3318856369297047
0.059000000000000004,1389.2164406117888,37.272193933437684,25.369254207663168,5.133501341817209,0.7558587088391479,0.8436386522512691,292.25240478515633,268.86775317840574,-0.08001525812573336,0.7369779446269357,1389.2164406117888,25.369254207663168,0.33187706882471346
0.06,1389.1424239841535,37.27120100002351,25.369458836303508,5.131288704352571,0.7558717165422746,0.8436264219298267,292.25240478515633,268.8546109313965,-0.0800602269499211,0.7369779446269357,1389.1424239841535,25.369458836303508,0.331868561669177
0.061,1389.068839322811,37.27021383521714,25.369664395452137,5.129076066887938,0.7558846483315226,0.8436143989666176,292.25240478515633,268.8414686843873,-0.08010519577410884,0.7369779446269357,1389.068839322811,25.369664395452137,0.33186008378886644
0.062,1388.9956866277612,37.26923243947695,25.369879300483536,5.126863429423291,0.7558975042068917,0.8436012415456917,292.25240478515633,268.828326437378,-0.08015016459829677,0.7368050668543279,1388.9956866277612,25.369879300483536,0.3318516912831413
0.063,1388.9229658990048,37.268256813258716,25.370097565524937,5.124650791958661,0.755910284168382,0.8435885231323988,292.25240478515633,268.8340038360596,-0.08013073824426635,0.7368050668543279,1388.9229658990048,25.370097565524937,0.33184334425154155
0.064,1388.850677136541,37.26728695701554,25.37032099921982,5.122438154494014,0.7559229882159937,0.8435789038704863,292.25240478515633,268.8527290527344,-0.08006666617379507,0.7369779446269357,1388.850677136541,25.37032099921982,0.33183505475243436
0.065,1388.7788203403704,37.266322871197936,25.370544432914706,5.120225517029382,0.7559356163497264,0.8435671961303363,292.25240478515633,268.87145426940924,-0.0800025941033236,0.7369779446269357,1388.7788203403704,25.370544432914706,0.3318267883329846
0.066,1388.7073955104925,37.265364556253736,25.37076786660959,5.118012879564735,0.7559481685695804,0.8435542290036007,292.25240478515633,268.89017948608404,-0.07993852203285232,0.7369779446269357,1388.7073955104925,25.37076786660959,0.3318185449949833
0.067,1388.6364026469075,37.264412012628185,25.37099395768672,5.115800242100104,0.7559606448755556,0.8435429867504632,292.25240478515633,268.9054323776246,-0.07988633121665772,0.7369779446269357,1388.6364026469075,25.37099395768672,0.33181034245452357
0.068,1388.565841749616,37.26346524076386,25.371228340467365,5.1135876046354545,0.7559730452676519,0.8435278842896361,292.25240478515633,268.9121595031739,-0.07986331301239617,0.7369779446269357,1388.565841749616,25.371228340467365,0.3318022182721893
0.069,1388.4957128186174,37.2625242411007,25.37146507739213,5.111374967170825,0.7559853697458694,0.843518845787364,292.25240478515633,268.9188866287232,-0.07984029480813441,0.7369779446269357,1388.4957128186174,25.37146507739213,0.3317941328695179
0.07,1388.4260158539114,37.26158901407603,25.371701814316896,5.1091623297061775,0.7559976183102082,0.8435060270174242,292.25240478515633,268.9256137542725,-0.07981727660387286,0.7369779446269357,1388.4260158539114,25.371701814316896,0.3317860705553548
0.07100000000000001,1388.3567508554986,37.260659560124516,25.371938551241666,5.106949692241547,0.7560097909606681,0.8434930687037647,292.25240478515633,268.9323408798218,-0.07979425839961111,0.7372125762552793,1388.3567508554986,25.371938551241666,0.3317780313314385
0.07200000000000001,1388.2879178233786,37.259735879678196,25.37217528816643,5.104737054776898,0.7560218876972493,0.8434821420350426,292.25240478515633,268.9390680053711,-0.07977124019534955,0.7372125762552793,1388.2879178233786,25.37217528816643,0.3317700151994969
0.073,1388.219516757552,37.25881797316646,25.372413118621008,5.102524417312267,0.7560339085199516,0.8434710239479108,292.25240478515633,268.94579513092043,-0.0797482219910878,0.7372125762552793,1388.219516757552,25.372413118621008,0.33176202945080036
0.074,1388.151547658018,37.257905841016054,25.372654739161607,5.100311779847627,0.7560458534287751,0.8434544603432861,292.25240478515633,268.9450079864502,-0.0797509153631776,0.7372125762552793,1388.151547658018,25.372654739161607,0.3317540920625044
0.075,1388.0840105247767,37.25699948365108,25.37289635970221,5.0980991423829884,0.7560577224237199,0.8434399819847684,292.25240478515633,268.93368312835696,-0.07978966562804393,0.7370396434435843,1388.0840105247767,25.37289635970221,0.3317461777713038
0.076,1388.016905357829,37.25609890149302,25.373139726874363,5.09588650491835,0.7560695155047857,0.8434221525092218,292.25240478515633,268.9223582702637,-0.07982841589291026,0.7370396434435843,1388.016905357829,25.373139726874363,0.3317382982220628
0.077,1387.950232157174,37.25520409496067,25.37338997650038,5.09367386745371,0.7560812326719729,0.8434083255354066,292.25240478515633,268.91103341217047,-0.07986716615777659,0.7374472078836227,1387.950232157174,25.37338997650038,0.3317304876522388
0.078,1387.8839909228118,37.254315064470205,25.37364098831957,5.091461229989072,0.7560928739252812,0.8433945599921455,292.25240478515633,268.89970855407716,-0.07990591642264311,0.7374472078836227,1387.8839909228118,25.37364098831957,0.33172270526537295
0.079,1387.8181816547428,37.25343181043517,25.37389200013876,5.089248592524432,0.7561044392647107,0.8433789719288106,292.25240478515633,268.888383695984,-0.07994466668750924,0.7374472078836227,1387.8181816547428,25.37389200013876,0.3317149459822818
0.08,1387.7528043529671,37.252554333266424,25.374143011957948,5.0870359550597914,0.7561159286902613,0.8433695475181915,292.25240478515633,268.8770588378907,-0.07998341695237576,0.7374472078836227,1387.7528043529671,25.374143011957948,0.3317072098046086
0.081,1387.6878590174838,37.2516826333722,25.374398118947653,5.084823317595153,0.7561273422019332,0.8433525277214388,292.25240478515633,268.8657339797974,-0.08002216721724209,0.7374472078836227,1387.6878590174838,25.374398118947653,0.33169952403270425
0.082,1387.6233456482937,37.25081671115807,25.374653606425742,5.0826106801305135,0.7561386797997264,0.8433360269927931,292.25240478515633,268.8544091217042,-0.08006091748210842,0.7376202769302981,1387.6233456482937,25.374653606425742,0.3316918639058372
0.083,1387.559264245397,37.249956567026985,25.374909445321546,5.080398042665873,0.7561499414836406,0.8433196478605087,292.25240478515633,268.84308426361093,-0.08009966774697476,0.7376202769302981,1387.559264245397,25.374909445321546,0.33168422923183194
0.084,1387.4956148087927,37.2491022013792,25.375170132315304,5.078185405201235,0.7561611272536761,0.8433081386454403,292.25240478515633,268.8317594055177,-0.08013841801184109,0.7376202769302981,1387.4956148087927,25.375170132315304,0.3316766499875017
0.085,1387.4323973384815,37.248253614612345,25.37543407559136,5.075972767736595,0.7561722371098327,0.8432949247124196,292.25240478515633,268.8204345474244,-0.08017716827670761,0.7376202769302981,1387.4323973384815,25.37543407559136,0.33166911556327255
0.08600000000000001,1387.369611834463,37.24741080712138,25.37570234530467,5.073760130271956,0.7561832710521107,0.843280735238109,292.25240478515633,268.80910968933114,-0.08021591854157394,0.7376202769302981,1387.369611834463,25.37570234530467,0.33166163309445873
0.08700000000000001,1387.307258296738,37.24657377929865,25.37597580994985,5.071547492807317,0.7561942290805097,0.8432651436816643,292.25240478515633,268.79778483123795,-0.08025466880644007,0.7375087966220971,1387.307258296738,25.37597580994985,0.3316542083720804
0.088,1387.2453367253058,37.2457425315338,25.376250441474756,5.069334855342677,0.75620511119503,0.8432547951226372,292.25240478515633,268.78645997314464,-0.08029341907130659,0.7375087966220971,1387.2453367253058,25.376250441474756,0.3316468145463943
0.089,1387.1838471201665,37.24491706421383,25.37652585883015,5.067122217878038,0.7562159173956715,0.8432394955219273,292.25240478515633,268.7751351150514,-0.08033216933617292,0.7375087966220971,1387.1838471201665,25.37652585883015,0.33163944907884496
0.09,1387.1227894813205,37.2440973777231,25.37680813370352,5.064909580413398,0.7562266476824341,0.8432291629830252,292.25240478515633,268.76381025695815,-0.08037091960103925,0.7375087966220971,1387.1227894813205,25.37680813370352,0.3316321524453003
0.091,1387.0621638087669,37.24328347244328,25.377091660817744,5.062696942948758,0.756237302055318,0.8432109120456964,292.25240478515633,268.7524853988649,-0.08040966986590557,0.7375087966220971,1387.0621638087669,25.377091660817744,0.33162488728208317
0.092,1387.0019701025067,37.24247534875342,25.377378850757957,5.060484305484119,0.756247880514323,0.8431971647910742,292.25240478515633,268.74116054077166,-0.0804484201307719,0.7373358348968105,1387.0019701025067,25.377378850757957,0.3316176696598536
0.093,1386.9422083625393,37.241673007029895,25.37766878116047,5.05827166801948,0.7562583830594493,0.8431772365185632,292.25240478515633,268.72983568267836,-0.08048717039563844,0.7373358348968105,1386.9422083625393,25.37766878116047,0.33161049343157045
0.094,1386.8828785888647,37.24087644764641,25.377959276106235,5.056059030554841,0.7562688096906968,0.8431593051807188,292.25240478515633,268.7185108245851,-0.08052592066050476,0.7373358348968105,1386.8828785888647,25.377959276106235,0.33160334409388653
0.095,1386.8239807814834,37.240085670974004,25.378249771052,5.053846393090201,0.7562791604080654,0.8431473707698541,292.25240478515633,268.70718596649186,-0.08056467092537109,0.7373358348968105,1386.8239807814834,25.378249771052,0.33159621788499766
0.096,1386.765514940395,37.23930067738108,25.378540265997763,5.051633755625562,0.7562894352115552,0.8431325569924808,292.25240478515633,268.6958611083986,-0.08060342119023742,0.7373358348968105,1386.765514940395,25.378540265997763,0.33158911480637737
0.097,1386.7074810655997,37.23852146723336,25.37883584859374,5.049421118160923,0.7562996341011662,0.843114861780838,292.25240478515633,268.68453625030537,-0.08064217145510374,0.7373358348968105,1386.7074810655997,25.37883584859374,0.3315820687741515
0.098,1386.649879157097,37.2377480408939,25.37913402624281,5.047208480696284,0.7563097570768984,0.8431065718078606,292.25240478515633,268.6732113922121,-0.08068092171997007,0.7373358348968105,1386.649879157097,25.37913402624281,0.33157506317393004
0.099,1386.5927092148877,37.23698039872309,25.37943220389187,5.044995843231645,0.7563198041387519,0.8430932521982266,292.25240478515633,268.6618865341188,-0.0807196719848366,0.7371629542790152,1386.5927092148877,25.37943220389187,0.33156808070833355
0.1,1386.5359712389713,37.23621854107868,25.379737493446623,5.042783205767006,0.7563297752867264,0.84308001578082,292.25240478515633,268.65056167602563,-0.08075842224970273,0.7369901547116737,1386.5359712389713,25.379737493446623,0.33156116878729675
0.101,1386.4796652293478,37.23546246831571,25.380046354598694,5.040570568302366,0.7563396705208223,0.8430592020852404,292.25240478515633,268.63923681793233,-0.08079717251456925,0.7369901547116737,1386.4796652293478,25.380046354598694,0.331554303812275
0.10200000000000001,1386.423791186017,37.23471218078659,25.380360518079975,5.038357930837727,0.7563494898410393,0.8430385499761087,292.25240478515633,268.62791195983914,-0.0808359227794354,0.7371629542790152,1386.423791186017,25.380360518079975,0.3315474973218681
0.10300000000000001,1386.3683491089798,37.23396767884105,25.380677650528778,5.036145293373088,0.7563592332473774,0.8430202755707024,292.25240478515633,268.61658710174584,-0.08087467304430192,0.7371629542790152,1386.3683491089798,25.380677650528778,0.33154073376310855
0.10400000000000001,1386.3133389982352,37.23322896282614,25.380995955377934,5.033932655908448,0.7563689007398369,0.8430053122721632,292.25240478515633,268.6052622436526,-0.08091342330916824,0.7371629542790152,1386.3133389982352,25.380995955377934,0.3315340011613309
0.105,1386.2587608537833,37.23249603308625,25.38131813788883,5.031720018443807,0.7563784923184175,0.8429917102626583,292.25240478515633,268.59393738555934,-0.08095217357403457,0.7373358348968105,1386.2587608537833,25.38131813788883,0.3315273175513908
0.106,1386.2046146756247,37.23176888996311,25.381640320399722,5.029507380979169,0.7563880079831193,0.842976595555871,292.25240478515633,268.5826125274661,-0.0809909238389009,0.7373358348968105,1386.2046146756247,25.381640320399722,0.3315206570858671
0.107,1386.1509004637594,37.23104753379576,25.381971373260523,5.027294743514529,0.7563974477339421,0.8429624244906514,292.25240478515633,268.57128766937285,-0.08102967410376723,0.7373358348968105,1386.1509004637594,25.381971373260523,0.3315140788965427
0.108,1386.0976182181864,37.23033196492057,25.382305542760932,5.02508210604989,0.7564068115708864,0.8429462623612267,292.25240478515633,268.5599628112796,-0.08106842436863355,0.7373358348968105,1386.0976182181864,25.382305542760932,0.33150754463009263
0.109,1386.0447679389067,37.22962218367125,25.38264419058157,5.02286946858525,0.7564160994939518,0.8429342235099591,292.25240478515633,268.5486379531863,-0.08110717463350008,0.7371629542790152,1386.0447679389067,25.38264419058157,0.3315010633649182
0.11,1385.99234962592,37.228918190378835,25.382982838402206,5.020656831120612,0.7564253115031384,0.8429158313827327,292.25240478515633,268.5373130950931,-0.08114592489836621,0.7369901547116737,1385.99234962592,25.382982838402206,0.3314946052495202
0.111,1385.9403632792262,37.228219985371666,25.38332278835372,5.018444193655972,0.7564344475984461,0.8428996385697206,292.25240478515633,268.5259882369998,-0.08118467516323273,0.7369901547116737,1385.9403632792262,25.38332278835372,0.33148817896531535
0.112,1385.8888088988256,37.227527568975425,25.38366355853932,5.016231556191333,0.7564435077798751,0.8428818702637487,292.25240478515633,268.51466337890656,-0.08122342542809907,0.7372245663384904,1385.8888088988256,25.38366355853932,0.3314817813012457
0.113,1385.8376864847176,37.226840941513125,25.384004328724924,5.014018918726693,0.7564524920474254,0.8428606839296248,292.25240478515633,268.5033385208133,-0.0812621756929654,0.7372245663384904,1385.8376864847176,25.384004328724924,0.3314754067908603
0.114,1385.7869960369028,37.22616010330508,25.384345098910526,5.0118062812620545,0.7564614004010967,0.8428458063929574,292.25240478515633,268.49201366272007,-0.08130092595783173,0.7372245663384904,1385.7869960369028,25.384345098910526,0.33146905543544036
0.115,1385.736737555381,37.225485054668944,25.384685869096124,5.009593643797415,0.7564702328408892,0.8428255256375479,292.25240478515633,268.48068880462677,-0.08133967622269825,0.7372245663384904,1385.736737555381,25.384685869096124,0.33146272723625636
0.116,1385.686911040152,37.22481579591969,25.385027021609556,5.007381006332776,0.7564789893668029,0.8428113550139859,292.25240478515633,268.4693639465336,-0.08137842648756438,0.7374589779653071,1385.686911040152,25.385027021609556,0.33145642474319437
0.117,1385.6375164912165,37.22415232736961,25.385371236738372,5.005168368868136,0.7564876699788379,0.8428003971481782,292.25240478515633,268.4580390884403,-0.0814171767524309,0.7372861495195688,1385.6375164912165,25.385371236738372,0.33145016582450426
0.11800000000000001,1385.5885539085737,37.223494649328316,25.385722765179295,5.002955731403496,0.756496274676994,0.8427890448420022,292.25240478515633,268.4467142303471,-0.08145592701729704,0.7372861495195688,1385.5885539085737,25.385722765179295,0.33144397881689175
0.11900000000000001,1385.5400232922234,37.22284276210273,25.386079975438925,5.000743093938858,0.7565048034612714,0.842768934144836,292.25240478515633,268.4353893722538,-0.08149467728216356,0.7374589779653071,1385.5400232922234,25.386079975438925,0.3314378528459255
0.12,1385.4919246421664,37.22219666599711,25.386437185698558,4.998530456474218,0.7565132563316699,0.8427494074996668,292.25240478515633,268.4240645141606,-0.08153342754702969,0.7374589779653071,1385.4919246421664,25.386437185698558,0.33143175003738684
0.121,1385.4442579584024,37.22155636131303,25.386799524617825,4.996317819009579,0.7565216332881897,0.8427343994331093,292.25240478515633,268.4127396560673,-0.08157217781189623,0.7374589779653071,1385.4442579584024,25.386799524617825,0.33142570458051707
0.122,1385.3970232409315,37.22092184834937,25.387176726190443,4.994105181544938,0.7565299343308305,0.8427192683247657,292.25240478515633,268.40116531677285,-0.08161178172654304,0.7374589779653071,1385.3970232409315,25.387176726190443,0.33141978136405387
0.123,1385.3502204897536,37.220293127402336,25.38755670351874,4.991892544080299,0.7565381594595926,0.8427042190234508,292.25240478515633,268.36738142852823,-0.08172738005077052,0.7374589779653071,1385.3502204897536,25.38755670351874,0.331413899817003
0.124,1385.3038497048683,37.21967019876544,25.387936680847037,4.9896799066156605,0.7565463086744759,0.8426864581654318,292.25240478515633,268.33359754028356,-0.08184297837499818,0.7374589779653071,1385.3038497048683,25.387936680847037,0.3314080414371399
0.125,1385.2579108862762,37.21905306272953,25.388316658175334,4.987467269151021,0.7565543819754805,0.8426700678913315,292.25240478515633,268.29981365203895,-0.08195857669922567,0.7374589779653071,1385.2579108862762,25.388316658175334,0.331402206225628
0.126,1385.2124040339772,37.21844171958274,25.388697173614432,4.985254631686382,0.7565623793626062,0.8426514090832288,292.25240478515633,268.2670218719486,-0.08207078032716315,0.7374589779653071,1385.2124040339772,25.388697173614432,0.33139639777070734
0.127,1385.1673291479713,37.21783616961055,25.389083384208273,4.983041994221742,0.7565703008358531,0.8426334161943781,292.25240478515633,268.24103665618935,-0.08215969393517383,0.7372861495195688,1385.1673291479713,25.389083384208273,0.33139065045076654
0.128,1385.1226862282583,37.217236413095726,25.389493451907402,4.980829356757104,0.7565781463952211,0.842617487833879,292.25240478515633,268.21505144043005,-0.08224860754318472,0.7372861495195688,1385.1226862282583,25.389493451907402,0.33138508533587996
0.129,1385.078475274838,37.21664245031835,25.3899041347895,4.9786167192924635,0.7565859160407105,0.8426000616920785,292.25240478515633,268.1890662246708,-0.08233752115119541,0.7372861495195688,1385.078475274838,25.3899041347895,0.3313795474947464
0.13,1385.0346962877109,37.21605428155584,25.390318761104922,4.976404081827824,0.7565936097723209,0.8425868648231006,292.25240478515633,268.1630810089115,-0.0824264347592063,0.7372245663384904,1385.0346962877109,25.390318761104922,0.3313740591148454
0.131,1384.9913492668766,37.2154719070829,25.39073340180077,4.974191444363185,0.7566012275900527,0.8425730542909925,292.25240478515633,268.13709579315224,-0.082515348367217,0.7373974208675264,1384.9913492668766,25.39073340180077,0.33136859400591034
0.132,1384.9484342123355,37.21489532717156,25.39114804249661,4.971978806898546,0.7566087694939054,0.8425554109741152,292.25240478515633,268.11111057739294,-0.08260426197522787,0.7373974208675264,1384.9484342123355,25.39114804249661,0.3313631520731682
0.133,1384.9059511240869,37.21432454209114,25.39157317205462,4.969766169433907,0.7566162354838796,0.8425422275756936,292.25240478515633,268.08512536163363,-0.08269317558323876,0.7373974208675264,1384.9059511240869,25.39157317205462,0.3313578032372489
0.134,1384.863900002132,37.2137595521083,25.392009830205158,4.967553531969267,0.7566236255599748,0.8425203593423437,292.25240478515633,268.0591401458743,-0.08278208919124964,0.7373974208675264,1384.863900002132,25.392009830205158,0.3313525544301405
0.135,1384.8222808464695,37.21320035748698,25.392448801445255,4.965340894504627,0.7566309397221913,0.8424971970924389,292.25240478515633,268.0331549301151,-0.08287100279926034,0.7373974208675264,1384.8222808464695,25.392448801445255,0.3313473442216554
0.136,1384.7810936571004,37.21264695848846,25.39288989005116,4.96312825703999,0.7566381779705289,0.8424808864773055,292.25240478515633,268.00716971435577,-0.08295991640727123,0.7370517928286853,1384.7810936571004,25.39288989005116,0.3313421713081291
0.137,1384.7403384340241,37.212099355371286,25.393336726894912,4.960915619575349,0.7566453403049878,0.842466583316319,292.25240478515633,267.98118449859646,-0.08304883001528211,0.7370517928286853,1384.7403384340241,25.393336726894912,0.33133705989426476
0.138,1384.7000151772404,37.21155754839134,25.39379529209901,4.958702982110711,0.7566524267255679,0.8424456908450877,292.25240478515633,267.9551992828372,-0.08313774362329279,0.7370517928286853,1384.7000151772404,25.39379529209901,0.33133204984503717
0.139,1384.66012388675,37.211021537801805,25.394258138967015,4.95649034464607,0.7566594372322691,0.8424265568937319,292.25240478515633,267.9292140670779,-0.08322665723130368,0.7370517928286853,1384.66012388675,25.394258138967015,0.33132709152121426
0.14,1384.6206645625527,37.21049132385318,25.39472481471958,4.954277707181433,0.7566663718250916,0.8424116192113323,292.25240478515633,267.9032288513186,-0.08331557083931457,0.7370517928286853,1384.6206645625527,25.39472481471958,0.3313221819055364
0.14100000000000001,1384.5816372046484,37.20996690679324,25.39520220403701,4.952065069716793,0.7566732305040352,0.8423910520409831,292.25240478515633,267.87724363555935,-0.08340448444732526,0.7370517928286853,1384.5816372046484,25.39520220403701,0.3313173668927969
0.14200000000000002,1384.5430418130372,37.2094482868671,25.395691474588517,4.949852432252153,0.7566800132691001,0.8423707194510343,292.25240478515633,267.85125841980005,-0.08349339805533615,0.7370517928286853,1384.5430418130372,25.395691474588517,0.33131265426774803
0.14300000000000002,1384.5048783877185,37.20893546431715,25.396188320222475,4.947639794787514,0.756686720120286,0.8423513787637809,292.25240478515633,267.82527320404074,-0.08358231166334702,0.7368791002811621,1384.5048783877185,25.396188320222475,0.331308015326225
0.14400000000000002,1384.4671469286932,37.2084284393831,25.396689014221284,4.945427157322874,0.7566933510575933,0.8423354743933184,292.25240478515633,267.7992879882815,-0.08367122527135772,0.7367064886390255,1384.4671469286932,25.396689014221284,0.33130342522660366
0.145,1384.4298474359605,37.20792721230195,25.397191560592812,4.943214519858235,0.7566999060810217,0.8423156148186361,292.25240478515633,267.7733027725222,-0.0837601388793686,0.7367064886390255,1384.4298474359605,25.397191560592812,0.3312988706643967
0.146,1384.3929799095208,37.20743178330803,25.397697597274547,4.941001882393595,0.7567063851905713,0.842298998516232,292.25240478515633,267.7473175567629,-0.08384905248737949,0.7371134020618557,1384.3929799095208,25.397697597274547,0.3312943625591573
0.147,1384.3565443493744,37.20694215263295,25.398215781890393,4.938789244928955,0.7567127883862421,0.8422779388173812,292.25240478515633,267.72133234100363,-0.08393796609539018,0.7371134020618557,1384.3565443493744,25.398215781890393,0.3312899586241907
0.148,1384.3205407555208,37.206458320505604,25.39873475236355,4.936576607464315,0.7567191156680342,0.8422618525040717,292.25240478515633,267.6953471252443,-0.08402687970340106,0.7369407355352542,1384.3205407555208,25.39873475236355,0.3312855831199449
0.149,1384.2849691279605,37.20598028715223,25.399259649883497,4.934363969999676,0.7567253670359473,0.842243191648284,292.25240478515633,267.6693619094851,-0.08411579331141175,0.7367064886390255,1384.2849691279605,25.399259649883497,0.3312812703188845
0.15,1384.2498294666925,37.20550805279633,25.39978608657616,4.932151332535036,0.7567315424899818,0.8422258169796668,292.25240478515633,267.64337669372577,-0.08420470691942264,0.7367064886390255,1384.2498294666925,25.39978608657616,0.33127699097200125
0.151,1384.215121771718,37.20504161765873,25.40031826346849,4.929938695070398,0.7567376420301374,0.8422095125477395,292.25240478515633,267.6173914779665,-0.08429362052743333,0.7367064886390255,1384.215121771718,25.40031826346849,0.33127277308454356
0.152,1384.1808460430364,37.204580981957534,25.400851688886238,4.927726057605758,0.7567436656564142,0.8421928107845938,292.25240478515633,267.5914062622072,-0.08438253413544422,0.7367064886390255,1384.1808460430364,25.400851688886238,0.33126858671554166
0.153,1384.1470022806477,37.20412614590817,25.401389367678885,4.925513420141119,0.7567496133688121,0.8421786112525358,292.25240478515633,267.5654210464479,-0.0844714477434551,0.7367064886390255,1384.1470022806477,25.401389367678885,0.3312644518964123
0.154,1384.1135904845519,37.20367710972333,25.40194334881879,4.923300782676479,0.7567554851673313,0.8421626744202412,292.25240478515633,267.53943583068866,-0.08456036135146579,0.7367064886390255,1384.1135904845519,25.40194334881879,0.33126044894737205
0.155,1384.0806106547493,37.20323387361305,25.402500358514807,4.921088145211841,0.7567612810519717,0.8421446393530919,292.25240478515633,267.51345061492935,-0.08464927495947668,0.7367064886390255,1384.0806106547493,25.402500358514807,0.33125648938515995
0.156,1384.0480627912393,37.20279643778461,25.403059221768004,4.918875507747201,0.7567670010227333,0.8421288702101497,292.25240478515633,267.48746539917005,-0.08473818856748756,0.7364722417427969,1384.0480627912393,25.403059221768004,0.3312525653779727
0.157,1384.0159468940228,37.20236480244264,25.403619300806177,4.916662870282561,0.7567726450796161,0.8421102791563349,292.25240478515633,267.4614801834108,-0.08482710217549826,0.7364722417427969,1384.0159468940228,25.403619300806177,0.3312486726751909
0.158,1383.984262963099,37.20193896778902,25.40418121001926,4.914450232817923,0.75677821322262,0.8420891927773511,292.25240478515633,267.4354949676515,-0.08491601578350914,0.7364722417427969,1383.984262963099,25.40418121001926,0.331244815373192
0.159,1383.953010998468,37.20151893402295,25.40474465763196,4.912237595353283,0.7567837054517452,0.8420733522665594,292.25240478515633,267.4095097518922,-0.08500492939152002,0.7364722417427969,1383.953010998468,25.40474465763196,0.3312409915277764
0.16,1383.9221910001302,37.20110470134093,25.405315431640634,4.910024957888644,0.7567891217669915,0.8420551267245415,292.25240478515633,267.38352453613294,-0.08509384299953071,0.7364722417427969,1383.9221910001302,25.405315431640634,0.3312372397229539
0.161,1383.8918029680851,37.200696269936735,25.40588625894153,4.9078123204240045,0.7567944621683591,0.8420378751579367,292.25240478515633,267.36110014953624,-0.08517057251904718,0.7364722417427969,1383.8918029680851,25.40588625894153,0.3312335114764367
0.162,1383.8618469023334,37.20029364000146,25.40645708624243,4.905599682959365,0.7567997266558478,0.84201896639172,292.25240478515633,267.3615120666505,-0.08516916306233265,0.7364722417427969,1383.8618469023334,25.40645708624243,0.3312298064337394
0.163,1383.8323228028744,37.19989681172348,25.40702791354332,4.903387045494727,0.7568049152294578,0.8419977846950008,292.25240478515633,267.3619239837647,-0.0851677536056183,0.7364722417427969,1383.8323228028744,25.40702791354332,0.33122612459561507
0.164,1383.8032306697082,37.199505785288444,25.40759875143819,4.901174408030087,0.7568100278891889,0.8419812133212178,292.25240478515633,267.362335900879,-0.08516634414890377,0.7366447985004686,1383.8032306697082,25.40759875143819,0.3312224660334269
0.165,1383.7745705028356,37.19912056087934,25.40817032810059,4.898961770565448,0.7568150646350413,0.841960420062339,292.25240478515633,267.3627478179932,-0.08516493469218943,0.7370517928286853,1383.7745705028356,25.40817032810059,0.3312188356019668
0.166,1383.7463423022557,37.1987411386764,25.408750957118333,4.896749133100809,0.7568200254670148,0.8419404617972631,292.25240478515633,267.36315973510744,-0.0851635252354749,0.7368174361378017,1383.7463423022557,25.408750957118333,0.33121528872096423
0.167,1383.7185460679689,37.19836751885718,25.409331586136084,4.894536495636169,0.7568249103851095,0.841925734926056,292.25240478515633,267.3635716522217,-0.08516211577876036,0.7368174361378017,1383.7185460679689,25.409331586136084,0.3312117650474403
0.168,1383.6911817999746,37.197999701596515,25.409915158242402,4.89232385817153,0.7568297193893254,0.8419085269831748,292.25240478515633,267.3639835693359,-0.08516070632204602,0.7369901547116737,1383.6911817999746,25.409915158242402,0.3312082842009465
0.169,1383.6642494982734,37.197637687066546,25.410506576255006,4.890111220706891,0.7568344524796626,0.8418924726298136,292.25240478515633,267.3641841949463,-0.08516001984143169,0.7369901547116737,1383.6642494982734,25.410506576255006,0.33120487886472694
0.17,1383.6377491628655,37.19728147543669,25.411099712458373,4.887898583242252,0.7568391096561209,0.8418739728184395,292.25240478515633,267.3331622619629,-0.08526616758384696,0.7369901547116737,1383.6377491628655,25.411099712458373,0.3312015081916416
0.171,1383.6116807937503,37.19693106687365,25.41169284866174,4.885685945777612,0.7568436909187004,0.8418569547080156,292.25240478515633,267.30214032897953,-0.08537231532626223,0.7369901547116737,1383.6116807937503,25.41169284866174,0.3311981607287671
0.17200000000000001,1383.586044390928,37.19658646154144,25.412287362505996,4.883473308312973,0.7568481962674012,0.8418376570823761,292.25240478515633,267.27111839599615,-0.08547846306867751,0.7372245663384904,1383.586044390928,25.412287362505996,0.33119484566021834
0.17300000000000001,1383.5608399543992,37.196247659601354,25.412894535014043,4.8812606708483335,0.756852625702223,0.8418168239137125,292.25240478515633,267.2400964630127,-0.08558461081109298,0.7372245663384904,1383.5608399543992,25.412894535014043,0.33119163818679676
0.17400000000000002,1383.536067484163,37.19591466121196,25.413512972972402,4.879048033383694,0.7568569792231661,0.8417975575453844,292.25240478515633,267.20907453002934,-0.08569075855350824,0.7372245663384904,1383.536067484163,25.413512972972402,0.3311885290218696
0.17500000000000002,1383.51172698022,37.19558746652914,25.4141393930393,4.876835395919056,0.7568612568302304,0.8417779348798424,292.25240478515633,267.20175941467295,-0.08571578868238526,0.7372245663384904,1383.51172698022,25.4141393930393,0.3311854962790545
0.176,1383.4878184425695,37.19526607570605,25.414766561932524,4.874622758454422,0.7568654585234159,0.8417596026172933,292.25240478515633,267.2259549804689,-0.08563299871932671,0.7372245663384904,1383.4878184425695,25.414766561932524,0.3311824917413548
0.177,1383.4643418712124,37.19495048889314,25.415393730825752,4.872410120989774,0.7568695843027226,0.8417420106129967,292.25240478515633,267.2501505462647,-0.08555020875626855,0.7370517928286853,1383.4643418712124,25.415393730825752,0.33117951041763893
0.178,1383.4412972661482,37.194640706238154,25.416023246318076,4.870197483525144,0.7568736341681505,0.841726387879542,292.25240478515633,267.27434611206064,-0.08546741879321,0.7370517928286853,1383.4412972661482,25.416023246318076,0.3311765679511059
0.179,1383.4186846273767,37.194336727886096,25.416661214506288,4.867984846060495,0.7568776081196995,0.8417078931673053,292.25240478515633,267.2985416778565,-0.08538462883015166,0.7370517928286853,1383.4186846273767,25.416661214506288,0.33117370504604116
0.18,1383.3965039548984,37.1940385539793,25.41729988401,4.865772208595865,0.7568815061573698,0.8416838951607343,292.25240478515633,267.3227372436524,-0.0853018388670933,0.7370517928286853,1383.3965039548984,25.41729988401,0.33117087003172296
0.181,1383.3747552487132,37.19374618465735,25.417941132719754,4.863559571131217,0.7568853282811613,0.841662958925252,292.25240478515633,267.34693280944833,-0.08521904890403476,0.7370517928286853,1383.3747552487132,25.417941132719754,0.3311680754268707
0.182,1383.3534385088208,37.19345962005713,25.418582605895296,4.861346933666587,0.7568890744910739,0.8416433302571821,292.25240478515633,267.3711283752442,-0.0851362589409764,0.7370517928286853,1383.3534385088208,25.418582605895296,0.33116530553515433
0.183,1383.3325537352214,37.193178860312834,25.41922761850055,4.859134296201939,0.7568927447871079,0.841627170488187,292.25240478515633,267.3953239410401,-0.08505346897791805,0.7372245663384904,1383.3325537352214,25.41922761850055,0.331162582454912
0.184,1383.3121009279153,37.1929039055559,25.41987460682915,4.856921658737308,0.7568963391692629,0.8416074085198296,292.25240478515633,267.419519506836,-0.0849706790148595,0.7372245663384904,1383.3121009279153,25.41987460682915,0.3311598957628841
0.185,1383.2920800869017,37.19263475591507,25.42052159515775,4.85470902127266,0.7568998576375391,0.8415775919356393,292.25240478515633,267.44371507263185,-0.08488788905180134,0.7372245663384904,1383.2920800869017,25.42052159515775,0.33115723228926336
0.186,1383.2724912121814,37.19237141151638,25.42116858348634,4.852496383808029,0.7569033001919365,0.8415589805254251,292.25240478515633,267.46791063842784,-0.08480509908874259,0.7372245663384904,1383.2724912121814,25.42116858348634,0.3311545920345539
0.187,1383.2533343037537,37.192113872483155,25.421815571814943,4.850283746343381,0.7569066668324552,0.8415434936016758,292.25240478515633,267.4921062042237,-0.08472230912568424,0.7372245663384904,1383.2533343037537,25.421815571814943,0.33115197499924903
0.188,1383.2346093616193,37.191862138935974,25.422462560143543,4.848071108878751,0.7569099575590951,0.841523411672478,292.25240478515633,267.51630177001965,-0.08463951916262569,0.7374589779653071,1383.2346093616193,25.422462560143543,0.33114938118383097
0.189,1383.216316385778,37.19161621099274,25.423117749353796,4.845858471414104,0.7569131723718561,0.8415022550900146,292.25240478515633,267.5404973358155,-0.08455672919956753,0.7374589779653071,1383.216316385778,25.423117749353796,0.33114686525647197
0.19,1383.198455376229,37.19137608876861,25.423774634392686,4.843645833949472,0.7569163112707383,0.841483050272693,292.25240478515633,267.56469290161147,-0.08447393923650878,0.7374589779653071,1383.198455376229,25.423774634392686,0.3311443838544546
0.191,1383.1810263329737,37.191141772376035,25.424434147311818,4.841433196484824,0.7569193742557417,0.8414633976948875,292.25240478515633,267.5888884674073,-0.08439114927345062,0.7374589779653071,1383.1810263329737,25.424434147311818,0.3311419431913555
0.192,1383.1640292560114,37.19091326192476,25.425105698169435,4.839220559020194,0.7569223613268663,0.841448552840881,292.25240478515633,267.6130840332032,-0.08430835931039207,0.7376318874560375,1383.1640292560114,25.425105698169435,0.3311396059957773
0.193,1383.1474641453412,37.1906905575218,25.425789757550618,4.8370079215555455,0.7569252724841122,0.8414263449929283,292.25240478515633,267.6372795989991,-0.08422556934733372,0.7376318874560375,1383.1474641453412,25.425789757550618,0.331137375405104
0.194,1383.1313310009648,37.19047365927147,25.4264766839227,4.834795284090915,0.7569281077274792,0.84140570852249,292.25240478515633,267.661475164795,-0.08414277938427536,0.7376318874560375,1383.1313310009648,25.4264766839227,0.33113518714856294
0.195,1383.1156298228814,37.19026256727534,25.427163610294787,4.832582646626268,0.7569308670569674,0.8413868383812361,292.25240478515633,267.6856707305909,-0.08405998942121681,0.7376318874560375,1383.1156298228814,25.427163610294787,0.3311330221149812
0.196,1383.100360611091,37.19005728163229,25.427854878798808,4.830370009161637,0.7569335504725767,0.84136639698292,292.25240478515633,267.70986629638685,-0.08397719945815826,0.7376318874560375,1383.100360611091,25.427854878798808,0.33113090924973565
0.197,1383.0855233655927,37.18985780243846,25.428547411675847,4.828157371696988,0.7569361579743075,0.8413491206232647,292.25240478515633,267.73406186218267,-0.0838944094951001,0.7374589779653071,1383.0855233655927,25.428547411675847,0.33112882803663596
0.198,1383.0711180863882,37.1896641297873,25.42925299140407,4.825944734232358,0.7569386895621593,0.8413267449454321,292.25240478515633,267.7582574279786,-0.08381161953204155,0.7374589779653071,1383.0711180863882,25.42925299140407,0.3311268570189512
0.199,1383.0571447734767,37.18947626376952,25.429966269302057,4.82373209676771,0.7569411452361322,0.8413055319111001,292.25240478515633,267.78918601837165,-0.08370579117995056,0.7374589779653071,1383.0571447734767,25.429966269302057,0.33112496054232726
0.2,1383.043603426858,37.18929420447312,25.430684594212266,4.8215194593030795,0.7569435249962264,0.8412859155492164,292.25240478515633,267.8446734619141,-0.08351592980453004,0.7374589779653071,1383.043603426858,25.430684594212266,0.33112312093429835
0.201,1383.030494046532,37.18911795198338,25.431402919122476,4.819306821838431,0.7569458288424418,0.841266418394728,292.25240478515633,267.9001609054566,-0.08332606842910954,0.7374589779653071,1383.030494046532,25.431402919122476,0.3311213045514381
0.202,1383.017816632499,37.188947506382846,25.432124297155255,4.817094184373801,0.7569480567747784,0.8412437968340765,292.25240478515633,267.9556483489991,-0.08313620705368883,0.7374589779653071,1383.017816632499,25.432124297155255,0.3311195317464241
0.203,1383.0055711847594,37.18878286775139,25.432850276478334,4.814881546909152,0.756950208793236,0.8412220586889587,292.25240478515633,268.0111357925415,-0.08294634567826853,0.7374589779653071,1383.0055711847594,25.432850276478334,0.33111781283977954
0.20400000000000001,1382.993757703313,37.188624036166125,25.433579511968457,4.812668909444523,0.7569522848978151,0.8412051157205491,292.25240478515633,268.066623236084,-0.08275648430284782,0.7374589779653071,1382.993757703313,25.433579511968457,0.331116138865119
0.20500000000000002,1382.9823761881585,37.188471011701445,25.434332820630573,4.8104562719798745,0.7569542850885154,0.841188358489227,292.25240478515633,268.1221106796265,-0.08256662292742731,0.7374589779653071,1382.9823761881585,25.434332820630573,0.3311146485904777
0.20600000000000002,1382.971426639298,37.18832379442905,25.4350943958729,4.808243634515244,0.7569562093653366,0.8411615571214015,292.25240478515633,268.177598123169,-0.08237676155200661,0.7374589779653071,1382.971426639298,25.4350943958729,0.3311132366481998
0.20700000000000002,1382.9609090567299,37.1881823844179,25.43585739671426,4.806030997050596,0.7569580577282792,0.8411447109763784,292.25240478515633,268.23308556671145,-0.0821869001765861,0.7376933895921237,1382.9609090567299,25.43585739671426,0.3311118574360605
0.20800000000000002,1382.9508234404552,37.18804678173425,25.4366208177908,4.803818359585965,0.7569598301773429,0.8411245693029555,292.25240478515633,268.2885730102539,-0.0819970388011656,0.7376933895921237,1382.9508234404552,25.4366208177908,0.3311105042524929
0.209,1382.941169790473,37.187916986441614,25.437392228983548,4.801605722121323,0.7569615267125279,0.8411029334818687,292.25240478515633,268.3326237045288,-0.08184631054862206,0.7376933895921237,1382.941169790473,25.437392228983548,0.3311092275591534
0.21,1382.931948106784,37.18779299860082,25.438166678793195,4.799393084656685,0.7569631473338341,0.8410817277951128,292.25240478515633,268.37011106872563,-0.08171804004140633,0.7376933895921237,1382.931948106784,25.438166678793195,0.33110799434921456
0.211,1382.9231583893884,37.18767481826994,25.438944290700462,4.797180447192046,0.7569646920412614,0.8410611340650829,292.25240478515633,268.4075984329224,-0.0815897695341908,0.7378663540445487,1382.9231583893884,25.438944290700462,0.3311068054460405
0.212,1382.914800638285,37.18756244550434,25.439722056017214,4.794967809727407,0.7569661608348099,0.8410432253120008,292.25240478515633,268.4450857971192,-0.08146149902697508,0.7378663540445487,1382.914800638285,25.439722056017214,0.33110564079370874
0.213,1382.9068748534748,37.18745588035668,25.44050139530111,4.792755172262766,0.7569675537144797,0.8410251308419071,292.25240478515633,268.48257316131594,-0.08133322851975955,0.7378663540445487,1382.9068748534748,25.44050139530111,0.3311045098619753
0.214,1382.899381034958,37.18735512287689,25.441283156479578,4.790542534798128,0.7569688706802706,0.841003785631507,292.25240478515633,268.52006052551275,-0.08120495801254382,0.7378663540445487,1382.899381034958,25.441283156479578,0.3311034183033886
0.215,1382.8923191827341,37.187260173112165,25.442067665337824,4.7883298973334885,0.7569701117321826,0.8409873765066581,292.25240478515633,268.55754788970955,-0.08107668750532811,0.7378663540445487,1382.8923191827341,25.442067665337824,0.33110236828984635
0.216,1382.8856892968029,37.18717103110699,25.442860782714867,4.786117259868848,0.7569712768702159,0.8409684352183833,292.25240478515633,268.5950352539063,-0.08094841699811257,0.7378663540445487,1382.8856892968029,25.442860782714867,0.331101398890325
0.217,1382.8794913771646,37.187087696903134,25.443654424130667,4.78390462240421,0.7569723660943706,0.8409468302731764,292.25240478515633,268.6325226181031,-0.08082014649089686,0.7378663540445487,1382.8794913771646,25.443654424130667,0.33110045621323286
0.218,1382.8737254238195,37.18701017053965,25.444457659244218,4.78169198493957,0.7569733794046463,0.8409302206157114,292.25240478515633,268.67000998229986,-0.08069187598368133,0.7378663540445487,1382.8737254238195,25.444457659244218,0.3310996007177628
0.219,1382.8683914367673,37.18693845205286,25.44526855322919,4.779479347474931,0.7569743168010431,0.8409093179060543,292.25240478515633,268.70749734649667,-0.0805636054764656,0.7381008206330598,1382.8683914367673,25.44526855322919,0.33109881950636055
0.22,1382.8634894160082,37.186872541476355,25.446081077115746,4.7772667100102915,0.7569751782835612,0.8408860976785547,292.25240478515633,268.7449847106935,-0.08043533496924989,0.7381008206330598,1382.8634894160082,25.446081077115746,0.3310980723895891
0.221,1382.8590193615419,37.18681243884103,25.446897536472456,4.775054072545652,0.7569759638522006,0.8408637300107846,292.25240478515633,268.7824720748902,-0.08030706446203435,0.7381008206330598,1382.8590193615419,25.446897536472456,0.33109737473666745
0.222,1382.8549812733686,37.18675814417504,25.44771456407413,4.7728414350810136,0.756976673506961,0.8408456972121492,292.25240478515633,268.8199594390871,-0.08017879395481844,0.7378663540445487,1382.8549812733686,25.44771456407413,0.331096704101529
0.223,1382.8513751514886,37.186709657503826,25.4485355052434,4.770628797616374,0.7569773072478427,0.8408231446504565,292.25240478515633,268.85744680328384,-0.08005052344760291,0.7378663540445487,1382.8513751514886,25.4485355052434,0.3310960827844506
0.224,1382.848200995901,37.186666978850106,25.44936232408463,4.768416160151734,0.7569778650748457,0.8408059123762576,292.25240478515633,268.89493416748064,-0.07992225294038718,0.7380393996247655,1382.848200995901,25.44936232408463,0.3310955238783921
0.225,1382.845458806607,37.186630108233885,25.450190802435568,4.766203522687095,0.7569783469879696,0.8407900704200411,292.25240478515633,268.9324215316774,-0.07979398243317166,0.7380393996247655,1382.845458806607,25.450190802435568,0.3310949992648433
0.226,1382.8431485836054,37.18659904567242,25.451027741043326,4.763990885222456,0.756978752987215,0.8407649659608589,292.25240478515633,268.94669993896497,-0.0797451260095673,0.7380393996247655,1382.8431485836054,25.451027741043326,0.3310945542781705
0.227,1382.8412703268973,37.186573791180294,25.451880121641466,4.7617782477578166,0.7569790830725814,0.8407438150195673,292.25240478515633,268.95692267456064,-0.07971014687704933,0.7376933895921237,1382.8412703268973,25.451880121641466,0.33109423545919875
0.228,1382.8398240364816,37.18655434476931,25.452739121902145,4.759565610293177,0.7569793372440692,0.840722350682073,292.25240478515633,268.9671454101564,-0.07967516774453116,0.7376933895921237,1382.8398240364816,25.452739121902145,0.33109398399766715
0.229,1382.8388097123595,37.18654070644861,25.4536028966119,4.757352972828539,0.756979515501678,0.8407056933657402,292.25240478515633,268.9773681457521,-0.079640188612013,0.7376933895921237,1382.8388097123595,25.4536028966119,0.33109378759327907
0.23,1382.83822735453,37.18653287622456,25.4544685855671,4.755140335363898,0.756979617845408,0.8406831089244005,292.25240478515633,268.9875908813477,-0.07960520947949522,0.7376933895921237,1382.83822735453,25.4544685855671,0.3310936271797248
0.231,1382.8380769629932,37.18653085410083,25.455338349140458,4.75292769789926,0.7569796442752593,0.8406634275987018,292.25240478515633,268.99781361694346,-0.07957023034697705,0.7378663540445487,1382.8380769629932,25.455338349140458,0.3310935171582281
0.232,1382.83835853775,37.18653464007839,25.456215705170948,4.750715060434621,0.7569795947912317,0.8406411282473292,292.25240478515633,269.00803635253914,-0.07953525121445909,0.7374589779653071,1382.83835853775,25.456215705170948,0.33109348097897484
0.233,1382.8390720787995,37.18654423415544,25.457095978917078,4.748502422969981,0.7569794693933254,0.8406184127340651,292.25240478515633,269.01825908813487,-0.07950027208194092,0.7374589779653071,1382.8390720787995,25.457095978917078,0.3310934874797755
0.234,1382.840217586142,37.1865596363275,25.457976252663222,4.746289785505341,0.7569792680815403,0.840600706942716,292.25240478515633,269.02848182373054,-0.07946529294942295,0.7371134020618557,1382.840217586142,25.457976252663222,0.33109351721089814
0.23500000000000001,1382.8417950597773,37.186580846587354,25.45885910500649,4.744077148040702,0.7569789908558763,0.8405781881276774,292.25240478515633,269.0387045593263,-0.07943031381690478,0.7371134020618557,1382.8417950597773,25.45885910500649,0.3310935873614381
0.23600000000000002,1382.843804499706,37.18660786492506,25.45975405547985,4.741864510576063,0.7569786377163334,0.8405544776803406,292.25240478515633,269.04892729492195,-0.07939533468438681,0.7371134020618557,1382.843804499706,25.45975405547985,0.33109376138928626
0.23700000000000002,1382.8462459059274,37.186640691327945,25.46065652165424,4.739651873111424,0.756978208662912,0.840533372591136,292.25240478515633,269.0591500305176,-0.07936035555186884,0.7371134020618557,1382.8462459059274,25.46065652165424,0.3310940087475714
0.23800000000000002,1382.8491192784415,37.186679325780645,25.46155898782863,4.737439235646785,0.7569777036956116,0.840514462118515,292.25240478515633,269.0693727661133,-0.07932537641935088,0.7371134020618557,1382.8491192784415,25.46155898782863,0.3310942793359976
0.23900000000000002,1382.852424617249,37.186723768265054,25.462468254418653,4.7352265981821455,0.7569771228144324,0.8404923588229564,292.25240478515633,269.07959550170904,-0.07929039728683271,0.7371134020618557,1382.852424617249,25.462468254418653,0.33109461848658
0.24,1382.8561619223492,37.18677401876034,25.46338311112858,4.7330139607175035,0.7569764660193744,0.8404731194961175,292.25240478515633,269.0898182373047,-0.07925541815431474,0.7371134020618557,1382.8561619223492,25.46338311112858,0.331095018131312
0.241,1382.860331193743,37.18683007724298,25.464311756990053,4.730801323252864,0.7569757333104377,0.840449680166308,292.25240478515633,269.1000409729004,-0.07922043902179676,0.7371134020618557,1382.860331193743,25.464311756990053,0.3310955329254679
0.242,1382.864932431429,37.186891943686675,25.46524481213492,4.728588685788225,0.7569749246876221,0.8404265435927689,292.25240478515633,269.10311239013674,-0.07920992955400089,0.7371134020618557,1382.864932431429,25.46524481213492,0.33109610034202813
0.243,1382.8699656354083,37.18695961806246,25.466189023349393,4.726376048323586,0.7569740401509276,0.8404027597901236,292.25240478515633,269.0949823669434,-0.07923774805287462,0.7368791002811621,1382.8699656354083,25.466189023349393,0.33109676535546667
0.244,1382.8754308056807,37.187033100338624,25.467140461452484,4.724163410858948,0.7569730797003544,0.8403819358761938,292.25240478515633,269.08685234375,-0.07926556655174834,0.7368791002811621,1382.8754308056807,25.467140461452484,0.33109750177343766
0.245,1382.881327942246,37.187112390480735,25.46810450643283,4.721950773394307,0.7569720433359024,0.840353749209222,292.25240478515633,269.07872232055666,-0.07929338505062207,0.7368791002811621,1382.881327942246,25.46810450643283,0.33109834545921646
0.246,1382.8876570451039,37.18719748845164,25.469077699693955,4.719738135929668,0.7569709310575716,0.8403322032855277,292.25240478515633,269.0705922973633,-0.0793212035494958,0.7368791002811621,1382.8876570451039,25.469077699693955,0.33109927335738765
0.247,1382.8944181142554,37.18728839421147,25.470058733553525,4.7175254984650286,0.756969742865362,0.8403139366492797,292.25240478515633,269.06246227416995,-0.07934902204836952,0.7368791002811621,1382.8944181142554,25.470058733553525,0.3311002767506817
0.248,1382.9016111496994,37.18738510771764,25.47104526148547,4.715312861000389,0.7569684787592736,0.8402905183785068,292.25240478515633,269.0543322509766,-0.07937684054724325,0.7368791002811621,1382.9016111496994,25.47104526148547,0.3311013399968072
0.249,1382.9092361514367,37.18748762892482,25.472031789417418,4.7131002235357515,0.7569671387393063,0.8402676902626356,292.25240478515633,269.0462022277833,-0.07940465904611678,0.7368791002811621,1382.9092361514367,25.472031789417418,0.3311024264716786
0.25,1382.9172931194666,37.18759595778499,25.473018317349364,4.710887586071111,0.7569657228054604,0.8402471829168129,292.25240478515633,269.0380722045899,-0.07943247754499051,0.7368791002811621,1382.9172931194666,25.473018317349364,0.33110353617510374
0.251,1382.9257820537898,37.1877100942474,25.474006109983254,4.708674948606471,0.7569642309577355,0.8402265477311964,292.25240478515633,269.04062241516124,-0.07942375148994507,0.7366447985004686,1382.9257820537898,25.474006109983254,0.3311046775374792
0.252,1382.9347029544058,37.18783003825856,25.474999339459366,4.7064623111418324,0.7569626631961319,0.8402017537171413,292.25240478515633,269.0648179809571,-0.07934096152688672,0.7366447985004686,1382.9347029544058,25.474999339459366,0.3311058783703951
0.253,1382.944055821315,37.1879557897623,25.475992568935478,4.704249673677194,0.7569610195206494,0.8401785274268876,292.25240478515633,269.089013546753,-0.07925817156382838,0.7364722417427969,1382.944055821315,25.475992568935478,0.3311071024312234
0.254,1382.9538406545169,37.188087348699675,25.476989460929186,4.702037036212554,0.7569592999312882,0.8401553574881259,292.25240478515633,269.11320911254893,-0.07917538160076983,0.7364722417427969,1382.9538406545169,25.476989460929186,0.33110837413434896
0.255,1382.964057454012,37.18822471500908,25.47798832347578,4.699824398747915,0.7569575044280481,0.8401325431238656,292.25240478515633,269.1374046783448,-0.07909259163771147,0.7366447985004686,1382.964057454012,25.47798832347578,0.3311096822007599
0.256,1382.9747062198,37.188367888626146,25.478989786415802,4.697611761283276,0.7569556330109293,0.8401075138267732,292.25240478515633,269.1616002441407,-0.07900980167465312,0.7366447985004686,1382.9747062198,25.478989786415802,0.3311110308287638
0.257,1382.9857869518812,37.1885168694838,25.479995284639124,4.695399123818636,0.7569536856799316,0.8400818165025177,292.25240478515633,269.1857958099366,-0.07892701171159457,0.7366447985004686,1382.9857869518812,25.479995284639124,0.33111242958317744
0.258,1382.997299650255,37.18867165751225,25.481003287207212,4.693186486353997,0.7569516624350552,0.8400547466068842,292.25240478515633,269.20999137573244,-0.0788442217485364,0.7366447985004686,1382.997299650255,25.481003287207212,0.33111386825836897
0.259,1383.0092443149217,37.18883225263899,25.482014780545093,4.690973848889358,0.7569495632762999,0.8400367886692083,292.25240478515633,269.2341869415284,-0.07876143178547786,0.7366447985004686,1383.0092443149217,25.482014780545093,0.3311153534296326
0.26,1383.0216209458818,37.18899865478878,25.483032852208012,4.688761211424718,0.7569473882036658,0.840016217704619,292.25240478515633,269.2583825073243,-0.0786786418224193,0.7364104967197751,1383.0216209458818,25.483032852208012,0.33111690567854546
0.261,1383.0344295431348,37.18917086388368,25.484053229630064,4.6865485739600805,0.756945137217153,0.83999285211155,292.25240478515633,269.2825780731202,-0.07859585185936095,0.7361761949390815,1383.0344295431348,25.484053229630064,0.3311184965235465
0.262,1383.0476701066805,37.18934887984301,25.48507653141753,4.68433593649544,0.7569428103167612,0.8399707263717563,292.25240478515633,269.30677363891607,-0.0785130618963026,0.735941893158388,1383.0476701066805,25.48507653141753,0.3311201300879897
0.263,1383.0613426365194,37.18953270258339,25.486100748061368,4.682123299030801,0.7569404075024908,0.8399450600036817,292.25240478515633,269.330969204712,-0.07843027193324405,0.735941893158388,1383.0613426365194,25.486100748061368,0.33112179297600136
0.264,1383.075447132651,37.18972233201871,25.48713238752869,4.679910661566161,0.7569379287743415,0.8399254214183917,292.25240478515633,269.3551647705079,-0.07834748197018569,0.735941893158388,1383.075447132651,25.48713238752869,0.3311235285698408
0.265,1383.089983595076,37.18991776806015,25.488165807271745,4.677698024101521,0.7569353741323135,0.8398986847734766,292.25240478515633,269.3793603363038,-0.07826469200712714,0.735941893158388,1383.089983595076,25.488165807271745,0.3311252992555003
0.266,1383.1049520237939,37.190119010616165,25.489202722521302,4.6754853866368835,0.7569327435764065,0.8398789307348805,292.25240478515633,269.4035559020997,-0.07818190204406879,0.735941893158388,1383.1049520237939,25.489202722521302,0.3311271164664726
0.267,1383.1203524188047,37.19032605959249,25.490247535115635,4.673272749172243,0.7569300371066208,0.8398578925567989,292.25240478515633,269.4277514678956,-0.07809911208101043,0.735941893158388,1383.1203524188047,25.490247535115635,0.3311290095453692
0.268,1383.1361847801081,37.19053891489216,25.491298192826925,4.671060111707605,0.7569272547229564,0.8398372300687141,292.25240478515633,269.45194703369145,-0.07801632211795208,0.735941893158388,1383.1361847801081,25.491298192826925,0.33113096481149557
0.269,1383.1524491077053,37.19075757641548,25.49235618707057,4.668847474242964,0.756924396425413,0.8398148783206921,292.25240478515633,269.4761425994874,-0.07793353215489353,0.735941893158388,1383.1524491077053,25.49235618707057,0.3311329922063414
0.27,1383.1691454015945,37.190982044060014,25.493419140390998,4.666634836778326,0.7569214622139909,0.8397929185839221,292.25240478515633,269.5003381652833,-0.07785074219183498,0.735941893158388,1383.1691454015945,25.493419140390998,0.3311350758811975
0.271,1383.1862736617772,37.19121231772066,25.49448426761074,4.664422199313686,0.75691845208869,0.8397704980176193,292.25240478515633,269.52453373107915,-0.07776795222877682,0.735941893158388,1383.1862736617772,25.49448426761074,0.3311371972694386
0.272,1383.2038338882528,37.19144839728957,25.495549944092122,4.662209561849047,0.7569153660495103,0.8397492270859938,292.25240478515633,269.5487292968751,-0.07768516226571827,0.735941893158388,1383.2038338882528,25.495549944092122,0.3311393455406751
0.273,1383.2218260810212,37.19169028265617,25.4966234284857,4.659996924384408,0.7569122040964518,0.8397243734883162,292.25240478515633,269.56613501434333,-0.07762560512544069,0.735769501054111,1383.2218260810212,25.4966234284857,0.3311415690811813
0.274,1383.240250240083,37.19193797370719,25.49769926375295,4.657784286919768,0.7569089662295144,0.8397058965226839,292.25240478515633,269.57661458435064,-0.07758974718266343,0.735769501054111,1383.240250240083,25.49769926375295,0.3311438315134704
0.275,1383.2591063654377,37.19219147032664,25.498783550938995,4.655571649455129,0.7569056524486983,0.8396819414974254,292.25240478515633,269.58709415435794,-0.07755388923988615,0.735769501054111,1383.2591063654377,25.498783550938995,0.3311461735071092
0.276,1383.2783944570854,37.19245077239581,25.49986869233424,4.65335901199049,0.7569022627540033,0.8396552229805466,292.25240478515633,269.5975737243653,-0.07751803129710869,0.735769501054111,1383.2783944570854,25.49986869233424,0.3311485444147129
0.277,1383.2981145150259,37.19271587979326,25.500955870353334,4.651146374525851,0.7568987971454296,0.8396266978432668,292.25240478515633,269.6080532943726,-0.07748217335433141,0.735769501054111,1383.2981145150259,25.500955870353334,0.331150952117862
0.278,1383.3182665392592,37.19298679239487,25.50204891559705,4.648933737061211,0.7568952556229771,0.8396005603670834,292.25240478515633,269.6185328643799,-0.07744631541155415,0.735769501054111,1383.3182665392592,25.50204891559705,0.3311534221511359
0.279,1383.3388505297858,37.19326351007378,25.50314956190008,4.646721099596572,0.7568916381866457,0.8395779569746185,292.25240478515633,269.6290124343872,-0.07741045746877688,0.735769501054111,1383.3388505297858,25.50314956190008,0.33115596607190106
0.28,1383.3598664866051,37.19354603270042,25.504253068349687,4.644508462131933,0.7568879448364356,0.8395515775704586,292.25240478515633,269.6394920043945,-0.07737459952599961,0.735769501054111,1383.3598664866051,25.504253068349687,0.33115855227635466
0.281,1383.3813144097176,37.19383436014251,25.505361269568795,4.642295824667293,0.7568841755723467,0.8395253407614708,292.25240478515633,269.64997157440183,-0.07733874158322235,0.735769501054111,1383.3813144097176,25.505361269568795,0.33116119299370333
0.28200000000000003,1383.4031942991228,37.19412849226505,25.50647507387184,4.640083187202654,0.7568803303943789,0.8394999175258934,292.25240478515633,269.6493400238037,-0.0773409025597885,0.735769501054111,1383.4031942991228,25.50647507387184,0.33116389427830034
0.28300000000000003,1383.4255061548213,37.19442842893034,25.507593858227363,4.6378705497380155,0.7568764093025323,0.8394742399959274,292.25240478515633,269.6414125930786,-0.0773680278480506,0.7360037479503396,1383.4255061548213,25.507593858227363,0.3311666519764197
0.28400000000000003,1383.4482499768128,37.19473416999794,25.508718118657832,4.635657912273375,0.7568724122968069,0.8394519321928346,292.25240478515633,269.63348516235357,-0.07739515313631251,0.7360037479503396,1383.4482499768128,25.508718118657832,0.33116946939402336
0.28500000000000003,1383.4714257650971,37.19504571532474,25.50984426947106,4.633445274808736,0.7568683393772028,0.8394313460312095,292.25240478515633,269.6255577316285,-0.07742227842457461,0.7360037479503396,1383.4714257650971,25.50984426947106,0.3311723226280422
0.28600000000000003,1383.4950335196743,37.19536306476486,25.5109873416897,4.631232637344096,0.7568641905437198,0.8394061855818914,292.25240478515633,269.61763030090333,-0.0774494037128369,0.7360037479503396,1383.4950335196743,25.5109873416897,0.3311753118758325
0.28700000000000003,1383.5190732405447,37.19568621816977,25.512135492103116,4.629019999879458,0.756859965796358,0.8393836452661587,292.25240478515633,269.6097028701783,-0.07747652900109882,0.7360037479503396,1383.5190732405447,25.512135492103116,0.3311783581890576
0.28800000000000003,1383.5435449277077,37.196015175388176,25.513284912181977,4.626807362414818,0.7568556651351175,0.8393612109281697,292.25240478515633,269.6017754394532,-0.07750365428936092,0.7360037479503396,1383.5435449277077,25.513284912181977,0.33118143617916634
0.289,1383.5684485811641,37.19634993626612,25.51443604577994,4.6245947249501835,0.7568512885599981,0.8393389924001338,292.25240478515633,269.5938480087281,-0.07753077957762301,0.7360037479503396,1383.5684485811641,25.51443604577994,0.33118454880430515
0.29,1383.5937842009134,37.19669050064687,25.515589080340945,4.622382087485535,0.7568468360709998,0.8393170170246703,292.25240478515633,269.57008786010744,-0.07761207967381263,0.7360037479503396,1383.5937842009134,25.515589080340945,0.33118769731336273
0.291,1383.6195517869558,37.19703686837106,25.516742114901955,4.620169450020906,0.7568423076681228,0.8392898862605923,292.25240478515633,269.5461666290284,-0.07769393094582057,0.7360037479503396,1383.6195517869558,25.516742114901955,0.3311908690337375
0.292,1383.6457513392909,37.197389039276544,25.517895149462955,4.6179568125562565,0.756837703351367,0.8392601110316117,292.25240478515633,269.52224539794923,-0.0777757822178289,0.7358313817330211,1383.6457513392909,25.517895149462955,0.3311940639647809
0.293,1383.672382857919,37.197747013198516,25.519052544233208,4.615744175091628,0.7568330231207324,0.8392361742749167,292.25240478515633,269.4983241668702,-0.07785763348983683,0.7358313817330211,1383.672382857919,25.519052544233208,0.3311973111713202
0.294,1383.69944634284,37.19811078996943,25.520212320533904,4.613531537626978,0.756828266976219,0.8392108119077838,292.25240478515633,269.47440293579103,-0.07793948476184516,0.735659096230391,1383.69944634284,25.520212320533904,0.3312005974626617
0.295,1383.7269417940543,37.198480369419045,25.521374656139308,4.611318900162347,0.7568234349178268,0.8391882341113829,292.25240478515633,269.450481704712,-0.0780213360338531,0.7354868913857678,1383.7269417940543,25.521374656139308,0.3312039240231817
0.296,1383.7548692115615,37.19885575137442,25.52254388318531,4.6091062626977,0.7568185269455557,0.8391646643721359,292.25240478515633,269.42656047363283,-0.07810318730586142,0.735659096230391,1383.7548692115615,25.52254388318531,0.3312073197305353
0.297,1383.7832285953614,37.19923693565987,25.52371706878706,4.60689362523307,0.756813543059406,0.8391376240474849,292.25240478515633,269.4026392425538,-0.07818503857786936,0.735659096230391,1383.7832285953614,25.52371706878706,0.3312107650331866
0.298,1383.8120199454547,37.19962392209705,25.524891728740197,4.604680987768421,0.7568084832593773,0.8391130739287899,292.25240478515633,269.37871801147463,-0.07826688984987769,0.735659096230391,1383.8120199454547,25.524891728740197,0.3312142433705271
0.299,1383.8412432618404,37.200016710504855,25.526071110147456,4.60246835030379,0.7568033475454699,0.8390908208711615,292.25240478515633,269.35479678039553,-0.07834874112188582,0.735659096230391,1383.8412432618404,25.526071110147456,0.33121777638726624
0.3,1383.8708985445192,37.200415300699525,25.527250491554707,4.600255712839143,0.7567981359176836,0.8390649193003512,292.25240478515633,269.33087554931643,-0.07843059239389395,0.735659096230391,1383.8708985445192,25.527250491554707,0.33122133260909664
0.301,1383.9009857934916,37.20081969249457,25.528430106585642,4.598043075374512,0.7567928483760186,0.8390375243045892,292.25240478515633,269.30695431823733,-0.07851244366590208,0.7354868913857678,1383.9009857934916,25.528430106585642,0.3312249135926259
0.302,1383.9315050087564,37.201229885700776,25.529609953659257,4.595830437909864,0.7567874849204748,0.8390126930909206,292.25240478515633,269.28303308715823,-0.07859429493791022,0.7354868913857678,1383.9315050087564,25.529609953659257,0.331228519326558
0.303,1383.9624561903145,37.20164588012625,25.53079300611812,4.593617800445234,0.7567820455510521,0.8389856337147679,292.25240478515633,269.2591118560792,-0.07867614620991815,0.735252808988764,1383.9624561903145,25.53079300611812,0.33123216963065316
0.304,1383.9938393381656,37.20206767557639,25.53197839305988,4.591405162980585,0.7567765302677506,0.8389592732416579,292.25240478515633,269.2351906250001,-0.07875799748192629,0.7350187265917603,1383.9938393381656,25.53197839305988,0.33123585869863165
0.305,1384.0256544523095,37.20249527185387,25.533187069214556,4.589192525515956,0.7567709390705704,0.8389354660110854,292.25240478515633,269.211269393921,-0.07883984875393442,0.7350187265917603,1384.0256544523095,25.533187069214556,0.33123972621552794
0.306,1384.0579015327462,37.20292866875867,25.534406443300306,4.586979888051307,0.7567652719595113,0.8389092149887537,292.25240478515633,269.18734816284183,-0.07892170002594275,0.7350187265917603,1384.0579015327462,25.534406443300306,0.33124368824609984
0.307,1384.090580579476,37.203367866088094,25.53562581738606,4.584767250586676,0.7567595289345734,0.8388860293711478,292.25240478515633,269.1634269317628,-0.07900355129795068,0.7350187265917603,1384.090580579476,25.53562581738606,0.3312476734763147
0.308,1384.1236915924987,37.20381286363669,25.536845191471812,4.582554613122029,0.7567537099957568,0.8388599217670769,292.25240478515633,269.1395057006836,-0.07908540256995901,0.7350187265917603,1384.1236915924987,25.536845191471812,0.3312516819053507
0.309,1384.1572345718146,37.20426366119634,25.5380696624119,4.580341975657398,0.7567478151430613,0.8388399611732613,292.25240478515633,269.1155844696045,-0.07916725384196714,0.7350187265917603,1384.1572345718146,25.5380696624119,0.33125574750839415
0.31,1384.1912095174232,37.204720258556215,25.539297940894546,4.57812933819275,0.7567418443764871,0.8388123267790164,292.25240478515633,269.09166323852537,-0.07924910511397545,0.735252808988764,1384.1912095174232,25.539297940894546,0.33125986168995125
0.311,1384.225616429325,37.20518265550278,25.540526620041373,4.5759167007281185,0.7567357976960339,0.838785359147188,292.25240478515633,269.0677420074464,-0.0793309563859832,0.735252808988764,1384.225616429325,25.540526620041373,0.3312640017386579
0.312,1384.2604553075198,37.205650851819804,25.54175529918819,4.573704063263471,0.7567296751017021,0.8387574487972577,292.25240478515633,269.0438207763672,-0.07941280765799152,0.7350187265917603,1384.2604553075198,25.54175529918819,0.331268164982791
0.313,1384.2957261520075,37.20612484728835,25.54298802609282,4.5714914257988415,0.7567234765934913,0.8387325748431806,292.25240478515633,269.0198995452881,-0.07949465892999966,0.7350187265917603,1384.2957261520075,25.54298802609282,0.3312723784041366
0.314,1384.3314289627883,37.20660464168678,25.54422281370764,4.569278788334193,0.7567172021714018,0.8387069402945273,292.25240478515633,268.99597831420897,-0.07957651020200798,0.7347846441947565,1384.3314289627883,25.54422281370764,0.3312766287559974
0.315,1384.367563739862,37.20709023479076,25.545461990609788,4.567066150869562,0.7567108518354335,0.8386767318396126,292.25240478515633,268.9720570831299,-0.07965836147401592,0.7345505617977528,1384.367563739862,25.545461990609788,0.33128093155994853
0.316,1384.4041304832288,37.207581626373255,25.546706252033253,4.564853513404914,0.7567044255855864,0.8386488626240631,292.25240478515633,268.9481358520508,-0.07974021274602405,0.7348946135831381,1384.4041304832288,25.546706252033253,0.3312852914495645
0.317,1384.4411291928882,37.20807881620453,25.547954014609385,4.562640875940284,0.7566979234218605,0.838628164221187,292.25240478515633,268.9242146209717,-0.07982206401803218,0.7347225474127839,1384.4411291928882,25.547954014609385,0.33128969786907075
0.318,1384.4785598688409,37.20858180405215,25.54920221919287,4.5604282384756365,0.7566913453442558,0.838606018767405,292.25240478515633,268.90029338989257,-0.07990391529004051,0.7349566846171857,1384.4785598688409,25.54920221919287,0.33129413042504235
0.319,1384.5164225110861,37.20909058968099,25.55045110071681,4.558215601011005,0.7566846913527723,0.8385781181941676,292.25240478515633,268.8763721588135,-0.07998576656204845,0.7349566846171857,1384.5164225110861,25.55045110071681,0.33129859068262074
0.32,1384.554717119625,37.209605172853216,25.551709978402176,4.556002963546357,0.75667796144741,0.8385497591201375,292.25240478515633,268.85245092773437,-0.08006761783405678,0.7349566846171857,1384.554717119625,25.551709978402176,0.33130314076349027
0.321,1384.5934436944563,37.210125553328304,25.55297503813824,4.553790326081727,0.7566711556281689,0.8385284427780826,292.25240478515633,268.82852969665527,-0.08014946910606491,0.7351288056206089,1384.5934436944563,25.55297503813824,0.3313077552415368
0.322,1384.6326022355809,37.21065173086304,25.55425499373423,4.551577688617079,0.7566642738950489,0.8384984208833443,292.25240478515633,268.80460846557617,-0.08023132037807304,0.7351288056206089,1384.6326022355809,25.55425499373423,0.33131249220270237
0.323,1384.6721927429985,37.21118370521151,25.555543670285026,4.549365051152448,0.7566573162480501,0.8384734877270763,292.25240478515633,268.7806872344971,-0.08031317165008098,0.7351288056206089,1384.6721927429985,25.555543670285026,0.3313173104836165
0.324,1384.712215216709,37.211721476125085,25.556832346835822,4.547152413687801,0.7566502826871726,0.8384503239915962,292.25240478515633,268.75676600341797,-0.0803950229220893,0.7351288056206089,1384.712215216709,25.556832346835822,0.3313221519487368
0.325,1384.7526696567122,37.21226504335247,25.558121134358593,4.54493977622317,0.7566431732124163,0.838424630602108,292.25240478515633,268.73284477233886,-0.08047687419409744,0.7351288056206089,1384.7526696567122,25.558121134358593,0.3313270173368059
0.326,1384.7935560630085,37.212814406639666,25.559417046544546,4.54272713875852,0.7566359878237812,0.8383995622785458,292.25240478515633,268.70892354125976,-0.08055872546610557,0.7351288056206089,1384.7935560630085,25.559417046544546,0.33133195340060684
0.327,1384.834874435598,37.21336956572998,25.560720985227828,4.540514501293891,0.7566287265212671,0.8383732710452989,292.25240478515633,268.6850023101807,-0.0806405767381135,0.7351288056206089,1384.834874435598,25.560720985227828,0.3313369661508077
0.328,1384.8766247744804,37.213930520364016,25.562024923911107,4.538301863829242,0.7566213893048744,0.8383467068877439,292.25240478515633,268.66108107910156,-0.08072242801012183,0.7351288056206089,1384.8766247744804,25.562024923911107,0.33134200208112957
0.329,1384.9188070796558,37.21449727027971,25.56333460808761,4.536089226364612,0.7566139761746028,0.8383166597181466,292.25240478515633,268.63715984802246,-0.08080427928212996,0.7351288056206089,1384.9188070796558,25.56333460808761,0.3313470994904192
0.33,1384.961421351124,37.21506981521228,25.56465097902333,4.533876588899965,0.7566064871304525,0.8382906273363916,292.25240478515633,268.61323861694336,-0.0808861305541381,0.7353010072616538,1384.961421351124,25.56465097902333,0.3313522646521679
0.331,1385.0044675888853,37.21564815489427,25.565972513210568,4.531663951435334,0.7565989221724233,0.8382677183369577,292.25240478515633,268.5893173858643,-0.08096798182614602,0.7353010072616538,1385.0044675888853,25.565972513210568,0.33135748740948795
0.332,1385.0479457929398,37.21623228905553,25.56729932881022,4.529451313970686,0.7565912813005153,0.8382399282182654,292.25240478515633,268.56539615478516,-0.08104983309815435,0.7351288056206089,1385.0479457929398,25.56729932881022,0.33136276854896846
0.333,1385.0918559632873,37.21682221742323,25.568634066808073,4.527238676506056,0.7565835645147285,0.8382133690393957,292.25240478515633,268.54147492370606,-0.08113168437016248,0.7351288056206089,1385.0918559632873,25.568634066808073,0.3313681256745301
0.334,1385.1361980999272,37.21741793972181,25.569980831328852,4.525026039041407,0.756575771815063,0.8381862345613792,292.25240478515633,268.51755369262696,-0.08121353564217061,0.7351288056206089,1385.1361980999272,25.569980831328852,0.3313735861434783
0.335,1385.1809722028606,37.21801945567309,25.571333031267187,4.522813401576777,0.7565679032015186,0.8381596986297585,292.25240478515633,268.49363246154786,-0.08129538691417874,0.7353010072616538,1385.1809722028606,25.571333031267187,0.33137910601789083
0.336,1385.2261782720866,37.21862676499613,25.572700522931296,4.520600764112129,0.7565599586740954,0.8381341500437302,292.25240478515633,268.46971123046876,-0.08137723818618688,0.7353010072616538,1385.2261782720866,25.572700522931296,0.331384750999544
0.337,1385.2718163076058,37.21923986740737,25.574073991437515,4.518388126647499,0.7565519382327934,0.8381092339113545,292.25240478515633,268.44578999938966,-0.08145908945819501,0.7353010072616538,1385.2718163076058,25.574073991437515,0.33139045899358105
0.338,1385.3178863094179,37.2198587626205,25.57544790442044,4.516175489182849,0.7565438418776126,0.8380841555701954,292.25240478515633,268.41905841674804,-0.08155055690963059,0.7353010072616538,1385.3178863094179,25.57544790442044,0.33139619311968826
0.339,1385.3643882775232,37.22048345034657,25.576824230868645,4.51396285171822,0.756535669608553,0.8380547602871843,292.25240478515633,268.39221911926273,-0.08164239292892712,0.7353010072616538,1385.3643882775232,25.576824230868645,0.33140196650213766
0.34,1385.411322211921,37.22111393029393,25.578203737955054,4.511750214253572,0.7565274214256146,0.8380295825329193,292.25240478515633,268.3653798217773,-0.08173422894822406,0.7353010072616538,1385.411322211921,25.578203737955054,0.3314077842537956
0.341,1385.4586881126124,37.22175020216825,25.57958533423351,4.509537576788941,0.7565190973287974,0.8380054649375211,292.25240478515633,268.338540524292,-0.0818260649675206,0.7351288056206089,1385.4586881126124,25.57958533423351,0.3314136390978219
0.342,1385.5064859795962,37.222392265672504,25.580969181993535,4.507324939324293,0.7565106973181014,0.8379767267004598,292.25240478515633,268.31170122680663,-0.08191790098681734,0.7351288056206089,1385.5064859795962,25.580969181993535,0.33141953211486275
0.343,1385.5547158128732,37.223040120506994,25.582353029753563,4.505112301859663,0.7565022213935265,0.8379512449653286,292.25240478515633,268.28486192932127,-0.08200973700611407,0.7351288056206089,1385.5547158128732,25.582353029753563,0.3314254482951724
0.34400000000000003,1385.6033776124434,37.22369376636934,25.5837388752419,4.502899664395015,0.7564936695550729,0.8379214775255813,292.25240478515633,268.25802263183596,-0.08210157302541062,0.7351288056206089,1385.6033776124434,25.5837388752419,0.33143140095454987
0.34500000000000003,1385.6524713783062,37.22435320295446,25.58512540409166,4.500687026930383,0.7564850418027405,0.8378972412447467,292.25240478515633,268.2311833343506,-0.08219340904470734,0.7351288056206089,1385.6524713783062,25.58512540409166,0.33143738133010564
0.34600000000000003,1385.7019971104626,37.22501842995464,25.586516664768137,4.498474389465735,0.7564763381365291,0.8378694093492627,292.25240478515633,268.2043440368652,-0.08228524506400407,0.7351288056206089,1385.7019971104626,25.586516664768137,0.3314434164079863
0.34700000000000003,1385.7519548089115,37.22568944705942,25.58791334118504,4.4962617520011054,0.7564675585564391,0.8378413174379169,292.25240478515633,268.1775047393799,-0.08237708108330062,0.7351288056206089,1385.7519548089115,25.58791334118504,0.3314495107459709
0.34800000000000003,1385.8023444736532,37.22636625395572,25.589310017601942,4.494049114536456,0.7564587030624703,0.8378146437693578,292.25240478515633,268.15066544189455,-0.08246891710259735,0.7351288056206089,1385.8023444736532,25.589310017601942,0.3314556282410698
0.34900000000000003,1385.853166104688,37.22704885032774,25.59070918965816,4.491836477071827,0.7564497716546227,0.837792416749451,292.25240478515633,268.1238261444092,-0.08256075312189409,0.7348946135831381,1385.853166104688,25.59070918965816,0.33146178552814143
0.35000000000000003,1385.9044197020162,37.227737235857035,25.592109948934247,4.489623839607179,0.7564407643328962,0.8377690016505825,292.25240478515633,268.0969868469238,-0.08265258914119082,0.7348946135831381,1385.9044197020162,25.592109948934247,0.3314679765503188
0.35100000000000003,1385.9561052656368,37.22843141022244,25.59351648215917,4.487411202142548,0.756431681097291,0.8377416300024462,292.25240478515633,268.0701475494385,-0.08274442516048737,0.7348946135831381,1385.9561052656368,25.59351648215917,0.3314742292153712
0.352,1386.0082227955509,37.22913137310017,25.59493273841183,4.485198564677905,0.7564225219478069,0.8377106118085117,292.25240478515633,268.04330825195314,-0.0828362611797841,0.7344884102083821,1386.0082227955509,25.59493273841183,0.3314805698468637
0.353,1386.0607722917578,37.2298371241637,25.59635170775923,4.482985927213265,0.756413286884444,0.83768823297885,292.25240478515633,268.0164689544678,-0.08292809719908065,0.7344884102083821,1386.0607722917578,25.59635170775923,0.33148695171474407
0.354,1386.1137537542572,37.23054866308389,25.597772472417503,4.480773289748626,0.7564039759072024,0.8376584876420571,292.25240478515633,267.98962965698246,-0.08301993321837738,0.7343164794007491,1386.1137537542572,25.597772472417503,0.33149336869967877
0.355,1386.1671671830502,37.231265989528886,25.599193237075774,4.478560652283987,0.7563945890160819,0.837633141576104,292.25240478515633,267.9627903594971,-0.0831117692376741,0.7341446290662298,1386.1671671830502,25.599193237075774,0.3314998088326616
0.356,1386.2210125781355,37.23198910316417,25.60061400173404,4.476348014819347,0.7563851262110827,0.8376089544999387,292.25240478515633,267.9359510620117,-0.08320360525697085,0.7339106014509712,1386.2210125781355,25.60061400173404,0.3315062721123548
0.357,1386.2752899395148,37.23271800365258,25.602034766392315,4.474135377354708,0.7563755874922045,0.8375816533363368,292.25240478515633,267.90911176452636,-0.08329544127626758,0.7337388862891905,1386.2752899395148,25.602034766392315,0.33151275853740975
0.358,1386.3299992671864,37.233452690654225,25.60345553105059,4.471922739890069,0.7563659728594476,0.8375571132352386,292.25240478515633,267.88227246704105,-0.08338727729556412,0.7337388862891905,1386.3299992671864,25.60345553105059,0.3315192681064671
0.359,1386.3851405611508,37.23419316382659,25.604884093443022,4.469710102425429,0.756356282312812,0.837528553307387,292.25240478515633,267.8554331695557,-0.08347911331486085,0.7335672514619883,1386.3851405611508,25.604884093443022,0.33152585279844554
0.36,1386.4407138214085,37.23493942282448,25.606321051857485,4.467497464960791,0.7563465158522975,0.8374999087619582,292.25240478515633,267.8285938720703,-0.0835709493341576,0.7333956969130028,1386.4407138214085,25.606321051857485,0.331532516600197
0.361,1386.4967190479592,37.235691467300015,25.60775984687465,4.465284827496152,0.7563366734779042,0.8374673072858303,292.25240478515633,267.801754574585,-0.08366278535345413,0.7333956969130028,1386.4967190479592,25.60775984687465,0.33153921578474205
0.362,1386.5531562408028,37.23644929690266,25.609200581919847,4.463072190031512,0.7563267551896321,0.837440524066116,292.25240478515633,267.77491527709964,-0.08375462137275087,0.7331618334892422,1386.5531562408028,25.609200581919847,0.33154595104011975
0.363,1386.6100253999393,37.237212911279215,25.610644624334682,4.460859552566872,0.7563167609874812,0.8374114491053015,292.25240478515633,267.7480759796143,-0.08384645739204741,0.7329279700654817,1386.6100253999393,25.610644624334682,0.33155273147972053
0.364,1386.6673265253692,37.2379823100738,25.61209648061198,4.458646915102233,0.7563066908714514,0.8373860455636372,292.25240478515633,267.72123668212896,-0.08393829341134414,0.7326941066417212,1386.6673265253692,25.61209648061198,0.3315595871427449
0.365,1386.7250596170916,37.23875749292787,25.61354955249112,4.456434277637594,0.756296544841543,0.8373585326854524,292.25240478515633,267.6943973846436,-0.08403012943064088,0.7326941066417212,1386.7250596170916,25.61354955249112,0.33156647404325174
0.366,1386.7832246751068,37.23953845948022,25.61500465548944,4.454221640172954,0.7562863228977557,0.8373319282768317,292.25240478515633,267.6675580871583,-0.08412196544993741,0.7326941066417212,1386.7832246751068,25.61500465548944,0.33157339761609694
0.367,1386.8418216994155,37.240325209367,25.616459921819114,4.452009002708316,0.7562760250400895,0.8373040959798407,292.25240478515633,267.64071878967286,-0.08421380146923435,0.7326941066417212,1386.8418216994155,25.616459921819114,0.3315803454090097
0.368,1386.900850690017,37.24111774222166,25.617915188148782,4.449796365243676,0.7562656512685446,0.8372757758319036,292.25240478515633,267.61387949218755,-0.08430563748853089,0.7326941066417212,1386.900850690017,25.617915188148782,0.3315873163317445
0.369,1386.9603116469114,37.241916057675006,25.619370454478453,4.447583727779037,0.7562552015831209,0.8372481744616003,292.25240478515633,267.5870401947022,-0.08439747350782763,0.7328654970760234,1386.9603116469114,25.619370454478453,0.3315943103828248
0.37,1387.0202045700987,37.24272015535518,25.620825720808124,4.445371090314398,0.7562446759838184,0.8372253885240278,292.25240478515633,267.5602008972168,-0.08448930952712436,0.7328654970760234,1387.0202045700987,25.620825720808124,0.3316013275607633
0.371,1387.0805294595793,37.24353003488766,25.6222809871378,4.443158452849758,0.756234074470637,0.8371993644333902,292.25240478515633,267.5333615997315,-0.0845811455464209,0.7330369677117454,1387.0805294595793,25.6222809871378,0.33160836786406217
0.372,1387.1412863153528,37.24434569589528,25.623740935592426,4.44094581538512,0.7562233970435768,0.8371679263234749,292.25240478515633,267.50652230224614,-0.08467298156571763,0.7330369677117454,1387.1412863153528,25.623740935592426,0.3316154625026136
0.373,1387.202475137419,37.24516713799817,25.625201101170997,4.43873317792048,0.7562126437026379,0.8371424595444754,292.25240478515633,267.47968300476083,-0.08476481758501417,0.7330369677117454,1387.202475137419,25.625201101170997,0.33162258171086223
0.374,1387.2640959257783,37.24599436081387,25.626662884167523,4.436520540455841,0.7562018144478201,0.8371172294738626,292.25240478515633,267.4528437072754,-0.0848566536043111,0.7330369677117454,1387.2640959257783,25.626662884167523,0.3316297348217445
0.375,1387.3261486804308,37.2468273639572,25.628125496641037,4.434307902991201,0.7561909092791236,0.8370944789090472,292.25240478515633,267.4260044097901,-0.08494848962360764,0.7328029948525971,1387.3261486804308,25.628125496641037,0.3316369165812456
0.376,1387.3886334013757,37.24766614704035,25.62958810911455,4.432095265526561,0.7561799281965482,0.8370656763104314,292.25240478515633,267.3991651123048,-0.08504032564290419,0.7330369677117454,1387.3886334013757,25.62958810911455,0.3316441214584576
0.377,1387.4515500886146,37.24851070967287,25.63105174621598,4.429882628061923,0.756168871200094,0.8370359398870915,292.25240478515633,267.37232581481936,-0.08513216166220111,0.7328654970760234,1387.4515500886146,25.63105174621598,0.33165135628206666
0.378,1387.5148987421455,37.24936105146161,25.632516889751976,4.427669990597283,0.7561577382897611,0.8370108460678419,292.25240478515633,267.34548651733405,-0.08522399768149766,0.7328654970760234,1387.5148987421455,25.632516889751976,0.3316586242622599
0.379,1387.5786793619698,37.25021717201082,25.633984700245186,4.425457353132644,0.7561465294655493,0.8369876367814049,292.25240478515633,267.3186472198487,-0.08531583370079439,0.7328654970760234,1387.5786793619698,25.633984700245186,0.33166593313358667
0.38,1387.642891948087,37.25107907092205,25.635454912546184,4.423244715668004,0.7561352447274586,0.8369553011028378,292.25240478515633,267.2918079223634,-0.08540766972009094,0.7328654970760234,1387.642891948087,25.635454912546184,0.33167328112694716
0.381,1387.7075365004973,37.251946747794236,25.636941005538027,4.421032078203365,0.7561238840754894,0.8369298164969323,292.25240478515633,267.26496862487795,-0.08549950573938786,0.7328654970760234,1387.7075365004973,25.636941005538027,0.3316807580919965
0.382,1387.7726130192002,37.25282020222362,25.638428028298144,4.4188194407387265,0.7561124475096411,0.8368964400522811,292.25240478515633,267.23812932739264,-0.0855913417586844,0.7326941066417212,1387.7726130192002,25.638428028298144,0.33168826436313315
0.383,1387.8381215041966,37.25369943380384,25.639915051058257,4.416606803274087,0.7561009350299142,0.8368680269956497,292.25240478515633,267.2112900299073,-0.08568317777798114,0.7326941066417212,1387.8381215041966,25.639915051058257,0.33169579374082586
0.384,1387.9040619554855,37.254584442125854,25.64140207381838,4.414394165809448,0.7560893466363083,0.8368410646837875,292.25240478515633,267.1844507324219,-0.08577501379727787,0.7325227963525835,1387.9040619554855,25.64140207381838,0.3317033462234387
0.385,1387.9704343730677,37.25547522677798,25.642889096578493,4.412181528344808,0.7560776823288238,0.8368151023649847,292.25240478515633,267.1576114349366,-0.08586684981657441,0.7325227963525835,1387.9704343730677,25.642889096578493,0.3317109218093249
0.386,1388.037238756943,37.25637178734589,25.64438161604008,4.409968890880169,0.7560659421074603,0.8367867833211914,292.25240478515633,267.13077213745123,-0.08595868583587114,0.7325227963525835,1388.037238756943,25.64438161604008,0.33171855713825726
0.387,1388.1044751071108,37.25727412341261,25.645877021400597,4.40775625341553,0.7560541259722181,0.8367589532726392,292.25240478515633,267.10393283996586,-0.08605052185516789,0.7325227963525835,1388.1044751071108,25.645877021400597,0.33172623480475993
0.388,1388.172143423572,37.25818223455852,25.64737534821443,4.40554361595089,0.7560422339230971,0.8367260888897997,292.25240478515633,267.07709354248055,-0.08614235787446442,0.7325227963525835,1388.172143423572,25.64737534821443,0.33173395504416264
0.389,1388.2402437063256,37.25909612036134,25.648874729756127,4.403330978486251,0.7560302659600973,0.8366954373720322,292.25240478515633,267.0370166442872,-0.08627948898968257,0.7321178120617111,1388.2402437063256,25.648874729756127,0.33174170541104275
0.39,1388.3087759553725,37.26001578039618,25.650374149501843,4.401118341021612,0.7560182220832187,0.8366638382779296,292.25240478515633,266.9910007934571,-0.08643694141805153,0.7322889876081365,1388.3087759553725,25.650374149501843,0.3317494791274756
0.391,1388.3777401707127,37.26094121423549,25.651874737793282,4.398905703556974,0.7560061022924612,0.836636835454022,292.25240478515633,266.944984942627,-0.08659439384642048,0.7322889876081365,1388.3777401707127,25.651874737793282,0.3317572837266948
0.392,1388.4471363523458,37.261872421449056,25.653377995857035,4.396693066092333,0.755993906587825,0.8366050533731545,292.25240478515633,266.8989690917969,-0.08675184627478942,0.7325227963525835,1388.4471363523458,25.653377995857035,0.33176512921427037
0.393,1388.5169645002716,37.26280940160405,25.65488938023926,4.394480428627693,0.75598163496931,0.8365763472566443,292.25240478515633,266.8529532409668,-0.08690929870315837,0.7322889876081365,1388.5169645002716,25.65488938023926,0.33177305196222256
0.394,1388.5872246144902,37.26375215426501,25.65640099026716,4.3922677911630545,0.7559692874369162,0.8365496561426107,292.25240478515633,266.80693739013674,-0.08706675113152733,0.7321178120617111,1388.5872246144902,25.65640099026716,0.3317809993023243
0.395,1388.6579166950023,37.26470067899382,25.657918805318378,4.390055153698416,0.7559568639906435,0.8365215225548498,292.25240478515633,266.7589991149902,-0.0872307815188282,0.7319467165225519,1388.6579166950023,25.657918805318378,0.33178901109180897
0.396,1388.7290407418075,37.26565497534972,25.659439361465218,4.387842516233776,0.755944364630492,0.8364946422306944,292.25240478515633,266.6903325927735,-0.08746573774533803,0.7319467165225519,1388.7290407418075,25.659439361465218,0.3317970642381086
0.397,1388.800596754905,37.26661504288933,25.660967064710402,4.385629878769137,0.7559317893564618,0.8364645002251699,292.25240478515633,266.6216660705566,-0.08770069397184825,0.7317130170600608,1388.800596754905,25.660967064710402,0.33180518811019893
0.398,1388.872584734296,37.26758088116662,25.66250210636506,4.383417241304498,0.7559191381685527,0.8364348399676869,292.25240478515633,266.55299954833987,-0.08793565019835808,0.7315420560747663,1388.872584734296,25.66250210636506,0.33181338398159044
0.399,1388.9450046799798,37.26855248973295,25.664047955105,4.3812046038398575,0.7559064110667648,0.8364054324587911,292.25240478515633,266.48433302612307,-0.08817060642486811,0.7315420560747663,1388.9450046799798,25.664047955105,0.3318216749729454
0.4,1389.0178565919564,37.269529868137006,25.665596330258577,4.378991966375219,0.7558936080510982,0.8363737589453866,292.25240478515633,266.4156665039063,-0.08840556265137794,0.7315420560747663,1389.0178565919564,25.665596330258577,0.331830005882872
0.401,1389.091140470226,37.270513015924884,25.667153203407146,4.37677932891058,0.7558807291215528,0.8363428139260826,292.25240478515633,266.3469999816895,-0.08864051887788797,0.7315420560747663,1389.091140470226,25.667153203407146,0.33183841651657
0.402,1389.164856314789,37.27150193264002,25.668714053517395,4.374566691445941,0.7558677742781285,0.8363110757700688,292.25240478515633,266.2783334594727,-0.08887547510439801,0.7315420560747663,1389.164856314789,25.668714053517395,0.33184687673466173
0.403,1389.2390041256444,37.272496617823236,25.670274903627647,4.372354053981301,0.7558547435208254,0.836282785132888,292.25240478515633,266.2096669372559,-0.08911043133090804,0.7313711749591217,1389.2390041256444,25.670274903627647,0.3318553600245815
0.404,1389.3135839027932,37.27349707101271,25.6718357537379,4.370141416516662,0.7558416368496435,0.8362521838034815,292.25240478515633,266.20907819213875,-0.08911244583996777,0.7313711749591217,1389.3135839027932,25.6718357537379,0.33186386638448223
0.405,1389.388595646235,37.27450329174401,25.67339831820254,4.367928779052022,0.7558284542645828,0.8362178777900793,292.25240478515633,266.22911873626714,-0.0890438731137891,0.7317130170600608,1389.388595646235,25.67339831820254,0.331872407240523
0.406,1389.4640393559694,37.27551527955005,25.674980318279314,4.365716141587383,0.7558151957656434,0.8361830200861353,292.25240478515633,266.2491592803956,-0.08897530038761023,0.7317130170600608,1389.4640393559694,25.674980318279314,0.3318811007220874
0.40700000000000003,1389.539915031997,37.27653303396115,25.676563766332094,4.363503504122744,0.755801861352825,0.8361532711357805,292.25240478515633,266.269199824524,-0.08890672766143155,0.7318840579710145,1389.539915031997,25.676563766332094,0.3318898269203465
0.40800000000000003,1389.6162226743174,37.27755655450498,25.678151307195595,4.361290866658106,0.7557884510261279,0.8361186675254718,292.25240478515633,266.2892403686524,-0.08883815493525288,0.7318840579710145,1389.6162226743174,25.678151307195595,0.3318986034640806
0.40900000000000003,1389.692962282931,37.278585840706604,25.67974282880167,4.359078229193465,0.7557749647855521,0.836086816204741,292.25240478515633,266.30928091278076,-0.0887695822090742,0.7318840579710145,1389.692962282931,25.67974282880167,0.3319074296043354
0.41000000000000003,1389.7701338578377,37.27962089208845,25.681342193712883,4.356865591728826,0.7557614026310973,0.8360546877037289,292.25240478515633,266.3279638519287,-0.08870565479960885,0.7320551788636895,1389.7701338578377,25.681342193712883,0.33191633108733637
0.41100000000000003,1389.8477373990372,37.28066170817033,25.682946026539486,4.3546529542641865,0.7557477645627638,0.836024599580429,292.25240478515633,266.3199653152466,-0.08873302339111112,0.7320551788636895,1389.8477373990372,25.682946026539486,0.3319252854105583
0.41200000000000003,1389.9257729065298,37.281708288469424,25.68454985936609,4.352440316799548,0.7557340505805514,0.8359925114910856,292.25240478515633,266.3103720947266,-0.0887658485120098,0.7320551788636895,1389.9257729065298,25.68454985936609,0.33193426278860644
0.41300000000000003,1390.0042403803152,37.28276063250031,25.68615369219269,4.350227679334908,0.7557202606844604,0.8359620581771942,292.25240478515633,266.27591574707037,-0.08888374779048291,0.7320551788636895,1390.0042403803152,25.68615369219269,0.3319432632195391
0.41400000000000003,1390.0831398203939,37.28381873977495,25.68775752501929,4.348015041870268,0.7557063948744904,0.8359282324864841,292.25240478515633,266.24145939941405,-0.08900164706895643,0.7320551788636895,1390.0831398203939,25.68775752501929,0.3319522867014044
0.41500000000000004,1390.162471226765,37.284882609802665,25.689361357845897,4.345802404405629,0.7556924531506417,0.8358925695604729,292.25240478515633,266.2070030517578,-0.08911954634742973,0.7320551788636895,1390.162471226765,25.689361357845897,0.33196133323223986
0.41600000000000004,1390.2422345994291,37.285952242090175,25.690965190672497,4.343589766940991,0.7556784355129142,0.8358602059972522,292.25240478515633,266.1725467041016,-0.08923744562590286,0.7320551788636895,1390.2422345994291,25.690965190672497,0.3319704028100724
0.417,1390.3224299383867,37.28702763614159,25.692573147706895,4.341377129476347,0.7556643419613078,0.8358269847350139,292.25240478515633,266.1513169235229,-0.08931008756222591,0.7320551788636895,1390.3224299383867,25.692573147706895,0.3319795229252015
0.418,1390.403057243637,37.2881087914584,25.694185516850055,4.339164492011716,0.7556501724958227,0.8357916946081496,292.25240478515633,266.1360736297608,-0.08936224553770376,0.7315875613747954,1390.403057243637,25.694185516850055,0.33198869549480303
0.419,1390.4841165151804,37.28919570753948,25.695798353013487,4.336951854547069,0.7556359271164588,0.8357638845546406,292.25240478515633,266.1092688552856,-0.08945396342962285,0.7315875613747954,1390.4841165151804,25.695798353013487,0.3319978942186127
0.42,1390.5656077530168,37.29028838388109,25.697434187928536,4.334739217082437,0.755621605823216,0.8357330307577019,292.25240478515633,266.0870044250489,-0.08953014562649159,0.7315875613747954,1390.5656077530168,25.697434187928536,0.33200726929285024
0.421,1390.647530957146,37.29138681997689,25.69907928358362,4.33252657961779,0.7556072086160944,0.8356975342362212,292.25240478515633,266.07286615142823,-0.08957852255475358,0.7315875613747954,1390.647530957146,25.69907928358362,0.33201672913686053
0.422,1390.7298861275683,37.29249101531793,25.70072499160716,4.330313942153159,0.7555927354950941,0.8356615970207781,292.25240478515633,266.0587278778077,-0.089626899483015,0.7315875613747954,1390.7298861275683,25.70072499160716,0.33202621609790556
0.423,1390.8126732642834,37.293600969392635,25.7023706996307,4.328101304688511,0.7555781864602149,0.8356311686605398,292.25240478515633,266.044589604187,-0.089675276411277,0.7314165497896213,1390.8126732642834,25.7023706996307,0.33203572609184445
0.424,1390.8958923672917,37.29471668168686,25.70401640765424,4.325888667223881,0.755563561511457,0.8356021412582165,292.25240478515633,266.03045133056645,-0.0897236533395386,0.7311827956989247,1390.8958923672917,25.70401640765424,0.3320452591166208
0.425,1390.9795434365928,37.295838151683796,25.70566211567778,4.323676029759232,0.7555488606488202,0.8355737631126091,292.25240478515633,266.0163130569458,-0.08977203026780041,0.7311827956989247,1390.9795434365928,25.70566211567778,0.3320548151701676
0.426,1391.0636264721873,37.2969653788641,25.70730811373242,4.321463392294602,0.7555340838723046,0.8355426824843531,292.25240478515633,266.0021747833253,-0.08982040719606182,0.7313537526303484,1391.0636264721873,25.70730811373242,0.3320643961837771
0.427,1391.1481414740745,37.298098362705765,25.70895812400873,4.3192507548299535,0.7555192311819102,0.8355162096896909,292.25240478515633,265.98803650970467,-0.08986878412432363,0.7313537526303484,1391.1481414740745,25.70895812400873,0.33207402696776656
0.428,1391.2330884422545,37.29923710268421,25.710608134285053,4.317038117365323,0.755504302577637,0.8354868152699196,292.25240478515633,265.9738982360841,-0.08991716105258524,0.7313537526303484,1391.2330884422545,25.710608134285053,0.3320836807742635
0.429,1391.3184673767275,37.30038159827225,25.71225814456136,4.3148254799006756,0.7554892980594851,0.8354544802939895,292.25240478515633,265.9597599624635,-0.08996553798084685,0.7313537526303484,1391.3184673767275,25.71225814456136,0.332093357601159
0.43,1391.4042782774936,37.301531848940115,25.71391251130925,4.312612842436045,0.7554742176274543,0.8354176452489152,292.25240478515633,265.94562168884295,-0.09001391490910846,0.7313537526303484,1391.4042782774936,25.71391251130925,0.33210308648690506
0.431,1391.4905211445525,37.302687854155394,25.715578046250638,4.310400204971397,0.7554590612815446,0.8353901388952174,292.25240478515633,265.92300375061046,-0.09009130670422169,0.7313537526303484,1391.4905211445525,25.715578046250638,0.33211291283682864
0.432,1391.5771959779047,37.30384961338313,25.717245925120956,4.308187567506766,0.7554438290217562,0.8353612208031448,292.25240478515633,265.89616445312515,-0.09018314272351824,0.7313537526303484,1391.5771959779047,25.717245925120956,0.3321227778255713
0.433,1391.6643027775497,37.30501712608573,25.718916331652125,4.305974930042119,0.7554285208480891,0.8353291175569161,292.25240478515633,265.86932515563973,-0.09027497874281516,0.7311827956989247,1391.6643027775497,25.718916331652125,0.332132682675754
0.434,1391.7518415434874,37.30619039172303,25.72058785901735,4.303762292577488,0.755413136760543,0.8352919005984881,292.25240478515633,265.8424858581544,-0.09036681476211171,0.7308411214953271,1391.7518415434874,25.72058785901735,0.3321426180072018
0.435,1391.8398122757187,37.30736940975226,25.72226363331026,4.30154965511284,0.7553976767591182,0.835265450950698,292.25240478515633,265.81564656066905,-0.09045865078140844,0.7308411214953271,1391.8398122757187,25.72226363331026,0.3321526046565216
0.436,1391.9282149742423,37.30855417962806,25.72393940760317,4.299337017648209,0.7553821408438146,0.8352348664444305,292.25240478515633,265.78880726318374,-0.09055048680070499,0.7308411214953271,1391.9282149742423,25.72393940760317,0.3321626143111894
0.437,1392.0170496390592,37.30974470080249,25.725615181896078,4.297124380183561,0.7553665290146322,0.8351999294830265,292.25240478515633,265.7619679656984,-0.09064232282000172,0.7310747663551402,1392.0170496390592,25.725615181896078,0.33217264696901355
0.438,1392.1063162701696,37.31094097272501,25.72729134174728,4.294911742718931,0.7553508412715709,0.8351700514682818,292.25240478515633,265.735128668213,-0.09073415883929846,0.7310747663551402,1392.1063162701696,25.72729134174728,0.33218270519795295
0.439,1392.1960148675723,37.312142994842475,25.728969897846266,4.292699105254283,0.7553350776146309,0.8351380100541143,292.25240478515633,265.70828937072764,-0.09082599485859519,0.7309039943938332,1392.1960148675723,25.728969897846266,0.3321928023992044
0.44,1392.286145431268,37.313350766599186,25.73065131865395,4.290486467789652,0.7553192380438121,0.835105033148969,292.25240478515633,265.68145007324233,-0.09091783087789172,0.7309039943938332,1392.286145431268,25.73065131865395,0.33220294169334125
0.441,1392.376707961257,37.31456428743684,25.732342715499772,4.2882738303250045,0.7553033225591145,0.8350683011707131,292.25240478515633,265.65461077575696,-0.09100966689718847,0.7309039943938332,1392.376707961257,25.732342715499772,0.3322131704827932
0.442,1392.4677024575387,37.31578355679455,25.734039274530176,4.286061192860373,0.755287331160538,0.8350357039505583,292.25240478515633,265.62777147827165,-0.091101502916485,0.7307333021952359,1392.4677024575387,25.734039274530176,0.3322234566758032
0.443,1392.5591289201134,37.31700857410885,25.735736311765354,4.283848555395726,0.7552712638480827,0.8350046704993619,292.25240478515633,265.60093218078623,-0.09119333893578194,0.7304997664642691,1392.5591289201134,25.735736311765354,0.33223376904635205
0.444,1392.6509873489815,37.31823933881369,25.737439841713403,4.281635917931095,0.7552551206217487,0.8349728040217461,292.25240478515633,265.5792014648439,-0.09126769492254726,0.7304997664642691,1392.6509873489815,25.737439841713403,0.33224414768534394
0.445,1392.7432777441418,37.31947585034042,25.739143501504376,4.279423280466447,0.7552389014815359,0.8349399706753893,292.25240478515633,265.58784623718276,-0.09123811510661649,0.7303292084987159,1392.7432777441418,25.739143501504376,0.3322545501751296
0.446,1392.8360001055958,37.32071810811785,25.74084716129535,4.277210643001816,0.7552226064274442,0.8349051437670236,292.25240478515633,265.5964910095216,-0.09120853529068573,0.7303292084987159,1392.8360001055958,25.74084716129535,0.3322649756478817
0.447,1392.9291544333423,37.32196611157218,25.742556349113265,4.274998005537169,0.7552062354594737,0.8348713317676986,292.25240478515633,265.60513578186044,-0.09117895547475516,0.7303292084987159,1392.9291544333423,25.742556349113265,0.33227546095155314
0.448,1393.0227407273821,37.32321986012705,25.74427386110042,4.2727853680725385,0.7551897885776244,0.8348350849101421,292.25240478515633,265.6137805541993,-0.09114937565882439,0.7303292084987159,1393.0227407273821,25.74427386110042,0.33228602472313595
0.449,1393.1167589877148,37.32447935320351,25.745992406621777,4.270572730607891,0.7551732657818964,0.834803727563338,292.25240478515633,265.6224253265382,-0.09111979584289362,0.7303292084987159,1393.1167589877148,25.745992406621777,0.3322966183603869
0.45,1393.2112092143407,37.32574459022004,25.747721445242195,4.268360093143261,0.7551566670722895,0.8347677290578683,292.25240478515633,265.63107009887705,-0.09109021602696285,0.7303292084987159,1393.2112092143407,25.747721445242195,0.3323073049191588
0.451,1393.3060914072591,37.32701557059256,25.749455590172097,4.2661474556786105,0.7551399924488038,0.8347305533542733,292.25240478515633,265.63971487121586,-0.09106063621103229,0.7301587301587301,1393.3060914072591,25.749455590172097,0.3323180484883666
0.452,1393.4014055664709,37.3282922937344,25.751190330356817,4.263934818213981,0.7551232419114393,0.8346931170325563,292.25240478515633,265.6483596435548,-0.09103105639510133,0.7301587301587301,1393.4014055664709,25.751190330356817,0.33232881899463046
0.453,1393.4971516919752,37.32957475905633,25.752926736370643,4.261722180749332,0.7551064154601961,0.8346595050238129,292.25240478515633,265.65700441589365,-0.09100147657917056,0.7302217036172696,1393.4971516919752,25.752926736370643,0.3323396235721232
0.454,1393.5933297837728,37.330862965966546,25.754663190904044,4.259509543284703,0.7550895130950739,0.8346303033875748,292.25240478515633,265.6656491882325,-0.09097189676323979,0.7302217036172696,1393.5933297837728,25.754663190904044,0.3323504514373696
0.455,1393.6899398418632,37.33215691387069,25.756399645437444,4.257296905820054,0.7550725348160731,0.8345967892059851,292.25240478515633,265.67429396057133,-0.09094231694730921,0.7300513299113393,1393.6899398418632,25.756399645437444,0.3323613022645572
0.456,1393.7869818662468,37.33345660217182,25.75814150776237,4.255084268355424,0.7550554806231933,0.8345633597624245,292.25240478515633,265.6829387329102,-0.09091273713137846,0.7298180121325245,1393.7869818662468,25.75814150776237,0.33237221210004797
0.457,1393.884455856923,37.33476203027043,25.75988492060255,4.252871630890776,0.7550383505164349,0.8345262606061181,292.25240478515633,265.69158350524907,-0.09088315731544769,0.7296477723349661,1393.884455856923,25.75988492060255,0.3323831552285471
0.458,1393.9823618138926,37.33607319756448,25.76163392101228,4.2506589934261445,0.7550211444957975,0.834487445048009,292.25240478515633,265.70022827758794,-0.09085357749951692,0.7294145089806391,1393.9823618138926,25.76163392101228,0.3323941585589577
0.459,1394.080699737155,37.337390103449316,25.76338348663393,4.248446355961497,0.7550038625612814,0.8344532521190222,292.25240478515633,265.70887304992675,-0.09082399768358634,0.7294145089806391,1394.080699737155,25.76338348663393,0.3324051886094434
0.46,1394.1794696267107,37.33871274731777,25.765140475521825,4.246233718496867,0.7549865047128865,0.8344162153167357,292.25240478515633,265.7175178222657,-0.0907944178676554,0.7291812456263121,1394.1794696267107,25.765140475521825,0.3324162910938874
0.461,1394.2786714825586,37.34004112856008,25.766903951083602,4.244021081032218,0.7549690709506127,0.8343822439593261,292.25240478515633,265.7261625946045,-0.09076483805172482,0.7291812456263121,1394.2786714825586,25.766903951083602,0.33242745976645477
0.462,1394.3783053047002,37.34137524656397,25.76866985042734,4.241808443567588,0.7549515612744602,0.8343489159564812,292.25240478515633,265.73155975952153,-0.09074637057351533,0.7291812456263121,1394.3783053047002,25.76866985042734,0.3324386675411504
0.463,1394.4783710931347,37.34271510071455,25.77043802735645,4.2395958061029395,0.7549339756844289,0.834310919351975,292.25240478515633,265.72284598693847,-0.09077618648756904,0.7291812456263121,1394.4783710931347,25.77043802735645,0.33244991344095737
0.464,1394.578868847862,37.34406069039442,25.77220825931536,4.23738316863831,0.7549163141805187,0.8342724793834857,292.25240478515633,265.7141322143555,-0.09080600240162236,0.7291812456263121,1394.578868847862,25.77220825931536,0.3324611959798338
0.465,1394.6797985688822,37.34541201498361,25.773978577098674,4.235170531173662,0.7548985767627299,0.834239711603204,292.25240478515633,265.7054184417725,-0.09083581831567587,0.7291812456263121,1394.6797985688822,25.773978577098674,0.3324725020284272
0.466,1394.7811602561956,37.3467690738596,25.775748894881993,4.23295789370903,0.754880763431062,0.8342075038045813,292.25240478515633,265.6967046691895,-0.09086563422972939,0.7291812456263121,1394.7811602561956,25.775748894881993,0.3324838310121357
0.467,1394.8829539098017,37.3481318663973,25.77751921266531,4.230745256244383,0.7548628741855156,0.8341724895330257,292.25240478515633,265.6879908966065,-0.0908954501437829,0.7291812456263121,1394.8829539098017,25.77751921266531,0.33249518292845903
0.468,1394.9851795297009,37.349500391969116,25.779289530448626,4.228532618779751,0.7548449090260901,0.834135708430402,292.25240478515633,265.6792771240235,-0.09092526605783642,0.7291812456263121,1394.9851795297009,25.779289530448626,0.3325065577748873
0.46900000000000003,1395.0878371158933,37.350874649944856,25.781059848231948,4.226319981315105,0.754826867952786,0.8340992731657376,292.25240478515633,265.6705633514405,-0.09095508197188994,0.729351376574895,1395.0878371158933,25.781059848231948,0.33251795554889974
0.47000000000000003,1395.1909266683786,37.352254639691814,25.78283016601527,4.2241073438504735,0.754808750965603,0.8340675620311374,292.25240478515633,265.66184957885747,-0.09098489788594345,0.729351376574895,1395.1909266683786,25.78283016601527,0.33252937624796586
0.47100000000000003,1395.2944481871564,37.353640360574715,25.78460574000639,4.221894706385825,0.7547905580645413,0.834031329146021,292.25240478515633,265.65313580627446,-0.09101471379999697,0.729351376574895,1395.2944481871564,25.78460574000639,0.3325408549078257
0.47200000000000003,1395.398401672228,37.355031811955776,25.78639123074979,4.219682068921196,0.7547722892496007,0.8339974435906338,292.25240478515633,265.6444220336915,-0.09104452971405029,0.729351376574895,1395.398401672228,25.78639123074979,0.332552422593472
0.47300000000000003,1395.5027871235916,37.35642899319462,25.788176721493194,4.217469431456547,0.7547539445207814,0.8339648244482025,292.25240478515633,265.65691261291505,-0.09100179070140565,0.729351376574895,1395.5027871235916,25.788176721493194,0.3325640131965189
0.47400000000000003,1395.607604541249,37.35783190364838,25.7899622122366,4.215256793991917,0.7547355238780831,0.8339333420721526,292.25240478515633,265.71651382446294,-0.0907978532467534,0.729351376574895,1395.607604541249,25.7899622122366,0.33257562671439533
0.47500000000000003,1395.712853925199,37.35924054267162,25.791747702980004,4.213044156527269,0.7547170273215061,0.8338993193820872,292.25240478515633,265.77611503601076,-0.09059391579210133,0.7295846943537098,1395.712853925199,25.791747702980004,0.3325872631445194
0.47600000000000003,1395.818535275442,37.36065490961637,25.793536581427897,4.210831519062638,0.7546984548510504,0.8338649003444956,292.25240478515633,265.83571624755865,-0.09038997833744908,0.72975495915986,1395.818535275442,25.793536581427897,0.33259894506699544
0.47700000000000004,1395.924648591978,37.36207500383213,25.79532927182016,4.208618881597991,0.7546798064667157,0.8338319794897122,292.25240478515633,265.8953174591065,-0.09018604088279701,0.7295846943537098,1395.924648591978,25.79532927182016,0.33261067530723687
0.47800000000000004,1396.031193874807,37.36350082466587,25.797121962212426,4.206406244133359,0.7546610821685024,0.8338033097497262,292.25240478515633,265.95491867065437,-0.08998210342814476,0.7295846943537098,1396.031193874807,25.797121962212426,0.33262242845192086
0.47900000000000004,1396.1381711239292,37.364932371462004,25.79891475358633,4.204193606668712,0.7546422819564101,0.8337707301356483,292.25240478515633,266.0145198822022,-0.0897781659734927,0.7298180121325245,1396.1381711239292,25.79891475358633,0.3326342051715765
0.48,1396.245580339344,37.366369643562436,25.80071178445479,4.201980969204077,0.7546234058304391,0.833734346685448,292.25240478515633,266.07412109375,-0.08957422851884063,0.7296477723349661,1396.245580339344,25.80071178445479,0.3326460330512136
0.481,1396.3534215210518,37.36781264030652,25.802509073964412,4.199768331739437,0.7546044537905894,0.833697257225533,292.25240478515633,266.13372230529785,-0.08937029106418858,0.7298180121325245,1396.3534215210518,25.802509073964412,0.33265788555151804
0.482,1396.4616946690528,37.369261361031114,25.804308133708087,4.197555694274798,0.7545854258368607,0.8336616724327625,292.25240478515633,266.1802910461426,-0.08921094681215759,0.7298180121325245,1396.4616946690528,25.804308133708087,0.332669772746231
0.483,1396.5703997833466,37.37071580507051,25.80611030640677,4.1953430568101595,0.7545663219692533,0.8336259818630017,292.25240478515633,266.21821366882324,-0.08908118698106735,0.7294145089806391,1396.5703997833466,25.80611030640677,0.3326817035833697
0.484,1396.6795368639337,37.3721759717565,25.807912479105447,4.193130419345519,0.7545471421877671,0.8335896621720958,292.25240478515633,266.2561362915039,-0.0889514271499771,0.7296477723349661,1396.6795368639337,25.807912479105447,0.33269365730906675
0.485,1396.7891059108135,37.37364186041833,25.809714651804125,4.190917781880881,0.7545278864924021,0.8335535736889321,292.25240478515633,266.2940589141846,-0.08882166731888666,0.7296477723349661,1396.7891059108135,25.809714651804125,0.33270563392063945
0.486,1396.899106923986,37.37511347038275,25.811516824502807,4.188705144416241,0.7545085548831583,0.8335191494116755,292.25240478515633,266.3151736175538,-0.0887494191422301,0.7298180121325245,1396.899106923986,25.811516824502807,0.33271763341539495
0.487,1397.0095399034522,37.37659080097397,25.813318997201485,4.186492506951602,0.7544891473600356,0.8334918147222484,292.25240478515633,266.32276064910894,-0.08872345859774554,0.7298180121325245,1397.0095399034522,25.813318997201485,0.3327296557906304
0.488,1397.120404849211,37.37807385151368,25.815122265871935,4.184279869486962,0.7544696639230342,0.833454480242754,292.25240478515633,266.33034768066403,-0.08869749805326116,0.7298180121325245,1397.120404849211,25.815122265871935,0.33274170834946387
0.489,1397.2317017612625,37.37956262132106,25.816927457775126,4.182067232022324,0.7544501045721539,0.8334148616708654,292.25240478515633,266.33793471221924,-0.0886715375087764,0.7298180121325245,1397.2317017612625,25.816927457775126,0.332753796603757
0.49,1397.343430639607,37.38105710971276,25.818734991836255,4.179854594557684,0.7544304693073949,0.8333808286219221,292.25240478515633,266.34552174377444,-0.08864557696429164,0.7295846943537098,1397.343430639607,25.818734991836255,0.33276592334336375
0.491,1397.4555914842451,37.382557316002945,25.82054258039632,4.177641957093044,0.7544107581287569,0.8333474513943325,292.25240478515633,266.33660071258544,-0.08867610205507938,0.7295846943537098,1397.4555914842451,25.82054258039632,0.33277807331583215
0.492,1397.5681842951758,37.38406323950322,25.82235044011369,4.175429319628406,0.7543909710362403,0.8333130553430103,292.25240478515633,266.3254188781738,-0.08871436293584044,0.7295846943537098,1397.5681842951758,25.82235044011369,0.33279024796267015
0.493,1397.6812090723993,37.38557487952271,25.824164798714158,4.1732166821637655,0.7543711080298449,0.8332807187409774,292.25240478515633,266.30096977081297,-0.08879802044202528,0.7295846943537098,1397.6812090723993,25.824164798714158,0.3328024887956079
0.494,1397.794665815916,37.38709223536802,25.825979800241175,4.171004044699127,0.7543511691095706,0.8332480952622718,292.25240478515633,266.2724617645264,-0.08889556628192194,0.72975495915986,1397.794665815916,25.825979800241175,0.33281475677562067
0.495,1397.9085545257255,37.38861530634326,25.827794801768185,4.168791407234488,0.7543311542754175,0.8332108594530956,292.25240478515633,266.24395375823974,-0.08899311212181879,0.72975495915986,1397.9085545257255,25.827794801768185,0.33282704761412785
0.496,1398.022875201828,37.39014409175001,25.82960980329519,4.166578769769848,0.7543110635273858,0.8331733283155265,292.25240478515633,266.2154457519531,-0.08909065796171564,0.72975495915986,1398.022875201828,25.82960980329519,0.33283936130833597
0.497,1398.1376278442237,37.39167859088735,25.831424804822205,4.16436613230521,0.754290896865475,0.8331393506343834,292.25240478515633,266.1869377456665,-0.0891882038016123,0.72975495915986,1398.1376278442237,25.831424804822205,0.33285169785544166
0.498,1398.2528124529124,37.39321880305187,25.833239806349216,4.16215349484057,0.7542706542896855,0.8330951256341752,292.25240478515633,266.15842973937987,-0.08928574964150915,0.72975495915986,1398.2528124529124,25.833239806349216,0.33286405725263146
0.499,1398.3684290278939,37.39476472753765,25.83505480787623,4.159940857375931,0.7542503358000172,0.8330598077029591,292.25240478515633,266.1299217330933,-0.0893832954814058,0.72975495915986,1398.3684290278939,25.83505480787623,0.332876439497082
0.5,1398.4844775691683,37.39631636363625,25.836869809403236,4.1577282199112915,0.7542299413964701,0.8330237890418436,292.25240478515633,266.10141372680664,-0.08948084132130267,0.72975495915986,1398.4844775691683,25.836869809403236,0.3328888445859597
0.501,1398.6009580767359,37.39787371063676,25.838684810930243,4.155515582446651,0.7542094710790442,0.8329907660035566,292.25240478515633,266.07290572052005,-0.08957838716119933,0.72975495915986,1398.6009580767359,25.838684810930243,0.3329012725164211
0.502,1398.7178705505962,37.39943676782575,25.840499812457256,4.153302944982013,0.7541889248477396,0.832955737920164,292.25240478515633,266.04175954284665,-0.08968496003164773,0.7295846943537098,1398.7178705505962,25.840499812457256,0.33291372328561303
0.503,1398.8352149907498,37.401005534487304,25.842314813984267,4.151090307517372,0.7541683027025561,0.8329205308450001,292.25240478515633,266.00891884002687,-0.08979733105847958,0.7295846943537098,1398.8352149907498,25.842314813984267,0.3329261968906718
0.504,1398.952991397196,37.402580009903005,25.84412981551128,4.148877670052734,0.7541476046434937,0.8328842473900906,292.25240478515633,265.976078137207,-0.08990970208531161,0.7294145089806391,1398.952991397196,25.84412981551128,0.3329386933287242
0.505,1399.0711997699354,37.40416019335196,25.845947278048637,4.1466650325880945,0.7541268306705526,0.8328512786355352,292.25240478515633,265.9432374343872,-0.09002207311214365,0.7294145089806391,1399.0711997699354,25.845947278048637,0.33295122900216884
0.506,1399.189840108968,37.40574608411077,25.847766383587405,4.144452395123455,0.7541059807837327,0.8328165237575057,292.25240478515633,265.9103967315674,-0.09013444413897549,0.7294145089806391,1399.189840108968,25.847766383587405,0.3329637984552027
0.507,1399.308912414293,37.40733768145353,25.849587245338395,4.142239757658817,0.754085054983034,0.8327772790487576,292.25240478515633,265.87755602874756,-0.09024681516580753,0.7287779850746269,1399.308912414293,25.849587245338395,0.33297640243959414
0.508,1399.4284166859113,37.40893498465188,25.851416545961992,4.140027120194177,0.7540640532684565,0.83274093159365,292.25240478515633,265.8447153259278,-0.09035918619263937,0.7287779850746269,1399.4284166859113,25.851416545961992,0.3329890854995524
0.509,1399.5483529238231,37.410537992974966,25.853245846585587,4.137814482729538,0.75404297564,0.8327036012296013,292.25240478515633,265.8118746231079,-0.0904715572194716,0.7283749125670319,1399.5483529238231,25.853245846585587,0.3330017913779879
0.51,1399.6687211280273,37.412146705689416,25.855080501455728,4.135601845264898,0.754021822097665,0.8326625432755884,292.25240478515633,265.7790339202881,-0.09058392824630344,0.7283749125670319,1399.6687211280273,25.855080501455728,0.3330145557637819
0.511,1399.7895212985245,37.41376112205941,25.856922789326852,4.133389207800259,0.754000592641451,0.832623974563915,292.25240478515633,265.74619321746826,-0.09069629927313548,0.7285447761194029,1399.7895212985245,25.856922789326852,0.33302739384434166
0.512,1399.9107534353145,37.415381241346644,25.858771227926614,4.1311765703356205,0.7539792872713583,0.8325865918433678,292.25240478515633,265.7133525146485,-0.09080867029996732,0.7285447761194029,1399.9107534353145,25.858771227926614,0.33304029573577426
0.513,1400.0324175383978,37.41700706281033,25.86062165380906,4.12896393287098,0.7539579059873868,0.8325466071574218,292.25240478515633,265.68051181182864,-0.09092104132679936,0.7285447761194029,1400.0324175383978,25.86062165380906,0.3330532336812693
0.514,1400.1545136077739,37.41863858570718,25.862473333453437,4.126751295406341,0.7539364487895364,0.8325099985421579,292.25240478515633,265.64767110900885,-0.0910334123536312,0.7284382284382285,1400.1545136077739,25.862473333453437,0.3330662027881489
0.515,1400.2770416434435,37.42027580929146,25.864329637143648,4.124538657941702,0.7539149156778072,0.8324730211628912,292.25240478515633,265.614830406189,-0.09114578338046324,0.7277389277389278,1400.2770416434435,25.864329637143648,0.3330792255199992
0.516,1400.4000016454052,37.42191873281493,25.866191043107264,4.122326020477064,0.7538933066521993,0.832434105649642,292.25240478515633,265.5819897033692,-0.09125815440729527,0.7275693311582382,1400.4000016454052,25.866191043107264,0.33309230506172877
0.517,1400.5233936136606,37.42356735552693,25.868055265101408,4.1201133830124235,0.7538716217127125,0.8323967973283213,292.25240478515633,265.54914900054933,-0.09137052543412731,0.7275693311582382,1400.5233936136606,25.868055265101408,0.3331054261700664
0.518,1400.6472175482086,37.425221676674255,25.869928924293706,4.117900745547785,0.7538498608593469,0.8323608452571234,292.25240478515633,265.5163082977295,-0.09148289646095933,0.7275693311582382,1400.6472175482086,25.869928924293706,0.33311863297920635
0.519,1400.7714734490498,37.426881695501294,25.871809801020184,4.115688108083145,0.7538280240921026,0.8323262496368016,292.25240478515633,265.4834675949097,-0.09159526748779118,0.7275693311582382,1400.7714734490498,25.871809801020184,0.33313191068967757
0.52,1400.896161316184,37.42854741124993,25.873695785366703,4.113475470618505,0.7538061114109793,0.8322878717412776,292.25240478515633,265.4506268920899,-0.09170763851462321,0.7275693311582382,1400.896161316184,25.873695785366703,0.3331452452335999
0.521,1401.021281149611,37.4302188231596,25.875583446308607,4.111262833153866,0.7537841228159774,0.8322483609338384,292.25240478515633,265.4177861892701,-0.09182000954145506,0.7275693311582382,1401.021281149611,25.875583446308607,0.33315861373646005
0.522,1401.1468329493307,37.43189593046725,25.877471107250518,4.109050195689227,0.7537620583070966,0.8322084479770981,292.25240478515633,265.3849454864503,-0.0919323805682869,0.7275693311582382,1401.1468329493307,25.877471107250518,0.33317200501889394
0.523,1401.2728167153439,37.433578732407405,25.879365985309814,4.106837558224588,0.753739917884337,0.832169870412198,292.25240478515633,265.3521047836304,-0.09204475159511913,0.7277389277389278,1401.2728167153439,25.879365985309814,0.333185467187693
0.524,1401.3992324476496,37.43526722821208,25.881265668281,4.104624920759948,0.7537177015476987,0.8321328377454325,292.25240478515633,265.3192640808106,-0.09215712262195097,0.7279086034040569,1401.3992324476496,25.881265668281,0.3331989841598403
0.525,1401.5260801462487,37.43696141711088,25.883168255865147,4.102412283295309,0.7536954092971815,0.8320973332741152,292.25240478515633,265.28642337799073,-0.0922694936487832,0.7276754488225694,1401.5260801462487,25.883168255865147,0.3332125432647175
0.526,1401.6533598111407,37.43866129833091,25.8850708434493,4.10019964583067,0.7536730411327854,0.832057858140563,292.25240478515633,265.25358267517095,-0.09238186467561504,0.7276754488225694,1401.6533598111407,25.8850708434493,0.33322612513686234
0.527,1401.7810714423256,37.440366871096835,25.88697351400967,4.097987008366031,0.7536505970545107,0.8320136739736057,292.25240478515633,265.2207419723511,-0.09249423570244708,0.7276754488225694,1401.7810714423256,25.88697351400967,0.3332397303262996
0.528,1401.9092150398035,37.442078134630876,25.888881509755066,4.095774370901391,0.753628077062357,0.83197347717157,292.25240478515633,265.1879012695313,-0.09260660672927892,0.7274422942410819,1401.9092150398035,25.888881509755066,0.3332533937748809
0.529,1402.0377906035744,37.44379508815278,25.890792975266017,4.093561733436752,0.7536054811563246,0.8319317349293651,292.25240478515633,265.15506056671154,-0.09271897775611077,0.7276754488225694,1402.0377906035744,25.890792975266017,0.33326710311111823
0.53,1402.1667981336382,37.445517730879864,25.89270444077697,4.091349095972113,0.7535828093364134,0.8318866164960262,292.25240478515633,265.1222198638916,-0.09283134878294319,0.7276754488225694,1402.1667981336382,25.89270444077697,0.3332808352021602
0.531,1402.296237629995,37.44724606202698,25.894621718959417,4.089136458507474,0.7535600616026233,0.8318461844912544,292.25240478515633,265.0893791610718,-0.09294371980977503,0.7276754488225694,1402.296237629995,25.894621718959417,0.33329462879257654
0.532,1402.4261090926448,37.448980080806535,25.896546187458227,4.086923821042834,0.7535372379549545,0.8318031542350229,292.25240478515633,265.05653845825196,-0.09305609083660707,0.7276754488225694,1402.4261090926448,25.896546187458227,0.33330849306270266
0.533,1402.5564125215876,37.45071978642851,25.89847065595704,4.084711183578194,0.7535143383934069,0.8317640823549154,292.25240478515633,265.0236977554322,-0.09316846186343891,0.7275058275058275,1402.5564125215876,25.89847065595704,0.33332238007818316
0.534,1402.687147916823,37.4524651781004,25.900399613488446,4.082498546113556,0.7534913629179805,0.8317244592459989,292.25240478515633,264.9908570526124,-0.09328083289027075,0.7275058275058275,1402.687147916823,25.900399613488446,0.3333363197600809
0.535,1402.818315278352,37.45421625502731,25.90233464688776,4.080285908648917,0.7534683115286752,0.8316881459390525,292.25240478515633,264.95801634979256,-0.09339320391710279,0.7276754488225694,1402.818315278352,25.90233464688776,0.33335032268318143
0.536,1402.9499146061735,37.45597301641186,25.90427521063502,4.078073271184277,0.7534451842254912,0.8316477312994537,292.25240478515633,264.9251756469727,-0.09350557494393483,0.7275058275058275,1402.9499146061735,25.90427521063502,0.333364385207818
0.537,1403.0819459002882,37.45773546145426,25.906233154509888,4.075860633719637,0.7534219810084284,0.8316100629870558,292.25240478515633,264.8923349441529,-0.09361794597076686,0.7272727272727273,1403.0819459002882,25.906233154509888,0.333378586322324
0.538,1403.214409160696,37.45950358935227,25.908195071640147,4.073647996254998,0.7533987018774866,0.831572177258677,292.25240478515633,264.85949424133304,-0.0937303169975989,0.7272727272727273,1403.214409160696,25.908195071640147,0.33339283665226094
0.539,1403.3473043873964,37.461277399301224,25.91016084939466,4.071435358790359,0.7533753468326663,0.8315318757837953,292.25240478515633,264.82665353851326,-0.09384268802443074,0.7272727272727273,1403.3473043873964,25.91016084939466,0.3334071354436029
0.54,1403.4806315803903,37.463056890494,25.912137011615528,4.069222721325719,0.753351915873967,0.8314971839021967,292.25240478515633,264.7938128356934,-0.09395505905126278,0.7274422942410819,1403.4806315803903,25.912137011615528,0.33342152618154913
0.541,1403.6143907396765,37.46484206212107,25.91411799060202,4.067010083861081,0.753328409001389,0.8314640225648616,292.25240478515633,264.76097213287363,-0.09406743007809461,0.7274422942410819,1403.6143907396765,25.91411799060202,0.33343597174814543
0.542,1403.7485818652565,37.46663291337048,25.916098969588514,4.064797446396441,0.753304826214932,0.8314186427505375,292.25240478515633,264.7281314300538,-0.09417980110492664,0.7272727272727273,1403.7485818652565,25.916098969588514,0.3334504400312184
0.543,1403.8832049571288,37.46842944342782,25.91808580635019,4.062584808931802,0.7532811675145963,0.8313803990787667,292.25240478515633,264.695290727234,-0.09429217213175849,0.727039627039627,1403.8832049571288,25.91808580635019,0.3334649700758853
0.544,1404.0182600152946,37.470231651476276,25.920081501137876,4.060372171467163,0.7532574329003818,0.8313449086401152,292.25240478515633,264.6624500244141,-0.09440454315859072,0.727039627039627,1404.0182600152946,25.920081501137876,0.33347958187877946
0.545,1404.153747039753,37.4720395366966,25.922081074291654,4.058159534002523,0.7532336223722885,0.8313040588272741,292.25240478515633,264.62960932159433,-0.09451691418542256,0.727039627039627,1404.153747039753,25.922081074291654,0.3334942422418325
0.546,1404.2896660305041,37.47385309826712,25.92408448617882,4.055946896537884,0.7532097359303165,0.8312648184748757,292.25240478515633,264.5967686187745,-0.0946292852122546,0.727039627039627,1404.2896660305041,25.92408448617882,0.3335089508975633
0.547,1404.4260169875488,37.47567233536376,25.926090294969338,4.053734259073245,0.7531857735744656,0.8312229420289929,292.25240478515633,264.5639279159547,-0.09474165623908644,0.727039627039627,1404.4260169875488,25.926090294969338,0.3335236982313273
0.548,1404.5627999108863,37.47749724716001,25.92809610375986,4.051521621608606,0.7531617353047358,0.8311859968907293,292.25240478515633,264.53108721313487,-0.09485402726591848,0.727039627039627,1404.5627999108863,25.92809610375986,0.33353846826187883
0.549,1404.7000148005168,37.47932783282695,25.930101912550377,4.049308984143966,0.7531376211211274,0.8311490772080026,292.25240478515633,264.498246510315,-0.09496639829275051,0.727039627039627,1404.7000148005168,25.930101912550377,0.3335532609859023
0.55,1404.8376616564399,37.48116409153323,25.932107721340895,4.047096346679328,0.7531134310236401,0.8311117631852842,292.25240478515633,264.46540580749524,-0.09507876931958235,0.727039627039627,1404.8376616564399,25.932107721340895,0.33356807640007285
0.551,1404.9757404786565,37.48300602244511,25.93411595855765,4.044883709214687,0.753089165012274,0.8310698840493054,292.25240478515633,264.4325651046754,-0.09519114034641439,0.727039627039627,1404.9757404786565,25.93411595855765,0.3335829306891296
0.552,1405.1142512671654,37.48485362472642,25.936126977490908,4.042671071750049,0.7530648230870292,0.8310278381675151,292.25240478515633,264.39972440185556,-0.09530351137324643,0.727039627039627,1405.1142512671654,25.936126977490908,0.33359782620478784
0.553,1405.253194021968,37.4867068975386,25.938137996424164,4.0404584342854095,0.7530404052479054,0.8309872312663423,292.25240478515633,264.3668836990357,-0.09541588240007846,0.727039627039627,1405.253194021968,25.938137996424164,0.33361274440056016
0.554,1405.3925687430633,37.48856584004066,25.94014901535742,4.038245796820769,0.7530159114949029,0.8309495734533495,292.25240478515633,264.33404299621594,-0.0955282534269103,0.727039627039627,1405.3925687430633,25.94014901535742,0.3336276852730827
0.555,1405.5323754304516,37.490430451389216,25.942168328915123,4.036033159356131,0.7529913418280215,0.8309128204160574,292.25240478515633,264.3239580612183,-0.09556276104714712,0.727039627039627,1405.5323754304516,25.942168328915123,0.3336427041115796
0.556,1405.6726140841329,37.49230073073848,25.944192169667215,4.033820521891491,0.7529666962472613,0.8308746673443163,292.25240478515633,264.33957317504894,-0.09550933081500891,0.7266371475180611,1405.6726140841329,25.944192169667215,0.33365777579869266
0.557,1405.813284704107,37.494176677240254,25.946217270032236,4.031607884426852,0.7529419747526225,0.830831910594578,292.25240478515633,264.35518828887945,-0.0954559005828711,0.7268065268065268,1405.813284704107,25.946217270032236,0.33367287854908306
0.558,1405.9543872903744,37.49605829004396,25.94824337001454,4.029395246962213,0.7529171773441047,0.8307915071369459,292.25240478515633,264.37080340271,-0.09540247035073308,0.7266371475180611,1405.9543872903744,25.94824337001454,0.33368801062619796
0.559,1406.0959218429343,37.49794556829659,25.950272183201697,4.027182609497574,0.7528923040217081,0.8307510969339985,292.25240478515633,264.3864185165406,-0.09534904011859507,0.7264678471575023,1406.0959218429343,25.950272183201697,0.3337031834495307
0.56,1406.2378883617878,37.49983851114279,25.952304682626792,4.024969972032935,0.7528673547854328,0.8307166025937895,292.25240478515633,264.40203363037114,-0.09529560988645706,0.7268065268065268,1406.2378883617878,25.952304682626792,0.3337184035019726
0.561,1406.3802868469336,37.501737117724744,25.954339249766573,4.022757334568295,0.7528423296352786,0.8306797451446308,292.25240478515633,264.4176487442017,-0.09524217965431904,0.7268065268065268,1406.3802868469336,25.954339249766573,0.33373365999089377
0.562,1406.5231172983729,37.5036413871823,25.956374988996334,4.020544697103656,0.7528172285712457,0.8306345582342918,292.25240478515633,264.43326385803226,-0.09518874942218103,0.7269759850781068,1406.5231172983729,25.956374988996334,0.3337489469425515
0.5630000000000001,1406.6663797161052,37.505551318652884,25.958415815136885,4.018332059639016,0.7527920515933338,0.8305949011177419,292.25240478515633,264.44887897186277,-0.09513531919004321,0.7269759850781068,1406.6663797161052,25.958415815136885,0.3337642904499889
0.5640000000000001,1406.81007410013,37.50746691127154,25.96046157600542,4.016119422174377,0.7527667987015434,0.8305544115569576,292.25240478515633,264.4644940856934,-0.09508188895790501,0.7269759850781068,1406.81007410013,25.96046157600542,0.33377968949528447
0.5650000000000001,1406.954200450448,37.50938816417096,25.96250853929438,4.013906784709738,0.752741469895874,0.8305128663341834,292.25240478515633,264.4658135757446,-0.09507737405903806,0.7266371475180611,1406.954200450448,25.96250853929438,0.33379511919512306
0.5660000000000001,1407.0987587670588,37.511315076481374,25.964560549192754,4.011694147245098,0.7527160651763258,0.8304742664254248,292.25240478515633,264.4580723480225,-0.09510386221651901,0.7266371475180611,1407.0987587670588,25.964560549192754,0.3338106051716821
0.5670000000000001,1407.2437490499633,37.513247647330715,25.96662373706642,4.00948150978046,0.7526905845428988,0.8304358568911577,292.25240478515633,264.4503311203003,-0.09513035037400015,0.7266371475180611,1407.2437490499633,25.96662373706642,0.3338261882936248
0.5680000000000001,1407.3891712991601,37.515185875844466,25.968693855125608,4.007268872315819,0.7526650279955931,0.8303950543758282,292.25240478515633,264.4425898925782,-0.09515683853148091,0.7268065268065268,1407.3891712991601,25.968693855125608,0.3338418402413638
0.5690000000000001,1407.53502551465,37.517129761145775,25.970768523853888,4.005056234851181,0.7526393955344085,0.8303538160849959,292.25240478515633,264.43484866485596,-0.09518332668896225,0.7266371475180611,1407.53502551465,25.970768523853888,0.3338575451493546
0.5700000000000001,1407.6813116964329,37.519079302355394,25.97284948320168,4.002843597386541,0.7526136871593451,0.8303064769973515,292.25240478515633,264.4271074371339,-0.095209814846443,0.7266371475180611,1407.6813116964329,25.97284948320168,0.3338733146127223
0.5710000000000001,1407.8280298445088,37.5210344985917,25.97493275883868,4.000630959921903,0.7525879028704029,0.8302646256456493,292.25240478515633,264.4193662094117,-0.09523630300392415,0.7266371475180611,1407.8280298445088,25.97493275883868,0.3338891221347527
0.5720000000000001,1407.975179958878,37.52299534897072,25.977016943841072,3.9984183224572627,0.7525620426675819,0.8302264021897504,292.25240478515633,264.41162498168956,-0.0952627911614051,0.7268065268065268,1407.975179958878,25.977016943841072,0.333904958333249
0.5730000000000001,1408.1227620395398,37.524961852606054,25.979101128843475,3.9962056849926237,0.7525361065508821,0.8301888320457872,292.25240478515633,264.40388375396736,-0.09528927931888624,0.7268065268065268,1408.1227620395398,25.979101128843475,0.3339208171427672
0.5740000000000001,1408.2707760864944,37.526934008609,25.981185322125697,3.993993047527985,0.7525100945203035,0.8301434177420213,292.25240478515633,264.3961425262452,-0.09531576747636719,0.7268065268065268,1408.2707760864944,25.981185322125697,0.3339366986149468
0.5750000000000001,1408.4192220997422,37.52891181608844,25.983274603216746,3.991780410063345,0.752484006575846,0.8301080660240001,292.25240478515633,264.3884012985231,-0.09534225563384814,0.7268065268065268,1408.4192220997422,25.983274603216746,0.33395263660675
0.5760000000000001,1408.568100079283,37.53089527415091,25.985371200748805,3.989567772598706,0.7524578427175098,0.8300704669113147,292.25240478515633,264.3806600708009,-0.09536874379132929,0.7268065268065268,1408.568100079283,25.985371200748805,0.33396864597083503
0.577,1408.7174100251168,37.53288438190059,25.98747119657934,3.9873551351340666,0.7524316029452949,0.8300273521378828,292.25240478515633,264.37291884307876,-0.09539523194881024,0.7268065268065268,1408.7174100251168,25.98747119657934,0.33398470058498275
0.578,1408.8671519372435,37.53487913843927,25.989571754835236,3.9851424976694276,0.752405287259201,0.8299825357381015,292.25240478515633,264.3651776153566,-0.09542172010629138,0.7266371475180611,1408.8671519372435,25.989571754835236,0.33400078154145496
0.579,1409.017325815663,37.536879542866416,25.991672469458344,3.9829298602047882,0.7523788956592284,0.8299381974728,292.25240478515633,264.35743638763444,-0.09544820826377233,0.7266371475180611,1409.017325815663,25.991672469458344,0.33401688612983516
0.58,1409.1679316603763,37.538885594279115,25.99378042218823,3.9807172227401493,0.7523524281453768,0.8299029206960398,292.25240478515633,264.34969515991224,-0.09547469642125347,0.7266371475180611,1409.1679316603763,25.99378042218823,0.3340330615539265
0.581,1409.3189694713817,37.5408972917721,25.99589140776847,3.978504585275509,0.7523258847176467,0.8298564717692452,292.25240478515633,264.3419539321901,-0.09550118457873442,0.7266371475180611,1409.3189694713817,25.99589140776847,0.3340492797775492
0.582,1409.4704392486803,37.54291463443775,25.998004470278502,3.9762919478108705,0.7522992653760376,0.8298184602286827,292.25240478515633,264.3342127044679,-0.09552767273621557,0.7266371475180611,1409.4704392486803,25.998004470278502,0.33406553442483405
0.583,1409.6223409922723,37.54493762136611,26.000117786904653,3.974079310346231,0.7522725701205498,0.8297763396666109,292.25240478515633,264.32647147674584,-0.09555416089369632,0.7266371475180611,1409.6223409922723,26.000117786904653,0.3340818133411268
0.584,1409.7746747021565,37.54696625164484,26.002232073520567,3.9718666728815912,0.7522457989511832,0.8297358979252972,292.25240478515633,264.3187302490236,-0.09558064905117766,0.7266371475180611,1409.7746747021565,26.002232073520567,0.3340981212948467
0.585,1409.927440378334,37.549000524359286,26.004359553102656,3.9696540354169527,0.7522189518679377,0.8296882385556069,292.25240478515633,264.355508117676,-0.09545480622473648,0.7262348555452004,1409.927440378334,26.004359553102656,0.33411453976162553
0.586,1410.080638020805,37.551040438592445,26.00649488055998,3.9674413979523138,0.7521920288708134,0.8296498494981913,292.25240478515633,264.4012928466799,-0.09529814462587789,0.7262348555452004,1410.080638020805,26.00649488055998,0.33413103310701303
0.587,1410.2342676295682,37.553085993424936,26.008642994085488,3.965228760487674,0.7521650299598104,0.8296091983509594,292.25240478515633,264.445501678467,-0.09514687527423782,0.7260656883298393,1410.2342676295682,26.008642994085488,0.3341476342457015
0.588,1410.3883292046248,37.55513718793509,26.01079595871917,3.9630161230230345,0.7521379551349285,0.8295706282139365,292.25240478515633,264.47198260498067,-0.09505626549282939,0.7260656883298393,1410.3883292046248,26.01079595871917,0.3341642902789581
0.589,1410.5428227459745,37.557194021198846,26.012954345033855,3.9608034855583947,0.7521108043961678,0.8295249338591149,292.25240478515633,264.4984635314943,-0.09496565571142115,0.7260656883298393,1410.5428227459745,26.012954345033855,0.33418100500656867
0.59,1410.697748253617,37.55925649228985,26.01511273134853,3.9585908480937566,0.7520835777435284,0.8294880886960668,292.25240478515633,264.524944458008,-0.09487504593001253,0.7258327509899837,1410.697748253617,26.01511273134853,0.3341977422834902
0.591,1410.8531057275522,37.56132460027937,26.017272782019162,3.9563782106291163,0.7520562751770101,0.8294464511267081,292.25240478515633,264.5514253845216,-0.0947844361486043,0.7258327509899837,1410.8531057275522,26.017272782019162,0.3342145132007315
0.592,1411.0088951677806,37.56339834423638,26.01943481881997,3.9541655731644774,0.7520288966966131,0.8294063792535412,292.25240478515633,264.5779063110353,-0.09469382636719587,0.7256637168141593,1411.0088951677806,26.01943481881997,0.33423131989954036
0.593,1411.1651165743021,37.56547772322751,26.02159685562078,3.9519529356998384,0.7520014423023371,0.8293651703530132,292.25240478515633,264.6043872375489,-0.09460321658578764,0.7256637168141593,1411.1651165743021,26.02159685562078,0.33424814913648865
0.594,1411.3217699471165,37.567562736317036,26.02375889242159,3.949740298235199,0.7519739119941824,0.8293261178456132,292.25240478515633,264.6308681640626,-0.09451260680437922,0.7251570863393065,1411.3217699471165,26.02375889242159,0.33426500090783395
0.595,1411.4788552862242,37.56965338256695,26.025921412689346,3.94752766077056,0.7519463057721489,0.8292891660824858,292.25240478515633,264.65734909057625,-0.09442199702297079,0.7251570863393065,1411.4788552862242,26.025921412689346,0.334281878432652
0.596,1411.6363725916244,37.571749661036876,26.02808508797167,3.9453150233059207,0.7519186236362366,0.8292502444663319,292.25240478515633,264.6838300170899,-0.09433138724156236,0.7251570863393065,1411.6363725916244,26.02808508797167,0.3342987861837691
0.597,1411.794321863318,37.57385157078414,26.030251371774337,3.9431023858412813,0.7518908655864455,0.8292058140752745,292.25240478515633,264.71031094360353,-0.09424077746015412,0.7251570863393065,1411.794321863318,26.030251371774337,0.33431573384659485
0.598,1411.952703101304,37.57595911086374,26.03242097541343,3.9408897483766414,0.7518630316227757,0.8291611399896104,292.25240478515633,264.7367918701172,-0.09415016767874569,0.7249883666821778,1411.952703101304,26.03242097541343,0.3343327261590367
0.599,1412.111516305583,37.578072280328364,26.034596722211106,3.938677110912003,0.7518351217452269,0.8291197274648634,292.25240478515633,264.7632727966309,-0.09405955789733726,0.7249883666821778,1412.111516305583,26.034596722211106,0.3343497819377859
0.6,1412.2707614761555,37.580191078228374,26.036773266372947,3.9364644734473635,0.7518071359537994,0.829077558962869,292.25240478515633,264.78975372314454,-0.09396894811592883,0.7249883666821778,1412.2707614761555,26.036773266372947,0.3343668655435722
0.601,1412.4304386130207,37.58231550361181,26.03895567411359,3.934251835982723,0.7517790742484931,0.8290384276597418,292.25240478515633,264.7941000671387,-0.09395407623147903,0.7249883666821778,1412.4304386130207,26.03895567411359,0.3343840107443601
0.602,1412.5905477161791,37.58444555552442,26.041143071656276,3.9320391985180847,0.7517509366293079,0.8289951196410439,292.25240478515633,264.78761267089845,-0.09397627415400768,0.7249883666821778,1412.5905477161791,26.041143071656276,0.33440121171167053
0.603,1412.7510887856301,37.58658123300961,26.043330539492427,3.929826561053446,0.751722723096244,0.8289537495154243,292.25240478515633,264.75724734191897,-0.09408017519462292,0.7249883666821778,1412.7510887856301,26.043330539492427,0.33441843564785934
0.604,1412.9120618213742,37.58872253510851,26.045523075586942,3.9276139235888063,0.7516944336493012,0.8289063027637075,292.25240478515633,264.7217645629883,-0.09420158661280009,0.7247557003257329,1412.9120618213742,26.045523075586942,0.33443571586590537
0.605,1413.0734668234115,37.59086946085993,26.04772740667063,3.925401286124167,0.7516660682884797,0.8288645911765536,292.25240478515633,264.68628178405766,-0.09432299803097728,0.7247557003257329,1413.0734668234115,26.04772740667063,0.3344530972028632
0.606,1413.2353037917417,37.59302200930036,26.04993385399158,3.923188648659528,0.7516376270137793,0.8288180063798275,292.25240478515633,264.650799005127,-0.09444440944915446,0.7247557003257329,1413.2353037917417,26.04993385399158,0.33447051513558296
0.607,1413.3975727263646,37.59518017946402,26.052143950462998,3.9209760111948886,0.7516091098252002,0.828774221511472,292.25240478515633,264.6153162261963,-0.09456582086733183,0.7247557003257329,1413.3975727263646,26.052143950462998,0.33448797987871787
0.608,1413.5602736272808,37.59734397038281,26.05436477997943,3.918763373730249,0.7515805167227423,0.8287331131884199,292.25240478515633,264.5798334472656,-0.094687232285509,0.724354501046755,1413.5602736272808,26.05436477997943,0.3345055386501756
0.609,1413.7234064944898,37.599513381086325,26.05659204281448,3.916550736265609,0.7515518477064055,0.8286942358584757,292.25240478515633,264.54435066833497,-0.09480864370368619,0.7236169223616923,1413.7234064944898,26.05659204281448,0.3345231627837718
0.61,1413.886971327992,37.60168841060188,26.058824474540366,3.9143380988009704,0.7515231027761899,0.8286505941474018,292.25240478515633,264.5088678894043,-0.09493005512186337,0.7236169223616923,1413.886971327992,26.058824474540366,0.3345408438468443
0.611,1414.0509681277867,37.60386905795448,26.061069341453592,3.912125461336332,0.7514942819320956,0.8286101288376336,292.25240478515633,264.47338511047366,-0.09505146654004054,0.7236169223616923,1414.0509681277867,26.061069341453592,0.3345586302731784
0.612,1414.2153968938746,37.60605532216686,26.06333224370777,3.9099128238716916,0.7514653851741224,0.828568419418617,292.25240478515633,264.437902331543,-0.09517287795821773,0.7236169223616923,1414.2153968938746,26.06333224370777,0.3345765593899152
0.613,1414.3802576262558,37.60824720225945,26.065606622832977,3.907700186407052,0.7514364125022704,0.8285145904739842,292.25240478515633,264.40173166198736,-0.0952966431316206,0.7236169223616923,1414.3802576262558,26.065606622832977,0.3345945874738776
0.614,1414.5455503249298,37.61044469725039,26.067881313156693,3.905487548942413,0.7514073639165396,0.8284698226565368,292.25240478515633,264.3605566955567,-0.09543753150672549,0.7233844723384473,1414.5455503249298,26.067881313156693,0.33461264008991654
0.615,1414.7112749898965,37.61264780615553,26.070159125478636,3.903274911477774,0.7513782394169302,0.828427355573944,292.25240478515633,264.319381729126,-0.09557841988183037,0.7233844723384473,1414.7112749898965,26.070159125478636,0.3346307359711004
0.616,1414.8774316211566,37.614856527988465,26.072437298680292,3.901062274013135,0.7513490390034417,0.8283780075265016,292.25240478515633,264.2782067626953,-0.09571930825693543,0.7233844723384473,1414.8774316211566,26.072437298680292,0.3346488567076579
0.617,1415.0440202187094,37.61707086176048,26.07471841885027,3.8988496365484955,0.7513197626760745,0.828330364578443,292.25240478515633,264.23703179626466,-0.09586019663204012,0.7233844723384473,1415.0440202187094,26.07471841885027,0.3346670195346979
0.618,1415.2110407825553,37.61929080648059,26.077007602872627,3.896636999083856,0.7512904104348286,0.8282885460298537,292.25240478515633,264.19585682983404,-0.09600108500714481,0.7231520223152023,1415.2110407825553,26.077007602872627,0.33468525855779496
0.619,1415.3784933126942,37.62151636115554,26.07929678689497,3.894424361619217,0.7512609822797037,0.8282454105185909,292.25240478515633,264.15468186340337,-0.09614197338224968,0.7231520223152023,1415.3784933126942,26.07929678689497,0.3347035200187233
0.62,1415.546377809126,37.62374752478979,26.081585970917327,3.892211724154578,0.7512314782107001,0.8282027058442961,292.25240478515633,264.1135068969727,-0.09628286175735457,0.7229839646758076,1415.546377809126,26.081585970917327,0.3347218039135011
0.621,1415.714694271851,37.62598429638554,26.083877750907355,3.8899990866899383,0.7512018982278177,0.8281572994100652,292.25240478515633,264.07233193054196,-0.09642375013245964,0.7230483271375465,1415.714694271851,26.083877750907355,0.3347401275430555
0.622,1415.8834427008685,37.62822667494269,26.0861706482739,3.8877864492252994,0.7511722423310565,0.8281150113995452,292.25240478515633,264.03115696411135,-0.09656463850756432,0.7228803716608595,1415.8834427008685,26.0861706482739,0.3347584810469853
0.623,1416.0526230961793,37.63047465945891,26.088463545640447,3.88557381176066,0.7511425105204165,0.8280679469225379,292.25240478515633,263.98998199768073,-0.09670552688266901,0.7228803716608595,1416.0526230961793,26.088463545640447,0.3347768569727648
0.624,1416.2222354577827,37.63272824892958,26.09075684511237,3.883361174296021,0.7511127027958977,0.8280203485618194,292.25240478515633,263.94880703125006,-0.09684641525777389,0.7228803716608595,1416.2222354577827,26.09075684511237,0.33479525799684084
0.625,1416.3922797856796,37.63498744234784,26.093052135711922,3.881148536831381,0.7510828191575001,0.8279759682587465,292.25240478515633,263.9076320648194,-0.09698730363287876,0.7228803716608595,1416.3922797856796,26.093052135711922,0.3348136947077294
0.626,1416.5627560798696,37.637252238704534,26.095348084484254,3.8789358993667413,0.7510528596052235,0.827934369856385,292.25240478515633,263.8664570983887,-0.09712819200798364,0.7228803716608595,1416.5627560798696,26.095348084484254,0.334832158215816
0.627,1416.733664340352,37.63952263698827,26.09764403325658,3.8767232619021024,0.7510228241390684,0.8278887409271112,292.25240478515633,263.82528213195803,-0.09726908038308853,0.7228803716608595,1416.733664340352,26.09764403325658,0.3348506441296255
0.628,1416.9050045671277,37.641798636185385,26.099947054959184,3.874510624437463,0.7509927127590343,0.8278479555962766,292.25240478515633,263.7841071655274,-0.0974099687581932,0.7227124941941477,1416.9050045671277,26.099947054959184,0.3348691995937947
0.629,1417.0767767601963,37.64408023527997,26.102253803041343,3.872297986972824,0.7509625254651214,0.8278040541905463,292.25240478515633,263.74293219909674,-0.09755085713329809,0.7227124941941477,1417.0767767601963,26.102253803041343,0.33488780229589876
0.63,1417.2489809195577,37.64636743325387,26.104562746065838,3.870085349508184,0.7509322622573298,0.8277653756065126,292.25240478515633,263.70175723266607,-0.09769174550840297,0.7228803716608595,1417.2489809195577,26.104562746065838,0.3349064420231884
0.631,1417.4216170452123,37.64866022908667,26.106875570263522,3.867872712043545,0.7509019231356594,0.8277224825451852,292.25240478515633,263.6605822662354,-0.09783263388350784,0.7230483271375465,1417.4216170452123,26.106875570263522,0.33492513001212554
0.632,1417.5946851371598,37.6509586217557,26.109198141390426,3.8656600745789067,0.7508715081001102,0.8276754769090124,292.25240478515633,263.6194072998047,-0.09797352225861272,0.7230483271375465,1417.5946851371598,26.109198141390426,0.33494390536019536
0.633,1417.7681851954005,37.653262610236055,26.11152855056314,3.863447437114267,0.7508410171506821,0.8276288173517036,292.25240478515633,263.57823233337405,-0.0981144106337176,0.7232163606785963,1417.7681851954005,26.11152855056314,0.3349627553385368
0.634,1417.942117219934,37.65557219350058,26.11385926493902,3.8612347996496275,0.7508104502873751,0.8275822487357051,292.25240478515633,263.53705736694343,-0.09825529900882228,0.7228159851301115,1417.942117219934,26.11385926493902,0.3349816297285398
0.635,1418.1164812107604,37.65788737051987,26.11619886737409,3.8590221621849885,0.7507798075101896,0.8275378663046457,292.25240478515633,263.49588240051276,-0.09839618738392716,0.7228159851301115,1418.1164812107604,26.11619886737409,0.3350005857400579
0.636,1418.2912771678798,37.66020814026231,26.118550009294644,3.856809524720349,0.750749088819125,0.8274973980237263,292.25240478515633,263.4547074340821,-0.09853707575903205,0.7231126596980255,1418.2912771678798,26.118550009294644,0.33501964104357423
0.637,1418.4665050912922,37.66253450169402,26.120911316791464,3.85459688725571,0.7507182942141818,0.8274529396877895,292.25240478515633,263.4135324676514,-0.09867796413413692,0.7230483271375465,1418.4665050912922,26.120911316791464,0.3350387864763705
0.638,1418.6421649809977,37.66486645377888,26.123274852414383,3.8523842497910703,0.7506874236953597,0.8274044673067982,292.25240478515633,263.39343491821296,-0.09874673191537459,0.7230483271375465,1418.6421649809977,26.123274852414383,0.335057969122656
0.639,1418.818256836996,37.66720399547856,26.125647662259293,3.850171612326431,0.7506564772626588,0.8273619885805056,292.25240478515633,263.403120993042,-0.09871358907490357,0.7230483271375465,1418.818256836996,26.125647662259293,0.3350772359480889
0.64,1418.9947806592875,37.66954712575249,26.128024407155564,3.847958974861792,0.7506254549160791,0.8273186433822697,292.25240478515633,263.41280706787114,-0.09868044623443238,0.7230483271375465,1418.9947806592875,26.128024407155564,0.33509655135719
0.641,1419.1717364478716,37.671895843557856,26.130410887653923,3.8457463373971534,0.7505943566556207,0.8272770096473017,292.25240478515633,263.4224931427002,-0.09864730339396137,0.7230483271375465,1419.1717364478716,26.130410887653923,0.33511595401270045
0.642,1419.3491242027492,37.67425014784965,26.132803567246444,3.843533699932513,0.7505631824812833,0.8272302011309366,292.25240478515633,263.4321792175293,-0.09861416055349018,0.7230483271375465,1419.3491242027492,26.132803567246444,0.33513542033580995
0.643,1419.5269439239194,37.6766100375806,26.135196246838966,3.841321062467874,0.7505319323930673,0.827192385445435,292.25240478515633,263.4418652923584,-0.09858101771301916,0.7230483271375465,1419.5269439239194,26.135196246838966,0.3351549089986967
0.644,1419.7051956113826,37.67897551170125,26.137590697288587,3.839108425003235,0.7505006063909723,0.8271490746362642,292.25240478515633,263.4422721191406,-0.09857962567389279,0.7230483271375465,1419.7051956113826,26.137590697288587,0.33517443180183126
0.645,1419.883879265139,37.681346569159906,26.13998554189753,3.836895787538596,0.7504692044749985,0.8271091952856507,292.25240478515633,263.4285869293213,-0.09862645228539459,0.7230483271375465,1419.883879265139,26.13998554189753,0.3351939795638353
0.646,1420.062994885188,37.68372320890265,26.14238038650648,3.834683150073956,0.7504377266451461,0.8270611762862392,292.25240478515633,263.41490173950194,-0.0986732788968964,0.7228803716608595,1420.062994885188,26.14238038650648,0.33521354965299743
0.647,1420.2425424715302,37.68610542987336,26.14477523111543,3.8324705126093175,0.7504061729014148,0.8270160783096764,292.25240478515633,263.40121654968266,-0.09872010550839799,0.7228803716608595,1420.2425424715302,26.14477523111543,0.3352331420650935
0.648,1420.4225220241653,37.688493231013695,26.147170075724382,3.8302578751446776,0.7503745432438047,0.8269669322402747,292.25240478515633,263.3875313598633,-0.09876693211989979,0.7227124941941477,1420.4225220241653,26.147170075724382,0.3352527567958907
0.649,1420.6029335430935,37.69088661126312,26.149566200080102,3.8280452376800387,0.7503428376723158,0.8269210317116655,292.25240478515633,263.373846170044,-0.0988137587314016,0.7227124941941477,1420.6029335430935,26.149566200080102,0.3352724023720364
0.65,1420.7837770283147,37.69328556955887,26.151963432822765,3.825832600215399,0.750311056186948,0.8268774867838272,292.25240478515633,263.36016098022463,-0.09886058534290339,0.7227124941941477,1420.7837770283147,26.151963432822765,0.33529207764698227
0.651,1420.965052479829,37.695690104835975,26.15436066556542,3.8236199627507594,0.7502791987877014,0.826834685868331,292.25240478515633,263.34647579040535,-0.098907411954405,0.7227124941941477,1420.965052479829,26.15436066556542,0.3353117752278772
0.652,1421.146759897636,37.69810021602728,26.156760926045738,3.821407325286121,0.7502472654745761,0.826789103373329,292.25240478515633,263.33279060058607,-0.0989542385659066,0.7227124941941477,1421.146759897636,26.156760926045738,0.33533151529358235
0.653,1421.328899281736,37.70051590206341,26.15916254487722,3.819194687821481,0.750215256247572,0.8267408081572528,292.25240478515633,263.3191054107667,-0.0990010651774084,0.7227124941941477,1421.328899281736,26.15916254487722,0.3353512867115632
0.654,1421.511470632129,37.702937161872796,26.161564163708697,3.816982050356842,0.7501831711066891,0.8266933213150728,292.25240478515633,263.3054202209474,-0.0990478917889102,0.7227124941941477,1421.511470632129,26.161564163708697,0.335371080422662
0.655,1421.694473948815,37.705363994381685,26.16396578254018,3.8147694128922023,0.7501510100519273,0.8266405347024011,292.25240478515633,263.2917350311281,-0.09909471840041181,0.7227124941941477,1421.694473948815,26.16396578254018,0.33539089642258396
0.656,1421.8779092317939,37.70779639851411,26.166367401371662,3.812556775427563,0.7501187730832868,0.8265932989626301,292.25240478515633,263.2780498413087,-0.0991415450119138,0.7227124941941477,1421.8779092317939,26.166367401371662,0.3354107347070256
0.657,1422.0617764810659,37.71023437319192,26.168773818017392,3.810344137962924,0.7500864602007674,0.8265511143602094,292.25240478515633,263.2643646514894,-0.09918837162341541,0.722480260102183,1422.0617764810659,26.168773818017392,0.3354306272542692
0.658,1422.246075696631,37.71267791733479,26.17118373075043,3.8081315004982854,0.7500540714043692,0.8265076808906839,292.25240478515633,263.2506794616701,-0.09923519823491721,0.722480260102183,1422.246075696631,26.17118373075043,0.3354505653825832
0.659,1422.430806878489,37.71512702986017,26.173597845870027,3.8059188630336465,0.7500216066940922,0.8264603968897847,292.25240478515633,263.23699427185073,-0.09928202484641901,0.7222480260102183,1422.430806878489,26.173597845870027,0.3354705537958823
0.66,1422.6159700266398,37.71758170968335,26.17601204524845,3.8037062255690066,0.7499890660699364,0.8264155078774826,292.25240478515633,263.22330908203145,-0.09932885145792061,0.7222480260102183,1422.6159700266398,26.17601204524845,0.33549056503807523
0.661,1422.8015651410835,37.720041955717434,26.17843079733283,3.8014935881043668,0.7499564495319019,0.8263682730812527,292.25240478515633,263.2096238922121,-0.09937567806942242,0.7222480260102183,1422.8015651410835,26.17843079733283,0.3355106288918234
0.662,1422.9875922218207,37.722507766873356,26.180861068666427,3.7992809506397283,0.7499237570799885,0.8263222262033821,292.25240478515633,263.19593870239277,-0.09942250468092421,0.7224157955865272,1422.9875922218207,26.180861068666427,0.33553079179227796
0.663,1423.1740512688502,37.724979142059844,26.183298708413574,3.7970683131750884,0.7498909887141963,0.8262780727918525,292.25240478515633,263.1822535125735,-0.09946933129242581,0.7224157955865272,1423.1740512688502,26.183298708413574,0.3355510260652879
0.664,1423.3609422821733,37.72745608018348,26.185737305739874,3.794855675710449,0.7498581444345254,0.826233559288869,292.25240478515633,263.1685683227541,-0.09951615790392782,0.7224157955865272,1423.3609422821733,26.185737305739874,0.33557128897137056
0.665,1423.548265261789,37.72993858014864,26.188181461375645,3.7926430382458096,0.7498252242409755,0.8261928400661437,292.25240478515633,263.1548831329348,-0.09956298451542941,0.7224157955865272,1423.548265261789,26.188181461375645,0.3355916111749619
0.666,1423.736020207698,37.73242664085757,26.19062656775767,3.790430400781171,0.749792228133547,0.8261436615549855,292.25240478515633,263.14119794311546,-0.09960981112693122,0.7221835075493612,1423.736020207698,26.19062656775767,0.33561196195730436
0.667,1423.9242071198996,37.7349202612103,26.193071674139688,3.7882177633165313,0.7497591561122394,0.826095468883769,292.25240478515633,263.1275127532961,-0.09965663773843302,0.7221835075493612,1423.9242071198996,26.193071674139688,0.3356323349762518
0.668,1424.1128259983943,37.73741944010473,26.19551678052171,3.7860051258518923,0.7497260081770534,0.8260485400759396,292.25240478515633,263.11382756347683,-0.09970346434993463,0.7221835075493612,1424.1128259983943,26.19551678052171,0.3356527302273963
0.669,1424.301876843182,37.739924176436574,26.197961886903734,3.7837924883872533,0.7496927843279884,0.826006932579447,292.25240478515633,263.1001423736575,-0.09975029096143642,0.7220157919182536,1424.301876843182,26.197961886903734,0.33567314770632106
0.67,1424.4913596542626,37.7424344690994,26.200408187974656,3.781579850922613,0.7496594845650445,0.8259589377306751,292.25240478515633,263.08645718383815,-0.09979711757293823,0.7221835075493612,1424.4913596542626,26.200408187974656,0.3356935953724876
0.671,1424.6812744316364,37.74495031698461,26.202865937695204,3.779367213457974,0.7496261088882219,0.8259197213683133,292.25240478515633,263.07277199401886,-0.09984394418443983,0.7221835075493612,1424.6812744316364,26.202865937695204,0.335714141575144
0.672,1424.8716211753028,37.74747171898143,26.20532850129669,3.777154575993335,0.7495926572975204,0.8258693843692507,292.25240478515633,263.0590868041995,-0.09989077079594164,0.7219512195121951,1424.8716211753028,26.20532850129669,0.33573474208197496
0.673,1425.0623998852625,37.74999867397696,26.207791399461847,3.7749419385286953,0.7495591297929403,0.8258184235690093,292.25240478515633,263.0454016143802,-0.09993759740744343,0.7219512195121951,1425.0623998852625,26.207791399461847,0.33575536702905967
0.674,1425.2536105615152,37.75253118085614,26.210254297627003,3.7727293010640577,0.7495255263744811,0.8257697499929154,292.25240478515633,263.0317164245609,-0.09998442401894504,0.7219512195121951,1425.2536105615152,26.210254297627003,0.33577601418171155
0.675,1425.445253204061,37.75506923850175,26.212717566720976,3.7705166635994174,0.7494918470421432,0.825717834569893,292.25240478515633,263.01803123474156,-0.10003125063044684,0.7219512195121951,1425.445253204061,26.212717566720976,0.33579668600810175
0.676,1425.6373278128992,37.75761284579441,26.21518391241337,3.7683040261347776,0.7494580917959267,0.8256709450695884,292.25240478515633,263.0043460449222,-0.10007807724194863,0.7219512195121951,1425.6373278128992,26.21518391241337,0.3358174005399525
0.677,1425.8298343880308,37.760162001612635,26.217651955263772,3.7660913886701386,0.7494242606358312,0.8256233022219065,292.25240478515633,262.99066085510293,-0.10012490385345024,0.7219512195121951,1425.8298343880308,26.217651955263772,0.3358381485773236
0.678,1426.0227729294554,37.76271670483276,26.22011999811418,3.7638787512054988,0.7493903535618569,0.8255757757108458,292.25240478515633,262.9769756652836,-0.10017173046495204,0.7217189314750291,1426.0227729294554,26.22011999811418,0.33585891880233637
0.679,1426.2161434371728,37.765276954328996,26.222588040964588,3.7616661137408585,0.749356370574004,0.8255262081395116,292.25240478515633,262.96329047546425,-0.10021855707645384,0.7217189314750291,1426.2161434371728,26.222588040964588,0.3358797112104881
0.68,1426.4099459111835,37.767842748973415,26.225057010479468,3.7594534762762204,0.749322311672272,0.8254720405639681,292.25240478515633,262.9496052856449,-0.10026538368795564,0.7217189314750291,1426.4099459111835,26.225057010479468,0.33590053197448333
0.681,1426.6041803514868,37.77041408763593,26.22752669620691,3.757240838811582,0.7492881768566615,0.825423491334558,292.25240478515633,262.93592009582557,-0.10031221029945744,0.7217189314750291,1426.6041803514868,26.22752669620691,0.3359213796869136
0.682,1426.798846758083,37.772990969184356,26.22999638193434,3.755028201346942,0.749253966127172,0.8253750423614185,292.25240478515633,262.9222349060063,-0.10035903691095904,0.7217189314750291,1426.798846758083,26.22999638193434,0.33594224956892327
0.683,1426.9939451309724,37.77557339248436,26.232466067661775,3.752815563882303,0.7492196794838037,0.8253208650493328,292.25240478515633,262.90854971618694,-0.10040586352246085,0.7216542750929368,1426.9939451309724,26.232466067661775,0.3359631416159753
0.684,1427.1894754701548,37.77816135639948,26.23493575338921,3.7506029264176637,0.7491853169265565,0.8252715805805064,292.25240478515633,262.8948645263676,-0.10045269013396264,0.7217573221757322,1427.1894754701548,26.23493575338921,0.3359840558235244
0.685,1427.3854377756304,37.780754859791124,26.23741498651768,3.7483902889530247,0.7491508784554307,0.8252186702836374,292.25240478515633,262.8811793365483,-0.10049951674546426,0.7217573221757322,1427.3854377756304,26.23741498651768,0.3360050558307177
0.686,1427.5818320473986,37.78335390151857,26.23989770527757,3.7461776514883853,0.749116364070426,0.8251738633794942,292.25240478515633,262.8674941467289,-0.10054634335696624,0.7217573221757322,1427.5818320473986,26.23989770527757,0.33602610122477555
0.687,1427.77865828546,37.785958480439,26.242380424037453,3.743965014023746,0.7490817737715425,0.8251231313578784,292.25240478515633,262.85380895690963,-0.10059316996846786,0.7219251336898396,1427.77865828546,26.242380424037453,0.33604716876564306
0.6880000000000001,1427.9759164898142,37.78856859540745,26.244863142797342,3.7417523765591065,0.7490471075587802,0.8250731300185757,292.25240478515633,262.84012376709035,-0.10063999657996946,0.7217573221757322,1427.9759164898142,26.244863142797342,0.33606825844874083
0.6890000000000001,1428.1736066604615,37.79118424527685,26.247348074168794,3.739539739094467,0.7490123654321392,0.8250237378254507,292.25240478515633,262.8178220779424,-0.1007163062656479,0.7213571926562863,1428.1736066604615,26.247348074168794,0.33608938501891794
0.6900000000000001,1428.3717287974016,37.793805428898025,26.249833781403797,3.7373271016298277,0.7489775473916191,0.824975048450061,292.25240478515633,262.7897799224858,-0.10081225810384481,0.7213571926562863,1428.3717287974016,26.249833781403797,0.33611053889410647
0.6910000000000001,1428.570282900635,37.79643214511967,26.25232698486697,3.735114464165188,0.7489426534372206,0.824931621143666,292.25240478515633,262.76173776702933,-0.10090820994204133,0.7213571926562863,1428.570282900635,26.25232698486697,0.33613176486816315
0.6920000000000001,1428.769268970161,37.79906439278836,26.25482107886739,3.7329018267005494,0.748907683568943,0.8248828735297019,292.25240478515633,262.7336956115727,-0.10100416178023824,0.7213571926562863,1428.769268970161,26.25482107886739,0.33615301890243676
0.6930000000000001,1428.9686870059804,37.80170217074861,26.25731581809196,3.7306891892359104,0.7488726377867867,0.8248346431369131,292.25240478515633,262.70565345611624,-0.10110011361843477,0.7213571926562863,1428.9686870059804,26.25731581809196,0.33617429935703014
0.6940000000000001,1429.1685370080922,37.80434547784279,26.259821252397142,3.7284765517712706,0.7488375160907517,0.8247922881148931,292.25240478515633,262.6776113006597,-0.10119606545663147,0.7208924006507088,1429.1685370080922,26.259821252397142,0.3361956732204203
0.6950000000000001,1429.3688189764976,37.80699431291117,26.262326752616822,3.726263914306632,0.7488023184808377,0.8247421233020604,292.25240478515633,262.6495691452031,-0.10129201729482838,0.7208924006507088,1429.3688189764976,26.262326752616822,0.33621706963313935
0.6960000000000001,1429.5695329111957,37.80964867479194,26.264841299267253,3.724051276841992,0.7487670449570449,0.8246944777642824,292.25240478515633,262.6215269897466,-0.1013879691330249,0.7208924006507088,1429.5695329111957,26.264841299267253,0.33623854845534457
0.6970000000000001,1429.7706788121866,37.812308562321164,26.267356962375626,3.7218386393773533,0.7487316955193735,0.8246469980890005,292.25240478515633,262.59348483429,-0.10148392097122182,0.7208924006507088,1429.7706788121866,26.267356962375626,0.336260056820579
0.6980000000000001,1429.9722566794705,37.814973974332844,26.269876079230798,3.7196260019127134,0.748696270167823,0.824594454327771,292.25240478515633,262.5654426788335,-0.10157987280941834,0.7208924006507088,1429.9722566794705,26.269876079230798,0.33628161030472425
0.6990000000000001,1430.1742665130478,37.817644909658874,26.272408127917686,3.717413364448074,0.7486607689023939,0.8245454796817359,292.25240478515633,262.53740052337696,-0.10167582464761506,0.720724907063197,1430.1742665130478,26.272408127917686,0.336303272084743
0.7000000000000001,1430.3767083129178,37.82032136712905,26.27494396357311,3.7152007269834337,0.748625191723086,0.824491715118733,292.25240478515633,262.5093583679204,-0.10177177648581177,0.720724907063197,1430.3767083129178,26.27494396357311,0.33632498119560156
0.7010000000000001,1430.579582079081,37.82300334557108,26.277484337981125,3.7129880895187957,0.7485895386298992,0.8244427732958863,292.25240478515633,262.48131621246387,-0.10186772832400849,0.720724907063197,1430.579582079081,26.277484337981125,0.336346742644061
0.7020000000000001,1430.7828878115365,37.82569084381059,26.280032578873453,3.7107754520541567,0.7485538096228337,0.8243930931018695,292.25240478515633,262.4532740570073,-0.10196368016220521,0.720724907063197,1430.7828878115365,26.280032578873453,0.33636857860833674
0.7030000000000001,1430.9866255102854,37.828383860671146,26.282582234944854,3.7085628145895173,0.7485180047018893,0.8243392660844697,292.25240478515633,262.42523190155083,-0.10205963200040172,0.720957249070632,1430.9866255102854,26.282582234944854,0.33639044607883234
0.704,1431.1907951753278,37.83108239497421,26.28513191854872,3.7063501771248784,0.7484821238670661,0.8242925478268536,292.25240478515633,262.3971897460942,-0.10215558383859863,0.7207897793263647,1431.1907951753278,26.28513191854872,0.33641233580067614
0.705,1431.3953968066623,37.833786445539154,26.287684573204952,3.7041375396602394,0.7484461671183642,0.8242494708753707,292.25240478515633,262.36914759063774,-0.10225153567679515,0.720957249070632,1431.3953968066623,26.287684573204952,0.3364342673908736
0.706,1431.6004304042904,37.83649601118331,26.290237569328518,3.701924902195599,0.7484101344557834,0.8242003135035502,292.25240478515633,262.3411054351812,-0.10234748751499187,0.720957249070632,1431.6004304042904,26.290237569328518,0.3364562233156807
0.707,1431.8058959682114,37.8392110907219,26.292790565452083,3.69971226473096,0.7483740258793239,0.8241501169515978,292.25240478515633,262.31306327972464,-0.10244343935318859,0.7205574912891987,1431.8058959682114,26.292790565452083,0.33647820129411155
0.708,1432.011793498425,37.8419316829681,26.295346546300685,3.697499627266321,0.7483378413889854,0.8240962493418515,292.25240478515633,262.2850211242681,-0.1025393911913853,0.7203252032520325,1432.011793498425,26.295346546300685,0.33650022121782325
0.709,1432.2181229949317,37.844657786733016,26.29790614686223,3.6952869898016814,0.7483015809847683,0.8240466799235855,292.25240478515633,262.25697896881155,-0.10263534302958202,0.7203252032520325,1432.2181229949317,26.29790614686223,0.33652228731493833
0.71,1432.4248844577314,37.84738940082567,26.300467672664862,3.6930743523370424,0.7482652446666723,0.8239925081322197,292.25240478515633,262.228936813355,-0.10273129486777874,0.7198606271777004,1432.4248844577314,26.300467672664862,0.33654438828521516
0.711,1432.6320778868244,37.85012652405305,26.30303707363441,3.6908617148724034,0.7482288324346975,0.8239426562940075,292.25240478515633,262.20089465789846,-0.10282724670597546,0.7198606271777004,1432.6320778868244,26.30303707363441,0.33656656378653993
0.712,1432.83970328221,37.852869155220056,26.305609449351223,3.688649077407764,0.748192344288844,0.8238927269649655,292.25240478515633,262.1728525024419,-0.10292319854417217,0.7198606271777004,1432.83970328221,26.305609449351223,0.3365887811475628
0.713,1433.047760643889,37.85561729312955,26.30818448965918,3.686436439943124,0.7481557802291114,0.8238413620078887,292.25240478515633,262.14481034698537,-0.10301915038236888,0.7198606271777004,1433.047760643889,26.30818448965918,0.3366110382959712
0.714,1433.2562499718606,37.85837093658232,26.310769994456543,3.6842238024784852,0.7481191402555003,0.8237949568854959,292.25240478515633,262.1167681915289,-0.1031151022205654,0.7200929152148664,1433.2562499718606,26.310769994456543,0.33663338722168384
0.715,1433.4651712661255,37.86113008437711,26.313382164730648,3.6820111650138463,0.7480824243680102,0.8237501980417273,292.25240478515633,262.0887260360723,-0.10321105405876231,0.7200929152148664,1433.4651712661255,26.313382164730648,0.3366559359169094
0.716,1433.6745245266827,37.86389473531061,26.31599600272467,3.679798527549206,0.7480456325666416,0.8236967466340229,292.25240478515633,262.0606838806158,-0.10330700589695883,0.7200929152148664,1433.6745245266827,26.31599600272467,0.3366785177398873
0.717,1433.8843097535334,37.86666488817748,26.318618090123625,3.677585890084567,0.7480087648513938,0.8236431780465329,292.25240478515633,262.03264172515924,-0.10340295773515555,0.7199256850905713,1433.8843097535334,26.318618090123625,0.33670117655980947
0.718,1434.0945269466772,37.86944054177032,26.32124156043763,3.6753732526199285,0.7479718212222675,0.823597190892812,292.25240478515633,262.0045995697027,-0.10349890957335227,0.7199256850905713,1434.0945269466772,26.32124156043763,0.33672386659930303
0.719,1434.3051761061135,37.87222169487966,26.32386950593784,3.673160615155289,0.7479348016792622,0.8235388368049296,292.25240478515633,261.97655741424614,-0.10359486141154899,0.7199256850905713,1434.3051761061135,26.32386950593784,0.3367466084668451
0.72,1434.5162572318434,37.875008346294045,26.326498245055397,3.6709479776906497,0.7478977062223782,0.8234890038174658,292.25240478515633,261.9485152587896,-0.1036908132497457,0.7199256850905713,1434.5162572318434,26.326498245055397,0.3367693776159726
0.721,1434.727770323866,37.877800494799935,26.32913062305182,3.6687353402260108,0.7478605348516153,0.8234378101030776,292.25240478515633,261.92047310333305,-0.10378676508794242,0.7199256850905713,1434.727770323866,26.32913062305182,0.3367921930085611
0.722,1434.9397153821815,37.88059813918177,26.331763326216095,3.6665227027613714,0.7478232875669737,0.8233839534544695,292.25240478515633,261.89243094787656,-0.10388271692613894,0.7199256850905713,1434.9397153821815,26.331763326216095,0.33681503255029954
0.723,1435.1520924067897,37.88340127822197,26.334396029380365,3.664310065296731,0.7477859643684532,0.8233315354853484,292.25240478515633,261.86438879241996,-0.10397866876433584,0.7200929152148664,1435.1520924067897,26.334396029380365,0.3368378940687241
0.724,1435.3649013976915,37.886209910700906,26.337028732544642,3.662097427832093,0.747748565256054,0.8232767162641229,292.25240478515633,261.8363466369634,-0.10407462060253256,0.7198606271777004,1435.3649013976915,26.337028732544642,0.33686077755895694
0.725,1435.5781423548856,37.88902403539692,26.339670086159717,3.6598847903674536,0.747711090229776,0.8232268854447965,292.25240478515633,261.8083044815069,-0.10417057244072908,0.7198606271777004,1435.5781423548856,26.339670086159717,0.3368837406806745
0.726,1435.791815278373,37.89184365108635,26.34231572306249,3.6576721529028147,0.7476735392896191,0.823174255439887,292.25240478515633,261.7802623260504,-0.1042665242789258,0.7198606271777004,1435.791815278373,26.34231572306249,0.3369067543171413
0.727,1436.0059201681536,37.894668756543496,26.34496969148204,3.6554595154381753,0.7476359124355834,0.8231305783159054,292.25240478515633,261.7522201705938,-0.10436247611712271,0.7193593314763231,1436.0059201681536,26.34496969148204,0.3369298454492578
0.728,1436.2204570242268,37.89749935054062,26.347626561246443,3.653246877973535,0.747598209667669,0.8230730880700962,292.25240478515633,261.7241780151373,-0.10445842795531923,0.7193593314763231,1436.2204570242268,26.347626561246443,0.3369529778741746
0.729,1436.435425846593,37.900335431848,26.350283431010848,3.651034240508896,0.7475604309858757,0.8230194498010853,292.25240478515633,261.69613585968074,-0.10455437979351595,0.7191923880250638,1436.435425846593,26.350283431010848,0.33697613224638784
0.73,1436.6508266352525,37.903176999233885,26.352944656319682,3.6488216030442566,0.7475225763902036,0.8229636001525782,292.25240478515633,261.6680937042242,-0.10465033163171267,0.7191923880250638,1436.6508266352525,26.352944656319682,0.3369993375953613
0.731,1436.8666593902049,37.9060240514645,26.355621205114527,3.646608965579618,0.7474846458806528,0.822908417025583,292.25240478515633,261.64005154876764,-0.10474628346990938,0.7187282432118821,1436.8666593902049,26.355621205114527,0.3370226670292928
0.732,1437.0829241114504,37.908876587304064,26.35830608389594,3.6443963281149783,0.747446639457223,0.8228563757100755,292.25240478515633,261.6120093933111,-0.1048422353081061,0.7187282432118821,1437.0829241114504,26.35830608389594,0.3370460739240406
0.733,1437.2996207989888,37.9117346055148,26.360993189508584,3.6421836906503393,0.7474085571199145,0.8228043840810452,292.25240478515633,261.58396723785455,-0.1049381871463028,0.7187282432118821,1437.2996207989888,26.360993189508584,0.33706951759055664
0.734,1437.5167494528198,37.91459810485692,26.363680295121227,3.639971053185699,0.7473703988687272,0.8227463013716696,292.25240478515633,261.55592508239806,-0.10503413898449933,0.7187282432118821,1437.5167494528198,26.363680295121227,0.33709298317965575
0.735,1437.734310072944,37.91746708408862,26.366377313937342,3.6377584157210605,0.7473321647036613,0.8226942607587989,292.25240478515633,261.52788292694146,-0.10513009082269624,0.7184961708052913,1437.734310072944,26.366377313937342,0.33711653676853937
0.736,1437.952302659361,37.92034154196612,26.36908792091279,3.6355457782564216,0.7472938546247163,0.822639925674581,292.25240478515633,261.49984077148497,-0.10522604266089276,0.7183294663573085,1437.952302659361,26.36908792091279,0.3371402028497679
0.737,1438.1707272120711,37.923221477243615,26.3718134468486,3.633333140791782,0.7472554686318926,0.8225854407881427,292.25240478515633,261.4717986160284,-0.10532199449908948,0.7183294663573085,1438.1707272120711,26.3718134468486,0.33716399028957944
0.738,1438.3895837310747,37.92610688867333,26.374544250043215,3.6311205033271423,0.7472170067251901,0.8225273439457245,292.25240478515633,261.4437564605719,-0.1054179463372862,0.7183294663573085,1438.3895837310747,26.374544250043215,0.3371878348106678
0.739,1438.6088722163706,37.92899777500548,26.377276008507412,3.6289078658625025,0.7471784689046088,0.8224764641896487,292.25240478515633,261.41571430511533,-0.10551389817548291,0.7181628392484343,1438.6088722163706,26.377276008507412,0.33721170759732516
0.74,1438.8285926679596,37.9318941349883,26.380008347437762,3.626695228397864,0.7471398551701487,0.8224199443257658,292.25240478515633,261.37983001709046,-0.10563668343725434,0.7183294663573085,1438.8285926679596,26.380008347437762,0.3372356061460771
0.741,1439.0487450858418,37.93479596736803,26.382742224704977,3.624482590933225,0.7471011655218097,0.8223731947506121,292.25240478515633,261.3407907257086,-0.10577026417343534,0.7180974477958236,1439.0487450858418,26.382742224704977,0.3372595368371479
0.742,1439.269329470017,37.93770327088894,26.385487030127038,3.6222699534685847,0.747062399959592,0.8223217070729545,292.25240478515633,261.3017514343267,-0.10590384490961634,0.7182640983987004,1439.269329470017,26.385487030127038,0.33728356225875566
0.743,1439.4903458204851,37.940616044293286,26.388232582273524,3.6200573160039458,0.7470235584834954,0.8222685088354195,292.25240478515633,261.26271214294485,-0.10603742564579734,0.7182640983987004,1439.4903458204851,26.388232582273524,0.33730761453568053
0.744,1439.711794137246,37.94353428632138,26.39098140756948,3.6178446785393072,0.7469846410935201,0.8222201805151003,292.25240478515633,261.2552202758794,-0.10606306056596483,0.7182640983987004,1439.711794137246,26.39098140756948,0.33733171050422567
0.745,1439.9336744203001,37.94645799571154,26.393733960665642,3.615632041074667,0.746945647789666,0.822169032552422,292.25240478515633,261.2610550689702,-0.10604309565551323,0.7181987000928505,1439.9336744203001,26.393733960665642,0.3373558531900811
0.746,1440.1559866696468,37.9493871712001,26.39648820479441,3.6134194036100284,0.7469065785719331,0.8221138494655776,292.25240478515633,261.2668898620611,-0.10602313074506145,0.7181987000928505,1440.1559866696468,26.39648820479441,0.33738002901094505
0.747,1440.378730885287,37.95232181152145,26.39924576714039,3.6112067661453895,0.7468674334403214,0.8220664516173999,292.25240478515633,261.2727246551519,-0.10600316583460985,0.7181987000928505,1440.378730885287,26.39924576714039,0.3374042488086918
0.748,1440.6019070672198,37.95526191540799,26.402009204419112,3.60899412868075,0.7468282123948308,0.8220098677131683,292.25240478515633,261.2785594482427,-0.10598320092415826,0.7181987000928505,1440.6019070672198,26.402009204419112,0.33742852962151143
0.749,1440.8255152154459,37.958207481590144,26.40477370585575,3.60678149121611,0.7467889154354614,0.8219527566504656,292.25240478515633,261.2843942413335,-0.10596323601370666,0.7177344475394615,1440.8255152154459,26.40477370585575,0.33745283937533543
0.75,1441.0495553299647,37.961158508796395,26.407538696089407,3.6045688537514713,0.7467495425622133,0.8218973187874246,292.25240478515633,261.29022903442427,-0.10594327110325508,0.7177344475394615,1441.0495553299647,26.407538696089407,0.3374771742296786
0.751,1441.2740274107764,37.96411499575324,26.410304709517757,3.602356216286833,0.7467100937750863,0.8218450953684671,292.25240478515633,261.29606382751507,-0.10592330619280348,0.7177344475394615,1441.2740274107764,26.410304709517757,0.33750153774178293
0.752,1441.498931457881,37.967076941185255,26.413082644994482,3.600143578822193,0.7466705690740806,0.8217922495536044,292.25240478515633,261.30189862060587,-0.10590334128235189,0.7177344475394615,1441.498931457881,26.413082644994482,0.3375260025591345
0.753,1441.724267471279,37.97004434381502,26.41587080852127,3.597930941357553,0.746630968459196,0.8217375076826812,292.25240478515633,261.30773341369667,-0.10588337637190029,0.7175023212627669,1441.724267471279,26.41587080852127,0.33755055738430256
0.754,1441.95003545097,37.97301720236318,26.41867039131865,3.595718303892914,0.7465912919304325,0.8216852222108337,292.25240478515633,261.31356820678747,-0.1058634114614487,0.7175023212627669,1441.95003545097,26.41867039131865,0.33757521015293684
0.755,1442.1762353969539,37.97599551554842,26.42146997696878,3.5935056664282747,0.7465515394877904,0.8216313094516379,292.25240478515633,261.3194029998783,-0.10584344655099691,0.7172701949860725,1442.1762353969539,26.42146997696878,0.33759988475720304
0.756,1442.4028673092305,37.97897928208749,26.42427298393793,3.5912930289636353,0.7465117111312695,0.8215808041609627,292.25240478515633,261.3252377929691,-0.10582348164054532,0.7171037363657461,1442.4028673092305,26.42427298393793,0.33762460397972466
0.757,1442.6299311878001,37.98196850069517,26.42707898918154,3.5890803914989964,0.7464718068608697,0.8215288501330527,292.25240478515633,261.3310725860599,-0.10580351673009372,0.7171037363657461,1442.6299311878001,26.42707898918154,0.3376493649953142
0.758,1442.8574270326628,37.98496317008433,26.42988582040352,3.586867754034357,0.746431826676591,0.8214801188804942,292.25240478515633,261.3369073791507,-0.10578355181964214,0.7171037363657461,1442.8574270326628,26.42988582040352,0.33767415331813266
0.759,1443.0853548438185,37.98796328896587,26.432696941104812,3.5846551165697176,0.7463917705784336,0.8214302929997026,292.25240478515633,261.3427421722415,-0.10576358690919054,0.7171037363657461,1443.0853548438185,26.432696941104812,0.33769899203098463
0.76,1443.313714621267,37.99096885604877,26.435508061806104,3.5824424791050786,0.7463516385663975,0.8213824648967416,292.25240478515633,261.3485769653323,-0.10574362199873895,0.7172701949860725,1443.313714621267,26.435508061806104,0.3377238525347113
0.761,1443.5425063650089,37.99397987004006,26.438319182507385,3.5802298416404397,0.7463114306404824,0.8213293680396963,292.25240478515633,261.3544117584231,-0.10572365708828735,0.7172701949860725,1443.5425063650089,26.438319182507385,0.33774873482414125
0.762,1443.7717300750435,37.99699632964484,26.441130303208677,3.5780172041758003,0.7462711468006886,0.8212778849994433,292.25240478515633,261.3602465515139,-0.10570369217783576,0.7172701949860725,1443.7717300750435,26.441130303208677,0.3377736388940954
0.763,1444.0013857513711,38.0000182335663,26.443946726275264,3.575804566711161,0.746230787047016,0.8212291213452789,292.25240478515633,261.3660813446047,-0.10568372726738416,0.7172701949860725,1444.0013857513711,26.443946726275264,0.3377986000853572
0.764,1444.2314733939918,38.00304558050567,26.446766000106308,3.5735919292465215,0.7461903513794645,0.8211811949735067,292.25240478515633,261.3719161376955,-0.10566376235693258,0.7172701949860725,1444.2314733939918,26.446766000106308,0.33782360205017425
0.765,1444.4619930029053,38.00607836916228,26.449585583424216,3.5713792917818825,0.7461498397980344,0.8211283766016402,292.25240478515633,261.3777509307863,-0.10564379744648097,0.7171037363657461,1444.4619930029053,26.449585583424216,0.33784862784299485
0.766,1444.6929445781118,38.00911659823353,26.4524073257033,3.5691666543172436,0.7461092523027253,0.8210707776679159,292.25240478515633,261.3835857238771,-0.10562383253602939,0.7168716639591552,1444.6929445781118,26.4524073257033,0.3378736897873454
0.767,1444.9243281196113,38.012160266414895,26.45523366889754,3.5669540168526033,0.7460685888935374,0.8210205086841207,292.25240478515633,261.3894205169679,-0.10560386762557779,0.7168716639591552,1444.9243281196113,26.45523366889754,0.3378988041562591
0.768,1445.156143627404,38.01520937239994,26.458060875995763,3.564741379387964,0.7460278495704709,0.8209715737270417,292.25240478515633,261.39525531005876,-0.10558390271512601,0.7168716639591552,1445.156143627404,26.458060875995763,0.33792394603331016
0.769,1445.388391101489,38.01826391488029,26.46089446495813,3.5625287419233245,0.7459870343335255,0.8209202024462315,292.25240478515633,261.40109010314956,-0.10556393780467441,0.7168716639591552,1445.388391101489,26.46089446495813,0.33794915219640753
0.77,1445.6210705418678,38.021323892545716,26.4637280539205,3.560316104458686,0.7459461431827012,0.8208642310608353,292.25240478515633,261.40692489624035,-0.10554397289422282,0.7168716639591552,1445.6210705418678,26.4637280539205,0.3379743800983191
0.771,1445.8541819485392,38.02438930408402,26.466563489575766,3.5581034669940466,0.7459051761179981,0.8208057515020499,292.25240478515633,261.41275968933115,-0.10552400798377122,0.7168716639591552,1445.8541819485392,26.466563489575766,0.33799964204399174
0.772,1446.0877253215035,38.02746014818112,26.469403343822368,3.5558908295294067,0.7458641331394162,0.8207485260299592,292.25240478515633,261.41859448242195,-0.10550404307331963,0.7168716639591552,1446.0877253215035,26.469403343822368,0.33802495517264014
0.773,1446.3217006607608,38.03053642352104,26.47224452519907,3.5536781920647673,0.7458230142469556,0.8206954535845326,292.25240478515633,261.42442927551275,-0.10548407816286803,0.7170380687093779,1446.3217006607608,26.47224452519907,0.3380502988710853
0.774,1446.5561079663112,38.033618128785896,26.475085706575776,3.5514655546001275,0.7457818194406162,0.8206427972608465,292.25240478515633,261.43026406860355,-0.10546411325241645,0.7170380687093779,1446.5561079663112,26.475085706575776,0.338075664287306
0.775,1446.7909472381543,38.03670526265589,26.477926887952478,3.549252917135489,0.7457405487203979,0.8205869265733783,292.25240478515633,261.43609886169435,-0.10544414834196485,0.7168059424326834,1446.7909472381543,26.477926887952478,0.3381010514160234
0.776,1447.0262184762908,38.03979782380935,26.480776966111513,3.54704027967085,0.7456992020863009,0.8205308644875757,292.25240478515633,261.44193365478515,-0.10542418343151326,0.7165738161559888,1447.0262184762908,26.480776966111513,0.33812651955857886
0.777,1447.26192168072,38.0428958109227,26.48363452711932,3.5448276422062115,0.745657779538325,0.8204720689428682,292.25240478515633,261.44776844787594,-0.10540421852106166,0.7165738161559888,1447.26192168072,26.48363452711932,0.33815205928428993
0.778,1447.4980568514422,38.045999222670474,26.486492741530114,3.542615004741571,0.7456162810764704,0.8204179207199568,292.25240478515633,261.4219391784668,-0.10549259852747472,0.7165738161559888,1447.4980568514422,26.486492741530114,0.33817762506225035
0.779,1447.7346239884573,38.04910805772531,26.489353467648037,3.540402367276932,0.7455747067007368,0.8203642560317926,292.25240478515633,261.39169743347173,-0.10559607670079309,0.7162412993039443,1447.7346239884573,26.489353467648037,0.33820322927474766
0.78,1447.9716230917657,38.052222314757984,26.49221489636405,3.538189729812293,0.7455330564111246,0.8203066952813737,292.25240478515633,261.3614556884766,-0.10569955487411165,0.7160092807424594,1447.9716230917657,26.49221489636405,0.33822885985680723
0.781,1448.209054161367,38.05534199243737,26.49508687309628,3.5359770923476534,0.7454913302076334,0.8202589151183355,292.25240478515633,261.33121394348154,-0.10580303304743001,0.7160092807424594,1448.209054161367,26.49508687309628,0.33825458243341083
0.782,1448.4469171972612,38.05846708943046,26.49796548102186,3.533764454883014,0.7454495280902635,0.8202057806601697,292.25240478515633,261.3009721984864,-0.10590651122074857,0.7160092807424594,1448.4469171972612,26.49796548102186,0.33828037088938784
0.783,1448.6852121994484,38.06159760440237,26.500851296844168,3.5315518174183755,0.7454076500590148,0.8201564047682246,292.25240478515633,261.27073045349135,-0.10600998939406693,0.7158431918348411,1448.6852121994484,26.500851296844168,0.3383062290637477
0.784,1448.9239391679284,38.064733536016355,26.503744600377473,3.5293391799537357,0.7453656961138874,0.820099012570398,292.25240478515633,261.24048870849623,-0.10611346756738549,0.7158431918348411,1448.9239391679284,26.503744600377473,0.33833215881640716
0.785,1449.1630981027015,38.06787488293379,26.506637903910768,3.527126542489096,0.745323666254881,0.820044020942114,292.25240478515633,261.2102469635011,-0.10621694574070403,0.7156112270934818,1449.1630981027015,26.506637903910768,0.33835811022836126
0.786,1449.4026890037676,38.07102164381418,26.509531207444063,3.5249139050244573,0.7452815604819959,0.8199888407059687,292.25240478515633,261.18000521850604,-0.1063204239140224,0.7156112270934818,1449.4026890037676,26.509531207444063,0.33838408329424857
0.787,1449.6427118711267,38.074173817315156,26.512426938521536,3.5227012675598184,0.745239378795232,0.8199312408287033,292.25240478515633,261.1497634735109,-0.10642390208734095,0.7153792623521225,1449.6427118711267,26.512426938521536,0.33841009419089424
0.788,1449.8831667047787,38.07733140209249,26.51532415846519,3.5204886300951785,0.7451971211945893,0.8198697505303547,292.25240478515633,261.1195217285158,-0.10652738026065951,0.7153792623521225,1449.8831667047787,26.51532415846519,0.33843613665562283
0.789,1450.1240535047236,38.0804943968001,26.518223669800385,3.5182759926305383,0.7451547876800677,0.8198144148909677,292.25240478515633,261.0892799835207,-0.10663085843397788,0.7153792623521225,1450.1240535047236,26.518223669800385,0.33846221603274557
0.79,1450.3653722709616,38.08366280009004,26.521123181135575,3.5160633551659,0.7451123782516674,0.8197583703108656,292.25240478515633,261.0590382385256,-0.10673433660729643,0.7150475307210759,1450.3653722709616,26.521123181135575,0.338488317042281
0.791,1450.6071230034925,38.086836610612494,26.524023407399582,3.5138507177012612,0.7450698929093883,0.8197019398224166,292.25240478515633,261.02879649353054,-0.1068378147806148,0.7146499768196569,1450.6071230034925,26.524023407399582,0.3385144444446
0.792,1450.8493057023165,38.09001582701583,26.526929391220516,3.5116380802366214,0.7450273316532303,0.8196459787758227,292.25240478515633,260.9985547485354,-0.10694129295393336,0.7146499768196569,1450.8493057023165,26.526929391220516,0.33854063184883915
0.793,1451.0919203674334,38.09320044794653,26.52983912041119,3.509425442771982,0.7449846944831936,0.819583448514404,292.25240478515633,260.9683130035403,-0.10704477112725191,0.7146499768196569,1451.0919203674334,26.52983912041119,0.33856686583619183
0.794,1451.3349669988431,38.09639047204923,26.532748849601866,3.507212805307343,0.7449419813992781,0.8195268494532871,292.25240478515633,260.9380712585452,-0.10714824930057028,0.7146499768196569,1451.3349669988431,26.532748849601866,0.33859312143431786
0.795,1451.5784455965463,38.09958589796674,26.535673595189138,3.505000167842703,0.7448991924014837,0.8194642699470482,292.25240478515633,260.9078295135501,-0.10725172747388884,0.7146499768196569,1451.5784455965463,26.535673595189138,0.3386194987382303
0.796,1451.8223561605423,38.10278672434002,26.538602269624757,3.502787530378064,0.7448563274898106,0.8194078674235539,292.25240478515633,260.87758776855503,-0.1073552056472072,0.7146499768196569,1451.8223561605423,26.538602269624757,0.3386459238320538
0.797,1452.066698690831,38.10599294980818,26.54153139733382,3.5005748929134257,0.7448133866642586,0.8193548408904403,292.25240478515633,260.8473460235599,-0.10745868382052576,0.7148156735450962,1452.066698690831,26.54153139733382,0.3386723735418988
0.798,1452.3114731874127,38.10920457300851,26.544464565769236,3.498362255448786,0.7447703699248278,0.8192990249685118,292.25240478515633,260.8171042785648,-0.10756216199384432,0.7144181733889662,1452.3114731874127,26.544464565769236,0.33869887177654856
0.799,1452.5566796502876,38.11242159257645,26.547397734204644,3.4961496179841465,0.7447272772715183,0.8192473120254138,292.25240478515633,260.7868625335697,-0.10766564016716268,0.7148156735450962,1452.5566796502876,26.547397734204644,0.3387253915947565
0.8,1452.802318079455,38.11564400714561,26.550330902640063,3.493936980519506,0.7446841087043299,0.8191925734869978,292.25240478515633,260.7566207885746,-0.10776911834048124,0.7149814471243042,1452.802318079455,26.550330902640063,0.33875193299105744
0.801,1453.048388474916,38.11887181534779,26.553267207749382,3.4917243430548672,0.7446408642232627,0.819134230741685,292.25240478515633,260.72637904357947,-0.10787259651379978,0.7149814471243042,1453.048388474916,26.553267207749382,0.33877851686928584
0.802,1453.2948908366695,38.122105015812934,26.556204055109422,3.4895117055902287,0.7445975438283168,0.8190811952750432,292.25240478515633,260.69613729858435,-0.10797607468711834,0.7147495361781077,1453.2948908366695,26.556204055109422,0.33880512592933976
0.803,1453.5418251647163,38.125343607169185,26.559140902469462,3.487299068125589,0.744554147519492,0.8190255568793859,292.25240478515633,260.66816903686566,-0.10807177368312573,0.7145838163691166,1453.5418251647163,26.559140902469462,0.3388317565510476
0.804,1453.789191459056,38.12858758804286,26.56208269417924,3.4850864306609504,0.7445106752967884,0.8189673121820557,292.25240478515633,260.6683167297368,-0.10807126832245567,0.7149814471243042,1453.789191459056,26.56208269417924,0.3388584416883265
0.805,1454.0369897196888,38.131836957058454,26.565034578843115,3.4828737931963105,0.7444671271602059,0.8189116208878658,292.25240478515633,260.66798586273234,-0.10807240045002423,0.7149814471243042,1454.0369897196888,26.565034578843115,0.338885215656663
0.806,1454.2852199466142,38.13509171283864,26.56799427870912,3.480661155731672,0.7444235031097448,0.8188501325569011,292.25240478515633,260.66765499572796,-0.1080735325775926,0.7149814471243042,1454.2852199466142,26.56799427870912,0.3389120632668806
0.807,1454.533882139833,38.1383518540043,26.57095453022051,3.4784485182670326,0.7443798031454048,0.8187934425143231,292.25240478515633,260.6673241287235,-0.10807466470516117,0.7149814471243042,1454.533882139833,26.57095453022051,0.33893893609404174
0.808,1454.7829762993442,38.14161737917448,26.573926008268415,3.476235880802393,0.744336027267186,0.8187412643251165,292.25240478515633,260.66699326171914,-0.10807579683272953,0.7149814471243042,1454.7829762993442,26.573926008268415,0.338965905292259
0.809,1455.0325024251492,38.144888286966435,26.57690074833323,3.474023243337754,0.7442921754750884,0.8186838745965572,292.25240478515633,260.66666239471476,-0.1080769289602979,0.7149814471243042,1455.0325024251492,26.57690074833323,0.33899291776390855
0.81,1455.2824605172466,38.148164575995615,26.57987610076364,3.471810605873115,0.7442482477691119,0.8186203442216269,292.25240478515633,260.6663315277104,-0.10807806108786627,0.7149814471243042,1455.2824605172466,26.57987610076364,0.33901995584067574
0.811,1455.5328505756372,38.151446244875665,26.58285185858066,3.4695979684084746,0.7442042441492567,0.8185642699701655,292.25240478515633,260.66600066070595,-0.10807919321543483,0.7149814471243042,1455.5328505756372,26.58285185858066,0.33904701813727767
0.812,1455.7836726003206,38.15473329221842,26.58582894874603,3.467385330943835,0.7441601646155227,0.818510188056117,292.25240478515633,260.66566979370157,-0.1080803253430032,0.7149814471243042,1455.7836726003206,26.58582894874603,0.3390741108273599
0.8130000000000001,1456.0349265912973,38.158025716633944,26.588815670977496,3.4651726934791967,0.7441160091679099,0.8184507417691179,292.25240478515633,260.66533892669713,-0.10808145747057177,0.7149814471243042,1456.0349265912973,26.588815670977496,0.3391012892319127
0.8140000000000001,1456.2866125485668,38.161323516730484,26.591803149000565,3.462960056014557,0.7440717778064182,0.8183946378462975,292.25240478515633,260.66500805969275,-0.10808258959814013,0.7148156735450962,1456.2866125485668,26.591803149000565,0.33912849417544877
0.8150000000000001,1456.5387304721291,38.1646266911145,26.594790627023627,3.460747418549918,0.7440274705310478,0.8183337491859479,292.25240478515633,260.6646771926884,-0.1080837217257085,0.7148156735450962,1456.5387304721291,26.594790627023627,0.33915572061423016
0.8160000000000001,1456.7912803619845,38.167935238390676,26.597784249605407,3.458534781085278,0.7439830873417985,0.8182781182382434,292.25240478515633,260.66434632568394,-0.10808485385327707,0.7148156735450962,1456.7912803619845,26.597784249605407,0.3391830095027718
0.8170000000000001,1457.0442622181329,38.171249157161895,26.600789221951665,3.4563221436206395,0.7439386282386705,0.8182242260964263,292.25240478515633,260.66401545867956,-0.10808598598084543,0.7145838163691166,1457.0442622181329,26.600789221951665,0.33921039553378307
0.8180000000000001,1457.297676040574,38.17456844602928,26.60379843141214,3.4541095061559997,0.7438940932216638,0.8181639493526519,292.25240478515633,260.6636845916752,-0.1080871181084138,0.7145838163691166,1457.297676040574,26.60379843141214,0.33923783128820134
0.8190000000000001,1457.5515218293085,38.17789310359214,26.60680982686118,3.451896868691361,0.743849482290778,0.8181023764643363,292.25240478515633,260.66335372467074,-0.10808825023598237,0.7144181733889662,1457.5515218293085,26.60680982686118,0.33926530308746505
0.8200000000000001,1457.805799584336,38.181223128448046,26.609823328311524,3.449684231226722,0.7438047954460135,0.8180434114837214,292.25240478515633,260.6630228576663,-0.10808938236355092,0.714351959193137,1457.805799584336,26.609823328311524,0.33929281039276366
0.8210000000000001,1458.0605093056563,38.184558519192755,26.612844579423772,3.4474715937620823,0.7437600326873703,0.8179871800423127,292.25240478515633,260.6626919906619,-0.1080905144911193,0.7141201020171575,1458.0605093056563,26.612844579423772,0.3393203908195515
0.8220000000000001,1458.3156509932694,38.18789927442029,26.615867173753916,3.445258956297443,0.7437151940148482,0.8179295918288224,292.25240478515633,260.66236112365755,-0.10809164661868767,0.7141201020171575,1458.3156509932694,26.615867173753916,0.33934800165636214
0.8230000000000001,1458.5712246471755,38.19124539272286,26.618889880607647,3.4430463188328035,0.7436702794284473,0.817868755806026,292.25240478515633,260.66203025665317,-0.10809277874625603,0.7141201020171575,1458.5712246471755,26.618889880607647,0.33937563469366316
0.8240000000000001,1458.8272302673747,38.194596872690965,26.621912905892174,3.4408336813681646,0.7436252889281677,0.817812452193754,292.25240478515633,260.66169938964873,-0.1080939108738246,0.7138882448411779,1458.8272302673747,26.621912905892174,0.3394032912984102
0.8250000000000001,1459.0836678538667,38.197953712913296,26.624939620089666,3.438621043903525,0.7435802225140093,0.8177478498958048,292.25240478515633,260.66136852264435,-0.10809504300139297,0.7138882448411779,1459.0836678538667,26.624939620089666,0.3394309939328488
0.8260000000000001,1459.3405374066522,38.201315911976806,26.62797390328554,3.436408406438886,0.7435350801859719,0.8176866162607358,292.25240478515633,260.66103765564,-0.10809617512896133,0.7138882448411779,1459.3405374066522,26.62797390328554,0.33945876845627176
0.8270000000000001,1459.5978389257305,38.20468346846667,26.631018118095387,3.4341957689742477,0.7434898619440559,0.8176167510305518,292.25240478515633,260.66070678863554,-0.1080973072565299,0.7138882448411779,1459.5978389257305,26.631018118095387,0.3394866306123956
0.8280000000000001,1459.8555724111013,38.208056380966326,26.634067299282766,3.4319831315096074,0.7434445677882611,0.817558085313097,292.25240478515633,260.66037592163116,-0.10809843938409827,0.7137227630968939,1459.8555724111013,26.634067299282766,0.33951454729691066
0.8290000000000001,1460.1137378627654,38.21143464805745,26.63712546750437,3.4297704940449685,0.7433991977185872,0.8174989379680527,292.25240478515633,260.6600450546268,-0.10809957151166663,0.7138882448411779,1460.1137378627654,26.63712546750437,0.3395425453061476
0.8300000000000001,1460.3723352807226,38.21481826831998,26.64019507173878,3.4275578565803286,0.7433537517350348,0.8174414220458779,292.25240478515633,260.65971418762234,-0.1081007036392352,0.7140538033395176,1460.3723352807226,26.64019507173878,0.33957064095950396
0.8310000000000001,1460.6313646649728,38.2182072403321,26.643287379620514,3.425345219115689,0.7433082298376035,0.8173812787429183,292.25240478515633,260.65938332061796,-0.10810183576680357,0.7138882448411779,1460.6313646649728,26.643287379620514,0.33959890936220133
0.8320000000000001,1460.8908260155156,38.22160156267023,26.646384058844923,3.4231325816510503,0.7432626320262934,0.8173266496954311,292.25240478515633,260.6590524536136,-0.10810296789437193,0.7137227630968939,1460.8908260155156,26.646384058844923,0.3396272283040095
0.833,1461.1507193323519,38.2250012339091,26.64948173332762,3.4209199441864113,0.7432169583011043,0.8172654910216983,292.25240478515633,260.65872158660915,-0.1081041000219405,0.7137227630968939,1461.1507193323519,26.64948173332762,0.3396555752739924
0.834,1461.4110446154807,38.22840625262163,26.652585913385668,3.4187073067217715,0.7431712086620368,0.8172038261883048,292.25240478515633,260.65839071960477,-0.10810523214950887,0.7137227630968939,1461.4110446154807,26.652585913385668,0.33968398699863495
0.835,1461.6718018649028,38.231816617379074,26.655691551281112,3.4164946692571325,0.7431253831090903,0.8171469674325318,292.25240478515633,260.6580598526004,-0.10810636427707723,0.7137227630968939,1461.6718018649028,26.655691551281112,0.33971242982361755
0.836,1461.9329910806177,38.23523232675091,26.658798530430055,3.4142820317924936,0.7430794816422649,0.8170919625946712,292.25240478515633,260.65772898559595,-0.1081074964046458,0.7137227630968939,1461.9329910806177,26.658798530430055,0.33974090296606146
0.837,1462.1946122626257,38.23865337930489,26.66191507689622,3.412069394327853,0.7430335042615608,0.8170306369141475,292.25240478515633,260.6573981185916,-0.10810862853221417,0.7137227630968939,1462.1946122626257,26.66191507689622,0.3397694612558045
0.838,1462.4566654109265,38.24207977360707,26.665034937867606,3.4098567568632148,0.7429874509669778,0.8169618198578498,292.25240478515633,260.6570672515872,-0.10810976065978253,0.7137227630968939,1462.4566654109265,26.665034937867606,0.33979806300539106
0.839,1462.7191505255203,38.245511508221725,26.66815551765039,3.407644119398575,0.7429413217585161,0.8168986286960153,292.25240478515633,260.65673638458276,-0.1081108927873511,0.7135573580533024,1462.7191505255203,26.66815551765039,0.3398266909059865
0.84,1462.982067606407,38.24894858171146,26.6712761966347,3.4054314819339364,0.7428951166361756,0.8168403286108097,292.25240478515633,260.6564055175784,-0.10811202491491947,0.7135573580533024,1462.982067606407,26.6712761966347,0.3398553408214753
0.841,1463.2454166535872,38.252390992637146,26.674396875619017,3.403218844469296,0.7428488355999562,0.81678163143529,292.25240478515633,260.65607465057394,-0.10811315704248803,0.7135573580533024,1463.2454166535872,26.674396875619017,0.33988401208481633
0.842,1463.50919766706,38.255838739557916,26.677517554603323,3.4010062070046576,0.742802478649858,0.8167195060534188,292.25240478515633,260.65574378356956,-0.1081142891700564,0.7133920296570899,1463.50919766706,26.677517554603323,0.3399127046902467
0.843,1463.7734106468254,38.259291821031205,26.680640344131948,3.3987935695400178,0.7427560457858811,0.81666376499245,292.25240478515633,260.6554129165651,-0.10811542129762497,0.7133920296570899,1463.7734106468254,26.680640344131948,0.33994143270104565
0.844,1464.0380555928843,38.262750235612764,26.68377823296265,3.3965809320753793,0.7427095370080253,0.816602920899365,292.25240478515633,260.65508204956075,-0.10811655342519333,0.7133920296570899,1464.0380555928843,26.68377823296265,0.33997028269548346
0.845,1464.3031325052361,38.26621398185658,26.686916819438494,3.3943682946107394,0.7426629523162909,0.8165454227639455,292.25240478515633,260.65475118255637,-0.1081176855527617,0.7135573580533024,1464.3031325052361,26.686916819438494,0.3399991586652363
0.846,1464.568641383881,38.26968305831498,26.69005540591434,3.392155657146101,0.7426162917106773,0.8164881457584454,292.25240478515633,260.654420315552,-0.10811881768033008,0.7135573580533024,1464.568641383881,26.69005540591434,0.34002805595395863
0.847,1464.8345822288186,38.273157463538574,26.69319482947603,3.3899430196814606,0.7425695551911853,0.8164257378361759,292.25240478515633,260.65408944854755,-0.10811994980789863,0.7135573580533024,1464.8345822288186,26.69319482947603,0.3400569801359313
0.848,1465.1009550400495,38.27663719607627,26.696338895256133,3.3877303822168208,0.7425227427578143,0.8163675953825751,292.25240478515633,260.6537585815431,-0.1081210819354672,0.7133920296570899,1465.1009550400495,26.696338895256133,0.3400859565706533
0.849,1465.367759817573,38.28012225447527,26.699482961036242,3.3855177447521823,0.7424758544105645,0.8163090030003537,292.25240478515633,260.65342771453874,-0.10812221406303557,0.7133920296570899,1465.367759817573,26.699482961036242,0.3401149543069332
0.85,1465.6349965613897,38.28361263728111,26.702627026816344,3.3833051072875437,0.7424288901494358,0.8162461877894954,292.25240478515633,260.65309684753436,-0.10812334619060393,0.7129951355107713,1465.6349965613897,26.702627026816344,0.3401439733389536
0.851,1465.9026652714992,38.287108343037595,26.705771092596454,3.3810924698229035,0.7423818499744285,0.8161906224480167,292.25240478515633,260.65276598053,-0.1081244783181723,0.7131603336422614,1465.9026652714992,26.705771092596454,0.3401730136608902
0.852,1466.170765947902,38.29060937028689,26.708932728130453,3.3788798323582654,0.7423347338855422,0.816132879192641,292.25240478515633,260.65243511352554,-0.10812561044574087,0.7131603336422614,1466.170765947902,26.708932728130453,0.3402021923882276
0.853,1466.4392985905972,38.29411571756942,26.7120975689527,3.3766671948936255,0.7422875418827772,0.8160738889572425,292.25240478515633,260.65210424652116,-0.10812674257330923,0.7133256083429895,1466.4392985905972,26.7120975689527,0.3402314137605078
0.854,1466.7082631995859,38.29762738342397,26.715262647699994,3.374454557428986,0.7422402739661336,0.816011962742864,292.25240478515633,260.6517181823732,-0.1081280635689337,0.713490959666203,1466.7082631995859,26.715262647699994,0.34026065799121774
0.855,1466.9776597748673,38.30114436638764,26.71842852139746,3.3722419199643467,0.7421929301356109,0.8159547747715168,292.25240478515633,260.64355256652846,-0.10815600385517617,0.713490959666203,1466.9776597748673,26.71842852139746,0.34028992878767816
0.856,1467.2474883164418,38.30466666499582,26.721594599411155,3.370029282499707,0.7421455103912096,0.8158947225704704,292.25240478515633,260.6353869506837,-0.10818394414141863,0.713490959666203,1467.2474883164418,26.721594599411155,0.3403192222068204
0.857,1467.5177488243096,38.30819427778226,26.72476224996505,3.3678166450350684,0.7420980147329292,0.8158313246928136,292.25240478515633,260.62722133483896,-0.1082118844276611,0.713490959666203,1467.5177488243096,26.72476224996505,0.34034854736346504
0.858,1467.78844129847,38.31172720327903,26.727933778606594,3.3656040075704285,0.7420504431607702,0.8157700728895577,292.25240478515633,260.6190557189943,-0.10823982471390337,0.713490959666203,1467.78844129847,26.727933778606594,0.34037791962069525
0.859,1468.0595657389233,38.3152654400165,26.73110760408159,3.363391370105789,0.7420027956747324,0.8157160350609657,292.25240478515633,260.61089010314953,-0.10826776500014583,0.7132591562355123,1468.0595657389233,26.73110760408159,0.34040732843187266
0.86,1468.3311221456697,38.31880898652344,26.734286583037996,3.3611787326411506,0.7419550722748158,0.8156561541829093,292.25240478515633,260.6027244873048,-0.1082957052863883,0.7130273528048215,1468.3311221456697,26.734286583037996,0.3404367928337451
0.861,1468.6031105187094,38.3223578413269,26.7374655619944,3.3589660951765117,0.7419072729610203,0.8156020695386138,292.25240478515633,260.59455887146004,-0.10832364557263076,0.7130273528048215,1468.6031105187094,26.7374655619944,0.3404662784669225
0.862,1468.8755308580417,38.32591200295228,26.740644540950814,3.3567534577118714,0.7418593977333461,0.8155361336756812,292.25240478515633,260.5863932556153,-0.10835158585887322,0.7130273528048215,1468.8755308580417,26.740644540950814,0.340495785325507
0.863,1469.1483831636667,38.329471469923334,26.74382375839712,3.354540820247232,0.7418114465917931,0.8154766777123661,292.25240478515633,260.57822763977055,-0.10837952614511569,0.7130273528048215,1469.1483831636667,26.74382375839712,0.34052531499338595
0.864,1469.421667435585,38.33303624076216,26.747003841938316,3.352328182782593,0.7417634195363613,0.8154146637888074,292.25240478515633,260.5700620239258,-0.10840746643135815,0.7128621089223639,1469.421667435585,26.747003841938316,0.34055487164831066
0.865,1469.6953836737964,38.3366063139892,26.750185603740913,3.350115545317954,0.7417153165670506,0.815355435319296,292.25240478515633,260.5618964080811,-0.10843540671760042,0.7128621089223639,1469.6953836737964,26.750185603740913,0.3405844606983273
0.866,1469.9695318783008,38.340181688123245,26.75337711008555,3.3479029078533147,0.741667137683861,0.8152923712544674,292.25240478515633,260.55373079223637,-0.10846334700384289,0.7128621089223639,1469.9695318783008,26.75337711008555,0.34061413590795164
0.867,1470.2441120490982,38.34376236168144,26.756570438769153,3.3456902703886753,0.7416188828867929,0.8152307049957246,292.25240478515633,260.5455651763916,-0.10849128729008535,0.7126969416126042,1470.2441120490982,26.756570438769153,0.3406438444612446
0.868,1470.5191241861883,38.34734833317929,26.759766042171677,3.343477632924036,0.7415705521758458,0.8151698157331146,292.25240478515633,260.5373995605469,-0.10851922757632781,0.7126969416126042,1470.5191241861883,26.759766042171677,0.34067358936786807
0.869,1470.7945682895718,38.350939601130655,26.762961645574205,3.3412649954593974,0.7415221455510199,0.8151063109743238,292.25240478515633,260.5292339447021,-0.10854716786257028,0.7125318508223303,1470.7945682895718,26.762961645574205,0.34070335545842867
0.87,1471.0704443592476,38.354536164047765,26.766157248976732,3.3390523579947575,0.7414736630123153,0.8150436524314537,292.25240478515633,260.50914254760744,-0.10861591459233443,0.7125318508223303,1471.0704443592476,26.766157248976732,0.34073314272697575
0.871,1471.3467523952172,38.3581380204412,26.769352852379264,3.336839720530119,0.7414251045597318,0.8149779096933352,292.25240478515633,260.4789242218018,-0.1087193126322167,0.7125318508223303,1471.3467523952172,26.769352852379264,0.34076295116755223
0.872,1471.6234923974791,38.36174516881993,26.77254845578179,3.3346270830654787,0.7413764701932695,0.8149165647605562,292.25240478515633,260.4487058959961,-0.10882271067209896,0.7125318508223303,1471.6234923974791,26.77254845578179,0.34079278077419456
0.873,1471.9006643660339,38.365357607691266,26.775745112798454,3.3324144456008398,0.7413277599129284,0.8148504368368028,292.25240478515633,260.41848757019045,-0.10892610871198122,0.7127634931665509,1471.9006643660339,26.775745112798454,0.3408226385644044
0.874,1472.1782683008823,38.36897533556092,26.77895449043037,3.3302018081362,0.7412789737187085,0.8147888184577566,292.25240478515633,260.3882692443848,-0.10902950675186349,0.7129286376274329,1472.1782683008823,26.77895449043037,0.3408526023053217
0.875,1472.4563042020231,38.37259835093296,26.782168072186167,3.3279891706715614,0.7412301116106099,0.8147256896097914,292.25240478515633,260.3580509185792,-0.10913290479174556,0.7129286376274329,1472.4563042020231,26.782168072186167,0.3408826152193842
0.876,1472.7347720694572,38.37622665230985,26.785384612403444,3.325776533206922,0.7411811735886324,0.8146635804688739,292.25240478515633,260.3278325927735,-0.10923630283162782,0.7127634931665509,1472.7347720694572,26.785384612403444,0.340912668996922
0.877,1473.0136719031843,38.37986023819243,26.788611017430128,3.323563895742283,0.741132159652776,0.8145969961723145,292.25240478515633,260.29761426696786,-0.10933970087151008,0.7125984251968503,1473.0136719031843,26.788611017430128,0.3409428096701795
0.878,1473.2930037032045,38.38349910707991,26.791837422456812,3.321351258277643,0.7410830698030408,0.8145325895888987,292.25240478515633,260.2673959411622,-0.10944309891139234,0.7125984251968503,1473.2930037032045,26.791837422456812,0.3409729714735843
0.879,1473.5727674695172,38.38714325746991,26.795065702962354,3.3191386208130043,0.7410339040394271,0.8144707412668568,292.25240478515633,260.23717761535653,-0.10954649695127461,0.7125984251968503,1473.5727674695172,26.795065702962354,0.3410031669032122
0.88,1473.8529632021232,38.390792687858415,26.798295248922674,3.316925983348365,0.7409846623619344,0.814406348374826,292.25240478515633,260.20695928955087,-0.10964989499115688,0.7123668364983788,1473.8529632021232,26.798295248922674,0.3410333918865808
0.881,1474.133590901022,38.39444739673983,26.801524794882994,3.314713345883725,0.7409353447705629,0.8143422765477796,292.25240478515633,260.1767409637452,-0.10975329303103913,0.7123668364983788,1474.133590901022,26.801524794882994,0.3410636379820504
0.882,1474.414650566214,38.398107382606945,26.804754340843317,3.3125007084190865,0.7408859512653125,0.8142796084289702,292.25240478515633,260.1465226379396,-0.1098566910709212,0.7123668364983788,1474.414650566214,26.804754340843317,0.34109390518359284
0.883,1474.6961421976991,38.40177264395094,26.807998254128872,3.3102880709544475,0.7408364818461833,0.8142194813468889,292.25240478515633,260.11630431213393,-0.10996008911080346,0.7123668364983788,1474.6961421976991,26.807998254128872,0.34112428925885574
0.884,1474.978065795477,38.40544317926141,26.811251733629927,3.3080754334898077,0.7407869365131754,0.8141538039941674,292.25240478515633,260.0806858581544,-0.1100819647682705,0.712201898587636,1474.978065795477,26.811251733629927,0.3411547581972353
0.885,1475.2604213595478,38.409118987026346,26.814505213130975,3.3058627960251687,0.7407373152662887,0.8140924701831292,292.25240478515633,260.0417627487184,-0.1102151479647087,0.712201898587636,1475.2604213595478,26.814505213130975,0.3411852482235643
0.886,1475.5432088899117,38.41280006573215,26.817758692632022,3.3036501585605293,0.7406876181055231,0.8140355150657025,292.25240478515633,260.0028396392824,-0.11034833116114671,0.712201898587636,1475.5432088899117,26.817758692632022,0.34121575933178877
0.887,1475.8264283865685,38.41648641386362,26.821012172133074,3.3014375210958904,0.7406378450308788,0.8139719387182335,292.25240478515633,259.9639165298463,-0.11048151435758512,0.712201898587636,1475.8264283865685,26.821012172133074,0.3412462915158487
0.888,1476.1100798495183,38.420178029904,26.824267104154,3.299224883631251,0.7405879960423556,0.8139026822527956,292.25240478515633,259.9249934204103,-0.11061469755402314,0.7117388284325076,1476.1100798495183,26.824267104154,0.3412768544522852
0.889,1476.394163278761,38.423874912334924,26.82753052668002,3.2970122461666107,0.7405380711399537,0.8138398791072193,292.25240478515633,259.8860703109743,-0.11074788075046135,0.711574074074074,1476.394163278761,26.82753052668002,0.34130749505077024
0.89,1476.6786786742969,38.42757705963644,26.830799673944934,3.294799608701972,0.7404880703236729,0.8137834246287334,292.25240478515633,259.8471472015383,-0.11088106394689937,0.711574074074074,1476.6786786742969,26.830799673944934,0.3413381948684166
0.891,1476.9636260361253,38.43128447028703,26.83407891719699,3.2925869712373337,0.7404379935935135,0.8137193289321024,292.25240478515633,259.8082240921022,-0.11101424714333777,0.711574074074074,1476.9636260361253,26.83407891719699,0.3413689830382119
0.892,1477.2490053642475,38.43499714276362,26.837362816844486,3.290374333772694,0.740387840949475,0.8136561990602945,292.25240478515633,259.7693009826662,-0.1111474303397758,0.7118055555555556,1477.2490053642475,26.837362816844486,0.34139982329333257
0.893,1477.5348166586618,38.43871507554151,26.84064671649198,3.288161696308054,0.7403376123915579,0.8135950390615888,292.25240478515633,259.73037787323017,-0.111280613536214,0.7118055555555556,1477.5348166586618,26.84064671649198,0.34143068458779435
0.894,1477.8210599193694,38.442438267094474,26.84393105868087,3.285949058843415,0.7402873079197618,0.81353981403735,292.25240478515633,259.6914547637941,-0.11141379673265221,0.7118055555555556,1477.8210599193694,26.84393105868087,0.34146156986550735
0.895,1478.10773514637,38.446166715894705,26.847219142205716,3.2837364213787756,0.7402369275340872,0.8134733585040501,292.25240478515633,259.6525316543581,-0.11154697992909042,0.711574074074074,1478.10773514637,26.847219142205716,0.3414925011103764
0.896,1478.394842339664,38.449900420412845,26.850507225730553,3.2815237839141362,0.7401864712345334,0.8134093636860251,292.25240478515633,259.6136085449221,-0.11168016312552845,0.711574074074074,1478.394842339664,26.850507225730553,0.34152345337625445
0.897,1478.6823814992506,38.453639379117945,26.85379679299804,3.2793111464494964,0.7401359390211011,0.813341809328745,292.25240478515633,259.57468543548606,-0.11181334632196666,0.711574074074074,1478.6823814992506,26.85379679299804,0.34155443654775963
0.898,1478.97035262513,38.45738359047753,26.85708667928057,3.277098508984857,0.7400853308937899,0.8132790700026886,292.25240478515633,259.53576232605,-0.11194652951840486,0.7111779680629484,1478.97035262513,26.85708667928057,0.34158544285459985
0.899,1479.2587557173024,38.461133052957535,26.860380654931692,3.274885871520219,0.7400346468526,0.8132111800659501,292.25240478515633,259.496839216614,-0.11207971271484307,0.7111779680629484,1479.2587557173024,26.860380654931692,0.34161649742410294
0.9,1479.547590775768,38.464887765022375,26.863676631769806,3.272673234055579,0.7399838868975311,0.8131475084609712,292.25240478515633,259.45791610717794,-0.1122128959112813,0.7115072933549432,1479.547590775768,26.863676631769806,0.34164758633014963
0.901,1479.8368578005263,38.4686477251349,26.866974900661294,3.27046059659094,0.7399330510285835,0.8130825095545163,292.25240478515633,259.41899299774195,-0.11234607910771931,0.7115072933549432,1479.8368578005263,26.866974900661294,0.3416787115055293
0.902,1480.126556791578,38.47241293175641,26.870274620917865,3.2682479591263016,0.7398821392457571,0.813020948510654,292.25240478515633,259.3800698883059,-0.11247926230415752,0.7116720704029643,1480.126556791578,26.870274620917865,0.3417098673399957
0.903,1480.4166877489222,38.476183383346665,26.87357647845471,3.2660353216616618,0.7398311515490519,0.8129567188913999,292.25240478515633,259.34114677886987,-0.11261244550059572,0.7116720704029643,1480.4166877489222,26.87357647845471,0.3417410583997511
0.904,1480.7072506725597,38.47995907836389,26.876883807940285,3.2638226841970224,0.739780087938468,0.8128913757730887,292.25240478515633,259.30222366943383,-0.11274562869703394,0.7113425925925926,1480.7072506725597,26.876883807940285,0.34177230690778254
0.905,1480.99824556249,38.48374001526476,26.880194328288333,3.261610046732383,0.739728948414005,0.8128271368388748,292.25240478515633,259.26330055999784,-0.11287881189347196,0.7113425925925926,1480.99824556249,26.880194328288333,0.34180359765202284
0.906,1481.2896724187135,38.48752619250442,26.883505061780166,3.2593974092677427,0.7396777329756635,0.8127658212964,292.25240478515633,259.2244318176272,-0.11301180906213247,0.7113425925925926,1481.2896724187135,26.883505061780166,0.3418349107765939
0.907,1481.5815312412296,38.49131760853647,26.886821912467123,3.257184771803104,0.739626441623443,0.8127058247642841,292.25240478515633,259.21323446960474,-0.11305012302581288,0.7113425925925926,1481.5815312412296,26.886821912467123,0.3418662856321658
0.908,1481.8738220300395,38.49511426181301,26.890142567668175,3.2549721343384657,0.7395750743573437,0.8126395815679027,292.25240478515633,259.2020371215823,-0.11308843698949328,0.7113425925925926,1481.8738220300395,26.890142567668175,0.3418977067960399
0.909,1482.1665447851415,38.498916150784574,26.893464859096497,3.2527594968738263,0.7395236311773659,0.8125758740280574,292.25240478515633,259.19083977355984,-0.11312675095317369,0.7109465401527424,1482.1665447851415,26.893464859096497,0.3419291598080541
0.91,1482.4596995065367,38.50272327390021,26.896798277205956,3.250546859409186,0.7394721120835089,0.8125150213828758,292.25240478515633,259.17964242553734,-0.11316506491685428,0.7109465401527424,1482.4596995065367,26.896798277205956,0.34196070792609223
0.911,1482.753286194225,38.50653562960741,26.900139516730828,3.2483342219445475,0.7394205170757733,0.8124534129812757,292.25240478515633,259.1684450775149,-0.1132033788805347,0.7109465401527424,1482.753286194225,26.900139516730828,0.34199232911079197
0.912,1483.0473048482063,38.51035321635217,26.90348228671042,3.2461215844799085,0.7393688461541589,0.8123920576093174,292.25240478515633,259.1572477294924,-0.11324169284421529,0.7107151122425365,1483.0473048482063,26.90348228671042,0.34202398141991586
0.913,1483.3417554684802,38.514176032578966,26.906825056690018,3.2439089470152687,0.7393170993186656,0.812324003917994,292.25240478515633,259.14605038146993,-0.11328000680789568,0.7105506709856548,1483.3417554684802,26.906825056690018,0.34205565464511467
0.914,1483.6366380550476,38.51800407673076,26.910167826669607,3.241696309550629,0.7392652765692935,0.8122582827207199,292.25240478515633,259.13485303344754,-0.1133183207715759,0.7105506709856548,1483.6366380550476,26.910167826669607,0.3420873487801607
0.915,1483.931952607908,38.521837347249004,26.9135105966492,3.23948367208599,0.7392133779060427,0.8121957905823803,292.25240478515633,259.12365568542504,-0.11335663473525649,0.7107151122425365,1483.931952607908,26.9135105966492,0.34211906381882057
0.916,1484.227699127061,38.52567584257363,26.916853366628793,3.237271034621351,0.739161403328913,0.8121327063619058,292.25240478515633,259.11245833740253,-0.1133949486989371,0.7107151122425365,1484.227699127061,26.916853366628793,0.34215079975485424
0.917,1484.523877612507,38.529519561143076,26.92019613660839,3.2350583971567115,0.7391093528379046,0.8120618644662129,292.25240478515633,259.1012609893801,-0.1134332626626175,0.7107820453493753,1484.523877612507,26.92019613660839,0.34218255658201624
0.918,1484.8204880642465,38.5333685013943,26.92353890658798,3.232845759692072,0.7390572264330173,0.8120000143373898,292.25240478515633,259.09006364135763,-0.11347157662629791,0.7107820453493753,1484.8204880642465,26.92353890658798,0.3422143342940549
0.919,1485.1175304822782,38.53722266176272,26.926881676567568,3.230633122227433,0.7390050241142512,0.8119417699411897,292.25240478515633,259.0788662933352,-0.1135098905899783,0.710617626648161,1485.1175304822782,26.926881676567568,0.34224613288471245
0.92,1485.4150048666033,38.5410820406823,26.93022444654716,3.2284204847627933,0.7389527458816063,0.811876028427667,292.25240478515633,259.06766894531273,-0.11354820455365872,0.7102220166512488,1485.4150048666033,26.93022444654716,0.3422779523477253
0.921,1485.7129112172213,38.544946636585465,26.933568978012573,3.2262078472981544,0.7389003917350827,0.8118099298339922,292.25240478515633,259.0564715972903,-0.11358651851733911,0.7097594819611471,1485.7129112172213,26.933568978012573,0.3423098044190221
0.922,1486.0112495341325,38.5488164479032,26.936914984783332,3.2239952098335154,0.7388479616746801,0.8117419421704766,292.25240478515633,259.0452742492678,-0.11362483248101972,0.7099236641221374,1486.0112495341325,26.936914984783332,0.34234168718462654
0.923,1486.3100198173365,38.55269147306497,26.940268890681843,3.221782572368876,0.7387954557003988,0.8116718196546778,292.25240478515633,259.0340769012453,-0.11366314644470012,0.7099236641221374,1486.3100198173365,26.940268890681843,0.3423736434599457
0.924,1486.6092220668336,38.556571710498766,26.943629155684118,3.2195699349042366,0.7387428738122387,0.8116060128561349,292.25240478515633,259.0228795532229,-0.11370146040838053,0.7097594819611471,1486.6092220668336,26.943629155684118,0.3424056629727749
0.925,1486.9088562826232,38.56045715863108,26.9469977286269,3.2173572974395976,0.7386902160101998,0.8115387197593878,292.25240478515633,259.01168220520043,-0.11373977437206093,0.7097594819611471,1486.9088562826232,26.9469977286269,0.3424377587079149
0.926,1487.2089224647063,38.564347815886975,26.950367611488574,3.215144659974958,0.738637482294282,0.8114686518886769,292.25240478515633,259.0004848571779,-0.11377808833574153,0.7097594819611471,1487.2089224647063,26.950367611488574,0.34246988400972206
0.927,1487.509420613082,38.568243680689974,26.953737494350246,3.212932022510319,0.7385846726644856,0.8114001627229805,292.25240478515633,258.9892875091555,-0.11381640229942193,0.7097594819611471,1487.509420613082,26.953737494350246,0.3425020301398722
0.928,1487.8103507277513,38.572144751462176,26.95710737721192,3.21071938504568,0.7385317871208102,0.8113352562032612,292.25240478515633,258.97809016113297,-0.11385471626310253,0.7099236641221374,1487.8103507277513,26.95710737721192,0.34253419709205424
0.929,1488.1117128087126,38.576051026624185,26.96047726007359,3.2085067475810396,0.7384788256632562,0.8112654355202668,292.25240478515633,258.9668928131106,-0.11389303022678274,0.7099236641221374,1488.1117128087126,26.96047726007359,0.3425663848599511
0.93,1488.4135068559679,38.57996250459515,26.963847142935265,3.2062941101164006,0.7384257882918233,0.8112003059835454,292.25240478515633,258.95569546508807,-0.11393134419046333,0.7095282146160962,1488.4135068559679,26.963847142935265,0.3425985934372402
0.931,1488.7157328695157,38.58387918379275,26.96722291142636,3.204081472651761,0.7383726750065115,0.8111276761375219,292.25240478515633,258.9444981170656,-0.11396965815414374,0.7091329479768786,1488.7157328695157,26.96722291142636,0.3426308620516457
0.932,1489.0183908493564,38.587801062633204,26.9706000952466,3.2018688351871223,0.738319485807321,0.8110613931317325,292.25240478515633,258.9333007690431,-0.11400797211782433,0.7087378640776699,1489.0183908493564,26.9706000952466,0.34266316089747173
0.933,1489.3214807954903,38.59172813953128,26.973977279066848,3.199656197722483,0.7382662206942516,0.8109933241429964,292.25240478515633,258.92210342102067,-0.11404628608150474,0.7087378640776699,1489.3214807954903,26.973977279066848,0.34269548053368626
0.934,1489.625002707917,38.59566041290027,26.977354462887085,3.197443560257844,0.7382128796673035,0.8109281359862692,292.25240478515633,258.9109060729982,-0.11408460004518514,0.7087378640776699,1489.625002707917,26.977354462887085,0.34272782095394283
0.935,1489.9289565866366,38.599597881152036,26.980732175207784,3.195230922793205,0.7381594627264765,0.810864997522214,292.25240478515633,258.89970872497577,-0.11412291400886555,0.7087378640776699,1489.9289565866366,26.980732175207784,0.3427601856749138
0.936,1490.2333424316491,38.603540542696976,26.984115389022577,3.193018285328565,0.7381059698717708,0.810798979229917,292.25240478515633,258.8885113769533,-0.11416122797254595,0.7087378640776699,1490.2333424316491,26.984115389022577,0.34279260784059495
0.937,1490.538160242955,38.60748839594406,26.987501978734905,3.1908056478639253,0.7380524011031863,0.8107351938178102,292.25240478515633,258.8773140289308,-0.11419954193622656,0.7087378640776699,1490.538160242955,26.987501978734905,0.34282507327523454
0.9380000000000001,1490.8434100205536,38.61144143930078,26.99088882616238,3.1885930103992868,0.7379987564207229,0.810663682128324,292.25240478515633,258.86611668090836,-0.11423785589990695,0.7085740697943148,1490.8434100205536,26.99088882616238,0.3428575611864222
0.9390000000000001,1491.1490917644455,38.61539967117323,26.99428216865112,3.1863803729346465,0.7379450358243806,0.8105923447731288,292.25240478515633,258.8549193328859,-0.11427616986358737,0.7085740697943148,1491.1490917644455,26.99428216865112,0.34289011314640633
0.9400000000000001,1491.45520547463,38.61936308996602,26.997680422365757,3.1841677354700084,0.7378912393141597,0.8105310199156944,292.25240478515633,258.84372198486346,-0.11431448382726776,0.7084103512014788,1491.45520547463,26.997680422365757,0.34292271859083884
0.9410000000000001,1491.7617511511078,38.623331694082374,27.001079633922,3.181955098005368,0.73783736689006,0.8104625713222694,292.25240478515633,258.83252463684096,-0.11435279779094837,0.7084103512014788,1491.7617511511078,27.001079633922,0.3429553511597731
0.9420000000000001,1492.0687287938783,38.62730548192403,27.004480914657677,3.1797424605407296,0.7377834185520813,0.8103882244922581,292.25240478515633,258.8213272888185,-0.11439111175462877,0.7084103512014788,1492.0687287938783,27.004480914657677,0.342988018255079
0.9430000000000001,1492.3761384029417,38.63128445189134,27.007885015679033,3.17752982307609,0.737729394300224,0.8103239958767712,292.25240478515633,258.810129940796,-0.11442942571830937,0.7084103512014788,1492.3761384029417,27.007885015679033,0.3430207248772898
0.9440000000000001,1492.683979978298,38.63526860238321,27.011295638429164,3.1753171856114513,0.7376752941344877,0.8102600646373622,292.25240478515633,258.7989325927736,-0.11446773968198957,0.7084103512014788,1492.683979978298,27.011295638429164,0.3430534956941028
0.9450000000000001,1492.9922535199476,38.63925793179713,27.01470794053615,3.1731045481468114,0.7376211180548728,0.8101917893142354,292.25240478515633,258.78773524475116,-0.11450605364566997,0.7085740697943148,1492.9922535199476,27.01470794053615,0.34308629841948934
0.9460000000000001,1493.3009590278903,38.64325243852917,27.018121385979683,3.1708919106821725,0.737566866061379,0.8101224248032937,292.25240478515633,258.77653789672866,-0.11454436760935058,0.7085740697943148,1493.3009590278903,27.018121385979683,0.34311912947388185
0.9470000000000001,1493.6100965021255,38.64725212097395,27.021539148081228,3.1686792732175335,0.7375125381540064,0.8100592277794587,292.25240478515633,258.7653405487062,-0.11458268157303098,0.7085740697943148,1493.6100965021255,27.021539148081228,0.3431520100044617
0.9480000000000001,1493.919665942654,38.65125697752473,27.024958251596033,3.166466635752894,0.737458134332755,0.8099838317517185,292.25240478515633,258.75414320068376,-0.11462099553671139,0.7084103512014788,1493.919665942654,27.024958251596033,0.34318492017159474
0.9490000000000001,1494.2296673494752,38.65526700657331,27.02837766005611,3.1642539982882547,0.7374036545976248,0.809914866559454,292.25240478515633,258.7429458526613,-0.11465930950039178,0.7080831408775982,1494.2296673494752,27.02837766005611,0.34321785305967434
0.9500000000000001,1494.54010072259,38.65928220651012,27.031798916954394,3.1620413608236153,0.7373490989486158,0.8098449125360214,292.25240478515633,258.7317485046388,-0.11469762346407239,0.707852193995381,1494.54010072259,27.031798916954394,0.343250818951304
0.9510000000000001,1494.8509660619973,38.663302575724146,27.03522335760837,3.159828723358976,0.737294467385728,0.8097769934298072,292.25240478515633,258.72055115661635,-0.11473593742775279,0.707852193995381,1494.8509660619973,27.03522335760837,0.3432838267413682
0.9520000000000001,1495.1622633676975,38.66732811260299,27.038648007939475,3.157616085894337,0.7372397599089613,0.809708490331822,292.25240478515633,258.7093538085939,-0.1147742513914332,0.707688755483722,1495.1622633676975,27.038648007939475,0.3433168565979841
0.9530000000000001,1495.4739926396908,38.671358815532855,27.042076216731548,3.1554034484296976,0.737184976518316,0.8096405025277789,292.25240478515633,258.70279213409435,-0.11479670347186817,0.707688755483722,1495.4739926396908,27.042076216731548,0.34334993083794463
0.9540000000000001,1495.7861538779769,38.67539468289854,27.045506470338303,3.1531908109650573,0.7371301172137917,0.8095625168207511,292.25240478515633,258.7043489898683,-0.11479137637875113,0.707688755483722,1495.7861538779769,27.045506470338303,0.34338303936470843
0.9550000000000001,1496.0987470825564,38.679435713083464,27.04893850521069,3.1509781735004188,0.7370751819953887,0.8094951650236966,292.25240478515633,258.70590584564223,-0.11478604928563428,0.7073621047772906,1496.0987470825564,27.04893850521069,0.34341618041497174
0.9560000000000001,1496.4117722534286,38.68348190446962,27.05237345776963,3.148765536035779,0.7370201708631068,0.8094273035738718,292.25240478515633,258.7074627014161,-0.11478072219251763,0.7073621047772906,1496.4117722534286,27.05237345776963,0.3434493615577314
0.9570000000000001,1496.725229390594,38.68753325543765,27.055808661781366,3.1465528985711404,0.7369650838169461,0.8093587431407028,292.25240478515633,258.70901955719006,-0.11477539509940059,0.7073621047772906,1496.725229390594,27.055808661781366,0.3434825650131935
0.9580000000000001,1497.0391184940522,38.69158976436678,27.059243865793096,3.1443402611065006,0.7369099208569068,0.8092970472106006,292.25240478515633,258.710576412964,-0.11477006800628374,0.7073621047772906,1497.0391184940522,27.059243865793096,0.3435157890986721
0.9590000000000001,1497.3534395638035,38.69565142963487,27.062679069804833,3.1421276236418616,0.7368546819829884,0.8092272524248008,292.25240478515633,258.7121332687379,-0.1147647409131669,0.7073621047772906,1497.3534395638035,27.062679069804833,0.3435490338076793
0.96,1497.6681925998473,38.6997182496184,27.06611786924006,3.139914986177223,0.7367993671951915,0.8091592702619295,292.25240478515633,258.7136901245118,-0.11475941382005005,0.7073621047772906,1497.6681925998473,27.06611786924006,0.34358232310108794
0.961,1497.9833776021849,38.70379022269247,27.06955911227131,3.1377023487125837,0.7367439764935155,0.8090969945960296,292.25240478515633,258.7152469802857,-0.1147540867269332,0.7073621047772906,1497.9833776021849,27.06955911227131,0.3436156492942294
0.962,1498.2989945708148,38.70786734723078,27.073002404405475,3.1354897112479447,0.736688509877961,0.8090286613956845,292.25240478515633,258.7168038360596,-0.11474875963381635,0.7073621047772906,1498.2989945708148,27.073002404405475,0.3436490097508781
0.963,1498.615043505738,38.711949621605704,27.076446430377626,3.1332770737833044,0.7366329673485275,0.808953028037222,292.25240478515633,258.71836069183354,-0.1147434325406995,0.7071313177936764,1498.615043505738,27.076446430377626,0.3436823956968681
0.964,1498.931524406954,38.71603704418821,27.079890456349773,3.1310644363186655,0.7365773489052152,0.8088847231631882,292.25240478515633,258.7199175476075,-0.11473810544758246,0.7071313177936764,1498.931524406954,27.079890456349773,0.34371580223386394
0.965,1499.2484372744627,38.72012961334792,27.083334482321916,3.1288517988540265,0.7365216545480242,0.8088149430123142,292.25240478515633,258.7214744033814,-0.11473277835446562,0.7071313177936764,1499.2484372744627,27.083334482321916,0.34374922935534474
0.966,1499.5657821082648,38.72422732745309,27.086779116870076,3.126639161389387,0.7364658842769543,0.8087431910209543,292.25240478515633,258.7121820770264,-0.11476457390585502,0.706805074971165,1499.5657821082648,27.086779116870076,0.34378268111159815
0.967,1499.8835589083599,38.72833018487061,27.09022974788727,3.1244265239247473,0.7364100380920056,0.8086752420426276,292.25240478515633,258.69595966644295,-0.11482008212518131,0.7064114391143912,1499.8835589083599,27.09022974788727,0.34381619341219677
0.968,1500.2017676747478,38.732438183966,27.093681146928656,3.122213886460108,0.7363541159931781,0.808605466228028,292.25240478515633,258.6797372558594,-0.114875590344508,0.7061808118081181,1500.2017676747478,27.093681146928656,0.34384973139739244
0.969,1500.520408407429,38.73655132310347,27.097137166910088,3.12000124899547,0.7362981179804717,0.808532546895537,292.25240478515633,258.66191665802,-0.11493656708087559,0.7063437139561707,1500.520408407429,27.097137166910088,0.34388332074447264
0.97,1500.839481106403,38.740669600645816,27.100599980010376,3.1177886115308295,0.7362420440538866,0.8084571944513698,292.25240478515633,258.60930348205574,-0.1151165935754495,0.7063437139561707,1500.839481106403,27.100599980010376,0.34391697592679804
0.971,1501.1589857716701,38.74479301495454,27.104068416159294,3.1155759740661906,0.7361858942134227,0.808385994531983,292.25240478515633,258.55669030609135,-0.1152966200700238,0.7061130334486736,1501.1589857716701,27.104068416159294,0.3439506891380384
0.972,1501.4789224032297,38.74892156438976,27.10753797848261,3.113363336601551,0.7361296684590801,0.8083200203853688,292.25240478515633,258.504077130127,-0.1154766465645981,0.7061130334486736,1501.4789224032297,27.10753797848261,0.34398443039512916
0.973,1501.7992910010826,38.75305524731028,27.111013025376366,3.111150699136911,0.7360733667908586,0.8082545372214542,292.25240478515633,258.49414392700197,-0.11551063500391412,0.7061130334486736,1501.7992910010826,27.111013025376366,0.3440182287449055
0.974,1502.1200915652287,38.757194062073545,27.114499823395416,3.1089380616722724,0.7360169892087582,0.8081793040248333,292.25240478515633,258.518716784668,-0.11542655406133263,0.7061130334486736,1502.1200915652287,27.114499823395416,0.3440521259541289
0.975,1502.4413240956671,38.76133800703566,27.117996435584136,3.106725424207634,0.7359605357127792,0.8081188638276042,292.25240478515633,258.543289642334,-0.11534247311875133,0.7061130334486736,1502.4413240956671,27.117996435584136,0.3440861091043309
0.976,1502.762988592399,38.765487080551424,27.121493122565113,3.104512786742994,0.7359040063029212,0.808051448472009,292.25240478515633,258.5642541870118,-0.11527073874006181,0.7061130334486736,1502.762988592399,27.121493122565113,0.34412011326550085
0.977,1503.0850850554239,38.76964128097426,27.124990222465108,3.102300149278355,0.7358474009791844,0.8079822934673624,292.25240478515633,258.57931323699955,-0.11521921119147298,0.7057874106525248,1503.0850850554239,27.124990222465108,0.3441541406850318
0.978,1503.4076134847417,38.773800606656316,27.12849225898731,3.1000875118137157,0.735790719741569,0.8079103565820798,292.25240478515633,258.5943722869874,-0.11516768364288396,0.7055568365229421,1503.4076134847417,27.12849225898731,0.3441882215116823
0.979,1503.7305738803523,38.777965055948364,27.131998587957963,3.0978748743490767,0.7357339625900746,0.8078436784132096,292.25240478515633,258.6094313369751,-0.11511615609429532,0.7055568365229421,1503.7305738803523,27.131998587957963,0.34422235144474495
0.98,1504.0539662422561,38.78213462719988,27.13551377050434,3.095662236884437,0.7356771295247014,0.8077648233634642,292.25240478515633,258.62449038696286,-0.1150646285457065,0.705719557195572,1504.0539662422561,27.13551377050434,0.34425656088243917
0.981,1504.377790570453,38.786309318759024,27.139029804836213,3.093449599419797,0.7356202205454494,0.8076900061681316,292.25240478515633,258.63236134490967,-0.11503769649033951,0.705719557195572,1504.377790570453,27.139029804836213,0.3442907964776163
0.982,1504.702046864942,38.79048912897261,27.142548966822744,3.0912369619551585,0.7355632356523188,0.807619805579318,292.25240478515633,258.6270197784424,-0.11505597372734362,0.705719557195572,1504.702046864942,27.142548966822744,0.344325073394781
0.983,1505.0267351257253,38.79467405618618,27.14607288661541,3.089024324490519,0.7355061748453091,0.8075492726431767,292.25240478515633,258.6216782119751,-0.11507425096434774,0.7053262623933595,1505.0267351257253,27.14607288661541,0.34435940249402974
0.984,1505.3518553528006,38.79886409874393,27.149599213446677,3.0868116870258793,0.7354490381244209,0.8074809994881872,292.25240478515633,258.61633664550783,-0.11509252820135185,0.7053262623933595,1505.3518553528006,27.149599213446677,0.3443937680983447
0.985,1505.6774075461694,38.80305925498877,27.15312585042893,3.0845990495612403,0.7353918254896536,0.8074058785729678,292.25240478515633,258.61099507904055,-0.11511080543835596,0.7053262623933595,1505.6774075461694,27.15312585042893,0.344428156223086
0.986,1506.0033917058308,38.80725952326228,27.156652487411172,3.082386412096602,0.7353345369410078,0.8073244680723969,292.25240478515633,258.6056535125733,-0.11512908267535987,0.7051636698939604,1506.0033917058308,27.156652487411172,0.3444625647941303
0.987,1506.3298078317855,38.81146490190476,27.16017912439342,3.080173774631962,0.735277172478483,0.807248802934664,292.25240478515633,258.60031194610605,-0.11514735991236398,0.7051636698939604,1506.3298078317855,27.16017912439342,0.34449699380483945
0.988,1506.6566559240332,38.81567538925522,27.163706150874173,3.0779611371673226,0.7352197321020794,0.8071735162774006,292.25240478515633,258.59497037963877,-0.1151656371493681,0.7051636698939604,1506.6566559240332,27.163706150874173,0.34453144584499673
0.989,1506.9839359825735,38.81989098365133,27.16723504406442,3.0757484997026827,0.735162215811797,0.8071046485509334,292.25240478515633,258.58912185821544,-0.11518564903405261,0.7053262623933595,1506.9839359825735,27.16723504406442,0.34456593075515424
0.99,1507.311648007407,38.8241116834295,27.170771541544998,3.073535862238044,0.7351046236076358,0.80703510328159,292.25240478515633,258.57799363708506,-0.11522372646625906,0.7053262623933595,1507.311648007407,27.170771541544998,0.34460048677580823
0.991,1507.6397919985336,38.82833748692485,27.17431315800014,3.0713232247734044,0.7350469554895958,0.806961079202892,292.25240478515633,258.5668654159547,-0.1152618038984655,0.7053262623933595,1507.6397919985336,27.17431315800014,0.344635097332996
0.992,1507.968367955953,38.832568392471195,27.17785477445527,3.0691105873087654,0.734989211457677,0.8068871336589417,292.25240478515633,258.5557371948243,-0.11529988133067194,0.7053262623933595,1507.968367955953,27.17785477445527,0.3446697282965796
0.993,1508.2973758796652,38.83680439840108,27.181399831639535,3.066897949844126,0.7349313915118795,0.8068206789487308,292.25240478515633,258.544608973694,-0.1153379587628782,0.7051636698939604,1508.2973758796652,27.181399831639535,0.34470440259605195
0.994,1508.6268157696707,38.841045503045756,27.18494593012775,3.0646853123794875,0.7348734956522031,0.80674945809076,292.25240478515633,258.57245766601574,-0.11524266889745441,0.7051636698939604,1508.6268157696707,27.18494593012775,0.3447391042299878
0.995,1508.956687625969,38.845291704735196,27.188493984233126,3.0624726749148476,0.7348155238786479,0.8066749011521933,292.25240478515633,258.6023145751954,-0.11514050751677521,0.7050011523392486,1508.956687625969,27.188493984233126,0.3447738392865893
0.996,1509.2869914485605,38.84954300179811,27.192044966565398,3.060260037450208,0.7347574761912139,0.8066048099338566,292.25240478515633,258.63217148437514,-0.1150383461360958,0.7048387096774194,1509.2869914485605,27.192044966565398,0.34480861424266196
0.997,1509.6177272374446,38.85379939256192,27.195600461797497,3.0580473999855684,0.734699352589901,0.8065316091048852,292.25240478515633,258.6620283935548,-0.11493618475541659,0.7048387096774194,1509.6177272374446,27.195600461797497,0.3448434396550665
0.998,1509.948894992622,38.85806087535277,27.19916186234814,3.055834762520931,0.7346411530747095,0.8064572341091655,292.25240478515633,258.6918853027344,-0.11483402337473758,0.7048387096774194,1509.948894992622,27.19916186234814,0.3448783247990771
0.999,1510.2804947140924,38.86232744849557,27.202723920273073,3.0536221250562905,0.734582877645639,0.8063756352416371,292.25240478515633,258.72174221191415,-0.11473186199405817,0.7048387096774194,1510.2804947140924,27.202723920273073,0.3449132346847986
1.0,1510.6125264018556,38.86659911031393,27.206285978198014,3.0514094875916515,0.7345245263026898,0.8062995231746033,292.25240478515633,258.7515991210938,-0.11462970061337896,0.7048387096774194,1510.6125264018556,27.206285978198014,0.3449481649234192
