loss,mae,mse,rmse,r2
0.0008887680596671999,0.015646092257621504,0.0006060953037497665,0.024619002899178646,0.8984302744044693
