loss,mae,mse,rmse,r2
0.0008771534194238484,0.015213051673298613,0.0005992231987986948,0.024479035904191464,0.899581904865596
