loss,mae,mse,rmse,r2
0.0007543019019067287,0.012795679561054827,0.0005211282365451468,0.022828233320718157,0.8879195523018828
