huber_weight,mse,rmse,mae,bias,r2,spearman_r,pctl_obs_mm,pctl_pred_mm,pctl_rel_bias,csi_50mm,mse_objective,mae_objective,balanced_objective
0.0,1394.3480019808599,37.3409694836765,25.364254721064,5.264046952230931,0.7549568867891839,0.8443056105026258,292.25240478515633,270.42062072753913,-0.07470181151688524,0.7370396434435843,1394.3480019808599,25.364254721064,0.33246691048121313
0.001,1394.0705315968512,37.33725393754676,25.361085645469373,5.256769158888497,0.7550056495131414,0.8443353581882339,292.25240478515633,270.3888758316041,-0.07481043302150002,0.7370396434435843,1394.0705315968512,25.361085645469373,0.3324115185850218
0.002,1393.7934768130497,37.33354358767795,25.357916569874735,5.249491365546065,0.7550543391994007,0.8443617727242466,292.25240478515633,270.3613456542969,-0.07490463302415674,0.7370396434435843,1393.7934768130497,25.357916569874735,0.33235614747203274
0.003,1393.5168376294553,37.32983843561951,25.354747494280105,5.242213572203631,0.7551029558479616,0.8443875826711849,292.25240478515633,270.34567906494146,-0.07495823939008875,0.7368050668543279,1393.5168376294553,25.354747494280105,0.33230079714844313
0.004,1393.2406140460682,37.32613848291929,25.351578418685474,5.234935778861198,0.7551514994588244,0.8444128318334502,292.25240478515633,270.330012475586,-0.07501184575602093,0.7369779446269357,1393.2406140460682,25.351578418685474,0.33224546762044393
0.005,1392.9648060628879,37.322443731123606,25.348409821325856,5.227657985518765,0.755199970031989,0.8444379609451554,292.25240478515633,270.3143458862305,-0.07506545212195313,0.7368050668543279,1392.9648060628879,25.348409821325856,0.33219016208217067
0.006,1392.6894136799153,37.31875418177723,25.345244193605915,5.220380192176332,0.7552483675674553,0.8444614453441132,292.25240478515633,270.298679296875,-0.07511905848788551,0.7369779446269357,1392.6894136799153,25.345244193605915,0.33213489714769495
0.007,1392.4144368971492,37.31506983642332,25.342086546667993,5.2131023988338985,0.7552966920652233,0.8444887875818698,292.25240478515633,270.28301270751956,-0.0751726648538175,0.7371509035437691,1392.4144368971492,25.342086546667993,0.3320797062278446
0.008,1392.1398757145907,37.31139069660351,25.338933190855975,5.205824605491466,0.7553449435252931,0.8445164483350421,292.25240478515633,270.2673461181641,-0.0752262712197497,0.7373239436619718,1392.1398757145907,25.338933190855975,0.33202456473325753
0.009000000000000001,1391.8657301322394,37.30771676385784,25.33578790547821,5.198546812149032,0.7553931219476647,0.8445400556352587,292.25240478515633,270.2516795288086,-0.07527987758568189,0.7373239436619718,1391.8657301322394,25.33578790547821,0.33196949786325
0.01,1391.592000150095,37.30404803972479,25.33264378288817,5.191269018806599,0.7554412273323381,0.8445652903232008,292.25240478515633,270.23601293945313,-0.07533348395161409,0.7373239436619718,1391.592000150095,25.33264378288817,0.3319144595770786
0.011,1391.3186857681576,37.30038452574125,25.32949999681879,5.183991225464166,0.7554892596793132,0.8445906144468024,292.25240478515633,270.22034635009766,-0.07538709031754627,0.7373239436619718,1391.3186857681576,25.32949999681879,0.33185944437293113
0.012,1391.0457869864279,37.29672622344256,25.32635874200816,5.1767134321217325,0.75553721898859,0.8446158265901326,292.25240478515633,270.2046797607422,-0.07544069668347847,0.7373239436619718,1391.0457869864279,25.32635874200816,0.33180446688723947
0.013000000000000001,1390.7733038049046,37.29307313436242,25.32321772346399,5.169435638779299,0.7555851052601686,0.8446413398435546,292.25240478515633,270.18901317138676,-0.07549430304941046,0.7374970650387415,1390.7733038049046,25.32321772346399,0.3317495118275447
0.014,1390.5012362235886,37.28942526003302,25.32007670491982,5.162157845436867,0.7556329184940491,0.8446680808448191,292.25240478515633,270.17334658203123,-0.07554790941534284,0.7374970650387415,1390.5012362235886,25.32007670491982,0.3316945776250049
0.015,1390.2295842424803,37.285782601984906,25.316938622129236,5.154880052094433,0.7556806586902312,0.8446892885792603,292.25240478515633,270.1521143188477,-0.07562055984639458,0.7374970650387415,1390.2295842424803,25.316938622129236,0.33163968385569836
0.016,1389.9583478615787,37.282145161747046,25.313807044206534,5.147602258751999,0.7557283258487151,0.8447135511587962,292.25240478515633,270.1278076416016,-0.07570372999948184,0.7374970650387415,1389.9583478615787,25.313807044206534,0.3315848543177276
0.017,1389.6875270808841,37.278512940846824,25.31067706227477,5.140324465409566,0.7557759199695008,0.8447374656920849,292.25240478515633,270.1035009643555,-0.07578690015256911,0.7374970650387415,1389.6875270808841,25.31067706227477,0.33153005629425475
0.018000000000000002,1389.4171219003972,37.27488594081003,25.307551717581667,5.133046672067133,0.7558234410525883,0.8447629726619241,292.25240478515633,270.0791942871093,-0.07587007030565657,0.7372622681380606,1389.4171219003972,25.307551717581667,0.3314753100645709
0.019,1389.1471323201167,37.27126416316083,25.304426844724272,5.125768878724699,0.7558708890979775,0.8447855785838825,292.25240478515633,270.0548876098633,-0.07595324045874363,0.7372622681380606,1389.1471323201167,25.304426844724272,0.3314205878678795
0.02,1388.8775583400438,37.26764760942182,25.301301971866884,5.118491085382265,0.7559182641056684,0.8448073050049991,292.25240478515633,270.03058093261717,-0.0760364106118309,0.7372622681380606,1388.8775583400438,25.301301971866884,0.3313658865649776
0.021,1388.608399960178,37.26403628111397,25.298177099009493,5.111213292039833,0.7559655660756611,0.8448294396582455,292.25240478515633,270.0062742553711,-0.07611958076491797,0.7376086445853888,1388.608399960178,25.298177099009493,0.3313112061619486
0.022,1388.3396571805195,37.26043017975664,25.2950522261521,5.103935498697401,0.7560127950079556,0.8448555108657169,292.25240478515633,269.981967578125,-0.07620275091800523,0.7376086445853888,1388.3396571805195,25.2950522261521,0.33125654666486926
0.023,1388.071330001068,37.256829306867594,25.291927353294707,5.096657705354967,0.7560599509025518,0.8448758977795481,292.25240478515633,269.9576609008789,-0.07628592107109249,0.7376086445853888,1388.071330001068,25.291927353294707,0.3312019080798102
0.024,1387.8034184218234,37.253233663962966,25.28880248043732,5.089379912012534,0.7561070337594498,0.8449022706391456,292.25240478515633,269.9333542236329,-0.07636909122417956,0.7376086445853888,1387.8034184218234,25.28880248043732,0.33114729041283547
0.025,1387.535922442786,37.24964325255728,25.28568104387417,5.0821021186701,0.7561540435786496,0.8449242112039617,292.25240478515633,269.9090475463868,-0.07645226137726682,0.7376086445853888,1387.535922442786,25.28568104387417,0.3310927165766013
0.026000000000000002,1387.2688420639558,37.24605807416344,25.282579143294306,5.074824325327667,0.7562009803601512,0.8449465059380052,292.25240478515633,269.88474086914067,-0.07653543153035408,0.7376086445853888,1387.2688420639558,25.282579143294306,0.33103829389891
0.027,1387.0021772853327,37.24247813029274,25.27947779255347,5.067546531985235,0.7562478441039544,0.8449705960904075,292.25240478515633,269.86043419189457,-0.07661860168344134,0.7376086445853888,1387.0021772853327,25.27947779255347,0.33098389582272497
0.028,1386.735928106917,37.23890342245482,25.276382844483607,5.060268738642801,0.7562946348100594,0.8449939675454771,292.25240478515633,269.8361275146485,-0.07670177183652842,0.7377819548872181,1386.735928106917,25.276382844483607,0.3309295613695071
0.029,1386.4700945287084,37.2353339521577,25.273293091990332,5.052990945300367,0.7563413524784662,0.8450168126852403,292.25240478515633,269.8118208374024,-0.07678494198961568,0.7379553466509988,1386.4700945287084,25.273293091990332,0.33087528249870485
0.03,1386.2046765507066,37.2317697209078,25.27020382105038,5.045713151957935,0.7563879971091748,0.8450355301936502,292.25240478515633,269.78751416015626,-0.07686811214270313,0.7379553466509988,1386.2046765507066,25.27020382105038,0.330821027792306
0.031,1385.939674172912,37.22821073020985,25.267114595918752,5.0384353586155015,0.7564345687021852,0.8450608543172518,292.25240478515633,269.76320748291016,-0.0769512822957904,0.7381288199341796,1385.939674172912,25.267114595918752,0.33076679435161954
0.032,1385.675087395325,37.224656981567,25.264029597494513,5.031157565273068,0.7564810672574973,0.8450857973706645,292.25240478515633,269.7389008056641,-0.07703445244887747,0.7381288199341796,1385.675087395325,25.264029597494513,0.33071261005284874
0.033,1385.4109162179445,37.221108476480715,25.260946346636374,5.023879771930634,0.7565274927751111,0.8451092926504589,292.25240478515633,269.714594128418,-0.07711762260196472,0.7378937470615891,1385.4109162179445,25.260946346636374,0.33065845837585434
0.034,1385.1471606407715,37.21756521645084,25.25786719030675,5.016601978588202,0.7565738452550268,0.845140994289421,292.25240478515633,269.6902874511719,-0.07720079275505198,0.7378937470615891,1385.1471606407715,25.25786719030675,0.33060435497166535
0.035,1384.8838206638056,37.21402720297557,25.25479191876567,5.009324185245768,0.7566201246972442,0.845166118362215,292.25240478515633,269.66598077392587,-0.07728396290813906,0.7378937470615891,1384.8838206638056,25.25479191876567,0.3305502984481313
0.036000000000000004,1384.620896287047,37.210494437551446,25.25171758549177,5.002046391903335,0.7566663311017633,0.8451887939255434,292.25240478515633,269.64167409667976,-0.07736713306122632,0.738005644402634,1384.620896287047,25.25171758549177,0.33049626916950237
0.037,1384.3583875104953,37.206966921673356,25.24864513782627,4.994768598560902,0.7567124644685842,0.8452177855134522,292.25240478515633,269.61736741943366,-0.07745030321431358,0.7381792519407199,1384.3583875104953,25.24864513782627,0.33044227345680616
0.038,1384.0962943341506,37.20344465683454,25.245576693573145,4.987490805218468,0.7567585247977069,0.8452385741148511,292.25240478515633,269.59306074218756,-0.07753347336740084,0.7381792519407199,1384.0962943341506,25.245576693573145,0.3303883254334576
0.039,1383.8346167580132,37.19992764452658,25.242531528701797,4.980213011876035,0.7568045120891314,0.845263829078891,292.25240478515633,269.5687540649415,-0.07761664352048792,0.7383529411764705,1383.8346167580132,25.242531528701797,0.33033455360049996
0.04,1383.573354782083,37.1964158862394,25.239499304950716,4.972935218533602,0.7568504263428575,0.8452879693594283,292.25240478515633,269.5444473876954,-0.07769981367357517,0.7383529411764705,1383.573354782083,25.239499304950716,0.3302808890482552
0.041,1383.31250840636,37.19290938346125,25.23646708119964,4.96565742519117,0.7568962675588854,0.8453119696947393,292.25240478515633,269.52814839172373,-0.07775558394511037,0.7385882352941177,1383.31250840636,25.23646708119964,0.3302272455161841
0.042,1383.052077630844,37.18940813767872,25.233438295410526,4.958379631848736,0.7569420357372152,0.8453349182024514,292.25240478515633,269.52508462524423,-0.0777660672343129,0.7387620616615674,1383.052077630844,25.233438295410526,0.33017364592794846
0.043000000000000003,1382.7920624555352,37.18591215037672,25.2304168318652,4.951101838506304,0.7569877308778465,0.8453623833816176,292.25240478515633,269.53962875976566,-0.07771630157188107,0.7387620616615674,1382.7920624555352,25.2304168318652,0.33012011618240517
0.044,1382.5324628804335,37.18242142303851,25.227398447335712,4.943824045163869,0.7570333529807798,0.8453855452099401,292.25240478515633,269.55757817382823,-0.07765488406506614,0.7389359698681732,1382.5324628804335,25.227398447335712,0.33006662799980674
0.045,1382.273278905539,37.17893595714567,25.224380062806226,4.936546251821436,0.7570789020460148,0.8454079680246815,292.25240478515633,269.5755275878907,-0.07759346655825161,0.7389359698681732,1382.273278905539,25.224380062806226,0.33001316086112525
0.046,1382.0145105308513,37.17545575417807,25.22136526097354,4.929268458479004,0.7571243780735516,0.8454281149578448,292.25240478515633,269.5934770019532,-0.07753204905143687,0.7391099599717448,1382.0145105308513,25.22136526097354,0.32995973865480893
0.047,1381.7561577563715,37.17198081561395,25.21835843551137,4.92199066513657,0.7571697810633901,0.8454499974045385,292.25240478515633,269.61142641601566,-0.07747063154462235,0.7391099599717448,1381.7561577563715,25.21835843551137,0.32990639067533334
0.048,1381.4982205820984,37.16851114292982,25.215354725033087,4.914712871794136,0.7572151110155303,0.8454714308460778,292.25240478515633,269.6293758300782,-0.07740921403780761,0.7391099599717448,1381.4982205820984,25.215354725033087,0.329853084522231
0.049,1381.2406990080322,37.165046737600534,25.212352901857734,4.907435078451704,0.7572603679299724,0.8454951464929286,292.25240478515633,269.6473252441407,-0.07734779653099287,0.7391099599717448,1381.2406990080322,25.212352901857734,0.3297998120175862
0.05,1380.9835930341733,37.16158760109925,25.209353873993937,4.90015728510927,0.7573055518067162,0.8455162976550489,292.25240478515633,269.66527465820315,-0.07728637902417834,0.7391099599717448,1380.9835930341733,25.209353873993937,0.32974657922014555
0.051000000000000004,1380.7269026605218,37.15813373489742,25.20635484613015,4.892879491766838,0.7573506626457618,0.845540275445748,292.25240478515633,269.68322407226566,-0.0772249615173636,0.7391099599717448,1380.7269026605218,25.20635484613015,0.32969336750203515
0.052000000000000005,1380.470627887077,37.154685140464814,25.20335765452446,4.885601698424404,0.7573957004471091,0.8455623984352194,292.25240478515633,269.7011734863282,-0.07716354401054888,0.7391099599717448,1380.470627887077,25.20335765452446,0.32964018910976955
0.053,1380.2147687138395,37.15124181926951,25.20036872626624,4.87832390508197,0.7574406652107583,0.8455867747014313,292.25240478515633,269.71912290039063,-0.07710212650373434,0.7391099599717448,1380.2147687138395,25.20036872626624,0.32958708689268695
0.054,1379.9593251408094,37.14780377277786,25.19738204906966,4.871046111739537,0.757485556936709,0.8456114449309123,292.25240478515633,269.73707231445314,-0.07704070899691962,0.7388744996468095,1379.9593251408094,25.19738204906966,0.3295340207782978
0.055,1379.7042971679862,37.14437100245455,25.19439804195805,4.8637683183971046,0.7575303756249616,0.8456329290024702,292.25240478515633,269.75502172851566,-0.07697929149010488,0.7390485162505888,1379.7042971679862,25.19439804195805,0.3294809935657016
0.056,1379.4496847953699,37.14094350976251,25.19141403484644,4.856490525054671,0.7575751212755161,0.8456575634175368,292.25240478515633,269.7729711425781,-0.07691787398329035,0.7388130004710316,1379.4496847953699,25.19141403484644,0.3294279874617602
0.057,1379.1954880229612,37.13752129616301,25.188430545391988,4.849212731712238,0.7576197938883722,0.8456793429780901,292.25240478515633,269.7824061035156,-0.07688559037917622,0.7388130004710316,1379.1954880229612,25.188430545391988,0.3293750059230602
0.058,1378.9417068507596,37.13410436311558,25.185452953308886,4.841934938369805,0.7576643934635301,0.8457014212999201,292.25240478515633,269.7848492675781,-0.07687723060515034,0.738751472320377,1378.9417068507596,25.185452953308886,0.329322084817023
0.059000000000000004,1378.688341278765,37.13069271207804,25.18247800078518,4.8346571450273705,0.7577089200009897,0.8457271598388579,292.25240478515633,269.7872924316406,-0.07686887083112465,0.738751472320377,1378.688341278765,25.18247800078518,0.329269202432657
0.06,1378.4353913069774,37.12728634450648,25.179503048261477,4.827379351684939,0.7577533735007511,0.8457523464865007,292.25240478515633,269.7897355957032,-0.07686051105709855,0.7389255419415646,1378.4353913069774,25.179503048261477,0.3292163411802828
0.061,1378.182856935397,37.1238852618553,25.17653030936051,4.820101558342513,0.7577977539628143,0.845775646894926,292.25240478515633,269.79217875976565,-0.07685215128307286,0.7389255419415646,1378.182856935397,25.17653030936051,0.32916351582189457
0.062,1377.930738164024,37.120489465577144,25.173560930404488,4.812823765000072,0.7578420613871792,0.8457984964311898,292.25240478515633,269.7946219238282,-0.07684379150904698,0.7389255419415646,1377.930738164024,25.173560930404488,0.32911073400477364
0.063,1377.679034992858,37.117098957122955,25.170593673298217,4.805545971657647,0.7578862957738459,0.8458186266616663,292.25240478515633,269.79706508789064,-0.07683543173502128,0.7389255419415646,1377.679034992858,25.170593673298217,0.3290579874814864
0.064,1377.4277474218989,37.11371373794192,25.167629087212624,4.798268178315206,0.7579304571228145,0.845839948946023,292.25240478515633,269.7884836181641,-0.07686479494841505,0.7390996936130096,1377.4277474218989,25.167629087212624,0.3290052799186443
0.065,1377.1768754511472,37.11033380948152,25.16466593665364,4.79099038497278,0.7579745454340846,0.8458600372792556,292.25240478515633,269.7782482757569,-0.07689981721765776,0.7392739273927392,1377.1768754511472,25.16466593665364,0.32895260308613933
0.066,1376.9264190806025,37.106959173187484,25.161702786094654,4.783712591630339,0.7580185607076566,0.8458799340535512,292.25240478515633,269.7680129333496,-0.07693483948690066,0.7392739273927392,1376.9264190806025,25.161702786094654,0.3288999474204243
0.067,1376.6763783102651,37.1035898305038,25.15873975176926,4.776434798287915,0.7580625029435304,0.8459049534534989,292.25240478515633,269.75777759094245,-0.07696986175614316,0.7392739273927392,1376.6763783102651,25.15873975176926,0.3288473137020968
0.068,1376.4267531401347,37.100225782872734,25.155784173763195,4.769157004945472,0.758106372141706,0.8459283109762795,292.25240478515633,269.7475422485352,-0.07700488402538606,0.7392739273927392,1376.4267531401347,25.155784173763195,0.32879475086649484
0.069,1376.1775435702116,37.09686703173479,25.15283662362863,4.761879211603048,0.7581501683021832,0.8459486681183748,292.25240478515633,269.73730690612797,-0.07703990629462877,0.7392739273927392,1376.1775435702116,25.15283662362863,0.3287422627293903
0.07,1375.928749600495,37.09351357852873,25.149901478548376,4.754601418260606,0.7581938914249623,0.8459698926759545,292.25240478515633,269.72707156372076,-0.07707492856387148,0.7394482433388352,1375.928749600495,25.149901478548376,0.32868987847517095
0.07100000000000001,1375.6803712309863,37.09016542469158,25.146967723335898,4.747323624918183,0.7582375415100431,0.8459977296304252,292.25240478515633,269.71683622131354,-0.07710995083311417,0.7396226415094339,1375.6803712309863,25.146967723335898,0.3286375246815136
0.07200000000000001,1375.4324084616846,37.08682257165859,25.144035838276768,4.74004583157574,0.7582811185574255,0.8460180637862511,292.25240478515633,269.7066008789063,-0.07714497310235707,0.7396226415094339,1375.4324084616846,25.144035838276768,0.3285852045557787
0.073,1375.18486129259,37.083485020863264,25.141104776867024,4.732768038233315,0.7583246225671099,0.846041858931466,292.25240478515633,269.69636553649906,-0.07717999537159978,0.7396226415094339,1375.18486129259,25.141104776867024,0.3285329111276251
0.074,1374.9377297237024,37.08015277373736,25.13817371545728,4.7254902448908815,0.758368053539096,0.8460694083668532,292.25240478515633,269.6861301940919,-0.07721501764084229,0.7396226415094339,1374.9377297237024,25.13817371545728,0.32848063891226953
0.075,1374.6910137550221,37.07682583171086,25.13524354451918,4.718212451548449,0.7584114114733838,0.8460920000152417,292.25240478515633,269.6758948516846,-0.07725003991008539,0.7396226415094339,1374.6910137550221,25.13524354451918,0.3284283938513833
0.076,1374.4447133865485,37.073504196212,25.13231955822777,4.710934658206016,0.7584546963699734,0.8461128886721575,292.25240478515633,269.6656595092774,-0.07728506217932789,0.7393867924528302,1374.4447133865485,25.13231955822777,0.32837621124205213
0.077,1374.1988286182825,37.070187868667226,25.129396398076782,4.703656864863582,0.7584979082288648,0.8461394234996342,292.25240478515633,269.6554241668702,-0.0773200844485706,0.7393867924528302,1374.1988286182825,25.129396398076782,0.3283240553697711
0.078,1373.9533594502236,37.066876850501224,25.12647599614818,4.696379071521149,0.7585410470500579,0.8461632615257851,292.25240478515633,269.64518882446293,-0.0773551067178135,0.7393867924528302,1373.9533594502236,25.12647599614818,0.32827193911964386
0.079,1373.7083058823719,37.06357114313692,25.12355731003801,4.689101278178716,0.7585841128335528,0.8461879528544533,292.25240478515633,269.6349534820557,-0.0773901289870562,0.7393867924528302,1373.7083058823719,25.12355731003801,0.32821985554861743
0.08,1373.4636679147272,37.06027074799545,25.120641061576443,4.681823484836283,0.7586271055793494,0.8462096384021685,292.25240478515633,269.62471813964845,-0.07742515125629909,0.7395612172682237,1373.4636679147272,25.120641061576443,0.3281678094741508
0.081,1373.2194455472895,37.05697566649617,25.11772939570625,4.674545691493849,0.7586700252874479,0.8462325670955155,292.25240478515633,269.61448279724124,-0.0774601735255418,0.739735724398301,1373.2194455472895,25.11772939570625,0.3281158152002724
0.082,1372.9756387800592,37.05368590005668,25.11482073263611,4.667267898151415,0.758712871957848,0.8462525998601945,292.25240478515633,269.6042474548341,-0.07749519579478431,0.7398489140698773,1372.9756387800592,25.11482073263611,0.328063862201643
0.083,1372.7322476130355,37.05040145009276,25.111912754285314,4.659990104808983,0.75875564559055,0.8462782671115842,292.25240478515633,269.59401211242675,-0.0775302180640274,0.7398489140698773,1372.7322476130355,25.111912754285314,0.3280119350314231
0.084,1372.4892720462196,37.04712231801844,25.10900477593451,4.65271231146655,0.7587983461855536,0.8463046918659471,292.25240478515633,269.5837767700196,-0.07756524033326992,0.7400236127508855,1372.4892720462196,25.10900477593451,0.327960029130877
0.085,1372.2467120796105,37.04384850524592,25.10610166076786,4.645434518124118,0.7588409737428591,0.8463254155035314,292.25240478515633,269.5735414276124,-0.07760026260251261,0.7400236127508855,1372.2467120796105,25.10610166076786,0.3279081769240084
0.08600000000000001,1372.0045677132086,37.040580013185654,25.103204236040924,4.638156724781683,0.7588835282624663,0.8463505125549113,292.25240478515633,269.5633060852051,-0.07763528487175551,0.7397874852420308,1372.0045677132086,25.103204236040924,0.3278563839310071
0.08700000000000001,1371.762838947014,37.03731684324627,25.100309906051898,4.630878931439251,0.7589260097443753,0.8463775437854314,292.25240478515633,269.5530707427979,-0.07767030714099822,0.7397874852420308,1371.762838947014,25.100309906051898,0.3278046328543615
0.088,1371.5215257810264,37.03405899683461,25.097416237152302,4.6236011380968165,0.758968418188586,0.8463981464891404,292.25240478515633,269.5428354003907,-0.07770532941024093,0.7395513577331759,1371.5215257810264,25.097416237152302,0.32775290747681257
0.089,1371.2806282152458,37.0308064753557,25.09452305968511,4.616323344754384,0.7590107535950985,0.8464235139955614,292.25240478515633,269.5326000579834,-0.07774035167948382,0.7395513577331759,1371.2806282152458,25.09452305968511,0.3277012066730334
0.09,1371.0401462496727,37.0275592802128,25.091629882217912,4.60904555141195,0.7590530159639127,0.8464454551827133,292.25240478515633,269.5223647155762,-0.07777537394872652,0.7395513577331759,1371.0401462496727,25.091629882217912,0.3276495271727106
0.091,1370.8000798843061,37.02431741280731,25.088740307481817,4.601767758069517,0.7590952052950288,0.8464727270363122,292.25240478515633,269.512129373169,-0.07781039621796923,0.7395513577331759,1370.8000798843061,25.088740307481817,0.327597892997529
0.092,1370.5604291191473,37.02108087453887,25.085858853806005,4.594489964727084,0.7591373215884466,0.8464974874040899,292.25240478515633,269.5018940307618,-0.07784541848721194,0.7395513577331759,1370.5604291191473,25.085858853806005,0.3275463342726123
0.093,1370.3211939541952,37.017849666805276,25.082980053241872,4.5872121713846505,0.7591793648441661,0.8465178284056083,292.25240478515633,269.4916586883545,-0.07788044075645484,0.7397260273972602,1370.3211939541952,25.082980053241872,0.3274948145537902
0.094,1370.0823743894505,37.01462379100253,25.080101252677736,4.579934378042218,0.7592213350621875,0.8465418616845596,292.25240478515633,269.4814233459473,-0.07791546302569753,0.7397260273972602,1370.0823743894505,25.080101252677736,0.3274433161608019
0.095,1369.8439704249126,37.01140324852481,25.077222452113595,4.572656584699784,0.7592632322425106,0.8465596305526412,292.25240478515633,269.4711880035401,-0.07795048529494024,0.7395513577331759,1369.8439704249126,25.077222452113595,0.3273918390992237
0.096,1369.6059820605824,37.00818804076447,25.074343764436197,4.56537879135735,0.7593050563851353,0.8465832840462254,292.25240478515633,269.46095266113286,-0.07798550756418295,0.7395513577331759,1369.6059820605824,25.074343764436197,0.3273403841271361
0.097,1369.3684092964593,37.00497816911205,25.07146601168827,4.558100998014918,0.7593468074900619,0.846609919792459,292.25240478515633,269.45071731872565,-0.07802052983342565,0.7397260273972602,1369.3684092964593,25.07146601168827,0.32728895672990005
0.098,1369.1312521325428,37.001773634956244,25.06859530620728,4.5508232046724855,0.7593884855572903,0.8466322255679419,292.25240478515633,269.4404819763184,-0.07805555210266855,0.7395513577331759,1369.1312521325428,25.06859530620728,0.32723759765837623
0.099,1368.8945105688335,36.998574439683935,25.06573029354462,4.543545411330053,0.7594300905868204,0.8466550502509291,292.25240478515633,269.43024663391117,-0.07809057437191125,0.7397260273972602,1368.8945105688335,25.06573029354462,0.3271862978892543
0.1,1368.6581846053316,36.995380584680184,25.062870127342435,4.536267617987619,0.7594716225786523,0.8466746867283081,292.25240478515633,269.42001129150395,-0.07812559664115395,0.7400756143667296,1368.6581846053316,25.062870127342435,0.3271350517861881
0.101,1368.4222742420368,36.9921920713282,25.06001131166404,4.528989824645185,0.759513081532786,0.8466939753401179,292.25240478515633,269.4097759490967,-0.07816061891039686,0.7400756143667296,1368.4222742420368,25.06001131166404,0.3270838360505302
0.10200000000000001,1368.1867794789493,36.989008901009356,25.057154017300153,4.521712031302752,0.7595544674492213,0.8467161704201513,292.25240478515633,269.39954060668947,-0.07819564117963956,0.7400756143667296,1368.1867794789493,25.057154017300153,0.32703265182630964
0.10300000000000001,1367.9517003160684,36.985831075103185,25.05429842684731,4.514434237960319,0.7595957803279585,0.8467337406426992,292.25240478515633,269.38930526428226,-0.07823066344888226,0.7400756143667296,1367.9517003160684,25.05429842684731,0.3269815003362464
0.10400000000000001,1367.7170367533954,36.9826585949874,25.051444858921172,4.507156444617887,0.7596370201689975,0.8467543581017865,292.25240478515633,269.37906992187504,-0.07826568571812496,0.7400756143667296,1367.7170367533954,25.051444858921172,0.3269303837097671
0.105,1367.482788790929,36.979491462037835,25.048597281569137,4.499878651275452,0.7596781869723381,0.8467747239565813,292.25240478515633,269.36883457946783,-0.07830070798736767,0.7400756143667296,1367.482788790929,25.048597281569137,0.32687932840368017
0.106,1367.2489564286698,36.97632967762849,25.045752274193383,4.492600857933018,0.7597192807379806,0.8467963870801366,292.25240478515633,269.36172219238284,-0.0783250444409555,0.7400756143667296,1367.2489564286698,25.045752274193383,0.326828311621516
0.107,1367.015539666618,36.97317324313154,25.04290764536328,4.4853230645905855,0.7597603014659248,0.8468214905957776,292.25240478515633,269.35760960693364,-0.07833911647383486,0.7402505317891751,1367.015539666618,25.04290764536328,0.32677731876051963
0.108,1366.782538504773,36.97002215991726,25.04006439387624,4.478045271248152,0.7598012491561708,0.8468407897471432,292.25240478515633,269.3534970214844,-0.07835318850671441,0.7402505317891751,1366.782538504773,25.04006439387624,0.3267263564842311
0.109,1366.5499529431354,36.966876429354095,25.037224742162273,4.47076747790572,0.7598421238087185,0.8468613456953749,292.25240478515633,269.34938443603517,-0.07836726053959375,0.7402505317891751,1366.5499529431354,25.037224742162273,0.3266754396130112
0.11,1366.3177829817048,36.963736052808635,25.034391389264343,4.463489684563286,0.759882925423568,0.8468866237661363,292.25240478515633,269.34527185058596,-0.07838133257247311,0.7402505317891751,1366.3177829817048,25.034391389264343,0.32662458614435136
0.111,1366.0860286204816,36.960601031645595,25.031562064846472,4.456211891220853,0.7599236540007192,0.8469075247894643,292.25240478515633,269.34115926513675,-0.07839540460535246,0.7402505317891751,1366.0860286204816,25.031562064846472,0.3265737809494778
0.112,1365.854689859465,36.95747136722783,25.028735352433877,4.4489340978784195,0.7599643095401722,0.8469298227355629,292.25240478515633,269.3370466796875,-0.07840947663823201,0.7402505317891751,1365.854689859465,25.028735352433877,0.3265230145915128
0.113,1365.6237666986558,36.954347060916334,25.025910611778723,4.441656304535987,0.760004892041927,0.8469536462472397,292.25240478515633,269.3329340942383,-0.07842354867111136,0.7404255319148936,1365.6237666986558,25.025910611778723,0.32647228280795904
0.114,1365.393259138054,36.951228114070226,25.023088669173777,4.434378511193553,0.7600454015059835,0.8469774152142054,292.25240478515633,269.3288215087891,-0.07843762070399071,0.7406006148025538,1365.393259138054,25.023088669173777,0.326421591112383
0.115,1365.163167177659,36.948114528046744,25.020266726568828,4.42710071785112,0.7600858379323419,0.8470047204531024,292.25240478515633,269.3224749145508,-0.078459336844335,0.7406006148025538,1365.163167177659,25.020266726568828,0.3263709208581977
0.116,1364.933490817471,36.945006304201264,25.01744478396388,4.419822924508687,0.760126201321002,0.8470292843836343,292.25240478515633,269.3134651855469,-0.07849016543241986,0.7407757805108799,1364.933490817471,25.01744478396388,0.32632027205082415
0.117,1364.7042300574908,36.94190344388728,25.014623239690412,4.4125451311662545,0.7601664916719637,0.8470491134237175,292.25240478515633,269.30445545654294,-0.07852099402050473,0.7407757805108799,1364.7042300574908,25.014623239690412,0.32626964735098374
0.11800000000000001,1364.475384897717,36.93880594845639,25.011801719883263,4.405267337823821,0.7602067089852274,0.84707317502898,292.25240478515633,269.29544572753906,-0.07855182260858942,0.7407757805108799,1364.475384897717,25.011801719883263,0.3262190442718689
0.11900000000000001,1364.2469553381507,36.935713819258325,25.00898267959054,4.397989544481388,0.7602468532607927,0.8470950864845466,292.25240478515633,269.2864359985352,-0.0785826511966741,0.7407757805108799,1364.2469553381507,25.00898267959054,0.3261684791844154
0.12,1364.0189413787914,36.932627057640936,25.006173874791283,4.390711751138954,0.7602869244986598,0.8471138581562359,292.25240478515633,269.2774262695313,-0.07861347978475877,0.7407757805108799,1364.0189413787914,25.006173874791283,0.32611800379596007
0.121,1363.7913430196395,36.92954566495016,25.003365069992025,4.3834339577965205,0.7603269226988286,0.8471356451848173,292.25240478515633,269.26841654052737,-0.07864430837284364,0.7407757805108799,1363.7913430196395,25.003365069992025,0.3260675498813086
0.122,1363.5641602606947,36.926469642530066,25.000556265192763,4.376156164454088,0.7603668478612993,0.8471562795071939,292.25240478515633,269.25940681152343,-0.07867513696092852,0.7407757805108799,1363.5641602606947,25.000556265192763,0.32601711744583667
0.123,1363.3373931019566,36.923398991722806,24.99774950003271,4.368878371111653,0.7604066999860717,0.8471803228840434,292.25240478515633,269.25039708251956,-0.0787059655490132,0.7407757805108799,1363.3373931019566,24.99774950003271,0.32596672009130256
0.124,1363.1110415434262,36.92033371386865,24.994951930838862,4.361600577769222,0.7604464790731458,0.8472060285596423,292.25240478515633,269.2413873535157,-0.07873679413709787,0.7407757805108799,1363.1110415434262,24.994951930838862,0.32591640552768675
0.125,1362.8851055851028,36.917273810305964,24.992157034720805,4.354322784426788,0.7604861851225218,0.8472243753968917,292.25240478515633,269.23237762451174,-0.07876762272518276,0.7409510290986515,1362.8851055851028,24.992157034720805,0.3258661302782587
0.126,1362.6595852269863,36.91421928237121,24.98936213860275,4.347044991084354,0.7605258181341994,0.8472445615572779,292.25240478515633,269.2233678955078,-0.07879845131326763,0.7409510290986515,1362.6595852269863,24.98936213860275,0.32581587652943744
0.127,1362.4344804690772,36.91117013139894,24.986570985210502,4.3397671977419225,0.7605653781081788,0.8472649048273101,292.25240478515633,269.2143581665039,-0.0788292799013523,0.7413629910080455,1362.4344804690772,24.986570985210502,0.3257656692358555
0.128,1362.2097913113748,36.9081263587218,24.983781711821567,4.332489404399488,0.7606048650444601,0.8472879500981826,292.25240478515633,269.20534843750005,-0.07886010848943699,0.7413629910080455,1362.2097913113748,24.983781711821567,0.325715495985793
0.129,1361.9855177538798,36.90508796567053,24.980994729231938,4.325211611057055,0.760644278943043,0.8473082280430438,292.25240478515633,269.1963387084961,-0.07889093707752186,0.7415384615384616,1361.9855177538798,24.980994729231938,0.32566535952297
0.13,1361.7616597965923,36.90205495357396,24.978216360330297,4.317933817714621,0.7606836198039277,0.8473296671659054,292.25240478515633,269.1873289794922,-0.07892176566560673,0.7415384615384616,1361.7616597965923,24.978216360330297,0.32561530200155786
0.131,1361.5382174395115,36.89902732375898,24.975440512602926,4.310656024372189,0.7607228876271143,0.8473518732070769,292.25240478515633,269.1783192504883,-0.0789525942536914,0.7416528534217381,1361.5382174395115,24.975440512602926,0.3255652828137042
0.132,1361.3151906826379,36.896005077550576,24.972664664875555,4.303378231029756,0.7607620824126025,0.8473709336023707,292.25240478515633,269.1693095214844,-0.07898342284177609,0.7418285172903837,1361.3151906826379,24.972664664875555,0.32551528515836897
0.133,1361.0925795259714,36.89298821627182,24.969888817148192,4.296100437687322,0.7608012041603924,0.8473915482107589,292.25240478515633,269.16029979248054,-0.07901425142986077,0.7415916627190905,1361.0925795259714,24.969888817148192,0.32546530904084403
0.134,1360.8703839695122,36.88997674124385,24.967115818175802,4.288822644344889,0.7608402528704843,0.8474144620885017,292.25240478515633,269.1512900634766,-0.07904508001794563,0.7415916627190905,1360.8703839695122,24.967115818175802,0.3254153734564308
0.135,1360.64860401326,36.88697065378587,24.964345439687623,4.281544851002456,0.7608792285428778,0.8474383806368593,292.25240478515633,269.14228033447273,-0.07907590860603032,0.7415916627190905,1360.64860401326,24.964345439687623,0.3253654768887353
0.136,1360.427239657215,36.883969955215164,24.96157754194854,4.2742670576600235,0.7609181311775731,0.8474569412363765,292.25240478515633,269.13327060546885,-0.079106737194115,0.7415916627190905,1360.427239657215,24.96157754194854,0.32531561841154116
0.137,1360.2062909013773,36.880974646847086,24.95880964420946,4.26698926431759,0.7609569607745701,0.8474807695259853,292.25240478515633,269.1242608764649,-0.07913756578219987,0.7415916627190905,1360.2062909013773,24.95880964420946,0.3252657814932475
0.138,1359.9857577457465,36.87798472999503,24.956041746470373,4.259711470975157,0.760995717333869,0.8474964596523715,292.25240478515633,269.11721951293947,-0.079161659214487,0.7417673537076522,1359.9857577457465,24.956041746470373,0.32521596613910714
0.139,1359.765640190323,36.87500020597048,24.95327632225437,4.252433677632724,0.7610344008554695,0.8475196143338715,292.25240478515633,269.1106570281983,-0.07918411406732552,0.7417673537076522,1359.765640190323,24.95327632225437,0.3251661888430587
0.14,1359.5459382351066,36.872021076082966,24.950528910135105,4.24515588429029,0.7610730113393718,0.8475417943373212,292.25240478515633,269.1040945434571,-0.07920656892016424,0.7417061611374408,1359.5459382351066,24.950528910135105,0.3251165531916532
0.14100000000000001,1359.3266518800972,36.869047341640076,24.947786326532803,4.2378780909478575,0.761111548785576,0.8475618751824504,292.25240478515633,269.0975320587159,-0.07922902377300295,0.7418819625503674,1359.3266518800972,24.947786326532803,0.3250669713073754
0.14200000000000002,1359.1077811252949,36.86607900394745,24.945043896750782,4.230600297605425,0.7611500131940818,0.847582764301099,292.25240478515633,269.0909695739747,-0.07925147862584166,0.7418819625503674,1359.1077811252949,24.945043896750782,0.3250174120335638
0.14300000000000002,1358.8893259707002,36.863116064308784,24.942301466968757,4.223322504262992,0.7611884045648895,0.8476003090681101,292.25240478515633,269.0844070892335,-0.07927393347868036,0.7418819625503674,1358.8893259707002,24.942301466968757,0.3249678743500551
0.14400000000000002,1358.6712864163121,36.860158524025806,24.939559037186733,4.216044710920557,0.7612267228979989,0.8476258388234653,292.25240478515633,269.07784460449227,-0.07929638833151907,0.7420578473210052,1358.6712864163121,24.939559037186733,0.32491835826205573
0.145,1358.4536624621314,36.85720638439831,24.936825659420006,4.208766917578123,0.76126496819341,0.8476467428781704,292.25240478515633,269.07128211975106,-0.07931884318435778,0.7420578473210052,1358.4536624621314,24.936825659420006,0.3248689241161866
0.146,1358.2364541081577,36.85425964672412,24.934096117056953,4.20148912423569,0.7613031404511229,0.8476636126518738,292.25240478515633,269.0647196350098,-0.07934129803719668,0.7420578473210052,1358.2364541081577,24.934096117056953,0.3248195371433089
0.147,1358.0196613543912,36.85131831229911,24.931368717867954,4.194211330893257,0.7613412396711375,0.8476864082055362,292.25240478515633,269.0581571502686,-0.0793637528900354,0.7420578473210052,1358.0196613543912,24.931368717867954,0.3247701860680743
0.148,1357.803284200832,36.84838238241717,24.928645044128515,4.186933537550823,0.761379265853454,0.847706854542387,292.25240478515633,269.0515946655274,-0.07938620774287411,0.7418207681365576,1357.803284200832,24.928645044128515,0.3247208814432268
0.149,1357.58732264748,36.845451858370254,24.9259265435305,4.17965574420839,0.7614172189980721,0.8477284868904393,292.25240478515633,269.0450321807862,-0.07940866259571262,0.7418207681365576,1357.58732264748,24.9259265435305,0.32467163292435774
0.15,1357.3717766943346,36.84252674144832,24.92321099775158,4.172377950865957,0.7614550991049922,0.8477481916641403,292.25240478515633,269.03846969604496,-0.07943111744855152,0.74158368895211,1357.3717766943346,24.92321099775158,0.3246224257291211
0.151,1357.156646341397,36.839607032939384,24.920495451972656,4.165100157523523,0.7614929061742138,0.8477660359753664,292.25240478515633,269.0319072113038,-0.07945357230139004,0.74158368895211,1357.156646341397,24.920495451972656,0.32457324016561984
0.152,1356.941931588666,36.83669273412946,24.917779906193726,4.157822364181091,0.7615306402057374,0.8477846566603897,292.25240478515633,269.0253447265626,-0.07947602715422875,0.74158368895211,1356.941931588666,24.917779906193726,0.32452407623899754
0.153,1356.7276324361421,36.833783846302595,24.915070411458082,4.150544570838657,0.7615683011995626,0.8478036183452146,292.25240478515633,269.0187822418214,-0.07949848200706745,0.7415224092957079,1356.7276324361421,24.915070411458082,0.3244749742911046
0.154,1356.5137488838259,36.83088037074088,24.91236423715909,4.143266777496224,0.7616058891556896,0.8478235217242983,292.25240478515633,269.0122197570802,-0.07952093685990616,0.7416982922201139,1356.5137488838259,24.91236423715909,0.32442591612463734
0.155,1356.3002809317163,36.82798230872439,24.909658062860096,4.135988984153792,0.7616434040741183,0.8478434237984848,292.25240478515633,269.0056572723389,-0.07954339171274508,0.7416982922201139,1356.3002809317163,24.909658062860096,0.3243768796104326
0.156,1356.0872285798143,36.82508966153123,24.906953806448936,4.128711190811358,0.7616808459548488,0.8478624063616679,292.25240478515633,268.9990947875977,-0.07956584656558378,0.7416982922201139,1356.0872285798143,24.906953806448936,0.32432787753838843
0.157,1355.874591828119,36.82220243043752,24.904252531387442,4.121433397468925,0.7617182147978812,0.8478849457539346,292.25240478515633,268.99253230285655,-0.0795883014184223,0.7416982922201139,1355.874591828119,24.904252531387442,0.32427891700272615
0.158,1355.662370676631,36.8193206167174,24.90155713684324,4.114155604126492,0.7617555106032152,0.8479087110471124,292.25240478515633,268.9859698181153,-0.0796107562712612,0.7416982922201139,1355.662370676631,24.90155713684324,0.3242300173346139
0.159,1355.4505651253503,36.816444221643,24.898864746135224,4.1068778107840584,0.761792733370851,0.8479231762964301,292.25240478515633,268.9794073333741,-0.07963321112409971,0.7416982922201139,1355.4505651253503,24.898864746135224,0.32418115936296465
0.16,1355.2391751742766,36.81357324648447,24.896179063168965,4.099600017441626,0.7618298831007886,0.8479427251850812,292.25240478515633,268.9728448486329,-0.07965566597693842,0.7416982922201139,1355.2391751742766,24.896179063168965,0.32413236778337473
0.161,1355.02820082341,36.810707692509936,24.893505228851534,4.092322224099193,0.7618669597930279,0.847964753840509,292.25240478515633,268.9662823638917,-0.07967812082977713,0.7418742586002373,1355.02820082341,24.893505228851534,0.3240836768705937
0.162,1354.817642072751,36.807847560985564,24.89083591187396,4.085044430756759,0.7619039634475689,0.8479881144147419,292.25240478515633,268.9597198791505,-0.07970057568261583,0.7418742586002373,1354.817642072751,24.89083591187396,0.32403503775862263
0.163,1354.6074989222984,36.804992853175484,24.888171576296504,4.077766637414325,0.7619408940644119,0.8480101990000792,292.25240478515633,268.9531573944093,-0.07972303053545454,0.7420503084954913,1354.6074989222984,24.888171576296504,0.32398645354597866
0.164,1354.3977713720533,36.80214357034184,24.885512919347224,4.070488844071893,0.7619777516435564,0.8480249973194374,292.25240478515633,268.946594909668,-0.07974548538829346,0.7420503084954913,1354.3977713720533,24.885512919347224,0.3239379288854851
0.165,1354.1884594220153,36.79929971374476,24.88286070642752,4.06321105072946,0.7620145361850028,0.8480459360041118,292.25240478515633,268.9400324249268,-0.07976794024113217,0.7420503084954913,1354.1884594220153,24.88286070642752,0.3238894688844059
0.166,1353.9795630721844,36.79646128464236,24.880210932499484,4.055933257387027,0.762051247688751,0.8480673232522832,292.25240478515633,268.9334699401856,-0.07979039509397087,0.741813004271476,1353.9795630721844,24.880210932499484,0.323841046849886
0.167,1353.771082322561,36.79362828429076,24.877561158571456,4.048655464044594,0.7620878861548008,0.8480897062375411,292.25240478515633,268.92690745544445,-0.07981284994680939,0.741813004271476,1353.771082322561,24.877561158571456,0.3237926465284455
0.168,1353.5630171731443,36.79080071394403,24.874911848623814,4.04137767070216,0.7621244515831525,0.8481096031925147,292.25240478515633,268.9203449707032,-0.07983530479964829,0.741813004271476,1353.5630171731443,24.874911848623814,0.3237442710180288
0.169,1353.3553676239349,36.78797857485424,24.872263713835707,4.034099877359727,0.762160943973806,0.8481352024687878,292.25240478515633,268.91378248596203,-0.0798577596524868,0.741813004271476,1353.3553676239349,24.872263713835707,0.3236959250644179
0.17,1353.1481336749323,36.78516186827146,24.86961887061899,4.026822084017295,0.7621973633267611,0.8481587456684296,292.25240478515633,268.9072200012208,-0.07988021450532551,0.7419890814146689,1353.1481336749323,24.86961887061899,0.32364762278077497
0.171,1352.9413153261373,36.782350595443695,24.86697720400555,4.01954429067486,0.7622337096420181,0.8481784996668752,292.25240478515633,268.90065751647955,-0.07990266935816442,0.7421652421652422,1352.9413153261373,24.86697720400555,0.3235993634057055
0.17200000000000001,1352.7349125775493,36.77954475761696,24.86434534151783,4.012266497332428,0.7622699829195767,0.8481937719048905,292.25240478515633,268.89409503173835,-0.07992512421100313,0.7419890814146689,1352.7349125775493,24.86434534151783,0.32355119112376163
0.17300000000000001,1352.5289254291683,36.776744356035216,24.86171805440174,4.004988703989994,0.7623061831594373,0.8482100488737466,292.25240478515633,268.8875325469972,-0.07994757906384165,0.7421652421652422,1352.5289254291683,24.86171805440174,0.3235030710846464
0.17400000000000002,1352.3233538809945,36.77394939194041,24.859090767285654,3.9977109106475615,0.7623423103615995,0.8482303596618715,292.25240478515633,268.880970062256,-0.07997003391668035,0.7423414865827594,1352.3233538809945,24.859090767285654,0.32345497279355195
0.17500000000000002,1352.118197933028,36.77115986657244,24.856463480169566,3.9904331173051286,0.7623783645260634,0.8482480936390044,292.25240478515633,268.8744075775148,-0.07999248876951906,0.7423414865827594,1352.118197933028,24.856463480169566,0.3234068962554375
0.176,1351.9134575852686,36.76837578116918,24.85383619305348,3.983155323962702,0.7624143456528292,0.8482669296923233,292.25240478515633,268.86784509277356,-0.08001494362235777,0.7423414865827594,1351.9134575852686,24.85383619305348,0.32335884147525407
0.177,1351.7091328377162,36.765597136966456,24.85121840101671,3.97587753062026,0.7624502537418967,0.84828615518725,292.25240478515633,268.86128260803235,-0.08003739847519648,0.7423414865827594,1351.7091328377162,24.85121840101671,0.3233108717528652
0.178,1351.5052236903712,36.76282393519806,24.84860257013829,3.9685997372778354,0.762486088793266,0.8483064383316254,292.25240478515633,268.85472012329114,-0.08005985332803518,0.7423414865827594,1351.5052236903712,24.84860257013829,0.3232629368715157
0.179,1351.3017301432328,36.76005617709571,24.845987544183807,3.9613219439353933,0.762521850806937,0.8483300645428167,292.25240478515633,268.84815763854994,-0.08008230818087389,0.7423414865827594,1351.3017301432328,24.845987544183807,0.3232150291285854
0.18,1351.098652196302,36.75729386388914,24.843378177559234,3.9540441505929698,0.7625575397829099,0.8483463538580096,292.25240478515633,268.8415951538087,-0.08010476303371261,0.7423414865827594,1351.098652196302,24.843378177559234,0.3231671808888321
0.181,1350.8959898495782,36.75453699680596,24.840778448110886,3.9467663572505267,0.7625931557211845,0.8483624665904727,292.25240478515633,268.8350326690675,-0.08012721788655132,0.7423414865827594,1350.8959898495782,24.840778448110886,0.3231194186737919
0.182,1350.6937431030615,36.751785577071786,24.838178718662533,3.939488563908103,0.7626286986217607,0.8483824639422439,292.25240478515633,268.8284701843263,-0.08014967273939003,0.7423414865827594,1350.6937431030615,24.838178718662533,0.3230716782462172
0.183,1350.491911956752,36.749039605910134,24.83557898921418,3.9322107705656606,0.7626641684846388,0.8484003387278429,292.25240478515633,268.82190769958504,-0.08017212759222893,0.7423414865827594,1350.491911956752,24.83557898921418,0.3230239596110018
0.184,1350.29049641065,36.746299084542514,24.832979259765825,3.924932977223236,0.7626995653098186,0.8484200679934641,292.25240478515633,268.8153452148439,-0.08019458244506744,0.7423414865827594,1350.29049641065,24.832979259765825,0.32297626277303115
0.185,1350.0894964647543,36.743564014188316,24.830385575899456,3.9176551838807945,0.7627348890973003,0.8484379684152781,292.25240478515633,268.8087827301027,-0.08021703729790615,0.742104013298504,1350.0894964647543,24.830385575899456,0.32292862803749167
0.186,1349.8889121190666,36.74083439606491,24.827803458215733,3.9103773905383696,0.7627701398470836,0.8484597056570052,292.25240478515633,268.80222024536147,-0.08023949215074486,0.7420427553444181,1349.8889121190666,24.827803458215733,0.32288109220999617
0.187,1349.6887433735853,36.73811023138759,24.82523055453216,3.903099597195928,0.7628053175591688,0.8484835312565179,292.25240478515633,268.79565776062026,-0.08026194700358356,0.7420427553444181,1349.6887433735853,24.82523055453216,0.322833639615578
0.188,1349.4889902283116,36.73539152136957,24.8226611669428,3.8958218038535044,0.7628404222335556,0.8485029031810071,292.25240478515633,268.78909527587905,-0.08028440185642229,0.7418052256532066,1349.4889902283116,24.8226611669428,0.32278623227641534
0.189,1349.2896526832449,36.73267826722202,24.82009182114053,3.8885440105110627,0.7628754538702442,0.8485226159246199,292.25240478515633,268.78253279113784,-0.080306856709261,0.7418052256532066,1349.2896526832449,24.82009182114053,0.3227388470373571
0.19,1349.090730738385,36.729970470154,24.817522475338254,3.881266217168637,0.7629104124692347,0.8485450820820299,292.25240478515633,268.77597030639663,-0.0803293115620997,0.7415676959619952,1349.090730738385,24.817522475338254,0.32269148362468303
0.191,1348.8922243937332,36.72726813137254,24.814953129535983,3.873988423826196,0.7629452980305268,0.8485655122582284,292.25240478515633,268.76940782165536,-0.0803517664149386,0.7415676959619952,1348.8922243937332,24.814953129535983,0.3226441420432209
0.192,1348.6941336492876,36.72457125208254,24.812388598518393,3.866710630483772,0.7629801105541208,0.8485847843279543,292.25240478515633,268.7628453369142,-0.08037422126777712,0.7415676959619952,1348.6941336492876,24.812388598518393,0.32259685439351066
0.193,1348.4964585050495,36.72187983348687,24.809824071007398,3.859432837141329,0.7630148500400165,0.8486010187571555,292.25240478515633,268.756282852173,-0.08039667612061582,0.7415676959619952,1348.4964585050495,24.809824071007398,0.32254958860801786
0.194,1348.2991989610186,36.71919387678628,24.80726029399331,3.8521550437989056,0.763049516488214,0.8486175336991452,292.25240478515633,268.7497203674318,-0.08041913097345453,0.7415676959619952,1348.2991989610186,24.80726029399331,0.3225023496710392
0.195,1348.1023550171944,36.71651338317943,24.804704567592836,3.844877250456463,0.7630841098987132,0.8486378716492111,292.25240478515633,268.7431578826906,-0.08044158582629324,0.7415676959619952,1348.1023550171944,24.804704567592836,0.32245518625050196
0.196,1347.9059266735778,36.71383835386295,24.802150321918514,3.837599457114039,0.7631186302715142,0.8486567318933202,292.25240478515633,268.7365953979494,-0.08046404067913196,0.7415676959619952,1347.9059266735778,24.802150321918514,0.3224080545558229
0.197,1347.7099139301683,36.7111687900313,24.799613663685133,3.830321663771597,0.7631530776066169,0.8486803749878761,292.25240478515633,268.73003291320816,-0.08048649553197067,0.7415676959619952,1347.7099139301683,24.799613663685133,0.32236106196036485
0.198,1347.514316786966,36.70850469287691,24.797077989676744,3.8230438704291734,0.7631874519040214,0.8486988605859064,292.25240478515633,268.72347042846695,-0.08050895038480937,0.741743882157282,1347.514316786966,24.797077989676744,0.32231409779059716
0.199,1347.3191352439705,36.705846063590066,24.79454865261708,3.8157660770867303,0.7632217531637278,0.8487158355142643,292.25240478515633,268.71690794372574,-0.08053140523764808,0.741743882157282,1347.3191352439705,24.79454865261708,0.3222671977329441
0.2,1347.1243693011825,36.703192903359,24.79202059374004,3.8084882837443064,0.7632559813857357,0.8487411724459356,292.25240478515633,268.7103454589845,-0.08055386009048698,0.741743882157282,1347.1243693011825,24.79202059374004,0.32222032807003853
0.201,1346.9300189586013,36.70054521336981,24.789496175867733,3.8012104904018638,0.7632901365700455,0.8487611070622555,292.25240478515633,268.70378297424327,-0.08057631494332569,0.741743882157282,1346.9300189586013,24.789496175867733,0.3221735045573762
0.202,1346.7360842162275,36.6979029948065,24.786973977891336,3.7939326970594403,0.7633242187166571,0.8487781333634199,292.25240478515633,268.6972204895021,-0.0805987697961642,0.7419201520912547,1346.7360842162275,24.786973977891336,0.3221267177264735
0.203,1346.5425650740606,36.69526624885096,24.784456245285686,3.7866549037169976,0.7633582278255704,0.8487977924857875,292.25240478515633,268.6906580047609,-0.08062122464900291,0.7420965058236273,1346.5425650740606,24.784456245285686,0.3220799825505633
0.20400000000000001,1346.3494615321013,36.69263497668301,24.78194209858903,3.779377110374574,0.7633921638967854,0.8488184372272678,292.25240478515633,268.6840955200197,-0.08064367950184163,0.7420965058236273,1346.3494615321013,24.78194209858903,0.32203329317180585
0.20500000000000002,1346.1567735903484,36.6900091794803,24.779429495618654,3.772099317032132,0.7634260269303024,0.8488396100105341,292.25240478515633,268.6775330352785,-0.08066613435468034,0.742449464922711,1346.1567735903484,24.779429495618654,0.3219866359815657
0.20600000000000002,1345.9645012488036,36.687388858418416,24.77692074931064,3.7648215236897076,0.7634598169261209,0.848858513657538,292.25240478515633,268.6709705505373,-0.08068858920751905,0.742449464922711,1345.9645012488036,24.77692074931064,0.32194002640275293
0.20700000000000002,1345.772644507465,36.684774014670786,24.774415730163824,3.7575437303472654,0.7634935338842412,0.8488774525769223,292.25240478515633,268.66440806579607,-0.08071104406035776,0.742449464922711,1345.772644507465,24.774415730163824,0.321893463576796
0.20800000000000002,1345.5812033663342,36.68216464940877,24.771911586304608,3.750265937004841,0.7635271778046633,0.8488966512311131,292.25240478515633,268.65784558105486,-0.08073349891319646,0.742449464922711,1345.5812033663342,24.771911586304608,0.32184692849757374
0.209,1345.39017782541,36.67956076380155,24.76940864773226,3.742988143662406,0.7635607486873872,0.8489155172368462,292.25240478515633,268.65128309631365,-0.08075595376603517,0.7422116527942925,1345.39017782541,24.76940864773226,0.3218004233695627
0.21,1345.1995678846931,36.67696235901623,24.766907289104125,3.735710350319973,0.7635942465324129,0.8489329657626558,292.25240478515633,268.64472061157244,-0.08077840861887388,0.7422116527942925,1345.1995678846931,24.766907289104125,0.3217539506949253
0.211,1345.0093735441835,36.67436943621776,24.76440764505632,3.7284325569775394,0.7636276713397403,0.848948622965477,292.25240478515633,268.63815812683123,-0.08080086347171259,0.7422116527942925,1345.0093735441835,24.76440764505632,0.3217075113758153
0.212,1344.819594803881,36.67178199656898,24.761913954401034,3.721154763635107,0.7636610231093695,0.8489665782331322,292.25240478515633,268.63159564209,-0.08082331832455131,0.7423882017126546,1344.819594803881,24.761913954401034,0.32166113367312826
0.213,1344.630231663786,36.669200041230596,24.759429511790604,3.713876970292673,0.7636943018413004,0.8489885157464958,292.25240478515633,268.6250331573488,-0.08084577317739002,0.7423882017126546,1344.630231663786,24.759429511790604,0.3216148395539094
0.214,1344.441284123898,36.666623571361164,24.756950004371458,3.70659917695024,0.763727507535533,0.8490080660805716,292.25240478515633,268.6113877502443,-0.08089246366438368,0.7425648346419225,1344.441284123898,24.756950004371458,0.32156860027298273
0.215,1344.2527521842164,36.6640525881171,24.754475445402015,3.699321383607807,0.7637606401920676,0.8490280646569391,292.25240478515633,268.591474624634,-0.08096060040264245,0.7425648346419225,1344.2527521842164,24.754475445402015,0.32152241592335523
0.216,1344.0646358447427,36.66148709265273,24.752004969429834,3.6920435902653743,0.7637936998109037,0.8490521248770025,292.25240478515633,268.5715614990236,-0.08102873714090143,0.7425648346419225,1344.0646358447427,24.752004969429834,0.32147628074047185
0.217,1343.8769351054755,36.65892708612017,24.749540311059267,3.6847657969229406,0.7638266863920418,0.849072571655511,292.25240478515633,268.5516483734133,-0.08109687387916001,0.7425035697287006,1343.8769351054755,24.749540311059267,0.32143020629194535
0.218,1343.689649966416,36.656372569669465,24.74707625573722,3.6774880035805073,0.7638595999354815,0.8490872755203733,292.25240478515633,268.5317352478029,-0.08116501061741899,0.7425035697287006,1343.689649966416,24.74707625573722,0.32138415782176794
0.219,1343.5027804275635,36.65382354444845,24.74461220041517,3.6702102102380745,0.763892440441223,0.84910105828828,292.25240478515633,268.51182212219254,-0.08123314735567776,0.742265587815326,1343.5027804275635,24.74461220041517,0.3213381313145633
0.22,1343.316326488918,36.65128001160284,24.742154468863873,3.662932416895641,0.7639252079092662,0.8491165349133776,292.25240478515633,268.4919089965822,-0.08130128409393654,0.742265587815326,1343.316326488918,24.742154468863873,0.3212921689296505
0.221,1343.1302881504798,36.648741972276206,24.739700004252175,3.6556546235532084,0.7639579023396113,0.849137456935516,292.25240478515633,268.4719958709718,-0.0813694208321955,0.742265587815326,1343.1302881504798,24.739700004252175,0.3212462502945347
0.222,1342.944665412249,36.64620942760996,24.737245617052697,3.648376830210775,0.763990523732258,0.8491565869119535,292.25240478515633,268.45208274536145,-0.08143755757045429,0.742265587815326,1342.944665412249,24.737245617052697,0.32120035415214887
0.223,1342.7594582742245,36.64368237874333,24.734794195931542,3.641099036868342,0.7640230720872065,0.8491779025915219,292.25240478515633,268.4321696197511,-0.08150569430871306,0.742265587815326,1342.7594582742245,24.734794195931542,0.3211544997631176
0.224,1342.5746667364076,36.64116082681344,24.73234373343708,3.633821243525909,0.7640555474044569,0.849197158882027,292.25240478515633,268.41225649414076,-0.08157383104697184,0.7420276059019515,1342.5746667364076,24.73234373343708,0.3211086737501637
0.225,1342.3902907987979,36.6386447729552,24.729893270942615,3.626543450183476,0.764087949684009,0.8492174491933006,292.25240478515633,268.3923433685304,-0.08164196778523061,0.7420276059019515,1342.3902907987979,24.729893270942615,0.32106286972754794
0.226,1342.2063304613955,36.63613421830141,24.72744728936637,3.6192656568410424,0.7641202789258628,0.8492374321912006,292.25240478515633,268.37243024292,-0.08171010452348959,0.7420276059019515,1342.2063304613955,24.72744728936637,0.3210171175699428
0.227,1342.0227857242,36.63362916398265,24.72501091794881,3.6119878634986096,0.7641525351300184,0.8492528791248637,292.25240478515633,268.3525171173097,-0.08177824126174836,0.7420276059019515,1342.0227857242,24.72501091794881,0.32097145147377704
0.228,1341.8396565872117,36.63112961112736,24.72257454653126,3.6047100701561754,0.7641847182964757,0.8492702282977933,292.25240478515633,268.33260399169933,-0.08184637800000714,0.742204237086408,1341.8396565872117,24.72257454653126,0.32092580738151566
0.229,1341.6569430504308,36.62863556086182,24.720141541502446,3.597432276813743,0.7642168284252348,0.849286265306057,292.25240478515633,268.312690866089,-0.08191451473826591,0.742204237086408,1341.6569430504308,24.720141541502446,0.3208802077382664
0.23,1341.4746451138565,36.6261470143101,24.71771192171564,3.59015448347131,0.7642488655162958,0.8493046099350183,292.25240478515633,268.2927777404786,-0.08198265147652489,0.742204237086408,1341.4746451138565,24.71771192171564,0.32083465267420286
0.231,1341.2927627774898,36.62366397259414,24.715286323644463,3.582876690128877,0.7642808295696584,0.8493235949674687,292.25240478515633,268.27286461486824,-0.08205078821478366,0.742204237086408,1341.2927627774898,24.715286323644463,0.3207891464365936
0.232,1341.1112960413298,36.62118643683366,24.71286403690852,3.5755988967864445,0.7643127205853227,0.8493382687795402,292.25240478515633,268.2529514892579,-0.08211892495304243,0.7417281599619139,1341.1112960413298,24.71286403690852,0.32074368429446753
0.233,1340.9302449053773,36.618714408146246,24.71044440214373,3.5683211034440103,0.7643445385632889,0.8493582967060613,292.25240478515633,268.2330383636475,-0.08218706169130141,0.7419661985241609,1340.9302449053773,24.71044440214373,0.3206982618569235
0.234,1340.749609369632,36.616247887647255,24.708025898218157,3.5610433101015775,0.7643762835035568,0.8493719113228827,292.25240478515633,268.21312523803715,-0.08225519842956018,0.7417281599619139,1340.749609369632,24.708025898218157,0.3206528689884413
0.23500000000000001,1340.5693894340934,36.61378687644988,24.705607394292578,3.5537655167591438,0.7644079554061265,0.8493928379221994,292.25240478515633,268.1932121124268,-0.08232333516781896,0.7417281599619139,1340.5693894340934,24.705607394292578,0.32060749815521317
0.23600000000000002,1340.3895850987624,36.61133137566514,24.70318889036701,3.5464877234167105,0.7644395542709979,0.849407873150698,292.25240478515633,268.1732989868164,-0.08239147190607793,0.741904761904762,1340.3895850987624,24.70318889036701,0.3205621493616829
0.23700000000000002,1340.2101963636383,36.608881386401826,24.700772711727065,3.539209930074278,0.7644710800981711,0.8494257813015196,292.25240478515633,268.18322512359623,-0.08235750764567391,0.741904761904762,1340.2101963636383,24.700772711727065,0.32051683811281595
0.23800000000000002,1340.031223228721,36.60643690976658,24.698361568881197,3.531932136731845,0.7645025328876461,0.8494441162742401,292.25240478515633,268.19398160095216,-0.08232070220907252,0.741904761904762,1340.031223228721,24.698361568881197,0.3204715824814939
0.23900000000000002,1339.8526656940114,36.60399794686383,24.695955621133226,3.5246543433894115,0.7645339126394228,0.8494641687930582,292.25240478515633,268.1805359970093,-0.08236670902962452,0.7416666666666667,1339.8526656940114,24.695955621133226,0.3204263835340655
0.24,1339.6745237595087,36.601564498795796,24.693557593728336,3.5173765500469756,0.7645652193535013,0.8494840304154255,292.25240478515633,268.16998370361335,-0.08240281581000744,0.7416666666666667,1339.6745237595087,24.693557593728336,0.3203812594416307
0.241,1339.4967974252133,36.599136566662516,24.691164432170073,3.510098756704543,0.7645964530298816,0.8495035763931515,292.25240478515633,268.18156683807376,-0.08236318180094283,0.7418432960228626,1339.4967974252133,24.691164432170073,0.32033618984708384
0.242,1339.3194866911247,36.59671415156181,24.68877869038856,3.5028209633621095,0.7646276136685636,0.8495226622640574,292.25240478515633,268.19314997253423,-0.08232354779187803,0.7418432960228626,1339.3194866911247,24.68877869038856,0.32029119177950816
0.243,1339.1425915572438,36.59429725458933,24.686404069029248,3.495543170019677,0.7646587012695474,0.8495359568999629,292.25240478515633,268.20473310699475,-0.08228391378281304,0.7416666666666667,1339.1425915572438,24.686404069029248,0.32024628991206977
0.244,1338.9661120235696,36.591885876838454,24.6840761380856,3.4882653766772433,0.7646897158328329,0.8495561701219135,292.25240478515633,268.21631624145516,-0.08224427977374842,0.7416666666666667,1338.9661120235696,24.6840761380856,0.32020172136142283
0.245,1338.7900480901026,36.58948001940042,24.681769713992637,3.4809875833348105,0.7647206573584202,0.8495728142085942,292.25240478515633,268.2278993759157,-0.08220464576468342,0.7416666666666667,1338.7900480901026,24.681769713992637,0.3201573182563728
0.246,1338.6143997568429,36.58707968336422,24.679481091379017,3.4737097899923763,0.7647515258463092,0.8495897100601701,292.25240478515633,268.2394825103761,-0.08216501175561881,0.7416666666666667,1338.6143997568429,24.679481091379017,0.3201130559009884
0.247,1338.43916702379,36.584684869816634,24.67719397442743,3.466431996649944,0.7647823212965,0.8496065382176845,292.25240478515633,268.25106564483656,-0.08212537774655401,0.7416666666666667,1338.43916702379,24.67719397442743,0.32006882567045886
0.248,1338.2643498909447,36.58229557984223,24.67490841532153,3.4591542033075116,0.7648130437089926,0.8496242666138716,292.25240478515633,268.262648779297,-0.0820857437374892,0.7414285714285714,1338.2643498909447,24.67490841532153,0.32002462791698244
0.249,1338.0899483583062,36.57991181452336,24.67262382504718,3.4518764099650783,0.764843693083787,0.8496398059944961,292.25240478515633,268.2742319137575,-0.0820461097284244,0.7414285714285714,1338.0899483583062,24.67262382504718,0.3199804587184752
0.25,1337.9159624258748,36.57753357494016,24.670342771897513,3.4445986166226445,0.7648742694208831,0.8496570331896327,292.25240478515633,268.28581504821796,-0.0820064757193596,0.7411904761904762,1337.9159624258748,24.670342771897513,0.3199363351996944
0.251,1337.7423920936508,36.57516086217053,24.668068212721646,3.437320823280212,0.7649047727202809,0.8496784291304282,292.25240478515633,268.29739818267836,-0.08196684171029499,0.7411904761904762,1337.7423920936508,24.668068212721646,0.3198922770755324
0.252,1337.569237361634,36.57279367729014,24.66579365354578,3.4300430299377775,0.7649352029819805,0.8496956458663104,292.25240478515633,268.28803436279316,-0.08199888189108355,0.7411904761904762,1337.569237361634,24.66579365354578,0.3198482410609685
0.253,1337.3964982298237,36.570432021372454,24.663519094369917,3.422765236595345,0.7649655602059819,0.84971429080235,292.25240478515633,268.273227005005,-0.0820495482245189,0.7409523809523809,1337.3964982298237,24.663519094369917,0.31980422716029605
0.254,1337.224174698221,36.56807589548869,24.661248345116956,3.4154874432529128,0.7649958443922851,0.8497307382510315,292.25240478515633,268.25841964721695,-0.08210021455795406,0.7411288402000477,1337.224174698221,24.661248345116956,0.3197602607750353
0.255,1337.0522667668256,36.56572530070784,24.65897787758789,3.408209649910479,0.76502605554089,0.8497489099309001,292.25240478515633,268.2436122894289,-0.08215088089138922,0.7411288402000477,1337.0522667668256,24.65897787758789,0.31971631839021897
0.256,1336.880774435637,36.563380238096656,24.656707410058825,3.4009318565680458,0.7650561936517967,0.8497651694743572,292.25240478515633,268.2288049316408,-0.08220154722482438,0.7411288402000477,1336.880774435637,24.656707410058825,0.31967239813212084
0.257,1336.7096977046558,36.56104070871965,24.65443694252976,3.3936540632256125,0.7650862587250051,0.8497839452414168,292.25240478515633,268.2139975738527,-0.08225221355825973,0.7411288402000477,1336.7096977046558,24.65443694252976,0.3196285000049986
0.258,1336.5390365738817,36.55870671363912,24.652166475000687,3.3863762698831796,0.7651162507605154,0.8497982462342659,292.25240478515633,268.1991902160646,-0.08230287989169491,0.7411288402000477,1336.5390365738817,24.652166475000687,0.3195846240131009
0.259,1336.3687910433146,36.55637825391507,24.649904822886114,3.379098476540746,0.7651461697583273,0.849815430267412,292.25240478515633,268.18438285827654,-0.08235354622513007,0.7414820109602097,1336.3687910433146,24.649904822886114,0.31954082892489083
0.26,1336.1989611129547,36.554055330605316,24.647662015968262,3.3718206831983135,0.7651760157184411,0.8498359314501039,292.25240478515633,268.1695755004884,-0.08240421255856542,0.7414820109602097,1336.1989611129547,24.647662015968262,0.31949718160389023
0.261,1336.029546782802,36.55173794476539,24.645427877730288,3.3645428898558793,0.7652057886408565,0.8498561363608619,292.25240478515633,268.15476814270033,-0.08245487889200058,0.7414820109602097,1336.029546782802,24.645427877730288,0.3194536142168858
0.262,1335.8605480528565,36.549426097448595,24.64319373949231,3.3572650965134465,0.7652354885255737,0.8498749679373793,292.25240478515633,268.13996078491226,-0.08250554522543574,0.7414820109602097,1335.8605480528565,24.64319373949231,0.319410068982011
0.263,1335.6919649231181,36.547119789705974,24.640959601254334,3.3499873031710137,0.7652651153725927,0.8498936719551574,292.25240478515633,268.12515342712413,-0.08255621155887109,0.7414204003813155,1335.6919649231181,24.640959601254334,0.3193665459034699
0.264,1335.5237973935862,36.54481902258631,24.63872616271148,3.3427095098285813,0.7652946691819136,0.8499107859655018,292.25240478515633,268.1103460693361,-0.08260687789230606,0.7417739628040058,1335.5237973935862,24.63872616271148,0.319323049649678
0.265,1335.356045464262,36.542523797136155,24.636495085142165,3.3354317164861476,0.765324149953536,0.8499290749456083,292.25240478515633,268.095538711548,-0.08265754422574141,0.7417739628040058,1335.356045464262,24.636495085142165,0.31927959129902944
0.266,1335.1887091351452,36.54023411439978,24.63426765956295,3.3281539231437143,0.7653535576874603,0.8499466762046386,292.25240478515633,268.0807313537599,-0.08270821055917657,0.7419508704984498,1335.1887091351452,24.63426765956295,0.3192361794617154
0.267,1335.0217884062354,36.537949975419195,24.63205431547598,3.320876129801282,0.7653828923836863,0.8499666437445237,292.25240478515633,268.06592399597184,-0.08275887689261174,0.7417123777724779,1335.0217884062354,24.63205431547598,0.319192883665758
0.268,1334.8552832775326,36.53567138123416,24.62985508424666,3.313598336458848,0.7654121540422141,0.8499844674182955,292.25240478515633,268.0805223205568,-0.0827089258080495,0.7417123777724779,1334.8552832775326,24.62985508424666,0.31914970412439986
0.269,1334.689193749037,36.53339833288216,24.62765612013515,3.3063205431164144,0.7654413426630438,0.8500071308962666,292.25240478515633,268.1038833450318,-0.08262899139487603,0.7415355269432523,1334.689193749037,24.62765612013515,0.31910654854503623
0.27,1334.5235198207486,36.53113083139842,24.625458370359432,3.299042749773982,0.7654704582461751,0.8500226513659166,292.25240478515633,268.1272443695069,-0.08254905698170238,0.7415355269432523,1334.5235198207486,24.625458370359432,0.3190634232460347
0.271,1334.358261492667,36.5288688778159,24.623263309875686,3.2917649564315483,0.7654995007916082,0.8500413761215256,292.25240478515633,268.150605393982,-0.08246912256852872,0.7417123777724779,1334.358261492667,24.623263309875686,0.31902033806369673
0.272,1334.1934187647926,36.526612473165265,24.62106859115138,3.284487163089116,0.765528470299343,0.8500608990527564,292.25240478515633,268.1739664184571,-0.08238918815535505,0.7417123777724779,1334.1934187647926,24.62106859115138,0.3189772773533143
0.273,1334.0289916371257,36.52436161847495,24.618878952478706,3.2772093697466818,0.7655573667693796,0.850075573105732,292.25240478515633,268.1973274429322,-0.08230925374218138,0.7417123777724779,1334.0289916371257,24.618878952478706,0.3189342727048167
0.274,1333.8649801096656,36.52211631477105,24.61669602379805,3.269931576404249,0.765586190201718,0.8500883071577181,292.25240478515633,268.2206884674073,-0.08222931932900772,0.7418893129770993,1333.8649801096656,24.61669602379805,0.3188913349876147
0.275,1333.7013841824125,36.51987656307743,24.6145150393943,3.2626537830618156,0.7656149405963582,0.8501031605437461,292.25240478515633,268.2440494918824,-0.08214938491583405,0.7420663326175138,1333.7013841824125,24.6145150393943,0.3188484324371839
0.276,1333.5382038553669,36.51764236441568,24.612340438445386,3.2553759897193824,0.7656436179533002,0.850120994636622,292.25240478515633,268.2674105163574,-0.0820694505026606,0.7420663326175138,1333.5382038553669,24.612340438445386,0.31880559464950814
0.277,1333.3754391285283,36.51541371980507,24.610166702849654,3.2480981963769495,0.7656722222725438,0.8501375442888822,292.25240478515633,268.2907715408325,-0.08198951608948693,0.7420663326175138,1333.3754391285283,24.610166702849654,0.31876278484457865
0.278,1333.2130900018972,36.513190630262606,24.607993565651316,3.2408204030345167,0.7657007535540892,0.8501549564983937,292.25240478515633,268.27746702575683,-0.08203504014628794,0.7420663326175138,1333.2130900018972,24.607993565651316,0.31872000124691574
0.279,1333.0511564754731,36.510973096803006,24.605822236998335,3.233542609692083,0.7657292117979363,0.8501745484085079,292.25240478515633,268.2466645736694,-0.08214043689096164,0.7420663326175138,1333.0511564754731,24.605822236998335,0.31867725192751617
0.28,1332.8896385492558,36.50876112043869,24.60365209390259,3.2262648163496497,0.7657575970040853,0.8501947499265327,292.25240478515633,268.215862121582,-0.08224583363563534,0.7420663326175138,1332.8896385492558,24.60365209390259,0.3186345327375431
0.281,1332.7285362232458,36.5065547021798,24.601485903339867,3.2189870230072173,0.7657859091725361,0.85021024052407,292.25240478515633,268.18356732940674,-0.08235633672011468,0.7420663326175138,1332.7285362232458,24.601485903339867,0.31859186212590773
0.28200000000000003,1332.5678494974431,36.50435384303417,24.599323209845803,3.2117092296647836,0.7658141483032884,0.8502313097185588,292.25240478515633,268.14892512512205,-0.0824748719441795,0.7418277260796946,1332.5678494974431,24.599323209845803,0.31854923706048094
0.28300000000000003,1332.4075783718472,36.50215854400733,24.597165682610623,3.2044314363223507,0.7658423143963428,0.8502511400836148,292.25240478515633,268.1142829208374,-0.08259340716824413,0.7418277260796946,1332.4075783718472,24.597165682610623,0.3185066686722334
0.28400000000000003,1332.2477228464586,36.499968806102544,24.595011934561676,3.1971536429799174,0.7658704074516987,0.8502659114217099,292.25240478515633,268.0796407165527,-0.08271194239230897,0.7418277260796946,1332.2477228464586,24.595011934561676,0.3184641477188462
0.28500000000000003,1332.0882829212771,36.497784630320744,24.59285839145942,3.189875849637484,0.7658984274693565,0.8502829256174416,292.25240478515633,268.0449985122681,-0.0828304776163736,0.7415891195418755,1332.0882829212771,24.59285839145942,0.31842165037817
0.28600000000000003,1331.9292585963028,36.49560601766058,24.59070484835717,3.182598056295051,0.765926374449316,0.8502969760298409,292.25240478515633,268.0103563079834,-0.08294901284043843,0.7417661097852029,1331.9292585963028,24.59070484835717,0.3183791752880089
0.28700000000000003,1331.7706498715356,36.49343296911837,24.588551305254917,3.175320262952618,0.7659542483915773,0.8503175178851808,292.25240478515633,267.9757141036987,-0.08306754806450327,0.7419431845309143,1331.7706498715356,24.588551305254917,0.31833672245234784
0.28800000000000003,1331.6124567469756,36.49126548568815,24.586397762152664,3.1680424696101848,0.7659820492961403,0.8503359976212105,292.25240478515633,267.94107189941406,-0.0831860832885679,0.7421203438395415,1331.6124567469756,24.586397762152664,0.3182942918751626
0.289,1331.4546792226229,36.48910356836165,24.584245725639597,3.1607646762677564,0.7660097771630051,0.8503509933213557,292.25240478515633,267.9064296951294,-0.08330461851263253,0.7421203438395415,1331.4546792226229,24.584245725639597,0.31825189360345774
0.29,1331.2973172984769,36.48694721812825,24.58209704385095,3.153486882925314,0.7660374319921717,0.8503670029468493,292.25240478515633,267.8717874908448,-0.08342315373669718,0.7421203438395415,1331.2973172984769,24.58209704385095,0.3182095399610005
0.291,1331.1403709745384,36.484796435975056,24.57995007082074,3.14620908958289,0.76606501378364,0.8503835856632018,292.25240478515633,267.8371452865601,-0.083541688960762,0.7418815663801337,1331.1403709745384,24.57995007082074,0.3181672199796045
0.292,1330.983840250807,36.482651222886844,24.577803097790525,3.138931296240448,0.7660925225374101,0.8503952945074958,292.25240478515633,267.8025030822754,-0.08366022418482683,0.7422975877716742,1330.983840250807,24.577803097790525,0.31812492227249484
0.293,1330.8277251272825,36.48051157984606,24.575656124760318,3.131653502898024,0.7661199582534819,0.8504145290363275,292.25240478515633,267.76786087799076,-0.08377875940889147,0.7422975877716742,1330.8277251272825,24.575656124760318,0.31808264684360105
0.294,1330.6720256039653,36.478377507832846,24.573509151730107,3.124375709555582,0.7661473209318556,0.8504324819953181,292.25240478515633,267.73321867370606,-0.0838972946329563,0.7422975877716742,1330.6720256039653,24.573509151730107,0.3180403936968433
0.295,1330.5167416808554,36.47624900782502,24.571362178699896,3.1170979162131576,0.7661746105725309,0.8504482627217338,292.25240478515633,267.6985764694214,-0.08401582985702093,0.7422975877716742,1330.5167416808554,24.571362178699896,0.3179981628361324
0.296,1330.3618733579524,36.47412608079805,24.56921541074818,3.109820122870716,0.766201827175508,0.8504586131879187,292.25240478515633,267.66393426513673,-0.08413436508108577,0.7422975877716742,1330.3618733579524,24.56921541074818,0.3179559556324389
0.297,1330.2074206352565,36.47200872772511,24.56707288198863,3.102542329528291,0.766228970740787,0.8504795613280802,292.25240478515633,267.6292920608521,-0.0842529003051504,0.7424749163879598,1330.2074206352565,24.56707288198863,0.31791379898136357
0.298,1330.0533835127678,36.46989694957703,24.5649339716115,3.095264536185849,0.7662560412683677,0.8504977810883989,292.25240478515633,267.60689590454103,-0.08432953322910366,0.7428298279158699,1330.0533835127678,24.5649339716115,0.31787168874842425
0.299,1329.8997619904865,36.467790747322304,24.562795061234368,3.087986742843426,0.76628303875825,0.8505189887224632,292.25240478515633,267.59208854675296,-0.08438019956253882,0.7425908221797323,1329.8997619904865,24.562795061234368,0.3178296008170824
0.3,1329.746556068412,36.4656901219271,24.56065615085724,3.0807089495009836,0.7663099632104342,0.8505333379764405,292.25240478515633,267.5772811889649,-0.08443086589597398,0.7427683480755438,1329.746556068412,24.56065615085724,0.3177875351912024
0.301,1329.5937657465447,36.463595074355254,24.55851724048011,3.0734311561585588,0.7663368146249202,0.8505472376832288,292.25240478515633,267.56247383117676,-0.08448153222940934,0.7429459588713534,1329.5937657465447,24.55851724048011,0.3177454918746391
0.302,1329.4413910248845,36.46150560556824,24.556380966239658,3.066153362816116,0.7663635930017079,0.8505613366378113,292.25240478515633,267.5476664733887,-0.0845321985628445,0.7429459588713534,1329.4413910248845,24.556380966239658,0.31770348844392565
0.303,1329.2894319034317,36.459421716525235,24.554247611612215,3.058875569473692,0.7663902983407973,0.8505775273629875,292.25240478515633,267.5328591156006,-0.08458286489627967,0.7429459588713534,1329.2894319034317,24.554247611612215,0.3176615267925732
0.304,1329.137888382186,36.45734340818302,24.55212128105201,3.05159777613125,0.7664169306421885,0.8505916876678226,292.25240478515633,267.5170967529297,-0.08463679896974771,0.7428844773977518,1329.137888382186,24.55212128105201,0.3176196342850125
0.305,1328.9867604611472,36.455270681496074,24.549998071213135,3.0443199827888265,0.7664434899058815,0.8506071415074041,292.25240478515633,267.50011922454837,-0.08469489097550496,0.7428844773977518,1328.9867604611472,24.549998071213135,0.31757778490506056
0.306,1328.8360481403156,36.45320353741651,24.54787486137425,3.0370421894463835,0.7664699761318763,0.850618781473191,292.25240478515633,267.4757571685791,-0.08477825061795918,0.7428844773977518,1328.8360481403156,24.54787486137425,0.31753595785355965
0.307,1328.685751419691,36.4511419768941,24.545751651535376,3.0297643961039604,0.7664963893201728,0.850633235359864,292.25240478515633,267.4584495239258,-0.08483747218250369,0.7428844773977518,1328.685751419691,24.545751651535376,0.3174941531343088
0.308,1328.535870299274,36.449086000876264,24.543628441696494,3.0224866027615174,0.766522729470771,0.8506486128328351,292.25240478515633,267.4570025146484,-0.08484242341388351,0.742822966507177,1328.535870299274,24.543628441696494,0.3174523707510971
0.309,1328.386404779064,36.44703561030806,24.54150523185762,3.0152088094190934,0.7665489965836711,0.8506689753551228,292.25240478515633,267.4591483520508,-0.08483508100243621,0.742822966507177,1328.386404779064,24.54150523185762,0.31741061070770465
0.31,1328.2373548590606,36.4449908061322,24.53938277130065,3.0079310160766517,0.7665751906588729,0.8506836512148794,292.25240478515633,267.4558859863281,-0.08484624383863294,0.7425837320574162,1328.2373548590606,24.53938277130065,0.31736887800267205
0.311,1328.0887205392648,36.442951589289045,24.537262868020807,3.0006532227342273,0.7666013116963765,0.8506938297959648,292.25240478515633,267.45155618896484,-0.08486105910547886,0.7425837320574162,1328.0887205392648,24.537262868020807,0.3173271846919939
0.312,1327.9405018196762,36.44091796071658,24.535142964740942,2.993375429391785,0.7666273596961818,0.8507149633921587,292.25240478515633,267.4472263916016,-0.08487587437232479,0.7425837320574162,1327.9405018196762,24.535142964740942,0.31728551373241803
0.313,1327.7926987002943,36.43888992135044,24.533023061461094,2.986097636049361,0.7666533346582889,0.8507277291832644,292.25240478515633,267.4428965942383,-0.0848906896391709,0.7423444976076555,1327.7926987002943,24.533023061461094,0.31724386512768693
0.314,1327.6453111811202,36.43686747212389,24.530907725874403,2.978819842706919,0.7666792365826977,0.8507433812066468,292.25240478515633,267.438566796875,-0.08490550490601682,0.7423444976076555,1327.6453111811202,24.530907725874403,0.317202269330123
0.315,1327.498339262153,36.434850613967846,24.528793137608943,2.971542049364494,0.7667050654694083,0.8507566155161421,292.25240478515633,267.43423699951177,-0.08492032017286275,0.7423444976076555,1327.498339262153,24.528793137608943,0.31716070087655995
0.316,1327.3517829433927,36.43283934781083,24.52667982621154,2.9642642560220525,0.7667308213184206,0.8507719391470394,292.25240478515633,267.42990720214846,-0.08493513543970888,0.7421669457067687,1327.3517829433927,24.52667982621154,0.3171191633007108
0.317,1327.2056422248397,36.430833674579006,24.52456791828155,2.9569864626796285,0.7667565041297347,0.8507870747924109,292.25240478515633,267.4255774047852,-0.0849499507065548,0.741927768476441,1327.2056422248397,24.52456791828155,0.31707765745020094
0.318,1327.0599171064937,36.42883359519618,24.522456010351558,2.9497086693371863,0.7667821139033506,0.8508030744003077,292.25240478515633,267.4212476074219,-0.08496476597340091,0.741866028708134,1327.0599171064937,24.522456010351558,0.3170361739731047
0.319,1326.914607588355,36.426839110583764,24.520344102421564,2.9424308759947624,0.7668076506392683,0.8508176598607883,292.25240478515633,267.41691781005864,-0.08497958124024683,0.741866028708134,1326.914607588355,24.520344102421564,0.3169947128731074
0.32,1326.7697136704235,36.42485022166081,24.51823219449157,2.9351530826523202,0.7668331143374877,0.8508333730537451,292.25240478515633,267.4125880126953,-0.08499439650709295,0.7416885912461134,1326.7697136704235,24.51823219449157,0.3169532741538849
0.321,1326.6252353526988,36.422866929343975,24.516122393492022,2.9278752893098954,0.7668585049980089,0.8508509159336739,292.25240478515633,267.40825821533207,-0.08500921177393887,0.741927768476441,1326.6252353526988,24.516122393492022,0.31691187186406217
0.322,1326.4811726351816,36.42088923454755,24.514015379903064,2.9205974959674537,0.7668838226208319,0.8508665555504934,292.25240478515633,267.40392841796876,-0.08502402704078499,0.7422828427853554,1326.4811726351816,24.514015379903064,0.31687051054342835
0.323,1326.3375255178714,36.41891713818344,24.5119152225067,2.9133197026250297,0.7669090672059565,0.8508818916080287,292.25240478515633,267.3995986206055,-0.08503884230763091,0.7421052631578947,1326.3375255178714,24.5119152225067,0.316829217318441
0.324,1326.1942940007682,36.41695064116116,24.5098197262402,2.9060419092825875,0.766934238753383,0.8508986446837548,292.25240478515633,267.3952688232422,-0.08505365757447703,0.7421052631578947,1326.1942940007682,24.5098197262402,0.3167879775602827
0.325,1326.0514780838723,36.41498974438785,24.507730004915285,2.8987641159401627,0.7669593372631112,0.8509153289813505,292.25240478515633,267.39093902587894,-0.08506847284132295,0.7421052631578947,1326.0514780838723,24.507730004915285,0.3167467986973354
0.326,1325.9090777671836,36.41303444876825,24.50564294837379,2.8914863225977205,0.7669843627351411,0.8509320968526053,292.25240478515633,267.3866092285156,-0.08508328810816908,0.7421052631578947,1325.9090777671836,24.50564294837379,0.31670566000066686
0.327,1325.7670930507018,36.411084755204726,24.5035558918323,2.8842085292552966,0.7670093151694729,0.8509460021804901,292.25240478515633,267.3822794311524,-0.0850981033750148,0.741866028708134,1325.7670930507018,24.5035558918323,0.31666454371023744
0.328,1325.6255239344275,36.40914066459723,24.501470693613506,2.8769307359128544,0.7670341945661063,0.8509596540370755,292.25240478515633,267.3779496337891,-0.08511291864186092,0.741866028708134,1325.6255239344275,24.501470693613506,0.316623462217367
0.329,1325.4843704183602,36.40720217784333,24.499386350049537,2.8696529425704314,0.7670590009250416,0.8509783095728968,292.25240478515633,267.37361983642586,-0.08512773390870684,0.741866028708134,1325.4843704183602,24.499386350049537,0.31658240883511896
0.33,1325.3436325024998,36.4052692958382,24.497302006485572,2.8623751492279887,0.7670837342462786,0.8509938101679557,292.25240478515633,267.36929003906255,-0.08514254917555296,0.741866028708134,1325.3436325024998,24.497302006485572,0.31654137786987996
0.331,1325.203310186847,36.40334201947463,24.49522046300839,2.8550973558855643,0.7671083945298174,0.8510086983445557,292.25240478515633,267.3649602416993,-0.08515736444239888,0.741866028708134,1325.203310186847,24.49522046300839,0.316500387990812
0.332,1325.0634034714005,36.40142034964296,24.493149059580215,2.847819562543122,0.767132981775658,0.8510247662487744,292.25240478515633,267.360630444336,-0.085172179709245,0.741866028708134,1325.0634034714005,24.493149059580215,0.31645948813022245
0.333,1324.923912356162,36.399504287231196,24.491082358599996,2.840541769200698,0.7671574959838003,0.8510427911577996,292.25240478515633,267.3563006469727,-0.08518699497609092,0.741866028708134,1324.923912356162,24.491082358599996,0.31641864204420106
0.334,1324.7848368411298,36.39759383312487,24.489018589347555,2.833263975858256,0.7671819371542444,0.8510596928513007,292.25240478515633,267.3519708496094,-0.08520181024293703,0.741866028708134,1324.7848368411298,24.489018589347555,0.31637783793253416
0.335,1324.6461769263058,36.39568898820718,24.486958521424103,2.8259861825158312,0.7672063052869902,0.8510762908048398,292.25240478515633,267.34764105224616,-0.08521662550978296,0.741866028708134,1324.6461769263058,24.486958521424103,0.31633708092897456
0.336,1324.5079326116881,36.39378975335886,24.484902972110543,2.818708389173389,0.7672306003820378,0.8510910277137191,292.25240478515633,267.3433112548829,-0.08523144077662888,0.7416267942583732,1324.5079326116881,24.484902972110543,0.31629637648510134
0.337,1324.3701038972779,36.391896129458246,24.482858033710066,2.8114305958309656,0.7672548224393871,0.851105214638461,292.25240478515633,267.3389814575196,-0.08524625604347501,0.7416267942583732,1324.3701038972779,24.482858033710066,0.3162557652161841
0.338,1324.232690783075,36.39000811738127,24.480819511447805,2.8041528024885234,0.7672789714590382,0.8511223085333102,292.25240478515633,267.33465166015634,-0.08526107131032093,0.7422211584490187,1324.232690783075,24.480819511447805,0.31621521916303774
0.339,1324.0956932690788,36.388125718001454,24.478781508185495,2.7968750091460985,0.7673030474409912,0.8511414735412239,292.25240478515633,267.3303218627931,-0.08527588657716685,0.7423988508498923,1324.0956932690788,24.478781508185495,0.3161746990183843
0.34,1323.95911135529,36.38624893218989,24.47674507550982,2.7895972158036573,0.7673270503852458,0.851152648220752,292.25240478515633,267.3259920654298,-0.08529070184401297,0.7423988508498923,1323.95911135529,24.47674507550982,0.31613421179566437
0.341,1323.8229450417082,36.38437776081526,24.47471681183118,2.782319422461232,0.7673509802918022,0.8511693001167417,292.25240478515633,267.32166226806646,-0.08530551711085908,0.7423371647509579,1323.8229450417082,24.47471681183118,0.3160938014838579
0.342,1323.6871943283334,36.382512204743826,24.472693081569286,2.7750416291187903,0.7673748371606604,0.8511836970295867,292.25240478515633,267.3173324707032,-0.085320332377705,0.7423371647509579,1323.6871943283334,24.472693081569286,0.31605344385137496
0.343,1323.5518592151661,36.380652264839426,24.47067719313134,2.7677638357763663,0.7673986209918203,0.8511973903417585,292.25240478515633,267.30786086578377,-0.08535274136652549,0.7422754491017964,1323.5518592151661,24.47067719313134,0.31601316095576465
0.34400000000000003,1323.4169397022058,36.37879794196347,24.468663948345924,2.760486042433924,0.767422331785282,0.8512092736809467,292.25240478515633,267.29435421142585,-0.08539895708327157,0.742453282223287,1323.4169397022058,24.468663948345924,0.31597291814906625
0.34500000000000003,1323.2824357894524,36.37694923697495,24.466657784462793,2.7532082490915,0.7674459695410455,0.8512237880546325,292.25240478515633,267.280847557068,-0.08544517280001745,0.742453282223287,1323.2824357894524,24.466657784462793,0.3159327450137599
0.34600000000000003,1323.1483474769068,36.37510615073043,24.464667428461475,2.7459304557490576,0.7674695342591106,0.8512383669705508,292.25240478515633,267.26734090271003,-0.08549138851676373,0.742453282223287,1323.1483474769068,24.464667428461475,0.31589269972798034
0.34700000000000003,1323.0146747645679,36.37326868408403,24.462684199784388,2.738652662406634,0.7674930259394777,0.8512543894442649,292.25240478515633,267.2538342483521,-0.0855376042335098,0.742453282223287,1323.0146747645679,24.462684199784388,0.31585272442988716
0.34800000000000003,1322.881417652436,36.37143683788745,24.460707238033006,2.7313748690641924,0.7675164445821463,0.8512686022461258,292.25240478515633,267.2403275939942,-0.08558381995025588,0.7428092042186002,1322.881417652436,24.460707238033006,0.3158128133874045
0.34900000000000003,1322.7485761405112,36.36961061298995,24.458735626762547,2.724097075721767,0.7675397901871168,0.8512861139891952,292.25240478515633,267.2268209396363,-0.08563003566700196,0.7428092042186002,1322.7485761405112,24.458735626762547,0.315772960494839
0.35000000000000003,1322.6161502287937,36.367790010238366,24.456769750660637,2.716819282379326,0.7675630627543891,0.8513019534962196,292.25240478515633,267.2133142852784,-0.08567625138374804,0.7429872932150563,1322.6161502287937,24.456769750660637,0.31573316831993425
0.35100000000000003,1322.4841399172835,36.365975030477095,24.454810236730903,2.709541489036901,0.7675862622839631,0.8513158192756757,292.25240478515633,267.19980763092053,-0.08572246710049393,0.7433437275125929,1322.4841399172835,24.454810236730903,0.3156934410457217
0.352,1322.35254520598,36.36416567454807,24.45285353785605,2.702263695694464,0.767609388775839,0.8513291623935382,292.25240478515633,267.1863009765626,-0.08576868281724001,0.7433437275125929,1322.35254520598,24.45285353785605,0.315653755030215
0.353,1322.2213660948842,36.362361943290814,24.450899762049463,2.694985902352031,0.7676324422300165,0.8513438558192215,292.25240478515633,267.1727943222047,-0.08581489853398609,0.7433437275125929,1322.2213660948842,24.450899762049463,0.3156141109967973
0.354,1322.0906025839954,36.360563837542394,24.448945986242872,2.6877081090095976,0.7676554226464957,0.8513600426899316,292.25240478515633,267.15928766784674,-0.08586111425073237,0.7433437275125929,1322.0906025839954,24.448945986242872,0.3155744894634215
0.355,1321.9602546733133,36.35877135813741,24.44700544114834,2.6804303156671647,0.7676783300252767,0.8513783347014149,292.25240478515633,267.14578101348883,-0.08590732996747845,0.7433437275125929,1321.9602546733133,24.44700544114834,0.31553497863035807
0.356,1321.8303223628388,36.35698450590806,24.44506522793132,2.6731525223247314,0.7677011643663596,0.8513921921094524,292.25240478515633,267.187854675293,-0.0857633665265784,0.7433437275125929,1321.8303223628388,24.44506522793132,0.31549549251632375
0.357,1321.7008056525713,36.355203281684055,24.44312648033115,2.665874728982299,0.7677239256697442,0.8514073099881441,292.25240478515633,267.2544558410645,-0.08553547732983956,0.7433437275125929,1321.7008056525713,24.44312648033115,0.31545603868222977
0.358,1321.5717045425113,36.35342768629268,24.44118944453387,2.658596935639865,0.7677466139354305,0.8514183782884215,292.25240478515633,267.32105700683593,-0.0853075881331009,0.7433437275125929,1321.5717045425113,24.44118944453387,0.3154166187724798
0.359,1321.4430190326577,36.35165772055874,24.43925634747485,2.651319142297432,0.7677692291634186,0.8514373699256602,292.25240478515633,267.3173185836792,-0.08532037989493252,0.7433437275125929,1321.4430190326577,24.43925634747485,0.3153772476352932
0.36,1321.3147491230116,36.349893385304604,24.437325455424954,2.6440413489549983,0.7677917713537086,0.8514531363785062,292.25240478515633,267.2930881958008,-0.08540328900870424,0.7433437275125929,1321.3147491230116,24.437325455424954,0.31533791371678893
0.361,1321.1868948135727,36.348134681350196,24.435398809634066,2.6367635556125655,0.7678142405063001,0.8514661683686798,292.25240478515633,267.2688578079224,-0.08548619812247596,0.7433437275125929,1321.1868948135727,24.435398809634066,0.31529863062737346
0.362,1321.0594561043408,36.346381609512946,24.43347957725943,2.6294857622701326,0.7678366366211935,0.8514792104969024,292.25240478515633,267.24462742004397,-0.08556910723624786,0.7433437275125929,1321.0594561043408,24.43347957725943,0.31525941948282704
0.363,1320.932432995316,36.344634170607854,24.431561470347145,2.622207968927699,0.7678589596983887,0.8514950481770707,292.25240478515633,267.25615553283694,-0.08552966149481266,0.7433437275125929,1320.932432995316,24.431561470347145,0.31522023837043067
0.364,1320.8058254864984,36.34289236544745,24.429643363434863,2.614930175585266,0.7678812097378857,0.8515101677220158,292.25240478515633,267.25283587646487,-0.0855410203624138,0.7433437275125929,1320.8058254864984,24.429643363434863,0.3151810797910166
0.365,1320.6796335778884,36.341156194841794,24.427725256522578,2.6076523822428332,0.7679033867396843,0.8515246172924895,292.25240478515633,267.2495162200928,-0.08555237923001495,0.7435220729366603,1320.6796335778884,24.427725256522578,0.3151419437478248
0.366,1320.553857269485,36.33942565959849,24.425811790614578,2.6003745889004004,0.7679254907037847,0.8515416322510844,292.25240478515633,267.24619656372073,-0.0855637380976161,0.7435220729366603,1320.553857269485,24.425811790614578,0.31510286118137276
0.367,1320.4284965612887,36.33770076052266,24.423899324906394,2.5930967955579662,0.767947521630187,0.8515597160812455,292.25240478515633,267.24287690734866,-0.08557509696521723,0.7435220729366603,1320.4284965612887,24.423899324906394,0.3150638078250012
0.368,1320.3035514532996,36.33598149841696,24.421987346738884,2.585819002215534,0.7679694795188909,0.8515776080111888,292.25240478515633,267.23955725097665,-0.08558645583281818,0.7435220729366603,1320.3035514532996,24.421987346738884,0.3150247802644959
0.369,1320.179021945518,36.3342678740816,24.420075368571386,2.5785412088731,0.7679913643698966,0.8515926237465276,292.25240478515633,267.2362375946046,-0.08559781470041933,0.7435220729366603,1320.179021945518,24.420075368571386,0.31498577525307403
0.37,1320.054908037943,36.33255988831427,24.418163390403876,2.5712634155306673,0.7680131761832041,0.851607663291225,292.25240478515633,267.2329179382325,-0.08560917356802047,0.7435220729366603,1320.054908037943,24.418163390403876,0.314946792793926
0.371,1319.9312097305756,36.330857541910234,24.416251412236367,2.563985622188234,0.7680349149588133,0.851620854037223,292.25240478515633,267.2295982818605,-0.08562053243562143,0.7435220729366603,1319.9312097305756,24.416251412236367,0.3149078328902327
0.372,1319.807927023415,36.329160835662236,24.414344610080153,2.5567078288458007,0.7680565806967243,0.8516344419739114,292.25240478515633,267.2262786254884,-0.08563189130322257,0.7437005039596832,1319.807927023415,24.414344610080153,0.31486893004884964
0.373,1319.6850599164618,36.32746977036058,24.41244121261029,2.549430035503368,0.7680781733969371,0.8516546031404938,292.25240478515633,267.22295896911635,-0.08564325017082372,0.7437005039596832,1319.6850599164618,24.41244121261029,0.31483007246515105
0.374,1319.5626084097153,36.32578434679306,24.410537870237295,2.5421522421609346,0.7680996930594517,0.8516708274115706,292.25240478515633,267.2196393127443,-0.08565460903842485,0.7437005039596832,1319.5626084097153,24.410537870237295,0.3147912378136695
0.375,1319.4405725031763,36.324104565744996,24.408636976872558,2.5348744488185013,0.768121139684268,0.8516840089028346,292.25240478515633,267.21631965637226,-0.0856659679060258,0.7437005039596832,1319.4405725031763,24.408636976872558,0.31475244205554154
0.376,1319.3189521968445,36.32243042799923,24.406739274890633,2.527596655476068,0.7681425132713859,0.8517005558449234,292.25240478515633,267.2130000000002,-0.08567732677362695,0.743638982237158,1319.3189521968445,24.406739274890633,0.3147136901426233
0.377,1319.19774749072,36.320761934336126,24.404857103551716,2.520318862133635,0.7681638138208058,0.8517170560315348,292.25240478515633,267.20343675842304,-0.08571004931558238,0.7438175270108043,1319.19774749072,24.404857103551716,0.3146750643324828
0.378,1319.0769583848023,36.31909908553353,24.402976073782924,2.513041068791202,0.7681850413325274,0.8517297654711488,292.25240478515633,267.18752532348657,-0.08576449346959428,0.7438175270108043,1319.0769583848023,24.402976073782924,0.31463646870957707
0.379,1318.956584879092,36.31744188236682,24.401097615275276,2.5057632754487686,0.7682061958065507,0.8517450896440802,292.25240478515633,267.17161388855,-0.08581893762360655,0.7438175270108043,1318.956584879092,24.401097615275276,0.31459791280743654
0.38,1318.8366269735884,36.315790325608894,24.399220516187434,2.498485482106335,0.7682272772428758,0.8517635212193585,292.25240478515633,267.1557024536135,-0.08587338177761845,0.7438175270108043,1318.8366269735884,24.399220516187434,0.31455938855092597
0.381,1318.717084668292,36.314144416030125,24.39734489526853,2.4912076887639034,0.7682482856415027,0.8517740358014845,292.25240478515633,267.14847037353536,-0.08589812778469912,0.7438175270108043,1318.717084668292,24.39734489526853,0.3145208967347173
0.382,1318.597957963203,36.312504154398425,24.39547199131213,2.4839298954214697,0.7682692210024313,0.8517885691463708,292.25240478515633,267.14414057617205,-0.08591294305154523,0.7435774309723889,1318.597957963203,24.39547199131213,0.314482445619774
0.383,1318.4792468583214,36.31086954147919,24.393601650903616,2.4766521020790364,0.7682900833256616,0.851806557578495,292.25240478515633,267.1398107788088,-0.08592775831839115,0.7437560038424592,1318.4792468583214,24.393601650903616,0.3144440341864839
0.384,1318.3609513536462,36.309240578035315,24.391735145814327,2.4693743087366022,0.7683108726111939,0.8518204697520723,292.25240478515633,267.13548098144554,-0.08594257358523708,0.7437560038424592,1318.3609513536462,24.391735145814327,0.31440567091562277
0.385,1318.2430714491786,36.30761726482721,24.389874220031874,2.46209651539417,0.7683315888590277,0.851832005848027,292.25240478515633,267.1311511840823,-0.085957388852083,0.7437560038424592,1318.2430714491786,24.389874220031874,0.31436736743578597
0.386,1318.1256071449184,36.305999602612765,24.38802289027673,2.454818722051737,0.7683522320691634,0.8518467593190654,292.25240478515633,267.126821386719,-0.08597220411892911,0.7435774309723889,1318.1256071449184,24.38802289027673,0.31432915052576893
0.387,1318.0085584408648,36.304387592147386,24.38617967387858,2.4475409287093037,0.7683728022416009,0.8518635001086805,292.25240478515633,267.12249158935566,-0.08598701938577523,0.7435774309723889,1318.0085584408648,24.38617967387858,0.31429101030499984
0.388,1317.8919253370184,36.30278123418395,24.38433710158117,2.44026313536687,0.76839329937634,0.8518727087695723,292.25240478515633,267.1181617919924,-0.08600183465262115,0.7435774309723889,1317.8919253370184,24.38433710158117,0.31425289698585995
0.389,1317.7757078333796,36.30118052947286,24.382496028077515,2.4329853420244376,0.768413723473381,0.8518852342588048,292.25240478515633,267.11383199462915,-0.08601664991946709,0.7435774309723889,1317.7757078333796,24.382496028077515,0.3142148162687991
0.39,1317.6599059299474,36.299585478761976,24.380663505294812,2.4257075486820043,0.7684340745327237,0.8518972599522607,292.25240478515633,267.1095021972659,-0.08603146518631301,0.7435774309723889,1317.6599059299474,24.380663505294812,0.31417681516549156
0.391,1317.5445196267226,36.29799608279667,24.378836160467262,2.418429755339571,0.7684543525543681,0.8519131444481322,292.25240478515633,267.1051723999026,-0.08604628045315912,0.7437560038424592,1317.5445196267226,24.378836160467262,0.3141388711958051
0.392,1317.4295489237052,36.2964123423198,24.37701248800872,2.4111519619971373,0.7684745575383144,0.8519210543145374,292.25240478515633,267.10084260253933,-0.08606109572000505,0.7437560038424592,1317.4295489237052,24.37701248800872,0.31410097432635914
0.393,1317.3149938208944,36.29483425807169,24.37519438522528,2.4038741686547045,0.7684946894845623,0.8519325500389741,292.25240478515633,267.096512805176,-0.08607591098685116,0.7441134070158577,1317.3149938208944,24.37519438522528,0.31406313720770157
0.394,1317.200854318291,36.29326183079017,24.373376723376566,2.396596375312271,0.7685147483931122,0.8519465434173199,292.25240478515633,267.09218300781276,-0.08609072625369708,0.7442922374429224,1317.200854318291,24.373376723376566,0.31402532565421004
0.395,1317.0871304158943,36.291695061210554,24.371559061527858,2.389318581969838,0.7685347342639638,0.8519598466253975,292.25240478515633,267.08785321044945,-0.0861055415205432,0.7442922374429224,1317.0871304158943,24.371559061527858,0.3139875367295212
0.396,1316.9738221137056,36.29013395006562,24.369745296322225,2.3820407886274055,0.768554647097117,0.8519702599675611,292.25240478515633,267.0835234130862,-0.08612035678738912,0.7442922374429224,1316.9738221137056,24.369745296322225,0.3139497964118849
0.397,1316.8609294117236,36.28857849808564,24.367935151144195,2.3747629952849723,0.768574486892572,0.8519845655777396,292.25240478515633,267.0791936157229,-0.08613517205423524,0.7442922374429224,1316.8609294117236,24.367935151144195,0.31391210286028215
0.398,1316.7484523099486,36.28702870599835,24.366127845130208,2.3674852019425385,0.7685942536503289,0.851999094445824,292.25240478515633,267.07486381835963,-0.08614998732108116,0.7444711538461538,1316.7484523099486,24.366127845130208,0.3138744508723278
0.399,1316.636390808381,36.28548457452899,24.364323246475507,2.3602074086001057,0.7686139473703874,0.8520088773418697,292.25240478515633,267.0705340209964,-0.0861648025879271,0.7444097138735273,1316.636390808381,24.364323246475507,0.3138368395723019
0.4,1316.5247449070202,36.28394610440022,24.362525967031836,2.3529296152576724,0.7686335680527477,0.8520194599794133,292.25240478515633,267.06620422363306,-0.08617961785477321,0.7444097138735273,1316.5247449070202,24.362525967031836,0.3137992997060495
0.401,1316.4135146058668,36.282413296332244,24.36073113782196,2.34565182191524,0.7686531156974099,0.8520328275891961,292.25240478515633,267.0618744262698,-0.08619443312161913,0.7441692714594854,1316.4135146058668,24.36073113782196,0.3137617988194784
0.402,1316.3026999049207,36.28088615104268,24.358942069679046,2.3383740285728063,0.7686725903043736,0.8520456814307628,292.25240478515633,267.0575446289065,-0.08620924838846525,0.7441692714594854,1316.3026999049207,24.358942069679046,0.3137243589857247
0.403,1316.1923008041815,36.27936466924664,24.35715523435501,2.331096235230373,0.7686919918736392,0.852063765501828,292.25240478515633,267.05321483154324,-0.08622406365531117,0.7443482443482443,1316.1923008041815,24.35715523435501,0.31368695668807844
0.404,1316.0823173036495,36.2778488516567,24.355368855719714,2.3238184418879397,0.7687113204052067,0.8520770359670189,292.25240478515633,267.04888503417993,-0.08623887892215729,0.7441077441077442,1316.0823173036495,24.355368855719714,0.31364958008957117
0.405,1315.9727494033243,36.2763386989829,24.35358247708443,2.316540648545507,0.7687305758990759,0.8520915766594812,292.25240478515633,267.04455523681673,-0.08625369418900301,0.7442867452489776,1315.9727494033243,24.35358247708443,0.313612226148721
0.406,1315.8635971032065,36.27483421193275,24.351796098449146,2.309262855203074,0.7687497583552467,0.8521080081482638,292.25240478515633,267.04022543945337,-0.08626850945584932,0.7442867452489776,1315.8635971032065,24.351796098449146,0.31357489486835766
0.40700000000000003,1315.7548604032959,36.27333539121121,24.35000971981387,2.301985061860641,0.7687688677737194,0.8521220634188965,292.25240478515633,267.0358956420901,-0.08628332472269525,0.7438056290594178,1315.7548604032959,24.35000971981387,0.3135375862513008
0.40800000000000003,1315.6465393035926,36.27184223752073,24.348225264014225,2.2947072685182075,0.7687879041544938,0.8521317688040371,292.25240478515633,267.03156584472686,-0.08629813998954117,0.7438056290594178,1315.6465393035926,24.348225264014225,0.3135003131181283
0.40900000000000003,1315.538633804096,36.27035475156117,24.346446347149307,2.287429475175774,0.76880686749757,0.8521488628996396,292.25240478515633,267.0272360473636,-0.0863129552563871,0.7438056290594178,1315.538633804096,24.346446347149307,0.31346309957683116
0.41000000000000003,1315.431143904807,36.26887293402991,24.344670565744163,2.280151681833342,0.7688257578029479,0.852165470890851,292.25240478515633,267.0229062500003,-0.08632777052323322,0.7436267436267436,1315.431143904807,24.344670565744163,0.3134259296084516
0.41100000000000003,1315.324069605725,36.26739678562173,24.342898196748905,2.272873888490907,0.7688445750706276,0.8521805663253076,292.25240478515633,267.018576452637,-0.08634258579007933,0.7433862433862434,1315.324069605725,24.342898196748905,0.3133888050619391
0.41200000000000003,1315.21741090685,36.26592630702889,24.34113028336684,2.265596095148475,0.7688633193006091,0.8521944470006694,292.25240478515633,267.0142466552737,-0.08635740105692526,0.743565070964638,1315.21741090685,24.34113028336684,0.3133517328941351
0.41300000000000003,1315.1111678081822,36.26446149894111,24.339362369984777,2.258318301806042,0.7688819904928923,0.8522080621996756,292.25240478515633,267.00991685791047,-0.08637221632377118,0.743565070964638,1315.1111678081822,24.339362369984777,0.31331468340634183
0.41400000000000003,1315.0053403097218,36.26300236204556,24.33759482907828,2.2510405084636087,0.7689005886474773,0.8522217391102909,292.25240478515633,267.00558706054716,-0.0863870315906173,0.743565070964638,1315.0053403097218,24.33759482907828,0.3132776590842581
0.41500000000000004,1314.899928411468,36.261548897026834,24.335828611013632,2.2437627151211754,0.7689191137643641,0.8522360292223032,292.25240478515633,267.0012572631839,-0.08640184685746322,0.7437439846005774,1314.899928411468,24.335828611013632,0.313240666265836
0.41600000000000004,1314.7949321134215,36.260101104567006,24.334063273006382,2.2364849217787417,0.7689375658435526,0.8522512355931134,292.25240478515633,266.9969274658206,-0.08641666212430933,0.7437439846005774,1314.7949321134215,24.334063273006382,0.31320370200216885
0.417,1314.6903514155824,36.25865898534559,24.33229901801427,2.229207128436305,0.7689559448850429,0.8522651187377424,292.25240478515633,266.99259766845734,-0.08643147739115525,0.7437439846005774,1314.6903514155824,24.33229901801427,0.31316676764890616
0.418,1314.5861863179505,36.25722254003953,24.33053681331468,2.221929335093881,0.7689742508888349,0.8522754457358496,292.25240478515633,266.9882678710941,-0.08644629265800118,0.7437439846005774,1314.5861863179505,24.33053681331468,0.3131298696566999
0.419,1314.4824368205254,36.255791769323224,24.32877506988622,2.214651541751439,0.7689924838549287,0.8522882740215028,292.25240478515633,266.97615093231235,-0.08648775318521443,0.7437439846005774,1314.4824368205254,24.32877506988622,0.31309299743571023
0.42,1314.3791029233075,36.25436667386851,24.3270156619608,2.2073737484090143,0.7690106437833242,0.8523020207943167,292.25240478515633,266.95710525512726,-0.08655292177535516,0.7439229843561973,1314.3791029233075,24.3270156619608,0.3130561634823965
0.421,1314.276184626297,36.252947254344676,24.325256922888855,2.2000959550665717,0.7690287306740216,0.8523153647151929,292.25240478515633,266.93805957794217,-0.0866180903654959,0.7439229843561973,1314.276184626297,24.325256922888855,0.31301935668942305
0.422,1314.1736819294933,36.25153351141843,24.323503278874007,2.1928181617241487,0.7690467445270206,0.8523291368833177,292.25240478515633,266.91901390075714,-0.08668325895563646,0.7439229843561973,1314.1736819294933,24.323503278874007,0.31298260656486626
0.423,1314.0715948328968,36.25012544575393,24.321749634859163,2.1855403683817065,0.7690646853423215,0.8523396006948976,292.25240478515633,266.89996822357205,-0.0867484275457772,0.7439229843561973,1314.0715948328968,24.321749634859163,0.31294587914734456
0.424,1313.9699233365077,36.248723058012786,24.31999599084432,2.1782625750392826,0.7690825531199241,0.8523493371566713,292.25240478515633,266.880922546387,-0.08681359613591776,0.7439229843561973,1313.9699233365077,24.31999599084432,0.31290917443950417
0.425,1313.8686674403252,36.247326348853996,24.318246352318653,2.17098478169684,0.7691003478598285,0.8523626906735622,292.25240478515633,266.8618768692019,-0.08687876472605849,0.7439229843561973,1313.8686674403252,24.318246352318653,0.3128725191448762
0.426,1313.7678271443503,36.245935318934045,24.316497353521036,2.1637069883544156,0.7691180695620345,0.8523718840771922,292.25240478515633,266.8428311920169,-0.08694393331619904,0.7439229843561973,1313.7678271443503,24.316497353521036,0.31283589082966684
0.427,1313.6674024485826,36.24454996890681,24.314748354723417,2.156429195011973,0.7691357182265425,0.8523830281418199,292.25240478515633,266.8237855148318,-0.08700910190633979,0.7439229843561973,1313.6674024485826,24.314748354723417,0.31279928523201544
0.428,1313.567393353022,36.24317029942362,24.312999355925797,2.149151401669549,0.7691532938533521,0.8523971763010715,292.25240478515633,266.80473983764676,-0.08707427049648034,0.7439229843561973,1313.567393353022,24.312999355925797,0.3127627023545272
0.429,1313.4677998576683,36.24179631113321,24.31125035712817,2.141873608327107,0.7691707964424636,0.8524057498382899,292.25240478515633,266.7856941604617,-0.08713943908662107,0.7439229843561973,1313.4677998576683,24.31125035712817,0.3127261421997967
0.43,1313.3686219625217,36.24042800468175,24.309501358330554,2.1345958149846833,0.7691882259938767,0.8524191409161503,292.25240478515633,266.76664848327664,-0.08720460767676162,0.7439229843561973,1313.3686219625217,24.309501358330554,0.3126896047704086
0.431,1313.2698596675825,36.23906538071288,24.30775235953293,2.1273180216422407,0.7692055825075916,0.8524338468688485,292.25240478515633,266.74760280609155,-0.08726977626690237,0.7436823104693141,1313.2698596675825,24.30775235953293,0.312653090068937
0.432,1313.1715129728505,36.23770843986759,24.30600720178742,2.1200402282998168,0.7692228659836083,0.852447639935407,292.25240478515633,266.72855712890646,-0.08733494485704311,0.7436823104693141,1313.1715129728505,24.30600720178742,0.31261662370269117
0.433,1313.073581878325,36.236357182784324,24.30426324090792,2.112762434957374,0.7692400764219268,0.8524591282118908,292.25240478515633,266.7095114517214,-0.08740011344718367,0.7436823104693141,1313.073581878325,24.30426324090792,0.31258018804787907
0.434,1312.976066384007,36.235011610098965,24.30252163785423,2.10548464161495,0.7692572138225471,0.8524697054692425,292.25240478515633,266.6904657745364,-0.0874652820373242,0.7436823104693141,1312.976066384007,24.30252163785423,0.3125437908460903
0.435,1312.8789664898966,36.23367172244481,24.30078005743997,2.0982068482725085,0.769274278185469,0.8524849203319232,292.25240478515633,266.67142009735124,-0.08753045062746515,0.7434416365824308,1312.8789664898966,24.30078005743997,0.31250741653332786
0.436,1312.782282195993,36.23233752045254,24.29904019166993,2.090929054930084,0.7692912695106927,0.8524997089147393,292.25240478515633,266.65237442016627,-0.0875956192176055,0.7434416365824308,1312.782282195993,24.29904019166993,0.3124710763911468
0.437,1312.6860135022964,36.231009004750284,24.297300325899894,2.083651261587642,0.7693081877982183,0.8525105198691759,292.25240478515633,266.6333287429812,-0.08766078780774625,0.7434416365824308,1312.6860135022964,24.297300325899894,0.3124347589921107
0.438,1312.590160408807,36.229686175963586,24.2955618498299,2.076373468245218,0.7693250330480456,0.8525238047886146,292.25240478515633,266.61428306579614,-0.08772595639788679,0.7434416365824308,1312.590160408807,24.2955618498299,0.3123984736025677
0.439,1312.4947229155248,36.228369034715385,24.293827989991254,2.0690956749027754,0.7693418052601746,0.8525315611990865,292.25240478515633,266.59523738861105,-0.08779112498802753,0.7432627526467758,1312.4947229155248,24.293827989991254,0.3123622417333123
0.44,1312.39970102245,36.227057581626056,24.29209636916524,2.0618178815603514,0.7693585044346053,0.8525449983297871,292.25240478515633,266.576191711426,-0.08785629357816808,0.7432009626955476,1312.39970102245,24.29209636916524,0.31232604754010507
0.441,1312.305094729582,36.22575181731336,24.290366236262855,2.0545400882179092,0.7693751305713379,0.8525568996765595,292.25240478515633,266.5571460342409,-0.08792146216830903,0.7432009626955476,1312.305094729582,24.290366236262855,0.3122898860186003
0.442,1312.210904036921,36.224451742392475,24.288649131002376,2.047262294875486,0.7693916836703723,0.8525728672642817,292.25240478515633,266.53810035705584,-0.08798663075844958,0.7432009626955476,1312.210904036921,24.288649131002376,0.31225383409589824
0.443,1312.1171289444674,36.223157357476,24.28693319220854,2.039984501533043,0.7694081637317083,0.8525867474779105,292.25240478515633,266.5190546798708,-0.08805179934859012,0.7430221366698749,1312.1171289444674,24.28693319220854,0.31221781270695265
0.444,1312.023769452221,36.22186866317392,24.28522219350129,2.032706708190619,0.7694245707553461,0.8526001693915002,292.25240478515633,266.5000090026857,-0.08811696793873086,0.7430221366698749,1312.023769452221,24.28522219350129,0.31218184700944085
0.445,1311.9308255601816,36.22058566009365,24.283516640304057,2.0254289148481766,0.7694409047412858,0.8526163119559249,292.25240478515633,266.4809633255007,-0.08818213652887141,0.7430221366698749,1311.9308255601816,24.283516640304057,0.3121459403749832
0.446,1311.8382972683496,36.21930834883998,24.281811205473126,2.0181511215057526,0.769457165689527,0.8526279860497977,292.25240478515633,266.4619176483156,-0.08824730511901216,0.7432009626955476,1311.8382972683496,24.281811205473126,0.31211005729485364
0.447,1311.746184576724,36.218036730015115,24.28011276148402,2.0108733281633104,0.7694733536000702,0.8526409043532955,292.25240478515633,266.4428719711305,-0.08831247370915289,0.7435588731037804,1311.746184576724,24.28011276148402,0.31207424358390523
0.448,1311.6544874853062,36.216770804218676,24.278420603079883,2.003595534820886,0.7694894684729151,0.8526539702306506,292.25240478515633,266.42382629394547,-0.08837764229929344,0.7435588731037804,1311.6544874853062,24.278420603079883,0.31203849454324034
0.449,1311.5632059940956,36.215510572047656,24.27674585327437,1.996317741478444,0.7695055103080617,0.8526698845384086,292.25240478515633,266.4047806167604,-0.08844281088943419,0.7435588731037804,1311.5632059940956,24.27674585327437,0.31200288432210144
0.45,1311.4723401030917,36.21425603409646,24.27507720932146,1.98903994813602,0.7695214791055102,0.8526814762832182,292.25240478515633,266.38573493957534,-0.08850797947957474,0.74373795761079,1311.4723401030917,24.27507720932146,0.3119673375779017
0.451,1311.381889812295,36.21300719095689,24.27340892328825,1.981762154793577,0.7695373748652603,0.8526942024255187,292.25240478515633,266.36668926239025,-0.08857314806971549,0.74373795761079,1311.381889812295,24.27340892328825,0.31193181599685027
0.452,1311.2918551217056,36.21176404321813,24.27174183495359,1.9744843614511536,0.7695531975873122,0.8527067490942394,292.25240478515633,266.3476435852052,-0.08863831665985603,0.74373795761079,1311.2918551217056,24.27174183495359,0.3118963251793333
0.453,1311.2022360313233,36.21052659146679,24.270079338777578,1.9672065681087116,0.7695689472716659,0.8527218313592698,292.25240478515633,266.32859790802013,-0.08870348524999677,0.7439171284027946,1311.2022360313233,24.270079338777578,0.3118608877554262
0.454,1311.1130325411484,36.20929483628684,24.26842046848557,1.959928774766288,0.7695846239183214,0.852736789759425,292.25240478515633,266.3095522308351,-0.08876865384013732,0.7439171284027946,1311.1130325411484,24.26842046848557,0.3118254972862044
0.455,1311.0242446511802,36.20806877825964,24.26676215087337,1.9526509814238453,0.7696002275272786,0.8527438604563552,292.25240478515633,266.29050655365,-0.08883382243027807,0.7434353167911346,1311.0242446511802,24.26676215087337,0.31179013328778027
0.456,1310.9358723614193,36.20684841796396,24.265107956046297,1.9453731880814207,0.7696157580985376,0.8527508367991664,292.25240478515633,266.2714608764649,-0.0888989910204188,0.7431944109853047,1310.9358723614193,24.265107956046297,0.3117548195610622
0.457,1310.8479156718656,36.20563375597595,24.263463913530494,1.938095394738979,0.7696312156320984,0.8527630036222942,292.25240478515633,266.2524151992799,-0.08896415961055935,0.7431944109853047,1310.8479156718656,24.263463913530494,0.31171959630163426
0.458,1310.7603745825188,36.204424792869155,24.261820199432396,1.9308176013965548,0.7696466001279608,0.8527807167009934,292.25240478515633,266.23336952209485,-0.0890293282006999,0.7431944109853047,1310.7603745825188,24.261820199432396,0.311684398024969
0.459,1310.6732490933794,36.20322152921449,24.260176522166724,1.9235398080541128,0.7696619115861251,0.8527895203418103,292.25240478515633,266.21432384490976,-0.08909449679084065,0.7431944109853047,1310.6732490933794,24.260176522166724,0.31164922278962026
0.46,1310.5865392044473,36.20202396558026,24.258537152923232,1.9162620147116878,0.7696771500065911,0.8527993862494051,292.25240478515633,266.1952781677247,-0.0891596653809812,0.7429535051794748,1310.5865392044473,24.258537152923232,0.3116140990699367
0.461,1310.500244915722,36.20083210253215,24.256900424528578,1.9089842213692465,0.7696923153893589,0.8528126533218627,292.25240478515633,266.17623249053963,-0.08922483397112194,0.743132530120482,1310.500244915722,24.256900424528578,0.3115790157546766
0.462,1310.4143662272038,36.19964594063323,24.25526785820942,1.901706428026823,0.7697074077344285,0.8528229174841416,292.25240478515633,266.15718681335454,-0.08929000256126268,0.7433116413593637,1310.4143662272038,24.25526785820942,0.3115439829867046
0.463,1310.3289031388933,36.198465480443964,24.25364062234259,1.8944286346843802,0.7697224270417997,0.8528334474640568,292.25240478515633,266.1381411361695,-0.08935517115140323,0.7434908389585342,1310.3289031388933,24.25364062234259,0.31150900855675123
0.464,1310.2438556507893,36.19729072252217,24.252014966716676,1.8871508413419553,0.7697373733114727,0.8528447332806918,292.25240478515633,266.1190954589844,-0.08942033974154398,0.7434908389585342,1310.2438556507893,24.252014966716676,0.31147406746785294
0.465,1310.1592237628927,36.19612166742306,24.250395095215346,1.8798730479995143,0.7697522465434476,0.8528542601558691,292.25240478515633,266.1000497817993,-0.08948550833168471,0.7434908389585342,1310.1592237628927,24.250395095215346,0.3114391877456388
0.466,1310.0750074752034,36.19495831569921,24.24877914228562,1.8725952546570896,0.7697670467377242,0.852866014330291,292.25240478515633,266.0810041046143,-0.08955067692182526,0.7432497589199615,1310.0750074752034,24.24877914228562,0.3114043569564008
0.467,1309.991206787721,36.19380066790059,24.247163227234704,1.8653174613146477,0.7697817738943025,0.8528777885198312,292.25240478515633,266.0619584274292,-0.08961584551196601,0.7432497589199615,1309.991206787721,24.247163227234704,0.31136954923334537
0.468,1309.9078217004455,36.19264872457452,24.245548042980737,1.8580396679722238,0.7697964280131827,0.8528876226481559,292.25240478515633,266.04291275024417,-0.08968101410210656,0.7434289848082951,1309.9078217004455,24.245548042980737,0.31133476919770653
0.46900000000000003,1309.8248522133777,36.19150248626572,24.243934839952498,1.850761874629781,0.7698110090943645,0.8528983453513782,292.25240478515633,266.0238670730591,-0.08974618269224731,0.7431878466361225,1309.8248522133777,24.243934839952498,0.31130002518711647
0.47000000000000003,1309.7422983265167,36.19036195351625,24.242321636924267,1.8434840812873572,0.7698255171378482,0.852904895093119,292.25240478515633,266.00482139587405,-0.08981135128238785,0.7431878466361225,1309.7422983265167,24.242321636924267,0.3112653039967419
0.47100000000000003,1309.6601600398628,36.18922712686557,24.240709402828276,1.8362062879449152,0.7698399521436335,0.8529156966522943,292.25240478515633,265.98577571868896,-0.08987651987252859,0.7435464414957781,1309.6601600398628,24.240709402828276,0.3112306120877163
0.47200000000000003,1309.5784373534161,36.18809800685049,24.23909986331154,1.8289284946024904,0.7698543141117207,0.8529279421306217,292.25240478515633,265.9667300415039,-0.08994168846266914,0.7437258687258688,1309.5784373534161,24.23909986331154,0.31119596096548097
0.47300000000000003,1309.4971302671765,36.186974594005186,24.237490323794805,1.821650701260049,0.7698686030421096,0.8529400676587658,292.25240478515633,265.9386948318481,-0.0900376165344207,0.7437258687258688,1309.4971302671765,24.237490323794805,0.3111613326699022
0.47400000000000003,1309.4162387811443,36.18585688886121,24.23588078427807,1.8143729079176238,0.7698828189348003,0.8529492355064824,292.25240478515633,265.906503616333,-0.090147765210661,0.7437258687258688,1309.4162387811443,24.23588078427807,0.31112672720310613
0.47500000000000003,1309.3357628953192,36.18474489194748,24.23427767508799,1.8070951145751826,0.7698969617897927,0.8529624327568918,292.25240478515633,265.87431240081787,-0.09025791388690128,0.7437258687258688,1309.3357628953192,24.23427767508799,0.3110921874322545
0.47600000000000003,1309.2557026097008,36.183638603790264,24.232682199309128,1.7998173212327577,0.769911031607087,0.8529764577338297,292.25240478515633,265.8421211853028,-0.09036806256314138,0.743484555984556,1309.2557026097008,24.232682199309128,0.31105772137930554
0.47700000000000004,1309.17605792429,36.18253802491321,24.231100443673782,1.7925395278903156,0.769925028386683,0.8529865993562058,292.25240478515633,265.8099299697876,-0.09047821123938188,0.7436640115858074,1309.17605792429,24.231100443673782,0.3110233696209737
0.47800000000000004,1309.0968288390861,36.18144315583731,24.229523144111496,1.7852617345478914,0.7699389521285807,0.8530018962065936,292.25240478515633,265.7777387542725,-0.09058835991562217,0.7434226405986001,1309.0968288390861,24.229523144111496,0.31098907040434504
0.47900000000000004,1309.0180153540896,36.18035399708092,24.227950203475856,1.7779839412054503,0.7699528028327801,0.8530111695502454,292.25240478515633,265.74554753875736,-0.09069850859186246,0.7434226405986001,1309.0180153540896,24.227950203475856,0.31095482308390715
0.48,1308.9396174692997,36.179270549159774,24.226386546487408,1.770706147863021,0.7699665804992815,0.8530212571699448,292.25240478515633,265.71335632324224,-0.09080865726810275,0.7434226405986001,1308.9396174692997,24.226386546487408,0.31092066049028455
0.481,1308.8616351847172,36.178192812586936,24.22484424582998,1.7634283545205882,0.7699802851280844,0.8530303086007386,292.25240478515633,265.6811651077271,-0.09091880594434304,0.7434226405986001,1308.8616351847172,24.22484424582998,0.31088666310295754
0.482,1308.7840685003423,36.17712078787286,24.223304334230846,1.7561505611781552,0.7699939167191892,0.853043064755679,292.25240478515633,265.648973892212,-0.09102895462058333,0.7436021245774987,1308.7840685003423,24.223304334230846,0.31085270448668567
0.483,1308.706917416174,36.1760544755253,24.221768301261957,1.7488727678357214,0.7700074752725957,0.8530525168501981,292.25240478515633,265.61678267669686,-0.09113910329682362,0.7433606953162724,1308.706917416174,24.221768301261957,0.31081879457309963
0.484,1308.630181932213,36.17499387604942,24.220245254627145,1.7415949744932888,0.7700209607883041,0.8530622668829048,292.25240478515633,265.58459146118173,-0.09124925197306391,0.7435402076793045,1308.630181932213,24.220245254627145,0.3107849940768662
0.485,1308.5538620484592,36.17393898994771,24.21873772311382,1.7343171811508553,0.7700343732663141,0.8530727464134792,292.25240478515633,265.5524002456666,-0.0913594006493042,0.743298720115914,1308.5538620484592,24.21873772311382,0.3107513198570842
0.486,1308.4779577649124,36.17288981772001,24.217230811475673,1.727039387808423,0.7700477127066259,0.8530806087213932,292.25240478515633,265.5202090301514,-0.09146954932554469,0.743298720115914,1308.4779577649124,24.217230811475673,0.3107176726229085
0.487,1308.402469081573,36.17184635986354,24.21572452079048,1.7197615944659896,0.7700609791092394,0.8530863350929554,292.25240478515633,265.4880178146363,-0.09157969800178498,0.743298720115914,1308.402469081573,24.21572452079048,0.31068405238351215
0.488,1308.3273959984404,36.17080861687281,24.214225500781346,1.712483801123556,0.7700741724741548,0.8530946509832027,292.25240478515633,265.4558265991212,-0.09168984667802507,0.743298720115914,1308.3273959984404,24.214225500781346,0.3106505034684331
0.489,1308.252738515515,36.16977658923974,24.21272893389413,1.7052060077811229,0.7700872928013719,0.8531044012166626,292.25240478515633,265.42363538360604,-0.09179999535426556,0.743298720115914,1308.252738515515,24.21272893389413,0.31061699376545643
0.49,1308.1784966327969,36.16875027745356,24.211232513994858,1.6979282144386902,0.7701003400908908,0.853115097761711,292.25240478515633,265.3914441680909,-0.09191014403050585,0.743298720115914,1308.1784966327969,24.211232513994858,0.3105835079036746
0.491,1308.1046703502857,36.167729682000854,24.209740111054824,1.6906504210962572,0.7701133143427115,0.8531270124385121,292.25240478515633,265.3592529525758,-0.09202029270674614,0.743298720115914,1308.1046703502857,24.209740111054824,0.31055007168255655
0.492,1308.0312596679819,36.166714803365565,24.20824801407793,1.6833726277538232,0.7701262155568338,0.8531329494405886,292.25240478515633,265.32706173706066,-0.09213044138298644,0.743298720115914,1308.0312596679819,24.20824801407793,0.3105166603662559
0.493,1307.9582645858852,36.16570564202896,24.206760617220006,1.6760948344113904,0.7701390437332579,0.853143818834353,292.25240478515633,265.29487052154553,-0.09224059005922673,0.743298720115914,1307.9582645858852,24.206760617220006,0.31048330324847423
0.494,1307.8856851039952,36.16470219846965,24.20528108490537,1.6688170410689571,0.7701517988719839,0.8531559856374052,292.25240478515633,265.2626793060304,-0.09235073873546702,0.743298720115914,1307.8856851039952,24.20528108490537,0.310450021425419
0.495,1307.813521222313,36.1637044731636,24.203801552590726,1.6615392477265238,0.7701644809730115,0.8531663749895324,292.25240478515633,265.2304880905153,-0.09246088741170731,0.743298720115914,1307.813521222313,24.203801552590726,0.31041676247335037
0.496,1307.7417729408376,36.162712466584104,24.202323299604373,1.6542614543840903,0.7701770900363409,0.8531806242482189,292.25240478515633,265.19829687500015,-0.0925710360879476,0.743298720115914,1307.7417729408376,24.202323299604373,0.310383534922261
0.497,1307.6704402595692,36.16172617920181,24.20085186186851,1.6469836610416584,0.7701896260619722,0.8531938592402759,292.25240478515633,265.166105659485,-0.0926811847641879,0.743298720115914,1307.6704402595692,24.20085186186851,0.3103503756769117
0.498,1307.5995231785082,36.16074561148468,24.199386765042714,1.6397058676992242,0.7702020890499052,0.853207661320664,292.25240478515633,265.1339144439699,-0.09279133344042818,0.7430572325525235,1307.5995231785082,24.199386765042714,0.31031728157718463
0.499,1307.5290216976543,36.159770763898024,24.197929359340392,1.6324280743567912,0.7702144790001398,0.8532211820049483,292.25240478515633,265.1017232284548,-0.09290148211666847,0.7430572325525235,1307.5290216976543,24.197929359340392,0.31028426162556627
0.5,1307.4589358170076,36.1588016369045,24.19647290531547,1.6251502810143583,0.7702267959126763,0.8532314026639559,292.25240478515633,265.06953201293965,-0.09301163079290876,0.7432367149758454,1307.4589358170076,24.19647290531547,0.3102512708982472
0.501,1307.389265536568,36.15783823096409,24.195021500209545,1.6178724876719253,0.7702390397875145,0.8532415442461811,292.25240478515633,265.03734079742446,-0.09312177946914925,0.7432367149758454,1307.389265536568,24.195021500209545,0.3102183367095909
0.502,1307.3200108563356,36.15688054653409,24.193570992578767,1.6105946943294922,0.7702512106246545,0.8532492826892198,292.25240478515633,265.00514958190934,-0.09323192814538954,0.7432367149758454,1307.3200108563356,24.193570992578767,0.31018543138758636
0.503,1307.25117177631,36.155928584069166,24.192120484947978,1.603316900987058,0.7702633084240963,0.8532591761401873,292.25240478515633,264.9729583663942,-0.09334207682162983,0.742933075622131,1307.25117177631,24.192120484947978,0.31015254895141425
0.504,1307.1827482964918,36.1549823440213,24.1906699773172,1.5960391076446256,0.7702753331858399,0.8532693247889339,292.25240478515633,264.9407671508791,-0.09345222549787012,0.742933075622131,1307.1827482964918,24.1906699773172,0.3101196894028826
0.505,1307.1147404168805,36.15404182683978,24.189219469686417,1.5887613143021928,0.7702872849098852,0.8532775689299,292.25240478515633,264.90857593536396,-0.09356237417411041,0.742933075622131,1307.1147404168805,24.189219469686417,0.31008685274378817
0.506,1307.0471481374768,36.15310703297127,24.187773916926314,1.5814835209597595,0.7702991635962322,0.8532852874381216,292.25240478515633,264.87638471984883,-0.0936725228503507,0.742933075622131,1307.0471481374768,24.187773916926314,0.31005407200546226
0.507,1306.9799714582798,36.15217796285972,24.186338841374894,1.5742057276173265,0.770310969244881,0.8532981446121954,292.25240478515633,264.8441935043337,-0.09378267152659099,0.742933075622131,1306.9799714582798,24.186338841374894,0.3100213840020056
0.508,1306.9132103792901,36.151254616946424,24.18491308461311,1.5669279342748934,0.7703227018558316,0.8533063622537067,292.25240478515633,264.8120022888186,-0.0938928202028313,0.742933075622131,1306.9132103792901,24.18491308461311,0.3099887810130736
0.509,1306.8468649005074,36.15033699567,24.18349227753186,1.5596501409324592,0.770334361429084,0.8533156055646433,292.25240478515633,264.77981107330345,-0.09400296887907159,0.742933075622131,1306.8468649005074,24.18349227753186,0.30995623391560717
0.51,1306.7809350219322,36.14942509946641,24.182075250270728,1.5523723475900268,0.770345947964638,0.8533268590198229,292.25240478515633,264.7476198577883,-0.09411311755531188,0.742933075622131,1306.7809350219322,24.182075250270728,0.3099237349129716
0.511,1306.7154207435642,36.14851892876891,24.180664595699298,1.5450945542475933,0.7703574614624937,0.8533351054092275,292.25240478515633,264.7154286422732,-0.09422326623155217,0.742933075622131,1306.7154207435642,24.180664595699298,0.3098913012911653
0.512,1306.6503220654026,36.14761848400808,24.179257182363045,1.5378167609051607,0.7703689019226515,0.853344978684474,292.25240478515633,264.68323742675807,-0.09433341490779246,0.742933075622131,1306.6503220654026,24.179257182363045,0.30985891217739686
0.513,1306.5856389874486,36.14672376561185,24.177854382016864,1.530538967562727,0.7703802693451108,0.8533557977292743,292.25240478515633,264.6672806121829,-0.09438801433730586,0.7431126147897535,1306.5856389874486,24.177854382016864,0.3098265767176
0.514,1306.5213715097018,36.14583477400545,24.17645200186706,1.5232611742202937,0.7703915637298719,0.8533650014917822,292.25240478515633,264.65564684448265,-0.09442782159811791,0.7431126147897535,1306.5213715097018,24.17645200186706,0.30979426696399404
0.515,1306.457519632162,36.14495150961144,24.17505701872677,1.515983380877861,0.7704027850769348,0.8533752718774178,292.25240478515633,264.6410428543093,-0.09447779206862289,0.7431126147897535,1306.457519632162,24.17505701872677,0.3097620294262358
0.516,1306.3940833548295,36.144073972849675,24.173665390580208,1.508705587535428,0.7704139333862996,0.8533838470005884,292.25240478515633,264.6218754089358,-0.09454337731295169,0.7431126147897535,1306.3940833548295,24.173665390580208,0.30972983716162017
0.517,1306.3310626777043,36.14320216413737,24.172276394200473,1.5014277941929952,0.7704250086579659,0.8533929156961786,292.25240478515633,264.6027079635623,-0.09460896255728048,0.7431126147897535,1306.3310626777043,24.172276394200473,0.3096976853507302
0.518,1306.2684576007855,36.142336083889006,24.170888969553612,1.494150000850562,0.7704360108919341,0.8534011055333378,292.25240478515633,264.5835405181887,-0.09467454780160947,0.7432922407541697,1306.2684576007855,24.170888969553612,0.3096655669289568
0.519,1306.2062681240745,36.14147573251644,24.169501544906748,1.4868722075081284,0.7704469400882041,0.8534090480623284,292.25240478515633,264.56437307281516,-0.09474013304593845,0.7434719535783365,1306.2062681240745,24.169501544906748,0.3096334714206564
0.52,1306.1444942475705,36.14062111042878,24.16811710026533,1.4795944141656956,0.7704577962467758,0.8534213310413994,292.25240478515633,264.5452056274416,-0.09480571829026745,0.7436517533252721,1306.1444942475705,24.16811710026533,0.30960141869240815
0.521,1306.0831359712736,36.1397722180325,24.166736997792366,1.4723166208232625,0.7704685793676493,0.8534333668126782,292.25240478515633,264.5260381820681,-0.09487130353459623,0.7436517533252721,1306.0831359712736,24.166736997792366,0.30956941782611996
0.522,1306.022193295184,36.13892905573135,24.165358133367246,1.465038827480829,0.7704792894508244,0.8534414549079916,292.25240478515633,264.5068707366945,-0.09493688877892523,0.7436517533252721,1306.022193295184,24.165358133367246,0.3095374481311028
0.523,1305.9616662193012,36.13809162392642,24.16397926894213,1.4577610341383958,0.7704899264963015,0.8534510907521388,292.25240478515633,264.487703291321,-0.09500247402325401,0.7436517533252721,1305.9616662193012,24.16397926894213,0.30950550135603966
0.524,1305.9015547436259,36.1372599230161,24.162600404517004,1.4504832407959627,0.7705004905040802,0.8534624709429682,292.25240478515633,264.4685358459475,-0.09506805926758281,0.7436517533252721,1305.9015547436259,24.162600404517004,0.30947357750252413
0.525,1305.8418588681573,36.136433953396086,24.161221540091887,1.4432054474535299,0.7705109814741609,0.8534720037002215,292.25240478515633,264.449368400574,-0.0951336445119116,0.7436517533252721,1305.8418588681573,24.161221540091887,0.3094416765721388
0.526,1305.7825785928962,36.135613715459385,24.15984267566677,1.4359276541110957,0.7705213994065431,0.853479382232484,292.25240478515633,264.4302009552004,-0.0951992297562406,0.743409915356711,1305.7825785928962,24.15984267566677,0.3094097985664554
0.527,1305.723713917842,36.13479920959631,24.15846381124165,1.4286498607686633,0.7705317443012272,0.8534903366252571,292.25240478515633,264.41103350982684,-0.09526481500056957,0.743409915356711,1305.723713917842,24.15846381124165,0.30937794348703523
0.528,1305.665264842995,36.13399043619449,24.157085294359074,1.4213720674262305,0.7705420161582129,0.8535029219791666,292.25240478515633,264.3918660644533,-0.09533040024489838,0.743409915356711,1305.665264842995,24.157085294359074,0.30934611365217374
0.529,1305.6072313683553,36.13318739563886,24.15571177904669,1.4140942740837967,0.7705522149775005,0.8535145946075391,292.25240478515633,264.3726986190798,-0.09539598548922716,0.743409915356711,1305.6072313683553,24.15571177904669,0.3093143400875125
0.53,1305.5496134939226,36.13239008831166,24.154339716103557,1.406816480741364,0.7705623407590898,0.8535233235680746,292.25240478515633,264.35353117370624,-0.09546157073355616,0.743409915356711,1305.5496134939226,24.154339716103557,0.3092825991353371
0.531,1305.4924112196975,36.131598514592426,24.15296808123952,1.3995386873989306,0.7705723935029809,0.8535284676341947,292.25240478515633,264.33436372833273,-0.09552715597788494,0.7431680773881499,1305.4924112196975,24.15296808123952,0.3092508839691695
0.532,1305.4356245456786,36.130812674857985,24.151598951970897,1.392260894056497,0.7705823732091738,0.853536448848374,292.25240478515633,264.31519628295916,-0.09559274122221394,0.7431680773881499,1305.4356245456786,24.151598951970897,0.3092192084393986
0.533,1305.3792534718675,36.130032569482516,24.150230200669384,1.384983100714064,0.7705922798776683,0.8535447315741522,292.25240478515633,264.2960288375856,-0.09565832646654292,0.7431680773881499,1305.3792534718675,24.150230200669384,0.30918755836458894
0.534,1305.3232979982633,36.129258198837455,24.148865265676374,1.377705307371631,0.7706021135084647,0.8535563641120618,292.25240478515633,264.2768613922121,-0.09572391171087172,0.7431059506531205,1305.3232979982633,24.148865265676374,0.30915595666647133
0.535,1305.2677581248665,36.12848956329155,24.147500952518957,1.370427514029198,0.7706118741015628,0.8535660088495864,292.25240478515633,264.2576939468385,-0.0957894969552007,0.7432857488507137,1305.2677581248665,24.147500952518957,0.30912438205192133
0.536,1305.2126338516766,36.12772666321086,24.146138220360132,1.3631497206867644,0.7706215616569627,0.8535748631605728,292.25240478515633,264.238526501465,-0.0958550821995295,0.743043793854343,1305.2126338516766,24.146138220360132,0.3090928409162564
0.537,1305.1579251786939,36.12696949895872,24.144782222084896,1.3558719273443316,0.7706311761746645,0.8535889817287667,292.25240478515633,264.21935905609143,-0.09592066744385848,0.743043793854343,1305.1579251786939,24.144782222084896,0.309061367610453
0.538,1305.1036321059185,36.1262180708958,24.143437067956725,1.348594134001898,0.7706407176546678,0.8535965332502727,292.25240478515633,264.2001916107179,-0.09598625268818728,0.7428018388579725,1305.1036321059185,24.143437067956725,0.3090299895352826
0.539,1305.0497546333497,36.125472379380035,24.14209410683074,1.3413163406594657,0.770650186096973,0.8536053940656708,292.25240478515633,264.1810241653444,-0.09605183793251607,0.7425598838616018,1305.0497546333497,24.14209410683074,0.30899864902298724
0.54,1304.9962927609886,36.12473242476667,24.140753722947547,1.3340385473170322,0.77065958150158,0.8536113337377681,292.25240478515633,264.16185671997084,-0.09611742317684506,0.7427395934172314,1304.9962927609886,24.140753722947547,0.3089673486363648
0.541,1304.9432464888346,36.12399820740825,24.13941860724458,1.3267607539745991,0.7706689038684886,0.8536215038872087,292.25240478515633,264.1426892745973,-0.09618300842117404,0.7427395934172314,1304.9432464888346,24.13941860724458,0.30893610631481894
0.542,1304.8906158168875,36.1232697276546,24.13808355215685,1.319482960632166,0.7706781531976992,0.8536287271969077,292.25240478515633,264.12352182922376,-0.09624859366550284,0.7427395934172314,1304.8906158168875,24.13808355215685,0.3089048873457247
0.543,1304.8384007451475,36.12254698585286,24.136748497069114,1.3122051672897335,0.7706873294892114,0.8536382990408568,292.25240478515633,264.1043543838502,-0.09631417890983182,0.7427395934172314,1304.8384007451475,24.136748497069114,0.3088736913264046
0.544,1304.786601273615,36.12182998234745,24.135415347011296,1.3049273739472997,0.7706964327430254,0.8536453825458568,292.25240478515633,264.0851869384767,-0.09637976415416062,0.7424975798644724,1304.786601273615,24.135415347011296,0.30884253095731057
0.545,1304.7352174022892,36.12111871748007,24.134082232852776,1.297649580604867,0.7707054629591411,0.8536506064917725,292.25240478515633,264.06601949310317,-0.09644534939848941,0.7423179288652311,1304.7352174022892,24.134082232852776,0.30881139378004246
0.546,1304.6842491311706,36.12041319158975,24.132751242906078,1.290371787262434,0.7707144201375586,0.8536628253501932,292.25240478515633,264.0468520477296,-0.09651093464281839,0.7423179288652311,1304.6842491311706,24.132751242906078,0.3087802937168063
0.547,1304.6336964602594,36.119713405012774,24.131421719775528,1.2830939939200003,0.7707233042782778,0.8536704023673867,292.25240478515633,264.02768460235603,-0.09657651988714738,0.7420759738688604,1304.6336964602594,24.131421719775528,0.30874922638669766
0.548,1304.5835593895551,36.11901935808273,24.13009508717506,1.2758162005775668,0.7707321153812989,0.8536793991530929,292.25240478515633,264.0085171569825,-0.09664210513147617,0.7420759738688604,1304.5835593895551,24.13009508717506,0.308718201281636
0.549,1304.533837919058,36.118331051130504,24.128769949779585,1.268538407235134,0.7707408534466217,0.8536902658366857,292.25240478515633,263.989349711609,-0.09670769037580497,0.7420759738688604,1304.533837919058,24.128769949779585,0.3086872091016017
0.55,1304.4845320487682,36.11764848448426,24.127445857531292,1.261260613892701,0.7707495184742463,0.8536963000435802,292.25240478515633,263.97018226623544,-0.09677327562013395,0.7418964683115626,1304.4845320487682,24.127445857531292,0.30865624684778764
0.551,1304.4356417786853,36.116971658469446,24.126127017480968,1.2539828205502679,0.7707581104641725,0.8537066504696142,292.25240478515633,263.95101482086193,-0.09683886086446275,0.7416545718432511,1304.4356417786853,24.126127017480968,0.3086253425660159
0.552,1304.38716710881,36.116300573408815,24.124814076780666,1.2467050272078348,0.7707666294164006,0.8537108002239975,292.25240478515633,263.93184737548836,-0.09690444610879173,0.7414126753749395,1304.38716710881,24.124814076780666,0.3085945005715423
0.553,1304.3391080391414,36.115635229622384,24.123501807115623,1.2394272338654015,0.7707750753309305,0.8537174750552099,292.25240478515633,263.91267993011485,-0.09697003135312053,0.7414126753749395,1304.3391080391414,24.123501807115623,0.3085636860133029
0.554,1304.29146456968,36.11497562742747,24.122193968204904,1.2321494405229685,0.770783448207762,0.8537256445158945,292.25240478515633,263.8935124847413,-0.09703561659744951,0.7414126753749395,1304.29146456968,24.122193968204904,0.30853292395514004
0.555,1304.2442367004257,36.11432176713867,24.12088859441535,1.2248716471805345,0.7707917480468954,0.8537304151404564,292.25240478515633,263.87434503936777,-0.09710120184177831,0.7414126753749395,1304.2442367004257,24.12088859441535,0.308502201295252
0.556,1304.1974244313785,36.11367364906786,24.11958644674939,1.2175938538381015,0.7707999748483306,0.8537394657682366,292.25240478515633,263.8551775939942,-0.09716678708610729,0.7414126753749395,1304.1974244313785,24.11958644674939,0.3084715231077862
0.557,1304.1510277625387,36.11303127352422,24.118286723398285,1.210316060495669,0.7708081286120675,0.8537443304056367,292.25240478515633,263.8360101486207,-0.09723237233043609,0.7414126753749395,1304.1510277625387,24.118286723398285,0.30844088404906117
0.558,1304.105046693906,36.112394640814195,24.116999696006683,1.2030382671532347,0.7708162093381061,0.8537481582719463,292.25240478515633,263.8168427032472,-0.09729795757476488,0.7414126753749395,1304.105046693906,24.116999696006683,0.30841035259186683
0.559,1304.0594812254803,36.11176375124151,24.11572257308856,1.1957604738108027,0.7708242170264465,0.8537570722669319,292.25240478515633,263.7976752578736,-0.09736354281909387,0.7413501088797484,1304.0594812254803,24.11572257308856,0.30837991012915994
0.56,1304.0143313572617,36.11113860510717,24.114446262861843,1.1884826804683688,0.7708321516770887,0.8537637864859701,292.25240478515633,263.77850781250004,-0.09742912806342285,0.7413501088797484,1304.0143313572617,24.114446262861843,0.3083494960556337
0.561,1303.9695970892503,36.11051920270948,24.11316995263513,1.1812048871259355,0.7708400132900326,0.853769338884597,292.25240478515633,263.7593403671265,-0.09749471330775165,0.7413501088797484,1303.9695970892503,24.11316995263513,0.30831910495501863
0.562,1303.9252784214464,36.10990554434401,24.111893642408422,1.173927093783503,0.7708478018652782,0.8537759990206572,292.25240478515633,263.740172921753,-0.09756029855208044,0.7413501088797484,1303.9252784214464,24.111893642408422,0.30828873682849695
0.5630000000000001,1303.881375353849,36.1092976303036,24.110624112750756,1.1666493004410694,0.7708555174028258,0.8537810187802443,292.25240478515633,263.72100547637945,-0.09762588379640944,0.7413501088797484,1303.881375353849,24.110624112750756,0.30825843687702864
0.5640000000000001,1303.8378878864592,36.10869546087838,24.10936091177513,1.1593715070986363,0.770863159902675,0.8537936876877376,292.25240478515633,263.70183803100593,-0.09769146904073822,0.7413501088797484,1303.8378878864592,24.10936091177513,0.30822820208946095
0.5650000000000001,1303.7948160192761,36.10809903635577,24.108102854786967,1.1520937137562037,0.7708707293648259,0.8538029527804227,292.25240478515633,263.68267058563237,-0.09775705428506722,0.7413501088797484,1303.7948160192761,24.108102854786967,0.3081980245696793
0.5660000000000001,1303.7521597523005,36.107508357020436,24.10684754192633,1.14481592041377,0.7708782257892787,0.853807986131018,292.25240478515633,263.66350314025885,-0.097822639529396,0.7415295256534365,1303.7521597523005,24.10684754192633,0.30816788832117364
0.5670000000000001,1303.709919085532,36.10692342315435,24.105596389763303,1.1375381270713376,0.7708856491760332,0.8538146678079229,292.25240478515633,263.6443356948853,-0.097888224773725,0.7412875121006777,1303.709919085532,24.105596389763303,0.30813780278803554
0.5680000000000001,1303.6680940189706,36.10634423503674,24.104350944273275,1.130260333728904,0.7708929995250894,0.8538228410628477,292.25240478515633,263.6251682495118,-0.09795381001805378,0.7412875121006777,1303.6680940189706,24.104350944273275,0.30810777827697117
0.5690000000000001,1303.6266845526163,36.105770792944114,24.103105498783254,1.1229825403864706,0.7709002768364475,0.8538317407842632,292.25240478515633,263.6060008041382,-0.09801939526238278,0.7412875121006777,1303.6266845526163,24.103105498783254,0.3080777767479706
0.5700000000000001,1303.585690686469,36.105203097150266,24.10186414600096,1.1157047470440378,0.7709074811101073,0.8538389553812628,292.25240478515633,263.58683335876464,-0.09808498050671176,0.7410454985479187,1303.585690686469,24.10186414600096,0.3080478254844296
0.5710000000000001,1303.545112420529,36.104641147926245,24.10062509333064,1.1084269537016045,0.7709146123460688,0.8538451291921028,292.25240478515633,263.5676659133911,-0.09815056575104056,0.740866198887007,1303.545112420529,24.10062509333064,0.3080179125378528
0.5720000000000001,1303.5049497547961,36.104084945540386,24.09939208901517,1.101149160359172,0.7709216705443321,0.8538551803750521,292.25240478515633,263.5484984680176,-0.09821615099536934,0.740866198887007,1303.5049497547961,24.09939208901517,0.30798806289538533
0.5730000000000001,1303.4652026892702,36.10353449025829,24.098159084699695,1.0938713670167377,0.7709286557048972,0.8538610457683748,292.25240478515633,263.52933102264404,-0.09828173623969834,0.7410454985479187,1303.4652026892702,24.098159084699695,0.30795823623929636
0.5740000000000001,1303.4258712239518,36.102989782342846,24.096927609798833,1.0865935736743053,0.7709355678277641,0.8538720218224444,292.25240478515633,263.5101635772705,-0.09834732148402732,0.7408034849951597,1303.4258712239518,24.096927609798833,0.30792844276583126
0.5750000000000001,1303.3869553588402,36.10245082205417,24.09569789188157,1.079315780331872,0.7709424069129327,0.8538824348032518,292.25240478515633,263.49099613189696,-0.09841290672835612,0.7408034849951597,1303.3869553588402,24.09569789188157,0.30789868399302267
0.5760000000000001,1303.3484550939359,36.10191760964971,24.094470185260878,1.072037986989439,0.770949172960403,0.8538909148295157,292.25240478515633,263.4813264038086,-0.09844599363518738,0.7408034849951597,1303.3484550939359,24.094470185260878,0.30786896161716987
0.577,1303.3103704292387,36.10139014538414,24.093242478640178,1.0647601936470066,0.7709558659701751,0.8538966807294311,292.25240478515633,263.4947217849732,-0.0984001586619066,0.7408034849951597,1303.3103704292387,24.093242478640178,0.3078392622318355
0.578,1303.2727013647489,36.100868429509404,24.092014772019482,1.0574824003045733,0.7709624859422489,0.8539009154025214,292.25240478515633,263.50811716613777,-0.09835432368862583,0.7409200968523002,1303.2727013647489,24.092014772019482,0.3078095858380275
0.579,1303.235447900466,36.10035246227474,24.09078706539879,1.0502046069621398,0.7709690328766245,0.8539062127840473,292.25240478515633,263.5215125473023,-0.09830848871534524,0.7409200968523002,1303.235447900466,24.09078706539879,0.30777993243674245
0.58,1303.1986100363902,36.09984224392664,24.089563003154776,1.0429268136197065,0.770975506773302,0.853912873060635,292.25240478515633,263.53490792846685,-0.09826265374206446,0.7412790697674418,1303.1986100363902,24.089563003154776,0.30775032632265853
0.581,1303.1621877725213,36.09933777470885,24.088342385481972,1.0356490202772741,0.7709819076322812,0.8539198007809619,292.25240478515633,263.5483033096314,-0.09821681876878369,0.7412790697674418,1303.1621877725213,24.088342385481972,0.30772076616483207
0.582,1303.12618110886,36.09883905486242,24.087123705705057,1.0283712269348397,0.7709882354535621,0.8539317343687374,292.25240478515633,263.561698690796,-0.0981709837955029,0.7410368217054264,1303.12618110886,24.087123705705057,0.30769124192061487
0.583,1303.0905900454056,36.09834608462562,24.08591379673503,1.0210934335924071,0.7709944902371447,0.8539415695811305,292.25240478515633,263.57509407196056,-0.09812514882222212,0.7410368217054264,1303.0905900454056,24.08591379673503,0.3076617991396643
0.584,1303.0554145821584,36.09785886423402,24.08470751865674,1.0138156402499743,0.7710006719830292,0.8539498770598085,292.25240478515633,263.58848945312513,-0.09807931384894135,0.7410368217054264,1303.0554145821584,24.08470751865674,0.30763240355985727
0.585,1303.0206547191185,36.09737739392044,24.083501240578446,1.0065378469075412,0.7710067806912154,0.8539559239543206,292.25240478515633,263.6018848342897,-0.09803347887566057,0.7410368217054264,1303.0206547191185,24.083501240578446,0.3076030309783246
0.586,1302.9863104562855,36.09690167391497,24.082295402409038,0.9992600535651077,0.7710128163617034,0.85396356541337,292.25240478515633,263.6152802154543,-0.09798764390237978,0.7410368217054264,1302.9863104562855,24.082295402409038,0.3075736843284526
0.587,1302.9523817936595,36.09643170444496,24.081090731987153,0.9919822602226748,0.7710187789944931,0.8539655424533703,292.25240478515633,263.6286755966188,-0.0979418089290992,0.7410368217054264,1302.9523817936595,24.081090731987153,0.30754436846297845
0.588,1302.918868731241,36.09596748573504,24.079889860389834,0.9847044668802416,0.7710246685895846,0.8539763930967629,292.25240478515633,263.6420709777834,-0.09789597395581823,0.7410368217054264,1302.918868731241,24.079889860389834,0.30751510092176
0.589,1302.8857712690294,36.095509018007064,24.078688988792514,0.9774266735378083,0.7710304851469778,0.8539829704421025,292.25240478515633,263.65546635894793,-0.09785013898253764,0.7410368217054264,1302.8857712690294,24.078688988792514,0.30748585638243137
0.59,1302.853089407025,36.09505630148019,24.077489430960725,0.9701488801953754,0.7710362286666729,0.8539897485609622,292.25240478515633,263.6340884552004,-0.09792328775188049,0.7410368217054264,1302.853089407025,24.077489430960725,0.3074566436035299
0.591,1302.8208231452277,36.09460933637082,24.076293535847096,0.9628710868529419,0.7710418991486697,0.8539959229539873,292.25240478515633,263.61266712799096,-0.09799658510327508,0.7414586866973588,1302.8208231452277,24.076293535847096,0.30742747824421807
0.592,1302.7889724836375,36.09416812289262,24.075097640733468,0.9555932935105089,0.7710474965929682,0.8539957833299663,292.25240478515633,263.59124580078145,-0.09806988245466987,0.7416383906931653,1302.7889724836375,24.075097640733468,0.30739833588939264
0.593,1302.757537422255,36.09373266125651,24.073901745619835,0.9483155001680763,0.7710530209995685,0.8540019229926455,292.25240478515633,263.56982447357194,-0.09814317980606466,0.7418181818181818,1302.757537422255,24.073901745619835,0.3073692165398972
0.594,1302.7265179610788,36.09330295167067,24.072707659560482,0.941037706825643,0.7710584723684706,0.8540076184682526,292.25240478515633,263.54840314636243,-0.09821647715745944,0.7415757575757576,1302.7265179610788,24.072707659560482,0.3073401322558578
0.595,1302.69591410011,36.09287899434056,24.071517072364735,0.9337599134832095,0.7710638506996744,0.8540144368783287,292.25240478515633,263.526981819153,-0.09828977450885404,0.7415757575757576,1302.69591410011,24.071517072364735,0.30731109430249365
0.596,1302.6657258393486,36.09246078946888,24.070335425084913,0.9264821201407766,0.7710691559931799,0.8540204869447453,292.25240478515633,263.5055604919435,-0.09836307186024863,0.7417555771096024,1302.6657258393486,24.070335425084913,0.307282138951084
0.597,1302.6359531787941,36.09204833725559,24.06915517631156,0.9192043267983432,0.7710743882489873,0.8540224605317863,292.25240478515633,263.484139164734,-0.09843636921164342,0.7417555771096024,1302.6359531787941,24.06915517631156,0.3072532159308198
0.598,1302.6065961184468,36.09164163789792,24.067982316423098,0.9119265334559105,0.7710795474670964,0.8540259723318724,292.25240478515633,263.46271783752456,-0.09850966656303801,0.7417555771096024,1302.6065961184468,24.067982316423098,0.30722436517480783
0.599,1302.5776546583068,36.09124069159034,24.06681490896713,0.9046487401134772,0.7710846336475072,0.8540312035651382,292.25240478515633,263.4412965103151,-0.09858296391443261,0.7417555771096024,1302.5776546583068,24.06681490896713,0.307195573775287
0.6,1302.5491287983734,36.0908454985246,24.06567096954472,0.8973709467710435,0.77108964679022,0.8540376893669068,292.25240478515633,263.4198751831056,-0.0986562612658274,0.7417555771096024,1302.5491287983734,24.06567096954472,0.30716696182639075
0.601,1302.5210185386477,36.09045605888969,24.064531743938467,0.8900931534286108,0.7710945868952344,0.8540433116879586,292.25240478515633,263.39845385589615,-0.09872955861722199,0.7415130940834141,1302.5210185386477,24.064531743938467,0.3071384043118359
0.602,1302.4933238791293,36.090072372871866,24.063395608202768,0.8828153600861779,0.7710994539625504,0.8540490180243271,292.25240478515633,263.3770325286867,-0.09880285596861658,0.7415130940834141,1302.4933238791293,24.063395608202768,0.30710989040702247
0.603,1302.4660448198174,36.089694440654625,24.062259472467073,0.8755375667437444,0.7711042479921684,0.8540530419665262,292.25240478515633,263.35561120147725,-0.09887615332001118,0.7416929420325006,1302.4660448198174,24.062259472467073,0.30708139951537233
0.604,1302.4391813607128,36.08932226241874,24.061123928859566,0.8682597734013109,0.7711089689840881,0.8540618353689174,292.25240478515633,263.33418987426774,-0.09894945067140597,0.7419354838709677,1302.4391813607128,24.061123928859566,0.3070529355847801
0.605,1302.4127335018156,36.08895583834223,24.059992975760387,0.8609819800588782,0.7711136169383095,0.8540683894469328,292.25240478515633,263.3127685470582,-0.09902274802280076,0.7416929420325006,1302.4127335018156,24.059992975760387,0.3070245252694637
0.606,1302.3867012431256,36.088595168600364,24.05886328093506,0.8537041867164452,0.7711181918548327,0.8540738623070449,292.25240478515633,263.2913472198488,-0.09909604537419535,0.7416929420325006,1302.3867012431256,24.05886328093506,0.3069961463571959
0.607,1302.3610845846426,36.088240253365676,24.057734467819998,0.8464263933740117,0.7711226937336576,0.8540811884025077,292.25240478515633,263.26992589263926,-0.09916934272559014,0.7416929420325006,1302.3610845846426,24.057734467819998,0.3069677963384652
0.608,1302.3358835263666,36.087891092807936,24.056608686749104,0.8391486000315788,0.7711271225747843,0.8540858331345843,292.25240478515633,263.2485045654298,-0.09924264007698472,0.7415130940834141,1302.3358835263666,24.056608686749104,0.30693948954823985
0.609,1302.3110980682975,36.087547687094194,24.05548290567822,0.8318708066891458,0.7711314783782128,0.8540939425298383,292.25240478515633,263.2270832382203,-0.0993159374283795,0.7415130940834141,1302.3110980682975,24.05548290567822,0.3069112057753512
0.61,1302.2867282104364,36.08721003638874,24.054357616946326,0.8245930133467123,0.7711357611439431,0.8540983062873936,292.25240478515633,263.2056619110108,-0.0993892347797743,0.7415130940834141,1302.2867282104364,24.054357616946326,0.3068829483024254
0.611,1302.2627739527816,36.0868781408531,24.053234400595805,0.8173152200042797,0.7711399708719752,0.8541073840771147,292.25240478515633,263.18424058380134,-0.09946253213116889,0.7415130940834141,1302.2627739527816,24.053234400595805,0.30685472766279115
0.612,1302.239235295334,36.08655200064609,24.052111184245273,0.8100374266618464,0.7711441075623089,0.8541122736882435,292.25240478515633,263.1628192565919,-0.09953582948256348,0.7415130940834141,1302.239235295334,24.052111184245273,0.3068265300424317
0.613,1302.2161122380942,36.086231615923744,24.050990287618653,0.8027596333194127,0.7711481712149444,0.8541156600776526,292.25240478515633,263.1413979293824,-0.09960912683395827,0.7415130940834141,1302.2161122380942,24.050990287618653,0.30679837090542733
0.614,1302.193404781061,36.08591698683935,24.049875620008123,0.7954818399769803,0.7711521618298817,0.8541200166281592,292.25240478515633,263.1199766021729,-0.09968242418535286,0.7415130940834141,1302.193404781061,24.049875620008123,0.30677027631202997
0.615,1302.171112924235,36.08560811354348,24.048764050665493,0.7882040466345462,0.7711560794071207,0.854120764073385,292.25240478515633,263.0985552749635,-0.09975572153674746,0.7415130940834141,1302.171112924235,24.048764050665493,0.30674222539303636
0.616,1302.1492366676164,36.08530499618392,24.047655500460056,0.7809262532921138,0.7711599239466616,0.8541226356776759,292.25240478515633,263.077133947754,-0.09982901888814205,0.7415130940834141,1302.1492366676164,24.047655500460056,0.3067142176215463
0.617,1302.1277760112046,36.08500763490573,24.04655097388943,0.7736484599496806,0.7711636954485042,0.854130521232839,292.25240478515633,263.05952627258307,-0.09988926706705403,0.7414504001940335,1302.1277760112046,24.04655097388943,0.30668625969419744
0.618,1302.106730955,36.0847160298512,24.045448947761006,0.7663706666072468,0.7711673939126484,0.8541359696010307,292.25240478515633,263.06648353881843,-0.09986546139044898,0.7414504001940335,1302.106730955,24.045448947761006,0.30665834145784115
0.619,1302.0861014990026,36.08443018115989,24.044349730605393,0.7590928732648136,0.7711710193390946,0.8541400610967641,292.25240478515633,263.07344080505374,-0.09984165571384414,0.7414504001940335,1302.0861014990026,24.044349730605393,0.3066304649697242
0.62,1302.0658876432124,36.0841500889686,24.04325051344978,0.751815079922381,0.7711745717278424,0.8541423459520212,292.25240478515633,263.0803980712891,-0.0998178500372391,0.7416302765647744,1302.0658876432124,24.04325051344978,0.3066026115055673
0.621,1302.046089387629,36.08387575341137,24.042153608223227,0.744537286579948,0.7711780510788921,0.8541538562913089,292.25240478515633,263.08735533752446,-0.09979404436063406,0.7416302765647744,1302.046089387629,24.042153608223227,0.3065747964774015
0.622,1302.0267067322532,36.083607174619516,24.04105704115024,0.7372594932375153,0.7711814573922435,0.854157395996124,292.25240478515633,263.08822236938477,-0.09979107763787622,0.7416302765647744,1302.0267067322532,24.04105704115024,0.30654700672841456
0.623,1302.0077396770841,36.083344352721575,24.039961334406176,0.7299816998950821,0.7711847906678966,0.8541611964395129,292.25240478515633,263.06731164245605,-0.09986262786838361,0.7418102402329532,1302.0077396770841,24.039961334406176,0.30651924573998107
0.624,1301.9891882221227,36.083087287843355,24.03887298437253,0.7227039065526486,0.7711880509058515,0.8541693431749076,292.25240478515633,263.0464009155274,-0.09993417809889082,0.7418102402329532,1301.9891882221227,24.03887298437253,0.3064915568179774
0.625,1301.971052367368,36.08283598010788,24.037796154702953,0.7154261132102151,0.7711912381061082,0.854173621853153,292.25240478515633,263.02549018859867,-0.10000572832939822,0.7418102402329532,1301.971052367368,24.037796154702953,0.3064639677181273
0.626,1301.9533321128208,36.08259042963547,24.0367228907586,0.7081483198677816,0.7711943522686666,0.8541767880762591,292.25240478515633,263.00457946166995,-0.10007727855990561,0.7419902912621359,1301.9533321128208,24.0367228907586,0.3064364254146846
0.627,1301.9360274584803,36.08235063654363,24.03565374232045,0.7008705265253484,0.7711973933935268,0.8541859157732866,292.25240478515633,262.9836687347413,-0.10014882879041281,0.7419902912621359,1301.9360274584803,24.03565374232045,0.3064089335730012
0.628,1301.9191384043474,36.082116600947174,24.03458673823882,0.6935927331829149,0.7712003614806887,0.8541924146441046,292.25240478515633,262.96275800781257,-0.10022037902092021,0.7419902912621359,1301.9191384043474,24.03458673823882,0.30638147905370267
0.629,1301.9026649504212,36.081888322958115,24.033524605089696,0.6863149398404825,0.7712032565301525,0.8541944770444696,292.25240478515633,262.94953133392346,-0.1002656367285474,0.7421078193297718,1301.9026649504212,24.033524605089696,0.3063540800327997
0.63,1301.8866070967024,36.08166580268575,24.03246281811837,0.679037146498049,0.7712060785419179,0.8542016518119857,292.25240478515633,262.94901100158705,-0.1002674171496077,0.7421078193297718,1301.8866070967024,24.03246281811837,0.3063267063483706
0.631,1301.8709648431907,36.0814490402366,24.031401031147038,0.6717593531556169,0.7712088275159852,0.8542083502919537,292.25240478515633,262.9484906692506,-0.10026919757066821,0.7422880738401749,1301.8709648431907,24.031401031147038,0.30629935569319394
0.632,1301.855738189886,36.081238035714435,24.030358413461933,0.6644815598131834,0.7712115034523541,0.8542111256681781,292.25240478515633,262.9479703369142,-0.10027097799172853,0.7422880738401749,1301.855738189886,24.030358413461933,0.3062721558516042
0.633,1301.8409271367884,36.081032789220274,24.029331243848997,0.6572037664707496,0.7712141063510249,0.854212748599177,292.25240478515633,262.9474500045777,-0.10027275841278904,0.7422254616132167,1301.8409271367884,24.029331243848997,0.3062450820181096
0.634,1301.8265316838983,36.08083330085238,24.02830478919911,0.6499259731283163,0.7712166362119974,0.8542142211658457,292.25240478515633,262.9469296722413,-0.10027453883384935,0.7424058323207776,1301.8265316838983,24.02830478919911,0.3062180359810776
0.635,1301.8125518312147,36.08063957070626,24.027279037084543,0.6426481797858837,0.7712190930352718,0.8542160426821521,292.25240478515633,262.9701370391847,-0.10019513019062384,0.7424058323207776,1301.8125518312147,24.027279037084543,0.30619101765804596
0.636,1301.7989875787391,36.08045159887469,24.026254570383173,0.6353703864434499,0.7712214768208477,0.8542219979126414,292.25240478515633,262.99918782958997,-0.10009572710640753,0.742586290714633,1301.7989875787391,24.026254570383173,0.3061640309348939
0.637,1301.78583892647,36.080269385447636,24.025230547161048,0.6280925931010175,0.7712237875687256,0.8542269018575661,292.25240478515633,263.02823861999525,-0.09999632402219122,0.7423432182790471,1301.78583892647,24.025230547161048,0.3061370701995857
0.638,1301.7731058744082,36.080092930512365,24.02421084662422,0.620814799758584,0.7712260252789052,0.8542303211705401,292.25240478515633,263.0572894104005,-0.0998969209379751,0.7425237053245806,1301.7731058744082,24.02421084662422,0.3061101613115528
0.639,1301.7607884225533,36.07992223415335,24.02319430736628,0.6135370064161505,0.7712281899513865,0.8542361117631294,292.25240478515633,263.0863402008058,-0.0997975178537586,0.7424610894941635,1301.7607884225533,24.02319430736628,0.3060832965291096
0.64,1301.748886570906,36.07975729645234,24.02217881376787,0.6062592130737176,0.7712302815861696,0.8542428725368915,292.25240478515633,263.11539099121103,-0.09969811476954248,0.7424610894941635,1301.748886570906,24.02217881376787,0.3060564617497037
0.641,1301.7374003194657,36.0795981174883,24.021163320169453,0.5989814197312844,0.7712323001832544,0.8542426799340365,292.25240478515633,263.14444178161637,-0.09959871168532597,0.7424610894941635,1301.7374003194657,24.021163320169453,0.30602965000320476
0.642,1301.7263296682324,36.079444697337465,24.020147826571037,0.5917036263888514,0.7712342457426411,0.8542468942708028,292.25240478515633,263.1734925720216,-0.09949930860110985,0.7422805737904207,1301.7263296682324,24.020147826571037,0.3060028612899178
0.643,1301.7156746172066,36.079297036073285,24.019132332972628,0.5844258330464187,0.7712361182643295,0.8542527905600806,292.25240478515633,263.20254336242687,-0.09939990551689354,0.7422805737904207,1301.7156746172066,24.019132332972628,0.30597609561013683
0.644,1301.7054351663876,36.07915513376647,24.0181197316188,0.5771480397039852,0.7712379177483195,0.8542548893369698,292.25240478515633,263.23159415283214,-0.09930050243267723,0.7420374422562607,1301.7054351663876,24.0181197316188,0.30594937224406665
0.645,1301.6956113157757,36.079018990484975,24.017109792510297,0.5698702463615517,0.7712396441946114,0.854260306668679,292.25240478515633,263.2606449432374,-0.09920109934846091,0.7420374422562607,1301.6956113157757,24.017109792510297,0.3059226896587866
0.646,1301.6862030653708,36.078888606294,24.016108100895963,0.5625924530191191,0.7712412976032051,0.8542625425200204,292.25240478515633,263.2896957336427,-0.0991016962642446,0.7420374422562607,1301.6862030653708,24.016108100895963,0.305896085086251
0.647,1301.6772104151735,36.078763981255975,24.015107449850706,0.5553146596766858,0.7712428779741005,0.8542664125445535,292.25240478515633,263.318746524048,-0.09900229318002829,0.7422178988326849,1301.6772104151735,24.015107449850706,0.3058695104847989
0.648,1301.6686333651828,36.07864511543058,24.01410679880545,0.5480368663342524,0.7712443853072978,0.8542688620577861,292.25240478515633,263.34779731445326,-0.09890289009581198,0.7422178988326849,1301.6686333651828,24.01410679880545,0.30584295891815627
0.649,1301.6604719153997,36.078532008874745,24.013106147760194,0.5407590729918197,0.7712458196027967,0.8542704107100104,292.25240478515633,263.37684810485854,-0.09880348701159566,0.7422178988326849,1301.6604719153997,24.013106147760194,0.305816430386551
0.65,1301.6527260658238,36.07842466164264,24.012105496714934,0.5334812796493862,0.7712471808605974,0.8542762798172718,292.25240478515633,263.4058988952638,-0.09870408392737935,0.7423984432011675,1301.6527260658238,24.012105496714934,0.3057899248901996
0.651,1301.645395816455,36.07832307378566,24.011107726488433,0.526203486306953,0.7712484690806998,0.8542813572533234,292.25240478515633,263.43494968566904,-0.09860468084316323,0.7425790754257907,1301.645395816455,24.011107726488433,0.3057634616330646
0.652,1301.638481167293,36.078227245352466,24.01011230297742,0.5189256929645201,0.771249684263104,0.8542828677824685,292.25240478515633,263.4640004760744,-0.09850527775894673,0.7429406037000974,1301.638481167293,24.01011230297742,0.30573703705496763
0.653,1301.6319821183386,36.07813717638895,24.009129024752163,0.5116478996220866,0.7712508264078101,0.8542879162497983,292.25240478515633,263.4930512664796,-0.09840587467473061,0.7429406037000974,1301.6319821183386,24.009129024752163,0.30571071647410664
0.654,1301.6258986695905,36.078052866938236,24.008156477244075,0.5043701062796533,0.7712518955148179,0.8542911691783172,292.25240478515633,263.5221020568849,-0.0983064715905143,0.7429406037000974,1301.6258986695905,24.008156477244075,0.3056844904610323
0.655,1301.6202308210502,36.07797431704073,24.007183929735984,0.4970923129372206,0.7712528915841274,0.8542977567018564,292.25240478515633,263.55115284729015,-0.09820706850629798,0.7429406037000974,1301.6202308210502,24.007183929735984,0.3056582874841297
0.656,1301.614978572717,36.077901526734024,24.00621138222789,0.4898145195947871,0.7712538146157386,0.8543049218934332,292.25240478515633,263.58020363769543,-0.09810766542208167,0.7429406037000974,1301.614978572717,24.00621138222789,0.30563210754354925
0.657,1301.6101419245908,36.077834496052986,24.005238834719798,0.48253672625235416,0.7712546646096516,0.8543066875802066,292.25240478515633,263.6092544281007,-0.09800826233786536,0.7431214998782566,1301.6101419245908,24.005238834719798,0.30560595063943036
0.658,1301.6057208766717,36.07777322502972,24.00427132750285,0.47525893290992094,0.7712554415658665,0.8543072779559372,292.25240478515633,263.638305218506,-0.09790885925364905,0.7431214998782566,1301.6057208766717,24.00427132750285,0.3055798503708655
0.659,1301.6017154289598,36.07771771369358,24.003318091442654,0.4679811395674877,0.771256145484383,0.8543152934387296,292.25240478515633,263.66735600891127,-0.09780945616943273,0.7431214998782566,1301.6017154289598,24.003318091442654,0.305553868271624
0.66,1301.5981255814552,36.07766796207115,24.00236872861815,0.46070334622505477,0.7712567763652013,0.8543189980022734,292.25240478515633,263.6964067993165,-0.09771005308521662,0.7433024841695081,1301.5981255814552,24.00236872861815,0.30552793502847986
0.661,1301.5949513341573,36.077623970186245,24.001420570608104,0.45342555288262154,0.7712573342083214,0.854320473821148,292.25240478515633,263.72545758972177,-0.0976106500010003,0.7433024841695081,1301.5949513341573,24.001420570608104,0.3055020328536294
0.662,1301.5921926870672,36.07758573805996,24.000475712476643,0.4461477595401886,0.7712578190137432,0.8543245039666285,292.25240478515633,263.75450838012705,-0.09751124691678398,0.7433024841695081,1301.5921926870672,24.000475712476643,0.3054761757130139
0.663,1301.5898496401837,36.07755326571058,23.99953087208929,0.4388699661977554,0.7712582307814668,0.8543260305158985,292.25240478515633,263.7739345932008,-0.09744477624706259,0.7433024841695081,1301.5898496401837,23.99953087208929,0.30545034172774843
0.664,1301.5879221935074,36.07752655315366,23.99858894299034,0.4315921728553222,0.7712585695114922,0.85432822354653,292.25240478515633,263.7918719482423,-0.09738340000259782,0.743421052631579,1301.5879221935074,23.99858894299034,0.3054245501864815
0.665,1301.5864103470385,36.07750560040201,23.99765355780315,0.424314379512889,0.7712588352038193,0.8543289305198615,292.25240478515633,263.80980930328377,-0.09732202375813324,0.7436022422617596,1301.5864103470385,23.99765355780315,0.3053988253046079
0.666,1301.5853141007765,36.07749040746566,23.99673126848194,0.417036586170456,0.7712590278584482,0.8543329228835437,292.25240478515633,263.8277466583253,-0.09726064751366847,0.7433585181574458,1301.5853141007765,23.99673126848194,0.3053732107579926
0.667,1301.5846334547216,36.07748097435188,23.995815679380364,0.4097587928280228,0.7712591474753789,0.8543355390221357,292.25240478515633,263.84568401336674,-0.0971992712692039,0.7433585181574458,1301.5846334547216,23.995815679380364,0.3053476639128
0.668,1301.584368408874,36.077477301065194,23.99490009027878,0.40248099948559035,0.7712591940546113,0.8543385191869489,292.25240478515633,263.8636213684083,-0.09713789502473894,0.7435397367137981,1301.584368408874,23.99490009027878,0.3053221401048745
0.669,1301.5845189632337,36.077479387607355,23.993984501177202,0.3952032061431566,0.7712591675961454,0.854342219273691,292.25240478515633,263.8815587234498,-0.09707651878027417,0.7432959531935641,1301.5845189632337,23.993984501177202,0.30529663933422335
0.67,1301.5850851178002,36.07748723397737,23.99306918911188,0.3879254128007237,0.7712590680999815,0.8543470948120032,292.25240478515633,263.89949607849127,-0.09701514253580959,0.7434772006827604,1301.5850851178002,23.99306918911188,0.3052711634475872
0.671,1301.586066872574,36.07750084017148,23.992164494103314,0.38064761945829045,0.7712588955661192,0.8543531704142581,292.25240478515633,263.9174334335328,-0.09695376629134482,0.7436585365853658,1301.586066872574,23.992164494103314,0.3052457813723138
0.672,1301.5874642275548,36.077520206183166,23.991260664039416,0.37336982611585695,0.7712586499945586,0.8543530496811363,292.25240478515633,263.93537078857423,-0.09689239004688024,0.7434146341463415,1301.5874642275548,23.991260664039416,0.3052204281000565
0.673,1301.5892771827432,36.07754533200316,23.990359860553806,0.3660920327734237,0.7712583313852998,0.8543560215548326,292.25240478515633,263.9533081436158,-0.09683101380241528,0.7434146341463415,1301.5892771827432,23.990359860553806,0.30519511804039223
0.674,1301.5915057381383,36.077576217619416,23.989459518474266,0.3588142394309908,0.7712579397383428,0.8543551523727176,292.25240478515633,263.97124549865725,-0.0967696375579507,0.7431707317073171,1301.5915057381383,23.989459518474266,0.30516983409363985
0.675,1301.5941498937407,36.07761286301715,23.988563379860196,0.35153644608855783,0.7712574750536875,0.8543573132024966,292.25240478515633,263.98918285369876,-0.09670826131348594,0.7431707317073171,1301.5941498937407,23.988563379860196,0.30514460120459264
0.676,1301.59720964955,36.07765526817881,23.987669996226654,0.3442586527461243,0.771256937331334,0.8543623915620143,292.25240478515633,264.0071202087403,-0.09664688506902117,0.7431707317073171,1301.59720964955,23.987669996226654,0.30511940971746965
0.677,1301.6006850055664,36.077703433084075,23.986780511118997,0.3369808594036914,0.7712563265712823,0.8543657598233871,292.25240478515633,264.02505756378173,-0.09658550882455659,0.7429895147524994,1301.6006850055664,23.986780511118997,0.30509426725515
0.678,1301.6045759617903,36.07775735770989,23.98589250842119,0.3297030660612587,0.7712556427735323,0.8543693122158198,292.25240478515633,264.04299491882324,-0.09652413258009182,0.742257985857108,1301.6045759617903,23.98589250842119,0.3050691577115281
0.679,1301.608882518221,36.077817042030425,23.985004505723385,0.32242527271882493,0.7712548859380841,0.8543728878555014,292.25240478515633,264.06093227386475,-0.09646275633562705,0.7417702999268471,1301.608882518221,23.985004505723385,0.305044071204644
0.68,1301.613604674859,36.077882486017096,23.984116503025575,0.3151474793763917,0.7712540560649377,0.8543785987088223,292.25240478515633,264.06398193359377,-0.09645232131549006,0.7417702999268471,1301.613604674859,23.984116503025575,0.3050190077343833
0.681,1301.6187424317045,36.07795368963856,23.983229499834938,0.3078696860339585,0.7712531531540929,0.8543792647686016,292.25240478515633,264.0664199295044,-0.09644397922532863,0.7417702999268471,1301.6187424317045,23.983229499834938,0.30499397396341155
0.682,1301.6242957887566,36.078030652860704,23.98234482124755,0.30059189269152553,0.7712521772055501,0.8543819062623534,292.25240478515633,264.06885792541505,-0.09643563713516702,0.7417702999268471,1301.6242957887566,23.98234482124755,0.30496897872478335
0.683,1301.6302647460163,36.07811337564669,23.981460142660172,0.2933140993490918,0.7712511282193089,0.8543837678891982,292.25240478515633,264.07129592132566,-0.09642729504500559,0.7419512195121951,1301.6302647460163,23.981460142660172,0.3049440065223695
0.684,1301.6366493034825,36.07820185795687,23.980575464072786,0.28603630600665936,0.7712500061953695,0.8543881370470213,292.25240478515633,264.0737339172363,-0.09641895295484397,0.7419512195121951,1301.6366493034825,23.980575464072786,0.30491905735601144
0.685,1301.6434494611565,36.0782960997489,23.979702528214474,0.27875851266422585,0.7712488111337319,0.8543943815230739,292.25240478515633,264.07617191314705,-0.09641061086468215,0.7417073170731707,1301.6434494611565,23.979702528214474,0.3048942095034645
0.686,1301.6506652190371,36.07839610097762,23.978831087717495,0.2714807193217924,0.7712475430343959,0.8543970363267792,292.25240478515633,264.0786099090576,-0.09640226877452092,0.7418882654305928,1301.6506652190371,23.978831087717495,0.30486939465481566
0.687,1301.6582965771254,36.07850186159516,23.977959647220512,0.26420292597935996,0.7712462018973618,0.8543965767218427,292.25240478515633,264.08104790496833,-0.0963939266843591,0.7418882654305928,1301.6582965771254,23.977959647220512,0.3048446028416811
0.6880000000000001,1301.6663435354203,36.07861338155085,23.977088206723533,0.25692513263692673,0.7712447877226295,0.8543972269020245,292.25240478515633,264.08348590087894,-0.09638558459419769,0.7418882654305928,1301.6663435354203,23.977088206723533,0.30481983406385815
0.6890000000000001,1301.6748060939224,36.0787306607913,23.976219507727265,0.24964733929449354,0.7712433005101988,0.8543959555706089,292.25240478515633,264.1129177642823,-0.09628487759257348,0.7417073170731707,1301.6748060939224,23.976219507727265,0.30479510659618547
0.6900000000000001,1301.6836842526318,36.07885369926034,23.97535367227121,0.24236954595206087,0.7712417402600701,0.854397938372233,292.25240478515633,264.1790238342286,-0.09605868246512922,0.7418882654305928,1301.6836842526318,23.97535367227121,0.30477042125196296
0.6910000000000001,1301.6929780115483,36.07898249689905,23.974487836815165,0.23509175260962656,0.771240106972243,0.8543988205832463,292.25240478515633,264.24512990417486,-0.09583248733768494,0.7418882654305928,1301.6929780115483,23.974487836815165,0.3047457589423782
0.6920000000000001,1301.7026873706723,36.07911705364576,23.97362309584117,0.22781395926719442,0.7712384006467177,0.8544001957041929,292.25240478515633,264.31123597412113,-0.09560629221024068,0.7418882654305928,1301.7026873706723,23.97362309584117,0.30472112696308523
0.6930000000000001,1301.7128123300029,36.079257369436014,23.97277164217764,0.22053616592476066,0.7712366212834941,0.8544040116256726,292.25240478515633,264.3773420440674,-0.0953800970827964,0.7418882654305928,1301.7128123300029,23.97277164217764,0.30469660659214737
0.6940000000000001,1301.723352889541,36.07940344420263,23.97192276216245,0.2132583725823277,0.7712347688825724,0.8544055464459844,292.25240478515633,264.4434481140137,-0.09515390195535214,0.7418882654305928,1301.723352889541,23.97192276216245,0.30467212641120955
0.6950000000000001,1301.734309049286,36.07955527787567,23.971078075678303,0.2059805792398945,0.7712328434439524,0.8544074190540425,292.25240478515633,264.50955418396,-0.09492770682790767,0.7418882654305928,1301.734309049286,23.971078075678303,0.3046476972182534
0.6960000000000001,1301.7456808092384,36.079712870382416,23.970240721569496,0.19870278589746154,0.771230844967634,0.854411072606136,292.25240478515633,264.5655683227539,-0.09473604325944165,0.7420693020985847,1301.7456808092384,23.970240721569496,0.3046233399367628
0.6970000000000001,1301.7574681693977,36.0798762216474,23.969410311412428,0.19142499255502857,0.7712287734536175,0.8544107790443736,292.25240478515633,264.55101871948244,-0.09478582763429448,0.741825280624695,1301.7574681693977,23.969410311412428,0.30459905197717463
0.6980000000000001,1301.769671129764,36.08004533159242,23.968587646675793,0.1841471992125951,0.7712266289019029,0.854413515956238,292.25240478515633,264.5330785400391,-0.09484721354301438,0.741825280624695,1301.769671129764,23.968587646675793,0.30457483868182744
0.6990000000000001,1301.7822896903378,36.0802202001365,23.96776541605753,0.17686940587016187,0.7712244113124898,0.8544159342322346,292.25240478515633,264.51513836059576,-0.0949085994517345,0.741825280624695,1301.7822896903378,23.96776541605753,0.30455065131270176
0.7000000000000001,1301.7953238511186,36.0804008271959,23.966943185439266,0.1695916125277281,0.7712221206853787,0.8544200536126215,292.25240478515633,264.4971981811524,-0.09496998536045459,0.741825280624695,1301.7953238511186,23.966943185439266,0.30452648697559664
0.7010000000000001,1301.8087736121065,36.080587212684144,23.966125983634964,0.16231381918529514,0.7712197570205691,0.8544251173372129,292.25240478515633,264.479258001709,-0.09503137126917469,0.741825280624695,1301.8087736121065,23.966125983634964,0.30450237919262246
0.7020000000000001,1301.8226389733015,36.08077935651199,23.96531046426849,0.1550360258428622,0.7712173203180615,0.8544245329640103,292.25240478515633,264.4613178222657,-0.09509275717789459,0.741825280624695,1301.8226389733015,23.96531046426849,0.3044783056562246
0.7030000000000001,1301.8369199347037,36.08097725858744,23.964508546363152,0.14775823250042952,0.7712148105778556,0.8544245296114279,292.25240478515633,264.4433776428224,-0.0951541430866145,0.741825280624695,1301.8369199347037,23.964508546363152,0.30445434581915065
0.704,1301.8516164963132,36.08118091881574,23.96371390645061,0.14048043915799685,0.7712122277999514,0.8544263766836478,292.25240478515633,264.425437463379,-0.0952155289953346,0.741825280624695,1301.8516164963132,23.96371390645061,0.3044304575283008
0.705,1301.8667286581297,36.08139033709939,23.96292319327994,0.13320264581556335,0.7712095719843489,0.8544258607673699,292.25240478515633,264.40749728393564,-0.0952769149040547,0.7420063461069075,1301.8667286581297,23.96292319327994,0.3044066184435918
0.706,1301.8822564201532,36.08160551333814,23.96213343311946,0.1259248524731304,0.7712068431310483,0.8544296048994177,292.25240478515633,264.38955710449227,-0.0953383008127748,0.7420063461069075,1301.8822564201532,23.96213343311946,0.30438280874150103
0.707,1301.898199782384,36.08182644742896,23.96135537284775,0.11864705913069717,0.7712040412400494,0.8544304084150808,292.25240478515633,264.37161692504895,-0.09539968672149471,0.7420063461069075,1301.898199782384,23.96135537284775,0.3043591000611262
0.708,1301.9145587448215,36.08205313926609,23.960577761067125,0.11136926578826396,0.7712011663113523,0.8544320154664821,292.25240478515633,264.3536767456056,-0.0954610726302148,0.7421875,1301.9145587448215,23.960577761067125,0.30433541739937187
0.709,1301.9313333074665,36.082285588741,23.959804261984885,0.104091472445831,0.7711982183449569,0.8544357085469287,292.25240478515633,264.33573656616227,-0.09552245853893472,0.7425500732779677,1301.9313333074665,23.959804261984885,0.30431178518168844
0.71,1301.948523470319,36.08252379574243,23.95904130063013,0.09681367910339805,0.7711951973408633,0.8544397881379829,292.25240478515633,264.3177963867189,-0.09558384444765482,0.7425500732779677,1301.948523470319,23.95904130063013,0.3042882462373634
0.711,1301.966129233378,36.082767760156344,23.958283391762595,0.08953588576096484,0.7711921032990714,0.8544428095777045,292.25240478515633,264.2998562072756,-0.09564523035637472,0.7425500732779677,1301.966129233378,23.958283391762595,0.3042647640009119
0.712,1301.9841505966444,36.08301748186596,23.957527085063347,0.08225809241853162,0.7711889362195814,0.8544413198867672,292.25240478515633,264.2819160278322,-0.09570661626509483,0.7420615534929165,1301.9841505966444,23.957527085063347,0.3042413154717786
0.713,1302.0025875601182,36.08327296075175,23.9567712330719,0.07498029907609867,0.7711856961023931,0.8544412714449608,292.25240478515633,264.2639758483889,-0.09576800217381473,0.7420615534929165,1302.0025875601182,23.9567712330719,0.30421789300042656
0.714,1302.021440123799,36.08353419669142,23.956015381080462,0.06770250573366599,0.7711823829475064,0.8544406815711139,292.25240478515633,264.2460356689455,-0.09582938808253483,0.7422428536525776,1302.021440123799,23.956015381080462,0.30419449355524986
0.715,1302.0407082876866,36.08380118955993,23.955261135399073,0.06042471239123222,0.7711789967549217,0.854441971994182,292.25240478515633,264.22809548950215,-0.09589077399125494,0.7422428536525776,1302.0407082876866,23.955261135399073,0.3041711278435334
0.716,1302.0603920517817,36.084073939229505,23.954508848901067,0.05314691904879845,0.7711755375246386,0.8544416041335697,292.25240478515633,264.21015531005884,-0.09595215989997484,0.7422428536525776,1302.0603920517817,23.954508848901067,0.3041477982170464
0.717,1302.0804914160838,36.084352445569586,23.953762194384797,0.04586912570636605,0.7711720052566574,0.8544457294964092,292.25240478515633,264.1922151306155,-0.09601354580869474,0.7424871732225752,1302.0804914160838,23.953762194384797,0.3041245291584199
0.718,1302.101006380593,36.084636708446894,23.95301845239958,0.03859133236393256,0.7711683999509779,0.8544458456122017,292.25240478515633,264.17427495117215,-0.09607493171741485,0.7424871732225752,1302.101006380593,23.95301845239958,0.30410130253905576
0.719,1302.1219369453095,36.08492672772538,23.952278744427062,0.03131353902149988,0.7711647216076001,0.8544463573327327,292.25240478515633,264.15906377410914,-0.0961269797991892,0.7426686217008798,1302.1219369453095,23.952278744427062,0.3040781258342918
0.72,1302.143283110233,36.08522250326625,23.951539036454534,0.024035745679066384,0.7711609702265242,0.8544441184098637,292.25240478515633,264.1615017700198,-0.09611863770902758,0.7424242424242424,1302.143283110233,23.951539036454534,0.30405497215253735
0.721,1302.1650448753637,36.085524034927964,23.950799328482013,0.016757952336633436,0.77115714580775,0.854443802223188,292.25240478515633,264.1639397659305,-0.09611029561886596,0.7421798631476051,1302.1650448753637,23.950799328482013,0.3040318414932265
0.722,1302.1872222407017,36.08583132256622,23.95006242374257,0.009480158994199942,0.7711532483512774,0.8544429553046301,292.25240478515633,264.16637776184115,-0.09610195352870433,0.7424242424242424,1302.1872222407017,23.95006242374257,0.3040087525423468
0.723,1302.2098152062463,36.086144366033984,23.9493326527643,0.002202365651767264,0.7711492778571067,0.854442518043552,292.25240478515633,264.16881575775176,-0.0960936114385429,0.7423612808604253,1302.2098152062463,23.9493326527643,0.30398573416693986
0.724,1302.2328237719985,36.08646316518146,23.94860329086582,-0.005075427690665958,0.7711452343252378,0.8544402096800665,292.25240478515633,264.15843492431674,-0.09612913153440886,0.7423612808604253,1302.2328237719985,23.94860329086582,0.30398980808868314
0.725,1302.2562479379578,36.08678771985611,23.94787567563482,-0.012353221033099724,0.7711411177556706,0.8544392401212292,292.25240478515633,264.1458687591556,-0.09617212917944243,0.7427243824896063,1302.2562479379578,23.94787567563482,0.30400566158342573
0.726,1302.2800877041243,36.08711802990264,23.94714919237502,-0.019631014375532402,0.7711369281484052,0.8544409311076459,292.25240478515633,264.1333025939945,-0.0962151268244758,0.7429060665362035,1302.2800877041243,23.94714919237502,0.3040215456434224
0.727,1302.3043430704977,36.08745409516301,23.946422709115208,-0.026908807717965624,0.7711326655034415,0.8544389082958602,292.25240478515633,264.1207364288333,-0.09625812446950939,0.7429060665362035,1302.3043430704977,23.946422709115208,0.30403745272223476
0.728,1302.3290140370782,36.08779591547644,23.945696627668664,-0.03418660106039884,0.7711283298207796,0.854439671821437,292.25240478515633,264.1081702636722,-0.09630112211454277,0.7426614481409002,1302.3290140370782,23.945696627668664,0.30405338549773775
0.729,1302.354100603866,36.0881434906794,23.944975345896633,-0.04146439440283234,0.7711239211004195,0.8544422177565492,292.25240478515633,264.09560409851105,-0.09634411975957634,0.7428431612429655,1302.354100603866,23.944975345896633,0.3040693732857546
0.73,1302.379602770861,36.088496820605606,23.94425449306866,-0.048742187745265016,0.771119439342361,0.8544449610122223,292.25240478515633,264.08303793334994,-0.09638711740460973,0.7432068543451652,1302.379602770861,23.94425449306866,0.30408538694999887
0.731,1302.4055205380628,36.08885590508603,23.94353364024068,-0.056019981087698234,0.7711148845466045,0.8544479196562664,292.25240478515633,264.0704717681888,-0.0964301150496433,0.7432068543451652,1302.4055205380628,23.94353364024068,0.30410142363042064
0.732,1302.431853905472,36.08922074394891,23.94281485267132,-0.06329777443013174,0.7711102567131497,0.8544469324913522,292.25240478515633,264.0579056030276,-0.09647311269467687,0.7432068543451652,1302.431853905472,23.94281485267132,0.304117497093504
0.733,1302.4586028730887,36.08959133701972,23.942101927160824,-0.07057556777256414,0.7711055558419966,0.8544474664955154,292.25240478515633,264.0453394378665,-0.09651611033971025,0.7432068543451652,1302.4586028730887,23.942101927160824,0.30413363264831
0.734,1302.485767440912,36.08996768412119,23.941395649502603,-0.07785336111499763,0.7711007819331452,0.8544465863321871,292.25240478515633,264.03277327270536,-0.09655910798474383,0.7431439764936337,1302.485767440912,23.941395649502603,0.30414983553228825
0.735,1302.5133476089425,36.09034978507333,23.940693950040803,-0.08513115445743058,0.7710959349865957,0.8544464538750643,292.25240478515633,264.0202071075442,-0.0966021056297774,0.7431439764936337,1302.5133476089425,23.940693950040803,0.30416609194823563
0.736,1302.5413433771805,36.09073763969338,23.939994505697264,-0.0924089477998638,0.7710910150023478,0.8544506335617861,292.25240478515633,264.0076409423831,-0.09664510327481078,0.7431439764936337,1302.5413433771805,23.939994505697264,0.3041823864096054
0.737,1302.5697547456252,36.091131247795836,23.939298469262532,-0.09968674114229702,0.7710860219804019,0.8544554724625945,292.25240478515633,263.995074777222,-0.09668810091984416,0.7431439764936337,1302.5697547456252,23.939298469262532,0.30419872660024516
0.738,1302.5985817142773,36.091530609192475,23.93860395786686,-0.10696453448473024,0.7710809559207575,0.854453430659533,292.25240478515633,263.9825086120608,-0.09673109856487774,0.7433259857947587,1302.5985817142773,23.93860395786686,0.3042150999680491
0.739,1302.627824283136,36.091935723692295,23.93790945259547,-0.11424232782716347,0.7710758168234151,0.8544525523230612,292.25240478515633,263.9699424468997,-0.09677409620991112,0.7433259857947587,1302.627824283136,23.93790945259547,0.3042314963870519
0.74,1302.6574824522024,36.09234659110159,23.93721680630833,-0.12152012116959669,0.7710706046883743,0.8544493984864425,292.25240478515633,263.96598956298857,-0.09678762179206693,0.7433259857947587,1302.6574824522024,23.93721680630833,0.30424792820778424
0.741,1302.6875562214761,36.09276321122388,23.936524640089946,-0.1287979145120291,0.7710653195156353,0.8544540382398339,292.25240478515633,263.9654948089602,-0.09678931469183524,0.7433259857947587,1302.6875562214761,23.936524640089946,0.30426438623750474
0.742,1302.7180455909565,36.09318558385996,23.935832473871557,-0.13607570785446285,0.771059961305198,0.8544567498969148,292.25240478515633,263.9650000549319,-0.09679100759160338,0.7435080842724154,1302.7180455909565,23.935832473871557,0.30428086727524184
0.743,1302.7489505606443,36.09361370880788,23.935145275559783,-0.14335350119689608,0.7710545300570626,0.8544525950233188,292.25240478515633,263.96450530090357,-0.0967927004913717,0.7436902719921588,1302.7489505606443,23.935145275559783,0.304297404436631
0.744,1302.780271130539,36.094047585862945,23.934459429305434,-0.1506312945393293,0.7710490257712288,0.8544527222006262,292.25240478515633,263.9640105468753,-0.09679439339113982,0.7436902719921588,1302.780271130539,23.934459429305434,0.3043139736173279
0.745,1302.812007300641,36.09448721481773,23.93377423018529,-0.15790908788176225,0.7710434484476969,0.8544514400486,292.25240478515633,263.9635157928469,-0.09679608629090815,0.7436902719921588,1302.812007300641,23.93377423018529,0.30433057011743114
0.746,1302.8441590709501,36.09493259546207,23.93308938697652,-0.1651868812241952,0.7710377980864668,0.8544500230504849,292.25240478515633,263.9630210388186,-0.09679777919067628,0.7436902719921588,1302.8441590709501,23.93308938697652,0.30434719199478666
0.747,1302.8767264414664,36.09538372758304,23.932410070803645,-0.17246467456662842,0.7710320746875383,0.8544489110370032,292.25240478515633,263.9625262847903,-0.0967994720904446,0.7436902719921588,1302.8767264414664,23.932410070803645,0.30436387371965196
0.748,1302.9097094121898,36.095840610965,23.931740773805913,-0.1797424679090611,0.7710262782509116,0.8544486092443495,292.25240478515633,263.962031530762,-0.09680116499021273,0.7434452340112717,1302.9097094121898,23.931740773805913,0.30438064523610636
0.749,1302.9431079831202,36.09630324538955,23.931075796947127,-0.18702026125149515,0.7710204087765867,0.8544500133139429,292.25240478515633,263.9615367767336,-0.09680285788998105,0.7434452340112717,1302.9431079831202,23.931075796947127,0.3043974685530678
0.75,1302.9769221542579,36.09677163063558,23.930411338092966,-0.1942980545939281,0.7710144662645636,0.8544495283423472,292.25240478515633,263.9610420227053,-0.09680455078974917,0.7434452340112717,1302.9769221542579,23.930411338092966,0.3044143183243354
0.751,1303.011151925603,36.09724576647923,23.929764319983352,-0.20157584793636105,0.7710084507148421,0.854447580924979,292.25240478515633,263.960547268677,-0.0968062436895175,0.7434452340112717,1303.011151925603,23.929764319983352,0.30443130735728485
0.752,1303.0457972971549,36.097725652693896,23.92912195272115,-0.20885364127879508,0.7710023621274226,0.8544448792453442,292.25240478515633,263.9600525146486,-0.09680793658928583,0.7434452340112717,1303.0457972971549,23.92912195272115,0.304448350392583
0.753,1303.080858268914,36.098211289050234,23.928484181756073,-0.21613143462122775,0.7709962005023047,0.8544432325250623,292.25240478515633,263.9595577606203,-0.09680962948905394,0.7436274509803922,1303.080858268914,23.928484181756073,0.30446544706567624
0.754,1303.1163348408802,36.09870267531619,23.92784757598189,-0.22340922796366097,0.7709899658394886,0.8544452433518672,292.25240478515633,263.959063006592,-0.09681132238882227,0.7433823529411765,1303.1163348408802,23.92784757598189,0.30448257450362143
0.755,1303.1522270130536,36.099199811256945,23.927213329999635,-0.23068702130609392,0.7709836581389743,0.854443261714613,292.25240478515633,263.9585682525637,-0.0968130152885904,0.7433823529411765,1303.1522270130536,23.927213329999635,0.3044997406687806
0.756,1303.188534785434,36.09970269663497,23.926583691882975,-0.23796481464852687,0.7709772774007617,0.8544355086567238,292.25240478515633,263.9580734985353,-0.09681470818835872,0.7433823529411765,1303.188534785434,23.926583691882975,0.30451696054603383
0.757,1303.2252581580217,36.100211331209984,23.925956242106256,-0.2452426079909601,0.7709708236248509,0.854434074313511,292.25240478515633,263.95757874450703,-0.09681640108812685,0.7433823529411765,1303.2252581580217,23.925956242106256,0.30453421800567804
0.758,1303.2623971308165,36.100725714738985,23.92533089157924,-0.2525204013333933,0.7709642968112418,0.8544338073315049,292.25240478515633,263.9570839904787,-0.09681809398789518,0.7433823529411765,1303.2623971308165,23.92533089157924,0.30455151245285894
0.759,1303.2999517038184,36.10124584697623,23.924706202844572,-0.2597981946758271,0.7709576969599345,0.8544302527910104,292.25240478515633,263.9565892364504,-0.0968197868876633,0.7433823529411765,1303.2999517038184,23.924706202844572,0.30456883430439385
0.76,1303.3379218770272,36.101771727673245,23.924083390626013,-0.2670759880182595,0.770951024070929,0.8544260049886447,292.25240478515633,263.95609448242203,-0.09682147978743162,0.7435645991664623,1303.3379218770272,23.924083390626013,0.3045861916567296
0.761,1303.3763076504433,36.10230335657884,23.923460578407457,-0.274353781360693,0.7709442781442253,0.8544195972598907,292.25240478515633,263.95559972839374,-0.09682317268719975,0.7435645991664623,1303.3763076504433,23.923460578407457,0.30460357199986277
0.762,1303.4151090240669,36.102840733439066,23.92283911642285,-0.28163157470312594,0.7709374591798233,0.8544188902464085,292.25240478515633,263.9551049743654,-0.09682486558696807,0.7437469347719471,1303.4151090240669,23.92283911642285,0.3046209843335397
0.763,1303.4543259978973,36.103383857997265,23.922220311971685,-0.2889093680455589,0.770930567177723,0.8544172095787189,292.25240478515633,263.9546102203371,-0.0968265584867362,0.7439293598233996,1303.4543259978973,23.922220311971685,0.30463843737129154
0.764,1303.4939585719349,36.10393272999404,23.921604212962475,-0.29618716138799267,0.7709236021379245,0.8544137156055389,292.25240478515633,263.95411546630874,-0.09682825138650453,0.7439293598233996,1303.4939585719349,23.921604212962475,0.30465593143144276
0.765,1303.5340067461796,36.10448734916727,23.920990458029387,-0.30346495473042506,0.7709165640604279,0.8544126101767702,292.25240478515633,263.95362071228044,-0.09682994428627265,0.7439293598233996,1303.5340067461796,23.920990458029387,0.3046734641040527
0.766,1303.5744705206316,36.10504771525211,23.920383971834767,-0.31074274807285857,0.7709094529452328,0.8544110996476252,292.25240478515633,263.9531259582521,-0.09683163718604097,0.7441118743866536,1303.5744705206316,23.920383971834767,0.30469106821623587
0.767,1303.6153498952904,36.10561382798097,23.919779855988963,-0.3180205414152915,0.7709022687923397,0.8544108778752946,292.25240478515633,263.95263120422374,-0.0968333300858093,0.7441118743866536,1303.6153498952904,23.919779855988963,0.30470871111388403
0.768,1303.6566448701565,36.106185687083546,23.919177379846786,-0.3252983347577242,0.7708950116017482,0.8544091681786569,292.25240478515633,263.9521364501955,-0.09683502298557722,0.7438665358194309,1303.6566448701565,23.919177379846786,0.30472638792537976
0.769,1303.69835544523,36.10676329228681,23.91860626171201,-0.33257612810015796,0.7708876813734585,0.8544130620526992,292.25240478515633,263.9516416961671,-0.09683671588534574,0.7438665358194309,1303.69835544523,23.91860626171201,0.30474429675410347
0.77,1303.7404816205105,36.10734664331499,23.918037914496644,-0.3398539214425912,0.7708802781074706,0.8544099251797468,292.25240478515633,263.9511469421388,-0.09683840878511388,0.7438665358194309,1303.7404816205105,23.918037914496644,0.30476224703525023
0.771,1303.7830233959978,36.10793573988961,23.917469567281273,-0.34713171478502414,0.7708728018037845,0.8544049407527661,292.25240478515633,263.9506521881105,-0.096840101684882,0.7438665358194309,1303.7830233959978,23.917469567281273,0.3047802202965465
0.772,1303.8259807716927,36.108530581729475,23.916901220065906,-0.3544095081274573,0.7708652524624,0.8544039205839853,292.25240478515633,263.95015743408214,-0.09684179458465032,0.7438665358194309,1303.8259807716927,23.916901220065906,0.3047982165368679
0.773,1303.8693537475942,36.109131168550626,23.91633287285054,-0.3616873014698903,0.7708576300833174,0.8544012181816382,292.25240478515633,263.9496626800538,-0.09684348748441865,0.7433758586849852,1303.8693537475942,23.91633287285054,0.30481623575507844
0.774,1303.9131423237034,36.10973750006642,23.91576452563517,-0.36896509481232403,0.7708499346665365,0.8543972221441678,292.25240478515633,263.9491679260255,-0.09684518038418677,0.7433758586849852,1303.9131423237034,23.91576452563517,0.30483427795003176
0.775,1303.9573465000196,36.110349575987485,23.915196178419805,-0.3762428881547564,0.7708421662120575,0.8543969947507408,292.25240478515633,263.94867317199714,-0.0968468732839551,0.7433758586849852,1303.9573465000196,23.915196178419805,0.30485234312057047
0.776,1304.0019662765428,36.11096739602171,23.91463450043179,-0.3835206814971902,0.7708343247198801,0.8543906812757291,292.25240478515633,263.94817841796885,-0.09684856618372323,0.7433758586849852,1304.0019662765428,23.91463450043179,0.30487047572310283
0.777,1304.0470016532731,36.11159095987427,23.91408303132508,-0.39079847483962343,0.7708264101900045,0.8543886578215325,292.25240478515633,263.94768366394055,-0.09685025908349135,0.7433758586849852,1304.0470016532731,23.91408303132508,0.3048886993520521
0.778,1304.0924526302106,36.11222026724763,23.913543775372755,-0.3980762681820561,0.7708184226224307,0.8543848089363373,292.25240478515633,263.9471889099122,-0.09685195198325967,0.7433758586849852,1304.0924526302106,23.913543775372755,0.30490702736686487
0.779,1304.1383192073554,36.11285531784153,23.913007571683757,-0.4053540615244896,0.7708103620171587,0.8543834947239859,292.25240478515633,263.94669415588385,-0.096853644883028,0.7433758586849852,1304.1383192073554,23.913007571683757,0.304925398699144
0.78,1304.1846013847073,36.11349611135299,23.912471367994755,-0.41263185486692283,0.7708022283741883,0.854384339273653,292.25240478515633,263.9461994018555,-0.09685533778279631,0.7433758586849852,1304.1846013847073,23.912471367994755,0.3049437930010581
0.781,1304.2312991622662,36.11414264747629,23.91194252429114,-0.4199096482093555,0.7707940216935198,0.8543823767280515,292.25240478515633,263.9457046478272,-0.09685703068256445,0.7433758586849852,1304.2312991622662,23.91194252429114,0.30496225933360677
0.782,1304.2784125400324,36.11479492590305,23.911417523745538,-0.4271874415517893,0.770785741975153,0.8543821877588339,292.25240478515633,263.94520989379885,-0.09685872358233277,0.7433758586849852,1304.2784125400324,23.911417523745538,0.3049807742521178
0.783,1304.3259415180053,36.115452946322094,23.910896333448903,-0.43446523489422195,0.7707773892190881,0.8543799065171387,292.25240478515633,263.94471513977055,-0.09686041648210089,0.7433758586849852,1304.3259415180053,23.910896333448903,0.30499933753597247
0.784,1304.3738860961857,36.116116708419604,23.910375928703765,-0.4417430282366549,0.7707689634253247,0.8543740301225272,292.25240478515633,263.9442203857422,-0.09686210938186922,0.7433758586849852,1304.3738860961857,23.910375928703765,0.30501792902105224
0.785,1304.4222462745731,36.116786211879,23.909856977405358,-0.4490208215790884,0.7707604645938633,0.8543656952209286,292.25240478515633,263.94372563171396,-0.09686380228163716,0.743558282208589,1304.4222462745731,23.909856977405358,0.3050365531583314
0.786,1304.4710220531679,36.11746145638101,23.909342237426035,-0.4562986149215219,0.7707518927247036,0.8543586384562875,292.25240478515633,263.94323087768555,-0.09686549518140566,0.743558282208589,1304.4710220531679,23.909342237426035,0.3050552283307197
0.787,1304.5202134319698,36.11814244160364,23.90884109067853,-0.46357640826395485,0.7707432478178455,0.8543569242226219,292.25240478515633,263.94273612365726,-0.0968671880811738,0.7437407952871871,1304.5202134319698,23.90884109067853,0.30507401707747295
0.788,1304.5698204109785,36.11882916722217,23.908341071553476,-0.4708542016063881,0.7707345298732894,0.8543546881303765,292.25240478515633,263.94224136962896,-0.09686888098094192,0.7437407952871871,1304.5698204109785,23.908341071553476,0.30509283630059253
0.789,1304.6198429901947,36.11952163290918,23.907842363433645,-0.4781319949488216,0.7707257388910349,0.8543541162641135,292.25240478515633,263.9417466156006,-0.09687057388071024,0.7437407952871871,1304.6198429901947,23.907842363433645,0.30511168722121235
0.79,1304.670281169618,36.12021983833456,23.907348151536464,-0.48540978829125425,0.7707168748710822,0.854349306392253,292.25240478515633,263.9412518615723,-0.09687226678047837,0.743923397986742,1304.670281169618,23.907348151536464,0.30513059107091367
0.791,1304.7211349492482,36.12092378316546,23.906887991420312,-0.4926875816336875,0.7707079378134314,0.8543483782689268,292.25240478515633,263.94075710754396,-0.09687395968024669,0.743923397986742,1304.7211349492482,23.906887991420312,0.3051497448679646
0.792,1304.7724043290857,36.121633467066324,23.90643332276799,-0.4999653749761204,0.7706989277180821,0.8543468461587864,292.25240478515633,263.9402623535156,-0.09687565258001501,0.743923397986742,1304.7724043290857,23.90643332276799,0.30516895822577694
0.793,1304.8240893091302,36.122348889698884,23.905980414167125,-0.5072431683185536,0.7706898445850348,0.8543424069781619,292.25240478515633,263.9380951019287,-0.09688306826437355,0.743677878713479,1304.8240893091302,23.905980414167125,0.30518820626911924
0.794,1304.8761898893817,36.12307005072218,23.905527724913057,-0.5145209616609866,0.7706806884142892,0.8543375142553548,292.25240478515633,263.95216285705567,-0.09683493262922861,0.743677878713479,1304.8761898893817,23.905527724913057,0.3052074787261734
0.795,1304.928706069841,36.12379694979254,23.905077464998104,-0.5217987550034195,0.7706714592058452,0.8543309386967208,292.25240478515633,263.9684103012085,-0.09677933875254252,0.743432359440216,1304.928706069841,23.905077464998104,0.3052267903275416
0.796,1304.9816378505068,36.12452958656357,23.90463152351901,-0.5290765483458533,0.7706621569597032,0.8543251684605311,292.25240478515633,263.98465774536135,-0.09672374487585643,0.743614931237721,1304.9816378505068,23.90463152351901,0.30524615366470087
0.797,1305.03498523138,36.12526796068619,23.904191928617834,-0.5363543416882866,0.7706527816758628,0.8543218168215433,292.25240478515633,264.0009051895141,-0.09666815099917053,0.743614931237721,1305.03498523138,23.904191928617834,0.30526558225600436
0.798,1305.0887482124601,36.126012071808596,23.903755457799665,-0.5436321350307195,0.7706433333543242,0.8543161644878514,292.25240478515633,264.017152633667,-0.09661255712248425,0.743614931237721,1305.0887482124601,23.903755457799665,0.3052850546186487
0.799,1305.1429267937478,36.126761919576296,23.9033217924671,-0.5509099283731519,0.7706338119950874,0.8543112844526621,292.25240478515633,264.03963514709477,-0.09653562871040061,0.743614931237721,1305.1429267937478,23.9033217924671,0.30530456862742167
0.8,1305.1975209752422,36.12751750363208,23.902898359772976,-0.5581877217155856,0.7706242175981524,0.8543074055949775,292.25240478515633,264.0643127441407,-0.09645118938110214,0.7431237721021611,1305.1975209752422,23.902898359772976,0.30532417379086
0.801,1305.252530756944,36.12827882361605,23.902481972344294,-0.5654655150580189,0.770614550163519,0.8542985722225754,292.25240478515633,264.08899034118656,-0.09636675005180387,0.7431237721021611,1305.252530756944,23.902481972344294,0.3053438488602535
0.802,1305.307956138853,36.1290458791656,23.90206629751544,-0.5727433084004515,0.7706048096911875,0.8542973434508901,292.25240478515633,264.1136679382324,-0.0962823107225056,0.7431237721021611,1305.307956138853,23.90206629751544,0.30536355162012147
0.803,1305.363797120969,36.12981866991542,23.901660057839894,-0.5800211017428848,0.7705949961811577,0.8542980004165385,292.25240478515633,264.13834553527835,-0.09619787139320714,0.7431237721021611,1305.363797120969,23.901660057839894,0.3053833402142073
0.804,1305.420053703292,36.1305971954975,23.901256110585166,-0.5872988950853183,0.7705851096334296,0.8542941677120708,292.25240478515633,264.16302313232427,-0.09611343206390867,0.7431237721021611,1305.420053703292,23.901256110585166,0.30540316702704146
0.805,1305.4767258858224,36.131381455541145,23.900852163330438,-0.5945766884277518,0.7705751500480034,0.854287217447132,292.25240478515633,264.1877007293702,-0.0960289927346102,0.7429413208936901,1305.4767258858224,23.900852163330438,0.3054230167756896
0.806,1305.5338136685596,36.13217144967293,23.900451478060656,-0.6018544817701847,0.7705651174248789,0.8542863772337393,292.25240478515633,264.21237832641606,-0.09594455340531192,0.7429413208936901,1305.5338136685596,23.900451478060656,0.305442911203298
0.807,1305.591317051504,36.13296717751677,23.900052114536116,-0.6091322751126181,0.7705550117640562,0.8542830329824784,292.25240478515633,264.237055923462,-0.09586011407601347,0.7429413208936901,1305.591317051504,23.900052114536116,0.30546283737457697
0.808,1305.649236034656,36.13376863869386,23.89965337856637,-0.6164100684550514,0.7705448330655351,0.8542764870952035,292.25240478515633,264.2617335205079,-0.095775674746715,0.7431237721021611,1305.649236034656,23.89965337856637,0.3054827906604851
0.809,1305.7075706180146,36.134575832822705,23.899254642596617,-0.623687861797484,0.770534581329316,0.8542745450666042,292.25240478515633,264.28641111755377,-0.09569123541741673,0.7431237721021611,1305.7075706180146,23.899254642596617,0.3055027668761686
0.81,1305.7663208015804,36.13538875951912,23.89885719662899,-0.6309656551399171,0.7705242565553985,0.8542672977267177,292.25240478515633,264.31108871459963,-0.09560679608811845,0.7426326129666012,1305.7663208015804,23.89885719662899,0.30552277461934313
0.811,1305.8254865853535,36.13620741839621,23.898472720473457,-0.6382434484823508,0.7705138587437828,0.8542559587907212,292.25240478515633,264.3357663116456,-0.09552235675881979,0.7426326129666012,1305.8254865853535,23.898472720473457,0.3055428917469626
0.812,1305.885067969334,36.137031809064425,23.89808993243843,-0.6455212418247832,0.7705033878944689,0.8542517155253836,292.25240478515633,264.3604439086915,-0.09543791742952153,0.7423237533775485,1305.885067969334,23.89808993243843,0.3055630430528549
0.8130000000000001,1305.945064953521,36.13786193113147,23.8977071444034,-0.6527990351672164,0.7704928440074568,0.8542464765631101,292.25240478515633,264.38512150573735,-0.09535347810022325,0.7422604422604423,1305.945064953521,23.8977071444034,0.30558321728231147
0.8140000000000001,1306.0054775379156,36.1386977842024,23.89733645187992,-0.6600768285096497,0.7704822270827463,0.8542470584268946,292.25240478515633,264.40979910278327,-0.09526903877092478,0.7424428606537232,1306.0054775379156,23.89733645187992,0.3056034950633523
0.8150000000000001,1306.0663057225172,36.13953936787957,23.896972814178596,-0.6673546218520823,0.7704715371203377,0.8542429912424034,292.25240478515633,264.4344766998292,-0.09518459944162631,0.7421971000245761,1306.0663057225172,23.896972814178596,0.3056238427927682
0.8160000000000001,1306.1275495073262,36.140386681762635,23.896610504580728,-0.6746324151945167,0.7704607741202307,0.8542385246790091,292.25240478515633,264.45915429687506,-0.09510016011232804,0.7421971000245761,1306.1275495073262,23.896610504580728,0.3056442222942156
0.8170000000000001,1306.189208892342,36.14123972544857,23.896257864960287,-0.6819102085369493,0.7704499380824257,0.8542344116022803,292.25240478515633,264.483831893921,-0.09501572078302958,0.7421971000245761,1306.189208892342,23.896257864960287,0.30566468917364875
0.8180000000000001,1306.2512838775651,36.14209849853167,23.89592698297178,-0.6891880018793822,0.7704390290069223,0.8542291324090164,292.25240478515633,264.50850949096684,-0.09493128145373131,0.7423795476892822,1306.2512838775651,23.89592698297178,0.3056853240066689
0.8190000000000001,1306.313774462995,36.14296300060352,23.89561059573971,-0.6964657952218155,0.7704280468937207,0.8542260825827577,292.25240478515633,264.53318708801277,-0.09484684212443284,0.7423795476892822,1306.313774462995,23.89561059573971,0.3057060783767625
0.8200000000000001,1306.3766806486324,36.14383323125305,23.89529572323629,-0.7037435885642485,0.7704169917428209,0.8542192261299038,292.25240478515633,264.55786468505863,-0.09476240279513456,0.7423795476892822,1306.3766806486324,23.89529572323629,0.3057268657564329
0.8210000000000001,1306.4400024344768,36.144709190066486,23.894985664972815,-0.7110213819066816,0.7704058635542228,0.8542134115472778,292.25240478515633,264.5825422821046,-0.0946779634658359,0.7421971000245761,1306.4400024344768,23.894985664972815,0.30574770813881863
0.8220000000000001,1306.5037398205286,36.14559087662738,23.89467584241496,-0.7182991752491149,0.7703946623279264,0.8542088316384885,292.25240478515633,264.6072198791505,-0.09459352413653764,0.7421971000245761,1306.5037398205286,23.89467584241496,0.3057685750013959
0.8230000000000001,1306.5678928067873,36.14647829051659,23.894366931123574,-0.7255769685915484,0.7703833880639319,0.8542036154416558,292.25240478515633,264.6318974761964,-0.09450908480723917,0.7419513393954289,1306.5678928067873,23.894366931123574,0.30578947084582836
0.8240000000000001,1306.6324613932532,36.14737143131231,23.89406191919451,-0.7328547619339814,0.7703720407622391,0.854202549982898,292.25240478515633,264.65657507324227,-0.0944246454779409,0.7419513393954289,1306.6324613932532,23.89406191919451,0.3058104155893031
0.8250000000000001,1306.6974455799261,36.14827029859003,23.89376395768724,-0.7401325552764151,0.770360620422848,0.8541994467562228,292.25240478515633,264.6812526702882,-0.09434020614864243,0.7419513393954289,1306.6974455799261,23.89376395768724,0.3058314302353243
0.8260000000000001,1306.7628453668062,36.149174891922584,23.893467736625045,-0.7474103486188478,0.7703491270457588,0.8541944108962094,292.25240478515633,264.7059302673341,-0.09425576681934396,0.7417055787662816,1306.7628453668062,23.893467736625045,0.3058524793854748
0.8270000000000001,1306.8286607538935,36.15008521088012,23.893173078457323,-0.7546881419612804,0.7703375606309713,0.8541909596634378,292.25240478515633,264.73060786438,-0.0941713274900457,0.7417055787662816,1306.8286607538935,23.893173078457323,0.30587356185446957
0.8280000000000001,1306.8948917411876,36.151001255030096,23.89287906448277,-0.7619659353037143,0.7703259211784856,0.8541846608434276,292.25240478515633,264.7552854614259,-0.09408688816074723,0.7417055787662816,1306.8948917411876,23.89287906448277,0.30589467151644584
0.8290000000000001,1306.9615383286898,36.15192302393733,23.892585355792832,-0.7692437286461474,0.7703142086883016,0.8541782645576199,292.25240478515633,264.7694470413209,-0.09403843148541062,0.7417055787662816,1306.9615383286898,23.892585355792832,0.30591580611047287
0.8300000000000001,1307.0286005163985,36.152850517163905,23.892292221624484,-0.7765215219885804,0.7703024231604193,0.8541721883531047,292.25240478515633,264.7745842132569,-0.09402085362513686,0.7417055787662816,1307.0286005163985,23.892292221624484,0.3059369674295533
0.8310000000000001,1307.0960783043142,36.15378373426928,23.891999087456135,-0.7837993153310133,0.7702905645948388,0.8541668893454758,292.25240478515633,264.77972138519294,-0.09400327576486289,0.7414598181371345,1307.0960783043142,23.891999087456135,0.30595815164212053
0.8320000000000001,1307.1639716924371,36.15472267481023,23.891706942580395,-0.7910771086734468,0.7702786329915602,0.8541668174757426,292.25240478515633,264.784858557129,-0.09398569790458894,0.7414598181371345,1307.1639716924371,23.891706942580395,0.30597936534110143
0.833,1307.2322806807672,36.15566733834085,23.891421556868384,-0.798354902015879,0.7702666283505832,0.8541615392460953,292.25240478515633,264.789995729065,-0.09396812004431498,0.7414598181371345,1307.2322806807672,23.891421556868384,0.3060006469871123
0.834,1307.3010052693044,36.156617724412556,23.89113617115637,-0.8056326953583125,0.7702545506719081,0.8541517524152823,292.25240478515633,264.795132901001,-0.09395054218404121,0.7414598181371345,1307.3010052693044,23.89113617115637,0.3060219515212596
0.835,1307.370145458049,36.15757383257412,23.890852801374358,-0.8129104887007451,0.7702423999555347,0.8541431208000924,292.25240478515633,264.80027007293705,-0.09393296432376726,0.7414598181371345,1307.370145458049,23.890852801374358,0.3060432923800812
0.836,1307.4397012470004,36.15853566237162,23.890575846785744,-0.8201882820431778,0.770230176201463,0.8541362794438975,292.25240478515633,264.8054072448731,-0.0939153864634933,0.7414598181371345,1307.4397012470004,23.890575846785744,0.30606469888758586
0.837,1307.509672636159,36.15950321334848,23.89029889219712,-0.8274660753856116,0.7702178794096931,0.8541405218660706,292.25240478515633,264.8105444168091,-0.09389780860321953,0.7412140575079872,1307.509672636159,23.89029889219712,0.3060861282777804
0.838,1307.5800596255249,36.16047648504545,23.89002856141095,-0.8347438687280445,0.7702055095802249,0.854135097046258,292.25240478515633,264.8156815887451,-0.09388023074294558,0.7412140575079872,1307.5800596255249,23.89002856141095,0.3061076247035989
0.839,1307.650862215098,36.161455477000615,23.889759433974056,-0.8420216620704775,0.7701930667130585,0.8541287508283595,292.25240478515633,264.82081876068116,-0.09386265288267162,0.7413962635201573,1307.650862215098,23.889759433974056,0.3061291520300408
0.84,1307.7220804048777,36.1624401887494,23.889490306537166,-0.849299455412911,0.770180550808194,0.8541239275863196,292.25240478515633,264.8259559326172,-0.09384507502239765,0.7413962635201573,1307.7220804048777,23.889490306537166,0.3061507022336303
0.841,1307.793714194865,36.16343061982457,23.88922964073782,-0.8565772487553441,0.7701679618656312,0.8541174567808333,292.25240478515633,264.8158316848755,-0.09387971715904374,0.7413962635201573,1307.793714194865,23.88922964073782,0.3061723317184177
0.842,1307.8657635850595,36.16442676975621,23.888976714308807,-0.8638550420977772,0.77015529988537,0.854107349647899,292.25240478515633,264.80101651916505,-0.09393041020884546,0.7413962635201573,1307.8657635850595,23.888976714308807,0.3061940356678354
0.843,1307.938228575461,36.16542863807176,23.88876729763157,-0.8711328354402104,0.7701425648674107,0.8540980040129317,292.25240478515633,264.78620135345466,-0.09398110325864698,0.7413962635201573,1307.938228575461,23.88876729763157,0.3062160525280759
0.844,1308.0111091660697,36.166436224296,23.888581266630137,-0.8784106287826439,0.7701297568117531,0.8540919898613063,292.25240478515633,264.76019813232426,-0.09407007847563283,0.7411504424778761,1308.0111091660697,23.888581266630137,0.30623824814861783
0.845,1308.0844053568853,36.167449527951035,23.888403633950606,-0.8856884221250765,0.7701168757183974,0.8540864001024633,292.25240478515633,264.7271140899658,-0.09418328213731958,0.741332677649373,1308.0844053568853,23.888403633950606,0.3062605226207092
0.846,1308.1581171479081,36.168468548556326,23.8882351029539,-0.8929662154675098,0.7701039215873433,0.8540855470006994,292.25240478515633,264.69403004760744,-0.09429648579900614,0.741332677649373,1308.1581171479081,23.8882351029539,0.3062828806310853
0.847,1308.2322445391385,36.16949328562868,23.88806997741606,-0.9002440088099433,0.770090894418591,0.8540777894258577,292.25240478515633,264.6868506088257,-0.09432105168337251,0.741332677649373,1308.2322445391385,23.88806997741606,0.30630528420635167
0.848,1308.3067875305753,36.170523738682235,23.887911759091107,-0.9075218021523759,0.7700777942121406,0.854070511832427,292.25240478515633,264.70597174072265,-0.094255624909858,0.741332677649373,1308.3067875305753,23.887911759091107,0.30632775668752343
0.849,1308.3817461222197,36.17155990722849,23.8877574011408,-0.9147995954948088,0.7700646209679918,0.8540691802749781,292.25240478515633,264.69291297149664,-0.09430030809813016,0.7412690605017216,1308.3817461222197,23.8877574011408,0.30635027776219154
0.85,1308.457120314071,36.17260179077628,23.88760304319049,-0.9220773888372432,0.7700513746861448,0.8540624151649415,292.25240478515633,264.6798542022705,-0.09434499128640271,0.7412690605017216,1308.457120314071,23.88760304319049,0.3063728216948404
0.851,1308.5329101061297,36.17364938883178,23.88745202626941,-0.9293551821796753,0.7700380553665995,0.8540553977479755,292.25240478515633,264.6667954330445,-0.09438967447467486,0.7414514145141451,1308.5329101061297,23.88745202626941,0.30639541075504995
0.852,1308.6091154983956,36.174702700898536,23.88730457493034,-0.9366329755221088,0.7700246630093561,0.854047755285159,292.25240478515633,264.65373666381845,-0.09443435766294722,0.7414514145141451,1308.6091154983956,23.88730457493034,0.30641804643772036
0.853,1308.6857364908683,36.17576172647742,23.887169003131397,-0.9439107688645415,0.7700111976144144,0.8540440756150423,292.25240478515633,264.640541558838,-0.09447950735124548,0.7409594095940959,1308.6857364908683,23.887169003131397,0.3064407841623322
0.854,1308.7627730835482,36.17682646506667,23.887035324271267,-0.9511885622069756,0.7699976591817744,0.854037168492019,292.25240478515633,264.6088709838868,-0.09458787455176339,0.7407134071340713,1308.7627730835482,23.887035324271267,0.30646355735543507
0.855,1308.8402252764356,36.177896916161885,23.88690164541114,-0.9584663555494082,0.7699840477114362,0.8540313608554623,292.25240478515633,264.5938834075929,-0.09463915753882694,0.7407134071340713,1308.8402252764356,23.88690164541114,0.30648635339653746
0.856,1308.9180930695297,36.17897307925599,23.886767966551016,-0.9657441488918415,0.7699703632033998,0.8540246341897104,292.25240478515633,264.59641005859385,-0.09463051209755913,0.7404674046740467,1308.9180930695297,23.886767966551016,0.30650917228361113
0.857,1308.9963764628312,36.180054953839296,23.886636974771402,-0.973021942234275,0.7699566056576652,0.8540152048405566,292.25240478515633,264.5989367095948,-0.09462186665629131,0.7404674046740467,1308.9963764628312,23.886636974771402,0.3065320319269006
0.858,1309.0750754563398,36.18114253939944,23.88651757464037,-0.9802997355767079,0.7699427750742323,0.8540100727192664,292.25240478515633,264.6014633605958,-0.0946132212150233,0.7404035433070866,1309.0750754563398,23.88651757464037,0.30655499168288436
0.859,1309.1541900500556,36.182235835421444,23.886399830167253,-0.9875775289191403,0.7699288714531012,0.8540051798157814,292.25240478515633,264.6020063293458,-0.09461136333895079,0.7404035433070866,1309.1541900500556,23.886399830167253,0.30657798531543345
0.86,1309.2337202439785,36.18333484138766,23.886285847199023,-0.9948553222615746,0.7699148947942718,0.8539963750708204,292.25240478515633,264.59330249023446,-0.09464114526364605,0.7404035433070866,1309.2337202439785,23.886285847199023,0.30660102686021345
0.861,1309.3136660381083,36.18443955677783,23.88617231188404,-1.0021331156040072,0.7699008450977441,0.8539888232281089,292.25240478515633,264.5845986511231,-0.0946709271883415,0.7404035433070866,1309.3136660381083,23.88617231188404,0.3066240942247566
0.862,1309.3940274324455,36.18554998106904,23.886058776569055,-1.0094109089464396,0.7698867223635183,0.8539805262287608,292.25240478515633,264.57589481201177,-0.09470070911303675,0.7404035433070866,1309.3940274324455,23.886058776569055,0.3066471844228807
0.863,1309.4748044269895,36.186666113735726,23.885949855367183,-1.016688702288873,0.7698725265915942,0.8539724136013763,292.25240478515633,264.56719097290045,-0.09473049103773201,0.7401574803149606,1309.4748044269895,23.885949855367183,0.30667032821051277
0.864,1309.555997021741,36.187787954249714,23.885847157062834,-1.0239664956313064,0.7698582577819719,0.8539700888764852,292.25240478515633,264.5584871337891,-0.09476027296242746,0.7403396505045533,1309.555997021741,23.885847157062834,0.3066935363098192
0.865,1309.6376052166995,36.188915502080185,23.885744904109256,-1.0312442889737394,0.7698439159346513,0.8539649649660108,292.25240478515633,264.54978329467775,-0.09479005488712272,0.740521910388971,1309.6376052166995,23.885744904109256,0.3067167702051112
0.866,1309.7196290118652,36.19004875669367,23.8856445142342,-1.0385220823161725,0.7698295010496325,0.8539611151573496,292.25240478515633,264.5410794555664,-0.09481983681181819,0.740521910388971,1309.7196290118652,23.8856445142342,0.3067400393449359
0.867,1309.802068407238,36.191187717554094,23.885545017102146,-1.045799875658606,0.7698150131269155,0.853957156279342,292.25240478515633,264.5257566467285,-0.09487226686401619,0.7402757262432299,1309.802068407238,23.885545017102146,0.30676333725881894
0.868,1309.8849234028178,36.192332384122714,23.8854627987549,-1.0530776690010397,0.7698004521665002,0.8539515723624244,292.25240478515633,264.49470322265626,-0.09497852235948447,0.7402757262432299,1309.8849234028178,23.8854627987549,0.3067867731752061
0.869,1309.968193998605,36.193482755858206,23.885393769690918,-1.0603554623434728,0.7697858181683865,0.8539470676157247,292.25240478515633,264.463649798584,-0.09508477785495273,0.7402757262432299,1309.968193998605,23.885393769690918,0.306810319831004
0.87,1310.051880194599,36.19463883221656,23.88533675615423,-1.0676332556859054,0.7697711111325749,0.8539395249474454,292.25240478515633,264.4325963745117,-0.0951910333504212,0.7402757262432299,1310.051880194599,23.88533675615423,0.3068339693996903
0.871,1310.1359819908007,36.1958006126512,23.885283523572905,-1.0749110490283382,0.7697563310590648,0.8539324222704915,292.25240478515633,264.40154295043953,-0.09529728884588927,0.7402757262432299,1310.1359819908007,23.885283523572905,0.30685766698679623
0.872,1310.220499387209,36.196968096612856,23.885241104651023,-1.082188842370771,0.7697414779478566,0.8539280849320895,292.25240478515633,264.37048952636724,-0.09540354434135774,0.740029542097489,1310.220499387209,23.885241104651023,0.30688145947066514
0.873,1310.3054323838248,36.198141283549695,23.885199851479175,-1.0894666357132048,0.7697265517989501,0.8539243657336196,292.25240478515633,264.339436102295,-0.095509799836826,0.739847403396505,1310.3054323838248,23.885199851479175,0.3069052825353921
0.874,1310.3907809806476,36.19932017290722,23.885158598307328,-1.0967444290556385,0.7697115526123455,0.8539208616424658,292.25240478515633,264.30838267822276,-0.09561605533229428,0.739847403396505,1310.3907809806476,23.885158598307328,0.306929128407781
0.875,1310.4765451776775,36.200504764128326,23.885123864810268,-1.1040222223980714,0.7696964803880424,0.8539157289189154,292.25240478515633,264.27732925415046,-0.09572231082776275,0.739847403396505,1310.4765451776775,23.885123864810268,0.30695304054625144
0.876,1310.5627249749145,36.20169505665328,23.88509692423764,-1.111300015740504,0.7696813351260412,0.8539068698500724,292.25240478515633,264.2462758300782,-0.09582856632323102,0.7402117704998769,1310.5627249749145,23.88509692423764,0.30697702743614363
0.877,1310.6493203723585,36.202891049919735,23.885078865233098,-1.1185778090829377,0.7696661168263419,0.8538983103856705,292.25240478515633,264.215222406006,-0.09593482181869929,0.7402117704998769,1310.6493203723585,23.885078865233098,0.3070010963321898
0.878,1310.7363313700098,36.20409274336273,23.885070039095794,-1.1258556024253714,0.7696508254889443,0.8538903057636393,292.25240478515633,264.1841689819337,-0.09604107731416775,0.7402117704998769,1310.7363313700098,23.885070039095794,0.3070252495739171
0.879,1310.8237579678685,36.20530013641468,23.885065772342745,-1.1331333957678043,0.7696354611138483,0.8538831037538809,292.25240478515633,264.15311555786144,-0.09614733280963603,0.7399655257325782,1310.8237579678685,23.885065772342745,0.3070494560052625
0.88,1310.9116001659338,36.206513228505365,23.885061505589693,-1.140411189110237,0.7696200237010542,0.8538798092091728,292.25240478515633,264.1220621337892,-0.09625358830510429,0.7397192809652795,1310.9116001659338,23.885061505589693,0.3070736852307432
0.881,1310.999857964207,36.20773201906199,23.885057238836648,-1.1476889824526697,0.7696045132505617,0.8538738351680856,292.25240478515633,264.09100870971696,-0.09635984380057257,0.7397192809652795,1310.999857964207,23.885057238836648,0.3070979372480683
0.882,1311.0885313626866,36.208956507509114,23.885055896499217,-1.1549667757951032,0.7695889297623711,0.8538695831298224,292.25240478515633,264.05995528564466,-0.09646609929604102,0.7397192809652795,1311.0885313626866,23.885055896499217,0.307122231549313
0.883,1311.1776203613736,36.210186693268696,23.8850564768217,-1.1622445691375365,0.7695732732364823,0.8538614304119752,292.25240478515633,264.02725805969254,-0.09657797938810103,0.7399655257325782,1311.1776203613736,23.8850564768217,0.30714656145438574
0.884,1311.2671249602674,36.21142257576009,23.885057057144184,-1.1695223624799704,0.7695575436728952,0.8538534989645747,292.25240478515633,263.9906729370119,-0.09670316269568599,0.7399655257325782,1311.2671249602674,23.885057057144184,0.30717091414436687
0.885,1311.357045159369,36.21266415440003,23.885057637466666,-1.1768001558224033,0.7695417410716098,0.8538501007909385,292.25240478515633,263.9540878143312,-0.09682834600327093,0.7399014778325124,1311.357045159369,23.885057637466666,0.3071952896169236
0.886,1311.4473809586775,36.21391142860265,23.885058217789148,-1.184077949164836,0.7695258654326262,0.8538415059738549,292.25240478515633,263.9175026916506,-0.0969535293108557,0.7400837644740084,1311.4473809586775,23.885058217789148,0.3072196878697127
0.887,1311.538132358193,36.21516439777946,23.88506092577586,-1.1913557425072694,0.7695099167559444,0.8538367864209693,292.25240478515633,263.88091756896995,-0.09707871261844066,0.7400837644740084,1311.538132358193,23.88506092577586,0.30724412308355187
0.888,1311.6292993579157,36.21642306133939,23.885065451541703,-1.1986335358497024,0.7694938950415644,0.8538340037975456,292.25240478515633,263.84433244628923,-0.0972038959260258,0.7398373983739838,1311.6292993579157,23.885065451541703,0.30726859319035943
0.889,1311.7208819578454,36.217687418688755,23.885077519107817,-1.205911329192135,0.7694778002894861,0.8538253108521782,292.25240478515633,263.8077473236086,-0.09732907923361056,0.7398373983739838,1311.7208819578454,23.885077519107817,0.30729313634452105
0.89,1311.8128801579826,36.218957469231256,23.88508971321736,-1.2131891225345683,0.7694616324997094,0.8538155351029553,292.25240478515633,263.77116220092796,-0.09745426254119552,0.740019714144899,1311.8128801579826,23.88508971321736,0.30731770311298573
0.891,1311.9052939583264,36.22023321236801,23.885103436273084,-1.220466915877002,0.7694453916722348,0.853805529370586,292.25240478515633,263.7345770782473,-0.09757944584878046,0.740019714144899,1311.9052939583264,23.885103436273084,0.30734230284188163
0.892,1311.998123358878,36.22151464749753,23.885118081010106,-1.2277447092194347,0.7694290778070617,0.8537952682196089,292.25240478515633,263.69799195556664,-0.09770462915636542,0.740019714144899,1311.998123358878,23.885118081010106,0.3073669314807291
0.893,1312.0913683596361,36.222801774015714,23.885133357043298,-1.2350225025618677,0.7694126909041905,0.853786946005628,292.25240478515633,263.661406832886,-0.09782981246395038,0.740019714144899,1312.0913683596361,23.885133357043298,0.30739158709138253
0.894,1312.1850289606018,36.2240945913159,23.88514863307648,-1.242300295904301,0.769396230963621,0.8537815114894239,292.25240478515633,263.6248217102053,-0.09795499577153532,0.740019714144899,1312.1850289606018,23.88514863307648,0.3074162654631472
0.895,1312.2791051617744,36.225393098788786,23.88516522419032,-1.2495780892467343,0.7693796979853533,0.8537734518408736,292.25240478515633,263.59827580261253,-0.09804582789869025,0.740019714144899,1312.2791051617744,23.88516522419032,0.3074409753600139
0.896,1312.3735969631546,36.22669729582252,23.885189528122226,-1.2568558825891674,0.7693630919693872,0.8537629159788827,292.25240478515633,263.57431601562524,-0.09812781109744238,0.7397732873336619,1312.3735969631546,23.885189528122226,0.3074657594273394
0.897,1312.4685043647412,36.2280071818026,23.885222739332313,-1.264133675931601,0.769346412915723,0.8537546346383031,292.25240478515633,263.55035622863795,-0.09820979429619452,0.7399556322405718,1312.4685043647412,23.885222739332313,0.3074906256250278
0.898,1312.5638273665352,36.229322756112005,23.8852559505424,-1.2714114692740337,0.7693296608243607,0.8537435268096724,292.25240478515633,263.5263964416506,-0.09829177749494684,0.7395268605224249,1312.5638273665352,23.8852559505424,0.30751551457401766
0.899,1312.6595659685365,36.230644018131066,23.885294785367098,-1.2786892626164668,0.7693128356953,0.8537380831391113,292.25240478515633,263.50243665466337,-0.09837376069369878,0.7392804337111878,1312.6595659685365,23.885294785367098,0.3075404637592732
0.9,1312.7557201707446,36.23197096723755,23.885334096623865,-1.2859670559588994,0.7692959375285411,0.8537259706800163,292.25240478515633,263.478476867676,-0.09845574389245113,0.7392804337111878,1312.7557201707446,23.885334096623865,0.3075654388667954
0.901,1312.8522899731604,36.233303602806636,23.885373407880632,-1.2932448493013333,0.7692789663240839,0.8537161183032036,292.25240478515633,263.45451708068873,-0.09853772709120326,0.7392804337111878,1312.8522899731604,23.885373407880632,0.30759043671815284
0.902,1312.9492753757831,36.23464192421091,23.885413407890518,-1.3005226426437668,0.7692619220819285,0.85370475214504,292.25240478515633,263.43055729370144,-0.09861971028995539,0.7392804337111878,1312.9492753757831,23.885413407890518,0.30761546190211675
0.903,1313.0466763786128,36.235985930820384,23.88545936887153,-1.3078004359861992,0.7692448048020749,0.8536929310394195,292.25240478515633,263.40659750671415,-0.09870169348870753,0.7390983000739099,1313.0466763786128,23.88545936887153,0.3076405495611735
0.904,1313.1444929816496,36.237335622002476,23.88551082165413,-1.3150782293286325,0.769227614484523,0.8536846305871122,292.25240478515633,263.37793652343777,-0.09879976276994218,0.7388519339738852,1313.1444929816496,23.88551082165413,0.30766569656527315
0.905,1313.2427251848937,36.238690997122035,23.88557885861008,-1.3223560226710658,0.7692103511292729,0.8536756178013564,292.25240478515633,263.34686103820826,-0.09890609375206824,0.7390340068999507,1313.2427251848937,23.88557885861008,0.307690976854469
0.906,1313.341372988345,36.24005205554133,23.88565413668988,-1.3296338160134984,0.7691930147363245,0.8536670935491089,292.25240478515633,263.31578555297875,-0.0990124247341943,0.7390340068999507,1313.341372988345,23.88565413668988,0.3077163281447318
0.907,1313.440436392003,36.241418796620025,23.885729738260114,-1.3369116093559321,0.769175605305678,0.8536540545325645,292.25240478515633,263.2847100677493,-0.09911875571632016,0.7390340068999507,1313.440436392003,23.885729738260114,0.30774170432003034
0.908,1313.5399153958685,36.242791219715244,23.885805339830352,-1.3441894026983656,0.7691581228373332,0.8536413311004356,292.25240478515633,263.2536345825198,-0.09922508669844622,0.7390340068999507,1313.5399153958685,23.885805339830352,0.30776710322138134
0.909,1313.6398099999412,36.24416932418153,23.885880941400586,-1.3514671960407985,0.7691405673312901,0.8536267118129997,292.25240478515633,263.224768942261,-0.0993238562544402,0.7387875800887137,1313.6398099999412,23.885880941400586,0.30779252484620323
0.91,1313.740120204221,36.245553109370825,23.885957437941244,-1.3587449893832315,0.7691229387875488,0.8536135405200106,292.25240478515633,263.21473733520537,-0.09935818140246762,0.7387875800887137,1313.740120204221,23.885957437941244,0.3078179751578449
0.911,1313.8408460087078,36.24694257463252,23.88604212332581,-1.366022782725665,0.7691052372061092,0.8536003193598659,292.25240478515633,263.2047057281497,-0.09939250655049525,0.7387875800887137,1313.8408460087078,23.88604212332581,0.30784350277521944
0.912,1313.9419874134019,36.24833771931345,23.886133923894448,-1.373300576068098,0.7690874625869715,0.8535892276316613,292.25240478515633,263.194674121094,-0.09942683169852287,0.7382947264662395,1313.9419874134019,23.886133923894448,0.3078691005386162
0.913,1314.043544418303,36.24973854275784,23.886233139571587,-1.380578369410531,0.7690696149301355,0.8535801956338009,292.25240478515633,263.18464251403833,-0.0994611568465505,0.7382947264662395,1314.043544418303,23.886233139571587,0.30789477044473146
0.914,1314.1455170234112,36.25114504430738,23.88633285910599,-1.3878561627529646,0.7690516942356012,0.8535695978393721,292.25240478515633,263.17461090698265,-0.09949548199457812,0.7382947264662395,1314.1455170234112,23.88633285910599,0.30792046642000603
0.915,1314.2479052287265,36.25255722330118,23.886433199064445,-1.3951339560953975,0.7690337005033687,0.8535602567213573,292.25240478515633,263.16457929992697,-0.09952980714260574,0.7384767069263002,1314.2479052287265,23.886433199064445,0.30794618923883943
0.916,1314.3507090342491,36.2539750790758,23.88653817456816,-1.4024117494378308,0.769015633733438,0.8535485977040683,292.25240478515633,263.1545476928713,-0.09956413229063338,0.7384767069263002,1314.3507090342491,23.88653817456816,0.3079719656636816
0.917,1314.4539284399789,36.25539861096522,23.886650001272695,-1.4096895427802634,0.768997493925809,0.8535393764157848,292.25240478515633,263.14451608581567,-0.0995984574386608,0.7384767069263002,1314.4539284399789,23.886650001272695,0.30799781046159713
0.918,1314.5575634459155,36.25682781830086,23.88676367803822,-1.4169673361226962,0.7689792810804817,0.8535284040957293,292.25240478515633,263.13448447876,-0.09963278258668844,0.7384122287968442,1314.5575634459155,23.88676367803822,0.30802369029193344
0.919,1314.6616140520596,36.258262700411606,23.886883018968494,-1.4242451294651295,0.7689609951974563,0.8535133555572775,292.25240478515633,263.1244528717043,-0.09966710773471606,0.7384122287968442,1314.6616140520596,23.886883018968494,0.3080496305771121
0.92,1314.7660802584107,36.259703256623744,23.887011365229377,-1.4315229228075632,0.7689426362767326,0.8535000679477425,292.25240478515633,263.1144212646487,-0.0997014328827435,0.7381656804733728,1314.7660802584107,23.887011365229377,0.30807565358690403
0.921,1314.870962064969,36.26114948626104,23.887142726668404,-1.4388007161499965,0.7689242043183107,0.8534883116453342,292.25240478515633,263.104931629944,-0.09973390356407677,0.738347718865598,1314.870962064969,23.887142726668404,0.30810171938779285
0.922,1314.9762594717345,36.26260138864467,23.887276099927192,-1.4460785094924302,0.7689056993221906,0.8534777656653695,292.25240478515633,263.1019540802004,-0.09974409184548987,0.738347718865598,1314.9762594717345,23.887276099927192,0.30812782128860017
0.923,1315.081972478707,36.26405896309329,23.887416812535147,-1.4533563028348624,0.7688871212883721,0.8534610793200885,292.25240478515633,263.09897653045675,-0.09975428012690316,0.738347718865598,1315.081972478707,23.887416812535147,0.30815399480031697
0.924,1315.1881010858865,36.26552220892299,23.887558961168367,-1.460634096177295,0.7688684702168556,0.8534472328129631,292.25240478515633,263.0959989807131,-0.09976446840831645,0.738347718865598,1315.1881010858865,23.887558961168367,0.30818020056820183
0.925,1315.2946452932733,36.266991125447305,23.887701563969934,-1.4679118895197285,0.7688497461076407,0.8534378547763898,292.25240478515633,263.09302143096943,-0.09977465668972973,0.738347718865598,1315.2946452932733,23.887701563969934,0.30820643204437637
0.926,1315.4016051008673,36.26846571197722,23.887851071462567,-1.4751896828621616,0.7688309489607275,0.8534259656956531,292.25240478515633,263.0900438812257,-0.09978484497114322,0.7381011097410605,1315.4016051008673,23.887851071462567,0.30823273222575964
0.927,1315.5089805086684,36.26994596782119,23.888007414432472,-1.482467476204595,0.7688120787761161,0.8534118395590544,292.25240478515633,263.0870663314821,-0.09979503325255631,0.7381011097410605,1315.5089805086684,23.888007414432472,0.3082591006482013
0.928,1315.6167715166769,36.2714318922851,23.88816595922285,-1.4897452695470286,0.7687931355538065,0.8533993156557743,292.25240478515633,263.0840887817384,-0.0998052215339698,0.7381011097410605,1315.6167715166769,23.88816595922285,0.3082855064206165
0.929,1315.724978124892,36.27292348467231,23.888325343150203,-1.497023062889462,0.7687741192937987,0.8533891617472874,292.25240478515633,263.0811112319948,-0.0998154098153829,0.7381011097410605,1315.724978124892,23.888325343150203,0.30831194045646715
0.93,1315.8336003333143,36.274420744283624,23.88848575758071,-1.504300856231895,0.7687550299960927,0.8533763407289089,292.25240478515633,263.0781336822511,-0.09982559809679618,0.7381011097410605,1315.8336003333143,23.88848575758071,0.30833840402861823
0.931,1315.9426381419441,36.27592367041733,23.888648446468405,-1.511578649574328,0.7687358676606884,0.8533607061108501,292.25240478515633,263.07515613250746,-0.09983578637820947,0.7381011097410605,1315.9426381419441,23.888648446468405,0.3083649054265554
0.932,1316.0520915507807,36.27743226236913,23.888815410577354,-1.518856442916761,0.7687166322875858,0.8533499410085004,292.25240478515633,263.0721785827638,-0.09984597465962276,0.7382831771090281,1316.0520915507807,23.888815410577354,0.308391457984707
0.933,1316.1619605598246,36.27894651943224,23.88898821902304,-1.5261342362591945,0.768697323876785,0.8533396247507027,292.25240478515633,263.0692010330201,-0.09985616294103625,0.7384653343202566,1316.1619605598246,23.88898821902304,0.3084180721600893
0.934,1316.2722451690759,36.28046644089731,23.889164593862624,-1.5334120296016274,0.7686779424282859,0.8533283266680322,292.25240478515633,263.0662234832765,-0.09986635122244934,0.7384007897334649,1316.2722451690759,23.889164593862624,0.308444732764925
0.935,1316.382945378534,36.28199202605246,23.88934581304823,-1.5406898229440602,0.7686584879420887,0.8533109029151976,292.25240478515633,263.0632459335328,-0.09987653950386263,0.7382186035035776,1316.382945378534,23.88934581304823,0.3084714483152929
0.936,1316.4940611881993,36.283523274183274,23.88953123169633,-1.5479676162864935,0.7686389604181931,0.8532995950959851,292.25240478515633,263.06026838378915,-0.09988672778527592,0.7382186035035776,1316.4940611881993,23.88953123169633,0.3084982145094929
0.937,1316.6055925980716,36.28506018457282,23.889720773943164,-1.5552454096289272,0.7686193598565995,0.8532884295908896,292.25240478515633,263.0572908340455,-0.09989691606668921,0.7382186035035776,1316.6055925980716,23.889720773943164,0.3085250308389439
0.9380000000000001,1316.7175396081516,36.28660275650163,23.889916589683875,-1.5625232029713605,0.7685996862573075,0.853277214138337,292.25240478515633,263.0543132843018,-0.0999071043481025,0.7379718726868986,1316.7175396081516,23.889916589683875,0.30855191163213275
0.9390000000000001,1316.829902218438,36.28815098924769,23.89011431438446,-1.569800996313793,0.7685799396203172,0.8532636643247278,292.25240478515633,263.05133573455817,-0.09991729262951579,0.7379718726868986,1316.829902218438,23.89011431438446,0.30857882779185625
0.9400000000000001,1316.9426804289321,36.28970488208649,23.890315206751225,-1.5770787896562257,0.7685601199456288,0.8532532162923687,292.25240478515633,263.04835818481445,-0.09992748091092928,0.7379718726868986,1316.9426804289321,23.890315206751225,0.30860578770584846
0.9410000000000001,1317.0558742396327,36.29126443429097,23.890517052800288,-1.5843565829986594,0.7685402272332421,0.8532381115228771,292.25240478515633,263.04538063507084,-0.09993766919234236,0.7381539980256664,1317.0558742396327,23.890517052800288,0.30863277661261657
0.9420000000000001,1317.169483650541,36.29282964513157,23.890729120570885,-1.5916343763410925,0.7685202614831572,0.8532226508777536,292.25240478515633,263.0424030853272,-0.09994785747375565,0.7381539980256664,1317.169483650541,23.890729120570885,0.3086598562906968
0.9430000000000001,1317.2835086616562,36.29440051387619,23.890944634408108,-1.5989121696835256,0.768500222695374,0.8532109429569255,292.25240478515633,263.0394255355835,-0.09995804575516894,0.7381539980256664,1317.2835086616562,23.890944634408108,0.3086869815701302
0.9440000000000001,1317.3979492729786,36.295977039790216,23.891162348087555,-1.6061899630259588,0.7684801108698925,0.8531967664713628,292.25240478515633,263.03206209716797,-0.09998324123104865,0.7384007897334649,1317.3979492729786,23.891162348087555,0.308714144140552
0.9450000000000001,1317.5128054845084,36.29755922213653,23.891381168257432,-1.6134677563683917,0.7684599260067129,0.8531875060562328,292.25240478515633,262.9883803253174,-0.1001327071418003,0.7384007897334649,1317.5128054845084,23.891381168257432,0.30874133671064774
0.9460000000000001,1317.6280772962448,36.29914706017546,23.891602495939765,-1.6207455497108252,0.7684396681058351,0.8531753793837942,292.25240478515633,262.9238501037598,-0.10035351018910134,0.7384007897334649,1317.6280772962448,23.891602495939765,0.30876856861677837
0.9470000000000001,1317.7437647081888,36.30074055316487,23.891832760614513,-1.6280233430532578,0.7684193371672589,0.8531613932727231,292.25240478515633,262.85931988220216,-0.10057431323640237,0.7387654320987654,1317.7437647081888,23.891832760614513,0.30879588271537795
0.9480000000000001,1317.85986772034,36.302339700360086,23.892063025289264,-1.6353011363956915,0.7683989331909845,0.8531522176759236,292.25240478515633,262.83353626708987,-0.10066253702751624,0.7387654320987654,1317.85986772034,23.892063025289264,0.3088232194287969
0.9490000000000001,1317.976386332698,36.30394450101391,23.892293289964012,-1.6425789297381248,0.768378456177012,0.8531417835557784,292.25240478515633,262.8235046600342,-0.10069686217554386,0.7389478883674981,1317.976386332698,23.892293289964012,0.30885057875404687
0.9500000000000001,1318.093320545263,36.30555495437665,23.892526095354945,-1.6498567230805576,0.7683579061253412,0.8531291202894569,292.25240478515633,262.8118081665039,-0.10073688406531711,0.738700913805878,1318.093320545263,23.892526095354945,0.30887797762473657
0.9510000000000001,1318.210670358036,36.307171059696124,23.892764220300133,-1.657134516422991,0.7683372830359719,0.853114589996023,292.25240478515633,262.74879298706054,-0.10095250309329293,0.738700913805878,1318.210670358036,23.892764220300133,0.3089054345618034
0.9520000000000001,1318.3284357710152,36.308792816217604,23.89301223678729,-1.6644123097654235,0.7683165869089047,0.8531024154238123,292.25240478515633,262.66092885742194,-0.10125314776960687,0.738700913805878,1318.3284357710152,23.89301223678729,0.30893298003944647
0.9530000000000001,1318.4466167842018,36.31042022318389,23.89327429023525,-1.671690103107856,0.7682958177441391,0.8530892758900182,292.25240478515633,262.5640624298096,-0.10158459560725096,0.738700913805878,1318.4466167842018,23.89327429023525,0.30896064168831433
0.9540000000000001,1318.5652133975955,36.31205327983527,23.893548510733744,-1.6789678964502903,0.7682749755416753,0.8530740771076883,292.25240478515633,262.46719600219734,-0.10191604344489485,0.7383893280632411,1318.5652133975955,23.893548510733744,0.3089884070404044
0.9550000000000001,1318.6842256111966,36.313691985409534,23.89382813226703,-1.686245689792724,0.7682540603015133,0.8530620072886251,292.25240478515633,262.370329574585,-0.10224749128253895,0.7383893280632411,1318.6842256111966,23.89382813226703,0.3090162309898927
0.9560000000000001,1318.8036534250043,36.31533633914196,23.894110017839107,-1.6935234831351564,0.768233072023653,0.8530534670363279,292.25240478515633,262.2785478881837,-0.10256154066211129,0.7383246849518161,1318.8036534250043,23.894110017839107,0.3090440926222669
0.9570000000000001,1318.9234968390194,36.316986340265345,23.894397189178047,-1.7008012764775904,0.7682120107080945,0.8530377953993341,292.25240478515633,262.2140176666261,-0.10278234370941233,0.7383246849518161,1318.9234968390194,23.894397189178047,0.3090720120775273
0.9580000000000001,1319.043755853242,36.318641988009986,23.89468745994425,-1.7080790698200232,0.7681908763548377,0.8530280939489611,292.25240478515633,262.1494874450685,-0.10300314675671336,0.7382600098863075,1319.043755853242,23.89468745994425,0.3090999747782896
0.9590000000000001,1319.1644304676715,36.320303281603685,23.89497853196976,-1.7153568631624556,0.7681696689638828,0.8530135105763164,292.25240478515633,262.08495722351086,-0.10322394980401439,0.7382600098863075,1319.1644304676715,23.89497853196976,0.30912796540170273
0.96,1319.285520682308,36.32197022027175,23.895269603995267,-1.722634656504888,0.7681483885352296,0.8530001479452191,292.25240478515633,262.0204270019533,-0.10344475285131524,0.7382600098863075,1319.285520682308,23.895269603995267,0.3091559786034129
0.961,1319.407026497152,36.323642803237014,23.895561267865975,-1.7299124498473206,0.7681270350688781,0.852988634554479,292.25240478515633,261.9558967803957,-0.10366555589861627,0.7382600098863075,1319.407026497152,23.895561267865975,0.3091840183255966
0.962,1319.5289479122027,36.32532102971979,23.8958551276638,-1.7371902431897548,0.7681056085648283,0.8529731151688977,292.25240478515633,261.89136655883806,-0.1038863589459173,0.7382600098863075,1319.5289479122027,23.8958551276638,0.30921209525806764
0.963,1319.6512849274611,36.32700489893794,23.89615525671347,-1.744468036532188,0.7680841090230804,0.8529605479831748,292.25240478515633,261.82683633728044,-0.10410716199321834,0.7386251236399605,1319.6512849274611,23.89615525671347,0.30924023655079
0.964,1319.774037542926,36.32869441010681,23.896456354000165,-1.751745829874621,0.7680625364436343,0.8529450637695971,292.25240478515633,261.7623061157228,-0.10432796504051937,0.73837784371909,1319.774037542926,23.896456354000165,0.3092684068636574
0.965,1319.8972057585984,36.3303895624393,23.89676736661249,-1.7590236232170542,0.7680408908264899,0.8529310388528852,292.25240478515633,261.70837544250503,-0.1045124996152047,0.73837784371909,1319.8972057585984,23.89676736661249,0.30929666583549476
0.966,1320.020789574478,36.332090355145795,23.897086066576957,-1.7663014165594875,0.7680191721716472,0.8529120903977125,292.25240478515633,261.691714984131,-0.10456950670257587,0.7385604748948801,1320.020789574478,23.897086066576957,0.3093249986113032
0.967,1320.1447889905644,36.33379678743421,23.89741077600387,-1.7735792099019203,0.7679973804791063,0.8528947063539094,292.25240478515633,261.675054525757,-0.10462651378994703,0.7383131338115261,1320.1447889905644,23.89741077600387,0.30935339400297435
0.968,1320.2692040068582,36.335508858509996,23.8977419204274,-1.7808570032443536,0.7679755157488671,0.8528822434796764,292.25240478515633,261.65839406738297,-0.10468352087731819,0.7383131338115261,1320.2692040068582,23.8977419204274,0.3093818548439734
0.969,1320.394034623359,36.33722656757611,23.898075148800764,-1.7881347965867864,0.7679535779809298,0.8528676124682393,292.25240478515633,261.64173360900895,-0.10474052796468934,0.7384957941613063,1320.394034623359,23.898075148800764,0.30941035212670387
0.97,1320.5192808400668,36.33894991383305,23.89841134475799,-1.79541258992922,0.7679315671752942,0.8528542411043672,292.25240478515633,261.62507315063493,-0.1047975350520605,0.7386785449146251,1320.5192808400668,23.89841134475799,0.3094388917383396
0.971,1320.644942656982,36.340678896478835,23.898750838966098,-1.802690383271653,0.7679094833319603,0.8528384514845738,292.25240478515633,261.6084126922609,-0.10485454213943167,0.7388613861386139,1320.644942656982,23.898750838966098,0.30946747587992446
0.972,1320.7710200741044,36.342413514709015,23.899099848013957,-1.8099681766140867,0.7678873264509282,0.8528272443432138,292.25240478515633,261.59175223388684,-0.10491154922680303,0.7390443179004704,1320.7710200741044,23.899099848013957,0.30949614598849495
0.973,1320.897513091434,36.34415376771667,23.899452278303237,-1.8172459699565189,0.7678650965321979,0.8528108914694801,292.25240478515633,261.5750917755128,-0.10496855631417419,0.7387967318643228,1320.897513091434,23.899452278303237,0.309524861440434
0.974,1321.0244217089703,36.34589965469242,23.899810260123843,-1.8245237632989524,0.7678427935757693,0.852794511293278,292.25240478515633,261.5584313171388,-0.10502556340154535,0.7383015597920277,1321.0244217089703,23.899810260123843,0.30955363643317874
0.975,1321.151745926714,36.347651174824406,23.900168762248395,-1.831801556641386,0.7678204175816425,0.8527828063621982,292.25240478515633,261.5417708587648,-0.10508257048891652,0.7383015597920277,1321.151745926714,23.900168762248395,0.30958243742493785
0.976,1321.279485744665,36.34940832729833,23.900527264372943,-1.8390793499838187,0.7677979685498175,0.8527673338339489,292.25240478515633,261.52511040039076,-0.10513957757628767,0.7383015597920277,1321.279485744665,23.900527264372943,0.30961126094406866
0.977,1321.4076411628228,36.351171111297404,23.900885766497492,-1.846357143326252,0.7677754464802942,0.8527457904798987,292.25240478515633,261.5084499420167,-0.10519658466365903,0.7383015597920277,1321.4076411628228,23.900885766497492,0.30964010698730443
0.978,1321.536212181188,36.3529395260024,23.901245390514465,-1.8536349366686846,0.7677528513730727,0.8527317202932849,292.25240478515633,261.4917894836427,-0.10525359175103,0.7383015597920277,1321.536212181188,23.901245390514465,0.30966898302998863
0.979,1321.6651987997604,36.35471357059165,23.901609945694915,-1.8609127300111181,0.7677301832281529,0.8527187642079889,292.25240478515633,261.47512902526864,-0.10531059883840135,0.7380539737558802,1321.6651987997604,23.901609945694915,0.30969791446172545
0.98,1321.7946010185394,36.35649324424097,23.90197747340432,-1.8681905233535514,0.767707442045535,0.8527038741643818,292.25240478515633,261.4584685668946,-0.10536760592577252,0.7380539737558802,1321.7946010185394,23.90197747340432,0.3097268882228117
0.981,1321.924418837526,36.3582785461238,23.902350296032207,-1.8754683166959847,0.7676846278252187,0.8526872539272103,292.25240478515633,261.4418081085206,-0.10542461301314368,0.7382367508667658,1321.924418837526,23.902350296032207,0.30975591979116673
0.982,1322.0546522567197,36.360069475411066,23.902723984001852,-1.8827461100384177,0.7676617405672042,0.8526726563211463,292.25240478515633,261.4251476501466,-0.10548162010051484,0.7379891035165924,1322.0546522567197,23.902723984001852,0.30978497963557916
0.983,1322.1853012761205,36.36186603127128,23.903101802993096,-1.890023903380851,0.7676387802714915,0.8526615531499954,292.25240478515633,261.40848719177256,-0.105538627187886,0.7379891035165924,1322.1853012761205,23.903101802993096,0.3098140895219936
0.984,1322.3163658957283,36.3636682128705,23.903495619060536,-1.8973016967232836,0.7676157469380807,0.85264774014862,292.25240478515633,261.3918267333985,-0.10559563427525735,0.7381719098340351,1322.3163658957283,23.903495619060536,0.3098433285470966
0.985,1322.4478461155436,36.36547601937232,23.90389455840219,-1.904579490065718,0.7675926405669713,0.8526331194960606,292.25240478515633,261.3751662750245,-0.10565264136262832,0.73792420113946,1322.4478461155436,23.90389455840219,0.3098726242219521
0.986,1322.5797419355658,36.36728944993792,23.904299264689744,-1.911857283408151,0.7675694611581639,0.8526201238422604,292.25240478515633,261.35850581665045,-0.10570964844999968,0.7381070366699702,1322.5797419355658,23.904299264689744,0.3099019808339696
0.987,1322.7120533557952,36.369108503726004,23.904714788080298,-1.9191350767505835,0.7675462087116582,0.8526030894105816,292.25240478515633,261.34184535827643,-0.10576665553737084,0.73792420113946,1322.7120533557952,23.904714788080298,0.30993143204451523
0.988,1322.8447803762317,36.370933179892866,23.90513820588585,-1.9264128700930163,0.7675228832274543,0.8525897204356753,292.25240478515633,261.3251848999024,-0.10582366262474201,0.73792420113946,1322.8447803762317,23.90513820588585,0.3099609583673542
0.989,1322.9779229968751,36.372763477592336,23.905566243933944,-1.9336906634354494,0.7674994847055522,0.8525721710714104,292.25240478515633,261.3085244415284,-0.10588066971211317,0.7378592666005946,1322.9779229968751,23.905566243933944,0.3099905379732195
0.99,1323.111481217726,36.37459939597584,23.90599428198204,-1.9409684567778822,0.7674760131459518,0.8525542667549796,292.25240478515633,261.29186398315437,-0.10593767679948432,0.737611496531219,1323.111481217726,23.90599428198204,0.31002014005982914
0.991,1323.2454550387836,36.37644093419233,23.906422320030135,-1.948246250120316,0.7674524685486532,0.8525409335543374,292.25240478515633,261.2752035247803,-0.10599468388685568,0.7373637264618434,1323.2454550387836,23.906422320030135,0.31004976462377914
0.992,1323.3798444600488,36.37828809138837,23.90685035807823,-1.9555240434627492,0.7674288509136564,0.8525234616608267,292.25240478515633,261.2585430664063,-0.10605169097422684,0.7373637264618434,1323.3798444600488,23.90685035807823,0.3100794116616561
0.993,1323.514649481521,36.38014086670805,23.907286101319286,-1.9628018368051827,0.7674051602409613,0.8525083663066717,292.25240478515633,261.24188260803226,-0.106108698061598,0.7373637264618434,1323.514649481521,23.907286101319286,0.3101091325334388
0.994,1323.6498701032006,36.38199925929306,23.907733583353323,-1.9700796301476158,0.7673813965305678,0.852495808455984,292.25240478515633,261.2252221496583,-0.10616570514896898,0.7373637264618434,1323.6498701032006,23.907733583353323,0.31013895412397874
0.995,1323.7855063250865,36.38386326828264,23.90818221466897,-1.9773574234900493,0.7673575597824764,0.8524850204476663,292.25240478515633,261.2085616912842,-0.10622271223634033,0.7373637264618434,1323.7855063250865,23.90818221466897,0.31016880583934525
0.996,1323.9215581471803,36.385732892813635,23.908633244193386,-1.9846352168324821,0.7673336499966865,0.8524709208105222,292.25240478515633,261.1919012329102,-0.1062797193237115,0.7373637264618434,1323.9215581471803,23.908633244193386,0.3101986960015294
0.997,1324.058025569481,36.38760813202045,23.90909039187831,-1.9919130101749143,0.7673096671731985,0.8524518116522167,292.25240478515633,261.1752407745362,-0.10633672641108266,0.737546468401487,1324.058025569481,23.90909039187831,0.3102286494045502
0.998,1324.1949085919891,36.38948898503508,23.909550299938875,-1.9991908035173485,0.7672856113120121,0.8524376487175116,292.25240478515633,261.1585803161621,-0.106393733498454,0.737546468401487,1324.1949085919891,23.909550299938875,0.31025864366168676
0.999,1324.332207214704,36.39137545098707,23.910010207999438,-2.006468596859781,0.7672614824131276,0.8524224575236619,292.25240478515633,261.1419198577881,-0.10645074058582517,0.7379122241507563,1324.332207214704,23.910010207999438,0.3102886603685836
1.0,1324.4699214376262,36.39326752900358,23.910471611471543,-2.0137463902022144,0.7672372804765448,0.8524094908255829,292.25240478515633,261.12525939941406,-0.10650774767319633,0.7379122241507563,1324.4699214376262,23.910471611471543,0.3103187094902768
